,date,open,close,high,low,volume,dopen,dclose,dhigh,dlow,dvolume,price
0,2010-08-06,0.0427532158900426,0.0432482144777241,0.0425838158320681,0.0438249668555125,0.1188615242402733,0.0427532158900426,0.0432482144777241,0.0425838158320681,0.0438249668555125,0.1188615242402733,0.0432482144777241
1,2010-08-09,0.0434875751018445,0.0435427843179759,0.0424665081700038,0.044087308162355,0.0802561859328832,0.0007343592118018993,0.0002945698402517932,-0.00011730766206429627,0.00026234130684250206,-0.0386053383073901,0.0435427843179759
2,2010-08-10,0.0427265209179829,0.0420833354553898,0.0417105140079509,0.0428860669894881,0.1890196596292567,-0.0007610541838615967,-0.001459448862586095,-0.0007559941620529018,-0.0012012411728669,0.10876347369637351,0.0420833354553898
3,2010-08-11,0.0409373595229328,0.0398740728615462,0.0402767262722375,0.0408011473319818,0.2080850431653488,-0.0017891613950501012,-0.002209262593843603,-0.0014337877357133988,-0.002084919657506304,0.01906538353609208,0.0398740728615462
4,2010-08-12,0.0390487260484879,0.0393204492342269,0.0391454766878175,0.0398376729454076,0.1562866245192387,-0.0018886334744449007,-0.0005536236273192968,-0.0011312495844199993,-0.0009634743865742021,-0.051798418646110095,0.0393204492342269
5,2010-08-13,0.0396546550939881,0.0392934423288517,0.0393163586404145,0.0405060423989456,0.1290256020864627,0.0006059290455001989,-2.700690537520145e-05,0.000170881952596999,0.0006683694535380008,-0.027261022432776005,0.0392934423288517
6,2010-08-16,0.0389006210239279,0.0392259385150678,0.038790575737985,0.0399630046166727,0.1255467885970849,-0.0007540340700602013,-6.750381378389791e-05,-0.0005257829024295016,-0.0005430377822728955,-0.0034788134893777856,0.0392259385150678
7,2010-08-17,0.0395738716427155,0.0401441329488621,0.039408381280027,0.0405756723612603,0.1005760882124758,0.0006732506187876047,0.0009181944337942963,0.0006178055420420006,0.0006126677445875972,-0.024970700384609107,0.0401441329488621
8,2010-08-18,0.0398566326244464,0.0408867869809357,0.0400787639093469,0.0408959281212824,0.1458790709958567,0.0002827609817308979,0.000742654032073603,0.0006703826293198989,0.00032025576002209927,0.04530298278338091,0.0408867869809357
9,2010-08-19,0.0406645460198284,0.0404141930361779,0.0399999033251216,0.0411604978536628,0.1332018289562734,0.0008079133953819984,-0.0004725939447578001,-7.886058422530012e-05,0.0002645697323803986,-0.012677242039583314,0.0404141930361779
10,2010-08-20,0.0402605863334397,0.0401306250129565,0.0395135356539401,0.0408123822987859,0.1018594939007279,-0.0004039596863886982,-0.0002835680232214019,-0.0004863676711815007,-0.00034811555487689744,-0.031342335055545484,0.0401306250129565
11,2010-08-23,0.0402067089890894,0.0391719022882273,0.0396186765712809,0.0403667838518133,0.1271809643287499,-5.387734435029906e-05,-0.0009587227247292024,0.00010514091734080411,-0.0004455984469726032,0.02532147042802199,0.0391719022882273
12,2010-08-24,0.0384158582327931,0.038618287627344,0.0381464549102198,0.0394477787971967,0.1528449513873987,-0.0017908507562963,-0.0005536146608833004,-0.0014722216610611044,-0.0009190050546165965,0.025663987058648807,0.038618287627344
13,2010-08-25,0.0382408033380049,0.039212408163072,0.0382647515758635,0.0388629469663215,0.1482519271718855,-0.00017505489478820274,0.0005941205357280002,0.00011829666564370372,-0.0005848318308752029,-0.004593024215513192,0.039212408163072
14,2010-08-26,0.0393449465183354,0.038618287627344,0.0385276552518807,0.039573098462589,0.1057798649741668,0.0011041431803305024,-0.0005941205357280002,0.00026290367601719544,0.0007101514962675054,-0.04247206219771871,0.038618287627344
15,2010-08-27,0.0388197825802185,0.0393339123379522,0.0384093245186229,0.038779382189222,0.1565589871411828,-0.0005251639381168988,0.0007156247106082023,-0.00011833073325779458,-0.0007937162733670025,0.050779122167015994,0.0393339123379522
16,2010-08-30,0.038940980788193,0.0383617175430616,0.0384356271262863,0.0395591590046741,0.0779369769399646,0.00012119820797449471,-0.0009721947948906004,2.6302607663397648e-05,0.0007797768154520976,-0.0786220102012182,0.0383617175430616
17,2010-08-31,0.0379580398315202,0.0378216108180839,0.0375943640569278,0.038640158883771,0.1521888050708968,-0.0009829409566727981,-0.0005401067249777014,-0.0008412630693584999,-0.0009190001209030962,0.0742518281309322,0.0378216108180839
18,2010-09-01,0.0384966436070615,0.0391448953828521,0.0385407960789609,0.03958701868854,0.1313736980241329,0.0005386037755413034,0.0013232845647682054,0.0009464320220331016,0.0009468598047689958,-0.020815107046763898,0.0391448953828521
19,2010-09-02,0.0390083303756221,0.0401981377931764,0.0391717650454838,0.0402136298848883,0.1297519024116472,0.0005116867685605944,0.0010532424103242982,0.000630968966522899,0.0006266111963483048,-0.0016217956124857102,0.0401981377931764
20,2010-09-03,0.0407587615565156,0.0409812752840046,0.0400392974722499,0.0412440060175089,0.0902345619913834,0.0017504311808935052,0.0007831374908282007,0.0008675324267660989,0.0010303761326205946,-0.039517340420263794,0.0409812752840046
21,2010-09-07,0.039910470054454,0.0386992948938155,0.0392374706801917,0.0396705590894441,0.1712046681302718,-0.0008482915020616016,-0.002281980390189099,-0.0008018267920582023,-0.0015734469280647978,0.0809701061388884,0.0386992948938155
22,2010-09-08,0.0388332928740857,0.0388343518367816,0.0382516316676279,0.0393642515392479,0.1425777058813819,-0.0010771771803683022,0.00013505694296609555,-0.0009858390125637995,-0.0003063075501961998,-0.028626962248889887,0.0388343518367816
23,2010-09-09,0.0393045574489409,0.0390368812110054,0.0384225006865272,0.0398098176591567,0.11404153117314,0.0004712645748552041,0.00020252937422380463,0.00017086901889930284,0.0004455661199087996,-0.028536174708241907,0.0390368812110054
24,2010-09-10,0.0390756690144219,0.038388760314181,0.0382253454692078,0.0389047510296858,0.1204503062016143,-0.00022888843451900065,-0.0006481208968244015,-0.000197155217319403,-0.000905066629470902,0.006408775028474298,0.038388760314181
25,2010-09-13,0.0388198199219416,0.0395499989634799,0.0387774192285785,0.0401440088217016,0.1001304039220217,-0.00025584909248030363,0.0011612386492989013,0.0005520737593706984,0.0012392577920158007,-0.0203199022795926,0.0395499989634799
26,2010-09-14,0.0392372271511893,0.0402521381542727,0.0396581172435744,0.0402414693950254,0.1008732110727785,0.0004174072292476988,0.0007021391907927957,0.0008806980149959065,9.74605733238057e-05,0.000742807150756794,0.0402521381542727
27,2010-09-15,0.0398431576237377,0.0405221982415886,0.0395529593375475,0.0408541441437354,0.067191033492349,0.0006059304725484008,0.0002700600873159001,-0.0001051579060269009,0.0006126747487099973,-0.03368217758042949,0.0405221982415886
28,2010-09-16,0.0401528551186564,0.0419670093973271,0.0410251864724246,0.0415225153888151,0.3160355557022828,0.0003096974949187009,0.0014448111557385027,0.0014722271348770952,0.0006683712450797005,0.2488445222099338,0.0419670093973271
29,2010-09-17,0.041997575365152,0.0419265035224823,0.0412092202590691,0.0428453368489077,0.1726944091381786,0.0018447202464956028,-4.0505874844803946e-05,0.00018403378664449965,0.0013228214600925978,-0.1433411465641042,0.0419265035224823
30,2010-09-20,0.0419302579878025,0.04260165822399,0.0415641422657014,0.0429288921973925,0.1488791865436358,-6.73173773495031e-05,0.0006751547015077033,0.00035492200663229945,8.355534848480256e-05,-0.0238152225945428,0.04260165822399
31,2010-09-21,0.0424015344061954,0.0436008733739099,0.042497428840544,0.0436111850101061,0.2471649527079447,0.0004712764183929033,0.0009992151499199006,0.0009332865748426025,0.0006822928127135988,0.0982857661643089,0.0436008733739099
32,2010-09-22,0.0431151816044837,0.0432227856650932,0.0426683058895819,0.0440010658607078,0.2189341542727918,0.0007136471982883003,-0.00037808770881669895,0.00017087704903789858,0.00038988085060170236,-0.028230798435152887,0.0432227856650932
33,2010-09-23,0.0425900457451832,0.0443030260143567,0.0438776422747029,0.0437782799231384,0.2274970700384609,-0.0005251358593005018,0.0010802403492634963,0.0012093363851210029,-0.00022278593756940024,0.008562915765669088,0.0443030260143567
34,2010-09-24,0.0445559267419461,0.0451671887045286,0.044285108805937,0.0460061600227355,0.2176466218781466,0.0019658809967628976,0.0008641626901719004,0.00040746653123410054,0.002227880099597096,-0.009850448160314301,0.0451671887045286
35,2010-09-27,0.0450137495298856,0.045653304034846,0.0447714831312431,0.0462289602986406,0.1174171770026906,0.00045782278793950193,0.0004861153303174007,0.00048637432530609925,0.00022280027590509954,-0.100229444875456,0.045653304034846
36,2010-09-28,0.0458485758738873,0.0471251131295236,0.0459939509670522,0.046785925451674,0.189605651937076,0.000834826344001699,0.0014718090946776036,0.0012224678358091004,0.0005569651530334049,0.07218847493438539,0.0471251131295236
37,2010-09-29,0.0468315411865534,0.0474221890886507,0.0464277449228581,0.0482619279866807,0.1806135587065251,0.0009829653126661037,0.000297075959127098,0.00043379395580590147,0.0014760025350066958,-0.00899209323055089,0.0474221890886507
38,2010-09-30,0.0475047958619809,0.0475707225849962,0.0469272528246943,0.0482897781653819,0.2023241610405902,0.0006732546754274968,0.00014853349634549873,0.0004995079018361992,2.7850178701202544e-05,0.021710602334065104,0.0475707225849962
39,2010-10-01,0.047747161641784,0.0472736511090871,0.0469798276322224,0.0482758446888475,0.1568189696439477,0.00024236577980309842,-0.00029707147590909977,5.257480752809962e-05,-1.3933476534402911e-05,-0.0455051913966425,0.0472736511090871
40,2010-10-04,0.0469257797444416,0.0462339211178864,0.0460070926440794,0.0473429018750595,0.1697479407735098,-0.0008213818973423978,-0.001039729991200701,-0.0009727349881430009,-0.0009329428137880014,0.012928971129562095,0.0462339211178864
41,2010-10-05,0.0466968934088218,0.0474762028994011,0.0463620224297266,0.0481505366279315,0.1539013882240306,-0.00022888633561980037,0.001242281781514698,0.00035492978564719696,0.0008076347528720024,-0.015846552549479198,0.0474762028994011
42,2010-10-06,0.047343203311769,0.0468550575254257,0.0462437052811689,0.0476631665083049,0.1476040342681699,0.0006463099029472008,-0.0006211453739753958,-0.00011831714855770059,-0.00048737011962660115,-0.006297353955860702,0.0468550575254257
43,2010-10-07,0.046858459528239,0.0472601431731815,0.0462437050210682,0.0477884859098613,0.1117924761889041,-0.0004847437835300006,0.00040508564775579986,-2.6010069792414825e-10,0.00012531940155640492,-0.035811558079265796,0.0472601431731815
44,2010-10-08,0.0459159119595703,0.0465174936243259,0.0454155844814475,0.0459643983854651,0.2631559399811822,-0.0009425475686686974,-0.0007426495488556048,-0.000828120539620697,-0.001824087524396202,0.1513634637922781,0.0465174936243259
45,2010-10-11,0.0463333265470832,0.0466120088267031,0.0461779857033119,0.0476213990190576,0.1138269424406992,0.00041741458751289734,9.451520237720168e-05,0.0007624012218643977,0.0016570006335924967,-0.149328997540483,0.0466120088267031
46,2010-10-12,0.046185203921318,0.0468415495895201,0.0458887906792121,0.0475517720108389,0.1628192007395058,-0.00014812262576519714,0.0002295407628170043,-0.0002891950240997976,-6.962700821869922e-05,0.04899225829880659,0.0468415495895201
47,2010-10-13,0.0469258051817714,0.0472061517785212,0.0462042929502341,0.0481226953160652,0.1081692279757679,0.0007406012604533954,0.0003646021890010981,0.00031550227102199874,0.0005709233052263035,-0.054649972763737883,0.0472061517785212
48,2010-10-14,0.0468719487615829,0.0472061517785212,0.0463883206182673,0.0482758591491866,0.0927931199551014,-5.385642018850001e-05,0.0,0.00018402766803320147,0.0001531638331213961,-0.01537610802066651,0.0472061517785212
49,2010-10-15,0.0474509386551469,0.0481648476039423,0.0469403947194411,0.0483176267683851,0.1609704362753998,0.0005789898935640025,0.000958695825421102,0.0005520741011737981,4.176761919850308e-05,0.06817731632029841,0.0481648476039423
50,2010-10-18,0.0481107189900777,0.0481378406985671,0.0469929699749182,0.0489302921921347,0.0950834420032683,0.0006597803349307971,-2.700690537520145e-05,5.257525547709696e-05,0.0006126654237495963,-0.0658869942721315,0.0481378406985671
51,2010-10-19,0.0473970781185983,0.0474762028994011,0.0475976401459096,0.0484707969170131,0.1564145524174246,-0.0007136408714793971,-0.0006616377991660038,0.0006046701709914032,-0.0004594952751215964,0.0613311104141563,0.0474762028994011
52,2010-10-20,0.0475586451612981,0.0480568154992235,0.0470586875842758,0.0487631950130897,0.0977204073884551,0.00016156704269980338,0.0005806125998224013,-0.0005389525616337973,0.00029239809607659734,-0.05869414502896951,0.0480568154992235
53,2010-10-21,0.0481241784058251,0.0484754045996669,0.0474267452292959,0.0494594115798801,0.136230831448804,0.0005655332445269959,0.0004185891004434006,0.00036805764502009786,0.0006962165667903988,0.038510424060348894,0.0484754045996669
54,2010-10-22,0.0484742728591766,0.0485969356738552,0.0475844871273437,0.0497657546258337,0.1470469289051022,0.0003500944533514974,0.00012153107418830245,0.00015774189804779876,0.0003063430459536026,0.010816097456298218,0.0485969356738552
55,2010-10-25,0.0487704983382476,0.0497041649956218,0.0487149402740761,0.0503505681638802,0.1277050560406728,0.0002962254790710023,0.0011072293217666007,0.0011304531467324005,0.0005848135380464997,-0.0193418728644294,0.0497041649956218
56,2010-10-26,0.0493225740724375,0.0485969356738552,0.0482154410377663,0.0498214481292521,0.1446328056651425,0.0005520757341899024,-0.0011072293217666007,-0.0004994992363097986,-0.0005291200346281,0.01692774962446969,0.0485969356738552
57,2010-10-27,0.0480568760573159,0.0493666235106122,0.0480840165963748,0.0495151383459208,0.1320092108086694,-0.001265698015121601,0.0007696878367569951,-0.00013142444139150472,-0.00030630978333130027,-0.012623594856473103,0.0493666235106122
58,2010-10-28,0.0481780411011594,0.047908286486096,0.0475713409672065,0.0493062489579571,0.2593428632739638,0.00012116504384349774,-0.0014583370245161986,-0.000512675629168298,-0.00020888938796369966,0.12733365246529438,0.047908286486096
59,2010-10-29,0.0477202303280402,0.0482323603841622,0.0471375643329858,0.0489024425769487,0.177918819431835,-0.0004578107731191966,0.0003240738980661989,-0.00043377663422070056,-0.00040380638100839805,-0.08142404384212878,0.0482323603841622
60,2010-11-01,0.048164580244804,0.0480163141075968,0.0473084491818061,0.0491113104087065,0.1410219375711857,0.0004443499167638004,-0.00021604627656540004,0.00017088484882030186,0.00020886783175779605,-0.036896881860649294,0.0480163141075968
61,2010-11-02,0.0481511119725512,0.0484213997553525,0.0472032873691325,0.0489442189385223,0.1183374325283504,-1.3468272252799285e-05,0.0004050856477557027,-0.00010516181267360147,-0.0001670914701841983,-0.0226845050428353,0.0484213997553525
62,2010-11-03,0.0480972526710401,0.0487184622648256,0.0474661832423461,0.0494594167528815,0.1110579224509334,-5.385930151110413e-05,0.0002970625094731033,0.00026289587321359775,0.0005151978143592001,-0.007279510077416992,0.0487184622648256
63,2010-11-04,0.049362952789831,0.0510544474993291,0.0497007995544223,0.0507822188057926,0.1239786401677093,0.0012657001187909023,0.0023359852345034987,0.0022346163120762,0.001322802052911104,0.0129207177167759,0.0510544474993291
64,2010-11-05,0.0509114539297438,0.0507303915341349,0.0501345936370956,0.0520354260837734,0.0878988461728925,0.0015485011399127974,-0.00032405596519419905,0.0004337940826733,0.0012532072779807973,-0.03607979399481681,0.0507303915341349
65,2010-11-08,0.0502516619870583,0.0512029899621107,0.0502003161020149,0.0518683339552644,0.0760923391822518,-0.000659791942685499,0.0004725984279757983,6.572246491930167e-05,-0.00016709212850900268,-0.011806506990640689,0.0512029899621107
66,2010-11-09,0.0511134342765849,0.0505278531934751,0.0501214581059899,0.0518404929340945,0.0906224723923342,0.0008617722895266008,-0.0006751367686355994,-7.885799602500021e-05,-2.7841021169899838e-05,0.014530133210082397,0.0505278531934751
67,2010-11-10,0.0505489826791212,0.0508133176179206,0.0496777954837032,0.0513761132605819,0.0983311599346329,-0.0005644515974636971,0.00028546442444549874,-0.0004436626222866988,-0.00046437967351260073,0.007708687542298698,0.0508133176179206
68,2010-11-11,0.0490578645514786,0.0502423842858115,0.0490558343138649,0.050535033274932,0.0681938231458708,-0.0014911181276426044,-0.0005709333321090998,-0.0006219611698383004,-0.0008410799856498966,-0.030137336788762098,0.0502423842858115
69,2010-11-12,0.0495187583020754,0.0498617635588114,0.0493205030057196,0.0506331609008503,0.0861367425430415,0.0004608937505968039,-0.0003806207270000972,0.00026466869185470115,9.812762591829977e-05,0.0179429193971707,0.0498617635588114
70,2010-11-15,0.0499660987997629,0.0498345773247153,0.0492278721270917,0.0513480858451877,0.0744168963866558,0.0004473404976874998,-2.7186234096102102e-05,-9.263087862790287e-05,0.0007149249443373987,-0.011719846156385702,0.0498345773247153
71,2010-11-16,0.0491391968424263,0.0488286328645417,0.0487382346036265,0.0501004739698273,0.1388058962380944,-0.0008269019573366038,-0.0010059444601736023,-0.0004896375234651959,-0.001247611875360398,0.06438899985143859,0.0488286328645417
72,2010-11-17,0.0486376453486722,0.0486655154599649,0.0480501082509275,0.0499322595612764,0.1004811739654347,-0.000501551493754096,-0.00016311740457679996,-0.0006881263526989992,-0.0001682144085509013,-0.03832472227265969,0.0486655154599649
73,2010-11-18,0.049139190795955,0.0496578443870002,0.0490161265939306,0.0506892228065622,0.0843003581981149,0.0005015454472828001,0.0009923289270353033,0.0009660183430030972,0.000756963245285798,-0.016180815767319792,0.0496578443870002
74,2010-11-19,0.0494916498510597,0.0499433312275359,0.0489367395609536,0.0509836154715959,0.077998877535861,0.000352459055104698,0.00028548684053569806,-7.938703297699634e-05,0.0002943926650336992,-0.006301480662253903,0.0499433312275359
75,2010-11-22,0.0493560786287755,0.0503919040901222,0.0491352242805431,0.0509275299707682,0.0699476733629355,-0.000135571222284199,0.00044857286258630225,0.00019848471958949787,-5.6085500827696144e-05,-0.0080512041729255,0.0503919040901222
76,2010-11-23,0.0496136488471646,0.0495627015340998,0.0486720706101239,0.050815398425825,0.0745613311104141,0.0002575702183890971,-0.0008292025560224028,-0.0004631536704192002,-0.0001121315449432031,0.0046136577474786,0.0495627015340998
77,2010-11-24,0.0500338814692171,0.0510036436726837,0.0498101409190183,0.0514602330409721,0.0463098991432957,0.00042023262205249934,0.001440942138583902,0.001138070308894401,0.0006448346151471038,-0.0282514319671184,0.0510036436726837
78,2010-11-26,0.0503998621477487,0.0505550259779171,0.0496777879291482,0.0520770072664357,0.0209801753024875,0.0003659806785316008,-0.00044861769476660374,-0.0001323529898701048,0.0006167742254635997,-0.025329723840808203,0.0505550259779171
79,2010-11-29,0.0501287544633965,0.0506637843639558,0.0494263581294861,0.0514462008286419,0.0760056783479969,-0.0002711076843521995,0.00010875838603870147,-0.0002514297996620979,-0.0006308064377937989,0.055025503045509405,0.0506637843639558
80,2010-11-30,0.0498440994896786,0.0498481704417633,0.048844106898502,0.0511658515373944,0.0940022449282778,-0.0002846549737179002,-0.0008156139221925027,-0.0005822512309840988,-0.00028034929124750446,0.0179965665802809,0.0498481704417633
81,2010-12-01,0.0505489618363084,0.0521998559057861,0.0510011040834455,0.0522452086083921,0.0925661511034812,0.0007048623466298018,0.0023516854640228055,0.002156997184943499,0.0010793570709977038,-0.0014360938247966054,0.0521998559057861
82,2010-12-02,0.0522976603459734,0.0536408070108061,0.0524170862792914,0.0539554313936344,0.1251176111322031,0.0017486985096649976,0.0014409511050199955,0.0014159821958458982,0.001710222785242299,0.032551460028721904,0.0536408070108061
83,2010-12-03,0.0534227731058261,0.0545923655531333,0.0532110793865961,0.0551189230556299,0.093395619088493,0.0011251127598526992,0.0009515585423272022,0.0007939931073046996,0.0011634916619954958,-0.031721992043710096,0.0545923655531333
84,2010-12-06,0.0542225569920785,0.0541165885235787,0.0529728806221271,0.0554133015596056,0.0522523563493504,0.0007997838862524032,-0.0004757770295545985,-0.00023819876446899702,0.0002943785039757063,-0.0411432627391426,0.0541165885235787
85,2010-12-07,0.0547376748679692,0.0539126828014216,0.0535154476281588,0.0555394662812201,0.0644674072729073,0.0005151178758906957,-0.00020390572215710223,0.0005425670060317037,0.00012616472161449538,0.012215050923556896,0.0539126828014216
86,2010-12-08,0.0538972364412466,0.0544156639979444,0.0529861335225435,0.0554974292843441,0.0769341872864429,-0.0008404384267225937,0.0005029811965227976,-0.0005293141056153042,-4.2036996876000654e-05,0.0124667800135356,0.0544156639979444
87,2010-12-09,0.0544123277916625,0.0541301726741907,0.0533169419592373,0.0557076769198234,0.1147843383238969,0.0005150913504158999,-0.0002854913237536963,0.00033080843669380106,0.0002102476354793048,0.037850151037454,0.0541301726741907
88,2010-12-10,0.0541547706465036,0.0536679842784662,0.0528670079172688,0.0552310615528114,0.0986076492629702,-0.00025755714515890427,-0.0004621883957244971,-0.0004499340419684972,-0.0004766153670120038,-0.01617668906092669,0.0536679842784662
89,2010-12-13,0.053883671865649,0.0529747218593605,0.0526685211521203,0.0545441906422272,0.0956983212558392,-0.0002710987808546006,-0.0006932624191057016,-0.00019848676514850477,-0.0006868709105841975,-0.002909328007131007,0.0529747218593605
90,2010-12-14,0.0529483258497753,0.0532873680346841,0.0522450474985638,0.0546282918602921,0.0693286674039715,-0.0009353460158736948,0.0003126461753235957,-0.0004234736535565012,8.410121806489562e-05,-0.026369653851867694,0.0532873680346841
91,2010-12-15,0.0529889998831476,0.0533281563522644,0.0523112216236379,0.0543759757689088,0.1211023258117231,4.067403337229547e-05,4.078831758030227e-05,6.617412507410603e-05,-0.0002523160913832992,0.0517736584077516,0.0533281563522644
92,2010-12-16,0.0532329918018847,0.0539398645522997,0.0525229442799015,0.0548525789858794,0.0694318350637988,0.00024399191873709924,0.0006117082000353033,0.00021172265626359654,0.00047660321697060026,-0.051670490747924305,0.0539398645522997
93,2010-12-17,0.0537345513437357,0.0541437747576748,0.052972878839712,0.055567498960856,0.1084663508360707,0.0005015595418510002,0.00020391020537509352,0.00044993455981050257,0.0007149199749766008,0.039034515772271905,0.0541437747576748
94,2010-12-20,0.0542225592509762,0.0538719034502774,0.0529331845559392,0.055203036501403,0.0520336409105165,0.0004880079072405036,-0.0002718713073973991,-3.969428377280371e-05,-0.0003644624594529994,-0.0564327099255542,0.0538719034502774
95,2010-12-21,0.0539378920559645,0.0538719034502774,0.0527611502926639,0.0554833983378021,0.036574998761988,-0.00028466719501170357,0.0,-0.00017203426327529886,0.00028036183639910256,-0.015458642148528504,0.0538719034502774
96,2010-12-22,0.0536803251732781,0.0539398645522997,0.0525229442799015,0.055132940788765,0.0395338472458361,-0.00025756688268639694,6.79611020223056e-05,-0.0002382060127624,-0.00035045754903709897,0.0029588484838481005,0.0539398645522997
97,2010-12-23,0.0536125608500409,0.053803942348255,0.0525494240538109,0.0552591112128886,0.0261674452386061,-6.776432323719883e-05,-0.0001359222040447014,2.6479773909397764e-05,0.0001261704241235992,-0.013366402007229997,0.053803942348255
98,2010-12-27,0.0534363435152738,0.0540078525536302,0.0528934999977091,0.0547825106251302,0.0267864511975701,-0.00017621733476710227,0.0002039102053751976,0.0003440759438982019,-0.0004766005877584051,0.0006190059589639973,0.0540078525536302
99,2010-12-28,0.0538430029909606,0.0538719034502774,0.0527214520196396,0.0548806222611541,0.0290272527690199,0.00040665947568679917,-0.0001359491033528018,-0.00017204797806950195,9.81116360239051e-05,0.0022408015714498013,0.0538719034502774
100,2010-12-29,0.0538701224927443,0.0536815998116044,0.0526288267769855,0.0549226824151613,0.0327247816972318,2.7119501783703925e-05,-0.0001903036386729992,-9.262524265409716e-05,4.206015400719937e-05,0.0036975289282119017,0.0536815998116044
101,2010-12-30,0.0535447720822726,0.0532873680346841,0.0522715146940545,0.0546983809757495,0.0379244317525296,-0.0003253504104717003,-0.00039423177692030076,-0.00035731208293100086,-0.00022430143941180175,0.005199650055297801,0.0532873680346841
102,2010-12-31,0.0530567723391047,0.052526122097466,0.0518612847146577,0.0538713207122125,0.0635925455175715,-0.00048799974316790506,-0.0007612459372180955,-0.00041022997939679784,-0.0008270602635370022,0.025668113765041897,0.052526122097466
103,2011-01-03,0.0522976569081988,0.0526756508682128,0.0521391848473957,0.0533526518160134,0.0832563014806622,-0.000759115430905899,0.00014952877074679571,0.00027790013273799874,-0.000518668896199101,0.019663755963090696,0.0526756508682128
104,2011-01-04,0.0524603219930593,0.0523086187750428,0.0516098499085141,0.0536330071257051,0.07067397368812,0.0001626650848604999,-0.0003670320931699958,-0.0005293349388816038,0.0002803553096917058,-0.012582327792542189,0.0523086187750428
105,2011-01-05,0.0517012140399052,0.0515201955701645,0.0505511967792145,0.0525115750523184,0.1307711988907413,-0.0007591079531540992,-0.0007884232048783052,-0.0010586531292995985,-0.001121432073386705,0.060097225202621285,0.0515201955701645
106,2011-01-06,0.051402989196707,0.0519280070144787,0.0510143610734099,0.0530302473106479,0.0711856852808636,-0.0002982248431981985,0.00040781144431420446,0.00046316429419539923,0.0005186722583295014,-0.0595855136098777,0.0519280070144787
107,2011-01-07,0.0515792207222066,0.051234731145719,0.0504056371850906,0.0517265759374225,0.0814116637229494,0.00017623152549960108,-0.0006932758687597032,-0.0006087238883192986,-0.0013036713732254013,0.010225978442085809,0.051234731145719
108,2011-01-10,0.0508200958645242,0.0525397196977321,0.0511996208751799,0.052343355324773,0.0979061091761443,-0.0007591248576824042,0.0013049885520131019,0.0007939836900893033,0.0006167793873505037,0.016494445453194895,0.0525397196977321
109,2011-01-11,0.0525009934321083,0.0524173771610814,0.0515436905095554,0.0539133752792877,0.0699352932437562,0.0016808975675841054,-0.00012234253665070055,0.000344069634375499,0.0015700199545146953,-0.027970815932388093,0.0524173771610814
110,2011-01-12,0.0527178841212907,0.0530019080934566,0.0517024892949962,0.0541516853890946,0.062688796817484,0.000216890689182396,0.0005845309323751977,0.0001587987854407974,0.00023831010980690515,-0.007246496426272203,0.0530019080934566
111,2011-01-13,0.0536532280525945,0.0540350298212903,0.053091985854394,0.055034819464917,0.1447607335633284,0.0009353439313038031,0.001033121727833701,0.0013894965593978029,0.0008831340758223977,0.08207193674584438,0.0540350298212903
112,2011-01-14,0.0567167924290769,0.0572431399411758,0.0565723362519822,0.0578664557278938,0.3033954540202374,0.0030635643764823986,0.0032081101198855044,0.0034803503975881986,0.0028316362629767985,0.158634720456909,0.0572431399411758
113,2011-01-18,0.0573403507186312,0.0575965744340798,0.0568370033123605,0.0588477195547838,0.1281177266799821,0.0006235582895543004,0.0003534344929039951,0.00026466706037830273,0.000981263826890004,-0.17527772734025526,0.0575965744340798
114,2011-01-19,0.0573945956648236,0.0565634751223362,0.0560297921530681,0.0581468391219103,0.0935194202802859,5.424494619239717e-05,-0.0010330993117435988,-0.0008072111592924008,-0.0007008804328735019,-0.034598306399696216,0.0565634751223362
115,2011-01-20,0.056472775461547,0.0572703127256179,0.0567443553707552,0.057305722169793,0.1329872402238325,-0.0009218202032766007,0.0007068376032817042,0.0007145632176870989,-0.0008411169521172976,0.03946781994354659,0.0572703127256179
116,2011-01-21,0.0572454767300517,0.0568625326638298,0.0561753533461597,0.0584832683348183,0.0768103860946501,0.0007727012685047052,-0.00040778006178810583,-0.0005690020245954983,0.0011775461650253005,-0.056176854129182385,0.0568625326638298
117,2011-01-24,0.0571505752278128,0.0586025144110353,0.0574060380395002,0.0588337065715126,0.1868159984153447,-9.490150223890464e-05,0.0017399817472055004,0.0012306846933404988,0.00035043823669429763,0.11000561232069458,0.0586025144110353
118,2011-01-25,0.0582350132346177,0.0593637468985994,0.0578956565306985,0.0598850469615775,0.1856563939188854,0.001084438006804904,0.0007612324875641008,0.0004896184911983015,0.0010513403900649018,-0.0011596044964592989,0.0593637468985994
119,2011-01-26,0.0591839235629208,0.0605328222130039,0.0590469663052009,0.0606280161995755,0.1568024628183754,0.0009489103283030972,0.001169075314404501,0.001151309774502396,0.0007429692379979994,-0.02885393110050999,0.0605328222130039
120,2011-01-27,0.0602548093628921,0.060736718968725,0.0595498221109402,0.0621840079761085,0.1083012825803469,0.0010708857999712981,0.00020389675572109883,0.0005028558057392982,0.0015559917765329973,-0.048501180238028505,0.060736718968725
121,2011-01-28,0.0613528298794734,0.0593909555487857,0.0608599374755062,0.0603056078571955,0.1717370132549809,0.0010980205165813037,-0.0013457634199392984,0.001310115364566003,-0.0018784001189129998,0.063435730674634,0.0593909555487857
122,2011-01-31,0.0590348067273163,0.0599211050465325,0.0587028988776314,0.0602915768705086,0.1157128472623429,-0.002318023152157102,0.0005301494977468027,-0.0021570385978747983,-1.4030986686897062e-05,-0.056024165992637986,0.0599211050465325
123,2011-02-01,0.0600379306919109,0.0612940726334401,0.0599203640207319,0.0620858938598662,0.1229593436886152,0.0010031239645946002,0.0013729675869075947,0.0012174651431004976,0.0017943169893576,0.0072464964262723,0.0612940726334401
124,2011-02-02,0.0606343821033566,0.0613892334192126,0.0601188705550725,0.062562512659964,0.0874531618824383,0.0005964514114457017,9.516078577249953e-05,0.00019850653434060062,0.0004766188000977986,-0.0355061818061769,0.0613892334192126
125,2011-02-03,0.0609732899845378,0.0610222192589147,0.0597615874374212,0.0620438584901697,0.0509400637163467,0.00033890788118119686,-0.0003670141602978988,-0.00035728311765129833,-0.000518654169794304,-0.036513098166091607,0.0610222192589147
126,2011-02-04,0.0608648233116711,0.0620281323365621,0.0607805280563288,0.06267464659776,0.0807390105808752,-0.00010846667286670136,0.0010059130776473996,0.0010189406189076017,0.000630788107590298,0.029798946864528497,0.0620281323365621
127,2011-02-07,0.0618950331726612,0.0627485809897639,0.0615083419552335,0.063936255149597,0.1416368168237566,0.0010302098609901028,0.0007204486532017967,0.0007278138989046945,0.001261608551837004,0.060897806242881394,0.0627485809897639
128,2011-02-08,0.0624915158261078,0.0628029938069184,0.0611378471318547,0.0635998571590863,0.0989460391872039,0.0005964826534465978,5.4412817154500526e-05,-0.0003704948233787947,-0.0003363979905107034,-0.042690777636552685,0.0628029938069184
129,2011-02-09,0.062423695881264,0.0627757627406421,0.061177503510097,0.0639362487349115,0.0902840824681005,-6.781994484379716e-05,-2.723106627629257e-05,3.965637824229762e-05,0.0003363915758251984,-0.0086619567191034,0.0627757627406421
130,2011-02-10,0.0620305979904805,0.0627621830732481,0.0612039872256129,0.0632073274532537,0.1210115382710751,-0.00039309789078349755,-1.357966739400085e-05,2.6483715515897288e-05,-0.0007289212816577878,0.03072745580297459,0.0627621830732481
131,2011-02-11,0.062450838693369,0.0637953227339538,0.0621435639149394,0.0643988729257786,0.1078968653538238,0.0004202407028884997,0.0010331396607057008,0.0009395766893265031,0.0011915454725248964,-0.013114672917251297,0.0637953227339538
132,2011-02-14,0.0638877394959515,0.0654945385796691,0.0640888612395003,0.0659688982369601,0.1169137188227332,0.0014369008025824984,0.0016992158457152934,0.0019452973245609045,0.0015700253111815,0.009016853468909403,0.0654945385796691
133,2011-02-15,0.0650670600709697,0.0655760838323035,0.0640359083534508,0.0669361217521537,0.1020493223948102,0.0011793205750181973,8.154525263440182e-05,-5.295288604950654e-05,0.0009672235151935993,-0.014864396427923005,0.0655760838323035
134,2011-02-16,0.0661244064716964,0.0663645249700538,0.0647769827885118,0.0677491789391147,0.0935318003994651,0.0010573464007267025,0.0007884411377502981,0.0007410744350609955,0.0008130571869609943,-0.008517521995345098,0.0663645249700538
135,2011-02-17,0.066328489384447,0.0676762159330125,0.0662410001370368,0.0683374069797549,0.1242221158449018,0.00020408291275060553,0.0013116909629587031,0.0014640173485250124,0.0005882280406402096,0.030690315445436697,0.0676762159330125
136,2011-02-18,0.0677591659612609,0.0681681190977986,0.0664804353804095,0.0690982882755114,0.1093700995361582,0.001430676576813894,0.0004919031647861033,0.00023943524337269317,0.0007608812957564937,-0.014852016308743596,0.0681681190977986
137,2011-02-22,0.0667645376283539,0.0649981701297314,0.0653099355223132,0.0667734309519708,0.0989254056552384,-0.000994628332907005,-0.0031699489680672016,-0.0011704998580962939,-0.0023248573235405967,-0.0104446938809198,0.0649981701297314
138,2011-02-23,0.0645435746353289,0.0643696229627988,0.063766953294177,0.0653362114806567,0.0894752480150542,-0.0022209629930249886,-0.0006285471669325998,-0.0015429822281362027,-0.0014372194713141023,-0.009450157640184198,0.0643696229627988
139,2011-02-24,0.0642847154885665,0.0652851095329067,0.0638467852346066,0.065942112468896,0.0631840015846552,-0.00025885914676240795,0.0009154865701078985,7.983194042959774e-05,0.0006059009882393024,-0.026291246430399,0.0652851095329067
140,2011-02-25,0.065470122627926,0.0668974226804493,0.0652301308342219,0.0673229482376508,0.0821916112312441,0.0011854071393594956,0.0016123131475426072,0.001383345599615296,0.0013808357687547929,0.019007609646588902,0.0668974226804493
141,2011-02-28,0.0669007911390867,0.0667061327338111,0.0658020928624339,0.0677174782283975,0.0818449678942242,0.001430668511160707,-0.00019128994663820953,0.0005719620282119975,0.00039452999074671147,-0.0003466433370199057,0.0667061327338111
142,2011-03-01,0.0667645536148489,0.0655174074748084,0.0655227736155996,0.0673652380469659,0.1079009920602169,-0.00013623752423780333,-0.0011887252590026959,-0.0002793192468342892,-0.0003522401814316095,0.026056024165992703,0.0655174074748084
143,2011-03-02,0.0653747202687204,0.0678811841778413,0.0664139305256047,0.0675201844232257,0.1238795992142751,-0.001389833346128494,0.0023637767030328938,0.0008911569100050892,0.00015494637625980412,0.015978607154058203,0.0678811841778413
144,2011-03-03,0.0684132117052536,0.0698897734497229,0.0689412257285051,0.0703946105202322,0.1900430828147438,0.003038491436533189,0.0020085892718816056,0.0025272952029004037,0.0028744260970064994,0.0661634836004687,0.0698897734497229
145,2011-03-04,0.0694078499632629,0.0699717356416335,0.0683027372293913,0.0709441104068915,0.0968042785691883,0.0009946382580093005,8.196219191060339e-05,-0.0006384884991137985,0.0005494998866592965,-0.0932388042455555,0.0699717356416335
146,2011-03-07,0.069830248483502,0.0672936629390442,0.0682362398512349,0.0681542618451678,0.1576855779864974,0.0004223985202391062,-0.0026780727025893097,-6.649737815639378e-05,-0.002789848561723693,0.060881299417309104,0.0672936629390442
147,2011-03-08,0.0672005373463613,0.0680314975117422,0.0669592998340397,0.0683656110357645,0.0843292451428665,-0.0026297111371406945,0.0007378345726980068,-0.0012769400171952078,0.00021134919059669077,-0.07335633284363091,0.0680314975117422
148,2011-03-09,0.067513930249681,0.0649025206731942,0.0659750020549814,0.0666043459690233,0.1163277265149139,0.0003133929033196925,-0.0031289768385480005,-0.000984297779058299,-0.0017612650667411939,0.0319984813720474,0.0649025206731942
149,2011-03-10,0.0636034426130994,0.0625387081044172,0.0621708073507816,0.0639131242346705,0.1711097538832307,-0.003910487636581597,-0.0023638125687770045,-0.0038041947041997995,-0.0026912217343528083,0.05478202736831679,0.0625387081044172
150,2011-03-11,0.0619411539350215,0.0630306157524213,0.0618249814865713,0.0637017832994276,0.0729973093874317,-0.0016622886780778973,0.0004919076480041085,-0.00034582586421030154,-0.00021134093524288744,-0.09811244449579899,0.0630306157524213
151,2011-03-14,0.0621318848344943,0.0626480044766187,0.0613594101161595,0.0636876707260201,0.0604768821907858,0.00019073089947279492,-0.0003826112758026079,-0.0004655713704117964,-1.4112573407498719e-05,-0.012520427196645895,0.0626480044766187
152,2011-03-15,0.0609328652504651,0.0622791028815327,0.0611865034953528,0.0620532219509436,0.1296363546326406,-0.0011990195840291956,-0.0003689015950859992,-0.0001729066208067051,-0.0016344487750765066,0.06915947244185479,0.0622791028815327
153,2011-03-16,0.0617095227125885,0.0606531293686718,0.0611865125427199,0.0621518620790435,0.1110331622125748,0.0007766574621233951,-0.0016259735128608954,9.047367105496917e-09,9.864012809990275e-05,-0.018603192420065792,0.0606531293686718
154,2011-03-17,0.0617095000624383,0.0616915502602095,0.0614658184954041,0.0632790535786444,0.1045789934137765,-2.2650150199865493e-08,0.001038420891537696,0.00027930595268419595,0.001127191499600895,-0.0064541687987983015,0.0616915502602095
155,2011-03-18,0.062091011136809,0.061185991213323,0.0608539559423603,0.0627295381022769,0.1223362110232581,0.0003815110743707051,-0.0005055590468864973,-0.000611862553043796,-0.0005495154763675014,0.01775721760948161,0.061185991213323
156,2011-03-21,0.0619547655530365,0.0627983133273016,0.0616919527141847,0.0639413022106513,0.0785559828989287,-0.00013624558377250268,0.0016123221139785968,0.0008379967718243966,0.0012117641083743969,-0.0437802281243294,0.0627983133273016
157,2011-03-22,0.0626905157805438,0.0622517507683697,0.0611997789768435,0.0636172098674803,0.0617850481173965,0.000735750227507298,-0.0005465625589318943,-0.0004921737373412005,-0.00032409234317098967,-0.016770934781532208,0.0622517507683697
158,2011-03-23,0.0617912664300881,0.0630169419374488,0.0615855485508017,0.0633354332798624,0.0863513312754824,-0.000899249350455697,0.0007651911690791033,0.0003857695739582015,-0.00028177658761791013,0.024566283158085907,0.0630169419374488
159,2011-03-24,0.0634671519832917,0.0644789103685642,0.0631417715521101,0.0648289442929344,0.0934698998035687,0.001675885553203596,0.0014619684311153874,0.0015562230013083933,0.0014935110130720047,0.007118568528086303,0.0644789103685642
160,2011-03-25,0.0645844702971975,0.0640280465815677,0.0636073534573462,0.0659984683901995,0.0829261649692147,0.0011173183139057963,-0.00045086378699649154,0.000465581905236101,0.0011695240972651039,-0.010543734834354002,0.0640280465815677
161,2011-03-28,0.0641620574120446,0.0646292237024652,0.0635541236677533,0.0658857204957403,0.0587808058632244,-0.00042241288515289244,0.0006011771208974948,-5.322978959289293e-05,-0.00011274789445919753,-0.024145359105990305,0.0646292237024652
162,2011-03-29,0.0641620783280243,0.064957175584122,0.0634610349082532,0.0657166611578059,0.0662047506643997,2.0915979698221676e-08,0.00032795188165681,-9.308875950010675e-05,-0.00016905933793440187,0.0074239448011752945,0.064957175584122
163,2011-03-30,0.0652793604603908,0.0650664809227596,0.0639664885478146,0.0664070815117318,0.0759561578712797,0.0011172821323665039,0.00010930533863759417,0.0005054536395614068,0.0006904203539258996,0.009751407206880003,0.0650664809227596
164,2011-03-31,0.0649114781552159,0.0646565758156282,0.063594055064354,0.065758933112643,0.088893382413628,-0.00036788230517489917,-0.00040990510713140305,-0.00037243348346059635,-0.0006481483990888048,0.012937224542348302,0.0646565758156282
165,2011-04-01,0.0645572137124764,0.063946057490349,0.0635275381078718,0.0656180272953708,0.1071911985606048,-0.00035426444273950475,-0.0007105183252791997,-6.651695648220157e-05,-0.0001409058172721911,0.0182978161469768,0.063946057490349
166,2011-04-04,0.0642029413872333,0.0634404939602445,0.0627560504396397,0.0648853278879212,0.0773014641554282,-0.00035427232524309904,-0.0005055635301045025,-0.0007714876682321098,-0.0007326994074496052,-0.029889734405176602,0.0634404939602445
167,2011-04-05,0.0635897793345227,0.0630715564994144,0.0625964177602205,0.0647725913723311,0.1044716990475561,-0.0006131620527106002,-0.00036893746083009604,-0.00015963267941919435,-0.00011273651559010056,0.0271702348921279,0.0630715564994144
168,2011-04-06,0.063181039541915,0.0630852392808229,0.0619978745060703,0.0640821915749551,0.0880267740710784,-0.0004087397926077069,1.3682781408494438e-05,-0.0005985432541502009,-0.0006903997973760068,-0.016444924976477704,0.0630852392808229
169,2011-04-07,0.0624043790680371,0.0602021938501869,0.061040159268625,0.0615177649386684,0.1631080701870223,-0.0007766604738778937,-0.002883045430635993,-0.0009577152374452974,-0.0025644266362866916,0.07508129611594391,0.0602021938501869
170,2011-04-08,0.0604287154441674,0.0597103220679269,0.0591646824612418,0.0609823583915745,0.0844159059771215,-0.0019756636238697015,-0.0004918717822599977,-0.0018754768073832029,-0.0005354065470939001,-0.07869216420990081,0.0597103220679269
171,2011-04-11,0.0595839301049434,0.0593277242417784,0.0583665889260782,0.060517373571368,0.0994082303032303,-0.0008447853392239968,-0.0003825978261485022,-0.0007980935351636007,-0.00046498482020650156,0.014992324326108808,0.0593277242417784
172,2011-04-12,0.0588617838838263,0.0578793758270192,0.0574620916580638,0.0593056152355009,0.0935029134547135,-0.0007221462211171037,-0.0014483484147592013,-0.0009044972680143995,-0.0012117583358670983,-0.005905316848516806,0.0578793758270192
173,2011-04-13,0.0579625226781589,0.0579477090361375,0.0568236401065385,0.0590379196544397,0.1311591092916921,-0.0008992612056673982,6.833320911830282e-05,-0.0006384515515252959,-0.00026769558106120445,0.037656195836978615,0.0579477090361375
174,2011-04-14,0.0572131121242431,0.0580433405598025,0.0567438162205399,0.0586151954750823,0.0950463016457305,-0.0007494105539158011,9.563152366499905e-05,-7.982388599860057e-05,-0.0004227241793573963,-0.036112807645961614,0.0580433405598025
175,2011-04-15,0.0579761336488556,0.0584805798472248,0.0571827668876442,0.0591083571587982,0.0903294762384245,0.0007630215246125019,0.0004372392874223002,0.00043895066710429587,0.0004931616837158953,-0.004716825407306002,0.0584805798472248
176,2011-04-18,0.0573766110045321,0.0568136073055364,0.0564112764180978,0.0583052102148348,0.1119121506743038,-0.0005995226443235024,-0.0016669725416884051,-0.0007714904695463945,-0.0008031469439633981,0.0215826744358793,0.0568136073055364
177,2011-04-19,0.0566135821365968,0.0570868728937393,0.0559989270257476,0.0584179248981071,0.0826249154025189,-0.000763028867935299,0.00027326558820290475,-0.0004123493923502003,0.00011271468327229972,-0.029287235271784895,0.0570868728937393
178,2011-04-20,0.0600063130689923,0.0609810274517123,0.0594306940755156,0.061729124000011,0.1368745976461266,0.0033927309323954977,0.003894154557972998,0.0034317670497679975,0.0033111991019039028,0.05424968224360771,0.0609810274517123
179,2011-04-21,0.0602379430506249,0.0582072963261498,0.058978446452378,0.0597846767642798,0.1580817418002344,0.00023162998163260562,-0.0027737311255624994,-0.0004522476231375999,-0.0019444472357312004,0.021207144154107793,0.0582072963261498
180,2011-04-25,0.058030632922612,0.0582892854173685,0.0572359650959529,0.0595592391542276,0.0766535712517125,-0.002207310128012903,8.198909121869685e-05,-0.0017424813564251018,-0.0002254376100521982,-0.0814281705485219,0.0582892854173685
181,2011-04-26,0.0580306466301081,0.0600519163820301,0.0584996138677744,0.059981957985827,0.0949142470411515,1.3707496103465555e-08,0.0017626309646616017,0.0012636487718215017,0.000422718831599396,0.018260675789439004,0.0600519163820301
182,2011-04-27,0.060101734762556,0.0602159035309036,0.0591381049827947,0.0615882641992712,0.0692791469272544,0.0020710881324478986,0.0001639871488735012,0.0006384911150202968,0.0016063062134442016,-0.025635100113897108,0.0602159035309036
183,2011-04-28,0.0595294123436163,0.0592457306673417,0.0582202580678268,0.0596578561355722,0.1320546045789934,-0.0005723224189397025,-0.0009701728635619009,-0.0009178469149679,-0.001930408063698999,0.062775457651739,0.0592457306673417
184,2011-04-29,0.0592978083993784,0.0599835966225659,0.059776545953926,0.0610105391519467,0.2321272346115118,-0.00023160394423790004,0.0007378659552242026,0.0015562878860992044,0.0013526830163744993,0.1000726300325184,0.0599835966225659
185,2011-05-02,0.0600335761332839,0.059682987887636,0.0589385547835412,0.0609400832223627,0.1262854690414486,0.0007357677339055041,-0.0003006087349299025,-0.0008379911703847998,-7.045592958400404e-05,-0.1058417655700632,0.059682987887636
186,2011-05-03,0.0595839441107139,0.058822183127764,0.0586060284896519,0.0601087708569822,0.0949142470411515,-0.00044963202256999985,-0.0008608047598719984,-0.00033252629388930144,-0.0008313123653804974,-0.0313712220002971,0.058822183127764
187,2011-05-04,0.0601970950545616,0.0598879606156828,0.0595770371609219,0.0599396961762855,0.1350382133012,0.0006131509438476943,0.0010657774879187995,0.0009710086712700003,-0.00016907468069669862,0.040123966260048494,0.0598879606156828
188,2011-05-05,0.0592296708452705,0.0608307320506834,0.0605347142901192,0.0606723657075738,0.1485614301513675,-0.0009674242092910998,0.0009427714350006,0.0009576771291973027,0.0007326695312882964,0.013523216850167497,0.0608307320506834
189,2011-05-06,0.061559645838574,0.0614319629701972,0.0614259419885044,0.0630113686349609,0.1149040128092966,0.0023299749933035005,0.0006012309195137996,0.0008912276983851983,0.0023390029273871044,-0.033657417342070894,0.0614319629701972
190,2011-05-09,0.0613143812612511,0.0615002737632254,0.0601889033556498,0.0627154636240546,0.0657879533186972,-0.0002452645773228998,6.831079302820064e-05,-0.001237038632854598,-0.0002959050109063027,-0.0491160594905994,0.0615002737632254
191,2011-05-10,0.0616141421217874,0.0615002737632254,0.0604150249768937,0.0629972686351962,0.0639350621481982,0.000299760860536305,0.0,0.00022612162124389934,0.0002818050111415976,-0.0018528911704989992,0.0615002737632254
192,2011-05-11,0.060810230535159,0.0605301412486257,0.0598297530144557,0.0617854989486234,0.0949142470411515,-0.000803911586628403,-0.0009701325145997017,-0.0005852719624380026,-0.001211769686572793,0.0309791848929533,0.0605301412486257
193,2011-05-12,0.0602372763544784,0.0616844174603337,0.0603699764866466,0.0617394039040272,0.1084250837721397,-0.0005729541806806029,0.001154276211708001,0.0005402234721908969,-4.609504459620467e-05,0.013510836730988199,0.0616844174603337
194,2011-05-13,0.0614568088209911,0.0610523106182902,0.0602763275544763,0.0626746230698197,0.0871477856093494,0.0012195324665127058,-0.0006321068420434978,-9.364893217029407e-05,0.0009352191657925057,-0.02127729816279031,0.0610523106182902
195,2011-05-16,0.060730555389841,0.0597468827109108,0.0600221536167869,0.0614276376219472,0.0841683035935359,-0.0007262534311501048,-0.0013054279073794056,-0.0002541739376894017,-0.001246985447872502,-0.002979482015813495,0.0597468827109108
196,2011-05-17,0.0593739785682694,0.0585239056662065,0.057988856017511,0.0590470422847571,0.1226580941219194,-0.0013565768215716006,-0.001222977044704296,-0.002033297599275903,-0.0023805953371901015,0.0384897905283835,0.0585239056662065
197,2011-05-18,0.0584148105124656,0.0588537225665612,0.0576410834027163,0.0601098296410926,0.0935813208761823,-0.0009591680558037954,0.0003298169003546972,-0.00034777261479469745,0.0010627873563354984,-0.029076773245737098,0.0588537225665612
198,2011-05-19,0.0569348894439529,0.0566276165226023,0.0572932640634686,0.0569640351590341,0.1801513675904986,-0.0014799210685127046,-0.0022261060439588976,-0.0003478193392476986,-0.0031457944820584977,0.0865700467143163,0.0566276165226023
199,2011-05-20,0.0563182896683376,0.0566139023586676,0.0554338949579945,0.0574883546258241,0.1028457767286773,-0.0006165997756152966,-1.3714163934697154e-05,-0.0018593691054741013,0.0005243194667899978,-0.0773055908618213,0.0566139023586676
200,2011-05-23,0.05540020344407,0.0559268357468707,0.0547917994944221,0.0568648645773754,0.1117759693633317,-0.000918086224267603,-0.0006870666117969049,-0.000642095463572398,-0.0006234900484487008,0.008930192634654402,0.0559268357468707
201,2011-05-24,0.0560579283884895,0.0557756750847633,0.0549121857189084,0.0573891526891747,0.0610092273154949,0.0006577249444194994,-0.00015116066210740103,0.00012038622448629771,0.0005242881117993037,-0.0507667420478368,0.0557756750847633
202,2011-05-25,0.0555372032311902,0.0564489782172271,0.0553134724711008,0.0568931793424987,0.0978607154058203,-0.0005207251572992982,0.0006733031324638039,0.00040128675219239934,-0.0004959733466760041,0.036851488090325395,0.0564489782172271
203,2011-05-26,0.0560716249318605,0.0568062637944135,0.0555275181678522,0.0576158710426581,0.0796784470378501,0.0005344217006702998,0.0003572855771864017,0.00021404569675140261,0.0007226917001594002,-0.018182268367970197,0.0568062637944135
204,2011-05-27,0.0565649258927331,0.0571910180484315,0.056116106462612,0.0584519121034172,0.0565936514748848,0.0004933009608725988,0.0003847542540179952,0.0005885882947598009,0.0008360410607591018,-0.023084795562965298,0.0571910180484315
205,2011-05-31,0.057606326357787,0.0592247088580282,0.057707944975868,0.059557171508195,0.1095888149749921,0.001041400465053903,0.0020336908095967,0.0015918385132559984,0.0011052594047777989,0.052995163500107294,0.0592247088580282
206,2011-06-01,0.0587162446273042,0.0568337369544632,0.0580958758563642,0.0584235595239647,0.1609085356795034,0.0011099182695172016,-0.0023909719035649993,0.0003879308804961984,-0.001133611984230301,0.051319720704511296,0.0568337369544632
207,2011-06-02,0.0569760031097691,0.057328424197642,0.0566110411938498,0.0587778155656571,0.0636544461134679,-0.0017402415175351016,0.0004946872431788041,-0.0014848346625144018,0.0003542560416924037,-0.09725408956603548,0.057328424197642
208,2011-06-03,0.0564005068265118,0.0559543223565745,0.0554338937707647,0.0576300528686495,0.0825712682194087,-0.0005754962832573013,-0.001374101841067503,-0.0011771474230850981,-0.001147762697007601,0.018916822105940798,0.0559543223565745
209,2011-06-06,0.0557701753288674,0.0557344563782527,0.0548051764157347,0.0573466473541453,0.0571259965995939,-0.0006303314976444027,-0.00021986597832179822,-0.0006287173550299993,-0.0002834055145042036,-0.025445271619814802,0.0557344563782527
210,2011-06-07,0.0557564457071065,0.0565039379869805,0.0556345191245854,0.057658362476527,0.0814900711444182,-1.372962176089676e-05,0.0007694816087277997,0.0008293427088506972,0.00031171512238170607,0.024364074544824296,0.0565039379869805
211,2011-06-08,0.0561127426026422,0.0554458850837167,0.0548988129991431,0.0569782187296323,0.0669434311087634,0.00035629689553570015,-0.0010580529032638009,-0.0007357061254422981,-0.0006801437468947,-0.014546640035654798,0.0554458850837167
212,2011-06-09,0.0555235190712591,0.0561604248555632,0.0551395926346049,0.0569498725574188,0.0764802495832026,-0.0005892235313830971,0.0007145397718464966,0.00024077963546179776,-2.8346172213505882e-05,0.009536818474439199,0.0561604248555632
213,2011-06-10,0.0556879503428525,0.0548962335875664,0.0544172385016767,0.0560571561530837,0.0920544395107376,0.00016443127159340015,-0.0012641912679967962,-0.0007223541329281977,-0.0008927164043350949,0.01557418992753501,0.0548962335875664
214,2011-06-13,0.0551398500265316,0.0544977427535236,0.0539891842114865,0.056057162561013,0.06017563262409,-0.0005481003163209028,-0.00039849083404280145,-0.00042805429019020236,6.407929298291037e-09,-0.031878806886647605,0.0544977427535236
215,2011-06-14,0.0549891082839842,0.0558168893080558,0.0545376264414504,0.0567089776717062,0.0836648454135785,-0.00015074174254740141,0.0013191465545321981,0.0005484422299639052,0.0006518151106931977,0.023489212789488505,0.0558168893080558
216,2011-06-15,0.0549068988761884,0.0543465865746342,0.0538286610708534,0.0558871149350245,0.0900653670292666,-8.220940779579688e-05,-0.001470302733421601,-0.0007089653705970034,-0.0008218627366817013,0.00640052161568809,0.0543465865746342
217,2011-06-16,0.0543999192005572,0.0527526232384629,0.0531598358673744,0.0541158650697334,0.1263226093989864,-0.0005069796756312014,-0.001593963336171296,-0.0006688252034790024,-0.0017712498652910982,0.036257242369719805,0.0527526232384629
218,2011-06-17,0.0533447767995871,0.0523540965386759,0.0521297839877295,0.0537899216205193,0.1278412373516449,-0.0010551424009700994,-0.0003985266997870024,-0.0010300518796448957,-0.0003259434492140986,0.0015186279526585023,0.0523540965386759
219,2011-06-20,0.0518922848180082,0.0524640295278368,0.0513806763014212,0.0536340496292193,0.0760799590630725,-0.0014524919815789017,0.00010993298916089911,-0.0007491076863083007,-0.0001558719913000023,-0.05176127828857241,0.0524640295278368
220,2011-06-21,0.0524678058933254,0.0535495914568945,0.0524240761064454,0.0536482260539131,0.0891863785675376,0.0005755210753171994,0.0010855619290577045,0.0010433998050242005,1.417642469380559e-05,0.013106419504465103,0.0535495914568945
221,2011-06-22,0.0532488766060771,0.0533847076644162,0.0525979918323413,0.0548243617018356,0.0566142850068503,0.0007810707127516997,-0.00016488379247830282,0.00017391572589589566,0.0011761356479224952,-0.0325720935606873,0.0533847076644162
222,2011-06-23,0.0524678093029659,0.0542229125222304,0.0528655197489408,0.0538891196787205,0.1004935540846139,-0.0007810673031111992,0.0008382048578142037,0.0002675279165995012,-0.000935242023115096,0.0438792690777636,0.0542229125222304
223,2011-06-24,0.0541121339781729,0.0536320333531336,0.05341396693537,0.0547534945930221,0.1926924283191099,0.001644324675206997,-0.0005908791690968015,0.000548447186429199,0.0008643749143016008,0.092198874234496,0.0536320333531336
224,2011-06-27,0.0533447738263911,0.0546901041892695,0.0535477292204687,0.0546968078721949,0.0762491540251894,-0.0007673601517817971,0.0010580708361358979,0.00013376228509870414,-5.668672082720372e-05,-0.1164432742939205,0.0546901041892695
225,2011-06-28,0.0546328504004612,0.0551573272388348,0.0537082760808437,0.0559721455031171,0.0518726993611858,0.001288076574070103,0.00046722304956529903,0.00016054686037499794,0.0012753376309221978,-0.024376454664003608,0.0551573272388348
226,2011-06-29,0.0551124309228391,0.0546076622930304,0.0542165763508298,0.0561988487766752,0.0674675228206863,0.00047958052237789817,-0.0005496649458043984,0.0005083002699860992,0.0002267032735581015,0.0155948234595005,0.0546076622930304
227,2011-06-30,0.0547013526418021,0.0556245189058738,0.0544707488605647,0.056354729800599,0.0713672603621597,-0.00041107828103700145,0.0010168566128433976,0.000254172509734904,0.00015588102392380399,0.003899737541473408,0.0556245189058738
228,2011-07-01,0.0555372335924725,0.056957433422957,0.0556880595374795,0.0569782279692936,0.071775804295076,0.0008358809506704007,0.0013329145170832002,0.0012173106769148012,0.0006234981686946001,0.0004085439329162971,0.056957433422957
229,2011-07-05,0.0565101204870159,0.055803157211249,0.0553268705831568,0.0572474522410661,0.1029159307373599,0.0009728868945433969,-0.001154276211707994,-0.0003611889543227026,0.0002692242717724988,0.031140126442283894,0.055803157211249
230,2011-07-06,0.055290562808262,0.0546076622930304,0.0539757917324566,0.0559579586751718,0.098376553704957,-0.0012195576787538964,-0.0011954949182186037,-0.0013510788507002033,-0.0012894935658942994,-0.004539377032402897,0.0546076622930304
231,2011-07-07,0.0552905726636794,0.0584414727364034,0.0574537991816965,0.0571765979654413,0.2408882322840494,9.855417398840771e-09,0.003833810443372998,0.0034780074492399005,0.0012186392902694965,0.14251167857909242,0.0584414727364034
232,2011-07-08,0.0575652311883458,0.0580567229656035,0.0567582026904245,0.0589762122711094,0.1282167676334164,0.0022746585246663995,-0.0003847497707998998,-0.000695596491271995,0.0017996143056681,-0.11267146465063299,0.0580567229656035
233,2011-07-11,0.0582229656145555,0.0581116872185749,0.0586042148596074,0.0595571866939663,0.2143039896997408,0.0006577344262096996,5.4964252971405336e-05,0.001846012169182898,0.0005809744228569003,0.08608722206632438,0.0581116872185749
234,2011-07-12,0.0567019494767471,0.0567650361214669,0.0571594961650146,0.0575308424127465,0.3297444743401396,-0.0015210161378083967,-0.0013466510971080065,-0.0014447186945927976,-0.002026344281219797,0.1154404846403988,0.0567650361214669
235,2011-07-13,0.0569211970743883,0.0572047591116743,0.0565976726902976,0.058253527557124,0.1485903170961192,0.00021924759764119922,0.0004397229902074057,-0.0005618234747170048,0.0007226851443774968,-0.1811541572440204,0.0572047591116743
236,2011-07-14,0.0572774600547221,0.0559955231302129,0.0567849425023808,0.0575166725302638,0.1299293507865502,0.00035626298033379633,-0.0012092359814614012,0.0001872698120832031,-0.0007368550268601962,-0.018660966309568983,0.0559955231302129
237,2011-07-15,0.0566471352289185,0.056270348878288,0.0553134804607251,0.0570915689110071,0.1012322345289777,-0.0006303248258035937,0.00027482574807510124,-0.0014714620416556995,-0.00042510361925670453,-0.028697116257572514,0.056270348878288
238,2011-07-18,0.0556879386432651,0.055693210772434,0.0546713863201585,0.0565672654994964,0.0897187236922467,-0.0009591965856534032,-0.000577138105854004,-0.0006420941405666028,-0.0005243034115106973,-0.011513510836730995,0.055693210772434
239,2011-07-19,0.0560305281285332,0.0583178076504358,0.0568117145341711,0.0579417941659514,0.1237475446096961,0.0003425894852681008,0.002624596878001803,0.002140328214012603,0.0013745286664550022,0.034028820917449396,0.0583178076504358
240,2011-07-20,0.0579488801941804,0.0582628120149382,0.0573333788700305,0.0599114102552399,0.1228891896799326,0.0019183520656472011,-5.4995635497601114e-05,0.0005216643358594009,0.0019696160892884937,-0.000858354929763494,0.0582628120149382
241,2011-07-21,0.0580996410217082,0.0590735750952289,0.0578149776845647,0.0593446378437582,0.1013271487760188,0.00015076082752779607,0.0008107630802906968,0.0004815988145341968,-0.000566772411481696,-0.02156204090391381,0.0590735750952289
242,2011-07-22,0.0588806971402255,0.0606125921113008,0.0594068274104828,0.0608466715747098,0.0875769630742312,0.0007810561185173023,0.0015390170160719044,0.0015918497259181028,0.0015020337309515977,-0.013750185701787598,0.0606125921113008
243,2011-07-25,0.0595384025866795,0.0605163777692927,0.0591392628073061,0.0613992859227334,0.0988882652977006,0.0006577054464540003,-9.621434200809964e-05,-0.00026756460317670094,0.0005526143480236029,0.011311302223469405,0.0605163777692927
244,2011-07-26,0.0603743011001209,0.0600629450983686,0.0596609912234219,0.0618810973702208,0.0873995146993281,0.0008358985134414021,-0.0004534326709241046,0.0005217284161158006,0.00048181144748739996,-0.011488750598372496,0.0600629450983686
245,2011-07-27,0.0593328898989182,0.0573971474467284,0.0580825165244074,0.0589762155488037,0.1272263580990739,-0.0010414112012027063,-0.0026657976516401977,-0.0015784746990145024,-0.002904881821417099,0.03982684339974579,0.0573971474467284
246,2011-07-28,0.0570171082913794,0.0573146786511811,0.0574537859528619,0.0579559478070881,0.1410632046351166,-0.0023157816075388,-8.246879554729691e-05,-0.0006287305715454994,-0.001020267741715604,0.013836846536042696,0.0573146786511811
247,2011-07-29,0.0551261282262518,0.0547175863157552,0.0557950478486044,0.0559012735604757,0.1870677275053234,-0.0018909800651275982,-0.0025970923354259046,-0.0016587381042574983,-0.0020546742466123966,0.046004522870206815,0.0547175863157552
248,2011-08-01,0.0545917180892815,0.0548549924649658,0.0539624099945621,0.0555611832663053,0.1448350142784041,-0.0005344101369702953,0.00013740614921060185,-0.0018326378540423002,-0.00034009029417040454,-0.04223271322691932,0.0548549924649658
249,2011-08-02,0.0539476972347839,0.0527113731494262,0.0530661645822671,0.0541583504325204,0.1819836252290322,-0.0006440208544975998,-0.0021436193155396008,-0.0008962454122950006,-0.001402832833784895,0.0371486109506281,0.0527113731494262
250,2011-08-03,0.0528240810677924,0.0537007521190019,0.0523571987089184,0.0533364870120217,0.173944801175286,-0.0011236161669915048,0.0009893789695757035,-0.0007089658733487048,-0.0008218634204987044,-0.008038824053746202,0.0537007521190019
251,2011-08-04,0.0526459435617128,0.0503753699820506,0.051541206441503,0.0518911295387259,0.1857843218170713,-0.00017813750607959672,-0.003325382136951306,-0.0008159922674153969,-0.0014453574732957997,0.011839520641785312,0.0503753699820506
252,2011-08-05,0.0512893677558381,0.0497432676232251,0.0509793720144625,0.0498506214550454,0.226663475347056,-0.001356575805874699,-0.0006321023588254995,-0.0005618344270404974,-0.0020405080836804965,0.040879153529984696,0.0497432676232251
253,2011-08-08,0.0487680761675025,0.0470362557482924,0.0482772505339106,0.0481077056548543,0.2868226011455737,-0.0025212915883356044,-0.002707011874932698,-0.0027021214805519056,-0.0017429158001910985,0.060159125798517676,0.0470362557482924
254,2011-08-09,0.0477677747994473,0.0497295355264183,0.0484912793113214,0.0486745074406091,0.3600840197421633,-0.0010003013680551995,0.002693279778125904,0.00021402877741080045,0.0005668017857547933,0.07326141859658963,0.0497295355264183
255,2011-08-10,0.0490969320576846,0.0485890048611712,0.0485982862920393,0.0492271374904904,0.2610389396015252,0.001329157258237304,-0.0011405306652471012,0.00010700698071790249,0.0005526300498813058,-0.09904508014063812,0.0485890048611712
256,2011-08-11,0.0487573750676542,0.0500601369899272,0.0494354055281634,0.0499768770298679,0.2592314422013502,-0.0003395569900304027,0.001471132128755999,0.0008371192361240967,0.0007497395393775003,-0.0018074974001749955,0.0500601369899272
257,2011-08-12,0.0501551969426622,0.049865843287213,0.049354345770849,0.0504778000767026,0.1725417210016341,0.001397821875007997,-0.0001942937027141975,-8.105975731440007e-05,0.0005009230468346962,-0.0866897211997161,0.049865843287213
258,2011-08-15,0.0499752700950583,0.0513092108467479,0.0500568905307084,0.0513794373684866,0.0902139284594179,-0.00017992684760390065,0.0014433675595348985,0.000702544759859404,0.0009016372917840035,-0.08232779254221619,0.0513092108467479
259,2011-08-16,0.0507502975789445,0.0503654710366541,0.0498407264360826,0.0510932058261261,0.1258232779254221,0.0007750274838862065,-0.0009437398100938035,-0.0002161640946257981,-0.00028623154236050163,0.035609349466004206,0.0503654710366541
260,2011-08-17,0.0502935824469658,0.0502266750898562,0.0501244418312861,0.0513221879282119,0.1054868688202571,-0.00045671513197870217,-0.00013879594679790108,0.00028371539520349875,0.00022898210208580072,-0.020336409105165015,0.0502266750898562
261,2011-08-18,0.0486189827733117,0.0474787179847124,0.0476520052697902,0.04864588559561,0.1190843663855004,-0.0016745996736541036,-0.0027479571051437987,-0.0024724365614959,-0.002676302332601903,0.01359749756524331,0.0474787179847124
262,2011-08-19,0.0470412586086576,0.0467292763605508,0.0472872220970489,0.0480877245787015,0.0924547300308677,-0.0015777241646540985,-0.0007494416241616009,-0.0003647831727413009,-0.0005581610169084969,-0.02662963635463271,0.0467292763605508
263,2011-08-22,0.0474841266084513,0.0469374545894846,0.0466792394786827,0.048059102629229,0.1065020385929581,0.0004428679997936988,0.00020817822893379884,-0.0006079826183661985,-2.862194947250013e-05,0.01404730856209041,0.0469374545894846
264,2011-08-23,0.0471658168525622,0.0492551886434133,0.0479492459068079,0.0483596531545709,0.0918109638335451,-0.0003183097558890971,0.0023177340539287036,0.001270006428125199,0.0003005505253418986,-0.014691074759413003,0.0492551886434133
265,2011-08-24,0.0489234466151006,0.0492412951507577,0.048341038704907,0.0496333925658819,0.0766453178389263,0.0017576297625383971,-1.3893492655597806e-05,0.0003917927980990957,0.001273739411311002,-0.01516564599461881,0.0492412951507577
266,2011-08-25,0.0488265595792172,0.0478534253471391,0.048205925225896,0.0490179744859721,0.1229304567438635,-9.688703588339731e-05,-0.0013878698036186021,-0.00013511347901099674,-0.0006154180799098005,0.04628513890493721,0.0478534253471391
267,2011-08-26,0.0478439587059301,0.0492274285574101,0.0479627521003999,0.0486029493319803,0.1028581568478565,-0.0009826008732871025,0.0013740032102710006,-0.00024317312549609893,-0.00041502515399180484,-0.020072299896007006,0.0492274285574101
268,2011-08-29,0.0496846377211954,0.0511843039093876,0.0498407213407153,0.0512506315027421,0.0677068717914857,0.0018406790152653008,0.0019568753519774995,0.0018779692403153997,0.002647682170761806,-0.0351512850563708,0.0511843039093876
269,2011-08-30,0.0506810985071148,0.0508512187430936,0.0498542385159174,0.0515225579077437,0.0857281986101252,0.0009964607859194036,-0.0003330851662940032,1.351717520210044e-05,0.0002719264050016004,0.018021326818639508,0.0508512187430936
270,2011-08-31,0.0511101185944257,0.0509067209822278,0.0509620965468111,0.0520234557226681,0.1469231277133094,0.0004290200873108968,5.5502239134204434e-05,0.0011078580308937006,0.0005008978149243989,0.06119492910318419,0.0509067209822278
271,2011-09-01,0.0509855727582035,0.0500601369899272,0.0498677453646366,0.0515654900572292,0.1163483600468793,-0.00012454583622219934,-0.0008465839923006008,-0.001094351182174505,-0.00045796566543890305,-0.030574767666430094,0.0500601369899272
272,2011-09-02,0.0490756790585726,0.048325301977013,0.0483275249827106,0.0497049450636171,0.0984755946583912,-0.0019098936996308977,-0.0017348350129142015,-0.0015402203819259996,-0.001860544993612101,-0.0178727653884881,0.048325301977013
273,2011-09-06,0.046113984873378,0.0475342291902827,0.0463684896602799,0.0475152458455539,0.1203141248906422,-0.0029616941851946035,-0.0007910727867303027,-0.001959035322430698,-0.002189699218063196,0.02183853023225099,0.0475342291902827
274,2011-09-07,0.0480653797822519,0.0496576471254072,0.0486517775600689,0.0491754096485015,0.0977410409204205,0.0019513949088739019,0.002123417935124501,0.002283287899789002,0.0016601638029475965,-0.02257308397022169,0.0496576471254072
275,2011-09-08,0.049366325085132,0.0490886370938303,0.0492732830827241,0.0500341293869477,0.1178504811739654,0.0013009453028801007,-0.0005690100315768956,0.0006215055226551983,0.0008587197384462009,0.0201094402535449,0.0490886370938303
276,2011-09-09,0.0487020089174243,0.0492135350647545,0.0490976337051051,0.0498910034960216,0.1425694524685957,-0.0006643161677077,0.00012489797092420096,-0.00017564937761899851,-0.00014312589092609768,0.0247189712946303,0.0492135350647545
277,2011-09-12,0.0484113810772628,0.0505320091365831,0.0491922130234111,0.0500627492076011,0.1469520146580611,-0.0002906278401615045,0.0013184740718285987,9.457931830599703e-05,0.00017174571157949764,0.004382562189465394,0.0505320091365831
278,2011-09-13,0.0505150463219844,0.0523362533309413,0.0510972376868486,0.0521093662317257,0.1595838629273204,0.0021036652447216017,0.0018042441943581997,0.0019050246634375045,0.0020466170241245987,0.01263184826925931,0.0523362533309413
279,2011-09-14,0.0525909846041359,0.0537240917520337,0.0527860449990099,0.0536120841371121,0.1945824598471467,0.002075938282151503,0.0013878384210923994,0.0016888073121612973,0.0015027179053863984,0.03499859691982629,0.0537240917520337
280,2011-09-15,0.0539472814622006,0.0543069997594843,0.0531913666023239,0.0552150159035658,0.1250969776002377,0.0013562968580646956,0.0005829080074506027,0.0004053216033140031,0.001602931766453701,-0.06948548224690901,0.0543069997594843
281,2011-09-16,0.0544316611831018,0.0546123113901211,0.0537182665810877,0.0556872887715366,0.1245151119988115,0.0004843797209011999,0.00030531163063679534,0.0005268999787637965,0.00047227286797080215,-0.0005818656014261875,0.0546123113901211
282,2011-09-19,0.0535044045052682,0.0538073630436072,0.0527049771238835,0.0541845569229433,0.1721744441326488,-0.0009272566778335961,-0.0008049483465139007,-0.0010132894572041987,-0.0015027318485933,0.04765933213383729,0.0538073630436072
283,2011-09-20,0.0538919039140089,0.0531966949501534,0.0529751796052795,0.0547283960864403,0.1097084894603918,0.0003874994087407005,-0.000610668093453795,0.0002702024813959966,0.000543839163496998,-0.06246595467225699,0.0531966949501534
284,2011-09-21,0.0533244804642968,0.0529607611184345,0.0532859287161873,0.0543706059680013,0.1733257952163219,-0.0005674234497120983,-0.00023593383171890275,0.00031074911090780283,-0.0003577901184389984,0.06361730575593011,0.0529607611184345
285,2011-09-22,0.0514699687860921,0.0514618868365473,0.0505838146439544,0.0519232931746177,0.1697974612502269,-0.0018545116782047039,-0.0014988742818871983,-0.0027021140722328987,-0.002447312793383602,-0.003528333966095004,0.0514618868365473
286,2011-09-23,0.0511931892485508,0.0523640044505084,0.0514755273100225,0.0522810999076637,0.1483344612997474,-0.00027677953754130097,0.0009021176139610981,0.0008917126660680993,0.0003578067330460011,-0.02146299995047951,0.0523640044505084
287,2011-09-26,0.052867773868575,0.055084188019995,0.053758805710358,0.053912624515465,0.3722784371337548,0.0016745846200242054,0.002720183569486598,0.0022832784003355006,0.0016315246078013046,0.2239439758340074,0.055084188019995
288,2011-09-27,0.0556634024510774,0.0555699446928705,0.0553530629446901,0.0569610460907959,0.2228008781631204,0.002795628582502395,0.0004857566728755022,0.001594257234332097,0.0030484215753308966,-0.1494775589706344,0.0555699446928705
289,2011-09-28,0.05523436567731,0.0539322654977494,0.0546234843972886,0.0554439933658459,0.177081098034037,-0.00042903677376739807,-0.0016376791951211028,-0.0007295785474015007,-0.0015170527249500007,-0.045719780129083426,0.0539322654977494
290,2011-09-29,0.0548606969151014,0.0541682038126864,0.0538668916876892,0.0547570257939681,0.1557955464584605,-0.0003736687622086024,0.00023593831493700507,-0.0007565927095994004,-0.0006869675718777987,-0.02128555157557649,0.0541682038126864
291,2011-09-30,0.0536704700002334,0.0531272992183634,0.0529346508864162,0.0545995910724113,0.1311797428236575,-0.0011902269148679964,-0.0010409045943230028,-0.0009322408012730002,-0.00015743472155679838,-0.024615803634803007,0.0531272992183634
292,2011-10-03,0.0526740271794282,0.0516700605822631,0.052218603120623,0.052882185901052,0.1582303032303857,-0.0009964428208052017,-0.001457238636100297,-0.0007160477657931971,-0.0017174051713593,0.027050560406728208,0.0516700605822631
293,2011-10-04,0.0508056556688044,0.0538073630436072,0.0523807248177056,0.0524098886596507,0.1856192535613476,-0.0018683715106238008,0.0021373024613440955,0.00016212169708260116,-0.0004722972414013052,0.027388950330961892,0.0538073630436072
294,2011-10-05,0.0536428076878921,0.05572262068267,0.0543667976000778,0.0544564876585095,0.1460482659579736,0.002837152019087699,0.0019152576390627993,0.0019860727823722,0.002046598998858805,-0.03957098760337399,0.05572262068267
295,2011-10-06,0.0554142868479416,0.0556254603816588,0.0545289135278002,0.0564028859382326,0.2307943084465426,0.0017714791600495008,-9.716030101119405e-05,0.0001621159277223963,0.0019463982797231008,0.08474604248856901,0.0556254603816588
296,2011-10-07,0.0556218884793909,0.0576517449150803,0.0569608353806175,0.0572902263940367,0.227063765867186,0.00020760163144930427,0.0020262845334214977,0.0024319218528172995,0.0008873404558040962,-0.0037305425793566216,0.0576517449150803
297,2011-10-10,0.0584867003637348,0.0595531000950513,0.0583659300426188,0.0599092797456627,0.1852065829220382,0.0028648118843438986,0.0019013551799709968,0.0014050946620013036,0.0026190533516260023,-0.041857182945147786,0.0595531000950513
298,2011-10-11,0.0589018965135989,0.0595531000950513,0.0583253946428218,0.0606534950451802,0.1156179330153018,0.0004151961498640999,0.0,-4.0535399797002325e-05,0.0007442152995175005,-0.06958864990673641,0.0595531000950513
299,2011-10-12,0.0597599489474098,0.0608299250714391,0.0602438975480086,0.0617841149617866,0.2074206434360608,0.000858052433810895,0.0012768249763877998,0.001918502905186803,0.0011306199166064013,0.09180271042075899,0.0608299250714391
300,2011-10-13,0.0600920987701279,0.060732769253646,0.0595548570033881,0.0621419096738028,0.1558945874118948,0.0003321498227181058,-9.715581779309868e-05,-0.0006890405446205033,0.00035779471201619756,-0.05152605602416599,0.060732769253646
301,2011-10-14,0.061254671561999,0.0608577120567505,0.0597980781338048,0.0616410338462275,0.1218451329624799,0.001162572791871097,0.00012494280310450245,0.00024322113041670007,-0.0005008758275752978,-0.0340494544494149,0.0608577120567505
302,2011-10-17,0.0604796265622189,0.0599972166389221,0.0594332727312135,0.0612975296354872,0.1381786368663442,-0.0007750449997801015,-0.0008604954178283997,-0.0003648054025912964,-0.00034350421074030163,0.016333503903864316,0.0599972166389221
303,2011-10-18,0.0597599489453022,0.0607188936938624,0.0593657045610058,0.0610685240680141,0.1233390006767798,-0.0007196776169167002,0.0007216770549402993,-6.756817020769912e-05,-0.00022900556747310064,-0.014839636189564409,0.0607188936938624
304,2011-10-19,0.0604104296845863,0.0599833410791385,0.0598926351441245,0.0616123867100949,0.1150030537627308,0.0006504807392841011,-0.0007355526147239042,0.0005269305831186941,0.0005438626420807974,-0.008335946914049,0.0599833410791385
305,2011-10-20,0.0591095109148011,0.0590396147186988,0.0578525457405934,0.0594942573992778,0.2092941681385252,-0.001300918769785199,-0.0009437263604396978,-0.0020400894035310993,-0.0021181293108170976,0.09429111437579439,0.0590396147186988
306,2011-10-21,0.0597460964320817,0.0600943455574071,0.0593116562030364,0.0612402597390335,0.1019007609646588,0.0006365855172806023,0.001054730838708301,0.0014591104624430001,0.0017460023397556992,-0.10739340717386639,0.0600943455574071
307,2011-10-24,0.0605903542779178,0.0622039282817102,0.0607978569565821,0.0625140452019753,0.1322031660091447,0.0008442578458360966,0.0021095827243031023,0.001486200753545705,0.0012737854629418024,0.03030240504448589,0.0622039282817102
308,2011-10-25,0.0622649661185349,0.0622039282817102,0.0617436024289086,0.0633727524242799,0.1245687591819217,0.0016746118406171032,0.0,0.0009457454723264952,0.0008587072223045916,-0.007634406827222995,0.0622039282817102
309,2011-10-26,0.0634274933787059,0.0627451827105019,0.0619192317609982,0.0635587970187331,0.1383230715901025,0.0011625272601709993,0.0005412544287917015,0.0001756293320896024,0.0001860445944532052,0.013754312408180785,0.0627451827105019
310,2011-10-27,0.0643824309403151,0.0656596913652288,0.0648510345183172,0.0665785900302378,0.1843936217625988,0.0009549375616091926,0.002914508654726894,0.0029318027573189964,0.0030197930115047067,0.04607055017249631,0.0656596913652288
311,2011-10-28,0.0635797464501014,0.0657152249868892,0.064270099628731,0.0655195360529232,0.1305607368646935,-0.0008026844902137009,5.553362166040021e-05,-0.0005809348895862015,-0.0010590539773146085,-0.0538328848979053,0.0657152249868892
312,2011-10-31,0.0647422853085436,0.06535438421781,0.0644052047345749,0.0668791614094452,0.1416698304749013,0.0011625388584422108,-0.00036084076907920426,0.00013510510584389956,0.0013596253565220096,0.011109093610207815,0.06535438421781
313,2011-11-01,0.0629569340083077,0.0627312981842823,0.0624056020004737,0.0646321750984536,0.1446823261418596,-0.00178535130023591,-0.002623086033527691,-0.0019996027341011927,-0.0022469863109916,0.003012495666958298,0.0627312981842823
314,2011-11-02,0.0632752405965885,0.0634529797224407,0.0622029391737351,0.0647609749672824,0.106935342764233,0.0003183065882808034,0.0007216815381583946,-0.00020266282673860048,0.00012879986882879946,-0.03774698337762661,0.0634529797224407
315,2011-11-03,0.063994917278298,0.0655902911502208,0.0639323082465703,0.0644890626392622,0.1254147339925059,0.0007196766817094968,0.002137311427780106,0.0017293690728351976,-0.00027191232802020737,0.018479391228272912,0.0655902911502208
316,2011-11-04,0.064866797414212,0.0658956027808576,0.0643376072194542,0.0661492140572474,0.1035803304666479,0.0008718801359140077,0.00030531163063679534,0.0004052989728838968,0.0016601514179852006,-0.021834403525858012,0.0658956027808576
317,2011-11-07,0.0659739901245063,0.0656319267960076,0.0644051745877217,0.0663495943257123,0.11404153117314,0.0011071927102943024,-0.0002636759848499981,6.756736826750431e-05,0.0002003802684649031,0.010461200706492105,0.0656319267960076
318,2011-11-08,0.0661123840311511,0.066353608334166,0.0648510214429324,0.0669506814646105,0.1040961687657846,0.00013839390664480145,0.0007216815381583946,0.00044584685521069367,0.0006010871388981986,-0.009945362407355399,0.066353608334166
319,2011-11-09,0.0644947344787621,0.0635993702405709,0.0631108083828621,0.065426000282301,0.1536455324276588,-0.0016176495523890083,-0.002754238093595096,-0.0017402130600703003,-0.0015246811823095008,0.04954936366187419,0.0635993702405709
320,2011-11-10,0.0643971433502682,0.0648017289655838,0.0636143930025642,0.0654115808546518,0.1108268268929202,-9.759112849390406e-05,0.0012023587250128975,0.0005035846197021104,-1.441942764919546e-05,-0.0428187055347386,0.0648017289655838
321,2011-11-11,0.0654846042101221,0.0677377301675166,0.0661731168753414,0.067372340551439,0.12109819910533,0.0010874608598539087,0.0029360012019327975,0.0025587238727771966,0.00196075969678719,0.010271372212409799,0.0677377301675166
322,2011-11-14,0.0671157939623889,0.0668289684244444,0.0663500542764442,0.0683094739497932,0.1036092174113996,0.0016311897522667956,-0.000908761743072195,0.00017693740110280576,0.0009371333983542035,-0.0174889816939304,0.0668289684244444
323,2011-11-15,0.0665023647601198,0.0676957941461223,0.0663500620639509,0.0684392384818751,0.0922236344728545,-0.0006134292022691029,0.0008668257216778996,7.787506695056123e-09,0.00012976453208189687,-0.011385582938545094,0.0676957941461223
324,2011-11-16,0.0666975354197738,0.066465460140641,0.0662275559060578,0.0683959686729417,0.0920503128043446,0.00019517065965400648,-0.0012303340054812956,-0.00012250615789309582,-4.326980893339105e-05,-0.00017332166850990427,0.066465460140641
325,2011-11-17,0.0660422744103094,0.0635993702405709,0.0644718351207658,0.064661876239813,0.2088691173800366,-0.0006552610094644057,-0.002866089900070104,-0.0017557207852920004,-0.003734092433128708,0.116818804575692,0.0635993702405709
326,2011-11-18,0.063741898729072,0.0620614785122229,0.0625119752164952,0.0637536033165269,0.1688194318350638,-0.0023003756812373932,-0.0015378917283479995,-0.001959859904270611,-0.000908272923286102,-0.04004968554497282,0.0620614785122229
327,2011-11-21,0.061329963826534,0.0618797198871032,0.0605248723375491,0.0624848686839813,0.1527541638467506,-0.002411934902538,-0.0001817586251196962,-0.001987102878946094,-0.0012687346325455928,-0.016065267988313175,0.0618797198871032
328,2011-11-22,0.0615948490213234,0.0605515261985991,0.060538473425068,0.0622974342749187,0.1032213070104488,0.0002648851947893993,-0.0013281936885041062,1.3601087518896882e-05,-0.00018743440906260345,-0.049532856836301806,0.0605515261985991
329,2011-11-23,0.0599357759840456,0.0594330439995928,0.0587555250239167,0.0609854528323372,0.0978194483418893,-0.0016590730372778029,-0.0011184821990062946,-0.0017829484011512992,-0.001311981442581496,-0.005401858668559509,0.0594330439995928
330,2011-11-25,0.0593223462905664,0.0588318803283494,0.058823593070609,0.0606682874884489,0.0421130387415196,-0.0006134296934791963,-0.0006011636712434029,6.806804669230032e-05,-0.000317165343888301,-0.0557064096003697,0.0588318803283494
331,2011-11-28,0.0604655688323746,0.0608451321469758,0.0595585394184357,0.0621821055026535,0.0930365956322939,0.0011432225418081948,0.0020132518186264034,0.0007349463478267051,0.001513818014204596,0.050923556890774296,0.0608451321469758
332,2011-11-29,0.0605770949537437,0.0605375385583649,0.0593952070409859,0.0616630684148603,0.1371882273320017,0.00011152612136910295,-0.0003075935886109049,-0.00016333237744980272,-0.0005190370877931963,0.0441516316997078,0.0605375385583649
333,2011-11-30,0.0624731610728266,0.0644521859059245,0.062947468894042,0.0636958975334128,0.1542521582674436,0.0018960661190828981,0.003914647347559599,0.003552261853056099,0.002032829118552501,0.017063930935441896,0.0644521859059245
334,2011-12-01,0.0642577487866605,0.0660320764207192,0.0644446362725789,0.0657576217630728,0.1238259520311649,0.0017845877138339059,0.0015798905147947073,0.0014971673785369038,0.0020617242296600002,-0.030426206236278702,0.0660320764207192
335,2011-12-02,0.0664605224784721,0.0656405838900115,0.0654245502748,0.0676462654322378,0.1308413528994239,0.002202773691811599,-0.0003914925307077072,0.0009799140022210967,0.0018886436691649966,0.0070154008682589974,0.0656405838900115
336,2011-12-05,0.0668648495526225,0.0680732811037238,0.0662956201916195,0.0681797259157673,0.162035126524818,0.00040432707415039015,0.0024326972137123093,0.0008710699168194974,0.0005334604835295076,0.031193773625394106,0.0680732811037238
337,2011-12-06,0.067575882607022,0.0687164076956697,0.0672211174324386,0.0698665535764423,0.144608045426784,0.0007110330543995125,0.000643126591945889,0.0009254972408190981,0.0016868276606749888,-0.01742708109803401,0.0687164076956697
338,2011-12-07,0.0685099749852236,0.0685765895751623,0.0670033481131967,0.0695205344557518,0.1283900893019263,0.0009340923782015925,-0.00013981812050739562,-0.00021776931924188947,-0.00034601912069048835,-0.016217956124857685,0.0685765895751623
339,2011-12-08,0.0678407645848254,0.0671784890680135,0.0671122278757558,0.0691312599291251,0.117437810534656,-0.0006692104003982041,-0.0013981005071487945,0.00010887976255909149,-0.00038927452662670947,-0.010952278767270299,0.0671784890680135
340,2011-12-09,0.0666836003505597,0.0685066827565177,0.0670441742178492,0.0682518017278905,0.099792013997788,-0.0011571642342656924,0.0013281936885041895,-6.805365790660267e-05,-0.0008794582012345981,-0.017645796536868,0.0685066827565177
341,2011-12-12,0.0672412766815688,0.0665353759257217,0.0659961958501698,0.0677039481931821,0.1259388257044287,0.0005576763310091021,-0.0019713068307959936,-0.001047978367679392,-0.0005478535347084035,0.026146811706640682,0.0665353759257217
342,2011-12-13,0.0668090891241773,0.0654728353212161,0.0656559489591748,0.0671272669135543,0.1052681533814232,-0.0004321875573915085,-0.001062540604505599,-0.0003402468909950024,-0.0005766812796277887,-0.020670672323005485,0.0654728353212161
343,2011-12-14,0.0651778891562005,0.0646199837901182,0.0639546530698497,0.0661468730134859,0.1100798930357702,-0.0016311999679767958,-0.0008528515310979035,-0.0017012958893251051,-0.0009803939000684048,0.004811739654347003,0.0646199837901182
344,2011-12-15,0.0666836097268833,0.0642564799895329,0.0650979199301772,0.0660027002336112,0.135124874135455,0.0015057205706827947,-0.00036350380058529363,0.0011432668603275076,-0.00014417277987470445,0.025044981099684782,0.0642564799895329
345,2011-12-16,0.0646202299276204,0.064368340762444,0.0635735764666054,0.065844119120376,0.1723642726267311,-0.002063379799262896,0.00011186077291110152,-0.0015243434635718034,-0.00015858111323520385,0.03723939849127611,0.064368340762444
346,2011-12-19,0.0642019591023189,0.063179938295139,0.0633694077838183,0.0649646460909216,0.1375761377329525,-0.0004182708253014922,-0.0011884024673050053,-0.00020416868278709532,-0.000879473029454389,-0.034788134893778605,0.063179938295139
347,2011-12-20,0.0642995329930123,0.0668429336485884,0.0651931653555007,0.066492864338194,0.1587750284742741,9.757389069339761e-05,0.003662995353449397,0.0018237575716823912,0.0015282182472723949,0.021198890741321613,0.0668429336485884
348,2011-12-21,0.0663350302327426,0.0655846378122929,0.0650706648181801,0.0666514480325453,0.1127127317145639,0.0020354972397303023,-0.0012582958362954977,-0.0001225005373206023,0.00015858369435130248,-0.0460622967597102,0.0655846378122929
349,2011-12-22,0.0655821753901383,0.0673042971321966,0.0657103466008163,0.06750207548607,0.0881051814925471,-0.000752854842604303,0.0017196593199036991,0.0006396817826362089,0.0008506274535246966,-0.0246075502220168,0.0673042971321966
350,2011-12-23,0.067324919182282,0.0678216111767414,0.0662003367536709,0.068727569444627,0.0338472458361532,0.0017427437921437028,0.0005173140445448032,0.0004899901528545997,0.0012254939585570057,-0.054257935656393905,0.0678216111767414
351,2011-12-27,0.0674643422318888,0.0682829925932217,0.0670305710589057,0.0697223785406071,0.0528012082996319,0.00013942304960679053,0.0004613814164802915,0.0008302343052347949,0.0009948090959800981,0.018953962463478698,0.0682829925932217
352,2011-12-28,0.0681335446228082,0.0676258828442596,0.0668944674078361,0.0696358691997519,0.0546871131212756,0.0006692023909194017,-0.0006571097489620897,-0.00013610365106959954,-8.650934085520368e-05,0.0018859048216437052,0.0676258828442596
353,2011-12-29,0.0676177049702809,0.0681991071007789,0.0664861603658624,0.0696070391921696,0.0430621812119311,-0.0005158396525273001,0.0005732242565192891,-0.00040830704197369894,-2.8830007582303363e-05,-0.0116249319093445,0.0681991071007789
354,2011-12-30,0.067924428923073,0.0674581208258102,0.066799203832755,0.0695349562942944,0.043190109110117,0.00030672395279210396,-0.0007409862749686996,0.00031304346689260687,-7.208289787519195e-05,0.00012792789818590056,0.0674581208258102
355,2012-01-03,0.0679244130002403,0.066353608334166,0.0670850025142974,0.0683238813010035,0.136626995262541,-1.592283270512862e-08,-0.0011045124916441995,0.00028579868154239574,-0.0012110749932909004,0.09343688615242399,0.066353608334166
356,2012-01-04,0.0660561934074884,0.0655846378122929,0.0648392876632274,0.0675885785398387,0.1258232779254221,-0.0018682195927518935,-0.0007689705218730941,-0.002245714851070002,-0.000735302761164805,-0.010803717337118879,0.0655846378122929
357,2012-01-05,0.0653173183692172,0.0664375207259169,0.0647440592100778,0.0674011960677506,0.1252207787920305,-0.0007388750382712056,0.0008528829136239952,-9.522845314960393e-05,-0.00018738247208810455,-0.0006024991333916097,0.0664375207259169
358,2012-01-06,0.0662095559570337,0.0667310773588953,0.065601466219239,0.0680066798435084,0.114128192007395,0.0008922375878165079,0.0002935566329784062,0.000857407009161204,0.0006054837757578091,-0.011092586784635497,0.0667310773588953
359,2012-01-09,0.0668927447233326,0.0673602656260053,0.066254801882647,0.0689294408911494,0.1228437959096086,0.0006831887662989006,0.0006291882671100035,0.0006533356634080001,0.0009227610476409964,0.008715603902213598,0.0673602656260053
360,2012-01-10,0.0679383495101999,0.0679054921859661,0.0670577784552444,0.0698232853256153,0.096218286261369,0.001045604786867299,0.0005452265599607958,0.000802976572597397,0.0008938444344658986,-0.026625509648239606,0.0679054921859661
361,2012-01-11,0.0676037840295914,0.0689540989488539,0.0677111051661914,0.0698377359470913,0.1121680064706756,-0.0003345654806085063,0.001048606762887802,0.0006533267109470053,1.445062147600873e-05,0.0159497202093066,0.0689540989488539
362,2012-01-12,0.0688585140805022,0.0682270599651571,0.0674116494765892,0.0702558117646123,0.1212137468843366,0.001254730050910799,-0.0007270389836968039,-0.0002994556896021988,0.0004180758175209992,0.009045740413661005,0.0682270599651571
363,2012-01-13,0.0676874127092983,0.0669687865449517,0.0663908887323206,0.068756414229578,0.0953227909740677,-0.0011711013712038948,-0.0012582734202054024,-0.0010207607442686006,-0.001499397535034308,-0.025890955910268895,0.0669687865449517
364,2012-01-17,0.0676037464530578,0.0678495640411196,0.0666902976677435,0.0698088617458739,0.1113385384856638,-8.366625624049717e-05,0.0008807774961678977,0.00029940893542289293,0.0010524475162959068,0.016015747511596096,0.0678495640411196
365,2012-01-18,0.0682032635852352,0.0699327540609168,0.0684324350046848,0.0702125773607683,0.2032320364470708,0.0005995171321773879,0.002083190019797204,0.001742137336941299,0.0004037156148943982,0.091893497961407,0.0699327540609168
366,2012-01-19,0.0697368864997512,0.0713448511747358,0.0700248615262956,0.0721156922539377,0.1787482874168468,0.001533622914516003,0.001412097113818997,0.0015924265216108041,0.001903114893169397,-0.02448374903022399,0.0713448511747358
367,2012-01-20,0.0722045751316848,0.0720019474740437,0.0707734150915301,0.0732690700197555,0.1909839718723692,0.0024676886319335983,0.0006570962993079077,0.0007485535652344971,0.0011533777658177952,0.012235684455522394,0.0720019474740437
368,2012-01-23,0.0715353627982372,0.0707017111331358,0.0700928949699607,0.0728797936164422,0.120392532312111,-0.0006692123334475913,-0.0013002363409079093,-0.0006805201215693973,-0.0003892764033132934,-0.0705914395602582,0.0707017111331358
369,2012-01-24,0.0707825100206389,0.0716664010210547,0.0698615283270409,0.0725337855457516,0.1322031660091447,-0.0007528527775983035,0.0009646898879189097,-0.00023136664291979747,-0.000346008070690601,0.011810633697033696,0.0716664010210547
370,2012-01-25,0.0710752463552985,0.0716384033244962,0.0700928608619471,0.0728509227705555,0.1107484194714514,0.0002927363346595935,-2.7997696558507146e-05,0.00023133253490620342,0.0003171372248039067,-0.02145474653769329,0.0716384033244962
371,2012-01-26,0.0714656369383771,0.0702682870642518,0.0709231097997158,0.0721300770888273,0.1600460540433469,0.00039039058307860364,-0.0013701162602444,0.0008302489377687017,-0.0007208456817282133,0.049297634571895496,0.0702682870642518
372,2012-01-27,0.0717305541733939,0.0731623701776624,0.0722024930294031,0.0733988269718316,0.2823409980026741,0.0002649172350168011,0.002894083113410606,0.001279383229687292,0.0012687498830043081,0.12229494395932719,0.0731623701776624
373,2012-01-30,0.0718141787467366,0.0714007434538381,0.0707053427017507,0.0733555533204586,0.1759256202439708,8.362457334269713e-05,-0.0017616267238243083,-0.001497150327652394,-4.327365137300754e-05,-0.1064153777587033,0.0714007434538381
374,2012-01-31,0.0721488098459755,0.0714566940147748,0.0704739905535323,0.0728077178575077,0.164725739093115,0.00033463109923891066,5.595056093669892e-05,-0.0002313521482184,-0.0005478354629508964,-0.011199881150855795,0.0714566940147748
375,2012-02-01,0.072232439475307,0.0722815478493142,0.0709775517044983,0.07383132620835,0.1051526056024166,8.362962933149143e-05,0.0008248538345394102,0.0005035611509660032,0.0010236083508423088,-0.0595731334906984,0.0722815478493142
376,2012-02-02,0.0722324586941604,0.0720438879786561,0.0707598064450403,0.0742062005291591,0.0771652828444561,1.9218853397617863e-08,-0.00023765987065810235,-0.00021774525945800205,0.00037487432080909877,-0.027987322757960495,0.0720438879786561
377,2012-02-03,0.0726646232840898,0.0726730045142777,0.0711680863860716,0.0745666062779645,0.1112353708258364,0.00043216458992940965,0.0006291165356216016,0.00040827994103129206,0.00036040574880540077,0.034070087981380295,0.0726730045142777
378,2012-02-06,0.0720093844702216,0.0710652194169392,0.0703514885972123,0.0732113927821537,0.1082435086908436,-0.0006552388138682114,-0.0016077850973384988,-0.0008165977888592996,-0.001355213495810803,-0.0029918621349927926,0.0710652194169392
379,2012-02-07,0.0706291454593926,0.0714427018913226,0.0696709762818109,0.0726491175953802,0.119158647100576,-0.0013802390108289958,0.0003774824743833921,-0.0006805123154013937,-0.0005622751867735004,0.010915138409732392,0.0714427018913226
380,2012-02-08,0.0710473823454215,0.0717502685806253,0.0703923083593607,0.0734420552367686,0.0816840263448936,0.0004182368860289054,0.00030756668930270736,0.0007213320775497911,0.0007929376413883943,-0.03747462075568239,0.0717502685806253
381,2012-02-09,0.0718002394550894,0.0709813159916243,0.0700928797669847,0.0728797778089947,0.0801942853369868,0.0007528571096678954,-0.000768952589001004,-0.00029942859237599984,-0.0005622774277738996,-0.001489741007906803,0.0709813159916243
382,2012-02-10,0.0698902035094363,0.0690798935633829,0.0685276854596071,0.0709478388863048,0.1201160429837737,-0.0019100359456531019,-0.0019014224282414005,-0.0015651943073776015,-0.0019319389226898909,0.03992175764678689,0.0690798935633829
383,2012-02-13,0.0693743444873621,0.0686744358085311,0.0681874200723914,0.0698376923664052,0.1347658506792558,-0.0005158590220741971,-0.000405457754851804,-0.0003402653872156963,-0.0011101465198996019,0.014649807695482117,0.0686744358085311
384,2012-02-14,0.0684402769736027,0.0693455511305994,0.0675477706706499,0.0705153408365682,0.0840073620442052,-0.0009340675137593929,0.0006711153220683025,-0.0006396494017414933,0.0006776484701629948,-0.050758488635050614,0.0693455511305994
385,2012-02-15,0.0694580351741979,0.068968077622652,0.0685685485375734,0.0710199543765737,0.0978730955249995,0.0010177582005951868,-0.00037747350794739565,0.0010207778669234918,0.0005046135400054996,0.013865733480794298,0.068968077622652
386,2012-02-16,0.0689995211610838,0.0713617932556476,0.0696890403315151,0.0711934494026585,0.1110579224509334,-0.00045851401311410023,0.002393715632995591,0.0011204917939417053,0.00017349502608479672,0.01318482692593391,0.0713617932556476
387,2012-02-17,0.0716112714551305,0.0706437117415623,0.0700866046544266,0.0724712913656476,0.0938371766725541,0.0026117502940467135,-0.0007180815140852975,0.0003975643229115061,0.001277841962989107,-0.0172207457783793,0.0706437117415623
388,2012-02-21,0.068746776160025,0.0678838203100392,0.0675506659832035,0.0697414117736574,0.1581353889833446,-0.002864495295105504,-0.0027598914315230955,-0.0025359386712231063,-0.0027298795919901975,0.06429821231079048,0.0678838203100392
389,2012-02-22,0.0675673183736747,0.0680105698500073,0.0664677968350292,0.069668833071843,0.1215521368085703,-0.0011794577863502992,0.00012674953996809346,-0.0010828691481743064,-7.257870181440196e-05,-0.03658325217477429,0.0680105698500073
390,2012-02-23,0.0680166485782347,0.0683625966124517,0.0668241952727956,0.0696397968965736,0.0898549050032188,0.00044933020455999173,0.00035202676244440456,0.00035639843776640034,-2.9036175269406272e-05,-0.0316972318053515,0.0683625966124517
391,2012-02-24,0.0682834357847368,0.0672361253189271,0.0671394645774051,0.0691751415165738,0.1018925075518727,0.0002667872065021115,-0.0011264712935245974,0.0003152693046095112,-0.0004646553799998038,0.012037602548653895,0.0672361253189271
392,2012-02-27,0.0669354477271024,0.067940160910944,0.0668241846133499,0.0686669223631775,0.0878575791089615,-0.0013479880576344055,0.0007040355920168995,-0.0003152799640552123,-0.0005082191533962999,-0.014034928442911196,0.067940160910944
393,2012-02-28,0.0678762137270146,0.0690807005426271,0.0675780855560067,0.0699011409407211,0.0818408411878311,0.0009407659999122048,0.0011405396316831046,0.0007539009426568016,0.0012342185775436054,-0.006016737921130402,0.0690807005426271
394,2012-02-29,0.0689293370925459,0.0681372969738852,0.0675781022546999,0.0700318419480754,0.1134266519205691,0.0010531233655312888,-0.0009434035687419101,1.669869320597428e-08,0.00013070100735429468,0.031585810732738,0.0681372969738852
395,2012-03-01,0.0681430058320234,0.0677007839677828,0.0669886686397085,0.0695381385128039,0.0967052376157541,-0.0007863312605224937,-0.00043651300610239585,-0.0005894336149914053,-0.0004937034352714975,-0.016721414304814997,0.0677007839677828
396,2012-03-02,0.0673286186728261,0.0672361253189271,0.066166231444954,0.0691751415165738,0.0794762384245885,-0.0008143871591973079,-0.0004646586488556981,-0.0008224371947544995,-0.00036299699623010273,-0.017228999191165606,0.0672361253189271
397,2012-03-05,0.0668792824784234,0.0661800495148118,0.0653848919717658,0.0676359723720258,0.1217295851834733,-0.0004493361944026969,-0.0010560758041153057,-0.0007813394731882028,-0.0015391691445479916,0.0422533467588848,0.0661800495148118
398,2012-03-06,0.0656997952606683,0.0666447126468854,0.0650833170694361,0.0677521245899428,0.1499851438569848,-0.0011794872177550986,0.0004646631320736061,-0.00030157490232969597,0.00011615221791699826,0.02825555867351151,0.0666447126468854
399,2012-03-07,0.0667388770262835,0.0670671573148292,0.0655356873166624,0.0685217236946213,0.1003161057097109,0.0010390817656152074,0.0004224446679438054,0.0004523702472263025,0.0007695991046784978,-0.0496690381472739,0.0670671573148292
400,2012-03-08,0.0672584165733347,0.0675177476255263,0.0658372523612832,0.0690154203712488,0.116864198346016,0.0005195395470511954,0.00045059031069709377,0.0003015650446207968,0.0004936966766275058,0.016548092636305092,0.0675177476255263
401,2012-03-09,0.0675532704494427,0.0696439406726075,0.0679207823576396,0.069843067047267,0.1571284726234298,0.0002948538761080033,0.0021261930470811985,0.002083529996356401,0.0008276466760182011,0.0402642742774138,0.0696439406726075
402,2012-03-12,0.0692101152406464,0.0701508088191569,0.0684827479547772,0.0710627356103702,0.1195135438503821,0.0016568447912036904,0.0005068681465494052,0.0005619655971376009,0.0012196685631031962,-0.0376149287730477,0.0701508088191569
403,2012-03-13,0.0702071123600362,0.0712210157264832,0.0694149170304544,0.0721953888688568,0.1439601525230683,0.000996997119389803,0.0010702069073263015,0.0009321690756771972,0.0011326532584866045,0.024446608672686193,0.0712210157264832
404,2012-03-14,0.070937282744971,0.0713195972076079,0.0704978286120943,0.0733279939473314,0.1004027665439659,0.0007301703849348085,9.8581481124696e-05,0.0010829115816399087,0.0011326050784745967,-0.043557385979102387,0.0713195972076079
405,2012-03-15,0.0713304207528761,0.0730515226120246,0.0713887999602181,0.0737345423550366,0.1419380663904524,0.00039313800790509446,0.0017319254044167037,0.000890971348123798,0.0004065484077051956,0.04153529984648649,0.0730515226120246
406,2012-03-16,0.072720510826204,0.0732063998618738,0.0713476610474336,0.0743734297724006,0.0929788217427906,0.001390090073327896,0.0001548772498491946,-4.1138912784496884e-05,0.0006388874173640091,-0.0489592446476618,0.0732063998618738
407,2012-03-19,0.0729170897595702,0.0737273901451981,0.0720467476203223,0.0751284905404214,0.0873293606906455,0.00019657893336620658,0.0005209902833242935,0.0006990865728886964,0.0007550607680207877,-0.005649461052145102,0.0737273901451981
408,2012-03-20,0.0730715658471385,0.0741920756933619,0.0723894551558011,0.0752737124177958,0.114743071259966,0.00015447608756830045,0.00046468554816381236,0.00034270753547879784,0.00014522187737441017,0.0274137105693205,0.0741920756933619
409,2012-03-21,0.0741668007954784,0.0741780028719853,0.0725539495787435,0.0760287792890803,0.1094443802512338,0.0010952349483398932,-1.4072821376609479e-05,0.00016449442294240446,0.0007550668712845016,-0.00529869100873219,0.0741780028719853
410,2012-03-22,0.0735490125685958,0.0736147986077492,0.0722935403599985,0.0755932020043363,0.108569518495898,-0.0006177882268825902,-0.0005632042642361029,-0.00026040921874499745,-0.0004355772847440126,-0.0008748617553358123,0.0736147986077492
411,2012-03-23,0.0735910843391321,0.0744596027624943,0.0725402210937413,0.0755495848811806,0.0717427906439312,4.2071770536292186e-05,0.0008448041547451102,0.00024668073374278787,-4.3617123155689774e-05,-0.03682672785196679,0.0744596027624943
412,2012-03-26,0.0744195262825827,0.0761493052195632,0.0741714178744728,0.0769435443369416,0.100320232416104,0.0008284419434505946,0.0016897024570688979,0.0016311967807315086,0.0013939594557609986,0.028577441772172793,0.0761493052195632
413,2012-03-27,0.0760062190913148,0.0766562226815109,0.0754325184130949,0.0781777863484639,0.1396023505719615,0.0015866928087321097,0.0005069174619476979,0.0012611005386220925,0.0012342420115222935,0.0392821181558575,0.0766562226815109
414,2012-03-28,0.0771576096970981,0.0761070643393433,0.0755970070382232,0.0777566880571721,0.0944314223931595,0.0011513906057833007,-0.0005491583421675938,0.00016448862512830065,-0.000421098291291791,-0.045170928178801986,0.0761070643393433
415,2012-03-29,0.0753041437484409,0.0761774687951886,0.0742810817686695,0.0773355966466783,0.08461398788399,-0.001853465948657207,7.04044558452882e-05,-0.0013159252695536944,-0.00042109141049380405,-0.009817434509169512,0.0761774687951886
416,2012-03-30,0.0763151166066251,0.0766280501394496,0.0751446516325868,0.0782794182553421,0.0626599098727323,0.0010109728581842031,0.00045058134426100016,0.0008635698639172934,0.0009438216086637974,-0.02195407801125769,0.0766280501394496
417,2012-04-02,0.0761185471603102,0.076980081385112,0.0753228604009424,0.078279428106652,0.0610876347369637,-0.00019656944631489537,0.00035203124566240973,0.0001782087683556005,9.851309906716565e-09,-0.0015722751357686027,0.076980081385112
418,2012-04-03,0.0766240227040158,0.0759662464612166,0.0751035240061165,0.0780180438198972,0.0817665604727554,0.0005054755437055997,-0.0010138349238954097,-0.00021933639482589473,-0.00026138428675480385,0.020678925735791706,0.0759662464612166
419,2012-04-04,0.0753322088076842,0.0748256888966614,0.0738424232918155,0.0766676412665739,0.0970147405952361,-0.001291813896331609,-0.0011405575645551946,-0.0012611007143009945,-0.0013504025533233044,0.015248180122480692,0.0748256888966614
420,2012-04-05,0.0742931618899369,0.0755579149636117,0.0736642494479051,0.0767402631219801,0.0514311417771248,-0.0010390469177472966,0.000732226066950295,-0.00017817384391040358,7.262185540619914e-05,-0.0455835988181113,0.0755579149636117
421,2012-04-09,0.0744756952115008,0.0750228339260386,0.0733215547297923,0.0763917700134567,0.0662212574899721,0.00018253332156389912,-0.0005350810375730902,-0.0003426947181128098,-0.00034849310852339,0.014790115712847295,0.0750228339260386
422,2012-04-10,0.0747565384363527,0.0733049858262165,0.0732393211621441,0.0753027546469548,0.0937133754807613,0.00028084322485190383,-0.001717848099822103,-8.223356764819334e-05,-0.0010890153665019109,0.027492117990789197,0.0733049858262165
423,2012-04-11,0.0737736494713171,0.0749102154892815,0.0734175321470008,0.0761304286480574,0.1072861128076459,-0.0009828889650356082,0.0016052296630650054,0.0001782109848566943,0.0008276740011026046,0.013572737326884604,0.0749102154892815
424,2012-04-12,0.0751216083807378,0.0756564829950823,0.0742810863256436,0.0764788980853859,0.0793070434624717,0.0013479589094207017,0.0007462675058007989,0.0008635541786428114,0.0003484694373284969,-0.027979069345174204,0.0756564829950823
425,2012-04-13,0.0754305335286464,0.0742343300232359,0.0736779688898393,0.0765515168005242,0.0692378798633234,0.0003089251479086036,-0.0014221529718464049,-0.0006031174358043095,7.26187151383062e-05,-0.010069163599148293,0.0742343300232359
426,2012-04-16,0.0742931738251473,0.0741780028719853,0.0728281011976054,0.07570932886782,0.0617479077598587,-0.0011373597034990968,-5.632715125060417e-05,-0.0008498676922338994,-0.0008421879327041998,-0.0074899721034647,0.0741780028719853
427,2012-04-17,0.0743914708381011,0.0753044786487279,0.0739521255586123,0.0767257652028329,0.0628992588435318,9.829701295380189e-05,0.0011264757767426026,0.0011240243610069062,0.0010164363350129019,0.001151351083673098,0.0753044786487279
428,2012-04-18,0.0746863062955825,0.0753185290540144,0.0735134523479174,0.0761013539745319,0.0907627804096994,0.0002948354574813933,1.4050405286500367e-05,-0.0004386732106949065,-0.0006244112283010084,0.0278635215661676,0.0753185290540144
429,2012-04-19,0.0751075727905529,0.0751495744995706,0.0747197302249423,0.0768564349159801,0.070983476667602,0.00042126649497040147,-0.00016895455444379537,0.0012062778770249027,0.0007550809414482024,-0.019779303742097396,0.0751495744995706
430,2012-04-20,0.075121580478852,0.0741075625503958,0.0734723147407589,0.0762029843420543,0.0764719961704164,1.4007688299094712e-05,-0.0010420119491748037,-0.0012474154841834034,-0.0006534505739257956,0.0054885195028143985,0.0741075625503958
431,2012-04-23,0.0734226072447044,0.0730656133662733,0.071690374008408,0.074504139325501,0.0608647925917366,-0.0016989732341475966,-0.0010419491841224954,-0.001781940732350898,-0.0016988450165533048,-0.015607203578679806,0.0730656133662733
432,2012-04-24,0.073001361668822,0.0726995092992342,0.0716766649238143,0.0744024930131379,0.0682722305673396,-0.00042124557588239797,-0.0003661040670391025,-1.3709084593693799e-05,-0.00010164631236310451,0.007407437975602997,0.0726995092992342
433,2012-04-25,0.0735770703750448,0.0749102154892815,0.0729514759204777,0.075898102558105,0.0682804839801257,0.0005757087062227967,0.002210706190047304,0.001274810996663392,0.001495609544967108,8.253412786110581e-06,0.0749102154892815
434,2012-04-26,0.075009222832905,0.0775995903845087,0.0759807696924721,0.0775678740696879,0.2141554282695894,0.0014321524578602002,0.0026893748952271923,0.0030292937719944013,0.0016697715115829015,0.14587494428946368,0.0775995903845087
435,2012-04-27,0.0742510367543601,0.0736288355633816,0.0726498876609293,0.0744605596188335,0.1926594146679652,-0.0007581860785449007,-0.003970754821127104,-0.0033308820315428034,-0.0031073144508544093,-0.021496013601624175,0.0736288355633816
436,2012-04-30,0.0733944941997559,0.073403526958379,0.0717862973842723,0.0752591701296937,0.080293326290421,-0.0008565425546041977,-0.00022530860500259708,-0.0008635902766570003,0.0007986105108602065,-0.11236608837754421,0.073403526958379
437,2012-05-01,0.0733102283338296,0.0735443179371975,0.0724442426235457,0.0752881901859694,0.067191033492349,-8.426586592630292e-05,0.00014079097881850022,0.0006579452392733998,2.9020056275697037e-05,-0.013102292798071999,0.0735443179371975
438,2012-05-02,0.0728047364630416,0.0730233276538731,0.071375057655019,0.0745331350166339,0.083248048067876,-0.0005054918707879941,-0.0005209902833244046,-0.0010691849685266902,-0.0007550551693354945,0.016057014575526996,0.0730233276538731
439,2012-05-03,0.0728609340196697,0.0715589472514609,0.0711283517535527,0.073458655005693,0.098863505059342,5.6197556628098666e-05,-0.0014643804024121881,-0.0002467059014663042,-0.0010744800109409036,0.015615456991465992,0.0715589472514609
440,2012-05-04,0.0708529964047187,0.0702071718361518,0.0693874816608429,0.0720356432358093,0.0872385731499975,-0.002007937614950994,-0.001351775415309106,-0.0017408700927098036,-0.0014230117698837003,-0.011624931909344494,0.0702071718361518
441,2012-05-07,0.0695471513897083,0.0700241265274592,0.0684142559724047,0.0717307239909617,0.0772354368531387,-0.0013058450150104095,-0.00018304530869260593,-0.0009732256884381896,-0.00030491924484760125,-0.010003136296858797,0.0700241265274592
442,2012-05-08,0.0692242032920773,0.0702635079538385,0.0687158270809651,0.0708885427819438,0.1235948564731516,-0.0003229480976309901,0.0002393814263793037,0.00030157110856039726,-0.0008421812090178976,0.0463594196200129,0.0702635079538385
443,2012-05-09,0.0689855172720345,0.0704465711954031,0.0690448203413388,0.0710482839836928,0.1071540582030669,-0.0002386860200428026,0.00018306324156459886,0.0003289932603736945,0.00015974120174899742,-0.01644079827008471,0.0704465711954031
444,2012-05-10,0.0708007086389254,0.0709003266580249,0.0695450460239714,0.0724554221058836,0.1282497812845611,0.0018151913668909003,0.0004537554626218021,0.0005002256826325963,0.0014071381221908014,0.02109572308149421,0.0709003266580249
445,2012-05-11,0.0706168764920141,0.0709428589474164,0.0697797070840176,0.0729525873991137,0.1589153364916393,-0.00018383214691129746,4.253228939150866e-05,0.00023466106004620124,0.0004971652932301007,0.0306655552070782,0.0709428589474164
446,2012-05-14,0.0699663970103958,0.0708719344382804,0.0692137146562388,0.0718704860160521,0.0792864099305062,-0.0006504794816183102,-7.092450913601112e-05,-0.0005659924277787998,-0.0010821013830615983,-0.0796289265611331,0.0708719344382804
447,2012-05-15,0.0705603134762625,0.0703898315880942,0.069420797244095,0.0723822975892773,0.0850968125319819,0.0005939164658667062,-0.00048210285018619736,0.00020708258785620548,0.0005118115732252043,0.005810402601475695,0.0703898315880942
448,2012-05-16,0.0690473043611424,0.0668022843107669,0.0675158375889915,0.0688436172902778,0.1751332926164969,-0.0015130091151201036,-0.0035875472773272965,-0.001904959655103497,-0.003538680298999508,0.09003648008451501,0.0668022843107669
449,2012-05-17,0.0666151578787641,0.0655686147910759,0.0655418458868489,0.0676153056839745,0.1178009606972483,-0.0024321464823783,-0.0012336695196910052,-0.0019739917021426023,-0.001228311606303295,-0.05733233191924861,0.0655686147910759
450,2012-05-18,0.0654980590428999,0.0646043597753054,0.0644651178443941,0.0666063261312309,0.1185437678480051,-0.0011170988358641942,-0.0009642550157704932,-0.0010767280424548026,-0.001008979552743608,0.0007428071507568079,0.0646043597753054
451,2012-05-21,0.0646354986990594,0.0655118841502031,0.0638715427054044,0.0663723647598267,0.1112229907066572,-0.00086256034384051,0.000907524374897703,-0.0005935751389896937,-0.00023396137140418993,-0.007320777141347906,0.0655118841502031
452,2012-05-22,0.0654556529918204,0.0652282937108915,0.0639681825795037,0.0670011528367794,0.091629388752249,0.0008201542927610134,-0.0002835904393116012,9.663987409928854e-05,0.0006287880769526993,-0.019593601954408194,0.0652282937108915
453,2012-05-23,0.0646355270481974,0.0650865119408898,0.0634574487766113,0.0654657885863338,0.1760618015549429,-0.0008201259436230041,-0.00014178177000170877,-0.0005107338028923908,-0.001535364250445606,0.08443241280269388,0.0650865119408898
454,2012-05-24,0.0652294095622987,0.0648596162767068,0.0636782996327113,0.0661969080339102,0.0725887654545154,0.0005938825141012932,-0.00022689566418299112,0.0002208508560999911,0.0007311194475764088,-0.10347303610042749,0.0648596162767068
455,2012-05-25,0.0647344733840989,0.0654409775739392,0.0641752272447951,0.0668256624849503,0.0825547613938363,-0.0004949361781997896,0.0005813612972323939,0.0004969276120838084,0.0006287544510400894,0.009965995939320904,0.0654409775739392
456,2012-05-29,0.0660919677537729,0.0664194174915369,0.0650725074696574,0.067820023497529,0.1049586504019412,0.0013574943696740005,0.0009784399175977038,0.0008972802248622957,0.0009943610125787011,0.022403889008104902,0.0664194174915369
457,2012-05-30,0.0656112083612151,0.065185765904718,0.0642304690122417,0.0670596558854852,0.0989377857744177,-0.000480759392557803,-0.0012336515868189013,-0.0008420384574156919,-0.0007603676120438024,-0.006020864627523506,0.065185765904718
458,2012-05-31,0.0648476225865404,0.0649872400441894,0.0636092831120863,0.065802097805866,0.0901355210379492,-0.0007635857746747104,-0.00019852586052859778,-0.0006211859001554049,-0.001257558079619192,-0.008802264736468501,0.0649872400441894
459,2012-06-01,0.0637729358196223,0.063186353780131,0.0627257992127198,0.0647199986158018,0.1078968653538238,-0.0010746867669180898,-0.0018008862640584017,-0.0008834838993665023,-0.0010820991900642035,0.017761344315874603,0.063186353780131
460,2012-06-04,0.0632214708574576,0.0633139820308317,0.062560158960686,0.0644275570076201,0.0752587444908469,-0.0005514649621646966,0.00012762825070070094,-0.00016564025203380517,-0.00029244160818170384,-0.032638120862976905,0.0633139820308317
461,2012-06-05,0.0632780363568906,0.0637677464598896,0.0626567900119938,0.0651586942314372,0.0916789092289661,5.65654994329895e-05,0.0004537644290578957,9.663105130780503e-05,0.0007311372238171104,0.016420164738119206,0.0637677464598896
462,2012-06-06,0.0641264510300795,0.0659798289978702,0.0642718681823957,0.0661822739532994,0.0787994585761212,0.0008484146731888992,0.0022120825379805947,0.0016150781704019068,0.0010235797218621917,-0.012879450652844904,0.0659798289978702
463,2012-06-07,0.0663889061477971,0.0651432022328003,0.0649758718551513,0.0671035017788169,0.0799177960086495,0.00226245511771761,-0.0008366267650698894,0.0007040036727555959,0.0009212278255174983,0.0011183374325283019,0.0651432022328003
464,2012-06-08,0.0648900325078596,0.0671142400705149,0.0654038052526984,0.0668110516322599,0.1042694904342945,-0.0014988736399375036,0.001971037837714601,0.0004279333975470978,-0.0002924501465570023,0.024351694425645,0.0671142400705149
465,2012-06-11,0.0677181254565384,0.0666321417035468,0.0664667451535104,0.0686242918895593,0.0910681566827883,0.0028280929486787926,-0.0004820983669681089,0.0010629399008120072,0.0018132402572994116,-0.0132013337515062,0.0666321417035468
466,2012-06-12,0.0666434313633564,0.0675679955331367,0.0657903122825219,0.0683610521990341,0.0793359304072233,-0.001074694093181991,0.0009358538295898972,-0.0006764328709885081,-0.0002632396905252049,-0.011732226275565,0.0675679955331367
467,2012-06-13,0.0672090473645035,0.0672702157087799,0.0667980160605499,0.0690629461361514,0.0915468546243871,0.0005656160011471012,-0.0002977798243567892,0.0010077037780280018,0.0007018939371172955,0.012210924217163799,0.0672702157087799
468,2012-06-14,0.0672090388279374,0.0670858702668605,0.0660111746682857,0.0684195412622442,0.0676160842508377,-8.536566106776e-09,-0.00018434544191940627,-0.0007868413922642037,-0.0006434048739071968,-0.02393077037354939,0.0670858702668605
469,2012-06-15,0.0671666370168446,0.0685038941949069,0.0667013967075348,0.0692384260390629,0.1003945131311797,-4.24018110928015e-05,0.001418023928046408,0.0006902220392491082,0.0008188847768186985,0.03277842888034199,0.0685038941949069
470,2012-06-18,0.068114006045927,0.07007784444582,0.0683026401996435,0.0702327368265265,0.0763151813274789,0.0009473690290824066,0.0015739502509131004,0.0016012434921086893,0.0009943107874636065,-0.024079331803700796,0.07007784444582
471,2012-06-19,0.0702492077740213,0.0702621943709575,0.0690204610686296,0.0720459596203801,0.0955951535960119,0.0021352017280942964,0.0001843499251374947,0.0007178208689860993,0.0018132227938535972,0.019279972268532994,0.0702621943709575
472,2012-06-20,0.0703481823887141,0.0705457892934871,0.0692275173436881,0.0720898183714921,0.0718500850101516,9.897461469279834e-05,0.0002835949225295925,0.00020705627505850088,4.385875111199977e-05,-0.0237450685858603,0.0705457892934871
473,2012-06-21,0.0700795311100269,0.0686598519002998,0.0687443839601152,0.0705398310004699,0.086116109011076,-0.0002686512786871931,-0.0018859373931872925,-0.00048313338357289237,-0.0015499873710222017,0.014266024000924402,0.0686598519002998
474,2012-06-22,0.0686938117176942,0.0687591506963083,0.0675848727293178,0.0706275978368067,0.2178199435466565,-0.0013857193923327016,9.92987960084929e-05,-0.001159511230797397,8.77668363367945e-05,0.13170383453558052,0.0687591506963083
475,2012-06-25,0.0679868030289639,0.0667314091170291,0.0663839259880323,0.0683610905459473,0.0933791122629207,-0.000707008688730304,-0.0020277415792791936,-0.0012009467412854996,-0.002266507290859393,-0.12444083128373581,0.0667314091170291
476,2012-06-26,0.0668272486215009,0.0672985675795622,0.0657903090351079,0.0683756690545998,0.0676243376636239,-0.001159554407463001,0.0005671584625330933,-0.0005936169529244112,1.4578508652496325e-05,-0.0257547745992968,0.0672985675795622
477,2012-06-27,0.0676615231869071,0.0682202678898511,0.0667151803509356,0.0695601025622906,0.0550956570541919,0.0008342745654062039,0.0009217003102889032,0.000924871315827705,0.0011844335076908047,-0.012528680609431998,0.0682202678898511
478,2012-06-28,0.0677464136530443,0.0673553296029611,0.0662596882452705,0.0685804325375944,0.0611949291031841,8.489046613720241e-05,-0.0008649382868899935,-0.00045549210566510345,-0.0009796700246962053,0.006099272048992202,0.0673553296029611
479,2012-06-29,0.068580675249778,0.0698368221616441,0.0682750666856454,0.0708030571137238,0.073455373797065,0.000834261596733693,0.0024814925586829906,0.0020153784403749014,0.0022226245761294006,0.0122604446938809,0.0698368221616441
480,2012-07-02,0.06938668972291,0.0694114365026767,0.0683302993253322,0.0710077950159951,0.0664729865799508,0.0008060144731319996,-0.0004253856589673949,5.523263968680581e-05,0.00020473790227130972,-0.006982387217114208,0.0694114365026767
481,2012-07-03,0.0691038754664499,0.0694256079548499,0.067764325313095,0.0710955212125369,0.043058054505538,-0.0002828142564600955,1.4171452173195043e-05,-0.0005659740122372081,8.772619654179303e-05,-0.023414932074412795,0.0694256079548499
482,2012-07-05,0.0687220529316542,0.0691986943577948,0.0678747232608521,0.0704228454569197,0.0682969908056981,-0.0003818225347956977,-0.00022691359705509506,0.0001103979477571071,-0.0006726757556172053,0.025238936300160095,0.0691986943577948
483,2012-07-06,0.068241297252279,0.0653133762225466,0.066784219678854,0.0670450192997552,0.1519535828064905,-0.00048075567937520824,-0.0038853181352482002,-0.0010905035819980952,-0.00337782615716449,0.0836565920007924,0.0653133762225466
484,2012-07-09,0.0650314542601299,0.0646894602198326,0.0636092886673854,0.0658752158854431,0.1202109572308149,-0.0032098429921490895,-0.0006239160027139978,-0.0031749310114686097,-0.0011698034143121094,-0.03174262557567559,0.0646894602198326
485,2012-07-10,0.0635325628630858,0.0645051102946951,0.0646307760263289,0.0654657692064569,0.2301876826067579,-0.0014988913970441081,-0.0001843499251374947,0.0010214873589435014,-0.00040944667898619447,0.109976725375943,0.0645051102946951
486,2012-07-11,0.0645223729107542,0.064575994454869,0.063816319267508,0.0659921714165911,0.0832067810039451,0.0009898100476684046,7.08841601738952e-05,-0.0008144567588209001,0.000526402210134197,-0.1469809016028128,0.064575994454869
487,2012-07-12,0.0638578029415363,0.0646894602198326,0.0633608144721342,0.0654950284081753,0.083730872715868,-0.0006645699692179041,0.0001134657649635995,-0.00045550479537380395,-0.0004971430084158013,0.0005240917119228999,0.0646894602198326
488,2012-07-13,0.0645223949528537,0.0648170750208792,0.063926776374208,0.0665624779128774,0.0775408131262277,0.000664592011317397,0.00012761480104660217,0.0005659619020738083,0.0010674495047020977,-0.0061900595896403066,0.0648170750208792
489,2012-07-16,0.064211277654333,0.0646468875814789,0.0632641527635057,0.0656265981496558,0.0717881844142552,-0.0003111172985206939,-0.00017018743940029613,-0.0006626236107023092,-0.0009358797632215976,-0.005752628711972491,0.0646468875814789
490,2012-07-17,0.0649748722174672,0.0652566455816738,0.063857738566189,0.0664016138176462,0.1196786121061058,0.0007635945631341984,0.0006097580001948877,0.0005935858026833024,0.000775015667990403,0.04789042769185059,0.0652566455816738
491,2012-07-18,0.0649890111400032,0.069056903621357,0.0673501790291698,0.067088882797557,0.1330491408197289,1.4138922536002796e-05,0.003800258039683202,0.003492440462980806,0.0006872689799107962,0.013370528713623112,0.069056903621357
492,2012-07-19,0.0691179906674501,0.0699644235130367,0.0681232018250514,0.0709931338919303,0.0955167461745431,0.0041289795274468966,0.0009075198916796978,0.000773022795881595,0.0039042510943732983,-0.037532394645185804,0.0699644235130367
493,2012-07-20,0.0696836176796956,0.0697942809058166,0.0681784356960402,0.0713733438138588,0.0975635925455175,0.0005656270122454954,-0.00017014260722009178,5.523387098879673e-05,0.0003802099219285121,0.002046846370974395,0.0697942809058166
494,2012-07-23,0.0683968452543738,0.0683904508460334,0.0668670441680427,0.0696332390481728,0.0919141314933725,-0.0012867724253217971,-0.001403830059783201,-0.001311391527997488,-0.001740104765686007,-0.005649461052144991,0.0683904508460334
495,2012-07-24,0.0681988288956604,0.0682060560887157,0.0668807998290448,0.0698671481548973,0.0749409880985787,-0.0001980163587134015,-0.00018439475731769905,1.375566100209058e-05,0.00023390910672449472,-0.016973143394793805,0.0682060560887157
496,2012-07-25,0.0685806796453659,0.0693972426344135,0.0683993081608621,0.0705252325524268,0.0966474637262508,0.00038185074970550903,0.0011911865456978032,0.0015185083318172976,0.0006580843975295125,0.021706475627672098,0.0693972426344135
497,2012-07-26,0.0702775011262809,0.0704181879420946,0.0698901323119267,0.0713148376754959,0.1136329872402238,0.0016968214809149895,0.0010209453076810981,0.001490824151064607,0.0007896051230690954,0.016985523513973005,0.0704181879420946
498,2012-07-27,0.0687927532216402,0.0721906819864084,0.0706355359999823,0.0705544439604186,0.111879137023159,-0.0014847479046406903,0.001772494044313802,0.0007454036880556042,-0.000760393715077301,-0.001753850217064798,0.0721906819864084
499,2012-07-30,0.0721864554953257,0.072531029965901,0.0710220778272964,0.0744294819110093,0.0729725491490731,0.0033937022736854894,0.000340347979492589,0.00038654182731409636,0.0038750379505907012,-0.03890658787408591,0.072531029965901
500,2012-07-31,0.0721722934694344,0.0721906819864084,0.0709806382988273,0.0743709650339877,0.1077936976939964,-1.4162025891287233e-05,-0.000340347979492589,-4.1439528469106035e-05,-5.851687702160269e-05,0.0348211485449233,0.0721906819864084
501,2012-08-01,0.0726106690016299,0.0720063679270152,0.0710082749502614,0.0739469348849401,0.0712269523447945,0.00043837553219548686,-0.00018431405939320356,2.7636651434098658e-05,-0.0004240301490475995,-0.0365667453492019,0.0720063679270152
502,2012-08-02,0.071705637552588,0.0731690815550439,0.0722505952003754,0.0738152787507459,0.1133193575543487,-0.0009050314490418876,0.0011627136280286943,0.001242320250114004,-0.0001316561341942052,0.04209240520955421,0.0731690815550439
503,2012-08-03,0.0738267104531242,0.0738781069687212,0.0723334438128316,0.0757162490260599,0.0782134662683019,0.002121072900536189,0.0007090254136773028,8.284861245620723e-05,0.0019009702753140095,-0.0351058912860468,0.0738781069687212
504,2012-08-06,0.073826747878686,0.0737788843874191,0.0725543458535906,0.0760233681403856,0.061364124065301,3.742556180241774e-08,-9.922258130209971e-05,0.00022090204075898845,0.0003071191143256963,-0.016849342203000904,0.0737788843874191
505,2012-08-07,0.0740812607468508,0.0748423754341458,0.0734515954409113,0.0763011830293886,0.0733109390733068,0.00025451286816480234,0.0010634910467267056,0.0008972495873207087,0.00027781488900299744,0.011946815008005797,0.0748423754341458
506,2012-08-08,0.0745903259828815,0.0750267298425013,0.0733963895928569,0.0766228962559937,0.0778544428121028,0.000509065236030698,0.00018435440835549988,-5.520584805440709e-05,0.00032171322660509705,0.004543503738796001,0.0750267298425013
507,2012-08-09,0.0750160318107467,0.0758125617473618,0.0742197582892241,0.0774717772233933,0.0631344811079381,0.0004257058278652054,0.0007858319048604928,0.0008233686963672049,0.0008488809673996012,-0.014719961704164702,0.0758125617473618
508,2012-08-10,0.0751727589575946,0.0758982898424123,0.0740111204365477,0.07750124359083,0.0369959228140836,0.00015672714684789035,8.572809505050238e-05,-0.00020863785267639934,2.946636743669795e-05,-0.026138558293854496,0.0758982898424123
509,2012-08-13,0.0753294825308301,0.0756553890898845,0.0738859311344612,0.0770297474875019,0.0653340156154569,0.00015672357323551211,-0.0002429007525277943,-0.00012518930208650636,-0.0004714961033280979,0.028338092801373303,0.0756553890898845
510,2012-08-14,0.0757284677941672,0.0747124114268548,0.0739694236420062,0.0768087761685799,0.0630725805120417,0.0003989852633370927,-0.0009429776630297121,8.349250754501047e-05,-0.00022097131892200028,-0.002261435103415199,0.0747124114268548
511,2012-08-15,0.074517339489389,0.0750838594897782,0.0735660149337646,0.0770592120171317,0.0505108862514649,-0.0012111283047781946,0.0003714480629234129,-0.00040340870824159825,0.00025043584855180545,-0.012561694260576801,0.0750838594897782
512,2012-08-16,0.0753437481943516,0.0761697755930598,0.0744144984778984,0.0773833827401133,0.073319192486093,0.0008264087049626029,0.0010859161032815978,0.0008484835441337907,0.00032417072298160376,0.022808306234628102,0.0761697755930598
513,2012-08-17,0.0761273964807764,0.0762126441238031,0.0746231452795384,0.078282168636326,0.0573735989831795,0.0007836482864247984,4.2868530743297995e-05,0.00020864680163999727,0.0008987858962127004,-0.015945593502913503,0.0762126441238031
514,2012-08-20,0.0760134020056815,0.076155483094,0.0743866780055381,0.0775012510608225,0.0504118452980307,-0.00011399447509490013,-5.7161029803104446e-05,-0.00023646727400029877,-0.000780917575503498,-0.0069617536851488,0.076155483094
515,2012-08-21,0.0762983387175154,0.0765698131373208,0.0752629371115664,0.0786210178105983,0.0775408131262277,0.0002849367118338969,0.0004143300433207958,0.0008762591060283015,0.0011197667497757913,0.027128967828196994,0.0765698131373208
516,2012-08-22,0.0760703895316474,0.0761126145632567,0.0744701295316317,0.0779138029154963,0.064587081758307,-0.0002279491858680066,-0.0004571985740640938,-0.0007928075799346901,-0.0007072148951020041,-0.01295373136792069,0.0761126145632567
517,2012-08-23,0.0755574541321951,0.0758125617473618,0.0743449417505183,0.0779432672235008,0.0578234099800267,-0.0005129353994522967,-0.0003000528158949023,-0.0001251877811134089,2.9464308004503725e-05,-0.006763671778280307,0.0758125617473618
518,2012-08-24,0.0756002189180731,0.0762412201554866,0.0746370514229116,0.0780906232114773,0.0598785097637873,4.2764785878002254e-05,0.0004286584081247963,0.00029210967239330643,0.00014735598797650795,0.0020550997837606028,0.0762412201554866
519,2012-08-27,0.0761131307138854,0.0756982576206277,0.0745396734925362,0.0778990644036366,0.0740826331688153,0.0005129117958122958,-0.0005429625348588873,-9.737793037541131e-05,-0.00019155880784070545,0.014204123405028003,0.0756982576206277
520,2012-08-28,0.0732350312775851,0.073812235046298,0.0721055583814364,0.0742155489425298,0.1687946715967052,-0.0028780994363002965,-0.0018860225743297099,-0.0024341151110997966,-0.003683515461106804,0.09471203842788989,0.073812235046298
521,2012-08-29,0.0739474353822818,0.0746266564324961,0.0729401124133541,0.07601310937669,0.0737648767765471,0.0007124041046966956,0.000814421386198097,0.0008345540319177058,0.0017975604341601975,-0.0950297948201581,0.0746266564324961
522,2012-08-30,0.0730783030725547,0.0727120533432647,0.0720081953542719,0.0749522541989732,0.088938776183952,-0.0008691323097270998,-0.0019146030892314009,-0.0009319170590822018,-0.001060855177716799,0.015173899407404906,0.0727120533432647
523,2012-08-31,0.0732064988508782,0.0733121186260923,0.0718968824748242,0.0747312086455263,0.0703025701127416,0.0001281957783235005,0.0006000652828276054,-0.00011131287944769752,-0.0002210455534468886,-0.0186362060712104,0.0733121186260923
524,2012-09-04,0.0730498076377104,0.0744694882582368,0.0728010235956284,0.0750406620661954,0.0871766725541011,-0.00015669121316778944,0.0011573696321444948,0.0009041411208041972,0.000309453420669098,0.016874102441359493,0.0744694882582368
525,2012-09-05,0.0732635259657196,0.0730978342542102,0.0726062955940118,0.0752469389630679,0.080425380895,0.00021371832800919088,-0.0013716540040265984,-0.00019472800161660087,0.00020627689687249817,-0.0067512916591011,0.0730978342542102
526,2012-09-06,0.0735199766965347,0.0748981152838354,0.0730096504749262,0.0759099583449577,0.0660396824086759,0.00025645073081510816,0.0018002810296252059,0.0004033548809144055,0.0006630193818897984,-0.014385698486324094,0.0748981152838354
527,2012-09-07,0.0731068124738533,0.0740837207969454,0.0725228486993851,0.0748491290305103,0.0943695217972631,-0.0004131642226814086,-0.0008143944868899966,-0.0004868017755410986,-0.001060829314447398,0.0283298393885872,0.0740837207969454
528,2012-09-10,0.0738191738848039,0.0745408969549194,0.0733990916828991,0.0759983481863497,0.0797403476337465,0.0007123614109506016,0.0004571761579739986,0.0008762429835139918,0.0011492191558394038,-0.014629174163516598,0.0745408969549194
529,2012-09-11,0.0742038868383294,0.0740551223491718,0.0731209203074094,0.0761457018717194,0.0898342714712533,0.00038471295352550394,-0.00048577460574759923,-0.0002781713754897025,0.0001473536853696944,0.01009392383750679,0.0740551223491718
530,2012-09-12,0.0743606359965261,0.0735693522266422,0.0732739476157116,0.0757921071628194,0.0748708340898961,0.00015674915819670343,-0.00048577012252960794,0.00015302730830220324,-0.0003535947089000069,-0.014963437381357192,0.0735693522266422
531,2012-09-13,0.0733490190380533,0.0735550552443644,0.0718273782754594,0.0747607200958407,0.1118626301975867,-0.001011616958472808,-1.4296982277797743e-05,-0.0014465693402521962,-0.001031387066978695,0.0369917961076906,0.0735550552443644
532,2012-09-14,0.0737052138817145,0.07498385682854,0.0737051238365943,0.0758510319214669,0.0731211105792245,0.0003561948436612006,0.001428801584175604,0.0018777455611349025,0.0010903118256262029,-0.0387415196183622,0.07498385682854
533,2012-09-17,0.073890454843925,0.0740837207969454,0.072620213051824,0.0757331772472198,0.0769465674056222,0.00018524096221049502,-0.0009001360315945978,-0.0010849107847702988,-0.00011785467424710316,0.0038254568263976912,0.0740837207969454
534,2012-09-18,0.0738904300053258,0.0726548878302437,0.0721333670416747,0.0747754346148385,0.095950050345818,-2.4838599191334687e-08,-0.0014288329667017097,-0.00048684601014931106,-0.0009577426323812976,0.0190034829401958,0.0726548878302437
535,2012-09-19,0.0700861862017192,0.0691971655804487,0.0686421332505981,0.0711361064817443,0.2592562024397088,-0.0038042438036065968,-0.0034577222497950005,-0.0034912337910765895,-0.0036393281330941996,0.16330615209389082,0.0691971655804487
536,2012-09-20,0.0686613997205164,0.0679969856993952,0.0670286794552173,0.0698247942704219,0.1404070583186147,-0.001424786481202811,-0.0012001798810534897,-0.0016134537953808037,-0.001311312211322399,-0.11884914412109412,0.0679969856993952
537,2012-09-21,0.0675643073044111,0.0680970107767236,0.0666809569248894,0.0698542722658501,0.1069889899473432,-0.001097092416105297,0.00010002507732839727,-0.00034772253032790135,2.9477995428198178e-05,-0.033418068371271495,0.0680970107767236
538,2012-09-24,0.067721011712674,0.0673397190378024,0.0662219297487245,0.0690880737893187,0.0820182895627341,0.00015670440826290322,-0.0007572917389211953,-0.00045902717616490285,-0.0007661984765314073,-0.024970700384609093,0.0673397190378024
539,2012-09-25,0.0676782566933955,0.0669396366613611,0.0664722842699158,0.0687491779657728,0.1217914857793697,-4.2755019278500894e-05,-0.00040008237644130473,0.00025035452119130663,-0.00033889582354589,0.039773196216635595,0.0669396366613611
540,2012-09-26,0.0669088760623237,0.0669253665783915,0.0653456487227253,0.0683955737117835,0.1339074957494924,-0.000769380631071806,-1.4270082969600195e-05,-0.001126635547190502,-0.00035360425398930917,0.012116009970122701,0.0669253665783915
541,2012-09-27,0.0670513776734324,0.0684399231569257,0.0667365912636572,0.0686902745478987,0.1319844505703108,0.00014250161110870851,0.001514556578534193,0.0013909425409319026,0.0002947008361151998,-0.0019230451791815983,0.0684399231569257
542,2012-09-28,0.0677922599639108,0.0681684284398422,0.0669034834930306,0.0693090908536149,0.1310518149254717,0.0007408822904784035,-0.0002714947170835008,0.0001668922293733971,0.0006188163057162105,-0.0009326356448391138,0.0681684284398422
543,2012-10-01,0.0683906894613078,0.0675683452241426,0.0680718742145297,0.0695595813606342,0.1365031940707482,0.0005984294973969961,-0.0006000832156995983,0.0011683907214991018,0.00025049050701929365,0.005451379145276519,0.0675683452241426
544,2012-10-02,0.0674360548803877,0.0679398157031561,0.066166291438239,0.069043873317081,0.0822576385335336,-0.0009546345809200996,0.00037147047901350816,-0.0019055827762907013,-0.0005157080435531924,-0.05424555553721461,0.0679398157031561
545,2012-10-03,0.0678634782657338,0.0674111411841391,0.0664444605879498,0.0693974703365435,0.0781020451956884,0.00042742338534609847,-0.0005286745190170028,0.0002781691497107941,0.0003535970194624982,-0.004155593337845195,0.0674111411841391
546,2012-10-04,0.0675215255257334,0.0673682816198318,0.0663053678338631,0.0693385413294881,0.0689201234710552,-0.00034195274000040077,-4.2859564307301534e-05,-0.00013909275408670319,-5.892900705541104e-05,-0.00918192172463321,0.0673682816198318
547,2012-10-05,0.0675500441784814,0.0673254355051787,0.066792216236061,0.0693385638023138,0.0514146349515524,2.8518652747999695e-05,-4.2846114653105616e-05,0.0004868484021979119,2.247282571143927e-08,-0.017505488519502795,0.0673254355051787
548,2012-10-08,0.0667806433286675,0.0669253665783915,0.0653317418088664,0.0684839801855365,0.0551658110628745,-0.0007694008498139032,-0.0004000689267871921,-0.0014604744271946024,-0.0008545836167773019,0.0037511761113220993,0.0669253665783915
549,2012-10-09,0.0667094004734334,0.0663967055090285,0.0654569216705873,0.0680714241524585,0.0908246810055958,-7.124285523409102e-05,-0.0005286610693630012,0.00012517986172089213,-0.00041255603307800703,0.03565886994272131,0.0663967055090285
550,2012-10-10,0.0660824921792305,0.0650822035683689,0.0645945486349998,0.0669516356564294,0.1013312754824119,-0.0006269082942029075,-0.0013145019406596015,-0.0008623730355874909,-0.0011197884960290894,0.010506594476816095,0.0650822035683689
551,2012-10-11,0.0649996467662804,0.0641534915050908,0.0636348221813799,0.0661265412164579,0.1160842508377213,-0.0010828454129501036,-0.0009287120632781032,-0.0009597264536198996,-0.0008250944399715021,0.014752975355309395,0.0641534915050908
552,2012-10-12,0.0639737751805882,0.0645106784514807,0.0636626264082446,0.0658613119461843,0.0909938759677126,-0.0010258715856922007,0.00035718694638990633,2.7804226864699966e-05,-0.0002652292702736009,-0.02509037487000869,0.0645106784514807
553,2012-10-15,0.064657695256942,0.0653822608674818,0.0639269140657806,0.0665538240377058,0.1041498159488948,0.0006839200763538028,0.0008715824160011043,0.0002642876575359998,0.0006925120915214911,0.013155939981182196,0.0653822608674818
554,2012-10-16,0.0653700947550425,0.0661681062219964,0.0648031948897802,0.0670842481514354,0.0975181987751935,0.0007123994981005077,0.0007858453545145916,0.0008762808239995978,0.0005304241137296106,-0.00663161717370131,0.0661681062219964
555,2012-10-17,0.0655695596422973,0.0653393878535205,0.0655403763681566,0.0671873789977721,0.1411292319374061,0.00019946488725479383,-0.0008287183684758948,0.0007371814783763975,0.00010313084633668812,0.0436110331622126,0.0653393878535205
556,2012-10-18,0.0653700646094763,0.0665395632513559,0.0648588032524924,0.0671284232462749,0.1358718079926049,-0.00019949503282100378,0.0012001753978354013,-0.0006815731156642052,-5.895575149719723e-05,-0.005257423944801193,0.0665395632513559
557,2012-10-19,0.0663674367365758,0.0651250541662401,0.0648727173869938,0.0669221490042242,0.0930943695217972,0.0009973721270995078,-0.0014145090851157976,1.3914134501399888e-05,-0.00020627424205069134,-0.0427774384708077,0.0651250541662401
558,2012-10-22,0.0652133737675303,0.0670682601864631,0.0653873893836303,0.0673642080095191,0.1062214225582278,-0.0011540629690455079,0.0019432060202229928,0.0005146719966365038,0.00044205900529489806,0.013127053036430594,0.0670682601864631
559,2012-10-23,0.0659400338249502,0.0665824766142794,0.0652065841680038,0.067496826568815,0.1158944223436391,0.0007266600574199061,-0.00048578357218369284,-0.00018080521562649499,0.00013261855929590227,0.009672999785411307,0.0665824766142794
560,2012-10-24,0.066609665030047,0.0673397190378024,0.0658463794207066,0.0686313210812485,0.1145284825275251,0.0006696312050968045,0.0007572424235229996,0.0006397952527028017,0.0011344945124334982,-0.0013659398161140063,0.0673397190378024
561,2012-10-25,0.067379059246585,0.0673540025704261,0.0660411059347751,0.0681008913326352,0.187620706161998,0.0007693942165379886,1.4283532623698969e-05,0.0001947265140684884,-0.0005304297486133092,0.0730922236344729,0.0673540025704261
562,2012-10-26,0.0667236822066421,0.0666253451450227,0.0671816962594612,0.0680714554041379,0.1765817665604727,-0.0006553770399428949,-0.0007286574254034006,0.0011405903246861082,-2.9435928497287267e-05,-0.0110389396015253,0.0666253451450227
563,2012-10-31,0.0665526598526545,0.0665109961861084,0.0653734533425544,0.0675999229222673,0.1076616430894174,-0.00017102235398759602,-0.0001143489589143093,-0.001808242916906802,-0.0004715324818706096,-0.06892012347105529,0.0665109961861084
564,2012-11-01,0.066851891020521,0.0696115359727317,0.067863233228324,0.0687786715476214,0.0966020699559267,0.0002992311678664955,0.0031005397866233075,0.002489779885769594,0.001178748625354109,-0.011059573133490708,0.0696115359727317
565,2012-11-02,0.0692598260628254,0.0684399231569257,0.0677519660351804,0.0700310755086325,0.116554695366534,0.002407935042304396,-0.0011716128158060085,-0.00011126719314359657,0.0012524039610110893,0.0199526254106073,0.0684399231569257
566,2012-11-05,0.067977507817711,0.0689114366461397,0.0674320632277755,0.069957415944054,0.0787994585761212,-0.0012823182451143916,0.0004715134892140094,-0.00031990280740490373,-7.365956457849876e-05,-0.0377552367904128,0.0689114366461397
567,2012-11-06,0.0690745841718421,0.0698687157746652,0.0680162298864791,0.0710035084860666,0.1214159554975982,0.0010970763541311018,0.0009572791285255011,0.0005841666587036026,0.0010460925420126,0.04261649692147701,0.0698687157746652
568,2012-11-07,0.0689036316924074,0.0670396931212156,0.0674737869401356,0.0688670946965238,0.1055570228289397,-0.00017095247943470226,-0.0028290226534496005,-0.0005424429463434938,-0.002136413789542796,-0.01585893266865851,0.0670396931212156
569,2012-11-08,0.0667236588243685,0.0652393762258463,0.065262194837362,0.0670695139421329,0.1452105445601756,-0.002179972868038907,-0.0018003168953693027,-0.0022115921027736074,-0.001797580754390904,0.0396535217312359,0.0652393762258463
570,2012-11-09,0.0650423768381984,0.0660680766614501,0.0648170886313352,0.0671873725814059,0.1411085984054406,-0.0016812819861700967,0.0008287004356038047,-0.0004451062060267935,0.00011785863927300799,-0.004101946154734998,0.0660680766614501
571,2012-11-12,0.0670371107784056,0.0680112602655829,0.0667643946787698,0.0690144098277454,0.1118626301975867,0.0019947339402072023,0.0019431836041328004,0.0019473060474345938,0.001827037246339494,-0.029245968207853898,0.0680112602655829
572,2012-11-13,0.0672935983091911,0.0658252072914484,0.0659854964578567,0.0678504387533564,0.1123041877816477,0.0002564875307854986,-0.002186052974134503,-0.0007788982209130935,-0.0011639710743889947,0.0004415575840610031,0.0658252072914484
573,2012-11-14,0.0662534812494496,0.0644821203526693,0.0649283865603617,0.0663917587770687,0.124184975487364,-0.0010401170597414966,-0.0013430869387791033,-0.0010571098974949955,-0.0014586799762877078,0.011880787705716295,0.0644821203526693
574,2012-11-15,0.0644164940257993,0.0633865070488023,0.0632495867829291,0.0650380343447088,0.1633969396345388,-0.0018369872236503049,-0.0010956133038669963,-0.001678799777432613,-0.0013537244323598985,0.0392119641471748,0.0633865070488023
575,2012-11-16,0.0634533313098992,0.0639054754007979,0.0624356356518508,0.0642352745672505,0.1245233654115977,-0.0009631627159000927,0.000518968351995594,-0.0008139511310782943,-0.0008027597774582923,-0.038873574222941104,0.0639054754007979
576,2012-11-19,0.0638558504111269,0.0637901535835724,0.0628426144672172,0.0653948214377734,0.1049462702827619,0.00040251910122769685,-0.00011532181722549717,0.0004069788153664017,0.0011595468705229012,-0.019577095128835792,0.0637901535835724
577,2012-11-20,0.063482082911403,0.0639054754007979,0.0625058027462588,0.065097495758102,0.0794184645350852,-0.0003737674997238982,0.00011532181722549717,-0.0003368117209583965,-0.00029732567967140355,-0.0255278057476767,0.0639054754007979
578,2012-11-21,0.0637264711789391,0.0636171596496892,0.0622531992649154,0.0654394117590772,0.0404004555883858,0.00024438826753610254,-0.00028831575110870034,-0.00025260348134340666,0.0003419160009752037,-0.039018008946699406,0.0636171596496892
579,2012-11-23,0.0639708490218775,0.0651164015554542,0.0636425234478054,0.0661083728849,0.0302116175038378,0.0002443778429383897,0.001499241905765003,0.001389324182889999,0.0006689611258227923,-0.010188838084548,0.0651164015554542
580,2012-11-26,0.0646321297686253,0.0650443338257221,0.0636706015670913,0.0664354280669914,0.0699518000693286,0.0006612807467478027,-7.206772973210318e-05,2.8078119285901426e-05,0.00032705518209140416,0.039740182565490806,0.0650443338257221
581,2012-11-27,0.0648189885140782,0.0644965114825256,0.0634320088982735,0.0663908078348334,0.0686972813258282,0.00018685874545290582,-0.0005478223431965024,-0.0002385926688178025,-4.4620232157996376e-05,-0.0012545187435004101,0.0644965114825256
582,2012-11-28,0.0640570963223107,0.0656353654242318,0.0639231896900033,0.0651866793562844,0.0962430464997276,-0.0007618921917675048,0.0011388539417062082,0.0004911807917298006,-0.0012041284785490047,0.02754576517389941,0.0656353654242318
583,2012-11-29,0.0656096337068897,0.0656930196080175,0.0643862917656228,0.0672084228922021,0.0548769416153579,0.0015525373845790003,5.76541837856992e-05,0.00046310207561950367,0.0020217435359176916,-0.0413661048843697,0.0656930196080175
584,2012-11-30,0.0656384061511991,0.0655488841485533,0.0641337063865891,0.0668367983360076,0.0934121259140654,2.8772444309405065e-05,-0.00014413545946420636,-0.00025258537903369294,-0.0003716245561944942,0.0385351842987075,0.0655488841485533
585,2012-12-03,0.0657246641340971,0.0654335578481098,0.0643863153292028,0.0671043870836245,0.0783083805153431,8.625798289799147e-05,-0.00011532630044350234,0.0002526089426136968,0.0002675887476168981,-0.015103745398722307,0.0654335578481098
586,2012-12-04,0.0652933938387273,0.0680284085745238,0.0662808520629026,0.0672233147309311,0.1302883742427494,-0.00043127029536979555,0.002594850726414008,0.0018945367336997976,0.00011892764730660199,0.05197999372740629,0.0680284085745238
587,2012-12-05,0.0678378473327333,0.0668895546328176,0.0664211859236676,0.0687990838832031,0.0915881216883181,0.002544453494006005,-0.0011388539417062082,0.00014033386076499343,0.0015757691522720052,-0.03870025255443128,0.0668895546328176
588,2012-12-06,0.0667309176255697,0.0676968208030498,0.0660422596277619,0.0690071863091511,0.048220564203298,-0.001106929707163612,0.0008072661702322043,-0.0003789262959056905,0.00020810242594800077,-0.04336755748502011,0.0676968208030498
589,2012-12-07,0.0676941006116303,0.0680284085745238,0.0663510191615049,0.0693639931538022,0.0498795001733216,0.0009631829860606012,0.000331587771474004,0.0003087595337429999,0.00035680684465110024,0.0016589359700236034,0.0680284085745238
590,2012-12-10,0.0677659827050071,0.0683599784131258,0.0670948111657378,0.0700775586540904,0.0595029794820158,7.188209337680163e-05,0.0003315698386019972,0.0007437920042328988,0.0007135655002881991,0.0096234793086942,0.0683599784131258
591,2012-12-11,0.0685566326682864,0.0683599784131258,0.0672211140954455,0.0703154118326403,0.0644220135025833,0.0007906499632793079,0.0,0.00012630292970769452,0.0002378531785498933,0.004919034020567495,0.0683599784131258
592,2012-12-12,0.0685278825498917,0.0678698461194591,0.0669685096894864,0.0698545760051567,0.0526237599247288,-2.875011839470476e-05,-0.0004901322936666924,-0.00025260440595910316,-0.0004608358274836022,-0.011798253577854495,0.0678698461194591
593,2012-12-13,0.0676222388264336,0.0671923063459628,0.0664352371186368,0.0687545088051754,0.0550791502286195,-0.0009056437234580966,-0.0006775397734963134,-0.0005332725708495911,-0.0011000671999812917,0.002455390303890699,0.0671923063459628
594,2012-12-14,0.0670902835772206,0.0680139501963972,0.0667298838218499,0.0689031046466905,0.0770332282398771,-0.0005319552492129981,0.0008216438504344004,0.0002946467032130945,0.00014859584151509508,0.0219540780112576,0.0680139501963972
595,2012-12-17,0.0679528587325562,0.0682590611754108,0.067010600853022,0.0694531893721958,0.060439741833248,0.0008625751553355959,0.000245110979013613,0.00028071703117210633,0.000550084725505301,-0.016593486406629103,0.0682590611754108
596,2012-12-18,0.0680965857931657,0.0689654145911459,0.0672070457308483,0.0700477932250362,0.0519139664251167,0.0001437270606094998,0.000706353415735092,0.0001964448778263017,0.0005946038528403946,-0.008525775408131299,0.0689654145911459
597,2012-12-19,0.0688872377566223,0.0690807408915894,0.0677683953446429,0.0709546122569635,0.0439948168567702,0.0007906519634565956,0.00011532630044350234,0.0005613496137946011,0.0009068190319273112,-0.007919149568346495,0.0690807408915894
598,2012-12-20,0.0690885283877721,0.0699313059814951,0.0683438030778803,0.0709249101767422,0.0564285832191611,0.00020129063114980583,0.0008505650899057055,0.0005754077332373875,-2.970208022130827e-05,0.012433766362390901,0.0699313059814951
599,2012-12-21,0.0688585077984581,0.069729471506065,0.0679227820509804,0.0699734840286911,0.0980464171935095,-0.00023002058931399783,-0.0002018344754301099,-0.0004210210268998926,-0.0009514261480511044,0.041617833974348394,0.069729471506065
600,2012-12-24,0.0691172667672557,0.0689221874029607,0.0684700929041429,0.0709546289551099,0.0235387332662055,0.0002587589687975955,-0.0008072841031042943,0.0005473108531624943,0.000981144926418806,-0.074507683927304,0.0689221874029607
601,2012-12-26,0.0690022694973977,0.0687347888895671,0.0677122844382187,0.0706721894854784,0.0329600039616381,-0.00011499726985800263,-0.0001873985133935968,-0.0007578084659242007,-0.0002824394696314958,0.009421270695432596,0.0687347888895671
602,2012-12-27,0.0685710237940793,0.0683744098919444,0.0670807868403873,0.0694978046368864,0.0615456991465971,-0.0004312457033184003,-0.0003603789976227012,-0.0006314975978313903,-0.0011743848485920028,0.028585695184959,0.0683744098919444
603,2012-12-28,0.067852232403613,0.0677833424276905,0.0668562315425424,0.0698248368656022,0.0387043792608243,-0.0007187913904662946,-0.0005910674642538999,-0.0002245552978449028,0.0003270322287158012,-0.0228413198857728,0.0677833424276905
604,2012-12-31,0.0677516292532037,0.0688501376061007,0.0670246581064299,0.0695126753472932,0.0425999900959046,-0.00010060315040930079,0.0010667951784101987,0.00016842656388749155,-0.0003121615183089982,0.0038956108350803043,0.0688501376061007
605,2013-01-02,0.0701667064515265,0.0714594063616792,0.0697471840031196,0.072441244407641,0.0758282299730938,0.002415077198322804,0.0026092687555785005,0.002722525896689712,0.002928569060347802,0.033228239877189196,0.0714594063616792
606,2013-01-03,0.0718773647600362,0.0708395028390964,0.0704207769300764,0.072664212550785,0.0923515623710404,0.0017106583085096938,-0.0006199035225828015,0.0006735929269567897,0.0002229681431440006,0.016523332397946608,0.0708395028390964
607,2013-01-04,0.0706698076989843,0.0706088323053374,0.0692419346737466,0.0725006698800047,0.0549801092751852,-0.0012075570610518976,-0.0002306705337589976,-0.0011788422563297901,-0.00016354267078030893,-0.037371453095855205,0.0706088323053374
608,2013-01-07,0.0699366723336194,0.0701042909489423,0.0683718619769006,0.0711776229829539,0.063881414965088,-0.0007331353653649009,-0.0005045413563951051,-0.000870072696846011,-0.001323046897050803,0.008901305689902793,0.0701042909489423
609,2013-01-08,0.0695197846396131,0.0682878927505216,0.0680490913135365,0.0704194645190128,0.0646531090605965,-0.00041688769400630155,-0.0018163981984206934,-0.00032277066336409976,-0.0007581584639410888,0.0007716940955085072,0.0682878927505216
610,2013-01-09,0.0683409715842815,0.0689654145911459,0.0673052807016388,0.0705829640418108,0.0421295455670919,-0.0011788130553316012,0.0006775218406242928,-0.0007438106118976967,0.00016349952279799684,-0.0225235634935046,0.0689654145911459
611,2013-01-10,0.0691747745873384,0.0700466322819386,0.068343799982752,0.0714006132950438,0.063175748171869,0.000833803003056896,0.0010812176907926963,0.0010385192811132038,0.0008176492532329938,0.021046202604777096,0.0700466322819386
612,2013-01-11,0.0699941478257783,0.0709115526359564,0.0690875529681009,0.0719506242720423,0.0731169838728314,0.000819373238439905,0.0008649203540178063,0.0007437529853489,0.0005500109769984995,0.009941235700962406,0.0709115526359564
613,2013-01-14,0.0704398072359934,0.0705223420632228,0.0694384113807672,0.0724263488692633,0.0547077466532411,0.00044565941021509903,-0.0003892105727335976,0.00035085841266629947,0.0004757245972210056,-0.0184092372195903,0.0705223420632228
614,2013-01-15,0.0697929272704477,0.0697583210140479,0.0682736396367409,0.0715195497888681,0.0686353807299318,-0.0006468799655457019,-0.0007640210491749039,-0.0011647717440263078,-0.0009067990803952042,0.013927634076690704,0.0697583210140479
615,2013-01-16,0.0693184911879783,0.0699168476033684,0.0683858583100147,0.0715938279845635,0.0616241065680659,-0.00047443608246940105,0.00015852658932050123,0.00011221867327380897,7.42781956954014e-05,-0.0070112741618659075,0.0699168476033684
616,2013-01-17,0.0698073089199637,0.0748038735577577,0.0729749086871371,0.0720993197879497,0.294073224278239,0.0004888177319854053,0.004887025954389293,0.0045890503771224,0.0005054918033862016,0.23244911771017313,0.0748038735577577
617,2013-01-18,0.0749105894769208,0.0747317834119355,0.073564307060553,0.0765441959252862,0.1708497713804658,0.005103280556957093,-7.209014582219841e-05,0.0005893983734159003,0.004444876137336504,-0.1232234528977732,0.0747317834119355
618,2013-01-22,0.0744649315423824,0.0746741023288416,0.0729468131179559,0.0764995778088196,0.0775738267773724,-0.0004456579345383932,-5.7681083093896746e-05,-0.0006174939425971082,-4.46181164666104e-05,-0.09327594460309341,0.0746741023288416
619,2013-01-23,0.0747524374941743,0.0754669684027814,0.073662526823878,0.0764103817991641,0.0811970749905085,0.00028750595179190264,0.0007928660739398019,0.0007157137059221053,-8.919600965549834e-05,0.0036232482131361016,0.0754669684027814
620,2013-01-24,0.0750686979415971,0.074919168475675,0.0737607602147564,0.076960414356592,0.0908164275928096,0.000316260447422792,-0.0005477999271064071,9.823339087840222e-05,0.0005500325574279014,0.009619352602301096,0.074919168475675
621,2013-01-25,0.0769087980236114,0.0812189371272787,0.0813529980250045,0.0795322459644194,0.2955423317541804,0.0018401000820143093,0.006299768651603713,0.0075922378102480925,0.00257183160782741,0.20472590416137076,0.0812189371272787
622,2013-01-28,0.0808620311807839,0.0808729313266401,0.079304060511948,0.0830405617677158,0.0895660355557022,0.003953233157172498,-0.0003460058006386074,-0.0020489375130565007,0.0035083158032963996,-0.20597629619847818,0.0808729313266401
623,2013-01-29,0.0803732739256527,0.080469298241524,0.0786444922034629,0.081955365604515,0.11232069460722,-0.0004887572551312003,-0.0004036330851160952,-0.0006595683084850978,-0.0010851961632008106,0.0227546590515178,0.080469298241524
624,2013-01-30,0.0803445176020434,0.0795322608423758,0.0785883517635926,0.0818513003869125,0.0866030603654611,-2.875632360929692e-05,-0.0009370373991482023,-5.614043987028916e-05,-0.00010406521760249199,-0.025717634241758894,0.0795322608423758
625,2013-01-31,0.0797695057791878,0.0791574548491526,0.0784339846726662,0.0815093907061873,0.0865865535398887,-0.0005750118228556034,-0.00037480599322320396,-0.00015436709092640777,-0.0003419096807251998,-1.6506825572401573e-05,0.0791574548491526
626,2013-02-01,0.0796832319786384,0.0803827811001013,0.0786585038768896,0.0820742689008476,0.0807059969297304,-8.627380054940237e-05,0.001225326250948705,0.00022451920422339455,0.0005648781946602927,-0.005880556610158294,0.0803827811001013
627,2013-02-04,0.0798557559906115,0.080469298241524,0.0797952498507308,0.0825054000167841,0.1182961654644195,0.00017252401197309641,8.651714142270117e-05,0.0011367459738412106,0.0004311311159364978,0.03759016853468909,0.080469298241524
628,2013-02-05,0.080775774600949,0.0815216440082436,0.0794864975021922,0.0830405599456166,0.1087139532196563,0.0009200186103374974,0.0010523457667196007,-0.0003087523485386101,0.0005351599288325043,-0.009582212244763202,0.0815216440082436
629,2013-02-06,0.0806751574201625,0.0821992017146121,0.0802443256057047,0.0833973478745149,0.1307794523035275,-0.00010061718078649418,0.0006775577063685007,0.0007578281035125062,0.0003567879288983028,0.022065499083871204,0.0821992017146121
630,2013-02-07,0.0818539310186856,0.081867622909574,0.0799075015472125,0.0831297472950447,0.0932511843647348,0.0011787735985231002,-0.00033157880503810466,-0.00033682405849219665,-0.00026760057947020077,-0.0375282679387927,0.081867622909574
631,2013-02-08,0.0818970958607353,0.0815505069658807,0.0802443450820006,0.0835162975694913,0.085278387613278,4.3164842049706054e-05,-0.0003171159436932969,0.00033684353478809215,0.0003865502744466037,-0.007972796751456804,0.0815505069658807
632,2013-02-11,0.0814657928055126,0.0812765733781922,0.0798373346192239,0.083635186087759,0.0690109110117033,-0.0004313030552227093,-0.00027393358768849907,-0.0004070104627766913,0.0001188885182676902,-0.016267476601574696,0.0812765733781922
633,2013-02-12,0.08130767019689,0.0817522966091306,0.0797110346224715,0.0836054624601665,0.0767856258562915,-0.00015812260862259342,0.00047572323093839075,-0.00012629999675239922,-2.9723627592501134e-05,0.007774714844588207,0.0817522966091306
634,2013-02-13,0.0815951423145095,0.0816081073510501,0.0799916760708233,0.0835608273732168,0.0617025139895346,0.00028747211761949443,-0.00014418925808049043,0.00028064144835179827,-4.4635086949698644e-05,-0.015083111866756906,0.0816081073510501
635,2013-02-14,0.0810899864390945,0.0814484330579155,0.079401995316692,0.0831224532035681,0.0900777471484458,-0.0005051558754149976,-0.00015967429313459847,-0.0005896807541313082,-0.00043837416964868925,0.028375233158911196,0.0814484330579155
636,2013-02-15,0.0812637215438351,0.0809548038541902,0.0795433260805445,0.0828529613763836,0.061232069460722,0.0001737351047405994,-0.0004936292037253098,0.0001413307638525041,-0.00026949182718451203,-0.028845677687723795,0.0809548038541902
637,2013-02-19,0.0810610544223902,0.0818694879282719,0.0807588284773699,0.0836165330536121,0.0883073901058087,-0.0002026671214448994,0.000914684074081698,0.0012155023968253992,0.0007635716772285001,0.027075320645086692,0.0818694879282719
638,2013-02-20,0.0817559707827793,0.0797062276345702,0.0798684006360617,0.0821193542190392,0.069130585497103,0.0006949163603890973,-0.002163260293701688,-0.0008904278413082028,-0.0014971788345728987,-0.01917680460870569,0.0797062276345702
639,2013-02-21,0.0794829865575314,0.0781963336027807,0.0778756022513151,0.0801431258188734,0.1296528614582129,-0.0022729842252478955,-0.0015098940317895132,-0.0019927983847465996,-0.0019762284001658,0.060522275961109886,0.0781963336027807
640,2013-02-22,0.078585333992617,0.0795320008157304,0.0777766418881132,0.0812659705119571,0.065069906406299,-0.0008976525649144057,0.0013356672129497121,-9.896036320189427e-05,0.0011228446930836994,-0.06458295505191389,0.0795320008157304
641,2013-02-25,0.0799607290825561,0.0769767638037745,0.0785398578427403,0.0793496103192854,0.0885921328469322,0.0013753950899390993,-0.0025552370119559104,0.0007632159546270972,-0.00191636019267169,0.02352222644063319,0.0769767638037745
642,2013-02-26,0.0773546916481668,0.0782833797639302,0.0767024645425535,0.0798286608359189,0.0699559267757217,-0.002606037434389294,0.001306615960155702,-0.0018373933001867987,0.00047905051663349463,-0.018636206071210498,0.0782833797639302
643,2013-02-27,0.0777745987982966,0.0794594264823616,0.077847330103518,0.080158090467009,0.0704222445981413,0.0004199071501297946,0.0011760467184313977,0.0011448655609645059,0.0003294296310901029,0.0004663178224195985,0.0794594264823616
644,2013-02-28,0.0791933984784757,0.0795029585293725,0.0781158435671056,0.0811761395802361,0.0747181459533517,0.0014187996801791058,4.353204701090796e-05,0.00026851346358759687,0.0010180491132271013,0.0042959013552104075,0.0795029585293725
645,2013-03-01,0.0787011619635109,0.0791254895046431,0.0773809087550695,0.08026287770141,0.0875852164870173,-0.0004922365149648,-0.00037746902472940436,-0.0007349348120360977,-0.0009132618788261077,0.012867070533665592,0.0791254895046431
646,2013-03-04,0.0785274151193815,0.0783559989294792,0.0769710211379726,0.0804275509707554,0.0735048942737822,-0.00017374684412940766,-0.0007694905751639003,-0.000409887617096899,0.00016467326934539728,-0.014080322213235089,0.0783559989294792
647,2013-03-05,0.0787880451724127,0.0806499450285738,0.0788932128972224,0.0813109132945519,0.1020575758075964,0.00026063005303120224,0.0022939460990945987,0.0019221917592497917,0.0008833623237965021,0.028552681533814198,0.0806499450285738
648,2013-03-06,0.0807280654145635,0.0798514300999241,0.0788084082430339,0.0820594929249493,0.1110620491573265,0.0019400202421508,-0.000798514928649699,-8.48046541885028e-05,0.0007485796303974002,0.009004473349730091,0.0798514300999241
649,2013-03-07,0.0799751816675626,0.0799094608740238,0.0785115624348587,0.08214927347058,0.0586776382033971,-0.0007528837470009014,5.803077409970159e-05,-0.00029684580817519735,8.978054563070492e-05,-0.05238441095392939,0.0799094608740238
650,2013-03-08,0.080119955315086,0.0800836787264275,0.0787942316355512,0.0816701802720818,0.0477542463808784,0.0001447736475234107,0.00017421785240370746,0.00028266920069250356,-0.00047909319849820386,-0.010923391822518703,0.0800836787264275
651,2013-03-11,0.0795842977176189,0.0794303662631316,0.0777342373131313,0.081670198933817,0.0468298641488255,-0.0005356575974671124,-0.0006533124632959048,-0.0010599943224199049,1.866173519882164e-08,-0.0009243822320528991,0.0794303662631316
652,2013-03-12,0.0791355236909531,0.0793287765427129,0.0776636089804878,0.0810414332689244,0.0390138822403063,-0.0004487740266657936,-0.00010158972041869607,-7.062833264349921e-05,-0.0006287656648925888,-0.007815981908519197,0.0793287765427129
653,2013-03-13,0.0792368514501808,0.0794594264823616,0.0775787901201318,0.0811611867113252,0.0300135355969693,0.00010132775922770676,0.00013064993964868876,-8.481886035599517e-05,0.00011975344240079677,-0.009000346643337001,0.0794594264823616
654,2013-03-14,0.0796277511265501,0.0797497955473252,0.0787377359803262,0.0821493129549432,0.050469619187534,0.000390899676369294,0.0002903690649636026,0.0011589458601943964,0.0009881262436179927,0.0204560835905647,0.0797497955473252
655,2013-03-15,0.0791934012523172,0.0764395756537303,0.077522236566828,0.0784363326498532,0.2164209900793978,-0.00043434987423289495,-0.0033102198935948957,-0.0012154994134982028,-0.0037129803050899995,0.1659513708918638,0.0764395756537303
656,2013-03-18,0.0757477046261742,0.0751038905079084,0.0743846174384785,0.0771787304491778,0.0989377857744177,-0.0034456966261430105,-0.0013356851458218993,-0.003137619128349492,-0.0012576022006754034,-0.1174832043049801,0.0751038905079084
657,2013-03-19,0.0748935222994739,0.0745521946643393,0.0737486151792988,0.0760558650702456,0.11364124065301,-0.0008541823267003007,-0.0005516958435691083,-0.0006360022591797021,-0.0011228653789321918,0.0147034548785923,0.0745521946643393
658,2013-03-20,0.0750237990078721,0.0748861002595317,0.0735931227644145,0.0769990550902375,0.0582113203809775,0.00013027670839819983,0.0003339055951924047,-0.00015549241488430066,0.0009431900199918936,-0.055429920272032494,0.0748861002595317
659,2013-03-21,0.074126182531726,0.0744215088589464,0.0730843195898124,0.0763552786363181,0.0760469454119278,-0.0008976164761460986,-0.00046459140058530135,-0.0005088031746020988,-0.0006437764539194007,0.0178356250309503,0.0744215088589464
660,2013-03-22,0.0745750011378539,0.0749441848322476,0.0732539365308885,0.0763253462457506,0.0788118386953005,0.0004488186061279015,0.0005226759733012037,0.00016961694107610337,-2.9932390567491418e-05,0.0027648932833727047,0.0749441848322476
661,2013-03-25,0.075400207527657,0.0749877123960404,0.0737344393826955,0.0765798346585029,0.0524751984945775,0.0008252063898031015,4.3527563792805646e-05,0.0004805028518069937,0.0002544884127523017,-0.02633664020072301,0.0749877123960404
662,2013-03-26,0.0761096642512555,0.0755684953581477,0.074455298848121,0.0770440010912097,0.069440088476585,0.0007094567235984978,0.0005807829621072985,0.0007208594654254941,0.00046416643270678903,0.016964889982007507,0.0755684953581477
663,2013-03-27,0.0746184486591124,0.0751184206175234,0.0731832749631153,0.0768194233874569,0.0699476733629355,-0.0014912155921431025,-0.00045007474062430664,-0.0012720238850056909,-0.00022457770375279573,0.0005075848863504984,0.0751184206175234
664,2013-03-28,0.0746039645338385,0.0765702614591232,0.0746248896203648,0.0771487919419112,0.0641661577062115,-1.448412527389753e-05,0.0014518408415997996,0.0014416146572494987,0.00032936855445429847,-0.0057815156567240095,0.0765702614591232
665,2013-04-01,0.0763412761775587,0.0748715791163527,0.0746531354956459,0.0769840806757896,0.0619294828411548,0.0017373116437202074,-0.0016986823427704995,2.824587528109379e-05,-0.00016471126612159492,-0.002236674865056694,0.0748715791163527
666,2013-04-02,0.0746908075408606,0.07462476451449,0.0733387159938861,0.0767894497514765,0.0750689159967646,-0.0016504686366980992,-0.00024681460186269655,-0.0013144195017597976,-0.00019463092431309947,0.013139433155609802,0.07462476451449
667,2013-04-03,0.0748066254803277,0.0744795754987902,0.0734800528881749,0.0764750456977953,0.0857859724996285,0.00011581793946709162,-0.00014518901569980647,0.00014133689428880158,-0.0003144040536812026,0.010717056502863892,0.0744795754987902
668,2013-04-04,0.0742275400760049,0.0748280425861238,0.073225671223892,0.076505006599085,0.0502756639870586,-0.0005790854043227905,0.00034846708733360376,-0.00025438166428290443,2.9960901289705077e-05,-0.035510308512569894,0.0748280425861238
669,2013-04-05,0.0735470825623763,0.0751038905079084,0.0731974031361712,0.0752623641596588,0.0775573199518,-0.0006804575136286073,0.0002758479217846027,-2.8268087720800805e-05,-0.0012426424394262059,0.0272816559647414,0.0751038905079084
670,2013-04-08,0.0747342638225107,0.0754813774655098,0.073494209658588,0.0768044442894576,0.0664523530479853,0.0011871812601343956,0.0003774869576013973,0.00029680652241680094,0.001542080129798798,-0.011104966903814698,0.0754813774655098
671,2013-04-09,0.0752844159730457,0.0764250679602053,0.0751054232407826,0.0775979394678386,0.0631427345207243,0.0005501521505350132,0.0009436904946955038,0.0016112135821946122,0.0007934951783810096,-0.003309618527260999,0.0764250679602053
672,2013-04-10,0.0762254474401533,0.0787770269005275,0.0767166153787781,0.0787507228304983,0.0784734487710668,0.0009410314671075976,0.0023519589403221963,0.0016111921379954874,0.0011527833626596984,0.015330714250342492,0.0787770269005275
673,2013-04-11,0.0782233929534413,0.0781091977772707,0.0776353122448276,0.0804425356647483,0.0661139631237516,0.0019979455132879964,-0.0006678291232568023,0.0009186968660495065,0.0016918128342499894,-0.012359485647315191,0.0781091977772707
674,2013-04-12,0.0778759331056272,0.0780656477973878,0.0761088952032847,0.0794094992816559,0.0477418662616992,-0.000347459847814105,-4.354997988290088e-05,-0.0015264170415428963,-0.0010330363830923922,-0.018372096862052406,0.0780656477973878
675,2013-04-15,0.0777456313061437,0.0759459554164411,0.0761230301197226,0.0781069621678902,0.0687674353345108,-0.00013030179948349263,-0.002119692380946697,1.4134916437896772e-05,-0.0013025371137656977,0.021025569072811598,0.0759459554164411
676,2013-04-16,0.0759359095226489,0.0775720185936625,0.0756283539877208,0.078091992634617,0.076187253429293,-0.001809721783494797,0.0016260631772214013,-0.0004946761320017978,-1.4969533273206936e-05,0.0074198180947822046,0.0775720185936625
677,2013-04-17,0.0767901030760625,0.0765847691526481,0.0764905031559125,0.0780321096936203,0.0954135785147158,0.0008541935534135958,-0.0009872494410144012,0.0008621491681917032,-5.9882940996694445e-05,0.019226325085422796,0.0765847691526481
678,2013-04-18,0.0771954770365017,0.0767589870050518,0.0762219667279398,0.0789453778274002,0.088187715620409,0.00040537396043920093,0.00017421785240369358,-0.0002685364279727126,0.0009132681337798987,-0.007225862894306795,0.0767589870050518
679,2013-04-19,0.0761385860101406,0.0770203048172213,0.075529408591641,0.0781967818181762,0.0741032667007807,-0.001056891026361098,0.0002613178121695092,-0.0006925581362987876,-0.0007485960092240007,-0.014084448919628303,0.0770203048172213
680,2013-04-22,0.0773402564275588,0.0780511311374268,0.076617706855984,0.0783614893038206,0.06551146399036,0.0012016704174181991,0.0010308263202054996,0.0010882982643429934,0.00016470748564439974,-0.008591802710420704,0.0780511311374268
681,2013-04-23,0.0786142939274964,0.0801562978919765,0.0782713212949984,0.0807569389184079,0.0952072431950611,0.001274037499937597,0.002105166754549692,0.0016536144390144059,0.0023954496145873055,0.02969577920470111,0.0801562978919765
682,2013-04-24,0.0798014797966723,0.0805628271359359,0.0785115971615556,0.0821642846304855,0.0610711279113913,0.0011871858691759052,0.0004065292439594109,0.00024027586655719912,0.0014073457120775956,-0.034136115283669805,0.0805628271359359
683,2013-04-25,0.080785967727908,0.081158081925824,0.0805609548603168,0.0832721806860364,0.1014179363166669,0.000984487931235692,0.0005952547898880889,0.0020493576987611895,0.0011078960555508943,0.0403468084052756,0.081158081925824
684,2013-04-26,0.0747197866132252,0.0756555953179136,0.0749075579735303,0.0752024788016808,0.3224030636668262,-0.006066181114682795,-0.00550248660791039,-0.005653396886786496,-0.008069701884355601,0.2209851273501593,0.0756555953179136
685,2013-04-29,0.0749659247567093,0.0771074585756034,0.075260914240378,0.0774482420376342,0.1317120879483666,0.0002461381434840926,0.0014518632576897977,0.00035335626684769583,0.0022457632359534074,-0.19069097571845958,0.0771074585756034
686,2013-04-30,0.0769493614425726,0.0787625371398747,0.0770275796790759,0.0793795603148035,0.1784800515012957,0.001983436685863302,0.0016550785642713006,0.001766665438697912,0.0019313182771693027,0.04676796355292909,0.0787625371398747
687,2013-05-01,0.0785129586735483,0.0778043210187822,0.0768438433487395,0.0800233413971776,0.0926940790016671,0.0015635972309756968,-0.0009582161210925089,-0.0001837363303364009,0.0006437810823740897,-0.0857859724996286,0.0778043210187822
688,2013-05-02,0.0775863925076312,0.0782398835826636,0.0764622484042027,0.0800832399848019,0.084217824070253,-0.0009265661659170893,0.00043556256388140036,-0.00038159494453680887,5.9898587624299116e-05,-0.008476254931414101,0.0782398835826636
689,2013-05-03,0.0790631070428394,0.0788351204396795,0.07729610661392,0.0809964849176909,0.1172025882702497,0.0014767145352082012,0.0005952368570159017,0.0008338582097173058,0.0009132449328890097,0.0329847641999967,0.0788351204396795
690,2013-05-06,0.0785418921885934,0.078486666802,0.0768438211469954,0.0806221797117043,0.0849028573315065,-0.0005212148542459993,-0.0003484536376794911,-0.0004522854669246068,-0.0003743052059866081,-0.03229973093874319,0.078486666802
691,2013-05-07,0.0784984646370473,0.0790674049319271,0.0773667683423782,0.0808317913147518,0.1405102259784421,-4.3427551546113e-05,0.0005807381299270942,0.000522947195382803,0.00020961160304749926,0.05560736864693559,0.0790674049319271
692,2013-05-08,0.0793091890504846,0.0794158227038625,0.0775928775660423,0.0809814775723982,0.0546582261765239,0.0008107244134373109,0.00034841777193539425,0.00022610922366410324,0.0001496862576464003,-0.0858519998019182,0.0794158227038625
693,2013-05-09,0.0796163552396602,0.0792696070312352,0.0782641646056472,0.0814574073926336,0.0813208761823013,0.00030716618917558947,-0.0001462156726272923,0.0006712870396048953,0.0004759298202354073,0.026662650005777402,0.0792696070312352
694,2013-05-10,0.0791788283394902,0.079664497841205,0.0779936510203555,0.0811557784801648,0.0589541275317343,-0.00043752690016998774,0.00039489080996979453,-0.0002705135852916901,-0.0003016289124688071,-0.022366748650567002,0.079664497841205
695,2013-05-13,0.0790329338404268,0.0785382955407618,0.0774383389261775,0.080703268540181,0.0660066687575312,-0.00014589449906340923,-0.001126202300443191,-0.000555312094178001,-0.00045250993998378897,0.0070525412257968975,0.0785382955407618
696,2013-05-14,0.0784350049293322,0.0796352313939458,0.0775522738372037,0.0807334657848132,0.0638112609564054,-0.0005979289110946001,0.001096935853183989,0.00011393491102619502,3.0197244632199083e-05,-0.002195407801125801,0.0796352313939458
697,2013-05-15,0.0791204716918306,0.0805127495906104,0.0789475564366161,0.081608216555159,0.0679544741750713,0.0006854667624984073,0.000877518196664609,0.0013952825994124063,0.0008747507703457946,0.0041432132186659115,0.0805127495906104
698,2013-05-16,0.0805934598321648,0.0807467197728349,0.0792892209421716,0.082935389513736,0.1017068057641834,0.0014729881403341971,0.0002339701822244994,0.00034166450555549177,0.001327172958576997,0.03375233158911209,0.0807467197728349
699,2013-05-17,0.0809143698486997,0.0817120462777132,0.0795597892247783,0.0827997045108546,0.0804006206566415,0.00032091001653489215,0.0009653265048782944,0.00027056828260670074,-0.00013568500288139995,-0.021306185107541897,0.0817120462777132
700,2013-05-20,0.0811039255769494,0.0813463681163863,0.0801577236069968,0.083598999415779,0.0858272395635595,0.00018955572824970457,-0.00036567816132689057,0.0005979343822185013,0.0007992949049244052,0.005426618906918007,0.0813463681163863
701,2013-05-21,0.0815998501809475,0.0819899430301346,0.0799014994397575,0.0837046280059715,0.0562181211931133,0.0004959246039980963,0.0006435749137482932,-0.0002562241672393051,0.00010562859019250248,-0.029609118370446205,0.0819899430301346
702,2013-05-22,0.0818915545279628,0.0811416823142931,0.0807557742191537,0.0835236616974981,0.0839289546227365,0.0002917043470153091,-0.0008482607158415006,0.0008542747793962024,-0.00018096630847340422,0.027710833429623202,0.0811416823142931
703,2013-05-23,0.0803164158515282,0.0803518917279175,0.0788336747948298,0.0820003664212719,0.095908783281887,-0.0015751386764346065,-0.0007897905863755994,-0.001922099424323892,-0.0015232952762262025,0.011979828659150496,0.0803518917279175
704,2013-05-24,0.0794413748599688,0.079957027817256,0.0783069063808301,0.0819702247577408,0.0525164655585084,-0.0008750409915593976,-0.00039486391066149984,-0.0005267684139997064,-3.014166353110248e-05,-0.0433923177233786,0.079957027817256
705,2013-05-28,0.0807101679394242,0.0814195163016621,0.0796024797176125,0.0831616456671945,0.0913322658919463,0.0012687930794554048,0.0014624884844060965,0.0012955733367824018,0.0011914209094537054,0.03881580033343791,0.0814195163016621
706,2013-05-29,0.080870575179999,0.0813463681163863,0.0798017834440606,0.0829655564175497,0.121758472128225,0.0001604072405747975,-7.314818527578981e-05,0.00019930372644809402,-0.00019608924964480134,0.030426206236278702,0.0813463681163863
707,2013-05-30,0.0811331561916023,0.0826480884024601,0.0808696648539699,0.0837046353466889,0.0867681286211848,0.0002625810116032995,0.0013017202860737959,0.0010678814099093076,0.0007390789291392003,-0.03499034350704021,0.0826480884024601
708,2013-05-31,0.0821540255301436,0.0823262919791499,0.0808553887790131,0.0846999988012355,0.0979061091761443,0.0010208693385412998,-0.0003217964233102055,-1.427607495679828e-05,0.000995363454546594,0.0111379805549595,0.0823262919791499
709,2013-06-03,0.0826645066772304,0.0832184702987523,0.0816527198794619,0.084805601212344,0.0763316881530512,0.0005104811470867943,0.0008921783196024075,0.0007973311004488004,0.00010560241110850466,-0.021574421023093093,0.0832184702987523
710,2013-06-04,0.0831895227237012,0.0833354464234285,0.0819516902296214,0.0854239347559162,0.0612939700566184,0.0005250160464708026,0.00011697612467619078,0.00029897035015949425,0.0006183335435721998,-0.015037718096432805,0.0833354464234285
711,2013-06-05,0.0830582714432909,0.0826334372459584,0.0811259146944509,0.0847301771786616,0.0541671481157458,-0.00013125128041030498,-0.0007020091774700976,-0.0008257755351704921,-0.0006937575772545945,-0.0071268219408726005,0.0826334372459584
712,2013-06-06,0.0826790733613366,0.0820191736116495,0.0810547276662911,0.0839609964348966,0.0400703190769383,-0.00037919808195428784,-0.0006142636343089009,-7.118702815980815e-05,-0.0007691807437650022,-0.014096829038807497,0.0820191736116495
713,2013-06-07,0.0826498996490271,0.0830283190894921,0.0809835365702039,0.0845039418560959,0.0491738333801026,-2.917371230951038e-05,0.0010091454778426018,-7.119109608719199e-05,0.0005429454211993007,0.0091035143031643,0.0830283190894921
714,2013-06-10,0.0826936314806743,0.0829844194186033,0.0808838490664064,0.0848206404891087,0.035823938198445,4.3731831647200736e-05,-4.3899670888802866e-05,-9.96875037975048e-05,0.0003166986330127991,-0.0133498951816576,0.0829844194186033
715,2013-06-11,0.0819061152408749,0.080849152338242,0.0804282887624747,0.0832823296223218,0.0478285270959541,-0.0007875162397993907,-0.002135267080361297,-0.0004555603039317069,-0.0015383108667869072,0.012004588897509098,0.080849152338242
716,2013-06-12,0.0818185886520764,0.0807028828669985,0.0798729995974667,0.0830862448005114,0.0844901866921972,-8.75265887985005e-05,-0.0001462694712434931,-0.0005552891650079939,-0.00019608482181039666,0.036661659596243096,0.0807028828669985
717,2013-06-13,0.0807101659909527,0.0827943040750873,0.0809123407483942,0.0829957417432973,0.0553143724930258,-0.0011084226611237091,0.0020914212080887923,0.001039341150927492,-9.050305721410024e-05,-0.029175814199171396,0.0827943040750873
718,2013-06-14,0.0824748933794728,0.0814780312633084,0.0806560772397174,0.0840062471031159,0.0461118172364272,0.0017647273885200987,-0.0013162728117789013,-0.0002562635086767878,0.0010105053598186003,-0.009202555256598605,0.0814780312633084
719,2013-06-17,0.0818039892026452,0.08187289517397,0.0805136760086401,0.0840967120696892,0.054530298278338,-0.0006709041768275942,0.00039486391066161086,-0.0001424012310773104,9.046496657330594e-05,0.008418481041910807,0.08187289517397
720,2013-06-18,0.0819498923949447,0.0824725973161376,0.0806845861046042,0.0844738228949475,0.0599775507172215,0.00014590319229949855,0.0005997021421675908,0.000170910095964108,0.0003771108252582922,0.005447252438883499,0.0824725973161376
721,2013-06-19,0.0817019271269998,0.0822093068880377,0.0809835478433074,0.0840364180153895,0.0698238721711427,-0.00024796526794490514,-0.0002632904280999021,0.0002989617387031962,-0.00043740487955799823,0.009846321453921204,0.0822093068880377
722,2013-06-20,0.0810164690345426,0.0796060008124308,0.0795455570919579,0.0817741427301393,0.071866591835724,-0.0006854580924571946,-0.0026033060756068954,-0.0014379907513494966,-0.0022622752852501926,0.002042719664581291,0.0796060008124308
723,2013-06-21,0.0797622138119647,0.0801032703891913,0.0784065548751928,0.0815026739908651,0.1137279014872649,-0.0012542552225778963,0.0004972695767604951,-0.001139002216765106,-0.0002714687392742082,0.041861309651540904,0.0801032703891913
724,2013-06-24,0.0794996665239772,0.0786992072020709,0.0777515991997962,0.0805072402301742,0.1075708555487694,-0.0002625472879874968,-0.0014040631871203996,-0.0006549556753965985,-0.0009954337606908892,-0.006157045938495503,0.0786992072020709
725,2013-06-25,0.0792663067338608,0.0811708859964999,0.0793604415431942,0.0811557533173895,0.0812300886416533,-0.00023335979011640529,0.0024716787944289997,0.0016088423433980037,0.0006485130872152939,-0.026340766907116092,0.0811708859964999
726,2013-06-26,0.0818331658677935,0.0809222556913376,0.0800438447553534,0.0831314782081388,0.0673767352800382,0.002566859133932703,-0.0002486303051622979,0.0006834032121591921,0.001975724890749306,-0.013853353361615112,0.0809222556913376
727,2013-06-27,0.0814393978920471,0.0812732737297268,0.0803428450559704,0.0837046046323852,0.0728941417276043,-0.00039376797574640354,0.0003510180383892031,0.0002990003006170111,0.0005731264242463951,0.005517406447566112,0.0812732737297268
728,2013-06-28,0.0804914350547961,0.0815073066770036,0.0806276250737997,0.0829505365553521,0.0949513873986893,-0.0009479628372510013,0.0002340329472767938,0.00028478001782929196,-0.0007540680770330987,0.022057245671084996,0.0815073066770036
729,2013-07-01,0.081935284753035,0.080849152338242,0.0803855722246505,0.0832220005864924,0.0511340189168221,0.0014438496982389082,-0.0006581543387615962,-0.0002420528491492019,0.0002714640311402977,-0.0438173684818672,0.080849152338242
730,2013-07-02,0.0804038809133828,0.0802202196145594,0.0794173738635422,0.0821360594656718,0.0516003367392416,-0.0015314038396522095,-0.0006289327236825987,-0.0009681983611082995,-0.0010859411208205966,0.00046631782241950137,0.0802202196145594
731,2013-07-03,0.0794121671337627,0.0805420070714336,0.0791184121852752,0.0818796975368443,0.0295554711873359,-0.0009917137796200959,0.0003217874568741952,-0.0002989616782669985,-0.00025636192882749764,-0.022044865551905702,0.0805420070714336
732,2013-07-05,0.0808997532143866,0.0825895375750696,0.0805848592223684,0.0833275334626007,0.0691635991482478,0.0014875860806238955,0.0020475305036359998,0.0014664470370931992,0.0014478359257563966,0.0396081279609119,0.0825895375750696
733,2013-07-08,0.0825623959697005,0.0811562707057424,0.080869632358791,0.0833878829785605,0.0800292170812631,0.0016626427553139006,-0.001433266869327196,0.0002847731364225975,6.034951595980387e-05,0.010865617933015298,0.0811562707057424
734,2013-07-09,0.081876913817317,0.0850466100451772,0.0832615386280864,0.0839760635449412,0.168786418183919,-0.0006854821523834959,0.0038903393394348063,0.0023919062692954046,0.0005881805663806999,0.08875720110265592,0.0850466100451772
735,2013-07-10,0.0846917178598211,0.0866407885758136,0.0845429368158842,0.0872488463282696,0.1116521681715389,0.0028148040425041015,0.0015941785306363976,0.0012813981877978081,0.00327278278332839,-0.05713425001238011,0.0866407885758136
736,2013-07-11,0.0869960723440034,0.0876499519865282,0.0854256806309802,0.0893603300728068,0.0918893712550139,0.0023043544841823,0.0010091634107145947,0.000882743815095996,0.002111483744537207,-0.019762796916525008,0.0876499519865282
737,2013-07-12,0.0875065279289944,0.0883227216160473,0.0859951903698993,0.0899786914140639,0.0918728644294415,0.0005104555849909931,0.0006727696295191071,0.0005695097389191023,0.0006183613412570899,-1.6506825572401573e-05,0.0883227216160473
738,2013-07-15,0.0880169739547199,0.0866554217994432,0.0859667081464495,0.0893150827320255,0.0784486885327082,0.0005104460257255028,-0.0016672998166041009,-2.848222344981055e-05,-0.0006636086820383941,-0.013424175896733295,0.0866554217994432
739,2013-07-16,0.086748114632544,0.0869917886813306,0.0854114260455895,0.0894055537013923,0.0594947260692296,-0.0012688593221758943,0.00033636688188740105,-0.0005552821008599912,9.047096936680432e-05,-0.0189539624634786,0.0869917886813306
740,2013-07-17,0.0875065353113642,0.0879863457677238,0.0859667217427386,0.0901446009800951,0.0552689787227018,0.0007584206788201903,0.0009945570863931913,0.0005552956971490997,0.0007390472787027896,-0.004225747346527801,0.0879863457677238
741,2013-07-18,0.0875065413078886,0.0880156032485469,0.0860948663960445,0.0896921508554861,0.059205856621713,5.9965244020299124e-09,2.9257480823108306e-05,0.0001281446533058922,-0.0004524501246089968,0.003936877899011204,0.0880156032485469
742,2013-07-19,0.088119077169062,0.0886737396544364,0.0864792755605035,0.0905065624434808,0.0754238127465707,0.0006125358611734077,0.0006581364058894923,0.0003844091644590042,0.0008144115879947095,0.0162179561248577,0.0886737396544364
743,2013-07-22,0.0885128481721686,0.0882057185920629,0.0867640146256067,0.0903859008645856,0.0507296016902989,0.0003937710031065994,-0.0004680210623734943,0.0002847390651032067,-0.00012066157889520368,-0.0246942110562718,0.0882057185920629
744,2013-07-23,0.0883086563186795,0.0879278218396415,0.0865219671712244,0.0905819562043685,0.0396122546673049,-0.00020419185348910518,-0.00027789675242140266,-0.0002420474543823048,0.0001960553397828968,-0.011117347022994002,0.0879278218396415
745,2013-07-24,0.0880169862448715,0.0869479428090581,0.0864650344985349,0.0893905036216422,0.058941747412555,-0.00029167007380799526,-0.0009798790305833999,-5.693267268949698e-05,-0.0011914525827262934,0.0193294927452501,0.0869479428090581
746,2013-07-25,0.0874336187951159,0.0874452123858187,0.0854256952274721,0.0894357537650725,0.0834585100939238,-0.0005833674497556091,0.0004972695767606061,-0.0010393392710627974,4.52501434302921e-05,0.0245167626813688,0.0874452123858187
747,2013-07-26,0.0854355554000232,0.0859680458456027,0.0842724474117127,0.087384613491171,0.1148090985622554,-0.001998063395092689,-0.001477166540215999,-0.0011532478157594006,-0.0020511402739014917,0.031350588468331594,0.0859680458456027
748,2013-07-29,0.0855522003921209,0.084476228148885,0.0835463045253326,0.086856720845113,0.1066423466103233,0.00011664499209769474,-0.0014918176967177038,-0.0007261428863801073,-0.0005278926460580008,-0.008166751951932089,0.084476228148885
749,2013-07-30,0.0843854897526348,0.0854415456873271,0.083560581089838,0.0872639762849255,0.0554670606295703,-0.0011667106394861043,0.0009653175384421037,1.4276564505408262e-05,0.0004072554398125011,-0.05117528598075301,0.0854415456873271
750,2013-07-31,0.0859605587205326,0.0857486371555193,0.084130042837931,0.0882291707267827,0.0605635430250408,0.0015750689678978025,0.0003070914681921888,0.0005694617480929975,0.0009651944418571923,0.005096482395470503,0.0857486371555193
751,2013-08-01,0.0862960049300894,0.0879278218396415,0.0856819478615535,0.088757040668011,0.0569485482246909,0.0003354462095568056,0.002179184684122204,0.001551905023622499,0.0005278699412283039,-0.0036149948003499008,0.0879278218396415
752,2013-08-02,0.0874044296069156,0.0870210551285898,0.0853544890218049,0.0892849168208741,0.0477624997936646,0.001108424676826203,-0.000906766711051693,-0.0003274588397486067,0.0005278761528630938,-0.0091860484310263,0.0870210551285898
753,2013-08-05,0.0864127018372916,0.0857779125692146,0.0846710972353952,0.0880482140309523,0.047779006619237,-0.0009917277696240012,-0.0012431425593752016,-0.0006833917864096928,-0.0012367027899218008,1.6506825572401573e-05,0.0857779125692146
754,2013-08-06,0.0854792544495424,0.0853683526698711,0.0838310333608943,0.0878973449075506,0.0359312325646654,-0.0009334473877492117,-0.00040955989934350623,-0.0008400638745009043,-0.00015086912340168956,-0.011847774054571603,0.0853683526698711
755,2013-08-07,0.0852459429513123,0.0854268945308255,0.0833897036434527,0.0873242764915659,0.0409162938875224,-0.000233311498230096,5.854186095440028e-05,-0.00044132971744159644,-0.000573068415984701,0.004985061322857004,0.0854268945308255
756,2013-08-08,0.0855521756193474,0.0854561071794683,0.0838595094329661,0.0870376769531984,0.0474529968141826,0.00030623266803510296,2.9212648642806816e-05,0.0004698057895134028,-0.00028659953836750185,0.006536702926660198,0.0854561071794683
757,2013-08-09,0.0849250654743754,0.0844030978964812,0.0829056065644744,0.0862534376027861,0.0651359337085885,-0.0006271101449720068,-0.0010530092829870996,-0.0009539028684917017,-0.0007842393504123024,0.0176829368944059,0.0844030978964812
758,2013-08-12,0.0841083691042288,0.085924173074022,0.0837456587135976,0.0867360923165394,0.0494131823509021,-0.0008166963701465996,0.0015210751775407982,0.0008400521491231938,0.0004826547137533055,-0.0157227513576864,0.085924173074022
759,2013-08-13,0.0859168459620241,0.0868017002371227,0.084728058067417,0.0877013457145114,0.0594452055925125,0.0018084768577953103,0.0008775271631007026,0.0009823993538193992,0.000965253397971988,0.0100320232416104,0.0868017002371227
760,2013-08-14,0.0869700300735471,0.0866101054316589,0.0849019433297179,0.0888272876969192,0.0415105396081279,0.0010531841115229978,-0.00019159480546381003,0.00017388526230090184,0.0011259419824077993,-0.017934665984384597,0.0866101054316589
761,2013-08-15,0.0856620924583461,0.0841047845691796,0.083668144978262,0.0866236930443936,0.0570187022333735,-0.0013079376152009964,-0.0025053208624793016,-0.0012337983514559003,-0.0022035946525255923,0.015508162625245597,0.0841047845691796
762,2013-08-16,0.0832960688863017,0.0833237272915144,0.0820900528249017,0.0855295060670666,0.102086462752348,-0.0023660235720444067,-0.0007810572776651981,-0.0015780921533602998,-0.001094186977327008,0.04506776051897451,0.0833237272915144
763,2013-08-19,0.0829727417715949,0.0829994919975992,0.0814014103570982,0.0854990939256802,0.0457981875505521,-0.00032332711470679787,-0.0003242352939151899,-0.0006886424678034936,-3.041214138639614e-05,-0.056288275201795905,0.0829994919975992
764,2013-08-20,0.083002173898691,0.0830437413594939,0.0813727559064913,0.08463289808763,0.0625608689192981,2.943212709609344e-05,4.4249361894690975e-05,-2.865445060690197e-05,-0.0008661958380501988,0.016762681368746,0.0830437413594939
765,2013-08-21,0.0829139538114313,0.0823510572755132,0.0810857848985409,0.0842377312297038,0.0450636338125815,-8.822008725969943e-05,-0.0006926840839806964,-0.0002869710079504012,-0.00039516685792620465,-0.0174972351067166,0.0823510572755132
766,2013-08-22,0.0825759482230775,0.0831615961949027,0.0815448670653161,0.0851647556309121,0.0418860698898994,-0.00033800558835379857,0.0008105389193894946,0.0004590821667752043,0.0009270244012083012,-0.0031775639226820987,0.0831615961949027
767,2013-08-23,0.0831197006827232,0.083515286231234,0.081430095470587,0.0851495574777224,0.0317384988692824,0.000543752459645705,0.0003536900363313028,-0.0001147715947291128,-1.5198153189691088e-05,-0.010147571020617002,0.083515286231234
768,2013-08-26,0.0834870996867948,0.0831173916651884,0.0817313765976951,0.085575084213504,0.0317838926396064,0.00036739900407159465,-0.00039789456604559514,0.0003012811271081023,0.00042552673578159783,4.5393770323996774e-05,0.0831173916651884
769,2013-08-27,0.0814296995544836,0.0805678842058667,0.080296757935549,0.0830523804676304,0.0567174526666776,-0.0020574001323111907,-0.002549507459321698,-0.0014346186621461005,-0.0025227037458736,0.0249335600270712,0.0805678842058667
770,2013-08-28,0.0805479272659725,0.0808331293170251,0.0792781367282363,0.0831283406741211,0.0409905746025981,-0.0008817722885111068,0.0002652451111583992,-0.0010186212073126921,7.596020649069946e-05,-0.0157268780640795,0.0808331293170251
771,2013-08-29,0.080606714541515,0.0815552591769859,0.0798089650944799,0.0831283490862891,0.0252183027681946,5.878727554249619e-05,0.0007221298599607989,0.000530828366243602,8.412168003846254e-09,-0.0157722718344035,0.0815552591769859
772,2013-08-30,0.081797079622218,0.0812752553120933,0.0801532748969902,0.0834322925220211,0.0368143477327875,0.0011903650807029986,-0.00028000386489260287,0.0003443098025102953,0.0003039434357319931,0.011596044964592902,0.0812752553120933
773,2013-09-03,0.0820028435588872,0.0816142314268705,0.0809566973558903,0.0837514545158251,0.0512330598702563,0.0002057639366692121,0.00033897611477720635,0.0008034224589000966,0.0003191619938039958,0.0144187121374688,0.0816142314268705
774,2013-09-04,0.0812386382661236,0.086094293265152,0.0844141567000791,0.0840097820591638,0.1336805268978722,-0.0007642052927636089,0.004480061838281493,0.0034574593441887985,0.00025832754333871,0.08244746702761588,0.086094293265152
775,2013-09-05,0.0859118955437749,0.0862711203504456,0.0841989367204747,0.087793849316098,0.0733068123669137,0.004673257277651305,0.00017682708529359603,-0.0002152199796044002,0.003784067256934198,-0.06037371453095848,0.0862711203504456
776,2013-09-06,0.0865879433027115,0.0865953735772328,0.0852606114012871,0.0881434237854694,0.06379062742444,0.0006760477589365932,0.0003242532267872106,0.001061674680812405,0.00034957446937139425,-0.009516184942473707,0.0865953735772328
777,2013-09-09,0.0864850749132887,0.0868017002371227,0.0848158733306178,0.0887209189699236,0.0524958320265429,-0.00010286838942279164,0.0002063266598898994,-0.0004447380706693038,0.0005774951844541992,-0.0112947953978971,0.0868017002371227
778,2013-09-10,0.0867937196637909,0.0878775380662869,0.0860209979478505,0.0896479741332712,0.0682433436225879,0.00030864475050219886,0.0010758378291641918,0.0012051246172326974,0.0009270551633476093,0.015747511596044997,0.0878775380662869
779,2013-09-11,0.0872786503825019,0.088010142688994,0.086078355687795,0.0897543232913587,0.0373549462702827,0.0004849307187110019,0.0001326046227071026,5.735773994450244e-05,0.00010634915808749312,-0.030888397352305197,0.088010142688994
780,2013-09-12,0.0879252609865153,0.0887175137952205,0.0866665473445578,0.0906509442153147,0.0391253033129198,0.0006466106040134006,0.0007073711062264981,0.0005881916567627987,0.0008966209239559958,0.0017703570426371024,0.0887175137952205
781,2013-09-13,0.0888510830001908,0.0888353955299375,0.0867526155814924,0.0906813207685567,0.0327619220547696,0.000925822013675498,0.00011788173471699581,8.606823693460552e-05,3.0376553242006388e-05,-0.006363381258150204,0.0888353955299375
782,2013-09-16,0.0888657744609432,0.0900290971609465,0.0881585535747868,0.0918818882966212,0.0838959409715917,1.4691460752391805e-05,0.0011937016310090004,0.001405937993294401,0.0012005675280644945,0.0511340189168221,0.0900290971609465
783,2013-09-17,0.0896005781283264,0.0908985993637847,0.0886606862699382,0.0926569573492551,0.0594204453541539,0.0007348036673832103,0.0008695022028381988,0.0005021326951513971,0.0007750690526339005,-0.024475495617437795,0.0908985993637847
784,2013-09-18,0.0908203297730355,0.0913849209221312,0.089105425626452,0.0925961666861157,0.0401982469751242,0.0012197516447090967,0.0004863215583465058,0.00044473935651380414,-6.079066313939563e-05,-0.019222198379029706,0.0913849209221312
785,2013-09-19,0.0912759003359044,0.0910164900649378,0.0895932004412469,0.0931888514177636,0.0395049603010844,0.00045557056286889275,-0.0003684308571934025,0.0004877748147948946,0.000592684731647905,-0.0006932866740397975,0.0910164900649378
786,2013-09-20,0.0908644519319601,0.090264932361869,0.0890480689469978,0.0929609262873126,0.0674799029398656,-0.0004114484039442895,-0.0007515577030687975,-0.0005451314942491042,-0.00022792513045100105,0.027974942638781197,0.090264932361869
787,2013-09-23,0.0901002110451124,0.0902943512385409,0.0884741560546854,0.092504955696499,0.0386300985457486,-0.0007642408868477057,2.9418876671905014e-05,-0.0005739128923124004,-0.00045597059081360636,-0.028849804394116996,0.0902943512385409
788,2013-09-24,0.0902766207953988,0.0901028281645655,0.0882303299551041,0.0924594288409676,0.0921906208217097,0.00017640975028640482,-0.00019152307397540813,-0.0002438260995812902,-4.552685553139979e-05,0.0535605222759611,0.0901028281645655
789,2013-09-25,0.0903060038808313,0.0906038815773381,0.0888759096851698,0.0929457274455358,0.0720935606873442,2.9383085432502232e-05,0.0005010534127726091,0.0006455797300656957,0.0004862986045681972,-0.020097060134365505,0.0906038815773381
790,2013-09-26,0.0910554686906048,0.0898375292547909,0.0888902330618147,0.0923986079411554,0.0564574701639127,0.0007494648097734896,-0.0007663523225472091,1.432337664490635e-05,-0.0005471195043803972,-0.015636090523431498,0.0898375292547909
791,2013-09-27,0.0892772976148302,0.0897638699826603,0.0875416989598784,0.0918667362056133,0.0428310856539179,-0.00177817107577459,-7.365927213059953e-05,-0.001348534101936305,-0.0005318717355421027,-0.013626384509994802,0.0897638699826603
792,2013-09-30,0.0887776185321844,0.0896754250574874,0.0875703727672369,0.0916995461307959,0.0448572984929268,-0.0004996790826458097,-8.844492517288971e-05,2.867380735850633e-05,-0.0001671900748173999,0.0020262128390089035,0.0896754250574874
793,2013-10-01,0.0896299646656582,0.0898817337845052,0.0879146676401497,0.091988273548332,0.0516457305095657,0.0008523461334738053,0.00020630872701779546,0.0003442948729127926,0.0002887274175361054,0.0067884320166389026,0.0898817337845052
794,2013-10-02,0.089321378874428,0.0898228153332368,0.0874699636751272,0.091380423459083,0.0423482610059259,-0.00030858579123020646,-5.891845126840267e-05,-0.0004447039650224971,-0.0006078500892490041,-0.009297469503639806,0.0898228153332368
795,2013-10-03,0.0893654307919474,0.0890417042569553,0.0875559998862999,0.0908636802515965,0.0521574421023093,4.4051917519410955e-05,-0.000781111076281496,8.603621117270199e-05,-0.0005167432074865003,0.009809181096383401,0.0890417042569553
796,2013-10-04,0.0888510861213499,0.0896017299196126,0.0874986315359745,0.091122042368201,0.0607409913999438,-0.000514344670597508,0.0005600256626572958,-5.7368350325409656e-05,0.0002583621166045019,0.008583549297634503,0.0896017299196126
797,2013-10-07,0.088557172528024,0.0895427845690361,0.0876994845255037,0.0911068523648907,0.0309420445354153,-0.00029391359332589517,-5.8945350576503075e-05,0.00020085298952920994,-1.5190003310294742e-05,-0.0297989468645285,0.0895427845690361
798,2013-10-08,0.0894830118942488,0.0879806520808336,0.0876134036517966,0.0906965283207351,0.0430621812119311,0.0009258393662247982,-0.0015621324882025,-8.608087370710893e-05,-0.0004103240441555994,0.012120136676515802,0.0879806520808336
799,2013-10-09,0.0882191536154497,0.0876269441116302,0.0861357130361755,0.0894047590624077,0.0583722619303081,-0.0012638582787991015,-0.00035370796920339287,-0.0014776906156210995,-0.0012917692583273993,0.015310080718377,0.0876269441116302
800,2013-10-10,0.0882339003555482,0.0901912551568663,0.087914709628998,0.0909701115432253,0.0442878130106799,1.4746740098506295e-05,0.0025643110452360923,0.0017789965928225043,0.0015653524808176,-0.014084448919628206,0.0901912551568663
801,2013-10-11,0.0894242239335509,0.0908985993637847,0.0888758843021412,0.0923682080010977,0.0318623000610752,0.0011903235780026944,0.0007073442069183977,0.000961174673143203,0.0013980964578723942,-0.0124255129496047,0.0908985993637847
802,2013-10-14,0.0908350404543704,0.092652326657451,0.0903535716080661,0.093781553726095,0.0402230072134827,0.001410816520819494,0.00175372729366631,0.0014776873059249018,0.0014133457249972947,0.008360707152407505,0.092652326657451
803,2013-10-15,0.0917020760579204,0.0912964939298304,0.0899518551077265,0.0941006721031539,0.0467060629570327,0.0008670356035500038,-0.001355832727620604,-0.0004017165003395995,0.0003191183770589051,0.006483055743550001,0.0912964939298304
804,2013-10-16,0.0912464771410764,0.0925933364746943,0.0903391828027469,0.0938574917023752,0.0446798501180238,-0.000455598916844005,0.0012968425448638965,0.0003873276950203952,-0.00024318040077869751,-0.0020262128390089035,0.0925933364746943
805,2013-10-17,0.0918196676951892,0.0941555227615131,0.0916591010758329,0.0944198449729125,0.0468257374424324,0.0005731905541128124,0.001562186286818798,0.0013199182730860015,0.0005623532705373024,0.0021458873244086032,0.0941555227615131
806,2013-10-18,0.0939358371040348,0.0949955074568827,0.093079360237738,0.0965474096004236,0.0726836797015565,0.0021161694088455973,0.0008399846953696111,0.0014202591619050936,0.002127564627511097,0.025857942259124092,0.0949955074568827
807,2013-10-21,0.0949939627116875,0.0949513208600404,0.0930076573751789,0.0974592590890609,0.0478450339215265,0.001058125607652699,-4.418659684229942e-05,-7.170286255910041e-05,0.0009118494886373035,-0.02483864578002999,0.0949513208600404
808,2013-10-22,0.0952878497873242,0.0955260425113796,0.0936101782237073,0.0979455410126863,0.0603737145309585,0.0002938870756366979,0.0005747216513391912,0.0006025208485284095,0.0004862819236253896,0.012528680609431998,0.0955260425113796
809,2013-10-23,0.0940974819321074,0.0929175628021733,0.0923046438180029,0.0958179371685299,0.0628538650732077,-0.0011903678552167979,-0.0026084797092063017,-0.0013055344057044116,-0.0021276038441563894,0.0024801505422491973,0.0929175628021733
810,2013-10-24,0.0942738809950764,0.0939197323927709,0.0922329623905991,0.0966234353117676,0.0795092520757333,0.00017639906296899877,0.0010021695905976097,-7.16814274037969e-05,0.0008054981432377012,0.0166553870025256,0.0939197323927709
811,2013-10-25,0.0915551185182658,0.0941407640077788,0.0916734270673633,0.0938423279321411,0.1086974463940839,-0.0027187624768106045,0.00022103161500788837,-0.0005595353232357991,-0.002781107379626502,0.029188194318350597,0.0941407640077788
812,2013-10-28,0.0934655863499093,0.0954229015975248,0.0932084992063577,0.0966538054658914,0.0709091959525263,0.001910467831643503,0.0012821375897460047,0.0015350721389943978,0.0028114775337503006,-0.03778825044155759,0.0954229015975248
813,2013-10-29,0.0948764117303615,0.0975450776812566,0.0961925767461437,0.0981127557297679,0.1260254865386837,0.001410825380452202,0.0021221760837318027,0.002984077539786009,0.0014589502638764906,0.0551162905861574,0.0975450776812566
814,2013-10-30,0.0970807735051908,0.0969997838730255,0.0950018078459328,0.099206935675264,0.0661676103068618,0.0022043617748293,-0.0005452938082310954,-0.0011907689002109006,0.0010941799454960988,-0.0598578762318219,0.0969997838730255
815,2013-10-31,0.0968750338018479,0.0966755665119824,0.0954608932077588,0.0996932450488305,0.0548604347897855,-0.00020573970334289426,-0.00032421736104309984,0.0004590853618259977,0.0004863093735665014,-0.011307175517076301,0.0966755665119824
816,2013-11-01,0.0968309082719231,0.0956291923916705,0.0945426861630175,0.097702383105094,0.0569815618758356,-4.412552992480445e-05,-0.001046374120311902,-0.0009182070447412982,-0.0019908619437364883,0.002121127086050098,0.0956291923916705
817,2013-11-04,0.0953319586309402,0.0950102572441809,0.0930937190123078,0.0973376769651181,0.060394348062924,-0.001498949640982905,-0.0006189351474896049,-0.001448967150709704,-0.00036470613997591217,0.0034127861870884013,0.0950102572441809
818,2013-11-05,0.0934214888004372,0.094273395529794,0.0927063660254177,0.0966082036980681,0.0643064657235767,-0.0019104698305029977,-0.0007368617143869022,-0.0003873529868901049,-0.0007294732670499876,0.003912117660652706,0.094273395529794
819,2013-11-06,0.0949351588386555,0.0952755202882113,0.0929215528561131,0.0973072703886664,0.03820504778726,0.0015136700382182983,0.0010021247584173082,0.00021518683069540745,0.000699066690598299,-0.026101417936316706,0.0952755202882113
820,2013-11-07,0.0947000455274391,0.0941113002989266,0.0930363407219343,0.0967753875901748,0.0507130948647265,-0.000235113311216395,-0.0011642199892847038,0.0001147878658211976,-0.0005318827984916036,0.0125080470774665,0.0941113002989266
821,2013-11-08,0.0940387163689123,0.0954965788025274,0.0929646006111394,0.0965474128795504,0.0337110645251811,-0.000661329158526805,0.0013852785036008036,-7.174011079490172e-05,-0.00022797471062439845,-0.0170020303395454,0.0954965788025274
822,2013-11-11,0.0937594776829892,0.0925196592696916,0.091687753726989,0.0947693363820177,0.0804831547845034,-0.0002792386859230972,-0.002976919532835798,-0.0012768468841504038,-0.001778076497532699,0.046772090259322295,0.0925196592696916
823,2013-11-12,0.0913200040825089,0.0933155022003992,0.0909561264222535,0.0944350349089078,0.0408296330532675,-0.002439473600480302,0.0007958429307075993,-0.0007316273047354993,-0.00033430147310990754,-0.039653521731235895,0.0933155022003992
824,2013-11-13,0.092334030154136,0.0942144770785256,0.0917164922892576,0.0951037220128244,0.0425463429127944,0.0010140260716270943,0.0008989748781263879,0.0007603658670041064,0.0006686871039165987,0.0017167098595269048,0.0942144770785256
825,2013-11-14,0.0939061470343805,0.0929529174595088,0.0917453636014435,0.0957472617884126,0.043586272923854,0.0015721168802445007,-0.0012615596190167916,2.8871312185901887e-05,0.0006435397755882033,0.001039930011059599,0.0929529174595088
826,2013-11-15,0.0928257712349448,0.0942886833032551,0.0918754215644244,0.0946147246101589,0.078923259767914,-0.0010803757994356927,0.0013357658437462977,0.00013005796298089234,-0.0011325371782536925,0.03533698684406,0.0942886833032551
827,2013-11-18,0.0941873456301507,0.0933239575495921,0.0920487723295492,0.096022750090305,0.0389189679932652,0.0013615743952059,-0.0009647257536630066,0.00017335076512479952,0.0014080254801460967,-0.04000429177464881,0.0933239575495921
828,2013-11-19,0.0923225602190353,0.0920475943446607,0.0908351474152936,0.0946300226343151,0.049454449414833,-0.0018647854111153994,-0.0012763632049313939,-0.0012136249142555983,-0.0013927274559899089,0.0105354814215678,0.0920475943446607
829,2013-11-20,0.0924113824214482,0.0918249936033445,0.0904595245919513,0.0942321188773286,0.0345859262805169,8.882220241289429e-05,-0.00022260074131619234,-0.00037562282334228925,-0.0003979037569864924,-0.014868523134316101,0.0918249936033445
830,2013-11-21,0.0921893230560768,0.0941105381518625,0.0919765113141186,0.0948595544307339,0.0406356778527921,-0.00022205936537139648,0.0022855445485179954,0.0015169867221672961,0.0006274355534053033,0.0060497515722752054,0.0941105381518625
831,2013-11-22,0.0943057513093689,0.0942292985973122,0.0924388741180554,0.0969257404517655,0.0499083871180733,0.002116428253292099,0.00011876044544970044,0.00046236280393679996,0.0020661860210315908,0.009272709265281197,0.0942292985973122
832,2013-11-25,0.0940097331269257,0.094184753343028,0.0919765194788193,0.0966961480180993,0.0356629966491144,-0.00029601818244319456,-4.4545254284197866e-05,-0.00046235463923610665,-0.00022959243366620086,-0.014245390468958903,0.094184753343028
833,2013-11-26,0.0942465394282308,0.0956540742517025,0.0934502311210477,0.0971552992348599,0.036925768805401,0.00023680630130509805,0.001469320908674493,0.001473711642228398,0.00045915121676060044,0.001262772156286604,0.0956540742517025
834,2013-11-27,0.0948681263197596,0.0950307186512414,0.0933346326424007,0.0975685197252031,0.0458146943761245,0.0006215868915288025,-0.0006233556004611035,-0.00011559847864699158,0.0004132204903432024,0.008888925570723502,0.0950307186512414
835,2013-11-29,0.0945721643919976,0.0947932874247025,0.0932046386262312,0.0977369092767038,0.0159249599709479,-0.0002959619277620035,-0.00023743122653889503,-0.00012999401616950457,0.00016838955150069723,-0.029889734405176602,0.0947932874247025
836,2013-12-02,0.094128166600031,0.0944667836224674,0.0929012374246282,0.0972165511492417,0.0353287334312738,-0.00044399779196660494,-0.00032650380223510356,-0.000303401201602993,-0.000520358127462095,0.0194037734603259,0.0944667836224674
837,2013-12-03,0.0937581484812809,0.094481605141254,0.0931612861817425,0.0967726904278209,0.0398268433997457,-0.00037001811875009283,1.482151878660909e-05,0.00026004875711430064,-0.00044386072142080235,0.0044981099684719,0.094481605141254
838,2013-12-04,0.0937729453857034,0.0919140034139884,0.0920921189625596,0.0925944554975986,0.1560225153100807,1.4796904422492707e-05,-0.0025676017272656115,-0.0010691672191829038,-0.004178234930222305,0.116195671910335,0.0919140034139884
839,2013-12-05,0.0917453590223503,0.0917359210276482,0.0900116055743269,0.0941555683819696,0.0691347122034961,-0.0020275863633530955,-0.00017808238634019202,-0.002080513388232702,0.0015611128843710104,-0.08688780310658462,0.0917359210276482
840,2013-12-06,0.092603747412008,0.0929826053292622,0.0910952024222749,0.0953187255885915,0.0426412571598355,0.0008583883896576966,0.0012466843016139956,0.0010835968479479957,0.0011631572066218981,-0.026493455043660595,0.0929826053292622
841,2013-12-09,0.0926777405566485,0.0931755361336971,0.09097961483596,0.095517684503812,0.0446096961093412,7.399314464050233e-05,0.00019293080443490151,-0.00011558758631489974,0.0001989589152204957,0.001968438949505699,0.0931755361336971
842,2013-12-10,0.0928109389973249,0.0925670289513308,0.0908351286973045,0.0948595726549367,0.0373136792063518,0.0001331984406763992,-0.0006085071823662969,-0.0001444861386554891,-0.0006581118488752924,-0.007296016902989401,0.0925670289513308
843,2013-12-11,0.0925741585808048,0.0919733881199313,0.0907051150011282,0.0948136801111895,0.0327990624123074,-0.00023678041652010207,-0.0005936408313994973,-0.0001300136961763093,-4.589254374720575e-05,-0.004514616794044399,0.0919733881199313
844,2013-12-12,0.0913605356122929,0.0904149946355606,0.0897659714236158,0.0926709741334772,0.0655857447054357,-0.0012136229685118932,-0.0015583934843707015,-0.0009391435775124024,-0.0021427059777122948,0.0327866822931283,0.0904149946355606
845,2013-12-13,0.0906649276742223,0.0908008741773025,0.0888412896910651,0.0931148114731944,0.0373631996830689,-0.0006956079380706082,0.0003858795417418931,-0.0009246817325506973,0.0004438373397172013,-0.028222545022366798,0.0908008741773025
846,2013-12-16,0.0914641339867993,0.0904595219569727,0.0895781434372104,0.0931301176510567,0.0567545930242155,0.0007992063125770027,-0.00034135222032979917,0.0007368537461453079,1.530617786230093e-05,0.019391393341146597,0.0904595219569727
847,2013-12-17,0.0902801306358721,0.0919288338992111,0.0897226193949783,0.0928699348931247,0.0438792690777636,-0.001184003350927193,0.0014693119422383993,0.0001444759577678978,-0.0002601827579320065,-0.012875323946451897,0.0919288338992111
848,2013-12-18,0.0919081615876791,0.0930568294868637,0.090618435191948,0.0936199015475517,0.0493842954061504,0.0016280309518069969,0.0011279955876525999,0.0008958157969696928,0.0007499666544270034,0.0055050263283868,0.0930568294868637
849,2013-12-19,0.0927221675554206,0.0930568294868637,0.0906617777044583,0.0948136855632857,0.0276819464848714,0.0008140059677415046,0.0,4.334251251029986e-05,0.0011937840157340007,-0.021702348921279,0.0930568294868637
850,2013-12-20,0.0927961598318529,0.0936801671544527,0.0916875842722911,0.0956401431405391,0.0699848137204734,7.399227643228867e-05,0.0006233376675889996,0.0010258065678327988,0.0008264575772534005,0.042302867235602,0.0936801671544527
851,2013-12-23,0.0938617542502776,0.0947635995549491,0.0924244364903214,0.0967573943678537,0.0253338505472012,0.0010655944184247007,0.001083432400496409,0.0007368522180302983,0.0011172512273145974,-0.0446509631732722,0.0947635995549491
852,2013-12-24,0.0942465584842061,0.0950455939686443,0.0926989541583657,0.0974614174618191,0.0130403922021755,0.00038480423392850405,0.00028199441369519684,0.00027451766804430233,0.000704023093965403,-0.0122934583450257,0.0950455939686443
853,2013-12-26,0.0949125263071668,0.0951643006154776,0.0928722960314554,0.0977062655361998,0.0182194087255079,0.000665967822960703,0.00011870664683330534,0.00017334187308970517,0.000244848074380688,0.0051790165233324,0.0951643006154776
854,2013-12-27,0.0951345584051817,0.0950752728719616,0.0930312547427806,0.0975532494960084,0.0241040920420593,0.00022203209801489876,-8.902774351600418e-05,0.0001589587113251939,-0.0001530160401913977,0.005884683316551401,0.0950752728719616
855,2013-12-30,0.0946461582905048,0.0952830520944913,0.0929012250311751,0.0974001949914893,0.0223007213482775,-0.0004884001146769068,0.00020777922252969427,-0.00013002971160550048,-0.00015305450451909286,-0.0018033706937818014,0.0952830520944913
856,2013-12-31,0.0954453591178733,0.0956689406026693,0.0934069096971279,0.0981807505566825,0.0247272247074165,0.000799200827368507,0.0003858885081780006,0.0005056846659527992,0.0007805555651932,0.0024265033591389998,0.0956689406026693
857,2014-01-02,0.0947201567714493,0.0940660466961947,0.0926267072866817,0.0966196486412864,0.0405531437249302,-0.0007252023464240087,-0.0016028939064745978,-0.0007802024104461985,-0.0015611019153961014,0.0158259190175137,0.0940660466961947
858,2014-01-03,0.0937729545079465,0.0941996196939949,0.0923377428053307,0.0965584261117644,0.0316105709710965,-0.0009472022635027971,0.00013357299780020204,-0.0002889644813509895,-6.122252952199536e-05,-0.0089425727538337,0.0941996196939949
859,2014-01-06,0.0938617479724283,0.0925521984661082,0.0916297809767833,0.095242203230533,0.0440567174526666,8.879346448180392e-05,-0.0016474212278867056,-0.0007079618285474043,-0.0013162228812313992,0.012446146481570101,0.0925521984661082
860,2014-01-07,0.0924113509403444,0.0925076801111321,0.0907051086640603,0.0950126384374169,0.0784032947623842,-0.0014503970320838971,-4.451835497609746e-05,-0.0009246723127230017,-0.00022956479311610212,0.034346577309717595,0.0925076801111321
861,2014-01-08,0.0926037451826594,0.092463143823284,0.090676204324623,0.094859578386589,0.0596144005546293,0.0001923942423149999,-4.453628784810426e-05,-2.890433943729398e-05,-0.00015306005082790786,-0.018788894207754897,0.092463143823284
862,2014-01-09,0.092500172758966,0.0927451651362873,0.0917453924027895,0.0952728386601671,0.0791089615556032,-0.00010357242369339603,0.0002820213130033111,0.0010691880781664997,0.00041326027357810324,0.019494561000973895,0.0927451651362873
863,2014-01-10,0.092914539710847,0.0944222294017471,0.0921499054993098,0.0952575035326119,0.0411391360327495,0.00041436695188099004,0.001677064265459799,0.0004045130965203009,-1.533512755519384e-05,-0.0379698255228537,0.0944222294017471
864,2014-01-13,0.0946757268990065,0.0924779653420706,0.092467746543903,0.0951503448790972,0.0539690662088773,0.0017611871881594993,-0.001944264059676501,0.0003178410445931895,-0.00010715865351471066,0.012829930176127803,0.0924779653420706
865,2014-01-14,0.0924113385759905,0.0947784300401717,0.0929012121211365,0.0955329856452357,0.0743838827355111,-0.002264388323015995,0.002300464698101093,0.000433465577233505,0.0003826407661385034,0.020414816526633794,0.0947784300401717
866,2014-01-15,0.0943501653846527,0.0948081358427972,0.0927856462335634,0.0973389830991272,0.0662295109027582,0.0019388268086621974,2.9705802625498712e-05,-0.00011556588757309638,0.0018059974538914975,-0.008154371832752888,0.0948081358427972
867,2014-01-16,0.0938321090866115,0.0935910676794483,0.0920631850903276,0.0960380123173449,0.043986563443984,-0.0005180562980411918,-0.0012170681633488917,-0.0007224611432358058,-0.0013009707817822902,-0.022242947458774205,0.0935910676794483
868,2014-01-17,0.0929885585458065,0.0931161872934984,0.0910229702799094,0.0954105644569881,0.0596763011505257,-0.0008435505408050104,-0.0004748803859499079,-0.0010402148104182024,-0.0006274478603568029,0.015689737706541695,0.0931161872934984
869,2014-01-21,0.0935657648186363,0.0926709409786857,0.0914130754513423,0.0953952684853608,0.0454474175071392,0.0005772062728297972,-0.00044524631481270005,0.00039010517143289736,-1.5295971627304894e-05,-0.014228883643386495,0.0926709409786857
870,2014-01-22,0.0925889508922759,0.094481605141254,0.0921643644763556,0.0957013483809823,0.067673858140341,-0.000976813926360398,0.0018106641625683095,0.0007512890250133131,0.0003060798956215083,0.022226440633201804,0.094481605141254
871,2014-01-23,0.0938321735235198,0.0942886833032551,0.092222178213778,0.0960533805732621,0.0772725772106766,0.0012432226312439065,-0.00019292183799890505,5.781373742239082e-05,0.00035203219227979143,0.00959871907033559,0.0942886833032551
872,2014-01-24,0.0939357717120634,0.0921218095358262,0.0917020444834445,0.0942014907844513,0.1031635331209455,0.00010359818854359382,-0.002166873767428898,-0.0005201337303334941,-0.0018518897888108038,0.02589095591026891,0.0921218095358262
873,2014-01-27,0.0920857384983898,0.0915726422272225,0.0901127217805244,0.0936351817563298,0.0574726399366137,-0.0018500332136735936,-0.0005491673086037013,-0.0015893227029201012,-0.0005663090281214922,-0.0456908931843318,0.0915726422272225
874,2014-01-28,0.0913013440290393,0.0914390781958583,0.0900115959924856,0.0936658029994945,0.0747676664300688,-0.0007843944693504967,-0.00013356403136420558,-0.00010112578803880834,3.062124316469128e-05,0.017295026493455094,0.0914390781958583
875,2014-01-29,0.09093132717018,0.091305487265186,0.0894625510470644,0.0935586526425485,0.0573323319192486,-0.0003700168588593039,-0.0001335909306722921,-0.0005490449454211982,-0.00010715035694598696,-0.017435334510820195,0.091305487265186
876,2014-01-30,0.0919673586177587,0.0915429812567772,0.0901127443216904,0.0937423388130513,0.0618221884749343,0.001036031447578703,0.00023749399159120332,0.0006501932746260097,0.0001836861705027948,0.004489856555685699,0.0915429812567772
877,2014-01-31,0.0898213703360223,0.0912313258726368,0.0890869475915574,0.0927781473800044,0.0676119575444446,-0.0021459882817363995,-0.00031165538414040794,-0.001025796730133005,-0.000964191433046907,0.0057897690695103005,0.0912313258726368
878,2014-02-03,0.0891405072341687,0.0886488219286603,0.0880177238530475,0.0910792408562707,0.0828023637774219,-0.0006808631018535988,-0.002582503943976494,-0.0010692237385099002,-0.0016989065237336953,0.015190406232977294,0.0886488219286603
879,2014-02-04,0.0888001556559636,0.0894800015838312,0.0872086819810414,0.0909721566122347,0.0688953632326967,-0.0003403515782051114,0.0008311796551708911,-0.0008090418720061027,-0.00010708424403599315,-0.013907000544725198,0.0894800015838312
880,2014-02-05,0.0890369273655525,0.0904298340872193,0.0886534627873744,0.0915996268281924,0.0642363117148941,0.00023677170958891214,0.0009498325033881067,0.001444780806333007,0.0006274702159576873,-0.00465905151780259,0.0904298340872193
881,2014-02-06,0.0901469134671095,0.0917655640652214,0.0905028006109836,0.0932066265220086,0.0719284924316204,0.0011099861015569923,0.0013357299780021037,0.0018493378236092012,0.0016069996938162107,0.007692180716726296,0.0917655640652214
882,2014-02-07,0.0917749510312185,0.0923741071133319,0.0900982930870083,0.0941402570887113,0.0368556147967184,0.0016280375641089945,0.0006085430481104909,-0.000404507523975306,0.0009336305667026895,-0.035072877634902,0.0923741071133319
883,2014-02-10,0.0917749494352192,0.0925076801111321,0.0901271883619963,0.09470653986113,0.0381348937785774,-1.595999291059691e-09,0.00013357299780020204,2.8895274988005593e-05,0.0005662827724187136,0.0012792789818589986,0.0925076801111321
884,2014-02-11,0.0921449375222964,0.0944073899500885,0.0921643563351113,0.0952881077812379,0.044159885112494,0.00036998808707719433,0.0018997098389564038,0.0020371679731149978,0.0005815679201078977,0.006024991333916603,0.0944073899500885
885,2014-02-12,0.0939653954994031,0.0946745897443052,0.0927423316590486,0.0971400532291531,0.0463717997391921,0.0018204579771066987,0.00026719979421670204,0.000577975323937302,0.0018519454479151987,0.0022119146266980985,0.0946745897443052
886,2014-02-13,0.0935001407065928,0.0963187292565985,0.0937794954679219,0.0965508158385022,0.0531313448110793,-0.0004652547928103018,0.001644139512293294,0.0010371638088732954,-0.0005892373906509069,0.006759545071887196,0.0963187292565985
887,2014-02-14,0.0955421098170281,0.0975742365312832,0.0952199887450172,0.0988011615471433,0.0582278272065499,0.0020419691104353044,0.0012555072746847085,0.001440493277095306,0.002250345708641105,0.0050964823954706,0.0975742365312832
888,2014-02-18,0.0972115197946463,0.0963934465681826,0.0952927625272152,0.0993098410231876,0.0557229164259421,0.0016694099776182053,-0.0011807899631006008,7.277378219799902e-05,0.0005086794760442992,-0.0025049107806077997,0.0963934465681826
889,2014-02-19,0.095989308647954,0.0962589410610335,0.094128722451958,0.098754963078439,0.0591274492002443,-0.001222211146692298,-0.00013450550714910747,-0.0011640400752572083,-0.0005548779447485941,0.0034045327743022005,0.0962589410610335
890,2014-02-20,0.0962874166865255,0.0966326262497508,0.094536150302023,0.0992019684462421,0.047646952014658,0.0002981080385714985,0.0003736851887173043,0.00040742785006500637,0.00044700536780309386,-0.011480497185586296,0.0966326262497508
891,2014-02-21,0.0967941991761958,0.0971109318142708,0.0955110478002567,0.0994331755923439,0.0676656047275548,0.0005067824896703016,0.0004783055645199985,0.0009748974982336928,0.0002312071461017945,0.020018652712896795,0.0971109318142708
892,2014-02-24,0.0976288896191068,0.0976789196721383,0.0960785300271103,0.100250099322211,0.0406645647975437,0.0008346904429109986,0.0005679878578675052,0.0005674822268535995,0.0008169237298671084,-0.0270010399300111,0.0976789196721383
893,2014-02-25,0.0974052945109398,0.0975593253481362,0.0952491234422868,0.0996335371304184,0.0445312886878724,-0.00022359510816701011,-0.00011959432400210357,-0.0008294065848234999,-0.0006165621917925967,0.003866723890328702,0.0975593253481362
894,2014-02-26,0.0977033939286212,0.0975144752350264,0.0962094667438813,0.1002654894278159,0.0359353592710585,0.00029809941768139947,-4.485011310979836e-05,0.0009603433015945018,0.0006319522973974867,-0.008595929416813898,0.0975144752350264
895,2014-02-27,0.096987962335522,0.0971109318142708,0.0951036288934604,0.0994177586936434,0.0359848797477757,-0.0007154315930991972,-0.00040354342075560323,-0.0011058378504208988,-0.0008477307341724916,4.952047671719778e-05,0.0971109318142708
896,2014-02-28,0.0970624566761873,0.0973799428285691,0.0954237114550419,0.0995256164751521,0.0478120202703818,7.44943406653098e-05,0.0002690110142982982,0.00032008256158150283,0.00010785778150869396,0.011827140522606097,0.0973799428285691
897,2014-03-03,0.0960787207837544,0.0961393467370314,0.0943324169058145,0.0984929189861679,0.0312845611660421,-0.0009837358924329048,-0.0012405960915377046,-0.0010912945492274062,-0.0010326974889841994,-0.016527459104339698,0.0961393467370314
898,2014-03-04,0.0969730452373195,0.097484599070116,0.0954819426010932,0.099756850915449,0.045265842425843,0.000894324453565104,0.0013452523330846067,0.001149525695278708,0.0012639319292811063,0.013981281259800901,0.097484599070116
899,2014-03-05,0.0973158725757372,0.097843328243506,0.0953946339406675,0.1000034659469182,0.0248551526056024,0.0003428273384177005,0.0003587291733899989,-8.73086604257084e-05,0.00024661503146919395,-0.0204106898202406,0.097843328243506
900,2014-03-06,0.0975394556677828,0.0988447805192197,0.0963840877520895,0.1006354327353154,0.0342888034202142,0.0002235830920455928,0.0010014522757137018,0.0009894538114220003,0.0006319667883972063,0.009433650814611803,0.0988447805192197
901,2014-03-07,0.0990001549806416,0.0999209680393897,0.0977227628624099,0.1019147635178711,0.0542331754180353,0.0014606993128588042,0.0010761875201699966,0.001338675110320403,0.001279330782555696,0.0199443719978211,0.0999209680393897
902,2014-03-10,0.0997752103019171,0.0988597096352389,0.0976790817113522,0.1015910588175636,0.048220564203298,0.0007750553212755029,-0.0010612584041508055,-4.3681151057697876e-05,-0.00032370470030750054,-0.006012611214737305,0.0988597096352389
903,2014-03-11,0.0991641060378423,0.0992035096926097,0.0982174759426443,0.1016527163649901,0.0498217262838183,-0.0006111042640748049,0.00034380005737080777,0.0005383942312920942,6.165754742649965e-05,0.001601162080520302,0.0992035096926097
904,2014-03-12,0.098135637174814,0.1010868199200351,0.0984648274110491,0.1014060961593067,0.0729560423235007,-0.0010284688630283062,0.0018833102274253971,0.0002473514684048078,-0.0002466202056834038,0.023134316039682398,0.1010868199200351
905,2014-03-13,0.1008036409053411,0.099771461684733,0.0986685141612445,0.1023617202713905,0.0879401132368234,0.0026680037305270993,-0.0013153582353020998,0.0002036867501954004,0.0009556241120838027,0.014984070913322697,0.099771461684733
906,2014-03-14,0.0990597699822275,0.0999658002196274,0.0978100567737767,0.1024388131639583,0.0589871411828791,-0.001743870923113594,0.0001943385348943949,-0.0008584573874678009,7.709289256779828e-05,-0.028952972053944294,0.0999658002196274
907,2014-03-17,0.1000583945751485,0.1013110166869678,0.0986976337037326,0.1032865463046102,0.0675459302421551,0.0009986245929209936,0.0013452164673404127,0.000887576929955905,0.0008477331406519101,0.008558789059276005,0.1013110166869678
908,2014-03-18,0.1007142290617769,0.1024619484180301,0.0998907968648553,0.1040880519349711,0.0499331473564318,0.0006558344866284121,0.001150931731062288,0.0011931631611226956,0.0008015056303608964,-0.017612782885723308,0.1024619484180301
909,2014-03-19,0.1023538023050446,0.1025366836624864,0.1005892326870563,0.1049358118040954,0.0527062940525907,0.001639573243267689,7.473524445630875e-05,0.000698435822200999,0.0008477598691243038,0.0027731466961589055,0.1025366836624864
910,2014-03-20,0.1014743982715566,0.1045395882139139,0.1017969419706382,0.1047508397525099,0.0739216916194846,-0.0008794040334879905,0.0020029045514275007,0.0012077092835818953,-0.00018497205158550523,0.021215397566893897,0.1045395882139139
911,2014-03-21,0.1054391582589672,0.1046591466721718,0.1029755389354259,0.1075252834373475,0.0990946006173552,0.003964759987410596,0.00011955845825789568,0.0011785969647876982,0.0027744436848376047,0.0251729089978706,0.1046591466721718
912,2014-03-24,0.1048429499331125,0.1040014854873928,0.1026554327859285,0.1067546040884582,0.0780030042422541,-0.0005962083258547052,-0.0006576611847790015,-0.0003201061494974011,-0.0007706793488893027,-0.021091596375101093,0.1040014854873928
913,2014-03-25,0.1040529934053866,0.1043452765783276,0.1018551532309278,0.1069087537591601,0.0558921113880589,-0.0007899565277258991,0.00034379109093479743,-0.0008002795550006991,0.000154149670701903,-0.022110892854195208,0.1043452765783276
914,2014-03-26,0.1047237498488746,0.1031196365021172,0.1029901255325042,0.106307641361977,0.0563996962744094,0.0006707564434880048,-0.0012256400762103992,0.0011349723015764007,-0.0006011123971831067,0.0005075848863504984,0.1031196365021172
915,2014-03-27,0.1028903869549631,0.1023872131735739,0.1004437252124172,0.1051515988585366,0.0577450025585579,-0.0018333628939115054,-0.0007324233285432996,-0.002546400320086989,-0.0011560425034403965,0.0013453062841485008,0.1023872131735739
916,2014-03-28,0.1023388942725639,0.1027608804294191,0.1015932260414227,0.1054752741675291,0.0334510820224162,-0.0005514926823991934,0.00037366725584520033,0.001149500829005487,0.00032367530899249375,-0.024293920536141697,0.1027608804294191
917,2014-03-31,0.1029351290147495,0.103343851201922,0.1016369130887289,0.1061380977364338,0.0483484921014839,0.0005962347421855918,0.0005829707725028971,4.368704730620121e-05,0.000662823568904708,0.014897410079067697,0.103343851201922
918,2014-04-01,0.1036803479298708,0.1046591466721718,0.10191334157737,0.1064617412095279,0.0528342219507766,0.000745218915121304,0.0013152954702498054,0.0002764284886411089,0.00032364347309409014,0.0044857298492926995,0.1046591466721718
919,2014-04-02,0.1047087963120561,0.1059595309592745,0.1032374408784723,0.1074944374559262,0.0700673478483352,0.0010284483821852985,0.0013003842871027044,0.0013240993011022911,0.0010326962463983042,0.0172331258975586,0.1059595309592745
920,2014-04-03,0.1051261634716777,0.1064528104719939,0.1046634417271494,0.1087121383428511,0.0681236691371882,0.0004173671596216094,0.000493279512719394,0.0014260008486771114,0.0012177008869248968,-0.0019436787111469928,0.1064528104719939
921,2014-04-04,0.1067061146926424,0.1037324565402224,0.104256029570183,0.1066158942424279,0.09970122645714,0.001579951220964701,-0.002720353931771502,-0.000407412156966408,-0.0020962441004231946,0.03157755731995179,0.1037324565402224
922,2014-04-07,0.1034269599487821,0.1028505537563305,0.1009675388741459,0.1048895562007466,0.1057385979102358,-0.003279154743860313,-0.0008819027838918997,-0.003288490696037094,-0.0017263380416813051,0.006037371453095797,0.1028505537563305
923,2014-04-08,0.1018171693362757,0.1016846570435049,0.0997161457809813,0.1042113235781615,0.070628579917796,-0.0016097906125063927,-0.0011658967128255898,-0.0012513930931646045,-0.0006782326225850954,-0.03511001799243979,0.1016846570435049
924,2014-04-09,0.1018917573618256,0.1029402719154222,0.10034188436433,0.1043655162447502,0.0445725557518033,7.458802554989596e-05,0.0012556148719172905,0.0006257385833487034,0.00015419266658869835,-0.026056024165992703,0.1029402719154222
925,2014-04-10,0.1028307717242877,0.0996668592418024,0.1004291780235143,0.1025775368429837,0.0746892590086,0.0009390143624621039,-0.003273412673619802,8.729365918429266e-05,-0.001787979401766504,0.030116703256796704,0.0996668592418024
926,2014-04-11,0.0985679002612888,0.097903116439071,0.0973007868227079,0.1006970838596862,0.0851752199534507,-0.0042628714629989045,-0.001763742802731394,-0.0031283912008063935,-0.0018804529832974898,0.0104859609448507,0.097903116439071
927,2014-04-14,0.0983890224315532,0.0985159275107401,0.0967332862890887,0.1006662264909829,0.0479605817005331,-0.00017887782973559363,0.000612811071669106,-0.0005675005336192029,-3.085736870329925e-05,-0.037214638252917605,0.0985159275107401
928,2014-04-15,0.0983741264562845,0.0988746656505662,0.0965732394750771,0.1002192432511731,0.0507419818094782,-1.4895975268700012e-05,0.0003587381398260925,-0.00016004681401160514,-0.0004469832398098089,0.0027814001089450993,0.0988746656505662
929,2014-04-16,0.0969134537665232,0.0983216607073341,0.0957147788297455,0.0985854447817371,0.0793854508839405,-0.0014606726897612998,-0.0005530049432320994,-0.000858460645331599,-0.0016337984694359958,0.028643469074462302,0.0983216607073341
930,2014-04-17,0.0977928004039679,0.098814850555693,0.0969515255326243,0.1010977920059085,0.0533872006074511,0.0008793466374446973,0.000493189848358902,0.0012367467028788076,0.0025123472241714018,-0.0259982502764894,0.098814850555693
931,2014-04-21,0.099238647261584,0.0992483598057195,0.0972571325605167,0.1016064885075249,0.0292253346758884,0.0014458468576161038,0.0004335092500264981,0.00030560702789239613,0.0005086965016164041,-0.0241618659315627,0.0992483598057195
932,2014-04-22,0.0985828064855713,0.0997864445993685,0.0975190368976634,0.1015910735710478,0.0382256813192255,-0.0006558407760127033,0.0005380847936490019,0.0002619043371467067,-1.5414936477109453e-05,0.009000346643337098,0.0997864445993685
933,2014-04-23,0.0992535270794941,0.0997266474373674,0.0976645456779951,0.102207600525368,0.0641083838167082,0.0006707205939227995,-5.9797162001107296e-05,0.00014550878033169068,0.0006165269543201984,0.02588270249748271,0.0997266474373674
934,2014-04-24,0.1013849909321862,0.101251264357147,0.0998035181766513,0.1025004869867326,0.1016531585810732,0.0021314638526920976,0.0015246169197796061,0.0021389724986562025,0.0002928864613646054,0.03754477476436499,0.101251264357147
935,2014-04-25,0.0939025924857747,0.0940318397426733,0.0945798019895743,0.0964737607712336,0.1848516861722322,-0.007482398446411492,-0.007219424614473696,-0.005223716187076996,-0.006026726215499004,0.08319852759115899,0.0940318397426733
936,2014-04-28,0.0943348072238593,0.0948389445170566,0.0928336761551888,0.0958263490228273,0.09264455852495,0.00043221473808459365,0.0008071047743832965,-0.0017461258343855063,-0.0006474117484062958,-0.09220712764728219,0.0948389445170566
937,2014-04-29,0.0953036646568526,0.0960646204590112,0.0944779352843507,0.0977376636093014,0.1045831201201697,0.0009688574329932975,0.0012256759419545932,0.0016442591291618985,0.0019113145864741027,0.011938561595219693,0.0960646204590112
938,2014-04-30,0.0955421752309472,0.0956461389558004,0.0944052048825149,0.0983696500313234,0.1242468760832604,0.00023851057409460252,-0.0004184815032107908,-7.273040183579382e-05,0.0006319864220220017,0.01966375596309071,0.0956461389558004
939,2014-05-01,0.0953781915199631,0.0940467688586924,0.0935757821224193,0.096720362378279,0.0990079397831003,-0.00016398371098409747,-0.001599370097108005,-0.0008294227600956078,-0.0016492876530444095,-0.02523893630016011,0.0940467688586924
940,2014-05-02,0.0939770982186369,0.0944652862276474,0.0924844789099861,0.0967203586819761,0.0442630527723213,-0.0014010933013262061,0.0004185173689549987,-0.0010913032124331978,-3.6963028887671e-09,-0.054744887010778995,0.0944652862276474
941,2014-05-05,0.0931871458371301,0.0937328987648483,0.0918442625255196,0.0962888001702631,0.0501518627952658,-0.0007899523815067949,-0.0007323874627990917,-0.0006402163844664993,-0.00043155851171300386,0.005888810022944502,0.0937328987648483
942,2014-05-06,0.0936342723441106,0.0931200428609989,0.0914513649881842,0.0956568143906177,0.0414114986546937,0.00044712650698050527,-0.0006128559038494075,-0.00039289753733540156,-0.0006319857796454054,-0.008740364140572103,0.0931200428609989
943,2014-05-07,0.0928443151991118,0.094016883727346,0.0915677883255008,0.0954718623632245,0.0589334939997689,-0.0007899571449988124,0.0008968408663471011,0.00011642333731660959,-0.00018495202739320094,0.017521995345075203,0.094016883727346
944,2014-05-08,0.0930529706214821,0.0935535072788451,0.0928918891272806,0.0961808760152371,0.0493058879846816,0.00020865542237030743,-0.00046337644850090454,0.00132410080177979,0.000709013652012605,-0.009627606015087303,0.0935535072788451
945,2014-05-09,0.0930678643570977,0.0943307448547541,0.0920042846064914,0.0955489094172167,0.0461118172364272,1.4893735615598147e-05,0.0007772375759090011,-0.0008876045207891897,-0.0006319665980204087,-0.003194070748254403,0.0943307448547541
946,2014-05-12,0.0946478034497365,0.0958403878263343,0.0937794596479441,0.0976143210074251,0.0441722652316732,0.0015799390926388018,0.0015096429715802107,0.0017751750414526923,0.002065411590208413,-0.001939552004754,0.0958403878263343
947,2014-05-13,0.0957060920276248,0.0943158067722989,0.0935321225154956,0.0971519318675564,0.0630478202736831,0.0010582885778882972,-0.0015245810540354121,-0.00024733713244849687,-0.00046238913986870744,0.018875555042009898,0.0943158067722989
948,2014-05-14,0.0929188309249366,0.0941513982009312,0.0921643593981712,0.0960883995817954,0.0407017051550816,-0.0027872611026882044,-0.00016440857136769405,-0.0013677631173243943,-0.0010635322857610041,-0.022346115118601496,0.0941513982009312
949,2014-05-15,0.0938426359178674,0.0939105328293861,0.0916844050423874,0.0953670725048212,0.060043578019511,0.0009238049929308073,-0.00024086537154509313,-0.00047995435578380985,-0.0007213270769741986,0.0193418728644294,0.0939105328293861
950,2014-05-16,0.0932571208435185,0.0950697047151761,0.0932525045659774,0.0964382289602713,0.0640423565144187,-0.0005855150743488968,0.0011591718857899974,0.001568099523590008,0.001071156455450098,0.0039987784949077,0.0950697047151761
951,2014-05-19,0.0945782673475937,0.095852591145795,0.0937654943141222,0.0978044412977061,0.0446303296413066,0.0013211465040751935,0.0007828864306188982,0.0005129897481448015,0.0013662123374348079,-0.019412026873112095,0.095852591145795
952,2014-05-20,0.0957191568940015,0.0951750872380428,0.0935016450713098,0.0977733383283981,0.043144715339793,0.0011408895464078,-0.0006775039077522027,-0.0002638492428124056,-3.110296930800005e-05,-0.001485614301513602,0.0951750872380428
953,2014-05-21,0.0953588639831826,0.0956869452062527,0.0936042344504845,0.0981459309804388,0.0249211799078919,-0.0003602929108188907,0.0005118579682099056,0.00010258937917470567,0.00037259265204070413,-0.0182235354319011,0.0956869452062527
954,2014-05-22,0.0956591348125848,0.0958074003081154,0.0938680592150412,0.0985030159249694,0.0341237351644905,0.0003002708294021911,0.00012045510186269037,0.00026382476455669157,0.00035708494453060013,0.009202555256598601,0.0958074003081154
955,2014-05-23,0.0959293961403573,0.0966203870645459,0.0942344817355103,0.098844589578289,0.0365791254683811,0.00027026132777249745,0.0008129867564305032,0.0003664225204691035,0.00034157365331959066,0.002455390303890602,0.0966203870645459
956,2014-05-27,0.0966649489876617,0.0982161167886185,0.0956120332824875,0.0995276177474202,0.0488725838134068,0.0007355528473044076,0.0015957297240725976,0.0013775515469772043,0.0006830281691311973,0.012293458345025696,0.0982161167886185
957,2014-05-28,0.0982112892632652,0.0984871631838996,0.0960224453800959,0.1005988772909924,0.0438256218946534,0.0015463402756034916,0.0002710463952811104,0.0004104120976083925,0.001071259543572206,-0.005046961918753395,0.0984871631838996
958,2014-05-29,0.0983013231418241,0.0988333752125673,0.0963008548590228,0.1009714126080921,0.0483691256334494,9.003387855890943e-05,0.00034621202866769174,0.0002784094789269054,0.0003725353170997009,0.004543503738796001,0.0988333752125673
959,2014-05-30,0.0987066510415396,0.0986376558465215,0.096549992236184,0.1011421807365924,0.0316642181542067,0.00040532789971549354,-0.00019571936604580176,0.00024913737716120155,0.00017076812850029544,-0.016704907479242706,0.0986376558465215
960,2014-06-02,0.0986766327480868,0.0987279926897005,0.0969310381165511,0.1012974250049039,0.0231797098100064,-3.0018293452796496e-05,9.033684317900914e-05,0.0003810458803670952,0.00015524426831149685,-0.008484508344200298,0.0987279926897005
961,2014-06-03,0.0978359094978461,0.0991344412357355,0.0968870537802737,0.1011732053847277,0.0426247503342632,-0.0008407232502407047,0.0004064485460349987,-4.398433627740561e-05,-0.00012421962017619692,0.019445040524256805,0.0991344412357355
962,2014-06-04,0.0986315746956998,0.0997366360471244,0.0972534484293439,0.1019494400132034,0.0448985655568577,0.0007956651978537066,0.0006021948113889009,0.00036639464907020636,0.0007762346284757027,0.002273815222594497,0.0997366360471244
963,2014-06-05,0.0993972080057335,0.1000377200031648,0.0977517246459409,0.1021357351231375,0.0400166718938281,0.0007656333100336948,0.0003010839560403933,0.0004982762165969962,0.00018629510993410647,-0.004881893663029602,0.1000377200031648
964,2014-06-06,0.1004781273321061,0.1008205885009116,0.0981914150416621,0.1033777127898212,0.027487991284396,0.0010809193263726091,0.0007828684977468081,0.0004396903957211984,0.0012419776666836996,-0.012528680609432099,0.1008205885009116
965,2014-06-09,0.1005831823745599,0.1024012815117325,0.0997595149663084,0.1039831471120045,0.0531395982238655,0.00010505504245379715,0.0015806930108208939,0.0015680999246463073,0.0006054343221832958,0.0256516069394695,0.1024012815117325
966,2014-06-10,0.1022496006870191,0.1025368181590271,0.1000233516070054,0.1046662575555611,0.0421212921543058,0.0016664183124592002,0.00013553664729459847,0.00026383664069699886,0.0006831104435565949,-0.011018306069559697,0.1025368181590271
967,2014-06-11,0.1009735264196794,0.1025518548722788,0.1005362689565386,0.1044178500441431,0.0366368993578844,-0.001276074267339708,1.5036713251703748e-05,0.0005129173495331957,-0.00024840751141799733,-0.005484392796421399,0.1025518548722788
968,2014-06-12,0.1019793873738778,0.1021454063262438,0.1003897480670644,0.105023337588716,0.0630313134481107,0.0010058609541983982,-0.0004064485460349987,-0.00014652088947419983,0.0006054875445729024,0.026394414090226304,0.1021454063262438
969,2014-06-13,0.1024747753908791,0.1032293139478507,0.100741451179334,0.1055200961415416,0.0326711345141215,0.0004953880170013025,0.0010839076216069,0.00035170311226960516,0.0004967585528256047,-0.030360178933989207,0.1032293139478507
970,2014-06-16,0.1020093785844771,0.1034250153810244,0.101122491604289,0.1054890363228335,0.02369142140275,-0.00046539680640199366,0.00019570143317369781,0.0003810404249550009,-3.105981870810126e-05,-0.008979713111371499,0.1034250153810244
971,2014-06-17,0.1027750405845353,0.1040874467097806,0.1015475256690574,0.1061876726491297,0.0288002839173998,0.0007656620000581899,0.0006624313287561939,0.00042503406476840366,0.0006986363262962009,0.005108862514649801,0.1040874467097806
972,2014-06-18,0.1039309737650675,0.1039368733492343,0.1015621551766725,0.1058616290027227,0.0292170812631022,0.001155933180532212,-0.00015057336054630222,1.4629507615090964e-05,-0.00032604364640700934,0.00041679734570239726,0.1039368733492343
973,2014-06-19,0.1037057886362009,0.1037562175957484,0.101532841406822,0.1059082041362322,0.0416838612766378,-0.0002251851288666007,-0.00018065575348588658,-2.9313769850491944e-05,4.6575133509502153e-05,0.0124667800135356,0.1037562175957484
974,2014-06-20,0.1038859161207504,0.1053821014442489,0.1026173263223257,0.1072277703931451,0.081040260147571,0.0001801274845494999,0.0016258838485004867,0.0010844849155036973,0.0013195662569129019,0.0393563988709332,0.1053821014442489
975,2014-06-23,0.1050869551145296,0.1058488313398315,0.1031009985772881,0.1082524358978728,0.0394636932371535,0.0012010389937791993,0.00046672989558260713,0.00048367225496240285,0.0010246655047276981,-0.0415765669104175,0.1058488313398315
976,2014-06-24,0.105086915934772,0.104539050227751,0.103042337069206,0.1075537855969076,0.0580379987124676,-3.917975760492354e-08,-0.0013097811120805075,-5.8661508082105684e-05,-0.0006986503009651923,0.0185743054753141,0.104539050227751
977,2014-06-25,0.1045915135967685,0.1050810264546446,0.1024707860768281,0.1070725400550113,0.0612238160479358,-0.0004954023380034922,0.0005419762268936007,-0.0005715509923779061,-0.00048124554189631075,0.0031858173354682023,0.1050810264546446
978,2014-06-26,0.1047866981550986,0.1053219097590618,0.1025294246048373,0.1073364700424678,0.047469503639755,0.00019518455833009152,0.00024088330441721095,5.863852800920555e-05,0.00026392998745650154,-0.0137543124081808,0.1053219097590618
979,2014-06-27,0.1050869443986667,0.1068424290175676,0.1043027333458438,0.1082524248592213,0.1754386688895858,0.00030024624356810026,0.001520519258505798,0.0017733087410065074,0.0009159548167535086,0.12796916524983082,0.1068424290175676
980,2014-06-30,0.1080293362584204,0.1093565011216294,0.1066622187040102,0.1109846880432064,0.0813745233654116,0.0029423918597537013,0.002514072104061793,0.002359485358166394,0.0027322631839850897,-0.09406414552417422,0.1093565011216294
981,2014-07-01,0.1091853185920108,0.1100038688378258,0.1078493246944125,0.112568214849925,0.0747098925405655,0.0011559823335904051,0.0006473677161964037,0.0011871059904022957,0.0015835268067186103,-0.006664630824846099,0.1100038688378258
982,2014-07-02,0.1092603864160436,0.1102598067883667,0.1076441619509767,0.1129252849447468,0.0724649642627226,7.506782403279844e-05,0.00025593795054089374,-0.00020516274343579388,0.0003570700948217903,-0.0022449282778428947,0.1102598067883667
983,2014-07-03,0.1105364491158945,0.11233735691989,0.1094761005174588,0.1140430612244379,0.0622967597101401,0.001276062699850894,0.0020775501315233036,0.0018319385664821025,0.0011177762796911045,-0.0101682045525825,0.11233735691989
984,2014-07-07,0.1121878001690177,0.1114491058992765,0.1100183317554827,0.1146174475105977,0.1036092174113996,0.0016513510531232095,-0.0008882510206135036,0.0005422312380238964,0.0005743862861598004,0.0413124577012595,0.1114491058992765
985,2014-07-08,0.1115572919004957,0.1115394517088915,0.109842484168332,0.1131892178787617,0.1684727884980439,-0.000630508268522012,9.03458096150056e-05,-0.00017584758715069593,-0.0014282296318360033,0.0648635710866443,0.1115394517088915
986,2014-07-09,0.1111669574481153,0.1126986415275536,0.1099304048340765,0.1143845796983421,0.1209702712071441,-0.0003903344523803892,0.0011591898186621014,8.792066574449253e-05,0.0011953618195804094,-0.0475025172908998,0.1126986415275536
987,2014-07-10,0.1107466072446496,0.1124878854482561,0.110501972916842,0.114431158677999,0.0839372080355227,-0.0004203502034657025,-0.0002107560792975055,0.0005715680827654973,4.657897965688884e-05,-0.0370330631716214,0.1124878854482561
988,2014-07-11,0.1123829760859075,0.1123222933073301,0.1097105871850552,0.1152229214707037,0.0375323946451857,0.0016363688412578958,-0.00016559214092599917,-0.0007913857317867895,0.0007917627927047088,-0.046404813390336995,0.1123222933073301
989,2014-07-14,0.1129234243813074,0.1127588780449209,0.1103114544627578,0.1158283767170275,0.0428021987091662,0.0005404482953998979,0.00043658473759079774,0.0006008672777025881,0.0006054552463237994,0.0052698040639804974,0.1127588780449209
990,2014-07-15,0.1122628586557464,0.1117502077881889,0.1101209225456389,0.114664022482289,0.073187137881514,-0.000660565725561002,-0.001008670256732,-0.0001905319171188885,-0.0011643542347384989,0.030384939172347802,0.1117502077881889
991,2014-07-16,0.1116323311594221,0.1115845977143908,0.1104726412002859,0.1146484857256196,0.1224806457470163,-0.000630527496324293,-0.00016561007379808923,0.00035171865464699026,-1.553675666940424e-05,0.049293507865502295,0.1115845977143908
992,2014-07-17,0.1107466017923859,0.1114190055734649,0.1092415993393306,0.1141672392371278,0.0935152935738928,-0.0008857293670362087,-0.00016559214092590202,-0.0012310418609552953,-0.0004812464884918072,-0.0289653521731235,0.1114190055734649
993,2014-07-18,0.1114672267630484,0.1121567011664042,0.1096080086395512,0.1148348181830952,0.0399919116554695,0.0007206249706625117,0.0007376955929392914,0.0003664093002205965,0.0006675789459674036,-0.05352338191842329,0.1121567011664042
994,2014-07-21,0.1110618930014667,0.11233735691989,0.1097692159410174,0.1148192868073793,0.0317797659332133,-0.0004053337615817082,0.00018065575348580332,0.00016120730146620965,-1.5531375715902018e-05,-0.008212145722256203,0.11233735691989
995,2014-07-22,0.1123078699935596,0.1121867566600355,0.1099157238082415,0.1155178504291219,0.0556899027747973,0.0012459769920929037,-0.00015060025985449976,0.00014650786722408826,0.0006985636217426011,0.023910136841584002,0.1121867566600355
996,2014-07-23,0.1120376935097777,0.1102899340134865,0.1093735151881096,0.1134531364037355,0.1091926511612551,-0.0002701764837819004,-0.0018968226465490012,-0.0005422086201318926,-0.0020647140253863966,0.05350274838645779,0.1102899340134865
997,2014-07-24,0.1102812229802024,0.1099285956072066,0.1082889963872157,0.1130339474216021,0.0941673131840015,-0.0017564705295752964,-0.0003613384062799013,-0.0010845188008938994,-0.0004191889821334033,-0.015025337977253597,0.1099285956072066
998,2014-07-25,0.105657384605269,0.1077908358576241,0.1060173888935428,0.1088267957259479,0.2050271537280665,-0.004623838374933409,-0.0021377597495824963,-0.002271607493672903,-0.004207151695654193,0.11085984054406502,0.1077908358576241
999,2014-07-28,0.107368804442983,0.1081371016849081,0.1056070437538864,0.1098048526528643,0.0665183803502748,0.001711419837714001,0.00034626582728400357,-0.00041034513965640396,0.0009780569269163958,-0.13850877337779172,0.1081371016849081
1000,2014-07-29,0.1081945079401895,0.1074897698344559,0.1062958665521186,0.1107052814618086,0.0548769416153579,0.0008257034972065092,-0.0006473318504521958,0.0006888227982322082,0.0009004288089442952,-0.011641438734916895,0.1074897698344559
1001,2014-07-30,0.1082245337405714,0.1082274474945231,0.106090697242267,0.1108139587066296,0.0503540714085274,3.0025800381888734e-05,0.0007376776600671875,-0.00020516930985160775,0.00010867724482101215,-0.004522870206830502,0.1082274474945231
1002,2014-07-31,0.107413855273266,0.1076252437166982,0.1053872250921485,0.1103326843154657,0.0653587758538155,-0.0008106784673053979,-0.0006022037778248973,-0.0007034721501184976,-0.0004812743911639106,0.015004704445288099,0.1076252437166982
1003,2014-08-01,0.1071436152003201,0.1078359908295596,0.1056949719728986,0.110550009889968,0.0569939419950149,-0.00027024007294589036,0.00021074711286139802,0.0003077468807500955,0.00021732557450231116,-0.008364833858800595,0.1078359908295596
1004,2014-08-04,0.1072037123509022,0.1086489865524261,0.1061053678910375,0.1107829275102373,0.0522152159918126,6.0097150582097414e-05,0.0008129957228664997,0.0004103959181389061,0.0002329176202692934,-0.0047787260032023035,0.1086489865524261
1005,2014-08-05,0.1073988304400805,0.1077908358576241,0.1059294598802154,0.1106897437414016,0.0728611280764596,0.00019511808917829776,-0.0008581506948019957,-0.00017590801082209562,-9.318376883570012e-05,0.020645912084647,0.1077908358576241
1006,2014-08-06,0.1064530734073637,0.1082123838819632,0.1060613855998376,0.1100843107092065,0.0539360525577326,-0.0009457570327168069,0.0004215480243391079,0.00013192571962220012,-0.0006054330321950963,-0.018925075518727,0.1082123838819632
1007,2014-08-07,0.1085397703215094,0.1078359908295596,0.1059587701770878,0.1107363082327855,0.0635801653983922,0.0020866969141457026,-0.00037639305240361187,-0.00010261542274980773,0.000651997523579001,0.0096441128406596,0.1078359908295596
1008,2014-08-08,0.107669088546589,0.108904906570095,0.1061053627399153,0.1110313081729809,0.0408337597596606,-0.0008706817749203899,0.0010689157405354005,0.00014659256282750777,0.0002949999401953979,-0.0227464056387316,0.108904906570095
1009,2014-08-11,0.1087499561827646,0.1092963004700062,0.1076148426702555,0.1123974433542865,0.0401982469751242,0.0010808676361755976,0.0003913938999112049,0.0015094799303402018,0.0013661351813056,-0.0006355127845364059,0.1092963004700062
1010,2014-08-12,0.1085698291537608,0.1096275295840384,0.106955378388155,0.1121025008579985,0.0445766824581964,-0.0001801270290038015,0.0003312291140322027,-0.0006594642821005081,-0.0002949424962880032,0.0043784354830722,0.1096275295840384
1011,2014-08-13,0.1093654764007216,0.1097931217249644,0.1074096842576007,0.1128011014809469,0.052190455753454,0.0007956472469607956,0.00016559214092599917,0.00045430586944569806,0.0006986006229483949,0.0076137732952576,0.1097931217249644
1012,2014-08-14,0.1095309094266977,0.1107177764759309,0.1078855221017007,0.1129701295776265,0.0331580858685066,0.00016543302597610277,0.0009246547509664943,0.00047583784410000496,0.00016902809667961038,-0.0190323698849474,0.1107177764759309
1013,2014-08-15,0.1108460372021434,0.1122791288841973,0.1098039118042961,0.1145020672589598,0.0645334345751968,0.001315127775445693,0.0015613524082664088,0.001918389702595405,0.0015319376813332924,0.0313753487066902,0.1122791288841973
1014,2014-08-18,0.1125239109200362,0.1127338796212204,0.1099662149700274,0.1154868492991064,0.0408172529340882,0.001677873717892811,0.0004547507370230991,0.00016230316573129233,0.0009847820401465979,-0.023716181641108593,0.1127338796212204
1015,2014-08-19,0.1123122707113332,0.1136282098854742,0.1107778165951654,0.1130639295354215,0.0292253346758884,-0.00021164020870299838,0.0008943302642537981,0.0008116016251380059,-0.0024229197636848887,-0.011591918258199801,0.1136282098854742
1016,2014-08-20,0.1128866813914938,0.1132340901890045,0.1107925811174353,0.1164247476911657,0.0286599759000346,0.0005744106801605919,-0.0003941196964696997,1.4764522269894442e-05,0.003360818155744197,-0.0005653587758537998,0.1132340901890045
1017,2014-08-21,0.1131436327340841,0.1139010495679648,0.1111172097462265,0.11661230084218,0.0238069691817566,0.0002569513425903086,0.0006669593789603023,0.000324628628791207,0.00018755315101429137,-0.0048530067182779996,0.1139010495679648
1018,2014-08-22,0.1135971338061583,0.113658534372187,0.1113975921750628,0.1170031081473493,0.0248881662567471,0.0004535010720741889,-0.00024251519577780933,0.0002803824288362955,0.0003908073051692995,0.001081197074990499,0.113658534372187
1019,2014-08-25,0.1138238881038342,0.1144619449749187,0.1116484739762939,0.1175502260721235,0.0309379178290223,0.00022675429767590738,0.0008034106027317023,0.0002508818012311037,0.0005471179247742014,0.006049751572275202,0.1144619449749187
1020,2014-08-26,0.1144738903276491,0.1151592467734638,0.1122830083947065,0.118034828065268,0.0496607847344877,0.0006500022238148939,0.0006973017985451024,0.0006345344184125884,0.00048460199314449837,0.0187228669054654,0.1151592467734638
1021,2014-08-27,0.1146401232991066,0.1158565037398287,0.1128142146068413,0.1185506303299237,0.0378253907990954,0.00016623297145750004,0.0006972569663648981,0.0005312062121348021,0.0005158022646557098,-0.011835393935392298,0.1158565037398287
1022,2014-08-28,0.1152901369927558,0.1157049440713171,0.1127994886637316,0.1186913453521223,0.0327866822931282,0.0006500136936491985,-0.00015155966851160274,-1.4725943109694661e-05,0.00014071502219858978,-0.0050387085059672015,0.1157049440713171
1023,2014-08-29,0.115849411477899,0.1158413414964723,0.1132274084257209,0.1190508549258018,0.0343135636585728,0.0005592744851432019,0.00013639742515519915,0.0004279197619893038,0.00035950957367950065,0.001526881365444599,0.1158413414964723
1024,2014-09-02,0.1156982427743101,0.1169479073019714,0.1140685239067123,0.1195354222332758,0.0548274211386408,-0.00015116870358890255,0.0011065658054991018,0.000841115480991389,0.0004845673074740098,0.020513857480068003,0.1169479073019714
1025,2014-09-03,0.1168017415571149,0.1178119758445647,0.114968710532219,0.1204889900788562,0.0472466614945279,0.0011034987828048015,0.0008640685425932992,0.0009001866255067131,0.0009535678455803998,-0.007580759644112901,0.1178119758445647
1026,2014-09-04,0.1174819661791365,0.1176300647900322,0.1153081015043814,0.1208954003154413,0.0632211419421931,0.0006802246220216079,-0.00018191105453249645,0.00033939097216238723,0.0004064102365850947,0.015974480447665196,0.1176300647900322
1027,2014-09-05,0.117073805833847,0.1187062971423824,0.1155884603849753,0.1209891773610078,0.052586619567191,-0.00040816034528950995,0.001076232352350201,0.0002803588805939117,9.377704556649824e-05,-0.0106345223750021,0.1187062971423824
1028,2014-09-08,0.1183738180866657,0.1192217237521393,0.1166066887483351,0.1221615850740072,0.0766164308941747,0.0013000122528186997,0.0005154266097568971,0.0010182283633597966,0.0011724077129994098,0.02402981132698371,0.1192217237521393
1029,2014-09-09,0.1184946956142609,0.11910039890598,0.1166804234239395,0.1219739453640629,0.1170333933081329,0.00012087752759520898,-0.00012132484615930139,7.373467560439773e-05,-0.00018763970994430113,0.04041696241395819,0.11910039890598
1030,2014-09-10,0.1191144987166535,0.1192520213395439,0.1166509539796243,0.1223491428796832,0.0724195704923986,0.0006198031023925965,0.00015162243356391103,-2.9469444315199933e-05,0.00037519751562029025,-0.0446138228157343,0.1192520213395439
1031,2014-09-11,0.1184795938718863,0.1192065256430387,0.1162524979228266,0.1221146546981371,0.0462521252537924,-0.0006349048447672062,-4.549569650520724e-05,-0.0003984560567976969,-0.00023448818154608864,-0.026167445238606195,0.1192065256430387
1032,2014-09-12,0.1188726334004287,0.1186608373116214,0.1160459249684367,0.12223971858376,0.0605098958419306,0.0003930395285424021,-0.0005456883314172989,-0.00020657295438990253,0.00012506388562288917,0.0142577705881382,0.1186608373116214
1033,2014-09-15,0.1180261287786945,0.1172207738837701,0.1158098159611409,0.1207390693036819,0.0974480447665109,-0.0008465046217341898,-0.0014400634278513014,-0.0002361090072958011,-0.0015006492800780924,0.03693814892458029,0.1172207738837701
1034,2014-09-16,0.1165598792625083,0.1186608373116214,0.1156917696491622,0.1203013938289397,0.0515549429689176,-0.0014662495161862077,0.0014400634278513014,-0.00011804631197870341,-0.00043767547474220236,-0.045893101797593296,0.1186608373116214
1035,2014-09-17,0.1183738318410839,0.1206163183827935,0.1177134478104357,0.1219583797664711,0.0546582261765239,0.0018139525785755978,0.001955481071172105,0.0020216781612735074,0.0016569859375313994,0.0031032832076062986,0.1206163183827935
1036,2014-09-18,0.1202784181780772,0.1225717277224771,0.1193661521685095,0.1241780464516933,0.0578440435119922,0.001904586336993308,0.001955409339683592,0.0016527043580737977,0.0022196666852221936,0.0031858173354683064,0.1225717277224771
1037,2014-09-19,0.1227876965169594,0.1224353033980138,0.1199269071151097,0.1258662670398089,0.094802825968538,0.00250927833888219,-0.00013642432446329955,0.0005607549466001976,0.001688220588115616,0.03695878245654579,0.1224353033980138
1038,2014-09-22,0.1217144445116423,0.1214045219099886,0.1192038346125564,0.124881473399571,0.078349647579274,-0.0010732520053170908,-0.001030781488025198,-0.0007230725025532958,-0.000984793640237916,-0.016453178389263995,0.1214045219099886
1039,2014-09-23,0.1208074893890464,0.1212681065519613,0.1188201653797061,0.1244437941814912,0.0750070154008682,-0.0009069551225959066,-0.0001364153580273031,-0.00038366923285029775,-0.0004376792180798006,-0.003342632178405802,0.1212681065519613
1040,2014-09-24,0.1209132941854903,0.1220563369784645,0.1188349181473884,0.1248971069471011,0.0578646770439576,0.00010580479644389795,0.0007882304265032086,1.4752767682299495e-05,0.0004533127656099062,-0.0171423383569106,0.1220563369784645
1041,2014-09-25,0.1214272770524815,0.120555678375804,0.1188054403370865,0.1233183357607436,0.076100592595038,0.0005139828669912111,-0.0015006586026605068,-2.947781030190888e-05,-0.0015787711863575055,0.018235915551080402,0.120555678375804
1042,2014-09-26,0.1201877009005988,0.1213590172470473,0.1183331702555081,0.1241311278582064,0.0346189399316617,-0.001239576151882707,0.0008033388712433004,-0.0004722700815783937,0.0008127920974628083,-0.0414816526633763,0.1213590172470473
1043,2014-09-29,0.1202632929161702,0.1210407087673596,0.1183479371457644,0.1241624052597381,0.0338802594872979,7.55920155714046e-05,-0.0003183084796876956,1.4766890256298626e-05,3.1277401531693005e-05,-0.0007386804443638012,0.1210407087673596
1044,2014-09-30,0.1205504871701923,0.1194187342849758,0.1178757122838321,0.1231150711111379,0.0557476766643006,0.0002871942540220995,-0.0016219744823837978,-0.0004722248619322966,-0.0010473341486001986,0.021867417177002697,0.1194187342849758
1045,2014-10-01,0.1192354084864616,0.1160232525510048,0.1164000735155829,0.1192540673150676,0.0858148594443802,-0.0013150786837307082,-0.003395481733971001,-0.0014756387682492017,-0.0038610037960702948,0.03006718278007961,0.1160232525510048
1046,2014-10-02,0.1152750235431348,0.116190010328617,0.113478285510788,0.1181442331024092,0.0579141975206748,-0.003960384943326789,0.00016675777761220034,-0.002921788004794909,-0.0011098342126584088,-0.027900661923705404,0.116190010328617
1047,2014-10-03,0.1152901278936734,0.1155836640573381,0.113138875334023,0.1186913359846052,0.0542538089500008,1.5104350538600042e-05,-0.0006063462712789097,-0.00033941017676498986,0.0005471028821960044,-0.0036603885706740016,0.1155836640573381
1048,2014-10-06,0.1158192133826264,0.1152047155706609,0.113138889423066,0.1180817161783791,0.0635842921047853,0.0005290854889529878,-0.0003789484866771886,1.4089043001708212e-08,-0.0006096198062260916,0.009330483154784505,0.1152047155706609
1049,2014-10-07,0.1142622435090651,0.1144619449749187,0.1123715444374828,0.1163778500996248,0.0970725144847394,-0.001556969873561298,-0.0007427705957422093,-0.0007673449855832015,-0.001703866078754307,0.033488222379954094,0.1144619449749187
1050,2014-10-08,0.1145041032632535,0.1149621645091389,0.1122092183029342,0.1175033302334416,0.158725507997557,0.00024185975418840322,0.0005002195342202059,-0.0001623261345485988,0.001125480133816803,0.0616529935128176,0.1149621645091389
1051,2014-10-09,0.114232014166525,0.1116424581262056,0.1121501908527981,0.1150804274269541,0.100097390270877,-0.00027208909672850334,-0.0033197063829333018,-5.9027450136098225e-05,-0.0024229028064875063,-0.05862811772668,0.1116424581262056
1052,2014-10-10,0.1088356046565091,0.1031840244793746,0.1063951335950947,0.1058890128350816,0.2767245506016738,-0.005396409510015895,-0.008458433646831007,-0.005755057257703408,-0.00919141459187249,0.17662716033079678,0.1031840244793746
1053,2014-10-13,0.1026682195715114,0.0994550002908711,0.100772839156521,0.1025438024197083,0.139449662435417,-0.006167385084997701,-0.003729024188503488,-0.005622294438573705,-0.0033452104153733064,-0.13727488816625677,0.0994550002908711
1054,2014-10-14,0.1005519710977576,0.1006828371439132,0.0996070672599609,0.1024031241196878,0.1003078522969247,-0.002116248473753801,0.0012278368530420913,-0.0011657718965601,-0.00014067830002049975,-0.039141810138492314,0.1006828371439132
1055,2014-10-15,0.0986926955673296,0.1022593159297918,0.1001087786087422,0.1019966892795523,0.1038238061438404,-0.0018592755304280006,0.0015764787858786045,0.0005017113487813113,-0.0004064348401355,0.0035159538469157064,0.1022593159297918
1056,2014-10-16,0.1002648038218329,0.1034265665744606,0.1017468004337398,0.1034504744788818,0.0695143691916607,0.00157210825450331,0.0011672506446687991,0.0016380218249976014,0.0014537851993294965,-0.03430943695217971,0.1034265665744606
1057,2014-10-17,0.1041949750770531,0.1037448929870204,0.1027355006095955,0.1067643943497903,0.0538700252554431,0.003930171255220188,0.00031832641255979954,0.0009887001758557001,0.0033139198709085105,-0.015644343936217595,0.1037448929870204
1058,2014-10-20,0.103197286790178,0.1054426159211338,0.1026911983957805,0.1060453027871506,0.0392614846238919,-0.0009976882868750897,0.0016977229341133965,-4.430221381500343e-05,-0.0007190915626397038,-0.014608540631551196,0.1054426159211338
1059,2014-10-21,0.105404256014328,0.1082014806957294,0.1053621666594615,0.1039037855942026,0.0449068189696439,0.0022069692241499933,0.0027588647745955958,0.0026709682636810034,-0.0021415171929480004,0.005645334345751998,0.1082014806957294
1060,2014-10-22,0.1085181150790927,0.1065643260371171,0.1062327573699021,0.109796879005366,0.0519180931315098,0.003113859064764704,-0.0016371546586122915,0.0008705907104405997,0.005893093411163397,0.0070112741618659005,0.1065643260371171
1061,2014-10-23,0.1069309312858935,0.1076254230454191,0.105804820502482,0.1095467844930686,0.1623116158531553,-0.0015871837931992067,0.001061097008301995,-0.0004279368674201117,-0.0002500945122974052,0.11039352272164549,0.1076254230454191
1062,2014-10-24,0.1151389713079224,0.1150531200364051,0.1160311698895925,0.1145645754171372,0.3377172710915964,0.008208040022028906,0.007427696990985999,0.010226349387110506,0.0050177909240686075,0.1754056552384411,0.1150531200364051
1063,2014-10-27,0.1147761777714856,0.1137797874868579,0.1125633590231717,0.1161433666803972,0.1109877684422508,-0.0003627935364367979,-0.0012733325495472014,-0.003467810866420798,0.0015787912632599932,-0.22672950264934558,0.1137797874868579
1064,2014-10-28,0.1137483046059352,0.1153562931720446,0.1123125180346623,0.1171907055440644,0.0899828329014047,-0.0010278731655504053,0.0015765056851867049,-0.0002508409885094015,0.001047338863667202,-0.021004935540846106,0.1153562931720446
1065,2014-10-29,0.1134006086984709,0.1156594483748119,0.1131683822476352,0.1172688344544507,0.0859551674617454,-0.00034769590746429324,0.00030315520276730235,0.000855864212972901,7.812891038630476e-05,-0.004027665439659295,0.1156594483748119
1066,2014-10-30,0.1148517767243486,0.1157504128685142,0.1127552158822164,0.1174720712655415,0.0752711246100262,0.0014511680258776916,9.09644937023002e-05,-0.0004131663654187989,0.00020323681109080116,-0.0106840428517192,0.1157504128685142
1067,2014-10-31,0.1184645115421934,0.1199796386583658,0.117875747030158,0.1219114614377723,0.0791543553259272,0.0036127348178447982,0.004229225789851604,0.005120531147941601,0.0044393901722308005,0.0038832307159009927,0.1199796386583658
1068,2014-11-03,0.119477275928276,0.1211923043016154,0.1188201604209634,0.1235215137884079,0.0782506066258397,0.0010127643860826097,0.0012126656432495941,0.0009444133908053931,0.0016100523506355907,-0.0009037487000874977,0.1211923043016154
1069,2014-11-04,0.1203691265229,0.1213135843155944,0.1191005484461782,0.1236778494235176,0.0875810897806242,0.0008918505946239885,0.0001212800139789999,0.0002803880252148089,0.00015633563510970838,0.009330483154784505,0.1213135843155944
1070,2014-11-05,0.1214121378131447,0.1232083984804688,0.1204876727499785,0.1243343770197393,0.0500404417226523,0.0010430112902446997,0.0018948141648744005,0.001387124303800294,0.000656527596221701,-0.03754064805797191,0.1232083984804688
1071,2014-11-06,0.1231353468154676,0.122526249958844,0.1210483998593644,0.1259913105963181,0.0577697627969165,0.001723209002322909,-0.0006821485216248063,0.0005607271093859001,0.001656933576578798,0.007729321074264203,0.122526249958844
1072,2014-11-07,0.1226667689297832,0.1212681065519613,0.1197645983530947,0.1238966878161673,0.0622018454630989,-0.0004685778856843986,-0.0012581434068826974,-0.001283801506269694,-0.0020946227801507955,0.004432082666182398,0.1212681065519613
1073,2014-11-10,0.1211097982725299,0.1220411747351081,0.1193071171894954,0.1249596227428003,0.0420676449711955,-0.0015569706572532982,0.000773068183146805,-0.00045748116359931035,0.001062934926632994,-0.020134200491903398,0.1220411747351081
1074,2014-11-11,0.1218807321543674,0.1215561264106804,0.1193071403162757,0.1250534332238659,0.0329930176127828,0.0007709338818374933,-0.00048504832442769485,2.3126780310245287e-08,9.381048106558987e-05,-0.009074627358412697,0.1215561264106804
1075,2014-11-12,0.1211098191614135,0.1208588335785713,0.1184660118132028,0.123959217805361,0.0390303890658787,-0.0007709129929538983,-0.000697292832109106,-0.0008411285030728993,-0.001094215418504893,0.006037371453095894,0.1208588335785713
1076,2014-11-13,0.1210374852015873,0.1211791774392418,0.1191987746428444,0.1246313882700418,0.0421873194565953,-7.23339598261985e-05,0.0003203438606704939,0.0007327628296415895,0.0006721704646808074,0.0031569303907166,0.1211791774392418
1077,2014-11-14,0.1210374904235782,0.122536803454072,0.119570023041924,0.1242381354482776,0.0390097555339132,5.221990895254436e-09,0.0013576260148302072,0.00037124839907960727,-0.00039325282176420895,-0.0031775639226820987,0.122536803454072
1078,2014-11-17,0.1207788809058639,0.1205384807514648,0.1184859817246585,0.1237032799401054,0.0531561050494379,-0.00025860951771429497,-0.0019983227026072053,-0.0010840413172654995,-0.0005348555081721995,0.014146349515524702,0.1205384807514648
1079,2014-11-18,0.1201552136115744,0.1231164476788013,0.1201491628966433,0.1242538467436364,0.0540185866855944,-0.0006236672942895038,0.0025779669273365002,0.001663181171984801,0.000550566803531008,0.0008624816361565008,0.1231164476788013
1080,2014-11-19,0.1226803272777062,0.1235740856082317,0.1206095086927861,0.1262044240724889,0.078881992703983,0.002525113666131798,0.0004576379294304045,0.0004603457961427915,0.0019505773288525097,0.024863406018388594,0.1235740856082317
1081,2014-11-20,0.1230301665469432,0.1230859348969315,0.1208173867946399,0.1262358614638474,0.1057344712038427,0.0003498392692369984,-0.00048815071130020593,0.00020787810185379785,3.1437391358496436e-05,0.026852478499859708,0.1230859348969315
1082,2014-11-21,0.124399190047987,0.1243520135997163,0.1214410639479527,0.1267077669517915,0.1004853006718278,0.0013690235010438007,0.0012660787027848064,0.0006236771533128099,0.0004719054879440965,-0.005249170532014902,0.1243520135997163
1083,2014-11-24,0.1248859843486238,0.1276927104094369,0.1246189330611136,0.1286740868994403,0.1015747511596045,0.00048679430063680584,0.0033406968097205864,0.003177869113160897,0.001966319947648787,0.0010894504877766997,0.1276927104094369
1084,2014-11-25,0.1277609640070673,0.1284096756022342,0.1250495931839282,0.1309707307036035,0.1045335996434525,0.002874979658443494,0.0007169651927973197,0.0004306601228145912,0.0022966438041631954,0.0029588484838480034,0.1284096756022342
1085,2014-11-26,0.1277661298255333,0.1277455675499371,0.1253928615430954,0.1305787206443201,0.1124898895693369,5.165818465990846e-06,-0.0006641080522971077,0.00034326835916720366,-0.00039201005928338195,0.007956289925884402,0.1277455675499371
1086,2014-11-28,0.1280499150043949,0.1317488660506988,0.1285881621938501,0.1320656698038681,0.0802272989881315,0.0002837851788616008,0.004003298500761698,0.003195300650754712,0.0014869491595480011,-0.03226259058120541,0.1317488660506988
1087,2014-12-01,0.130679806159315,0.1306484512203283,0.1288652261708732,0.1334548293174215,0.0869497037024809,0.0026298911549201,-0.0011004148303704886,0.0002770639770230954,0.0013891595135533952,0.0067224047143494,0.1306484512203283
1088,2014-12-02,0.1304338966106625,0.1306105411287193,0.1276277822609306,0.1333961809046894,0.0794390980670507,-0.0002459095486525009,-3.7910091609000274e-05,-0.0012374439099425982,-5.864841273209298e-05,-0.007510605635430198,0.1306105411287193
1089,2014-12-03,0.1304906101731408,0.134746623580909,0.1315249117663591,0.1344330939459746,0.093746389131906,5.671356247829995e-05,0.004136082452189688,0.0038971295054285038,0.001036913041285198,0.014307291064855301,0.134746623580909
1090,2014-12-04,0.1345962311823256,0.13343749701866,0.1324484163642844,0.1368983288852322,0.0763894620425545,0.004105621009184823,-0.0013091265622489912,0.0009235045979252843,0.002465234939257599,-0.017356927089351493,0.13343749701866
1091,2014-12-05,0.1330637261378219,0.1340636142814237,0.1313032737987626,0.1376026835432587,0.0583433749855565,-0.0015325050445036958,0.0006261172627636813,-0.001145142565521784,0.0007043546580264848,-0.018046087056998006,0.1340636142814237
1092,2014-12-08,0.1331961850975508,0.1319765866269982,0.1306937940660767,0.1354896492303085,0.0647067562437067,0.00013245895972888166,-0.0020870276544254773,-0.000609479732685908,-0.0021130343129501794,0.006363381258150197,0.1319765866269982
1093,2014-12-09,0.131058232702869,0.1325837309110853,0.1295486552262838,0.1345113917247854,0.0513321008236905,-0.0021379523946817858,0.0006071442840870911,-0.0011451388397928919,-0.0009782575055231058,-0.013374655420016195,0.1325837309110853
1094,2014-12-10,0.1320988578319283,0.1311607754432127,0.1299734954153784,0.1350788116938514,0.0782836202769845,0.0010406251290592805,-0.0014229554678726053,0.000424840189094583,0.0005674199690660076,0.026951519453294,0.1311607754432127
1095,2014-12-11,0.1314744438989419,0.1311986765683856,0.1299180209482393,0.1350396180802335,0.0561190802396791,-0.0006244139329864007,3.790112517290667e-05,-5.547446713910498e-05,-3.919361361792717e-05,-0.022164540037305405,0.1311986765683856
1096,2014-12-12,0.1300744225491011,0.1302121175429469,0.1289391603031318,0.1340222789511393,0.076938313992836,-0.0014000213498407965,-0.0009865590254387047,-0.0009788606451074933,-0.0010173391290941858,0.020819233753156904,0.1302121175429469
1097,2014-12-15,0.129714898265889,0.127802504418839,0.1284034873754679,0.1316548380255129,0.0895454020237368,-0.0003595242832120926,-0.0024096131241078955,-0.000535672927663905,-0.0023674409256264073,0.012607088030900798,0.127802504418839
1098,2014-12-16,0.127652611684086,0.1265882068842287,0.1259654239084371,0.1304613303081195,0.0684496789422426,-0.002062286581802991,-0.0012142975346103035,-0.0024380634670307932,-0.001193507717393405,-0.021095723081494197,0.1265882068842287
1099,2014-12-17,0.1268012551090771,0.1285424774865343,0.1254852613245607,0.1295613778470161,0.049454449414833,-0.0008513565750088992,0.0019542706023056022,-0.0004801625838763979,-0.0008999524611033871,-0.018995229527409604,0.1285424774865343
1100,2014-12-18,0.1299230522670578,0.1320145594836595,0.1285143504735596,0.1331809629401181,0.0478863009854574,0.0031217971579806936,0.0034720819971252037,0.003029089148998909,0.003619585093102007,-0.001568148429375596,0.1320145594836595
1101,2014-12-19,0.1315312243269908,0.1322801632522597,0.1293085440555716,0.1351374741374314,0.1228933163863257,0.001608172059932994,0.00026560376860018664,0.0007941935820119927,0.0019565111973132987,0.0750070154008683,0.1322801632522597
1102,2014-12-22,0.1341421930893674,0.1369096059150933,0.1336305312100922,0.1375440235869313,0.0675748171869067,0.0026109687623765976,0.004629442662833605,0.00432198715452059,0.0024065494494998896,-0.055318499199419,0.1369096059150933
1103,2014-12-23,0.1372072003762857,0.1378013179800212,0.1350527206039201,0.1414570725725122,0.0721637146960268,0.003065007286918303,0.0008917120649279131,0.001422189393827905,0.003913048985580897,0.004588897509120102,0.1378013179800212
1104,2014-12-24,0.1374152995747581,0.1366439393814407,0.1346278835962219,0.1408113928145269,0.0197339099717733,0.00020809919847239455,-0.0011573785985805052,-0.00042483700769818666,-0.0006456797579852958,-0.052429804724253494,0.1366439393814407
1105,2014-12-26,0.1362801325984219,0.1363214256432467,0.1336489996994537,0.1404005489921148,0.0228949670688829,-0.0011351669763361993,-0.0003225137381940024,-0.0009788838967682012,-0.0004108438224121047,0.0031610570971096,0.1363214256432467
1106,2014-12-29,0.1352773705324891,0.1359229841246022,0.1328547798546564,0.1395200925803288,0.0289777322923028,-0.0010027620659328051,-0.0003984415186445156,-0.0007942198447973003,-0.0008804564117859959,0.0060827652234198976,0.1359229841246022
1107,2014-12-30,0.134861154786497,0.1350692269834635,0.1325408172758851,0.1389135986713085,0.0317261187501031,-0.000416215745992099,-0.0008537571411386946,-0.0003139625787713096,-0.0006064939090202892,0.002748386457800303,0.1350692269834635
1108,2014-12-31,0.1354854643006811,0.1334185150735473,0.132762398282683,0.1375244125470166,0.0409740677770258,0.0006243095141841015,-0.001650711909916197,0.00022158100679789405,-0.0013891861242918968,0.009247949026922699,0.1334185150735473
1109,2015-01-02,0.1336124043126008,0.1333616051039536,0.1316172737136643,0.1365852791880382,0.0338802594872979,-0.0018730599880802945,-5.690996959370476e-05,-0.0011451245690186906,-0.0009391333589784112,-0.0070938082897279015,0.1333616051039536
1110,2015-01-05,0.1320042120190593,0.1303828474517281,0.1293824158707849,0.1343744186288718,0.0440856043974183,-0.001608192293541505,-0.0029787576522254944,-0.002234857842879412,-0.002210860559166389,0.0102053449101204,0.1303828474517281
1111,2015-01-06,0.1297149183795602,0.1265313327803792,0.127092138226266,0.1301287679737341,0.0805326752612205,-0.0022892936394990904,-0.0038515146713488935,-0.00229027764451889,-0.0042456506551377116,0.0364470708638022,0.1265313327803792
1112,2015-01-07,0.1263471575254572,0.1286373244470452,0.1252820665755228,0.1301287487517301,0.0675376768293689,-0.003367760854103008,0.0021059916666660017,-0.0018100716507432058,-1.9222003988517145e-08,-0.012994998431851604,0.1286373244470452
1113,2015-01-08,0.1293743367873592,0.1307812710375005,0.1282557355238172,0.1333961450393014,0.0526609002822667,0.003027179261902019,0.0021439465904553034,0.0029736689482944,0.003267396287571278,-0.014876776547102198,0.1307812710375005
1114,2015-01-09,0.1310960845727748,0.131236649425047,0.1284589352282325,0.1337092115716362,0.0294646836466879,0.0017217477854155894,0.0004553783875465012,0.00020319970441531887,0.00031306653233481585,-0.0231962166355788,0.131236649425047
1115,2015-01-12,0.1308122854065559,0.127290251927443,0.1280341211411912,0.1304418134884884,0.0632293953549792,-0.000283799166218901,-0.003946397497604004,-0.0004248140870413142,-0.003267398083147799,0.0337647117082913,0.127290251927443
1116,2015-01-13,0.1283148543141439,0.1252032153065814,0.126501103823787,0.127780929282998,0.060794638583054,-0.002497431092411989,-0.0020870366208615987,-0.0015330173174042117,-0.0026608842054904047,-0.0024347567719252075,0.1252032153065814
1117,2015-01-14,0.1233767227532834,0.1243683773455031,0.1223453186206531,0.1269982955812079,0.0738432841980158,-0.004938131560860509,-0.0008348379610783052,-0.00415578520313388,-0.000782633701790103,0.013048645614961794,0.1243683773455031
1118,2015-01-15,0.1272364213735753,0.1268728553629939,0.1276093032558017,0.1298352927032945,0.1362390848615902,0.003859698620291896,0.002504478017490791,0.005263984635148586,0.0028369971220865986,0.062395800663574405,0.1268728553629939
1119,2015-01-16,0.126252595069601,0.1286942702823832,0.1255776076553384,0.1300309456151657,0.0577408758521648,-0.0009838263039743111,0.001821414919389308,-0.0020316956004632902,0.00019565291187120804,-0.07849820900942539,0.1286942702823832
1120,2015-01-20,0.129128368164097,0.1307433161137113,0.1275538514142201,0.1321243828877465,0.0625237285617602,0.0028757730944960203,0.002049045831328089,0.001976243758881696,0.002093437272580795,0.0047828527095953935,0.1307433161137113
1121,2015-01-21,0.1295635904739121,0.1316920278125934,0.1291608048469225,0.1339831542087156,0.0515879566200623,0.0004352223098151031,0.0009487116988821098,0.001606953432702396,0.0018587713209690937,-0.010935771941697897,0.1316920278125934
1122,2015-01-22,0.1314744477630657,0.1346138216966089,0.1313771570363463,0.1343744093687588,0.0938619369109126,0.001910857289153578,0.0029217938840155055,0.0022163521894238147,0.00039125516004320793,0.042273980290850305,0.1346138216966089
1123,2015-01-23,0.1259687769695589,0.1237802239729646,0.124672564685365,0.1274091866280797,0.2255987850976378,-0.005505670793506778,-0.010833597723644298,-0.006704592350981309,-0.0069652227406790945,0.1317368481867252,0.1237802239729646
1124,2015-01-26,0.1227523642709427,0.1241596745800605,0.1213479385284986,0.1255700249577276,0.1272965121077565,-0.0032164126986162084,0.00037945060709589085,-0.003324626156866406,-0.001839161670352113,-0.09830227298988131,0.1241596745800605
1125,2015-01-27,0.1208225603227734,0.1201753490579754,0.1185405237379436,0.1232809031037147,0.1046161337713144,-0.0019298039481693008,-0.003984325522085094,-0.0028074147905549907,-0.0022891218540128933,-0.022680378336442097,0.1201753490579754
1126,2015-01-28,0.1211063518605453,0.1190748983618608,0.119020738080405,0.1227526366130284,0.0701787689209488,0.0002837915377719019,-0.0011004506961145993,0.00048021434246139916,-0.0005282664906862966,-0.034437364850365595,0.1190748983618608
1127,2015-01-29,0.1183062007529798,0.1202702049849224,0.1174138442831139,0.1215200232831928,0.0528631088955283,-0.002800151107565499,0.0011953066230615955,-0.0016068937972911063,-0.0012326133298356107,-0.017315660025420503,0.1202702049849224
1128,2015-01-30,0.1180791482496192,0.1166273661797079,0.1170998420546922,0.1200134791359609,0.0673313415097142,-0.00022705250336060856,-0.0036428388052145017,-0.000314002228421692,-0.001506544147231892,0.014468232614185901,0.1166273661797079
1129,2015-02-02,0.1162060932018757,0.1173863032596438,0.114698754429186,0.1178026187855916,0.0591852230897476,-0.001873055047743502,0.0007589370799359063,-0.0024010876255061986,-0.002210860350369298,-0.008146118419966604,0.1173863032596438
1130,2015-02-03,0.1173601837357067,0.120421970881463,0.1173584150415587,0.1211482558148151,0.0611949291031841,0.0011540905338310037,0.003035667621819199,0.0026596606123726885,0.003345637029223497,0.002009706013436502,0.120421970881463
1131,2015-02-04,0.1199711558619979,0.1198338264753607,0.1179310031803746,0.1227722016574999,0.0624123074891467,0.002610972126291203,-0.0005881444061023033,0.0005725881388159021,0.0016239458426847986,0.0012173783859626003,0.1198338264753607
1132,2015-02-05,0.1194792750390979,0.1200425651065474,0.1170629505674527,0.122009190901603,0.0535976626334989,-0.0004918808228999982,0.0002087386311867001,-0.0008680526129219018,-0.0007630107558968952,-0.008814644855647799,0.1200425651065474
1133,2015-02-06,0.1202549602996592,0.1187903126481479,0.1181341772378275,0.1220678529117161,0.0686353807299318,0.0007756852605612929,-0.0012522524583994943,0.0010712266703748058,5.866201011309191e-05,0.015037718096432902,0.1187903126481479
1134,2015-02-09,0.1173223564150825,0.118031375568212,0.1154375459504742,0.1203852245107368,0.0737978904276918,-0.0029326038845766955,-0.0007589370799359063,-0.002696631287353299,-0.0016826284009792969,0.005162509697759998,0.118031375568212
1135,2015-02-10,0.1187224517862362,0.1210670880222115,0.1179864277039902,0.1217548156408334,0.0523967910731087,0.001400095371153695,0.0030357124539995006,0.0025488817535160024,0.0013695911300966035,-0.021401099354583106,0.1210670880222115
1136,2015-02-11,0.1209928458839221,0.1213516827023604,0.1188360425226339,0.1241613489687337,0.0367648272560703,0.00227039409768591,0.00028459468014889466,0.000849614818643693,0.0024065333279002926,-0.0156319638170384,0.1213516827023604
1137,2015-02-12,0.1212787460406026,0.1221357258032294,0.1190277505183429,0.1243114197304447,0.0358982189135207,0.0002859001566804936,0.0007840431008690057,0.00019170799570900066,0.00015007076171100198,-0.0008666083425495977,0.1221357258032294
1138,2015-02-13,0.1223084240933887,0.1216958593500452,0.1196234064369989,0.1253170582887245,0.0585951040755352,0.001029678052786101,-0.0004398664531841956,0.000595655918655999,0.0010056385582798005,0.0226968851620145,0.1216958593500452
1139,2015-02-17,0.1214121626357974,0.1222503975538414,0.1194186175799834,0.1252184448794074,0.0441021112229907,-0.0008962614575912936,0.0005545382037961955,-0.00020478885701549765,-9.861340931710538e-05,-0.014492992852544496,0.1222503975538414
1140,2015-02-18,0.1214884614238591,0.1229388315471355,0.1203866397571727,0.1254748215419555,0.0418448028259685,7.629878806170165e-05,0.0006884339932941019,0.0009680221771893038,0.0002563766625481023,-0.0022573083970221994,0.1229388315471355
1141,2015-02-19,0.121965196827007,0.123646381982083,0.1209823470498205,0.125849499546172,0.0264150476221917,0.000476735403147896,0.0007075504349474959,0.0005957072926477958,0.00037467800421650543,-0.0154297552037768,0.123646381982083
1142,2015-02-20,0.1230902690816282,0.124239171002058,0.1213546611567582,0.1265988277524341,0.04107310873046,0.0011250722546212039,0.0005927890199750041,0.0003723141069377073,0.000749328206262112,0.0146580611082683,0.124239171002058
1143,2015-02-23,0.1236242344089588,0.1232830799263088,0.1208706887537132,0.1269143832767761,0.0388777009293342,0.0005339653273305905,-0.0009560910757492047,-0.00048397240304499933,0.00031555552434198164,-0.002195407801125801,0.1232830799263088
1144,2015-02-24,0.1233381637589868,0.1267442228714559,0.1235326782401775,0.1271509881147994,0.0455918522308974,-0.0002860706499719923,0.0034611429451471,0.002661989486464289,0.00023660483802331878,0.0067141513015631996,0.1267442228714559
1145,2015-02-25,0.1261031560207696,0.1259793141451123,0.1240911459451594,0.1296159145992681,0.0380523596507155,0.0027649922617827977,-0.000764908726343605,0.0005584677049818992,0.0024649264844686936,-0.007539492580181897,0.1259793141451123
1146,2015-02-26,0.1256645699019181,0.125271781643037,0.123085897910725,0.1284327279914726,0.0320067347848335,-0.0004385861188515028,-0.000707532502075281,-0.0010052480344344,-0.001183186607795511,-0.006045624865882004,0.125271781643037
1147,2015-02-27,0.1248255308760167,0.1242200366275326,0.1220992634830116,0.1278805866809872,0.0388364338654033,-0.0008390390259014058,-0.00105174501550441,-0.0009866344277133926,-0.0005521413104853934,0.006829699080569802,0.1242200366275326
1148,2015-03-02,0.1243106668968777,0.1256350926652473,0.1233092679635532,0.1285510473406205,0.056556511117347,-0.0005148639791389964,0.0014150560377147042,0.0012100044805415933,0.000670460659633304,0.017720077251943696,0.1256350926652473
1149,2015-03-03,0.1245204677437839,0.1221930840946255,0.1220992957991943,0.1259086756771084,0.0531519783430448,0.00020980084690620793,-0.00344200857062181,-0.0012099721643588912,-0.002642371663512111,-0.0034045327743021936,0.1221930840946255
1150,2015-03-04,0.1210880455867462,0.1207588936823854,0.1189532804927716,0.123897299248672,0.0434459649064888,-0.0034324221570377067,-0.0014341904122400911,-0.0031460153064227087,-0.0020113764284363927,-0.009706013436556006,0.1207588936823854
1151,2015-03-05,0.1204015435726049,0.1189995982319335,0.1180410989839227,0.122556358386798,0.1069518495898053,-0.0006865020141413047,-0.001759295450451906,-0.0009121815088488916,-0.0013409408618740015,0.0635058846833165,0.1189995982319335
1152,2015-03-06,0.1180942281455789,0.1167622931093512,0.116105110779922,0.1202097695592473,0.0610092273154949,-0.0023073154270259882,-0.0022373051225823004,-0.0019359882040007048,-0.002346588827550705,-0.0459426222743104,0.1167622931093512
1153,2015-03-09,0.1163398634867487,0.1173550731628902,0.1147833952456686,0.1203083506187995,0.0486208547234281,-0.001754364658830207,0.0005927800535390076,-0.0013217155342533926,9.858105955221075e-05,-0.0123883725920668,0.1173550731628902
1154,2015-03-10,0.1157105865599281,0.1150221230669888,0.1136664617332634,0.1184941606228181,0.0637782473052607,-0.0006292769268206044,-0.002332950095901412,-0.0011169335124052021,-0.0018141899959814023,0.015157392581832602,0.1150221230669888
1155,2015-03-11,0.1154436195791073,0.1152707085399708,0.1135919955363554,0.1186321936985666,0.0335501229758505,-0.00026696698082079307,0.0002485854729820103,-7.446619690799905e-05,0.00013803307574850043,-0.030228124329410203,0.1152707085399708
1156,2015-03-12,0.1145664474438283,0.1155193029793889,0.1125681418398625,0.1174293054988499,0.0482123107905118,-0.0008771721352790057,0.00024859443941809,-0.0010238536964929101,-0.0012028881997167007,0.014662187814661304,0.1155193029793889
1157,2015-03-13,0.1151194133828296,0.1160929486584023,0.1136664300384007,0.1184941275817953,0.0445024017431207,0.0005529659390013097,0.0005736456790134126,0.0010982881985382026,0.0010648220829453936,-0.0037099090473911023,0.1160929486584023
1158,2015-03-16,0.1163207775180824,0.1184067912790864,0.1154721480538055,0.120012542581327,0.0439246628480876,0.0012013641352527915,0.002313842620684098,0.0018057180154048003,0.0015184149995317031,-0.0005777388950330975,0.1184067912790864
1159,2015-03-17,0.1171407454456274,0.1173741806381075,0.1148019889195338,0.1204660901535942,0.0334221950776646,0.0008199679275450039,-0.0010326106409788982,-0.0006701591342716945,0.00045354757226720444,-0.010502467770423005,0.1173741806381075
1160,2015-03-18,0.1167975043407761,0.1181582058061044,0.1157886181096584,0.1194604029102604,0.0598001023423185,-0.0003432411048513023,0.0007840251679968879,0.0009866291901245994,-0.0010056872433338027,0.026377907264653902,0.1181582058061044
1161,2015-03-19,0.1180179209732922,0.1189995982319335,0.1164029300289107,0.1219844926544847,0.0421419256862712,0.001220416632516097,0.0008413924258291045,0.0006143119192522917,0.0025240897442243004,-0.017658176656047297,0.1189995982319335
1162,2015-03-20,0.1194862027996523,0.1215046232020233,0.1185623013240886,0.1230295893982135,0.0799590630725805,0.0014682818263601072,0.0025050249700898086,0.002159371295177903,0.0010450967437287961,0.03781713738630929,0.1215046232020233
1163,2015-03-23,0.1208210456615462,0.1209883268479699,0.1188229375708317,0.1247254760190434,0.0449645928591472,0.0013348428618938923,-0.000516296354053411,0.0002606362467431067,0.001695886620829895,-0.03499447021343329,0.1209883268479699
1164,2015-03-24,0.1203443324076043,0.1204146632360843,0.1184134046331431,0.1241141821290068,0.038646605371321,-0.0004767132539418989,-0.0005736636118855998,-0.00040953293768861143,-0.0006112938900365988,-0.0063179874878262,0.1204146632360843
1165,2015-03-25,0.1200201417906362,0.1135305295311723,0.1171661464083211,0.1167193765841787,0.0882826298674502,-0.0003241906169680897,-0.0068841337049119905,-0.0012472582248219954,-0.00739480554482809,0.049636024496129194,0.1135305295311723
1166,2015-03-26,0.1111340044496761,0.1117330191302858,0.1098688676789465,0.1133670834050487,0.0734347402650996,-0.00888613734096011,-0.0017975104008865067,-0.007297278729374593,-0.0033522931791300087,-0.014847889602350603,0.1117330191302858
1167,2015-03-27,0.1115916922129111,0.1128230328948411,0.1109858256479336,0.1142742057732334,0.0897682441689638,0.00045768776323500127,0.0010900137645552949,0.0011169579689871006,0.0009071223681847013,0.016333503903864205,0.1128230328948411
1168,2015-03-30,0.1136511396407141,0.113607058062838,0.1114326026194388,0.1164827829221151,0.0467844703785015,0.0020594474278030073,0.0007840251679969018,0.0004467769715051917,0.002208577148881702,-0.042983773790462296,0.113607058062838
1169,2015-03-31,0.1125641995361868,0.1114653261820865,0.1098875012679022,0.1147474605438495,0.0773179709810006,-0.001086940104527312,-0.0021417318807514935,-0.0015451013515365986,-0.0017353223782655969,0.030533500602499097,0.1114653261820865
1170,2015-04-01,0.1111149687726897,0.1104327155411075,0.1086216528021963,0.1128149644360806,0.0761913801356861,-0.0014492307634970947,-0.0010326106409789954,-0.0012658484657059044,-0.0019324961077688968,-0.0011265908453144957,0.1104327155411075
1171,2015-04-02,0.1107526769015818,0.1110828987182228,0.1089753684811456,0.1125980657663649,0.0461159439428203,-0.00036229187110789485,0.0006501831771152933,0.000353715678949304,-0.0002168986697157066,-0.030075436192865804,0.1110828987182228
1172,2015-04-06,0.1099135814915861,0.1111784540271815,0.1089380816918692,0.1128149241269055,0.050160116208052,-0.0008390954099957021,9.555530895870301e-05,-3.728678927639173e-05,0.0002168583605405977,0.004044172265231696,0.1111784540271815
1173,2015-04-07,0.1109242446477595,0.1104518050834527,0.1087705511604303,0.1138797857525123,0.0318416665291097,0.0010106631561734025,-0.0007266489437287998,-0.00016753053143890584,0.0010648616256068028,-0.0183184496789423,0.1104518050834527
1174,2015-04-08,0.1098945348448267,0.1110063701865571,0.1084354804085042,0.113643164371662,0.0414362588930522,-0.0010297098029328072,0.000554565103104393,-0.0003350707519260976,-0.00023662138085030204,0.0095945923639425,0.1110063701865571
1175,2015-04-09,0.1108479975445482,0.1127082894127407,0.1099247352140651,0.1138403698740135,0.0655444776415047,0.0009534626997215051,0.0017019192261836097,0.0014892548055608912,0.00019720550235149958,0.024108218748452502,0.1127082894127407
1176,2015-04-10,0.1121255596665749,0.1130524391611174,0.1100736077182435,0.1150826394775526,0.0493554084613987,0.0012775621220267042,0.0003441497483766959,0.0001488725041784017,0.0012422696035390979,-0.016189069180106,0.1130524391611174
1177,2015-04-13,0.1126404848496045,0.1128230328948411,0.1110789019093618,0.1159109160901254,0.0490954259586338,0.0005149251830295909,-0.000229406266276308,0.0010052941911183055,0.0008282766125728008,-0.00025998250276489804,0.1128230328948411
1178,2015-04-14,0.1122209857453593,0.1135114668881352,0.1109486143467238,0.1153193555745729,0.0612609564054736,-0.00041949910424519954,0.0006884339932941019,-0.00013028756263799846,-0.0005915605155524944,0.012165530446839795,0.1135114668881352
1179,2015-04-15,0.1130409050869779,0.1148117525444414,0.1127728959264558,0.1167982652223167,0.0709958567867813,0.0008199193416185968,0.001300285656306202,0.0018242815797319956,0.0014789096477438035,0.009734900381307705,0.1148117525444414
1180,2015-04-16,0.1132887780758031,0.1134540278988147,0.1118607062867933,0.1161869333197406,0.088101054786154,0.00024787298882521236,-0.0013577246456266956,-0.0009121896396624973,-0.0006113319025761038,0.017105197999372698,0.1134540278988147
1181,2015-04-17,0.1122018909540549,0.1109107700454182,0.1096268843861879,0.1137220478402427,0.073100477047259,-0.0010868871217482035,-0.0025432578533964995,-0.0022338219006054066,-0.0024648854794978997,-0.015000577738895002,0.1109107700454182
1182,2015-04-20,0.1113437904654221,0.111981640469012,0.1099061253454369,0.1144911179025932,0.0498588666413562,-0.0008581004886328014,0.0010708704235938005,0.0002792409592489997,0.0007690700623504965,-0.0232416104059028,0.111981640469012
1183,2015-04-21,0.1143947972641458,0.1134731622733401,0.1123261093725252,0.1162066723791876,0.0855301167032568,0.0030510067987236933,0.0014915218043280998,0.002419984027088304,0.001715554476594397,0.035671250061900604,0.1134731622733401
1184,2015-04-22,0.1131934574583556,0.1153089324568415,0.1126239653250238,0.1165616309620039,0.0529085026658523,-0.0012013398057901942,0.001835770183501395,0.0002978559524986074,0.00035495858281631154,-0.0326216140374045,0.1153089324568415
1185,2015-04-23,0.1138037068357602,0.1144484594551032,0.1121958509988669,0.1172321362700516,0.0722998960069988,0.0006102493774046008,-0.0008604730017383044,-0.00042811432615690037,0.0006705053080477003,0.019391393341146507,0.1144484594551032
1186,2015-04-24,0.1138609042617037,0.1126126892716018,0.1114326071575146,0.1146883180611575,0.1223527178488304,5.719742594349764e-05,-0.001835770183501395,-0.000763243841352304,-0.0025438182088941136,0.05005282184183159,0.1126126892716018
1187,2015-04-27,0.1122781184427381,0.1137408552215394,0.1131824006944169,0.1156939408383682,0.1227076145986365,-0.001582785818965593,0.0011281659499376012,0.0017497935369022999,0.0010056227772107101,0.00035489674980609953,0.1137408552215394
1188,2015-04-28,0.1134413544706903,0.1142954382575159,0.1115814912907154,0.1162461183810713,0.0469123982766874,0.0011632360279521942,0.0005545830359764969,-0.0016009094037015004,0.0005521775427030917,-0.07579521632194909,0.1142954382575159
1189,2015-04-29,0.1130599927507068,0.1133202038408051,0.1114139702438703,0.1162658543602415,0.0731788844687278,-0.0003813617199835001,-0.0009752344167107962,-0.00016752104684510105,1.9735979170210083e-05,0.026266486192040403,0.1133202038408051
1190,2015-04-30,0.1127167156370034,0.1124405336994891,0.1109113227582789,0.1152601302495972,0.0610174807282811,-0.00034327711370339686,-0.0008796701413159996,-0.0005026474855913954,-0.0010057241106442988,-0.012161403740446705,0.1124405336994891
1191,2015-05-01,0.1127167514172127,0.1149073795848884,0.1118607471003875,0.1161278197791874,0.0406150443208266,3.57802092953996e-08,0.0024668458853993047,0.0009494243421085957,0.000867689529590196,-0.020402436407454504,0.1149073795848884
1192,2015-05-04,0.1147380786321128,0.1152898518809323,0.1125495393310397,0.1185138914842883,0.0296710189663425,0.002021327214900101,0.00038247229604389255,0.0006887922306521993,0.002386071705100898,-0.010944025354484098,0.1152898518809323
1193,2015-05-05,0.1141087642802298,0.1118477536459501,0.1116931855488088,0.1152798608278795,0.0636792063518264,-0.0006293143518830008,-0.003442098234982205,-0.0008563537822308953,-0.003234030656408801,0.034008187385483904,0.1118477536459501
1194,2015-05-06,0.1116679497000121,0.1114079409913822,0.1100550289301385,0.1139192344980461,0.0381225136593981,-0.002440814580217693,-0.00043981265456789764,-0.0016381566186703111,-0.0013606263298334004,-0.0255566926924283,0.1114079409913822
1195,2015-05-07,0.1113438235846782,0.1125553489130778,0.1097572302973774,0.1148263790633098,0.030397319291527,-0.0003241261153339031,0.001147407921695598,-0.0002977986327610954,0.0009071445652636956,-0.007725194367871103,0.1125553489130778
1196,2015-05-08,0.1128692900943366,0.1143528144817841,0.11212135411635,0.1166405198961802,0.0658911209785246,0.001525466509658402,0.0017974655687063024,0.0023641238189726077,0.0018141408328704034,0.0354938016869976,0.1143528144817841
1197,2015-05-11,0.1137846059821169,0.1139894944931377,0.1120096639928931,0.1173109872226258,0.0438049883626879,0.0009153158877802936,-0.0003633199886464017,-0.00011169012345690899,0.0006704673264456007,-0.02208613261583671,0.1139894944931377
1198,2015-05-12,0.1125641755813304,0.1123066917086074,0.110241177518614,0.1139783790508478,0.0632706624189102,-0.0012204304007864958,-0.001682802784530299,-0.0017684864742791018,-0.0033326081717779954,0.019465674056222307,0.1123066917086074
1199,2015-05-13,0.112068398454611,0.1125935459306403,0.1107251911499452,0.1150235280947701,0.0407966194021227,-0.0004957771267194017,0.000286854222032909,0.000484013631331201,0.0010451490439222916,-0.0224740430167875,0.1125935459306403
1200,2015-05-14,0.1136821222207287,0.1144643210804713,0.1116922913417089,0.1160683255862736,0.0602581667519519,0.0016137237661176945,0.001870775149831,0.0009671001917637007,0.0010447974915035046,0.019461547349829196,0.1144643210804713
1201,2015-05-15,0.1146052602460675,0.1155443462352696,0.1131754971010077,0.1180969248807452,0.0561933609547547,0.0009231380253388044,0.0010800251547982975,0.0014832057592988057,0.002028599294471606,-0.004064805797197202,0.1155443462352696
1202,2015-05-18,0.115105306562247,0.115197201697253,0.1128187849296964,0.1185941433220453,0.039570987603374,0.0005000463161795032,-0.00034714453801659717,-0.0003567121713113075,0.0004972184413001013,-0.016622373351380698,0.115197201697253
1203,2015-05-19,0.1148937485352633,0.1139435863405743,0.1129314285692829,0.1171025091303465,0.0508368960565193,-0.00021155802698370751,-0.0012536153566787,0.00011264363958650436,-0.0014916341916988013,0.011265908453145304,0.1139435863405743
1204,2015-05-20,0.113566715311891,0.1139435863405743,0.111973901248305,0.1169831763987537,0.0291551806672058,-0.0013270332233722981,0.0,-0.0009575273209778967,-0.0001193327315928,-0.021681715389313502,0.1139435863405743
1205,2015-05-21,0.1136051884455458,0.1140978807720804,0.1112229143685418,0.1168439665485465,0.0284949076443109,3.8473133654806646e-05,0.000154294431506094,-0.0007509868797632019,-0.00013920985020721144,-0.0006602730228949007,0.1140978807720804
1206,2015-05-22,0.113374393837483,0.1140207245898913,0.1118612546160208,0.1170030675009028,0.0352750862481636,-0.00023079460806280094,-7.715618218909204e-05,0.0006383402474789968,0.00015910095235630028,0.006780178603852698,0.1140207245898913
1207,2015-05-26,0.1130089942484098,0.1123428354123151,0.1105470238652933,0.1154517915167225,0.0414981594889486,-0.00036539958907320924,-0.0016778891775762056,-0.0013142307507274936,-0.0015512759841802976,0.006223073240784999,0.1123428354123151
1208,2015-05-27,0.1121819978591802,0.1156793538628374,0.1128938807739541,0.1155114470437914,0.0566679321899605,-0.0008269963892295895,0.0033365184505222967,0.0023468569086607938,5.965552706890809e-05,0.015169772701011906,0.1156793538628374
1209,2015-05-28,0.1153553258717148,0.1162386622106109,0.1140203791550636,0.1190316788159238,0.0386259718393555,0.0031733280125346014,0.0005593083477734989,0.0011264983811095086,0.0035202317721323984,-0.018041960350605006,0.1162386622106109
1210,2015-05-29,0.1155091864409209,0.1150621940696852,0.1135885544344689,0.1181963710375212,0.0696670573282052,0.0001538605692060907,-0.0011764681409257016,-0.0004318247205947062,-0.0008353077784025997,0.031041085488849707,0.1150621940696852
1211,2015-06-01,0.1155284376964864,0.1153129404537547,0.1128188027112401,0.1181566161486171,0.0479729618197124,1.9251255565497227e-05,0.00025074638406950844,-0.0007697517232287954,-3.9754888904106056e-05,-0.021694095508492807,0.1153129404537547
1212,2015-06-02,0.1144898752689694,0.1144643210804713,0.1121428865772985,0.117361062823812,0.0404210891203512,-0.0010385624275170008,-0.0008486193732833991,-0.0006759161339416064,-0.00079555332480509,-0.007551872699361195,0.1144643210804713
1213,2015-06-03,0.1148168189852815,0.113094984900163,0.1123494033887717,0.1165058620673997,0.0566926924283191,0.00032694371631210306,-0.0013693361803083087,0.000206516811473198,-0.0008552007564123082,0.016271603307967897,0.113094984900163
1214,2015-06-04,0.1120665850908281,0.1104141729513612,0.1098147712611689,0.1134032643831433,0.07526287119724,-0.002750233894453391,-0.0026808119488017923,-0.0025346321276027983,-0.0031025976842564,0.0185701787689209,0.1104141729513612
1215,2015-06-05,0.1102203244801167,0.1098741962397062,0.1077683369545908,0.1127668772437481,0.0428352123603109,-0.0018462606107114005,-0.0005399767116549964,-0.002046434306578096,-0.000636387139395192,-0.0324276588369291,0.1098741962397062
1216,2015-06-08,0.1092394426641838,0.1079455337787524,0.1070548563401015,0.1106189024155774,0.0561933609547547,-0.0009808818159329075,-0.0019286624609538006,-0.0007134806144892952,-0.0021479748281707095,0.0133581485944438,0.1079455337787524
1217,2015-06-09,0.1077008802618954,0.1073283919184722,0.1052524807332633,0.1102211545662675,0.0509070500652019,-0.0015385624022884042,-0.0006171418602802098,-0.0018023756068381996,-0.00039774784930989016,-0.005286310889552795,0.1073283919184722
1218,2015-06-10,0.1076239412381675,0.1083119830535793,0.106566714874265,0.1112155630352914,0.0474447434013964,-7.693902372789274e-05,0.000983591135107098,0.0013142341410016939,0.0009944084690238914,-0.003462306663805502,0.1083119830535793
1219,2015-06-11,0.1083355485803602,0.1089291518131675,0.1062475507334187,0.1116531160488446,0.0416425942127069,0.0007116073421926938,0.0006171687595881992,-0.0003191641408463036,0.0004375530135532074,-0.005802149188689501,0.1089291518131675
1220,2015-06-12,0.107797029051046,0.1077912483136823,0.105233690776745,0.1104001383786026,0.0327165282844456,-0.0005385195293141909,-0.0011379034994851989,-0.0010138599566736906,-0.0012529776702420031,-0.008926065928261298,0.1077912483136823
1221,2015-06-15,0.1063930608672057,0.1088326998606042,0.1064352762318998,0.109863148362482,0.0611701688648256,-0.0014039681838403095,0.0010414515469219093,0.0012015854551547939,-0.0005369900161206059,0.028453640580379996,0.1088326998606042
1222,2015-06-16,0.1087009384215692,0.110317747898106,0.1075617790141968,0.1120110848396204,0.0519222198379029,0.0023078775543634994,0.001485048037501796,0.0011265027822970064,0.0021479364771384013,-0.009247949026922699,0.110317747898106
1223,2015-06-17,0.1100664257068992,0.1101827402705381,0.1078058445137529,0.1127668395030089,0.0353782539079909,0.0013654872853300082,-0.00013500762756790685,0.00024406549955609258,0.0007557546633885082,-0.016543965929911995,0.1101827402705381
1224,2015-06-18,0.1102202899898629,0.1122656612972539,0.1095331473840115,0.1137015883850183,0.0477913867384163,0.0001538642829636977,0.0020829210267158116,0.0017273028702586013,0.0009347488820093952,0.012413132830425395,0.1122656612972539
1225,2015-06-19,0.1120473455068093,0.1118413605770482,0.1095894634183542,0.1145965579568898,0.0907545269969132,0.0018270555169463965,-0.0004243007202057031,5.631603434269605e-05,0.0008949695718715039,0.04296314025849691,0.1118413605770482
1226,2015-06-22,0.1122589086514775,0.1122656612972539,0.1101714964879983,0.1152131058388067,0.045748667073835,0.00021156314466820592,0.0004243007202057031,0.0005820330696441056,0.0006165478819168957,-0.045005859923078206,0.1122656612972539
1227,2015-06-23,0.1117781106563469,0.110472042329612,0.1095143847801182,0.1135027176486908,0.0488065565111173,-0.00048079799513060795,-0.0017936189676419079,-0.0006571117078801036,-0.0017103881901159024,0.0030578894372823018,0.110472042329612
1228,2015-06-24,0.1100087120345313,0.1103370078027361,0.1082188772089399,0.1136419035794202,0.0400744457833314,-0.0017693986218155905,-0.00013503452687589623,-0.0012955075711783004,0.00013918593072939633,-0.008732110727785902,0.1103370078027361
1229,2015-06-25,0.1104318396653751,0.1105877541868055,0.1085380770933392,0.1135027087036866,0.0464749673990195,0.0004231276308438031,0.0002507463840693974,0.00031919988439929603,-0.00013919487573359202,0.006400521615688097,0.1105877541868055
1230,2015-06-26,0.1099125891288769,0.1102213318112868,0.1084066677008418,0.1125480850468504,0.0772684505042835,-0.0005192505364982059,-0.0003664223755187046,-0.0001314093924973947,-0.0009546236568361982,0.03079348310526401,0.1102213318112868
1231,2015-06-29,0.1087394106212421,0.107540519862485,0.1066605881285896,0.1106387995120897,0.0874903022399762,-0.0011731785076348061,-0.0026808119488017923,-0.0017460795722522016,-0.0019092855347607046,0.010221851735692691,0.107540519862485
1232,2015-06-30,0.1085086021747017,0.1084083901739624,0.1062475212985928,0.1109768815826305,0.0451255344084779,-0.0002308084465404009,0.0008678703114773922,-0.0004130668299967971,0.00033808207054079886,-0.0423647678314983,0.1084083901739624
1233,2015-07-01,0.1090855925187496,0.1095270158359455,0.107298937241326,0.1124088599079242,0.0358321916112312,0.0005769903440479007,0.0011186256619831053,0.001051415942733197,0.0014319783252936952,-0.009293342797246702,0.1095270158359455
1234,2015-07-02,0.1091048312621369,0.1104334776881716,0.1076744403919158,0.1127668605105675,0.0342434096498902,1.9238743387300916e-05,0.0009064618522261064,0.00037550315058980377,0.00035800060264330746,-0.0015887819613409973,0.1104334776881716
1235,2015-07-06,0.1085663361637672,0.1083505656278919,0.1076369036241598,0.1111758023263523,0.0459054819167725,-0.0005384950983697012,-0.002082912060279704,-3.753676775600234e-05,-0.001591058184215205,0.011662072266882303,0.1083505656278919
1236,2015-07-07,0.1077201099478103,0.1081962711963858,0.1058157289843254,0.108570427240758,0.0543157095458972,-0.0008462262159568967,-0.0001542944315061079,-0.0018211746398344025,-0.0026053750855943025,0.008410227629124696,0.1081962711963858
1237,2015-07-08,0.106527726278685,0.1056890673823365,0.1047455729022974,0.1085306668619179,0.0453029827833809,-0.001192383669125302,-0.0025072038140492997,-0.0010701560820279982,-3.9760378840097976e-05,-0.009012726762516299,0.1056890673823365
1238,2015-07-09,0.1065084389518347,0.1055540059561524,0.1050271357499203,0.1088488204552506,0.0410896155560324,-1.9287326850289666e-05,-0.00013506142618409378,0.0002815628476229015,0.000318153593332704,-0.004213367227348504,0.1055540059561524
1239,2015-07-10,0.1064700079642583,0.1062869224386783,0.1048769737392229,0.1090676286009715,0.0453277430217394,-3.843098757640162e-05,0.0007329164825258944,-0.00015016201069739665,0.00021880814572089458,0.004238127465707002,0.1062869224386783
1240,2015-07-13,0.106700799652088,0.1086205719165914,0.1062287798722879,0.1096443984572381,0.042661890691801,0.00023079168782969006,0.002333649477913105,0.0013518061330650005,0.000576769856266604,-0.0026658523299383993,0.1086205719165914
1241,2015-07-14,0.1089125171393993,0.1072898183105957,0.106547950961859,0.1104995975625856,0.0948647265644344,0.0022117174873113044,-0.001330753605995702,0.00031917108957109364,0.0008551991053474955,0.0522028358726334,0.1072898183105957
1242,2015-07-15,0.107104639202149,0.1056118663679671,0.1046328670464897,0.1083516161626054,0.064983245572044,-0.0018078779372503045,-0.0016779519426285971,-0.0019150839153692922,-0.002147981399980195,-0.029881480992390394,0.1056118663679671
1243,2015-07-16,0.1048545144263504,0.1014075045052754,0.1024362487065658,0.1027630419776817,0.1258521648701738,-0.002250124775798598,-0.0042043618626916995,-0.002196618339923906,-0.0055885741849237,0.060868919298129806,0.1014075045052754
1244,2015-07-17,0.1012580927813379,0.1001539070814688,0.0989065684903251,0.1029818320827554,0.059379178290223,-0.0035964216450124903,-0.0012535974238065961,-0.0035296802162406993,0.00021879010507369623,-0.06647298657995081,0.1001539070814688
1245,2015-07-20,0.1004118334286726,0.100481737916239,0.0983057373583808,0.1030016906132239,0.0412257968670045,-0.0008462593526653017,0.0003278308347701986,-0.0006008311319442988,1.9858530468500057e-05,-0.018153381423218505,0.100481737916239
1246,2015-07-21,0.09991178104583,0.0999417074059677,0.0986248927662412,0.1028226790040685,0.0407470989254056,-0.0005000523828426057,-0.0005400305102713082,0.00031915540786039975,-0.0001790116091553995,-0.0004786979415988962,0.0999417074059677
1247,2015-07-22,0.098623200222958,0.0996523963804578,0.0973106379168955,0.1002769539506933,0.0626103893960152,-0.0012885808228720042,-0.0002893110255099002,-0.0013142548493457057,-0.002545725053375192,0.021863290470609593,0.0996523963804578
1248,2015-07-23,0.0995463838420809,0.101908934508362,0.1001456888195272,0.1024448175741146,0.0991936415707895,0.0009231836191228998,0.0022565381279042035,0.002835050902631711,0.002167863623421293,0.0365832521747743,0.101908934508362
1249,2015-07-24,0.1015850058707111,0.0988424044136671,0.0993946828026727,0.1011918534002336,0.0701746422145557,0.002038622028630213,-0.0030665300946949026,-0.0007510060168545024,-0.0012529641738810021,-0.029018999356233796,0.0988424044136671
1250,2015-07-27,0.0983732124589556,0.0984373904973997,0.0970478088276528,0.1007145270387793,0.0715323286178835,-0.003211793411755509,-0.00040501391626739103,-0.0023468739750198975,-0.0004773263614542972,0.0013576864033277986,0.0984373904973997
1251,2015-07-28,0.0972577383659294,0.1001345844117863,0.098380839827856,0.1005753121676343,0.0602953071094897,-0.001115474093026203,0.0016971939143865938,0.001333031000203197,-0.00013921487114500197,-0.011237021508393799,0.1001345844117863
1252,2015-07-29,0.0992386475301714,0.0997874219408977,0.097329423942759,0.1013310553742112,0.0503334378765619,0.001980909164242012,-0.00034716247088860397,-0.0010514158850970096,0.0007557432065769115,-0.0099618692329278,0.0997874219408977
1253,2015-07-30,0.099469438536713,0.1004045817340499,0.0984559172206215,0.1023453551031708,0.0603489542925999,0.00023079100654159468,0.0006171597931522027,0.001126493277862503,0.0010142997289595973,0.010015516416037998,0.1004045817340499
1254,2015-07-31,0.0982770292399331,0.1023139215253213,0.1004085136828519,0.1015100470957939,0.1306102573414106,-0.0011924092967798977,0.0019093397912714055,0.0019525964622304076,-0.0008353080073768976,0.0702613030488107,0.1023139215253213
1255,2015-08-03,0.1014311308702561,0.1013303214237782,0.0993007894007161,0.1036579818927874,0.0669434311087634,0.0031541016303229946,-0.0009836001015431084,-0.0011077242821358052,0.002147934796993489,-0.0636668262326472,0.1013303214237782
1256,2015-08-04,0.1007003267956538,0.0999995857506546,0.0991881690321228,0.1025840434440865,0.0436027797494263,-0.0007308040746022981,-0.001330735673123598,-0.00011262036859330249,-0.0010739384487008924,-0.0233406513593371,0.0999995857506546
1257,2015-08-05,0.1004694971760451,0.1015231625638526,0.0998076955350229,0.1038966277807854,0.0524380581370396,-0.00023082961960869952,0.0015235768131980076,0.0006195265029001057,0.0013125843366988965,0.008835278387613298,0.1015231625638526
1258,2015-08-06,0.1013926821071931,0.1001924448236011,0.0989816347428327,0.10226581401987,0.0519511067826546,0.0009231849311479995,-0.001330717740251508,-0.0008260607921902058,-0.001630813760915395,-0.00048695135438499987,0.1001924448236011
1259,2015-08-07,0.0994501861509303,0.1009638631825152,0.0985310029687012,0.102405008802559,0.0498217262838183,-0.0019424959562627936,0.0007714183589141027,-0.0004506317741315019,0.0001391947826889922,-0.002129380498836299,0.1009638631825152
1260,2015-08-10,0.10177731048957,0.1044354251263496,0.1022296916069275,0.1052490521171387,0.0733728396692032,0.0023271243386396995,0.0034715619438343975,0.0036986886382263107,0.0028440433145797,0.023551113385384903,0.1044354251263496
1261,2015-08-11,0.1031620430380478,0.1022367832760043,0.1007089215030443,0.1049109590279033,0.0500156814842937,0.0013847325484777906,-0.0021986418503452954,-0.0015207701038832122,-0.0003380930892353945,-0.0233571581849095,0.1022367832760043
1262,2015-08-12,0.1005464349734193,0.1027575000830292,0.1004085079182345,0.1025243427909919,0.0599899308364008,-0.0026156080646285024,0.0005207168070248958,-0.0003004135848097972,-0.0023866162369114013,0.009974249352107098,0.1027575000830292
1263,2015-08-13,0.1024308233542368,0.1003424263993683,0.0999950897140476,0.1034544754598206,0.0478532873343127,0.0018843883808175033,-0.0024150736836608955,-0.00041341820418690223,0.0009301326688287009,-0.012136643502088103,0.1003424263993683
1264,2015-08-14,0.1002361939164883,0.0997192232283201,0.0978716038701169,0.101305492556841,0.0524298047242534,-0.0021946294377484937,-0.0006232031710482061,-0.0021234858439306975,-0.0021489829029796015,0.0045765173899407,0.0997192232283201
1265,2015-08-17,0.0991873904266535,0.1009462172363736,0.0983266260874992,0.1018879186024628,0.0407058318614747,-0.0010488034898347987,0.0012269940080535113,0.00045502221738230597,0.000582426045621795,-0.011723972862778695,0.1009462172363736
1266,2015-08-18,0.1006246069826797,0.0977520768238502,0.098743745097253,0.100662768232931,0.0621481982799887,0.0014372165560262024,-0.0031941404125234024,0.00041711900975380245,-0.0012251503695318022,0.021442366418514,0.0977520768238502
1267,2015-08-19,0.0972257894174292,0.0974015071072634,0.095880785341581,0.0994777974897291,0.0398474769317112,-0.0033988175652505115,-0.0003505697165867988,-0.0028629597556720093,-0.0011849707432018963,-0.0223007213482775,0.0974015071072634
1268,2015-08-20,0.0958468308187357,0.0943437103212788,0.0939279048063429,0.0972283505495448,0.0556486357108664,-0.0013789585986934971,-0.0030577967859845984,-0.001952880535238094,-0.0022494469401842937,0.0158011587791552,0.0943437103212788
1269,2015-08-21,0.0938075499685699,0.0929024722903053,0.0928092756420096,0.0957822869683905,0.075440319572143,-0.0020392808501658033,-0.0014412380309735129,-0.0011186291643333068,-0.0014460635811543027,0.019791683861276603,0.0929024722903053
1270,2015-08-24,0.088388830022931,0.0914806734926829,0.0922594114466345,0.0902791563995076,0.1192700681731896,-0.005418719945638889,-0.0014217987976223867,-0.0005498641953750882,-0.005503130568882894,0.04382974860104659,0.0914806734926829
1271,2015-08-25,0.0951670659719532,0.0902147113535667,0.0942691826109983,0.0929905479662189,0.0955580132384741,0.006778235949022188,-0.0012659621391162001,0.002009771164363794,0.0027113915667112964,-0.023712054934715496,0.0902147113535667
1272,2015-08-26,0.0920790065941002,0.0937010051518272,0.0913114330895559,0.0931311530894792,0.0659571482808141,-0.003088059377852989,0.003486293798260487,-0.0029577495214423988,0.00014060512326029284,-0.029600864957659997,0.0937010051518272
1273,2015-08-27,0.0945261522730449,0.0965835081130823,0.0944777548099217,0.0974693687839419,0.0491119327842062,0.00244714567894469,0.0028825029612551123,0.0031663217203657945,0.004338215694462702,-0.016845215496607904,0.0965835081130823
1274,2015-08-28,0.0955749321956685,0.0971677969516843,0.095084472811813,0.0987547642807927,0.0470073125237285,0.0010487799226236022,0.0005842888386019957,0.0006067180018912988,0.0012853954968508052,-0.0021046202604776965,0.0971677969516843
1275,2015-08-31,0.0962546884104306,0.097596267064652,0.0954446975302348,0.0988752597542419,0.071292979647084,0.0006797562147621006,0.0004284701129677049,0.0003602247184218005,0.00012049547344919476,0.024285667123355503,0.097596267064652
1276,2015-09-01,0.0937492832750455,0.093545186426193,0.0934728697853334,0.0958626226443336,0.0606254436209372,-0.0025054051353850942,-0.0040510806384590065,-0.0019718277449014,-0.0030126371099083032,-0.010667536026146805,0.093545186426193
1277,2015-09-02,0.0947980612323855,0.0947721983671187,0.0927903043297986,0.0960433782298085,0.0442094055892111,0.0010487779573399997,0.0012270119409256985,-0.0006825654555348004,0.00018075558547490933,-0.016416038031726102,0.0947721983671187
1278,2015-09-03,0.0945455937015573,0.0951033198839183,0.0941364893339764,0.0975296429706261,0.0439700566184117,-0.00025246753082820705,0.0003311215167996068,0.0013461850041778106,0.0014862647408175889,-0.00023934897079939954,0.0951033198839183
1279,2015-09-04,0.0931666083405708,0.092590825872601,0.0914062074759249,0.0952399835969714,0.0430993215694689,-0.00137898536098649,-0.002512494011317312,-0.002730281858051506,-0.00228965937365469,-0.0008707350489427987,0.092590825872601
1280,2015-09-08,0.0941377136067885,0.0969925031269549,0.0945346249620863,0.0972685205105134,0.0719491259635859,0.0009711052662177005,0.004401677254353906,0.0031284174861613973,0.0020285369135420034,0.028849804394116996,0.0969925031269549
1281,2015-09-09,0.0973423393249818,0.0961160878019241,0.0961462476200158,0.0987949530782368,0.069485482246909,0.003204625718193299,-0.0008764153250307993,0.0016116226579295095,0.0015264325677233903,-0.0024636437166769,0.0961160878019241
1282,2015-09-10,0.0954972068094027,0.1002645080701152,0.098307632130548,0.0984534662492131,0.1141694590713259,-0.0018451325155791065,0.004148420268191094,0.0021613845105321883,-0.00034148682902369887,0.04468397682441691,0.1002645080701152
1283,2015-09-11,0.0994204204858413,0.099738644528799,0.0975681931803497,0.1016067081604015,0.0667247156699295,0.003923213676438594,-0.0005258635413161877,-0.0007394389501982901,0.0031532419111884036,-0.0474447434013964,0.099738644528799
1284,2015-09-14,0.0996923822965815,0.10162790846976,0.0997107257425147,0.1030327463363097,0.085055545468051,0.0002719618107402122,0.0018892639409609918,0.0021425325621649977,0.0014260381759081953,0.018330829798121492,0.10162790846976
1285,2015-09-15,0.1018093646262086,0.1024069751986227,0.1001657765071396,0.1043784096878333,0.0751803370693781,0.002116982329627093,0.0007790667288627012,0.00045505076462490357,0.0013456633515235988,-0.009875208398672897,0.1024069751986227
1286,2015-09-16,0.1021006668618583,0.1035950010756136,0.1010189432509892,0.1053424284684543,0.0438214951882603,0.00029130223564970137,0.0011880258769909058,0.0008531667438495955,0.0009640187806210093,-0.0313588418811178,0.1035950010756136
1287,2015-09-17,0.1025473575484879,0.0999334313854958,0.1001088528063211,0.1026109443626631,0.0952526369653851,0.0004466906866296,-0.0036615696901177996,-0.0009100904446680963,-0.0027314841057912015,0.05143114177712481,0.0999334313854958
1288,2015-09-18,0.0983522444308605,0.0982000310023492,0.0970752597988841,0.1006627659185192,0.1249154025189415,-0.004195113117627394,-0.0017334003831466077,-0.0030335930074370104,-0.001948178444143897,0.02966276555355639,0.0982000310023492
1289,2015-09-21,0.0982357383589826,0.0958239344161871,0.0960703941127036,0.0985137612968269,0.080908205542992,-0.00011650607187790873,-0.002376096586162099,-0.001004865686180495,-0.0021490046216923048,-0.0440071969759495,0.0958239344161871
1290,2015-09-22,0.0953806960824327,0.0962134363980922,0.0941174877665197,0.0973488446590692,0.0998580413000775,-0.002855042276549896,0.0003895019819050993,-0.0019529063461839052,-0.0011649166377576958,0.018949835757085504,0.0962134363980922
1291,2015-09-23,0.0955943671205817,0.0932530509733281,0.0936624805097245,0.0961237278010915,0.0806853633977649,0.00021367103814899646,-0.002960385424764095,-0.0004550072567951896,-0.001225116857977701,-0.0191726779023126,0.0932530509733281
1292,2015-09-24,0.0919430599387833,0.0938762989765566,0.0921646409611889,0.0939144475663014,0.092731219359205,-0.003651307181798402,0.0006232480032284937,-0.0014978395485356066,-0.002209280234790098,0.012045855961440102,0.0938762989765566
1293,2015-09-25,0.0950699890566431,0.0946748408045145,0.0934160109358711,0.0963245813434577,0.0855878905927601,0.0031269291178598058,0.0007985418279579104,0.0012513699746821982,0.0024101337771562925,-0.007143328766444898,0.0946748408045145
1294,2015-09-28,0.0935550483483609,0.0944410947831912,0.0925438213012604,0.0967463191164511,0.0836607187071854,-0.001514940708282203,-0.00023374602132331113,-0.0008721896346106928,0.0004217377729933969,-0.0019271718855747022,0.0944410947831912
1295,2015-09-29,0.0935356281124688,0.0938373218790579,0.0920887762100338,0.0958626087072009,0.1176235123223452,-1.942023589210362e-05,-0.0006037729041332984,-0.00045504509122661074,-0.0008837104092501991,0.0339627936151598,0.0938373218790579
1296,2015-09-30,0.0949922804072694,0.0973820409746042,0.0948759137899662,0.0977706375904201,0.0908742014823129,0.0014566522948006033,0.0035447190955463087,0.0027871375799324027,0.0019080288832191983,-0.026749310840032306,0.0973820409746042
1297,2015-10-01,0.0970704195794932,0.0966029832121776,0.0949138361970404,0.0978710593872702,0.0736452022911473,0.0020781391722237974,-0.0007790577624266076,3.792240707420347e-05,0.0001004217968501031,-0.017228999191165606,0.0966029832121776
1298,2015-10-02,0.0954584051275217,0.0982195240343166,0.0956153501891189,0.0981120648531563,0.0540185866855944,-0.0016120144519714968,0.0016165408221389954,0.0007015139920785035,0.00024100546588609606,-0.019626615605552893,0.0982195240343166
1299,2015-10-05,0.0982939954313207,0.100751457278985,0.098762713901573,0.1014862386484548,0.0741239002327462,0.002835590303798999,0.0025319332446684106,0.003147363712454096,0.003374173795298502,0.020105313547151803,0.100751457278985
1300,2015-10-06,0.1006440186458546,0.1021926953099585,0.0996538179386318,0.1027314545903702,0.0834791436258893,0.0023500232145338973,0.001441238030973499,0.0008911040370588041,0.0012452159419154007,0.0093552433931431,0.1021926953099585
1301,2015-10-07,0.1029358131298097,0.1025822331576079,0.1018721512970083,0.1050210853733936,0.0731334906984037,0.002291794483955112,0.0003895378476493905,0.002218333358376498,0.002289630783023397,-0.010345652927485599,0.1025822331576079
1302,2015-10-08,0.1025085243423205,0.1037897699994383,0.1013223035545182,0.105242008651365,0.0587601723312589,-0.0004272887874892106,0.001207536841830406,-0.0005498477424901033,0.00022092327797140765,-0.014373318367144804,0.1037897699994383
1303,2015-10-09,0.1036155688207694,0.1035950010756136,0.1018531884213548,0.106065466371084,0.0458765949720209,0.001107044478448907,-0.00019476892382469524,0.0005308848668365979,0.0008234577197189924,-0.012883577359238,0.1035950010756136
1304,2015-10-12,0.1034796269331298,0.1028743865433449,0.1013602343089432,0.1058646289665015,0.044824284841782,-0.00013594188763960124,-0.0007206145322687096,-0.0004929541124115977,-0.0002008374045824879,-0.0010523101302389037,0.1028743865433449
1305,2015-10-13,0.1018093360534075,0.1004787789923433,0.0995211076884713,0.1035147526401533,0.0552565986035225,-0.0016702908797222998,-0.0023956075510015995,-0.0018391266204718926,-0.002349876326348199,0.010432313761740503,0.1004787789923433
1306,2015-10-14,0.0996340858647334,0.1024264144319737,0.100544937786995,0.1027515399350436,0.1020328155692378,-0.0021752501886741077,0.0019476354396304046,0.0010238300985236926,-0.000763212705109706,0.046776216965715295,0.1024264144319737
1307,2015-10-15,0.1023531730505651,0.1025433008922895,0.1007345671480605,0.10459933008426,0.0604273617140687,0.002719087185831706,0.00011688646031579597,0.00018962936106550754,0.001847790149216405,-0.041605453855169096,0.1025433008922895
1308,2015-10-16,0.1024891110812222,0.1031665309626459,0.1006776680795644,0.1046796470229563,0.0585455835988181,0.00013593803065710397,0.0006232300703564037,-5.6899068496110705e-05,8.031693869629819e-05,-0.0018817781152506013,0.1031665309626459
1309,2015-10-19,0.102761018567764,0.1034586753819468,0.101379196496043,0.1057240371423883,0.0573034449744969,0.00027190748654179475,0.00029214441930089374,0.0007015284164786084,0.0010443901194319982,-0.0012421386243211957,0.1034586753819468
1310,2015-10-20,0.1028386799403425,0.1048999044464843,0.1039387673648759,0.1062261172575706,0.118011422723296,7.766137257850247e-05,0.0014412290645375025,0.0025595708688328916,0.0005020801151822962,0.060707977748799095,0.1048999044464843
1311,2015-10-21,0.1250573161496521,0.1246100676291645,0.1275440195983045,0.1281181073795296,1.0,0.022218636209309597,0.019710163182680207,0.023605252233428603,0.021891990121959012,0.881988577276704,0.1246100676291645
1312,2015-10-22,0.1231539764287794,0.1264019022760329,0.1249275437208994,0.127354900824519,0.4785535068750928,-0.0019033397208726988,0.0017918346468683982,-0.0026164758774051,-0.0007632065550106093,-0.5214464931249072,0.1264019022760329
1313,2015-10-23,0.1262420167067067,0.1272782996681916,0.124510386716603,0.1304880271238829,0.3460036975289282,0.0030880402779273064,0.0008763973921586954,-0.0004171570042963979,0.0031331262993639086,-0.13254980934616462,0.1272782996681916
1314,2015-10-26,0.1273879286983683,0.1271614759729282,0.1243966606056782,0.13028721739721,0.1962290156979911,0.0011459119916615856,-0.00011682369526339054,-0.00011372611092480556,-0.00020080972667291253,-0.1497746818309371,0.1271614759729282
1315,2015-10-27,0.1264945097514008,0.1272588335355324,0.1248137679860139,0.1306687937415984,0.1153703306317162,-0.0008934189469674836,9.735756260420558e-05,0.00041710738033570727,0.00038157634438840127,-0.08085868506627489,0.1272588335355324
1316,2015-10-28,0.1269995076222235,0.12817425285737,0.1250602681522918,0.130568407489115,0.1721661907198626,0.0005049978708226988,0.000915419321837585,0.00024650016627789095,-0.00010038625248340316,0.05679586008814641,0.12817425285737
1317,2015-10-29,0.1272325582285182,0.1291675367098445,0.1268045692842773,0.1310504102646359,0.0832810617190208,0.00023305060629469354,0.0009932838524744914,0.0017443011319855095,0.00048200277552090665,-0.0888851290008418,0.1291675367098445
1318,2015-10-30,0.1290970246878592,0.1307256253353895,0.1275060658006878,0.1327173849215914,0.050382958353279,0.001864466459340991,0.0015580886255450177,0.0007014965164104936,0.0016669746569555055,-0.0328981033657418,0.1307256253353895
1319,2015-11-02,0.1301263912827147,0.1296154819219075,0.1277715156131555,0.1335609352449857,0.1212591406546607,0.001029366594855502,-0.0011101434134820065,0.00026544981246770516,0.000843550323394282,0.07087618230138171,0.1296154819219075
1320,2015-11-03,0.1291358673690732,0.1295180884935591,0.1263495094332193,0.1328981423774377,0.1082393819844505,-0.000990523913641489,-9.739342834838571e-05,-0.0014220061799362083,-0.000662792867548001,-0.0130197586702102,0.1295180884935591
1321,2015-11-04,0.1287474788832751,0.1301608564280631,0.1269562711611168,0.1331392041090011,0.0785353493669632,-0.00038838848579811347,0.0006427679345039905,0.0006067617278975035,0.00024106173156340782,-0.029704032617487303,0.1301608564280631
1322,2015-11-05,0.1301846733204527,0.1304919331126825,0.1276956923313946,0.1334203647287566,0.0728982684339974,0.0014371944371776024,0.00033107668461940243,0.0007394211702778097,0.00028116061975549944,-0.0056370809329658045,0.1304919331126825
1323,2015-11-06,0.1296214246243284,0.1301997707605094,0.1272975208045284,0.1334404397818359,0.0501394826760865,-0.0005632486961242855,-0.0002921623521731087,-0.0003981715268661923,2.0075053079299243e-05,-0.022758785757910897,0.1301997707605094
1324,2015-11-09,0.129563144028217,0.1303360874877402,0.1270699783695494,0.1334604951612112,0.0877667915683135,-5.8280596111404126e-05,0.0001363167272308008,-0.00022754243497902227,2.0055379375299998e-05,0.037627308892227006,0.1303360874877402
1325,2015-11-10,0.1300875643312126,0.1300244948686521,0.1273733671239751,0.1335207837823649,0.0324936861392185,0.0005244203029955985,-0.0003115926190880858,0.0003033887544257041,6.028862115370348e-05,-0.055273105429095006,0.1300244948686521
1326,2015-11-11,0.1296603534319103,0.1302972359203462,0.1278284745558159,0.1337016100449753,0.0472219012561694,-0.0004272108993023105,0.00027274105169408647,0.0004551074318407955,0.0001808262626104007,0.014728215116950903,0.1302972359203462
1327,2015-11-12,0.1296386039073825,0.1292764789078221,0.1268425046802725,0.133089118472971,0.1203058714778561,-2.174952452779766e-05,-0.0010207570125241039,-0.000985969875543391,-0.0006124915720042978,0.0730839702216867,0.1292764789078221
1328,2015-11-13,0.1290905102732261,0.1289231475289327,0.1268424957294076,0.1328462032466273,0.0740867598752084,-0.0005480936341563936,-0.00035333137888940436,-8.950864910373113e-09,-0.000242915226343704,-0.0462191116026477,0.1289231475289327
1329,2015-11-16,0.1288556278433342,0.1302382816033336,0.1268424917795632,0.1321579890977878,0.0963709743979135,-0.00023488242989189168,0.0013151340744008977,-3.949844396000657e-09,-0.0006882141488394888,0.022284214522705112,0.1302382816033336
1330,2015-11-17,0.129795168028229,0.1309056713712241,0.1281991931791478,0.1339392487381304,0.0596185272610224,0.0009395401848947826,0.0006673897678905194,0.0013567013995846033,0.0017812596403425918,-0.0367524471368911,0.1309056713712241
1331,2015-11-18,0.1301671162486195,0.1317104897044153,0.1283138913057682,0.134283392423585,0.0559705188095277,0.0003719482203905222,0.0008048183331911818,0.00011469812662040502,0.00034414368545460094,-0.003648008451494704,0.1317104897044153
1332,2015-11-19,0.1320657840864,0.1313179032685098,0.1289253517196236,0.1348703903505933,0.056952674931084,0.0018986678377804767,-0.0003925864359054787,0.0006114604138554025,0.0005869979270083092,0.0009821561215563046,0.1313179032685098
1333,2015-11-20,0.1311457779417251,0.1315534156777345,0.1289635370925243,0.1350525471159187,0.034676713821165,-0.0009200061446748842,0.0002355124092246752,3.818537290070645e-05,0.00018215676532537528,-0.022275961109919,0.1315534156777345
1334,2015-11-23,0.1309891760118009,0.1308467798192639,0.12821829893421,0.134425053179709,0.0705460457899341,-0.0001566019299241994,-0.0007066358584705834,-0.0007452381583143153,-0.0006274939362096998,0.035869331968769104,0.1308467798192639
1335,2015-11-24,0.1300496615131257,0.1304542202826665,0.1279125983380111,0.1339190407912466,0.0824061999636849,-0.0009395144986752146,-0.0003925595365973922,-0.0003057005961988879,-0.0005060123884623735,0.01186015417375079,0.1304542202826665
1336,2015-11-25,0.1303823859445568,0.1302775366603497,0.1274539534720458,0.1340607011842653,0.0488725838134068,0.0003327244314311195,-0.00017668362231682,-0.0004586448659653075,0.00014166039301868882,-0.0335336161502781,0.1302775366603497
1337,2015-11-27,0.1299713307188493,0.1306112225778589,0.1275112882858839,0.1342226197334218,0.0209719218897013,-0.00041105522570750175,0.00033368591750920773,5.733481383810024e-05,0.00016191854915650894,-0.027900661923705498,0.1306112225778589
1338,2015-11-30,0.1304215427518241,0.1304738388447385,0.128237425723688,0.134506021199394,0.0735833016952509,0.00045021203297479495,-0.00013738373312038865,0.0007261374378040863,0.00028340146597219396,0.0526113798055496,0.1304738388447385
1339,2015-12-01,0.1306955491188222,0.1332807547501129,0.1299380565402274,0.1351537252705713,0.0586776382033971,0.0002740063669980919,0.0028069159053743797,0.0017006308165394002,0.0006477040711772852,-0.0149056634918538,0.1332807547501129
1340,2015-12-02,0.1323397899737956,0.1329274502705317,0.1306259824581691,0.1368540530804318,0.0574891467621861,0.0016442408549734167,-0.00035330447958117905,0.0006879259179417008,0.0017003278098605135,-0.001188491441211005,0.1329274502705317
1341,2015-12-03,0.1328291589531561,0.1307486511431596,0.1301674002641159,0.1348299036510272,0.0697784784008187,0.0004893689793604994,-0.002178799127372122,-0.00045858219405317535,-0.002024149429404598,0.012289331638632606,0.1307486511431596
1342,2015-12-04,0.1306955290688785,0.1326329745778584,0.1298424881010528,0.1351537045367008,0.0404788630098545,-0.0021336298842776213,0.001884323434698798,-0.00032491216306310133,0.000323800885673603,-0.0292996153909642,0.1326329745778584
1343,2015-12-07,0.1319874254183106,0.1324563268212858,0.1298424938044692,0.1358621817323161,0.0567257060794638,0.001291896349432109,-0.00017664775657258436,5.703416378066706e-09,0.0007084771956152869,0.016246843069609294,0.1324563268212858
1344,2015-12-08,0.1310674875974019,0.1349099920456952,0.1319444868392942,0.1355383510002954,0.0648676977930374,-0.0009199378209087117,0.0024536652244094015,0.0021019930348250004,-0.00032383073202069124,0.008141991713573604,0.1349099920456952
1345,2015-12-09,0.1343167780524834,0.1326526559049827,0.1314858709963542,0.1367326183536778,0.0572539244977798,0.003249290455081516,-0.002257336140712496,-0.00045861584293999114,0.0011942673533824055,-0.0076137732952576,0.1326526559049827
1346,2015-12-10,0.1322810551645734,0.1344388596300132,0.1318298000889873,0.1365706549823437,0.0506346874432577,-0.002035722887910013,0.001786203725030494,0.00034392909263308846,-0.0001619633713341173,-0.006619237054522102,0.1344388596300132
1347,2015-12-11,0.1321832410276303,0.1332219349296411,0.1304922692712765,0.1366921640688773,0.0354195209719218,-9.781413694309737e-05,-0.0012169247003721018,-0.0013375308177107914,0.00012150908653360548,-0.015215166471335896,0.1332219349296411
1348,2015-12-14,0.1332989145332781,0.132750784581087,0.1301864824727879,0.1360646314724456,0.0422781069972433,0.0011156735056478129,-0.00047115034855410576,-0.00030578679848858314,-0.0006275325964316958,0.006858586025321495,0.132750784581087
1349,2015-12-15,0.1330836149839161,0.1352044229061883,0.1325559675621276,0.1375422822048408,0.0642280583021079,-0.00021529954936200246,0.002453638325101315,0.002369485089339679,0.001477650732395197,0.0219499513048646,0.1352044229061883
1350,2015-12-16,0.1349822484664573,0.1355969645099136,0.132594132252179,0.1377648942637931,0.0707936481735197,0.0018986334825411844,0.00039254160372528824,3.81646900514121e-05,0.0002226120589522984,0.0065655898714118005,0.1355969645099136
1351,2015-12-17,0.1355499265297746,0.1335752125099142,0.1325941620844299,0.1377446946902553,0.0523060035324606,0.0005676780633173117,-0.002021751999999405,2.983225089181474e-08,-2.019957353779911e-05,-0.0184876446410591,0.1335752125099142
1352,2015-12-18,0.1325550874559387,0.1312393393558612,0.1301864622615757,0.1352751858615286,0.197813670952939,-0.0029948390738359087,-0.002335873154052981,-0.002407699822854187,-0.0024695088287267075,0.1455076674204784,0.1312393393558612
1353,2015-12-21,0.1318896092349363,0.1342033651536607,0.1306833332388298,0.1357407826254322,0.0645458146943761,-0.0006654782210023802,0.0029640257977994744,0.0004968709772540936,0.0004655967639036196,-0.1332678562585629,0.1342033651536607
1354,2015-12-22,0.1337882337471372,0.1355969645099136,0.1320590955682318,0.1373803127750129,0.0267988313167494,0.0018986245122008805,0.0013935993562529114,0.0013757623294020083,0.0016395301495806813,-0.037746983377626706,0.1355969645099136
1355,2015-12-23,0.1356673679418576,0.135930686293167,0.132785246738988,0.1399510335773698,0.0180419603506049,0.001879134194720411,0.0003337217832534156,0.0007261511707561952,0.0025707208023569017,-0.008756870966144501,0.135930686293167
1356,2015-12-24,0.135452046759421,0.1364410379001209,0.1331865184279792,0.1400724725400988,0.0152770670672323,-0.0002153211824366119,0.000510351606953896,0.000401271688991206,0.00012143896272900911,-0.002764893283372599,0.1364410379001209
1357,2015-12-28,0.135608632611337,0.136225108187224,0.1326705847703135,0.1392830379926793,0.0319572143081164,0.00015658585191599683,-0.00021592971289691176,-0.0005159336576657236,-0.0007894345474195041,0.016680147240884097,0.136225108187224
1358,2015-12-29,0.1363132701665551,0.1372065294448076,0.1342947806032037,0.1408821046906913,0.040941054125881,0.0007046375552181017,0.0009814212575836034,0.001624195832890224,0.0015990666980119916,0.0089838398177646,0.1372065294448076
1359,2015-12-30,0.136724368641474,0.1367943692790103,0.134141954409845,0.1410036132010352,0.0287466367342896,0.0004110984749189084,-0.0004121601657972873,-0.00015282619335871273,0.00012150851034389842,-0.012194417391591397,0.1367943692790103
1360,2015-12-31,0.1360197068922877,0.1361269795111197,0.1335878228309835,0.1400927313799087,0.0352461993034119,-0.0007046617491862917,-0.0006673897678906027,-0.0005541315788614998,-0.0009108818211264746,0.006499562569122298,0.1361269795111197
1361,2016-01-04,0.1331618857126646,0.1348314550323548,0.1321928737188883,0.1376434688657024,0.0901809148082732,-0.0028578211796231046,-0.001295524478764909,-0.0013949491120952007,-0.002449262514206324,0.0549347155048613,0.1348314550323548
1362,2016-01-05,0.1338470276422411,0.1349296464735114,0.1319445222672458,0.1383924737909803,0.0866525808421782,0.0006851419295764993,9.819144115660872e-05,-0.00024835145164250894,0.0007490049252779074,-0.003528333966095004,0.1349296464735114
1363,2016-01-06,0.1325355206934688,0.1306897416583272,0.1303966685712958,0.1337773015576185,0.0629446526138558,-0.0013115069487723008,-0.0042399048151842145,-0.00154785369594998,-0.004615172233361803,-0.023707928228322392,0.1306897416583272
1364,2016-01-07,0.1280530936177798,0.1294335081023226,0.127377549977647,0.132400901989038,0.073851537610802,-0.004482427075688994,-0.001256233556004599,-0.003019118593648812,-0.0013763995685804886,0.010906884996946198,0.1294335081023226
1365,2016-01-08,0.1294624179477256,0.1280594645430894,0.1267087335199173,0.1309637223964219,0.0691924860929994,0.0014093243299457825,-0.0013740435592332068,-0.000668816457729704,-0.0014371795926161057,-0.004659051517802604,0.1280594645430894
1366,2016-01-11,0.1287185907092658,0.1285894347121153,0.1256577522698047,0.1312268531234894,0.051352734355656,-0.0007438272384597822,0.0005299701690259229,-0.0010509812501126037,0.00026313072706748986,-0.017839751737343396,0.1285894347121153
1367,2016-01-12,0.1290317811029003,0.1290605402284891,0.1269953581482875,0.1318746010175494,0.0307357092157607,0.00031319039363450485,0.0004711055163737765,0.001337605878482806,0.0006477478940599968,-0.0206170251398953,0.1290605402284891
1368,2016-01-13,0.1288164656225102,0.12715652650023,0.1266896287625978,0.1309029928642149,0.0513774945940146,-0.00021531548039011028,-0.0019040137282591019,-0.000305729385689707,-0.0009716081533344967,0.020641785378253896,0.12715652650023
1369,2016-01-14,0.1272896920087104,0.1308467798192639,0.1282947348427251,0.1311863708473413,0.1025569072811607,-0.0015267736137997978,0.003690253319033915,0.0016051060801273165,0.00028337798312641493,0.0511794126871461,0.1308467798192639
1370,2016-01-15,0.1254889169511264,0.1267050933445445,0.1245494915484026,0.1288181268687538,0.0722462488238886,-0.0018007750575839976,-0.004141686474719408,-0.003745243294322506,-0.0023682439785875087,-0.0303106584572721,0.1267050933445445
1371,2016-01-19,0.1282097060436691,0.1262536243231147,0.125160968527137,0.1296885245421165,0.0380069658803915,0.002720789092542697,-0.0004514690214297845,0.0006114769787344126,0.0008703976733626939,-0.034239282943497096,0.1262536243231147
1372,2016-01-20,0.1256846268558385,0.1277061331642,0.1252946965779689,0.1295063167711286,0.1226003202324161,-0.002525079187830598,0.001452508841085276,0.00013372805083189387,-0.0001822077709879022,0.0845933543520246,0.1277061331642
1373,2016-01-21,0.1278182004015891,0.1268620866733008,0.1248169832821261,0.1302552572673554,0.0404871164226407,0.0021335735457505833,-0.0008440464908991974,-0.0004777132958427993,0.0007489404962268131,-0.08211320380977541,0.1268620866733008
1374,2016-01-22,0.1284837249556979,0.1277650336825963,0.125867974351189,0.1309030068100771,0.04107310873046,0.0006655245541088151,0.0009029470092955239,0.0010509910690628815,0.0006477495427217039,0.0005859923078193052,0.1277650336825963
1375,2016-01-25,0.1272701226314193,0.1269013596631891,0.1247023432368469,0.1306803376990222,0.0516498572159588,-0.001213602324278612,-0.0008636740194072068,-0.0011656311143420917,-0.00022266911105489617,0.010576748485498798,0.1269013596631891
1376,2016-01-26,0.1265263031161851,0.1278631623587006,0.1247978643714549,0.1304779104927468,0.0443414601937901,-0.0007438195152341953,0.0009618026955114933,9.552113460800649e-05,-0.00020242720627541844,-0.007308397022168699,0.1278631623587006
1377,2016-01-27,0.1276616099858962,0.1264695181702674,0.1249698601304898,0.1301742939015638,0.0651194268830161,0.0011353068697111113,-0.001393644188433213,0.0001719957590348986,-0.000303616591182998,0.020777966689225998,0.1264695181702674
1378,2016-01-28,0.1260173884538604,0.1284716695410669,0.1267660550401509,0.1303159871414097,0.051794291939717,-0.0016442215320358056,0.0020021513707995098,0.0017961949096610974,0.0001416932398459192,-0.013325134943299101,0.1284716695410669
1379,2016-01-29,0.1297364497207945,0.1314945330922103,0.1280081119632953,0.1336153910857055,0.0990946006173552,0.0037190612669341094,0.0030228635511433954,0.0012420569231444134,0.0032994039442957868,0.0473003086776382,0.1314945330922103
1380,2016-02-01,0.1299713149906509,0.1317496909628152,0.1291928188504029,0.1343035720810475,0.0884064310592429,0.000234865269856388,0.0002551578706048996,0.0011847068871075894,0.0006881809953420137,-0.010688169558112304,0.1317496909628152
1381,2016-02-02,0.1297951887430975,0.1298653585616803,0.127606853445369,0.1333320286300083,0.1479671844307621,-0.00017612624755339312,-0.0018843324011348916,-0.00158596540503389,-0.0009715434510392251,0.0595607533715192,0.1298653585616803
1382,2016-02-03,0.1303432115752538,0.1311215652183768,0.1280080851782038,0.1327854466537016,0.0658993743913108,0.0005480228321562974,0.0012562066566965124,0.00040123173283479474,-0.0005465819763066926,-0.0820678100394513,0.1311215652183768
1383,2016-02-04,0.1307738326794832,0.1312785764800053,0.1282373839183525,0.1342630870381469,0.0686601409682903,0.00043062110422939504,0.00015701126162848134,0.00022929874014868123,0.0014776403844453112,0.0027607665769795037,0.1312785764800053
1384,2016-02-05,0.1301474839303754,0.1285894347121153,0.1279316584199345,0.1317936178566032,0.0677976593321338,-0.0006263487491078024,-0.00268914176788998,-0.00030572549841798025,-0.0024694691815436987,-0.0008624816361565008,0.1285894347121153
1385,2016-02-08,0.1264480248606483,0.1259002839777893,0.1243201700817646,0.1286966674883395,0.0572250375530281,-0.0036994590697271013,-0.002689150734326018,-0.0036114883381699048,-0.0030969503682637123,-0.010572621779105701,0.1259002839777893
1386,2016-02-09,0.1245493519693203,0.125546961565336,0.1230972244056639,0.1282918319920808,0.0882661230418778,-0.0018986728913280015,-0.000353322412453283,-0.0012229456761007063,-0.0004048354962586931,0.031041085488849693,0.125546961565336
1387,2016-02-10,0.1256454953889652,0.1258806474828452,0.123422063015879,0.1291217377149934,0.1103893960152523,0.001096143419644896,0.00033368591750918,0.0003248386102151085,0.0008299057229126106,0.022123272973374505,0.1258806474828452
1388,2016-02-11,0.1234165038126873,0.1244360201390457,0.1220614541802427,0.1271978348196349,0.0828188706029943,-0.002228991576277886,-0.0014446273437994928,-0.0013606088356363094,-0.0019239028953585147,-0.027570525412258004,0.1244360201390457
1389,2016-02-12,0.1248965436862178,0.1262368481212698,0.1234292388431664,0.1283406196034969,0.0431942358165101,0.0014800398735305004,0.0018008279822241124,0.001367784662923699,0.0011427847838620109,-0.039624634786484196,0.1262368481212698
1390,2016-02-16,0.1267712968589939,0.1281168676666657,0.1258373604710076,0.130932366760033,0.0855548769416153,0.0018747531727761058,0.001880019545395878,0.0024081216278412088,0.002591747156536095,0.0423606411251052,0.1281168676666657
1391,2016-02-17,0.1280737292184214,0.1297593752875984,0.1264538124602255,0.1321975805387932,0.0988304914081972,0.00130243235942748,0.0016425076209327094,0.0006164519892178921,0.0012652137787602102,0.013275614466581903,0.1297593752875984
1392,2016-02-18,0.1293761518875145,0.1283345189352837,0.1265501282197527,0.1322791965542342,0.1406092669318763,0.0013024226690931118,-0.0014248563523147073,9.631575952720461e-05,8.16160154409884e-05,0.041778775523679104,0.1283345189352837
1393,2016-02-19,0.1294353540790353,0.1299968423798815,0.128438067758517,0.1338505435222789,0.3088798468166587,5.920219152080741e-05,0.0016623234445977964,0.0018879395387642883,0.0015713469680447012,0.1682705798847824,0.1299968423798815
1394,2016-02-22,0.1302247270706537,0.1308873708752511,0.1286114676521948,0.1340546374871426,0.2030257011274162,0.0007893729916183811,0.000890528495369608,0.00017339989367781694,0.00020409396486370524,-0.10585414568924251,0.1308873708752511
1395,2016-02-23,0.1297708573535795,0.1299770624219606,0.1275326357291074,0.1332995711609104,0.0544436374440831,-0.0004538697170742012,-0.000910308453290487,-0.0010788319230874144,-0.0007550663262322066,-0.1485820636833331,0.1299770624219606
1396,2016-02-24,0.1285078736152858,0.1312831493623895,0.1278601394125509,0.1328914256285436,0.0377015896073026,-0.0012629837382936993,0.0013060869404288855,0.000327503683443503,-0.0004081455323667882,-0.016742047836780502,0.1312831493623895
1397,2016-02-25,0.1308365352968466,0.1334798275632404,0.1299600375836929,0.1350750405720571,0.0403798220564203,0.0023286616815608174,0.002196678200850899,0.002099898171142006,0.00218361494351349,0.002678232449117704,0.1334798275632404
1398,2016-02-26,0.1334413805213883,0.1345088426633643,0.1313855816959377,0.1376666981240098,0.0760799590630725,0.0026048452245416853,0.0010290151001239034,0.0014255441122447976,0.002591657551952703,0.03570013700665219,0.1345088426633643
1399,2016-02-29,0.1339544635246796,0.134053688436719,0.1318094179556466,0.1380952564932288,0.0702860632871692,0.0005130830032913092,-0.00045515422664529903,0.00042383625970890404,0.00042855836921898427,-0.005793895775903293,0.134053688436719
1400,2016-03-01,0.1346254419170191,0.1365076047213378,0.1330809125449691,0.1382585320804563,0.0915303477988148,0.0006709783923395107,0.002453916284618801,0.0012714945893224916,0.00016327558722750712,0.021244284511645603,0.1365076047213378
1401,2016-03-02,0.1359673590560443,0.135399389091606,0.1327341499537883,0.1389115643898424,0.0559952790478863,0.0013419171390251783,-0.0011082156297317902,-0.0003467625911807992,0.0006530323093860979,-0.0355350687509285,0.135399389091606
1402,2016-03-03,0.1349016994906045,0.1359534700071638,0.1323680943351924,0.138931954279679,0.0591357026130304,-0.0010656595654398027,0.0005540809155577808,-0.00036605561859590074,2.0389889836602837e-05,0.0031404235651441015,0.1359534700071638
1403,2016-03-04,0.1362435958680172,0.1351816660914996,0.133003818046761,0.1388298949622501,0.1015128505637081,0.0013418963774127213,-0.0007718039156641987,0.0006357237115686143,-0.00010205931742890417,0.04237714795067769,0.1351816660914996
1404,2016-03-07,0.1343688756340934,0.1362305239145967,0.132772655152036,0.1388503267320886,0.0252017959426222,-0.0018747202339238211,0.0010488578230971046,-0.00023116289472499552,2.043176983851369e-05,-0.0763110546210859,0.1362305239145967
1405,2016-03-08,0.1350201186133908,0.1340339264116703,0.1325992961435084,0.1381769040662307,0.0702901899935623,0.0006512429792974173,-0.0021965975029263896,-0.0001733590085276071,-0.0006734226658579034,0.0450883940509401,0.1340339264116703
1406,2016-03-09,0.1340728708093015,0.1346869429825766,0.1316938272604333,0.1383401407884651,0.0535068750928508,-0.0009472478040893073,0.0006530165709063007,-0.0009054688830751056,0.00016323672223439445,-0.016783314900711506,0.1346869429825766
1407,2016-03-10,0.1344478106160894,0.1359534700071638,0.1332542710637458,0.1390339807418875,0.0771116356613459,0.00037493980678790506,0.001266527024587183,0.0015604438033124945,0.0006938399534223982,0.023604760568495108,0.1359534700071638
1408,2016-03-11,0.136164693226292,0.13698254787234,0.1337166535588303,0.1403400565899395,0.0595855136098776,0.0017168826102025858,0.0010290778651761978,0.00046238249508451235,0.0013060758480520074,-0.017526122051468307,0.13698254787234
1409,2016-03-14,0.1361055275502559,0.1376554161326556,0.1341212450563001,0.1407482443155691,0.051530182730559,-5.916567603608813e-05,0.0006728682603156233,0.0004045914974697973,0.0004081877256295885,-0.008055330879318597,0.1376554161326556
1410,2016-03-15,0.1366185512976349,0.1378928294263224,0.1347376526460368,0.1412787678955841,0.0502756639870586,0.0005130237473789934,0.00023741329366677721,0.0006164075897366894,0.0005305235800150132,-0.0012545187435004032,0.1378928294263224
1411,2016-03-16,0.1369935316455658,0.1388229806025861,0.1353541678785121,0.1410543336325981,0.0369670358693319,0.0003749803479309033,0.000930151176263716,0.0006165152324753009,-0.00022443426298601743,-0.0133086281177267,0.1388229806025861
1412,2016-03-17,0.1390655742179049,0.1402279942319275,0.1367026603244825,0.1431562330853589,0.0313794754130833,0.0020720425723391167,0.001405013629341395,0.0013484924459704062,0.0021018994527608192,-0.0055875604562486,0.1402279942319275
1413,2016-03-18,0.1402693787799509,0.1408612846435293,0.1374154894796784,0.1442174281008686,0.0615085587890592,0.0012038045620459958,0.000633290411601789,0.0007128291551959098,0.0010611950155096916,0.030129083375975897,0.1408612846435293
1414,2016-03-21,0.1401114774782693,0.1410195781055125,0.1373961955343018,0.1444214702736375,0.0148850299598884,-0.0001579013016816122,0.00015829346198320549,-1.9293945376613886e-05,0.0002040421727688979,-0.0466235288291708,0.1410195781055125
1415,2016-03-22,0.1406837913930768,0.1413758146096813,0.1378778395584524,0.1448704568619775,0.020513857480068,0.0005723139148074985,0.0003562365041687998,0.0004816440241506015,0.00044898658834000016,0.0056288275201795985,0.1413758146096813
1416,2016-03-23,0.1412363152874473,0.1405050481393605,0.1378778140756363,0.1448092110955134,0.0212484112180386,0.0005525238943704935,-0.0008707664703208051,-2.5482816107258444e-08,-6.124576646410196e-05,0.0007345537379706002,0.1405050481393605
1417,2016-03-24,0.1399339275104398,0.1401093144844023,0.1366063961729024,0.1430746557567918,0.0365708720555949,-0.001302387777007502,-0.00039573365495818025,-0.0012714179027338846,-0.001734555338721605,0.015322460837556302,0.1401093144844023
1418,2016-03-28,0.1400325365154824,0.1402279942319275,0.1372998628540853,0.1445847280832476,0.0260849111107442,9.860900504260472e-05,0.00011867974752519106,0.0006934666811828916,0.001510072326455808,-0.0104859609448507,0.1402279942319275
1419,2016-03-29,0.1400325568910201,0.1431964315162623,0.1394768092430817,0.1444010921244585,0.0398763638764629,2.0375537701511348e-08,0.002968437284334796,0.0021769463889964036,-0.00018363595878909122,0.0137914527657187,0.1431964315162623
1420,2016-03-30,0.1431110180331683,0.1435921741376566,0.1409986869050889,0.1477478242442134,0.0503664515277067,0.0030784611421482144,0.0003957426213943016,0.0015218776620072039,0.0033467321197548916,0.010490087651243797,0.1435921741376566
1421,2016-03-31,0.1434662982827988,0.144086977944504,0.140574926268974,0.146768342888676,0.0393687789901124,0.0003552802496304963,0.0004948038068474103,-0.000423760636114906,-0.0009794813555374093,-0.010997672537594295,0.144086977944504
1422,2016-04-01,0.143545150522094,0.1445618493640178,0.1411335217571941,0.147727394108155,0.0365089714596985,7.885223929518514e-05,0.0004748714195138004,0.0005585954882200983,0.0009590512194790068,-0.0028598075304138992,0.1445618493640178
1423,2016-04-04,0.1443740129056346,0.1441265019946016,0.141075752074016,0.1480743353068907,0.0355515755765008,0.0008288623835406017,-0.0004353473694161947,-5.776968317811049e-05,0.00034694119873571183,-0.0009573958831977022,0.1441265019946016
1424,2016-04-05,0.1430912854439358,0.143216175608439,0.1405363131448199,0.1474825115200221,0.0279543091068156,-0.0012827274616988016,-0.0009103263861626187,-0.0005394389291960844,-0.0005918237868686171,-0.007597266469685199,0.143216175608439
1425,2016-04-06,0.1410981725321119,0.1439484016753893,0.1402859025556762,0.1459111941849468,0.0465987685908123,-0.0019931129118238855,0.0007322260669503089,-0.0002504105891437125,-0.0015713173350752896,0.0186444594839967,0.1439484016753893
1426,2016-04-07,0.1430518176630699,0.142701654608723,0.1400354488228793,0.1465233971272838,0.0508781631204503,0.0019536451309579983,-0.0012467470666663039,-0.0002504537327968903,0.0006122029423369924,0.004279394529637999,0.142701654608723
1427,2016-04-08,0.1429531875039119,0.1426225258106034,0.1400932709402441,0.1467070857273954,0.025102754989188,-9.863015915800855e-05,-7.912879811960982e-05,5.7822117364797476e-05,0.00018368860011161448,-0.0257754081312623,0.1426225258106034
1428,2016-04-11,0.14293343811938,0.1428204060877366,0.1400547222754202,0.1472376648036028,0.0934286327396378,-1.97493845318919e-05,0.00019788027713321665,-3.8548664823889744e-05,0.0005305790762074047,0.0683258777504498,0.1428204060877366
1429,2016-04-12,0.1425190380113863,0.1427808461718949,0.1394960695201202,0.1462989499279255,0.0494833363595846,-0.0004144001079937065,-3.95599158417026e-05,-0.0005586527553000098,-0.0009387148756773156,-0.043945296380053206,0.1427808461718949
1430,2016-04-13,0.1425190437512399,0.1442650603308442,0.1404593127302937,0.1473193139650661,0.0228413198857727,5.739853592423572e-09,0.0014842141589493096,0.0009632432101734922,0.001020364037140592,-0.0266420164738119,0.1442650603308442
1431,2016-04-14,0.1428347729063604,0.1434536785664663,0.1400547329254738,0.1467887159476323,0.0215249005463759,0.00031572915512051436,-0.000811381764377922,-0.0004045798048198934,-0.0005305980174337976,-0.0013164193393968016,0.1434536785664663
1432,2016-04-15,0.1431702676130486,0.14353284323033,0.1399006310347835,0.1466866790963114,0.020381802875489,0.0003354947066881997,7.916466386370669e-05,-0.00015410189069028912,-0.00010203685132090246,-0.0011430976708868973,0.14353284323033
1433,2016-04-18,0.1431307684498649,0.1439681905997462,0.140401481718921,0.1474621378453942,0.0218632904706095,-3.9499163183714936e-05,0.0004353473694161947,0.0005008506841374938,0.0007754587490828024,0.001481487595120498,0.1439681905997462
1434,2016-04-19,0.1438412141197072,0.1447004256331326,0.1411528254817708,0.1482784480777774,0.0271207144154107,0.0007104456698423245,0.0007322350333864025,0.0007513437628497988,0.0008163102323832105,0.0052574239448012,0.1447004256331326
1435,2016-04-20,0.1438609542000852,0.1444035828013427,0.1406519543445084,0.147054007783345,0.0261756986513923,1.9740080378000124e-05,-0.00029684283178990634,-0.0005008711372624097,-0.0012244402944324162,-0.0009450157640184011,0.1444035828013427
1436,2016-04-21,0.1440582770943353,0.142464196482876,0.141769284763673,0.1463193342459868,0.0444858949175484,0.00019732289425009042,-0.0019393863184666849,0.0011173304191646194,-0.000734673537358177,0.018310196266156105,0.142464196482876
1437,2016-04-22,0.1421835674565701,0.1422861140965358,0.1398043018647084,0.1462377350859215,0.0305954011983955,-0.001874709637765204,-0.0001780823863402059,-0.001964982898964601,-8.159916006530987e-05,-0.013890493719152904,0.1422861140965358
1438,2016-04-25,0.1416507581267778,0.1416726484750352,0.1388025583412779,0.1456867509164106,0.0242774137105693,-0.0005328093297922998,-0.0006134656215006085,-0.0010017435234305205,-0.0005509841695109097,-0.0063179874878262,0.1416726484750352
1439,2016-04-26,0.1414533901273171,0.1421673536510861,0.1392648779395419,0.1459520066178065,0.0440979845165976,-0.00019736799946068473,0.000494705176050908,0.0004623195982640105,0.0002652557013959056,0.0198205708060283,0.1421673536510861
1440,2016-04-27,0.1406047758470577,0.1429391037681339,0.1392840960727933,0.1454009671690245,0.0512825803469734,-0.0008486142802594243,0.0007717501170478036,1.921813325139743e-05,-0.000551039448781987,0.007184595830375805,0.1429391037681339
1441,2016-04-28,0.1420256797273298,0.1401488385344998,0.1386484079789007,0.1443194446054347,0.0613104768821907,0.0014209038802721063,-0.0027902652336340983,-0.0006356880938925835,-0.0010815225635898151,0.010027896535217296,0.1401488385344998
1442,2016-04-29,0.1393418303595824,0.1384073504260384,0.1361439624577088,0.1419113759102645,0.0366080124131328,-0.002683849367747404,-0.001741488108461392,-0.002504445521191917,-0.0024080686951701846,-0.024702464469057897,0.1384073504260384
1443,2016-05-02,0.1387696038657599,0.1386646692077307,0.1354890282043744,0.1423195759484501,0.0359724996285964,-0.0005722264938224919,0.0002573187816923006,-0.0006549342533344049,0.00040820003818559103,-0.0006355127845363989,0.1386646692077307
1444,2016-05-03,0.1381380810058048,0.1377938937709738,0.1348532536474089,0.141584880899217,0.0364346907446229,-0.0006315228599551026,-0.0008707754367568987,-0.0006357745569654794,-0.0007346950492330973,0.00046219111602649465,0.1377938937709738
1445,2016-05-04,0.1365199087962704,0.1367450718136209,0.1345065034492809,0.1408706500119461,0.017868638682095,-0.001618172209534391,-0.0010488219573529245,-0.00034675019812802077,-0.0007142308872709058,-0.018566052062527896,0.1367450718136209
1446,2016-05-05,0.1363422513027559,0.1373189237206635,0.134140425606609,0.1409522355244668,0.0463305326752612,-0.00017765749351450477,0.0005738519070426218,-0.0003660778426718969,8.158551252071544e-05,0.0284618939931662,0.1373189237206635
1447,2016-05-06,0.1365396382372034,0.1372595928133369,0.1337359017896393,0.1406461609103946,0.0323740116538188,0.00019738693444748545,-5.933090732659907e-05,-0.0004045238169697041,-0.00030607461407219927,-0.013956521021442403,0.1372595928133369
1448,2016-05-09,0.1366580423960359,0.1368242275110486,0.1340248808090472,0.1407482079987543,0.0169194962116835,0.00011840415883251909,-0.0004353653022882986,0.0002889790194079145,0.00010204708835967469,-0.015454515442135299,0.1368242275110486
1449,2016-05-10,0.1370526995051348,0.1382292590732621,0.134583543561319,0.1410543009269175,0.0282019114904012,0.0003946571090988893,0.001405031562213499,0.000558662752271788,0.00030609292816322076,0.011282415278717699,0.1382292590732621
1450,2016-05-11,0.1375658166651677,0.1379324431407804,0.1347954850698376,0.1419930580385869,0.0579389577590333,0.000513117160032911,-0.0002968159324817088,0.00021194150851860938,0.0009387571116693805,0.029737046268632102,0.1379324431407804
1451,2016-05-12,0.1382220570378244,0.1372146530358667,0.1350322864955091,0.1408192364194393,0.0283628530397319,0.0006562403726566857,-0.0007177901049137125,0.00023680142567150675,-0.0011738216191475859,-0.029576104719301402,0.1372146530358667
1452,2016-05-13,0.1365121850079874,0.1367760060179849,0.1337124318251497,0.1407164386245739,0.0263861606774401,-0.0017098720298369952,-0.0004386470178817936,-0.001319854670359416,-0.0001027977948654113,-0.0019766923622917994,0.1367760060179849
1453,2016-05-16,0.1354385244842101,0.1353803264485689,0.1322955306948244,0.1384136385330799,0.0707317475776233,-0.0010736605237773034,-0.0013956795694159974,-0.0014169011303253043,-0.0023028000914940006,0.0443455869001832,0.1353803264485689
1454,2016-05-17,0.1348818374857251,0.1351211516146148,0.1324508266531258,0.138989363787917,0.0563336689721199,-0.0005566869984849898,-0.0002591748339541011,0.00015529595830141019,0.000575725254837095,-0.014398078605503392,0.1351211516146148
1455,2016-05-18,0.1348023121127659,0.1359984277175062,0.1332272027528066,0.1394005746941136,0.0340453277430217,-7.952537295921602e-05,0.0008772761028914,0.0007763760996808144,0.00041121090619661294,-0.022288341229098202,0.1359984277175062
1456,2016-05-19,0.1351999868453693,0.1353404975396458,0.1324702643835135,0.1392566863271672,0.029250094914247,0.00039767473260340913,-0.0006579301778603941,-0.0007569383692931086,-0.00014388836694639862,-0.004795232828774702,0.1353404975396458
1457,2016-05-20,0.1360747478337117,0.1387498593166184,0.1353816317983813,0.1405724914392252,0.0421254188606989,0.0008747609883424101,0.003409361776972597,0.002911367414867805,0.001315805112058005,0.0128753239464519,0.1387498593166184
1458,2016-05-23,0.138400994445301,0.1390688940776259,0.1358668866579953,0.1429369591020218,0.0358363183176243,0.0023262466115892833,0.00031903476100750283,0.0004852548596139816,0.0023644676627966044,-0.006289100543074598,0.1390688940776259
1459,2016-05-24,0.1391763974926242,0.1415412184554503,0.1379631151034099,0.1438416210878997,0.0389726151763754,0.0007754030473232087,0.0024723243778244086,0.0020962284454145996,0.0009046619858778804,0.0031362968587511017,0.1415412184554503
1460,2016-05-25,0.14118449067355,0.143016627574201,0.139302336986357,0.1460004567378986,0.0292707284462125,0.0020080931809257907,0.0014754091187506868,0.0013392218829471059,0.0021588356499989136,-0.009701886730162902,0.143016627574201
1461,2016-05-26,0.1425166024934029,0.1433954415643375,0.1397293482632843,0.1470901620141243,0.0188673016292236,0.0013321118198529047,0.0003788139901365062,0.00042701127692729157,0.0010897052762257053,-0.0104034268169889,0.1433954415643375
1462,2016-05-27,0.142973989729498,0.1455289153574893,0.1419615356695141,0.1478509976737622,0.0248056321288852,0.0004573872360951192,0.002133473793151791,0.002232187406229824,0.0007608356596378874,0.005938330499661599,0.1455289153574893
1463,2016-05-31,0.1447633743794637,0.1454092762013069,0.1418644674716434,0.1491462921278109,0.0477501196744854,0.0017893846499656973,-0.00011963915618240506,-9.706819787069776e-05,0.00129529445404869,0.0229444875456002,0.1454092762013069
1464,2016-06-01,0.1448031361590266,0.1458080225787771,0.1420585637232995,0.1491668453224201,0.0385764513626384,3.9761779562885735e-05,0.00039874637747019936,0.00019409625165608957,2.0553194609224112e-05,-0.009173668311846996,0.1458080225787771
1465,2016-06-02,0.1451013571727409,0.146087138766501,0.142951384670851,0.1495780324272868,0.063130354401545,0.0002982210137142949,0.00027911618772391567,0.0008928209475514981,0.0004111871048666782,0.024553903038906602,0.146087138766501
1466,2016-06-03,0.1453995498064404,0.1457481626517237,0.142097329748755,0.1493518338496352,0.0269886598108317,0.0002981926336995122,-0.00033897611477731737,-0.0008540549220960036,-0.00022619857765157625,-0.03614169459071331,0.1457481626517237
1467,2016-06-06,0.1450018770759011,0.1450303546139379,0.1422913909165413,0.1494340449637698,0.030925537709843,-0.0003976727305393113,-0.0007178080377857887,0.000194061167786308,8.221111413458937e-05,0.003936877899011301,0.1450303546139379
1468,2016-06-07,0.1445445633363332,0.1454689836989475,0.1420196453264468,0.1494545961112449,0.0260353906340271,-0.0004573137395678939,0.0004386290850096064,-0.0002717455900945187,2.0551147475095233e-05,-0.0048901470758159,0.1454689836989475
1469,2016-06-08,0.1453002134240924,0.1459077383140618,0.1424467671981411,0.1497014276586294,0.024487875736617,0.0007556500877592132,0.00043875461511430625,0.0004271218716943026,0.00024683154738450175,-0.001547514897410101,0.1459077383140618
1470,2016-06-09,0.1452405451960805,0.1463662997864051,0.1425631966541035,0.1493107634293814,0.019234578498209,-5.966822801189986e-05,0.0004585614723432996,0.00011642945596240795,-0.0003906642292479945,-0.005253297238407999,0.1463662997864051
1471,2016-06-10,0.1453796774285705,0.144890818936166,0.1419226499507379,0.1491873447006929,0.0295926115448738,0.00013913223248998574,-0.0014754808502391026,-0.0006405467033656076,-0.00012341872868851245,0.0103580330466648,0.144890818936166
1472,2016-06-13,0.1438686195266369,0.1445718200409027,0.1416509215468392,0.1485705419594712,0.0324565457816807,-0.0015110579019335935,-0.0003189988952633227,-0.00027172840389869113,-0.0006168027412216948,0.0028639342368069025,0.1445718200409027
1473,2016-06-14,0.1440277471722601,0.1448111342190116,0.1412045593196658,0.1483650068363799,0.0209677951833082,0.0001591276456232027,0.00023931417810890698,-0.0004463622271733969,-0.00020553512309129385,-0.011488750598372503,0.1448111342190116
1474,2016-06-15,0.1452603842568614,0.1453693576280233,0.142058527161022,0.149310730163233,0.023031148379855,0.0012326370846013068,0.00055822340901171,0.0008539678413561902,0.0009457233268531096,0.0020633531965468,0.1453693576280233
1475,2016-06-16,0.1445247953381664,0.1451301420807109,0.1417286005866482,0.1486528425356898,0.0245167626813687,-0.0007355889186950182,-0.00023921554731240469,-0.0003299265743737789,-0.0006578876275432077,0.0014856143015136991,0.1451301420807109
1476,2016-06-17,0.1447235527186095,0.1456085911082077,0.1417479525200224,0.1489200592475019,0.0706038196794374,0.0001987573804431153,0.0004784490274968023,1.9351933374184282e-05,0.00026721671181209605,0.0460870569980687,0.1456085911082077
1477,2016-06-20,0.1457375854207353,0.1468447936460821,0.143650123797826,0.150667732915114,0.0413165844076525,0.0010140327021258,0.0012362025378744035,0.0019021712778035937,0.0017476736676121096,-0.029287235271784895,0.1468447936460821
1478,2016-06-21,0.1466322455953989,0.1472634544780139,0.1437277253490387,0.1514490034712995,0.0508740364140572,0.0008946601746635807,0.0004186608319317886,7.760155121269707e-05,0.0007812705561854871,0.009557452006404704,0.1472634544780139
1479,2016-06-22,0.1470498351337236,0.1481408023123936,0.1445429840957957,0.1518397074951596,0.0545137914527657,0.0004175895383247141,0.0008773478343797048,0.0008152587467570027,0.00039070402386010006,0.003639755038708496,0.1481408023123936
1480,2016-06-23,0.1488790019217528,0.1492373884745718,0.1459016418957612,0.1533200644409171,0.0675748171869067,0.0018291667880291906,0.001096586162178198,0.0013586577999655236,0.0014803569457574883,0.013061025734140995,0.1492373884745718
1481,2016-06-24,0.1450814364070068,0.1446515675231095,0.1445235199452034,0.1490639834582005,0.0779245968207854,-0.0037975655147459986,-0.004585820951462288,-0.001378121950557809,-0.004256080982716598,0.010349779633878703,0.1446515675231095
1482,2016-06-27,0.1435306457319952,0.1420994956630783,0.1401758132377313,0.1459388167456317,0.0509895841930638,-0.0015507906750115985,-0.002552071860031202,-0.004347706707472115,-0.0031251667125687943,-0.026935012627721598,0.1420994956630783
1483,2016-06-28,0.1423774671073892,0.1435350489735977,0.1401369867828898,0.1471107686728482,0.0892812928145788,-0.0011531786246060105,0.001435553310519394,-3.882645484148961e-05,0.0011719519272165024,0.03829170862151501,0.1435350489735977
1484,2016-06-29,0.143749374241965,0.1437145211575252,0.1419615100486571,0.1471107896927179,0.0782588600386259,0.0013719071345758005,0.0001794721839274982,0.0018245232657672916,2.1019869705929395e-08,-0.011022432775952912,0.1437145211575252
1485,2016-06-30,0.1438885466227568,0.1460472829582697,0.1421750129775149,0.1480771191415063,0.0750895495287301,0.00013917238079180771,0.0023327618007444872,0.00021350292885780053,0.0009663294487884111,-0.003169310509895787,0.1460472829582697
1486,2016-07-01,0.145141089226795,0.144551878687133,0.1419032414753518,0.1490023127658197,0.0453401231409187,0.0012525426040382037,-0.0014954042711366744,-0.00027177150216309287,0.0009251936243133974,-0.029749426387811403,0.144551878687133
1487,2016-07-05,0.1436101655326128,0.1437743003866542,0.1404475346876386,0.147378037532512,0.0505108862514649,-0.0015309236941822013,-0.0007775783004788095,-0.0014557067877132013,-0.0016242752333077148,0.005170763110546199,0.1437743003866542
1488,2016-07-06,0.1430733244521243,0.1440733668945839,0.1404086981186171,0.1470285023124569,0.078217592974695,-0.0005368410804884871,0.00029906650792968503,-3.883656902151089e-05,-0.0003495352200550972,0.02770670672323009,0.1440733668945839
1489,2016-07-07,0.1434710004204738,0.1440335021199165,0.1414956629169011,0.1482004737803428,0.0781474389660124,0.0003976759683494979,-3.986477466738636e-05,0.001086964798284018,0.0011719714678858906,-7.015400868259913e-05,0.1440335021199165
1490,2016-07-08,0.1439680744131203,0.1470441892509073,0.1434366338116891,0.148735052784978,0.0346354467572341,0.0004970739926464796,0.0030106871309907857,0.0019409708947880078,0.0005345790046352161,-0.04351199220877829,0.1470441892509073
1491,2016-07-11,0.146174954936274,0.148300243478191,0.1447176114490274,0.1511611515012957,0.0231425694524685,0.002206880523153709,0.001256054227283726,0.001280977637338282,0.0024260987163176873,-0.011492877304765604,0.148300243478191
1492,2016-07-12,0.1487199168266934,0.1502143175476955,0.1462898046989429,0.1534228344427926,0.0238771231904392,0.0025449618904193894,0.0019140740695044733,0.0015721932499155045,0.0022616829414968953,0.0007345537379707008,0.1502143175476955
1493,2016-07-13,0.1501912318871965,0.1506330590775517,0.1472991204992733,0.1549649026417397,0.0224162691272841,0.0014713150605031033,0.0004187415298562147,0.001009315800330396,0.0015420681989471163,-0.0014608540631551002,0.1506330590775517
1494,2016-07-14,0.151105788792455,0.149975066134639,0.1477066909369222,0.1539368452665198,0.0765173899407404,0.0009145569052585178,-0.0006579929429126885,0.0004075704376489131,-0.0010280573752199096,0.05410112081345629,0.149975066134639
1495,2016-07-15,0.1498731204337366,0.1497956567157637,0.146697442053456,0.1541219261073186,0.0678389263960647,-0.0012326683587184084,-0.0001794094188753148,-0.0010092488834662072,0.00018508084079879583,-0.00867846354467569,0.1497956567157637
1496,2016-07-18,0.149733913584038,0.1513906870578246,0.1473767430734825,0.1545742288137706,0.0372971723807794,-0.0001392068496985921,0.0015950303420609047,0.0006793010200265015,0.0004523027064519958,-0.030541754015285305,0.1513906870578246
1497,2016-07-19,0.1505093901230627,0.1514306235639804,0.1478620471621681,0.1554584017611218,0.0268359716742873,0.0007754765390246832,3.993650615580213e-05,0.00048530408868560637,0.0008841729473512139,-0.010461200706492098,0.1514306235639804
1498,2016-07-20,0.1511057874136214,0.1528660961765753,0.1492594596916765,0.1558900898418989,0.0242113864082798,0.0005963972905587145,0.0014354726125948847,0.0013974125295083961,0.00043168808077709286,-0.0026245852660074995,0.1528660961765753
1499,2016-07-21,0.1520402530645589,0.151011837201944,0.1485024817194392,0.1554788781850128,0.0195482081840841,0.0009344656509374938,-0.0018542589746312899,-0.0007569779722373104,-0.00041121165688609573,-0.004663178224195701,0.151011837201944
1500,2016-07-22,0.1505490719311896,0.1516498529253428,0.147900769990671,0.1554994215874322,0.0183803502748386,-0.001491181133369296,0.0006380157233988049,-0.0006017117287681895,2.0543402419415102e-05,-0.0011678579092454996,0.1516498529253428
1501,2016-07-25,0.1512847542476134,0.1525072414730807,0.1484636933765873,0.1561985353545112,0.0142288836433865,0.0007356823164237913,0.0008573885477378973,0.0005629233859162919,0.0006991137670789849,-0.0041514666314521,0.1525072414730807
1502,2016-07-26,0.1527361687026762,0.1535041477657183,0.1499582341907349,0.1569798272965759,0.022853700004952,0.001451414455062805,0.0009969062926376004,0.001494540814147599,0.0007812919420646935,0.008624816361565502,0.1535041477657183
1503,2016-07-27,0.153054292397775,0.1535240891194881,0.1500746857140457,0.157534969913534,0.0202868886284478,0.0003181236950987876,1.9941353769786785e-05,0.000116451523310801,0.0005551426169581042,-0.0025668113765042015,0.1535240891194881
1504,2016-07-28,0.1538495609852045,0.1544212886432771,0.1511033769951552,0.1580695196180936,0.039042769185058,0.0007952685874295096,0.0008971995237889996,0.001028691281109495,0.0005345497045596004,0.0187558805566102,0.1544212886432771
1505,2016-07-29,0.1534917344012143,0.1509521028049953,0.1502105942630168,0.1551499817665577,0.0596845545633119,-0.00035782658399019507,-0.003469185838281791,-0.0008927827321383863,-0.002919537851535897,0.020641785378253896,0.1509521028049953
1506,2016-08-01,0.1503502640228988,0.152686659858392,0.1486383546968347,0.1553966411213044,0.0314950231920899,-0.0031414703783154974,0.0017345570533967014,-0.0015722395661821043,0.0002466593547467144,-0.028189531371222,0.152686659858392
1507,2016-08-02,0.1519806314680768,0.1509719903601487,0.1484830904877102,0.1550676812527396,0.0360220201053135,0.0016303674451779993,-0.0017146694982433097,-0.00015526420912451155,-0.00032895986856482096,0.004526996913223606,0.1509719903601487
1508,2016-08-03,0.150310507993232,0.151709694919524,0.1477067065219906,0.1553555289581604,0.0412629372245423,-0.001670123474844798,0.0007377045593753018,-0.0007763839657195792,0.00028784770542081284,0.005240917119228798,0.151709694919524
1509,2016-08-04,0.1510063475536053,0.1531252799769656,0.1490847442121312,0.1561573485017261,0.0165645994618774,0.000695839560373307,0.001415585057441604,0.0013780376901405822,0.0008018195435657016,-0.0246983377626649,0.1531252799769656
1510,2016-08-05,0.1529748038810624,0.1547802330111322,0.1506764192477875,0.1579051045678366,0.0177943579670193,0.0019684563274570965,0.0016549530341666008,0.001591675035656298,0.0017477560661104952,0.0012297585051419015,0.1547802330111322
1511,2016-08-08,0.1543069237382033,0.1535640076927717,0.150676425169133,0.1583574299272245,0.0213309453459005,0.0013321198571408788,-0.001216225318360492,5.921345497261754e-09,0.00045232535938791174,0.003536587378881198,0.1535640076927717
1512,2016-08-09,0.1532928675860277,0.1543415590939423,0.1504434688410536,0.1578228130840839,0.0111379805549594,-0.0010140561521755909,0.0007775514011705842,-0.0002329563280793756,-0.0005346168431406007,-0.0101929647909411,0.1543415590939423
1513,2016-08-10,0.1520005185663892,0.13851063480287,0.1483860520974634,0.1420734275161075,0.3041093742262425,-0.0012923490196385112,-0.0158309242910723,-0.0020574167435902235,-0.01574938556797642,0.2929713936712831,0.13851063480287
1514,2016-08-11,0.1399455779602617,0.1356178742387764,0.1372044536289649,0.1385460232433124,0.1412777933675575,-0.012054940606127496,-0.0028927605640935994,-0.011181598468498477,-0.003527404272795104,-0.16283158085868502,0.1356178742387764
1515,2016-08-12,0.136159463987476,0.1371646741213376,0.1339972541896664,0.1392710696884346,0.1195052904375959,-0.003786113972785693,0.0015467998825612062,-0.003207199439298508,0.0007250464451222238,-0.021772502929961593,0.1371646741213376
1516,2016-08-15,0.136780466826261,0.1394949611857329,0.1359333091716418,0.1411976293027951,0.0834131163235998,0.0006210028387849953,0.002330287064395309,0.0019360549819753825,0.0019265596143605013,-0.03609217411399611,0.1394949611857329
1517,2016-08-16,0.1384431632978751,0.1389927600691463,0.1356790850272787,0.1427927378088533,0.0502797906934517,0.0016626964716141002,-0.0005022011165866092,-0.0002542241443630744,0.0015951085060581793,-0.0331333256301481,0.1389927600691463
1518,2016-08-17,0.1383830679057628,0.1398967382185872,0.1365982154975796,0.1422127021138946,0.0431075749822551,-6.0095392112297086e-05,0.0009039781494409038,0.0009191304703008996,-0.0005800356949586805,-0.007172215711196597,0.1398967382185872
1519,2016-08-18,0.1393045278395386,0.1400775195021777,0.1366568577644356,0.143766348899494,0.0250903748700087,0.0009214599337757923,0.00018078128359050316,5.86422668559794e-05,0.001553646785599383,-0.0180172001122464,0.1400775195021777
1520,2016-08-19,0.1400256961224118,0.1425283154670519,0.1391209142463998,0.1447399900573885,0.0675252967101896,0.0007211682828732191,0.002450795964874214,0.002464056481964211,0.0009736411578945003,0.0424349218401809,0.1425283154670519
1521,2016-08-22,0.1418286141821323,0.14166451591754,0.1392773742206171,0.145734339939443,0.0415765669104174,0.001802918059720493,-0.0008637995495119066,0.00015645997421728786,0.0009943498820544905,-0.025948729799772204,0.14166451591754
1522,2016-08-23,0.1417484801288968,0.13670265160468,0.1391209201513526,0.1402654161298853,0.1007659167065581,-8.013405323550882e-05,-0.004961864312859998,-0.00015645406926448335,-0.005468923809557685,0.059189349796140704,0.13670265160468
1523,2016-08-24,0.1362195806393259,0.1349348649392911,0.1332541558125838,0.1388360505783138,0.054571565342269,-0.005528899489570888,-0.001767786665388904,-0.005866764338768815,-0.0014293655515714987,-0.0461943513642891,0.1349348649392911
1524,2016-08-25,0.1346370231203292,0.1351960213556118,0.1319439070107723,0.1387324771650296,0.0563543025040854,-0.0015825575189966912,0.00026115641632068476,-0.0013102488018114922,-0.0001035734132842081,0.0017827371618164,0.1351960213556118
1525,2016-08-26,0.1347772418523552,0.1356379500890869,0.1322763477866279,0.1385667415719335,0.0578069031544543,0.0001402187320259929,0.00044192873347512207,0.0003324407758555914,-0.0001657355930961002,0.001452600650368903,0.1356379500890869
1526,2016-08-29,0.1373814365291439,0.1380686702036507,0.1363830822806444,0.1414876413953754,0.0811970749905085,0.0026041946767886848,0.0024307201145638,0.004106734494016523,0.0029208998234419026,0.0233901718360542,0.1380686702036507
1527,2016-08-30,0.1379623752291029,0.1373253885210538,0.1349946132247478,0.1409283115179037,0.0465740083524537,0.0005809386999590105,-0.000743281682596908,-0.001388469055896624,-0.0005593298774717037,-0.034623066638054804,0.1373253885210538
1528,2016-08-31,0.1364599544705973,0.1391333627528077,0.1355617379751571,0.1407418794821726,0.1167857909245473,-0.001502420758505596,0.0018079742317538838,0.0005671247504093202,-0.0001864320357310989,0.0702117825720936,0.1391333627528077
1529,2016-09-01,0.1393446216659016,0.1421064894831954,0.1383973703821379,0.1436420815675573,0.07985176870636,0.002884667195304308,0.002973126730387715,0.002835632406980787,0.0029002020853847177,-0.0369340222181873,0.1421064894831954
1530,2016-09-02,0.1422292836023786,0.1410217121172919,0.1391600724888542,0.1449264625777694,0.0351760452947293,0.00288466193647699,-0.001084777365903511,0.0007627021067163064,0.0012843810102120823,-0.0446757234116307,0.1410217121172919
1531,2016-09-06,0.1411475013251873,0.1417046945174691,0.1381235593516787,0.1428134394540674,0.0486497416681797,-0.001081782277191301,0.0006829824001771956,-0.0010365131371755099,-0.0021130231237019848,0.013473696373450403,0.1417046945174691
1532,2016-09-07,0.1418486254159132,0.1422269983836743,0.1384755638956981,0.145009286341914,0.0602705468711312,0.0007011240907258964,0.0005223038662052204,0.00035200454401940195,0.002195846887846603,0.0116208052029515,0.1422269983836743
1533,2016-09-08,0.1415481540083644,0.141543980117753,0.1383191284308311,0.1453821686981905,0.0401363463792278,-0.00030047140754879686,-0.0006830182659213202,-0.00015643546486698856,0.00037288235627649935,-0.020134200491903405,0.141543980117753
1534,2016-09-09,0.1406066584991257,0.1394748853354225,0.1376542428692114,0.1435385054359995,0.0696381703834535,-0.0009414955092386934,-0.0020690947823304995,-0.0006648855616196991,-0.0018436632621910143,0.029501824004225706,0.1394748853354225
1535,2016-09-12,0.1382428453088996,0.1418654268500573,0.1381822593487506,0.1423369936586001,0.0541052475198494,-0.002363813190226105,0.002390541514634803,0.0005280164795392062,-0.0012015117773993833,-0.015532922863604103,0.1418654268500573
1536,2016-09-13,0.1423093730600644,0.1386713133368419,0.1389449153931312,0.1419019427953635,0.045703273303511,0.0040665277511647835,-0.0031941135132153853,0.000762656044380583,-0.00043505086323661346,-0.008401974216338405,0.1386713133368419
1537,2016-09-14,0.1382027910393893,0.1384102107191376,0.1356400000675086,0.1419848513725309,0.0417581419917135,-0.004106582020675098,-0.0002611026177043174,-0.003304915325622604,8.290857716738986e-05,-0.003945131311797495,0.1384102107191376
1538,2016-09-15,0.1377220117129942,0.1411422479170789,0.1376933711694722,0.1424198686203596,0.1010877998052194,-0.00048077932639509213,0.0027320371979413227,0.0020533711019636025,0.00043501724782871176,0.059329657813505896,0.1411422479170789
1539,2016-09-16,0.1404063135610381,0.1410819665675313,0.1376737933780142,0.1438285127604287,0.0625030950297948,0.002684301848043913,-6.028134954760844e-05,-1.957779145800309e-05,0.0014086441400691097,-0.0385847047754246,0.1410819665675313
1540,2016-09-19,0.1410273407629102,0.1399971981680638,0.1378498051031119,0.143766384570497,0.0497763325134943,0.0006210272018720986,-0.0010847683994675006,0.0001760117250977078,-6.212818993170388e-05,-0.012726762516300498,0.1399971981680638
1541,2016-09-20,0.1402861203976517,0.1389726573195277,0.1370871051104848,0.1433106179887305,0.0343053102457866,-0.0007412203652585048,-0.001024540848536093,-0.0007626999926270972,-0.0004557665817665202,-0.015471022267707704,0.1389726573195277
1542,2016-09-21,0.138543359974179,0.140198100134145,0.1373022602209208,0.1431656495986729,0.0599445370660768,-0.0017427604234727112,0.0012254428146172835,0.00021515511043598834,-0.00014496839005759266,0.025639226820290205,0.140198100134145
1543,2016-09-22,0.1408470294169146,0.1396355907687026,0.1374977851519821,0.1436006428243685,0.0646035885838794,0.0023036694427356064,-0.0005625093654423874,0.00019552493106131386,0.00043499322569559573,0.004659051517802604,0.1396355907687026
1544,2016-09-23,0.138663548169451,0.139253934418339,0.1367351354656112,0.1433106575976473,0.0228124329410211,-0.0021834812474635923,-0.00038165635036360723,-0.0007626496863709087,-0.00028998522672119,-0.041791155642858305,0.139253934418339
1545,2016-09-26,0.1387436550396354,0.1386110768194745,0.1366177808206397,0.1424405805771149,0.0349366963239299,8.010687018439322e-05,-0.0006428575988645102,-0.00011735464497150683,-0.000870077020532406,0.012124263382908802,0.1386110768194745
1546,2016-09-27,0.1381025627242428,0.1406198723193853,0.1368915036756802,0.1427719606012525,0.0506553209752232,-0.0006410923153926107,0.002008795499910815,0.00027372285504051463,0.0003313800241376008,0.015718624651293298,0.1406198723193853
1547,2016-09-28,0.1402260388864896,0.1403186000681879,0.1373608996623115,0.1439735302600008,0.0435903996302471,0.0021234761622468123,-0.0003012722511974153,0.000469395986631288,0.0012015696587482916,-0.007064921344976098,0.1403186000681879
1548,2016-09-29,0.1392043562864976,0.1381490005042006,0.1360506246886604,0.1417569279517888,0.143110051006091,-0.0010216825999919965,-0.0021695995639872956,-0.0013102749736511043,-0.0022166023082119957,0.0995196513758439,0.1381490005042006
1549,2016-09-30,0.1380224961822491,0.1400373678015568,0.1366177856296045,0.1421712724575032,0.0605057691355375,-0.0011818601042485055,0.0018883672973561971,0.0005671609409441114,0.00041434450571439796,-0.0826042818705535,0.1400373678015568
1550,2016-10-03,0.1401259108352141,0.1414436098326368,0.1388080889142756,0.1444914614062383,0.0752133507205229,0.0021034146529650133,0.0014062420310800017,0.002190303284671097,0.002320188948735119,0.014707581584985405,0.1414436098326368
1551,2016-10-04,0.1409471952549671,0.1412225871840649,0.1384364749745747,0.145050727777281,0.0740743797560291,0.0008212844197529878,-0.00022102264857187803,-0.0003716139397008933,0.0005592663710426993,-0.0011389709644938073,0.1412225871840649
1552,2016-10-05,0.1410874108817626,0.1430506282996933,0.1394924876433211,0.1450714377474005,0.0684826925933873,0.00014021562679550348,0.0018280411156283982,0.0010560126687463867,2.0709970119492382e-05,-0.005591687162641801,0.1430506282996933
1553,2016-10-06,0.1441523878964143,0.1442158076976351,0.1415850106558869,0.1457758165300655,0.6234999422261105,0.003064977014651693,0.001165179397941779,0.0020925230125658223,0.0007043787826649939,0.5550172496327233,0.1442158076976351
1554,2016-10-07,0.1446731770160011,0.1459835405644077,0.1423476372031261,0.1480337553292247,0.3191388389098892,0.0005207891195868064,0.00176773286677262,0.0007626265472391869,0.002257938799159198,-0.3043611033162213,0.1459835405644077
1555,2016-10-10,0.1462156838145705,0.1477312782787943,0.1441468065057893,0.150706099353258,0.2025387497730311,0.001542506798569404,0.0017477377143865769,0.0017991693026631894,0.0026723440240332963,-0.1166000891368581,0.1477312782787943
1556,2016-10-11,0.147237365430844,0.1454211208633257,0.144068610835564,0.1493803322231521,0.1570211782572093,0.001021681616273501,-0.0023101574154685833,-7.819567022529506e-05,-0.001325767130105876,-0.04551757151582181,0.1454211208633257
1557,2016-10-12,0.1448334363687779,0.1448384908153926,0.1417609506952889,0.148013032626606,0.1162988395701622,-0.0024039290620661014,-0.0005826300479331026,-0.0023076601402750863,-0.0013672995965461066,-0.0407223386870471,0.1448384908153926
1558,2016-10-13,0.1433911737101408,0.1433118205817581,0.140000976664724,0.1465008676911557,0.1116191545203941,-0.0014422626586371168,-0.0015266702336345084,-0.0017599740305649092,-0.0015121649354503108,-0.004679685049768095,0.1433118205817581
1559,2016-10-14,0.1438518505339227,0.144577352331944,0.1415067360262714,0.1480544801091414,0.1168807051715884,0.000460676823781897,0.0012655317501858998,0.0015057593615473985,0.0015536124179857114,0.005261550651194297,0.144577352331944
1560,2016-10-17,0.1470370278842482,0.1446175578311812,0.1435601498827141,0.1487174151780069,0.1234009012726762,0.003185177350325502,4.020549923719474e-05,0.0020534138564426985,0.0006629350688655,0.006520196101087797,0.1446175578311812
1561,2016-10-18,0.1451739716427355,0.144818388065774,0.1417218357052238,0.1490280987443832,0.0608895528300952,-0.0018630562415127006,0.00020083023459280258,-0.0018383141774903078,0.00031068356637628525,-0.062511348442581,0.144818388065774
1562,2016-10-19,0.1443927933664207,0.1445171516803208,0.1411352296203935,0.147826671117068,0.1152052623759924,-0.0007811782763147979,-0.00030123638545317966,-0.000586606084830299,-0.0012014276273152047,0.054315709545897206,0.1445171516803208
1563,2016-10-20,0.1440922784839066,0.1446175578311812,0.1418783379992879,0.1473087526008188,0.1267146465063303,-0.0003005148825140913,0.00010040615086037707,0.0007431083788944082,-0.0005179185162491884,0.01150938413033789,0.1446175578311812
1564,2016-10-21,0.1502020948217427,0.1479321354126953,0.1466694989185121,0.1509753707269791,0.1739200409369274,0.00610981633783611,0.0033145775815141,0.004791160919224213,0.003666618126160315,0.0472053944305971,0.1479321354126953
1565,2016-10-24,0.1475778992615611,0.1497803241101224,0.1459068626471558,0.1526119518781116,0.0994453706607682,-0.002624195560181619,0.0018481886974271167,-0.0007626362713563095,0.0016365811511324935,-0.0744746702761592,0.1497803241101224
1566,2016-10-25,0.1489200228783473,0.1504633065102996,0.1466695072770702,0.1530262363630734,0.1286376916855119,0.001342123616786206,0.0006829824001771956,0.0007626446299144052,0.00041428448496177994,0.0291923210247437,0.1504633065102996
1567,2016-10-26,0.1492405809907225,0.1512467936921337,0.1474713415057838,0.1540206121797851,0.0775366864198346,0.00032055811237519105,0.0007834871818341027,0.0008018342287136049,0.0009943758167117178,-0.05110100526567729,0.1512467936921337
1568,2016-10-27,0.1512237533465131,0.1501017260102465,0.1476473179272764,0.1540620315362112,0.1029489443885046,0.0019831723557906245,-0.001145067681887213,0.0001759764214925852,4.141935642609784e-05,0.02541225796867,0.1501017260102465
1569,2016-10-28,0.1497012830827977,0.1499811722775873,0.1469041710098695,0.1535233932123912,0.0736080619336095,-0.0015224702637154086,-0.00012055373265917879,-0.0007431469174069005,-0.0005386383238200065,-0.029340882454895106,0.1499811722775873
1570,2016-10-31,0.1498415344198315,0.1508851773263364,0.1473930948442586,0.1543934718062076,0.0798352618807877,0.00014025133703379766,0.0009040050487491014,0.0004889238343891156,0.0008700785938164091,0.0062271999471782,0.1508851773263364
1571,2016-11-01,0.1503223351746041,0.1484544930775168,0.1470411168203196,0.1518454904639344,0.0641785378253908,0.000480800754772609,-0.00243068424881962,-0.0003519780239390202,-0.0025479813422732145,-0.015656724055396892,0.1484544930775168
1572,2016-11-02,0.1477982698086719,0.1501218556591733,0.1466891171892573,0.1522805247416997,0.0857777190868424,-0.002524065365932221,0.0016673625816565063,-0.0003519996310622775,0.00043503427776531156,0.02159918126145159,0.1501218556591733
1573,2016-11-03,0.1499617234565581,0.1500213688103885,0.146904196629089,0.1544141920396937,0.086689721199716,0.0021634536478861988,-0.00010048684878480318,0.000215079439831678,0.0021336672979939963,0.0009120021128736083,0.1500213688103885
1574,2016-11-04,0.1497413894721884,0.1496999669102644,0.1470411096071501,0.1540206133757174,0.0599569171852561,-0.0002203339843696861,-0.0003214019001240853,0.00013691297806112113,-0.00039357866397629615,-0.026732804014459904,0.1496999669102644
1575,2016-11-07,0.1510433971706488,0.151748914110796,0.1482143703300293,0.1546419915782179,0.0964204948746306,0.0013020076984603945,0.0020489472005315867,0.0011732607228791825,0.0006213782025004944,0.0364635776893745,0.151748914110796
1576,2016-11-08,0.1515843596130352,0.15172891895841,0.1483513567353103,0.1554707190224516,0.1046243871841006,0.0005409624423864112,-1.999515238598759e-05,0.0001369864052810088,0.0008287274442337067,0.008203892309469996,0.15172891895841
1577,2016-11-09,0.1487597779398743,0.1516485258928077,0.147999313149003,0.1532748154044727,0.0666339281292814,-0.0028245816731609086,-8.03930656023133e-05,-0.0003520435863073046,-0.002195903617978917,-0.037990459054819195,0.1516485258928077
1578,2016-11-10,0.1522326208953199,0.1507583201891358,0.1503656525567179,0.1549842652622707,0.0807059969297304,0.0034728429554455875,-0.0008902057036719035,0.0023663394077149125,0.001709449857798001,0.014072068800449006,0.1507583201891358
1579,2016-11-11,0.1497912116866037,0.152680437151775,0.1487110861115707,0.1548173015712206,0.0417086215149964,-0.0024414092087161887,0.0019221169626392198,-0.0016545664451472208,-0.00016696369105009823,-0.038997375414734005,0.152680437151775
1580,2016-11-14,0.1529185391066501,0.1527208578454773,0.1505428383825049,0.1574670922711054,0.0524463115498258,0.0031273274200463996,4.042069370227552e-05,0.0018317522709342116,0.002649790699884802,0.010737690034829397,0.1527208578454773
1581,2016-11-15,0.1540485121085568,0.1573138967779578,0.1533004842344988,0.1574045898454537,0.072039913504234,0.0011299730019067034,0.004593038932480503,0.002757645851993895,-6.250242565170039e-05,0.0195936019544082,0.1573138967779578
1582,2016-11-16,0.1563083126650416,0.1572127374464695,0.1533595853498948,0.1611602706960215,0.0383783694557699,0.002259800556484809,-0.00010115933148829859,5.9101115396004156e-05,0.003755680850567822,-0.033661544048464095,0.1572127374464695
1583,2016-11-17,0.1571355201172901,0.1599442187253759,0.1572595247776809,0.162120025942432,0.0689407570030207,0.0008272074522484851,0.002731481278906406,0.0038999394277861033,0.0009597552464104819,0.030562387547250797,0.1599442187253759
1584,2016-11-18,0.15945580890187,0.1619472846726522,0.1580473756887144,0.1637683260811781,0.0830417127482213,0.0023202887845799047,0.0020030659472763113,0.0007878509110335052,0.0016483001387461171,0.014100955745200594,0.1619472846726522
1585,2016-11-21,0.1615138587826047,0.1638087705947379,0.161021627680364,0.1663764613112861,0.0752587444908469,0.0020580498807347136,0.0018614859220856816,0.002974251991649579,0.0026081352301079996,-0.007782968257374401,0.1638087705947379
1586,2016-11-22,0.1638543318239993,0.1680172928837557,0.1639367588850982,0.1692766695910773,0.1415914230534325,0.0023404730413945918,0.004208522289017802,0.002915131204734217,0.0029002082797911777,0.06633267856258561,0.1680172928837557
1587,2016-11-23,0.1674659984867848,0.1655691151182074,0.1634837736764708,0.1699026725045004,0.1309899143295752,0.0036116666627855065,-0.0024481777655482873,-0.00045298520862741,0.0006260029134231015,-0.01060150872385729,0.1655691151182074
1588,2016-11-25,0.1652667404734334,0.1664593566876235,0.1620655858989408,0.1703825580793527,0.0165150789851603,-0.002199258013351413,0.0008902415694160837,-0.00141818777753,0.00047988557485231786,-0.11447483534441491,0.1664593566876235
1589,2016-11-28,0.1654281357435816,0.1669449609310861,0.1637595092561885,0.1710293578063351,0.0346519535828064,0.00016139527014819022,0.0004856042434626118,0.0016939233572477175,0.0006467997269823944,0.0181368745976461,0.1669449609310861
1590,2016-11-29,0.1666186087022309,0.1652656371237423,0.1628732007075242,0.1703617276716039,0.0602664201647381,0.0011904729586493246,-0.0016793238073438133,-0.0008863085486643107,-0.0006676301347312008,0.0256144665819317,0.1652656371237423
1591,2016-11-30,0.1650044174483686,0.1615426473466988,0.1615140601303774,0.1665851187515427,0.0915220943860286,-0.001614191253862307,-0.003722989777043495,-0.0013591405771468112,-0.0037766089200612085,0.0312556742212905,0.1615426473466988
1592,2016-12-01,0.1607875102968863,0.1536314352918492,0.1575156043034464,0.1559857762179363,0.1417688714283356,-0.004216907151482319,-0.007911212054849598,-0.00399845582693098,-0.010599342533606393,0.05024677704230701,0.1536314352918492
1593,2016-12-02,0.1533423059399951,0.1542991119856933,0.1513504594816533,0.1557771045912574,0.1121803865898549,-0.007445204356891194,0.0006676766938440992,-0.006165144821793117,-0.00020867162667889683,-0.029588484838480714,0.1542991119856933
1594,2016-12-05,0.153866881887498,0.1558570481818255,0.1535171027457316,0.1590111282775281,0.0578729304567438,0.0005245759475029088,0.0015579361961322036,0.0021666432640783106,0.0032340236862707095,-0.054307456133111096,0.1558570481818255
1595,2016-12-06,0.1553398558868196,0.1580625762550553,0.1543641561148707,0.1595119725821176,0.0526980406398045,0.0014729739993215862,0.0022055280732297955,0.0008470533691390947,0.0005008443045894928,-0.005174889816939296,0.1580625762550553
1596,2016-12-07,0.1574179075800527,0.1603690305324362,0.1575745972678602,0.1625372461401569,0.0728487479572803,0.0020780516932331072,0.0023064542773809094,0.0032104411529894905,0.003025273558039304,0.0201507073174758,0.1603690305324362
1597,2016-12-08,0.1598996708532682,0.159539491735062,0.1570034203647858,0.1634136005061444,0.0425545963255806,0.0024817632732155037,-0.000829538797374213,-0.0005711769030743996,0.0008763543659874862,-0.030294151631699705,0.159539491735062
1598,2016-12-09,0.1594356157596035,0.1562212468812045,0.1556443478576855,0.1602630157365804,0.0635017579769234,-0.0004640550936647059,-0.0033182448538574827,-0.0013590725071002951,-0.0031505847695640077,0.020947161651342798,0.1562212468812045
1599,2016-12-12,0.1560459589149174,0.1564438296896487,0.1526504512238501,0.1597414098186764,0.0572869381489245,-0.0033896568446860897,0.00022258280844419942,-0.0029938966338353967,-0.0005216059179039834,-0.006214819827998895,0.1564438296896487
1600,2016-12-13,0.1565302560338574,0.157759044461974,0.1556838121592391,0.1618696838811123,0.0559870256351001,0.0004842971189399914,0.001315214772325296,0.003033360935389001,0.002128274062435903,-0.0012999125138244,0.157759044461974
1601,2016-12-14,0.1600611451188676,0.1574352843891694,0.1584610385643042,0.1617236100108687,0.0924836169756194,0.0035308890850102026,-0.00032376007280460195,0.002777226405065114,-0.00014607387024359597,0.036496591340519295,0.1574352843891694
1602,2016-12-15,0.1572162214662993,0.1605714388597734,0.1589140596878898,0.1613688822167752,0.0918893712550139,-0.002844923652568304,0.0031361544706040023,0.0004530211235855841,-0.0003547277940935123,-0.0005942457206054991,0.1605714388597734
1603,2016-12-16,0.1606462474394556,0.1582041383473739,0.1584216302418997,0.1624121168166255,0.3166834486059985,0.0034300259731563087,-0.0023673005123995006,-0.0004924294459900946,0.0010432345998503123,0.2247940773509846,0.1582041383473739
1604,2016-12-19,0.1602427230826751,0.1605916850723688,0.1589140681923358,0.1644568985003193,0.0790842013172446,-0.00040352435678051024,0.002387546724994888,0.0004924379504361032,0.0020447816836937915,-0.23759924728875392,0.1605916850723688
1605,2016-12-20,0.1608681786168514,0.159600212439976,0.1575549521710547,0.1641647607907097,0.0374952542876479,0.0006254555341763113,-0.000991472632392798,-0.0013591160212811093,-0.0002921377096095912,-0.0415889470295967,0.159600212439976
1606,2016-12-21,0.1595970510922502,0.1598025669686968,0.1562549781368423,0.1641230475600164,0.0329517505488519,-0.0012711275246012066,0.00020235452872080506,-0.0012999740342123922,-4.171323069332433e-05,-0.004543503738795994,0.1598025669686968
1607,2016-12-22,0.1593550031294195,0.1601465911869689,0.1562944256171326,0.1635388811539279,0.0622018454630989,-0.0002420479628306993,0.0003440242182720932,3.9447480290305537e-05,-0.0005841664060884932,0.029250094914246995,0.1601465911869689
1608,2016-12-23,0.1598392146241154,0.1600858704820549,0.1562353147922247,0.1638518336410994,0.0201589607302619,0.0004842114946959075,-6.072070491400239e-05,-5.9110824907920856e-05,0.0003129524871715028,-0.042042884732837,0.1600858704820549
1609,2016-12-27,0.1597786252101833,0.1619067922474615,0.1585200936427495,0.1650201973130444,0.030265264686948,-6.058941393211059e-05,0.0018209217654066023,0.0022847788505248046,0.0011683636719450052,0.010106303956686099,0.1619067922474615
1610,2016-12-28,0.1633499274691856,0.1613807852431686,0.1609034555786128,0.1663347428164011,0.0436564269325366,0.003571302259002318,-0.0005260070042928944,0.002383361935863304,0.00131454550335669,0.013391162245588603,0.1613807852431686
1611,2016-12-29,0.1605655643984893,0.1604298229688386,0.1571413578204677,0.1638309542041546,0.0262458526600749,-0.002784363070696322,-0.0009509622743300028,-0.0037620977581450943,-0.0025037886122464825,-0.0174105742724617,0.1604298229688386
1612,2016-12-30,0.1599804249948079,0.1591955751140225,0.1566686227691819,0.1629963563285251,0.0323533781218533,-0.0005851394036813784,-0.0012342478548161007,-0.00047273505128581084,-0.0008345978756295058,0.006107525461778399,0.1591955751140225
1613,2017-01-03,0.1593348128903124,0.1606726519898781,0.1584610658049372,0.1637475330745351,0.0549099552665027,-0.0006456121044955132,0.001477076875855604,0.00179244303575532,0.0007511767460099961,0.022556577144649398,0.1606726519898781
1614,2017-01-04,0.1597988230427144,0.160106062896034,0.1565307412547398,0.1636431576807936,0.0481050164242914,0.0004640101524019946,-0.0005665890938441054,-0.0019303245501973987,-0.00010437539374150151,-0.006804938842211297,0.160106062896034
1615,2017-01-05,0.1589110039705175,0.158669442579625,0.1561367383113752,0.1624538012955405,0.0543569766098281,-0.0008878190721968993,-0.001436620316408982,-0.00039400294336461306,-0.0011893563852531097,0.006251960185536698,0.158669442579625
1616,2017-01-06,0.1586487563270914,0.160106062896034,0.1559398302273206,0.1625790449730036,0.0389024611676928,-0.0002622476434260834,0.001436620316408982,-0.00019690808405459226,0.0001252436774631105,-0.015454515442135296,0.160106062896034
1617,2017-01-09,0.1598189903906414,0.1610367789577687,0.157771622971212,0.1651871393919701,0.0429425067265314,0.0011702340635499908,0.0009307160617346988,0.0018317927438913917,0.0026080944189665056,0.0040400455588385994,0.1610367789577687
1618,2017-01-10,0.1606059248178859,0.1605107719534758,0.1569837931565247,0.1644777902906927,0.0231879632227926,0.0007869344272445067,-0.0005260070042928944,-0.0007878298146873075,-0.0007093491012774011,-0.019754543503738804,0.1605107719534758
1619,2017-01-11,0.1598794992835183,0.1624126247706475,0.158480691796145,0.1648950134641997,0.0498382331093907,-0.0007264255343676085,0.0019018528171717008,0.0014968986396202977,0.00041722317350700866,0.0266502698865981,0.1624126247706475
1620,2017-01-12,0.1617761695438155,0.1620687260824801,0.1579883330115757,0.1658131375834287,0.0373054257935656,0.0018966702602971897,-0.00034389868816739333,-0.0004923587845692967,0.0009181241192289802,-0.012532807315825102,0.1620687260824801
1621,2017-01-13,0.1616753162123264,0.1647800328802796,0.1606868409046656,0.1671485252571342,0.0473745893927138,-0.00010085333148909803,0.00271130679779949,0.0026985078930898965,0.0013353876737055015,0.010069163599148202,0.1647800328802796
1622,2017-01-17,0.1641973332565047,0.1618663715537592,0.1602928350288657,0.1652497519988368,0.0494792096531915,0.002522017044178315,-0.002913661326520406,-0.0003940058757998799,-0.0018987732582974037,0.0021046202604776965,0.1618663715537592
1623,2017-01-18,0.1620989577696133,0.1651643881278935,0.1609034420667628,0.1669815346570747,0.0535398887439956,-0.0020983754868914017,0.0032980165741343104,0.0006106070378970874,0.001731782658237896,0.004060679090804105,0.1651643881278935
1624,2017-01-19,0.1647824509219345,0.1641931975738402,0.1612973717543239,0.1686298600986347,0.037586041828296,0.0026834931523211925,-0.0009711905540532861,0.00039392968756110647,0.0016483254415600168,-0.0159538469156996,0.1641931975738402
1625,2017-01-20,0.1634306207217626,0.1650227543040865,0.1612776703552809,0.1683377528512791,0.0398268433997457,-0.0013518302001719051,0.0008295567302462892,-1.9701399043003942e-05,-0.0002921072473555941,0.0022408015714497007,0.1650227543040865
1626,2017-01-23,0.1648228265202164,0.1661153683350956,0.1617307179853201,0.1698191710752522,0.0424761889041118,0.0013922057984538105,0.0010926140310091037,0.00045304763003919946,0.0014814182239731022,0.002649345504366095,0.1661153683350956
1627,2017-01-24,0.165912310831304,0.1675316527745488,0.1635821710097717,0.1708414884825895,0.0468422442680048,0.0010894843110876018,0.001416284439453186,0.0018514530244516103,0.0010223174073372976,0.004366055363893,0.1675316527745488
1628,2017-01-25,0.1686765024791823,0.1713152735921458,0.167698806293791,0.173449601707829,0.0827982370710288,0.0027641916478783057,0.0037836208175970054,0.004116635284019288,0.002608113225239489,0.03595599280302401,0.1713152735921458
1629,2017-01-26,0.1707950619380267,0.1684421584894324,0.167068516831579,0.1731157809670461,0.1120689655172413,0.002118559458844399,-0.0028731151027134028,-0.000630289462211997,-0.0003338207407828919,0.029270728446212493,0.1684421584894324
1630,2017-01-27,0.1734583612606903,0.1743300404515382,0.1732533070216572,0.1778312309562279,0.1342623924992984,0.002663299322663598,0.005887881962105795,0.006184790190078199,0.0047154499891818025,0.02219342698205709,0.1743300404515382
1631,2017-01-30,0.1734987415617263,0.1745121667005358,0.1704957811996724,0.1777269349448353,0.0674592694079001,4.038030103598045e-05,0.000182126248997605,-0.0027575258219847965,-0.0001042960113926128,-0.06680312309139828,0.1745121667005358
1632,2017-01-31,0.173982988082994,0.1722055689601782,0.1698457937989176,0.1764541733403258,0.0615993463297073,0.00048424652126771717,-0.002306597740357602,-0.000649987400754809,-0.0012727616045095091,-0.0058599230781928024,0.1722055689601782
1633,2017-02-01,0.1725907602116617,0.1740872293633708,0.1695109006026522,0.1771426805218534,0.0577573826777372,-0.0013922278713323077,0.0018816604031925976,-0.0003348931962653956,0.0006885071815276034,-0.0038419636519700998,0.1740872293633708
1634,2017-02-02,0.1733978481717921,0.1767580437359796,0.1724851461064624,0.1780398910741672,0.0665596474142057,0.0008070879601304037,0.0026708143726087985,0.0029742455038102023,0.0008972105523138152,0.008802264736468494,0.1767580437359796
1635,2017-02-03,0.1773726630079964,0.177223419699719,0.1735684963010982,0.1818999071710411,0.0535687756887472,0.003974814836204293,0.0004653759637394117,0.0010833501946357904,0.0038600160968738917,-0.0129908717254585,0.177223419699719
1636,2017-02-06,0.1760813467851794,0.1760296642700937,0.1731351650892852,0.1813156950411814,0.0479069345174229,-0.0012913162228170016,-0.0011937554296252983,-0.00043333121181299283,-0.0005842121298597069,-0.005661841171324296,0.1760296642700937
1637,2017-02-07,0.1753146253779793,0.177365053523526,0.1727806062883142,0.1812948097620883,0.0518726993611858,-0.000766721407200105,0.0013353892534322953,-0.0003545588009709888,-2.0885279093080245e-05,0.0039657648437628965,0.177365053523526
1638,2017-02-08,0.1770699819479827,0.175766606969331,0.1729972583061285,0.1812530720243894,0.0425793565639391,0.001755356570003419,-0.0015984465541949988,0.00021665201781428944,-4.1737737698915867e-05,-0.009293342797246695,0.175766606969331
1639,2017-02-09,0.1752339416524323,0.1755036034671845,0.1719336660699282,0.1804602373064993,0.0334964757927402,-0.0018360402955504007,-0.0002630035021465027,-0.0010635922362003114,-0.0007928347178901007,-0.009082880771198905,0.1755036034671845
1640,2017-02-10,0.175455843075465,0.1753012310055915,0.171835134139963,0.1801263639358559,0.0586858916161832,0.00022190142303268878,-0.00020237246159299227,-9.853192996520099e-05,-0.0003338733706433894,0.025189415823443,0.1753012310055915
1641,2017-02-13,0.1762314373852704,0.1775815929540741,0.1733885619855867,0.1820749256453584,0.0288167907429722,0.0007755943098053941,0.0022803619484826065,0.001553427845623706,0.0019485617095024999,-0.029869100873211,0.1775815929540741
1642,2017-02-14,0.176962380454128,0.1771133297979273,0.1730119976399648,0.1813191070315331,0.0581370396659018,0.000730943068857598,-0.00046826315614681424,-0.0003765643456218881,-0.0007558186138253153,0.0293202489229296,0.1771133297979273
1643,2017-02-15,0.1766171644380897,0.1785181371992397,0.1741417082774354,0.18201191788957,0.0306903154454366,-0.0003452160160382911,0.0014048074013124079,0.0011297106374705823,0.0006928108580369075,-0.0274467242204652,0.1785181371992397
1644,2017-02-16,0.1784851188704477,0.1802488028193918,0.1755688281144524,0.183019757045374,0.0799054158894703,0.0018679544323580155,0.0017306656201520887,0.0014271198370170157,0.0010078391558039912,0.049215100444033696,0.1802488028193918
1645,2017-02-17,0.1791957346661405,0.1801062902848522,0.1753508108423975,0.1835236744144829,0.0590614218979548,0.0007106157956927872,-0.00014251253453959056,-0.0002180172720548934,0.0005039173691089027,-0.0208439939915155,0.1801062902848522
1646,2017-02-21,0.1800890699960826,0.1841579716745264,0.1793743500156085,0.1853922998272656,0.0536925768805401,0.0008933353299420965,0.004051681389674211,0.004023539173210994,0.0018686254127827095,-0.005368845017414699,0.1841579716745264
1647,2017-02-22,0.1830330640695357,0.1837915134332634,0.1791761746055965,0.1880377767555485,0.0345198989782275,0.00294399407345311,-0.0003664582412630235,-0.00019817541001199146,0.0026454769282829027,-0.0191726779023126,0.1837915134332634
1648,2017-02-23,0.1834390965964861,0.1830381714094211,0.1801275198442098,0.1875758428777363,0.0333685478945544,0.0004060325269504006,-0.0007533420238422794,0.0009513452386132881,-0.0004619338778122095,-0.001151351083673098,0.1830381714094211
1649,2017-02-24,0.1816320661338686,0.1838321672543029,0.1790769933626225,0.1870928985804788,0.0314620095409451,-0.0018070304626175149,0.0007939958448817952,-0.001050526481587294,-0.00048294429725748156,-0.0019065383536093009,0.1838321672543029
1650,2017-02-27,0.183662408229357,0.1836896726526354,0.1792950440755483,0.1879327574653476,0.0180378336442118,0.0020303420954884133,-0.00014249460166751438,0.00021805071292579914,0.0008398588848687882,-0.013424175896733299,0.1836896726526354
1651,2017-02-28,0.1832563580983082,0.18348608075574,0.1792950508533898,0.1884996421738411,0.040850266585233,-0.00040605013104880183,-0.00020359189689539425,6.777841482508151e-09,0.0005668847084935036,0.022812432941021196,0.18348608075574
1652,2017-03-01,0.1840685238446487,0.1861736623637576,0.1816537151681183,0.1886676488516405,0.0542331754180353,0.000812165746340493,0.002687581608017603,0.0023586643147285036,0.00016800667779939826,0.013382908832802305,0.1861736623637576
1653,2017-03-02,0.1854693812948315,0.1847280397455569,0.1815149236722111,0.1903262617029568,0.0450306201614367,0.001400857450182813,-0.0014456226182006926,-0.0001387914959072034,0.001658612851316299,-0.009202555256598605,0.1847280397455569
1654,2017-03-03,0.1846166993950478,0.1840969102450426,0.180405018951174,0.1886886458431536,0.0310204519568841,-0.0008526818997837138,-0.0006311295005143047,-0.001109904721037086,-0.0016376158598032098,-0.014010168204552597,0.1840969102450426
1655,2017-03-06,0.1827893505709718,0.1849112598997523,0.1804842423351594,0.1881216896650364,0.0319778478400818,-0.0018273488240760083,0.0008143496547096951,7.922338398538842e-05,-0.000566956178117195,0.0009573958831976988,0.1849112598997523
1656,2017-03-07,0.1837842372268859,0.1853592230446875,0.1812176369272347,0.1879537569768772,0.0362778759016853,0.0009948866559141012,0.0004479631449351984,0.0007333945920753038,-0.0001679326881592058,0.0043000280616034975,0.1853592230446875
1657,2017-03-08,0.1853069317079027,0.1863975542718647,0.1821293299861292,0.1906201794254151,0.044956339446361,0.0015226944810168008,0.0010383312271771972,0.0009116930588945193,0.002666422448537903,0.008678463544675705,0.1863975542718647
1658,2017-03-09,0.1863221201318555,0.1868862250364557,0.1821888184247593,0.1911870881572875,0.042174939337416,0.0010151884239528175,0.0004886707645909982,5.948843863010089e-05,0.0005669087318724009,-0.002781400108945002,0.1868862250364557
1659,2017-03-10,0.1879869478210339,0.1897569730000526,0.1847654417790989,0.1929297054973875,0.057220910846635,0.0016648276891783886,0.0028707479635969035,0.0025766233543395856,0.0017426173401000056,0.015045971509218999,0.1897569730000526
1660,2017-03-13,0.1887585437320915,0.1890648000029266,0.1850231657016133,0.1940215598785091,0.0459591290998828,0.0007715959110576043,-0.0006921729971259838,0.00025772392251441345,0.0010918543811216097,-0.0112617817467522,0.1890648000029266
1661,2017-03-14,0.1885351254294398,0.1890850820812661,0.1851023682705244,0.1932656279807484,0.0293945296380053,-0.00022341830265171225,2.0282078339484144e-05,7.920256891108535e-05,-0.0007559318977607143,-0.016564599461877497,0.1890850820812661
1662,2017-03-15,0.1890224132143268,0.1905917481960786,0.185617717979507,0.1945043846998602,0.0323905184793912,0.0004872877848870194,0.0015066661148125104,0.0005153497089825931,0.0012387567191118054,0.0029959888413859,0.1905917481960786
1663,2017-03-16,0.1900578861886872,0.1917929995662396,0.1876195864423191,0.1963730105874813,0.0348128951321371,0.0010354729743603797,0.0012012513701609995,0.002001868462812112,0.0018686258876211004,0.002422376652745903,0.1917929995662396
1664,2017-03-17,0.19172277929493,0.1927906949052495,0.1888286488690134,0.1973388475833886,0.0818037008302933,0.0016648931062428207,0.0009976953390098964,0.0012090624266943018,0.0009658369959072988,0.046990805698156196,0.1927906949052495
1665,2017-03-20,0.1929206702233509,0.1936661956538034,0.1909494393097236,0.1986406005439661,0.0418282960003961,0.0011978909284209027,0.0008755007485539146,0.002120790440710202,0.0013017529605774958,-0.0399754048298972,0.1936661956538034
1666,2017-03-21,0.1935703918282291,0.1917727174879001,0.1897602406433157,0.1957642009710755,0.0458188210825176,0.0006497216048781951,-0.0018934781659033229,-0.0011891986664079035,-0.0028763995728905978,0.003990525082121499,0.1917727174879001
1667,2017-03-22,0.1919258074273306,0.1945823860891411,0.1895620075604635,0.1973388471611403,0.044423994321652,-0.0016445844008985133,0.0028096686012410166,-0.00019823308285218944,0.00157464619006481,-0.0013948267608656015,0.1945823860891411
1668,2017-03-23,0.1940575864565725,0.1938900875619105,0.1902754838168489,0.1991444201383177,0.0316435846222412,0.0021317790292419148,-0.0006922985272306004,0.0007134762563853758,0.0018055729771773998,-0.0127804096994108,0.1938900875619105
1669,2017-03-24,0.1950119057532658,0.1948878008337924,0.1920792114696257,0.2000893074203696,0.0212360310988593,0.0009543192966932901,0.0009977132718818893,0.0018037276527768098,0.0009448872820518872,-0.010407553523381897,0.1948878008337924
1670,2017-03-27,0.1935500565891126,0.19505066717816,0.1904935573222324,0.1986405776646773,0.023604760568495,-0.001461849164153206,0.0001628663443676015,-0.0015856541473933117,-0.0014487297556922962,0.0023687294696356984,0.19505066717816
1671,2017-03-28,0.1944840273334941,0.1947452882992528,0.1906719599490484,0.1999003459616069,0.0302446311549825,0.0009339707443815071,-0.00030537887890719206,0.00017840262681600993,0.0012597682969296142,0.0066398705864875,0.1947452882992528
1672,2017-03-29,0.1937733774870335,0.1943380327739735,0.189621441484644,0.1995433789961931,0.0262788663112196,-0.0007106498464606037,-0.0004072555252793153,-0.001050518464404404,-0.00035696696541381856,-0.0039657648437629,0.1943380327739735
1673,2017-03-30,0.1943825160261074,0.1947249344894249,0.1905134189805455,0.2004252502692868,0.016325250491078,0.0006091385390739057,0.0003869017154514154,0.0008919774959015025,0.0008818712730936928,-0.0099536158201416,0.1947249344894249
1674,2017-03-31,0.1936515338744484,0.1935643369403034,0.1911277796363158,0.1989134863234675,0.0318746801802545,-0.0007309821516590098,-0.0011605975491215115,0.0006143606557703074,-0.0015117639458192833,0.0155494296891765,0.1935643369403034
1675,2017-04-03,0.1935703335979561,0.195396771609595,0.1910286857982776,0.1990604703773617,0.0397566893910632,-8.120027649227701e-05,0.001832434669291616,-9.90938380382167e-05,0.00014698405389418356,0.0078820092108087,0.195396771609595
1676,2017-04-04,0.194849439157981,0.1963944131499886,0.1915836652949908,0.2012860245558591,0.0399093775276076,0.0012791055600248902,0.0009976415403935845,0.0005549794967132093,0.002225554178497402,0.00015268813654439883,0.1963944131499886
1677,2017-04-05,0.1958646241759778,0.1949081546436203,0.1932287707850608,0.2006351737997448,0.0463346593816543,0.0010151850179968003,-0.0014862585063682987,0.0016451054900699924,-0.0006508507561142907,0.006425281854046699,0.1949081546436203
1678,2017-04-06,0.1943621395992525,0.1958039374705138,0.1906520781766616,0.1992074074850509,0.0404706095970683,-0.0015024845767253048,0.0008957828268935097,-0.0025766926083991837,-0.0014277663146939068,-0.0058640497845859965,0.1958039374705138
1679,2017-04-07,0.1953975632262617,0.1965572436286119,0.191583611893417,0.2017268766367997,0.0465533748204882,0.001035423627009202,0.0007533061580980993,0.0009315337167553894,0.0025194691517488044,0.0060827652234198976,0.1965572436286119
1680,2017-04-10,0.1964330888995505,0.1961297418907373,0.1921980973383736,0.2012440299308157,0.0607740050510886,0.0010355256732887952,-0.00042750173787459156,0.0006144854449565973,-0.0004828467059840025,0.014220630230600398,0.1961297418907373
1681,2017-04-11,0.1952148798133306,0.1944398197559852,0.1906520892029884,0.1965409691670568,0.0580256185932883,-0.0012182090862198902,-0.0016899221347521087,-0.0015460081353851907,-0.004703060763758898,-0.002748386457800296,0.1944398197559852
1682,2017-04-12,0.1944230834242773,0.1938493978751268,0.1902556978798373,0.1988925221408931,0.0429590135521038,-0.0007917963890533009,-0.0005904218808583939,-0.0003963913231511129,0.002351552973836296,-0.015066605041184504,0.1938493978751268
1683,2017-04-13,0.1928394288747014,0.1940937153245502,0.1908899387278243,0.1978217249528527,0.0468339908552186,-0.0015836545495759025,0.0002443174494233813,0.0006342408479870221,-0.001070797188040401,0.0038749773031148058,0.1940937153245502
1684,2017-04-17,0.1919054549330019,0.1944398197559852,0.1897601637356862,0.1980526638235657,0.0636709529390402,-0.0009339739416995008,0.00034610443143501257,-0.0011297749921381217,0.00023093887071301555,0.016836962083821592,0.1944398197559852
1685,2017-04-18,0.1927582029188514,0.1926074030195657,0.1899781924246948,0.198031667233832,0.0584341625262045,0.0008527479858495002,-0.001832416736419512,0.00021802868900860917,-2.0996589733701665e-05,-0.005236790412835694,0.1926074030195657
1686,2017-04-19,0.1942809372414024,0.1986950930425549,0.1935656860710251,0.200656129981797,0.0645045476304451,0.0015227343225510115,0.006087690022989201,0.003587493646330292,0.0026244627479649896,0.006070385104240593,0.1986950930425549
1687,2017-04-20,0.1989709906860791,0.2005682711972466,0.1958648686133716,0.2049602891717387,0.042174939337416,0.004690053444676684,0.001873178154691707,0.0022991825423465118,0.004304159189941703,-0.022329608293029095,0.2005682711972466
1688,2017-04-21,0.2001283404609289,0.2002832999267836,0.1955279945293861,0.2050653300666871,0.0329765107872105,0.0011573497748497974,-0.0002849712704630081,-0.0003368740839855,0.00010504089494839386,-0.0091984285502055,0.2002832999267836
1689,2017-04-24,0.2024428551776007,0.2052918614385793,0.2001461005030897,0.2082986283525624,0.0585579637179973,0.002314514716671795,0.005008561511795712,0.004618105973703601,0.003233298285875319,0.0255814529307868,0.2052918614385793
1690,2017-04-25,0.205305555044012,0.2070834988238546,0.2017911268048339,0.2108810548245386,0.0415848203232036,0.0028626998664113,0.0017916373852752965,0.0016450263017442068,0.002582426471976179,-0.0169731433947937,0.2070834988238546
1691,2017-04-26,0.2066456445335426,0.2052308179419676,0.2017317550273707,0.2112800536936242,0.032646374275763,0.0013400894895305993,-0.0018526808818870033,-5.937177746320743e-05,0.00039899886908562054,-0.008938446047440596,0.2052308179419676
1692,2017-04-27,0.205650729808813,0.2109112345068055,0.2065678668039831,0.212665713757424,0.1116810551162905,-0.0009949147247295953,0.005680416564837892,0.0048361117766123896,0.0013856600637997818,0.0790346808405275,0.2109112345068055
1693,2017-04-28,0.2036000987603848,0.1999778134506439,0.2060921747925628,0.2054221711535376,0.1265413248378204,-0.002050631048428203,-0.010933421056161602,-0.00047569201142028117,-0.007243542603886377,0.0148602697215299,0.1999778134506439
1694,2017-05-01,0.2004125125641381,0.2019120351019473,0.1972126534166951,0.2046453492644075,0.0743426156715802,-0.003187586196246678,0.0019342216513034138,-0.0088795213758677,-0.0007768218891301137,-0.05219870916624021,0.2019120351019473
1695,2017-05-02,0.2017525300410831,0.2030318532999246,0.1977874471874185,0.2067449232867994,0.0612361961671151,0.0013400174769449824,0.0011198181979772959,0.0005747937707233919,0.002099574022391887,-0.013106419504465096,0.2030318532999246
1696,2017-05-03,0.2023819786214205,0.2024821749044662,0.1982433615360304,0.2080467051470834,0.0420635182648024,0.0006294485803373939,-0.0005496783954583861,0.00045591434861189106,0.0013017818602840125,-0.019172677902312696,0.2024821749044662
1697,2017-05-04,0.2034376916524612,0.2052511179531792,0.199888412000066,0.2090964456349166,0.0372847922616001,0.0010557130310407115,0.002768943048713002,0.0016450504640355967,0.0010497404878332117,-0.0047787260032023035,0.2052511179531792
1698,2017-05-05,0.2060161808208675,0.2055157892124305,0.2017713352413414,0.2095373483866573,0.0406934517422954,0.002578489168406306,0.0002646712592512812,0.0018829232412753971,0.0004409027517406905,0.0034086594806952975,0.2055157892124305
1699,2017-05-08,0.2050822541152563,0.2046199525869208,0.2002451750267328,0.210482166935612,0.0399630247107178,-0.0009339267056112099,-0.0008958366255096828,-0.0015261602146085795,0.0009448185489547012,-0.0007304270315776004,0.2046199525869208
1700,2017-05-09,0.2044528498253579,0.2052511179531792,0.2011172802829125,0.2112380188425347,0.0325019395520047,-0.0006294042898983832,0.0006311653662584016,0.0008721052561797005,0.0007558519069227054,-0.0074610851587130975,0.2052511179531792
1701,2017-05-10,0.2053461807001426,0.2051493130382955,0.2007605000696004,0.2107970968540512,0.0476634588402304,0.0008933308747846869,-0.00010180491488370746,-0.00035678021331211895,-0.0004409219884835003,0.015161519288225699,0.2051493130382955
1702,2017-05-11,0.2047174997699766,0.2052311407336653,0.2007262599800554,0.210180810447629,0.0357702910153348,-0.0006286809301659924,8.182769536979606e-05,-3.424008954500124e-05,-0.0006162864064221951,-0.0118931678248956,0.2052311407336653
1703,2017-05-12,0.2049216679231842,0.2047808463153578,0.2012643314496899,0.2100330960225187,0.0374498605173239,0.00020416815320759008,-0.00045029441830748973,0.000538071469634499,-0.0001477144251103013,0.0016795695019891019,0.2047808463153578
1704,2017-05-15,0.2043093171835486,0.2072577346091304,0.2028784586708692,0.2112785439979961,0.062160578399168,-0.0006123507396355865,0.0024768882937726,0.0016141272211793178,0.0012454479754773762,0.024710717881844098,0.2072577346091304
1705,2017-05-16,0.2075344814978961,0.2094684632152678,0.2039943665549007,0.2141915517394963,0.0477955134448094,0.003225164314347495,0.0022107286061373854,0.0011159078840314862,0.0029130077415002176,-0.014365064954358596,0.2094684632152678
1706,2017-05-17,0.2070242132368401,0.2044533741380296,0.2023205216811796,0.2107297473755242,0.0554381736848186,-0.0005102682610560183,-0.005015089077238188,-0.0016738448737211031,-0.0034618043639721152,0.007642660240009196,0.2044533741380296
1707,2017-05-18,0.2034111241470866,0.2064388838035248,0.2015034441889182,0.2093153833249988,0.0572663046169591,-0.003613089089753496,0.001985509665495183,-0.0008170774922613977,-0.0014143640505253907,0.001828130932140501,0.2064388838035248
1708,2017-05-19,0.2069017396860071,0.2083426554380107,0.2043730143089158,0.2134105621809335,0.0400414321321866,0.003490615538920522,0.0019037716344859068,0.002869570119997611,0.004095178855934689,-0.017224872484772502,0.2083426554380107
1709,2017-05-22,0.2086163147729151,0.2102462836095198,0.2050106115556903,0.2145292543458258,0.037235271784883,0.0017145750869079768,0.001903628171509103,0.0006375972467745072,0.0011186921648922987,-0.0028061603473035976,0.2102462836095198
1710,2017-05-23,0.2101881900383527,0.2097960429898286,0.2054092613422,0.2153948272100198,0.0392903715686436,0.0015718752654376167,-0.00045024061969120566,0.00039864978650969163,0.000865572864194003,0.0020550997837606028,0.2097960429898286
1711,2017-05-24,0.2104738658612175,0.2114130679995142,0.20652508094471,0.216597929960245,0.0281193773625394,0.0002856758228647893,0.0016170250096856076,0.0011158196025100042,0.001203102750225199,-0.011170994206104203,0.2114130679995142
1712,2017-05-25,0.2112699671544629,0.2146268538734178,0.2095141676350952,0.2181599937621869,0.0285485548274211,0.0007961012932453937,0.003213785873903585,0.0029890866903851954,0.0015620638019419042,0.0004291774648817019,0.2146268538734178
1713,2017-05-26,0.2138215775220278,0.2144017245971362,0.2088366912315102,0.2193421422552576,0.0233695383040887,0.002551610367564905,-0.0002251292762815993,-0.0006774764035850089,0.0011821484930707171,-0.0051790165233324,0.2144017245971362
1714,2017-05-30,0.2140256484207495,0.2139922812614613,0.2105702940582829,0.220629714534617,0.0438586355457981,0.0002040708987217088,-0.0004094433356748861,0.0017336028267727066,0.0012875722793593836,0.0204890972417094,0.2139922812614613
1715,2017-05-31,0.2145360104466629,0.2128869528241368,0.2095341354371012,0.2182233556378939,0.0827693501262772,0.0005103620259133967,-0.0011053284373244987,-0.0010361586211816987,-0.002406358896723082,0.0389107145804791,0.2128869528241368
1716,2017-06-01,0.2122905871927866,0.2144221501384525,0.2094344494503479,0.219532064346712,0.0572044040210627,-0.0022454232538763053,0.0015351973143157005,-9.96859867533062e-05,0.0013087087088180793,-0.025564946105214502,0.2144221501384525
1717,2017-06-02,0.2153728845254177,0.2167352395785086,0.2110884043933525,0.2212629864574267,0.0759520311648866,0.003082297332631101,0.002313089440056093,0.001653954943004604,0.001730922110714711,0.018747627143823893,0.2167352395785086
1718,2017-06-05,0.2161689890004551,0.2177996990003284,0.2128021571331673,0.2227617295389443,0.0506553209752232,0.0007961044750373902,0.0010644594218197911,0.0017137527398148056,0.001498743081517595,-0.025296710189663396,0.2177996990003284
1719,2017-06-06,0.2171691920562873,0.2206654795583549,0.2157712920477511,0.2231205680581987,0.0583475016919496,0.001000203055832205,0.0028657805580264983,0.0029691349145838097,0.0003588385192543897,0.0076921807167264,0.2206654795583549
1720,2017-06-07,0.2204556927489365,0.2224464289518616,0.2170666371078788,0.2272368841961584,0.0453566299664911,0.0032865006926492135,0.0017809493935067033,0.001295345060127684,0.004116316137959708,-0.0129908717254585,0.2224464289518616
1721,2017-06-08,0.2223540339176235,0.2229786227970273,0.21762456804199,0.2277645771043393,0.0371073438866971,0.0018983411686870066,0.0005321938451657016,0.0005579309341112171,0.0005276929081809156,-0.008249286079794,0.2229786227970273
1722,2017-06-09,0.2230072123955543,0.2087520270421972,0.2183817724466141,0.2122706454569972,0.0779204701143923,0.0006531784779307825,-0.014226595754830096,0.0007572044046240956,-0.015493931647342113,0.04081312622769521,0.2087520270421972
1723,2017-06-12,0.2052278789639575,0.2070325515342325,0.2030976460155995,0.2071411969836658,0.1029571978012908,-0.017779333431596794,-0.0017194755079646962,-0.015284126431014622,-0.0051294484733314105,0.02503672768689849,0.2070325515342325
1724,2017-06-13,0.2081468735126416,0.2076057040592634,0.2050704440349749,0.2114051927192972,0.0439205361416945,0.0029189945486841062,0.0005731525250309011,0.0019727980193754158,0.0042639957356314095,-0.0590366616595963,0.2076057040592634
1725,2017-06-14,0.2070650349397809,0.2017308772280427,0.2046719159624994,0.2060857765545983,0.0655898714118287,-0.001081838572860705,-0.005874826831220703,-0.0003985280724755069,-0.005319416164698887,0.021669335270134205,0.2017308772280427
1726,2017-06-15,0.1984713030405451,0.1987012798834277,0.1960234888266135,0.203995957725272,0.066175863719648,-0.00859373189923579,-0.003029597344614998,-0.0086484271358859,-0.002089818829326323,0.0005859923078192913,0.1987012798834277
1727,2017-06-16,0.1989407740609705,0.1999908685815291,0.1969201960052975,0.2044814591061274,0.0710082369059606,0.0004694710204253827,0.0012895886981013904,0.0008967071786840086,0.00048550138085540206,0.004832373186312605,0.1999908685815291
1728,2017-06-19,0.2015740462797986,0.2067869249851462,0.2021013052939774,0.2079222484014623,0.066217130783579,0.0026332722188281144,0.006796056403617107,0.005181109288679903,0.003440789295334923,-0.004791106122381594,0.2067869249851462
1729,2017-06-20,0.2058811225945822,0.1997453137639312,0.2016629292860097,0.2057691765492739,0.0576005678347996,0.004307076314783581,-0.007041611221214994,-0.00043837600796770015,-0.0021530718521884096,-0.008616562948779403,0.1997453137639312
1730,2017-06-21,0.1995735892775046,0.2006254770592299,0.1958840207423919,0.2047770135060687,0.0428310856539179,-0.0063075333170775905,0.0008801632952986915,-0.005778908543617817,-0.0009921630432052075,-0.014769482180881706,0.2006254770592299
1731,2017-06-22,0.1999410141923154,0.1978825008093105,0.1964419771292013,0.2033838194872671,0.0321346626830194,0.0003674249148108155,-0.002742976249919399,0.0005579563868094162,-0.0013931940188015857,-0.010696422970898498,0.1978825008093105
1732,2017-06-23,0.1973486706937423,0.2005026906839949,0.1954058004030712,0.2039538138077798,0.0658333470890213,-0.002592343498573124,0.0026201898746844032,-0.0010361767261301003,0.0005699943205126901,0.033698684406001905,0.2005026906839949
1733,2017-06-26,0.2006962652906559,0.1965519354984718,0.1967010059481967,0.2024127946926159,0.0511340189168221,0.003347594596913611,-0.003950755185523097,0.001295205545125494,-0.0015410191151639108,-0.014699328172199204,0.1965519354984718
1734,2017-06-27,0.1953890413644206,0.1921509576261296,0.1912210737454876,0.1977899890180899,0.0555908618213631,-0.0053072239262353105,-0.004400977872342199,-0.005479932202709092,-0.004622805674525998,0.004456842904541,0.1921509576261296
1735,2017-06-28,0.1930619928266917,0.195978800906313,0.1912609189848232,0.1962068066403494,0.065775573199518,-0.0023270485377288874,0.0038278432801834017,3.98452393355897e-05,-0.001583182377740494,0.010184711378154902,0.195978800906313
1736,2017-06-29,0.1946541230050988,0.1893669868306008,0.1900253835292345,0.1922805117957953,0.0666545616612469,0.0015921301784070918,-0.006611814075712208,-0.0012355354555886877,-0.00392629484455409,0.0008789884617289023,0.1893669868306008
1737,2017-06-30,0.1908574655513864,0.187320075011052,0.1863190079455438,0.1926394542009414,0.0544766510952278,-0.003796657453712382,-0.0020469118195488023,-0.0037063755836907186,0.00035894240514608433,-0.012177910566019107,0.187320075011052
1738,2017-07-03,0.1884079101272214,0.1874019027064218,0.1851831069072608,0.1916050535093861,0.0308718905267328,-0.002449555424165001,8.182769536979606e-05,-0.0011359010382829826,-0.001034400691555304,-0.023604760568495,0.1874019027064218
1739,2017-07-05,0.1872647823718579,0.1889166565465491,0.1843860036884892,0.1914361806560052,0.0685280863637114,-0.0011431277553635155,0.0015147538401273086,-0.0007971032187716054,-0.00016887285338088032,0.0376561958369786,0.1889166565465491
1740,2017-07-06,0.187489405722441,0.1893056743409077,0.1850436864936321,0.1919217612017073,0.0504407322427823,0.00022462335058309746,0.0003890177943585982,0.0006576828051428896,0.00048558054570210785,-0.018087354120929093,0.1893056743409077
1741,2017-07-07,0.190265505148026,0.1935838658380149,0.1894874259148182,0.196227959813599,0.0487364025024347,0.0027760994255850158,0.004278191497107203,0.004443739421186116,0.004306198611891687,-0.0017043297403476002,0.1935838658380149
1742,2017-07-10,0.193266102527484,0.195753617831415,0.1908822853959192,0.1981277071305706,0.0488849639325861,0.0030005973794579865,0.0021697519934001097,0.0013948594811009907,0.001899747316971595,0.00014856143015139905,0.195753617831415
1743,2017-07-11,0.195225743433269,0.1984147484530925,0.1941503757004918,0.2008296761416118,0.0483938858718079,0.001959640905785015,0.002661130621677499,0.0032680903045725906,0.0027019690110411942,-0.0004910780607782009,0.1984147484530925
1744,2017-07-12,0.1994510879741908,0.1999908685815291,0.1974980854740662,0.204397021763909,0.0310782258463874,0.004225344540921799,0.0015761201284365811,0.0033477097735744032,0.0035673456222972133,-0.017315660025420503,0.1999908685815291
1745,2017-07-13,0.2000431358441042,0.1997862545109243,0.1965615869514799,0.204967037569627,0.0341443686964559,0.0005920478699133758,-0.00020461407060479164,-0.0009364985225862876,0.0005700158057179994,0.0030661428500685026,0.1997862545109243
1746,2017-07-14,0.199940965580335,0.2039620134426243,0.1987136241886131,0.2062756883358479,0.0386754923160726,-0.0001021702637691857,0.004175758931699997,0.0021520372371331975,0.0013086507662208868,0.004531123619616696,0.2039620134426243
1747,2017-07-17,0.2041256064225183,0.2029181050922255,0.1996103998095779,0.2075633914527764,0.0326628811013354,0.0041846408421833126,-0.0010439083503988034,0.0008967756209647959,0.0012877031169285236,-0.006012611214737194,0.2029181050922255
1748,2017-07-18,0.2022067910852083,0.2043509774383667,0.1990324810364618,0.2071834010053965,0.0292789818589986,-0.0019188153373100036,0.0014328723461412007,-0.0005779187731161095,-0.0003799904473799076,-0.0033838992423368026,0.2043509774383667
1749,2017-07-19,0.2054319865782055,0.2075442839723377,0.2025994522650095,0.21208066228365,0.0449150723824301,0.003225195492997185,0.003193306533971013,0.0035669712285477106,0.00489726127825349,0.0156360905234315,0.2075442839723377
1750,2017-07-20,0.2075549231721677,0.2081788745171663,0.2027589011982771,0.2120806915590247,0.0235923804493157,0.0021229365939622047,0.0006345905448285893,0.00015944893326760856,2.9275374707760093e-08,-0.021322691933114403,0.2081788745171663
1751,2017-07-21,0.2061056049955206,0.2044737996793459,0.2023603362988325,0.2092520676815964,0.040367441937241,-0.0014493181766470908,-0.003705074837820399,-0.00039856489944462004,-0.002828623877428299,0.016775061487925298,0.2044737996793459
1752,2017-07-24,0.2040439836984748,0.2051288874969792,0.2010850498654277,0.2107508475670651,0.032031495023192,-0.002061621297045818,0.000655087817633293,-0.0012752864334047986,0.001498779885468704,-0.008335946914049,0.2051288874969792
1753,2017-07-25,0.2040847673473775,0.2028976257522929,0.1999690689860818,0.2087876877188225,0.0457651738994074,4.078364890269803e-05,-0.002231261744686297,-0.0011159808793458903,-0.001963159848242607,0.013733678876215405,0.2028976257522929
1754,2017-07-26,0.2010433000343577,0.2064593990092016,0.2010252212709267,0.2079011192311479,0.0352585794225912,-0.0030414673130197967,0.003561773256908707,0.0010561522848449023,-0.0008865684876745994,-0.010506594476816199,0.2064593990092016
1755,2017-07-27,0.2059423188770442,0.2045556991062041,0.2014237749416272,0.2079222339138374,0.0610051006091018,0.004899018842686509,-0.001903699902997491,0.0003985536707004911,2.1114682689504782e-05,0.0257465211865106,0.2045556991062041
1756,2017-07-28,0.1995123541370547,0.1932358425892657,0.1950669997977779,0.1988454141541425,0.0769506941120153,-0.006429964739989497,-0.011319856516938398,-0.0063567751438493025,-0.009076819759694904,0.015945593502913497,0.1932358425892657
1757,2017-07-31,0.193061907496511,0.1896125775139429,0.1888097877722514,0.1952357149229683,0.0505810402601475,-0.0064504466405437,-0.003623265075322818,-0.006257212025526482,-0.0036096992311742127,-0.0263696538518678,0.1896125775139429
1758,2017-08-01,0.1895305293869866,0.1896125775139429,0.1854221776085461,0.1939058634037615,0.0725351182714052,-0.0035313781095243912,0.0,-0.0033876101637053124,-0.0013298515192067817,0.021954078011257698,0.1896125775139429
1759,2017-08-02,0.1902042466369242,0.184249572785188,0.1859005221508736,0.1898108412043328,0.0639474422673775,0.0006737172499375887,-0.005363004728754894,0.0004783445423275079,-0.0040950221994286995,-0.008587676004027697,0.184249572785188
1760,2017-08-03,0.1834476771255223,0.18210021046736,0.1799821353803898,0.1867711596869734,0.0670589788877701,-0.006756569511401911,-0.002149362317828002,-0.005918386770483813,-0.0030396815173594216,0.0031115366203925965,0.18210021046736
1761,2017-08-04,0.1817125942801383,0.1818341045783411,0.1791252639689834,0.1866022820665627,0.0467679635529291,-0.001735082845383984,-0.00026610588901890275,-0.0008568714114063902,-0.000168877620410679,-0.020291015334840998,0.1818341045783411
1762,2017-08-07,0.1817330354808293,0.1883435578201346,0.1847049002742057,0.1879321592476915,0.0829467985011802,2.0441200691001526e-05,0.0065094532417935,0.005579636305222291,0.0013298771811287857,0.036178834948251096,0.1883435578201346
1763,2017-08-08,0.1877751011218433,0.1856210071115314,0.1835889190182338,0.1907818002372024,0.0544353840312969,0.006042065641014005,-0.002722550708603194,-0.0011159812559718985,0.0028496409895109043,-0.028511414469883298,0.1856210071115314
1764,2017-08-09,0.1838763072133407,0.1872586011255101,0.1830309572379749,0.1889031098268708,0.0383247222726597,-0.003898793908502618,0.0016375940139786993,-0.000557961780258881,-0.0018786904103315905,-0.0161106617586372,0.1872586011255101
1765,2017-08-10,0.1853256065802276,0.1804216577735163,0.1815164984234521,0.1856101438893272,0.0480967630115052,0.001449299366886897,-0.006836943351993807,-0.0015144588145228066,-0.003292965937543607,0.009772040738845501,0.1804216577735163
1766,2017-08-11,0.1810465497752467,0.1861712593588969,0.1817567519095095,0.1872010010741518,0.0441351248741354,-0.004279056804980891,0.005749601585380598,0.0002402534860573846,0.0015908571848246011,-0.0039616381373697995,0.1861712593588969
1767,2017-08-14,0.1879718981229908,0.1885617291420433,0.1860298038966897,0.1933850322920567,0.0498918802925009,0.006925348347744109,0.002390469783146415,0.004273051987180199,0.006184031217904895,0.005756755418365497,0.1885617291420433
1768,2017-08-15,0.1879102742417064,0.1875725698501507,0.1835622625915678,0.192322501685097,0.0463841798583714,-6.16238812844172e-05,-0.0009891592918926106,-0.0024675413051218897,-0.001062530606959683,-0.0035077004341294987,0.1875725698501507
1769,2017-08-16,0.1870266837346182,0.1893449114650518,0.1851872996076976,0.1921525558862805,0.0317550056948548,-0.0008835905070881944,0.0017723416149011129,0.0016250370161297878,-0.0001699457988165176,-0.014629174163516598,0.1893449114650518
1770,2017-08-17,0.1880335829592563,0.1849966024380528,0.1841039277532917,0.1907286820180855,0.0381967943744738,0.0010068992246380915,-0.004348309026999009,-0.001083371854405879,-0.001423873868195008,0.006441788679618997,0.1849966024380528
1771,2017-08-18,0.1851360488082127,0.186006438331471,0.182539176536486,0.1897936692087927,0.0465244878757366,-0.0028975341510436015,0.001009835893418215,-0.0015647512168057154,-0.0009350128092927845,0.0083276935012628,0.186006438331471
1772,2017-08-21,0.1848072505890351,0.183430452986501,0.1809743811644174,0.1879448284263141,0.0399795315362902,-0.000328798219177584,-0.00257598534497,-0.001564795372068578,-0.0018488407824786002,-0.006544956339446399,0.183430452986501
1773,2017-08-22,0.1848277864479612,0.1889739341400208,0.1847258600634395,0.1901336710478457,0.0362943827272577,2.0535858926085115e-05,0.005543481153519797,0.0037514788990220815,0.0021888426215316004,-0.0036851488090325,0.1889739341400208
1774,2017-08-23,0.1874376117814606,0.1884587047918571,0.1842042255394469,0.1927900256384188,0.0240834585100939,0.002609825333499405,-0.0005152293481636983,-0.0005216345239925924,0.00265635459057309,-0.012210924217163799,0.1884587047918571
1775,2017-08-24,0.1884651785346498,0.1860888757444921,0.18428453274368,0.1909412354039057,0.0386342252521417,0.001027566753189213,-0.0023698290473650185,8.030720423310433e-05,-0.0018487902345130924,0.014550766742047798,0.1860888757444921
1776,2017-08-25,0.1864101299149554,0.1864597813380347,0.1834218538269876,0.191429980835854,0.0195647150096564,-0.0020550486196944107,0.00037090559354260866,-0.0008626789166923943,0.0004887454319482953,-0.019069510242485297,0.1864597813380347
1777,2017-08-28,0.1861840720465225,0.1886442024208086,0.1836826419584339,0.1925350258121989,0.0405077499546062,-0.00022605786843291065,0.002184421082773891,0.0002607881314462823,0.0011050449763448933,0.0209430349449498,0.1886442024208086
1778,2017-08-29,0.1865951028228778,0.1903958853670561,0.1855483764181271,0.1918762662181276,0.0191314108383816,0.00041103077635532004,0.0017516829462475014,0.001865734459693208,-0.0006587595940713009,-0.0213763391162246,0.1903958853670561
1779,2017-08-30,0.1894104796628028,0.1927451992087443,0.1877752191022318,0.1958502504813946,0.0222099338076294,0.002815376839924999,0.002349313841688211,0.002226842684104696,0.003973984263267005,0.003078522969247797,0.1927451992087443
1780,2017-08-31,0.1930683617840879,0.1930748950622123,0.1889186849872761,0.1978053106661814,0.0428723527178488,0.0036578821212850943,0.0003296958534679817,0.001143465885044298,0.0019550601847868054,0.020662418910219398,0.1930748950622123
1781,2017-09-01,0.1933766453683789,0.1938786284566418,0.1893199512626381,0.1978265794230109,0.0226638715108697,0.000308283584290997,0.0008037333944295177,0.00040126627536199444,2.1268756829506685e-05,-0.020208481206979097,0.1938786284566418
1782,2017-09-05,0.1930478114248054,0.1930130625192285,0.1898414985817203,0.1966364815360914,0.035118271405226,-0.0003288339435734977,-0.0008655659374132985,0.0005215473190822162,-0.0011900978869195111,0.012454399894356299,0.1930130625192285
1783,2017-09-06,0.1926162696367919,0.1947441226625667,0.1896810272814596,0.197252774572495,0.0395173404202637,-0.0004315417880134953,0.0017310601433381811,-0.00016047130026070056,0.0006162930364035923,0.004399069015037699,0.1947441226625667
1784,2017-09-07,0.1942808142648049,0.1964339551329582,0.1914464196520957,0.1992503735932015,0.0281400108945048,0.0016645446280129927,0.0016898324703915057,0.001765392370636082,0.0019975990207065086,-0.011377329525758897,0.1964339551329582
1785,2017-09-08,0.1957194104416258,0.1944350854777521,0.1921486598401651,0.1998879932610741,0.0278717749789538,0.0014385961768209055,-0.001998869655206098,0.000702240188069414,0.0006376196678725965,-0.0002682359155510017,0.1944350854777521
1786,2017-09-11,0.1956576422696316,0.2002463761431399,0.1960605331455793,0.2023317504588928,0.0420263779072646,-6.176817199421425e-05,0.005811290665387797,0.003911873305414204,0.0024437571978186967,0.014154602928310802,0.2002463761431399
1787,2017-09-12,0.1995211330834149,0.2018538608648708,0.1969633660543258,0.2051369723766266,0.0349573298558954,0.0038634908137833157,0.0016074847217309174,0.000902832908746487,0.0028052219177338023,-0.007069048051369202,0.2018538608648708
1788,2017-09-13,0.1989251930646666,0.1993603129329219,0.1961207883606945,0.2040531609070567,0.0532964130668031,-0.0005959400187482977,-0.0024935479319489195,-0.0008425776936313023,-0.0010838114695699008,0.0183390832109077,0.1993603129329219
1789,2017-09-14,0.1984731038970507,0.200844096702941,0.1964819110402098,0.2049032251484372,0.0410359683729222,-0.00045208916761591,0.0014837837700191203,0.00036112267951529664,0.0008500642413805104,-0.0122604446938809,0.200844096702941
1790,2017-09-15,0.2006103251006921,0.2032758300247782,0.1983075019591279,0.206645822335949,0.1010589128604678,0.002137221203641404,0.0024317333218371873,0.001825590918918124,0.0017425971875117963,0.060022944487545596,0.2032758300247782
1791,2017-09-18,0.2034667699644551,0.207953799039501,0.2032626631270404,0.2097272216101693,0.0648429375546788,0.0028564448637629913,0.00467796901472281,0.004955161167912475,0.003081399274220298,-0.03621597530578899,0.207953799039501
1792,2017-09-19,0.2082138417127156,0.210220657535296,0.2065728047079353,0.213679927953193,0.0745860913487727,0.004747071748260501,0.002266858495794999,0.003310141580894904,0.003952706343023693,0.009743153794093892,0.210220657535296
1793,2017-09-20,0.2100838891836655,0.2053777957616589,0.2054894635517785,0.2095146747671443,0.0724938512074742,0.0018700474709499038,-0.004842861773637103,-0.0010833411561567974,-0.004165253186048684,-0.002092240141298496,0.2053777957616589
1794,2017-09-21,0.2049874547124832,0.2050892737825211,0.2006145321357293,0.2094509264065406,0.0591191957874581,-0.005096434471182298,-0.0002885219791378124,-0.004874931416049194,-6.374836060371591e-05,-0.013374655420016104,0.2050892737825211
1795,2017-09-22,0.2042065783798393,0.2072943356010765,0.2026608160703275,0.2111723006550149,0.0498671200541423,-0.0007808763326438983,0.0022050618185553983,0.0020462839345981865,0.0017213742484743222,-0.009252075733315795,0.2072943356010765
1796,2017-09-25,0.2056861482457813,0.2040382819476447,0.2016376675478789,0.2090896583447732,0.0595978937290569,0.0014795698659419987,-0.0032560536534317897,-0.001023148522448586,-0.002082642310241717,0.009730773674914595,0.2040382819476447
1797,2017-09-26,0.2050490959517623,0.2043679957339849,0.2007148390494006,0.2088346355595505,0.0349284429111437,-0.0006370522940190027,0.00032971378634019666,-0.0009228284984783008,-0.00025502278522268607,-0.024669450817913198,0.2043679957339849
1798,2017-09-27,0.2060766028352746,0.2146719191809928,0.2107455662305065,0.2117885554520466,0.0920957065746686,0.0010275068835123025,0.010303923447007896,0.010030727181105897,0.002953919892496104,0.057167263663524905,0.2146719191809928
1799,2017-09-28,0.2121388899113087,0.2162174996282515,0.2110264175946035,0.2193751924957317,0.0765957973622092,0.006062287076034095,0.001545580447258721,0.0002808513640970012,0.0075866370436850905,-0.015499909212459403,0.2162174996282515
1800,2017-09-29,0.2160433624028574,0.2184431125182278,0.2128318989223769,0.2213302519365961,0.0445189085686931,0.0039044724915487106,0.002225612889976275,0.0018054813277733894,0.0019550594408644095,-0.0320768887935161,0.2184431125182278
1801,2017-10-02,0.2168860100096565,0.2162793680369795,0.2126313711562188,0.2207353104625632,0.0480307357092157,0.0008426476067990851,-0.0021637444812482864,-0.00020052776615808732,-0.0005949414740329118,0.0035118271405225956,0.2162793680369795
1802,2017-10-03,0.215837896697427,0.2119310590099806,0.2109862809323071,0.217505079289155,0.0713053597662633,-0.0010481133122294817,-0.004348309026998898,-0.0016450902239117104,-0.0032302311734082045,0.023274624057047603,0.2119310590099806
1803,2017-10-04,0.2109058102400565,0.2122607369305766,0.206793391223354,0.2147211336623994,0.0593998118221884,-0.004932086457370505,0.00032967792059598877,-0.004192889708953096,-0.0027839456267556018,-0.011905547944074904,0.2122607369305766
1804,2017-10-05,0.2127759732849508,0.209519984356797,0.2078166069231351,0.2153800089736922,0.0476634588402304,0.0018701630448942907,-0.0027407525737795924,0.001023215699781116,0.0006588753112928003,-0.011736352981958,0.209519984356797
1805,2017-10-06,0.2090768626233296,0.2111685353556257,0.2059508252272348,0.2152099114915245,0.0398309701061388,-0.00369911066162118,0.0016485509988287128,-0.0018657816959003204,-0.0001700974821677026,-0.007832488734091599,0.2111685353556257
1806,2017-10-09,0.2111114056548452,0.214218558241557,0.2095619464266085,0.2181001354943302,0.0364800845149469,0.0020345430315155955,0.003050022885931286,0.003611121199373707,0.002890224002805697,-0.003350885591191899,0.214218558241557
1807,2017-10-10,0.2156529752665412,0.2152489452063962,0.2105248977088021,0.2196727238324725,0.0354814215678182,0.004541569611695995,0.0010303869648392028,0.0009629512821935915,0.0015725883381423056,-0.0009986629471286992,0.2152489452063962
1808,2017-10-11,0.2138650334116733,0.2155373775211735,0.2109260460164589,0.2205651884859703,0.0274343441012858,-0.0017879418548679138,0.0002884323147772927,0.00040114830765680676,0.0008924646534977931,-0.008047077466532403,0.2155373775211735
1809,2017-10-12,0.2155501386554454,0.2160113612635186,0.2121698577978062,0.2220740112115535,0.0386713656096796,0.001685105243772106,0.0004739837423451132,0.0012438117813473037,0.0015088227255832254,0.011237021508393799,0.2160113612635186
1810,2017-10-13,0.2162489341043059,0.2170006281526437,0.2128520217453412,0.2227541317616369,0.0414733992505901,0.0006987954488605064,0.0009892668891250955,0.0006821639475350083,0.000680120550083374,0.0028020336409105007,0.2170006281526437
1811,2017-10-16,0.2178517959991439,0.22118397268924,0.2154399065573137,0.2233703696847913,0.0858313662699526,0.0016028618948379925,0.004183344536596301,0.0025878848119725018,0.0006162379231544057,0.044357967019362496,0.22118397268924
1812,2017-10-17,0.2216124500752818,0.2225853011133659,0.2172454347525843,0.2268342884511566,0.0453772634984566,0.0037606540761379037,0.0014013284241259083,0.0018055281952705782,0.003463918766365315,-0.04045410277149599,0.2225853011133659
1813,2017-10-18,0.2223317227980069,0.222750158006536,0.2171250769109709,0.225516736513692,0.0356134761723972,0.000719272722725095,0.00016485689317008445,-0.0001203578416133777,-0.001317551937464606,-0.009763787326059405,0.222750158006536
1814,2017-10-19,0.2193109041332943,0.2226677923250033,0.2168041368546551,0.2247729871948462,0.0292253346758884,-0.003020818664712599,-8.23656815326923e-05,-0.0003209400563158049,-0.0007437493188457989,-0.006388141496508799,0.2226677923250033
1815,2017-10-20,0.224119624382368,0.2232654052875718,0.2189707768530934,0.2292782276459939,0.0345033921526551,0.004808720249073695,0.0005976129625684945,0.0021666399984383022,0.004505240451147696,0.005278057476766698,0.2232654052875718
1816,2017-10-23,0.2239757414738373,0.2221525629768395,0.2186497543321789,0.22834314028519,0.0479853419388917,-0.0001438829085306792,-0.0011128423107323038,-0.0003210225209145101,-0.0009350873608038879,0.013481949786236604,0.2221525629768395
1817,2017-10-24,0.2214480479489409,0.2219258376749414,0.2170046790066401,0.2275143096891277,0.0424431752529671,-0.0025276935248964016,-0.0002267253018981008,-0.0016450753255387862,-0.0008288305960623132,-0.005542166685924603,0.2219258376749414
1818,2017-10-25,0.2206260693068848,0.2199062914182097,0.215881271301834,0.2235828882701551,0.0659241346296693,-0.0008219786420561037,-0.0020195462567317024,-0.001123407704806123,-0.003931421418972597,0.0234809593767022,0.2199062914182097
1819,2017-10-26,0.2199684941480788,0.2243163971224483,0.2202346304396303,0.2273868671953542,0.0969445865865535,-0.0006575751588059897,0.004410105704238609,0.004353359137796303,0.0038039789251990974,0.0310204519568842,0.2243163971224483
1820,2017-10-27,0.2223317755334121,0.2227090020650778,0.219672926393983,0.220161501089986,0.1022308974761063,0.002363281385333288,-0.0016073950573705087,-0.0005617040456472877,-0.007225366105368197,0.005286310889552795,0.2227090020650778
1821,2017-10-30,0.2222906141231992,0.2212251824293145,0.2179275229875527,0.2262180110158241,0.0784486885327082,-4.1161410212903204e-05,-0.0014838196357633004,-0.0017454034064303126,0.006056509925838088,-0.023782208943398095,0.2212251824293145
1822,2017-10-31,0.2214892027817856,0.2243988345354693,0.2199337096420935,0.2270681015093076,0.1128241527871775,-0.0008014113414135937,0.003173652106154806,0.0020061866545408036,0.0008500904934835019,0.0343754642544693,0.2243988345354693
1823,2017-11-01,0.226051272708886,0.2166914475048524,0.2206959966138363,0.2190776221739328,0.0955786467704395,0.004562069927100398,-0.007707387030616908,0.0007622869717427982,-0.007990479335374778,-0.017245506016738008,0.2166914475048524
1824,2017-11-02,0.2162284103998265,0.2192262948412363,0.2135341495564665,0.222074128537871,0.0718005645334345,-0.009822862309059516,0.0025348473363838997,-0.007161847057369802,0.002996506363938195,-0.02377808223700499,0.2192262948412363
1825,2017-11-03,0.2179956806339595,0.219061402082322,0.2139553973726277,0.2243479540312562,0.0477047259041613,0.001767270234133006,-0.00016489275891429234,0.00042124781616120766,0.002273825493385201,-0.024095838629273204,0.219061402082322
1826,2017-11-06,0.2185094194474122,0.2174333662891701,0.2146374654775223,0.223264128442522,0.0464295736286954,0.0005137388134527077,-0.0016280357931519052,0.0006820681048946009,-0.0010838255887342108,-0.0012751522754658948,0.2174333662891701
1827,2017-11-07,0.216659927412262,0.2215343451442337,0.2157809893267556,0.2234766749863831,0.0517530248757861,-0.0018494920351501964,0.004100978855063608,0.0011435238492333022,0.00021254654386110294,0.005323451247090695,0.2215343451442337
1828,2017-11-08,0.2210987231308429,0.2206687971396925,0.2163627515065735,0.2258992773984215,0.0458518347336623,0.004438795718580885,-0.0008655480045411945,0.0005817621798178962,0.0024226024120383993,-0.0059011901421237994,0.2206687971396925
1829,2017-11-09,0.2189204089651797,0.211024319198237,0.21373469984623,0.2162937613193103,0.0868506627490467,-0.002178314165663192,-0.00964447794145551,-0.0026280516603434945,-0.009605516079111198,0.040998828015384396,0.211024319198237
1830,2017-11-10,0.2100221723787338,0.2111067207455139,0.2068335247639518,0.2159324639589173,0.0898095112328948,-0.008898236586445896,8.240154727690019e-05,-0.006901175082278194,-0.00036129736039300364,0.0029588484838481005,0.2111067207455139
1831,2017-11-13,0.2086248296779596,0.2100557827092538,0.2066931604005952,0.2151249956805368,0.0932264241263762,-0.0013973427007742123,-0.0010509380362601073,-0.00014036436335659874,-0.000807468278380491,0.003416912893481408,0.2100557827092538
1832,2017-11-14,0.2094673749291556,0.2117347299262837,0.2062419000047465,0.2152445610488776,0.0761129727142173,0.0008425452511960085,0.001678947217029908,-0.0004512603958487238,0.00011956536834079046,-0.017113451412158906,0.2117347299262837
1833,2017-11-15,0.2109142327265048,0.2133929108774274,0.2084614698226773,0.2148384145554594,0.0870487446559152,0.0014468577973492103,0.0016581809511437007,0.002219569817930811,-0.0004061464934181913,0.010935771941697897,0.2133929108774274
1834,2017-11-16,0.2139113983330713,0.2171654312471975,0.2158265904582083,0.2197119312977736,0.0933584787309552,0.0029971656065664876,0.003772520369770105,0.007365120635530992,0.0048735167423142045,0.006309734075039999,0.2171654312471975
1835,2017-11-17,0.2186034375749689,0.2106983533821647,0.2149387361649732,0.217018691214367,0.0698898994734322,0.004692039241897594,-0.006467077865032811,-0.0008878542932350963,-0.0026932400834066006,-0.023468579257522992,0.2106983533821647
1836,2017-11-20,0.2108108966947747,0.21248091673416,0.2083404241166364,0.2174247866267661,0.0666669417804262,-0.007792540880194182,0.0017825633519953088,-0.006598312048336802,0.0004060954123990823,-0.0032229576930059983,0.21248091673416
1837,2017-11-21,0.2134359434910111,0.2170824737808857,0.2116294516065113,0.2206951106760355,0.0622554926462092,0.002625046796236402,0.004601557046725685,0.0032890274898749183,0.003270324049269413,-0.004411449134217003,0.2170824737808857
1838,2017-11-22,0.2184380126486698,0.2165435371758122,0.2132437088416563,0.2220203468914404,0.0497845859262805,0.0050020691576586895,-0.0005389366050734812,0.0016142572351449946,0.0013252362154048958,-0.012470906719928697,0.2165435371758122
1839,2017-11-24,0.2164743960796008,0.2177250265209245,0.2127190742690621,0.2224692206627419,0.0367854607880358,-0.0019636165690689877,0.0011814893451122799,-0.0005246345725942181,0.0004488737713015112,-0.0129991251382447,0.2177250265209245
1840,2017-11-27,0.2142214342795009,0.2163777657061653,0.2120734206474554,0.2186645549737791,0.0546375926445585,-0.0022529618000999008,-0.0013472608147591936,-0.0006456536216066788,-0.003804665688962816,0.0178521318565227,0.2163777657061653
1841,2017-11-28,0.2155235764215042,0.2221193333648473,0.2163511680135132,0.2228753345725676,0.0689366302966276,0.0013021421420032764,0.005741567658682001,0.004277747366057794,0.004210779598788517,0.014299037652069094,0.2221193333648473
1842,2017-11-29,0.2214971255306566,0.2080036524239253,0.2166739866027907,0.2114184164995881,0.1428418150905399,0.005973549109152404,-0.014115680940921999,0.0003228185892774904,-0.011456918072979522,0.0739051847939123,0.2080036524239253
1843,2017-11-30,0.2097981469302602,0.211921321460433,0.2105197431080219,0.2158217402714764,0.147302784701474,-0.011698978600396398,0.003917669036507698,-0.006154243494768785,0.004403323771888318,0.004460969610934118,0.211921321460433
1844,2017-12-01,0.2093020037585939,0.2152998924960183,0.2098537836385021,0.2131498110456547,0.0909980026741057,-0.0004961431716662967,0.0033785710355853094,-0.0006659594695198057,-0.002671929225821712,-0.056304782027368314,0.2152998924960183
1845,2017-12-04,0.2164124213931947,0.2091022918999583,0.2116496764361252,0.2141758240473618,0.077689374556379,0.007110417634600796,-0.0061976005960600045,0.0017958927976230998,0.001026013001707099,-0.013308628117726692,0.2091022918999583
1846,2017-12-05,0.2090746475430598,0.2127503760702607,0.2111855679659857,0.2138551970620333,0.0591522094386028,-0.007337773850134899,0.003648084170302407,-0.0004641084701395015,-0.00032062698532850376,-0.018537165117776207,0.2127503760702607
1847,2017-12-06,0.210500861282068,0.2129576621388077,0.2077754495846983,0.2162064364478332,0.0524586916690051,0.0014262137390081975,0.00020728606854700238,-0.003410118381287408,0.002351239385799897,-0.006693517769597694,0.2129576621388077
1848,2017-12-07,0.2131259647982183,0.2167716253759895,0.211871666555872,0.2198615667415512,0.0500775820801901,0.0026251035161503067,0.0038139632371818055,0.004096216971173711,0.003655130293718001,-0.002381109588815003,0.2167716253759895
1849,2017-12-08,0.2171978248985622,0.2155278730989631,0.2135463803370051,0.2218920813463703,0.0419727307241544,0.00407186010034391,-0.0012437522770264164,0.001674713781133097,0.0020305146048191225,-0.008104851356035697,0.2155278730989631
1850,2017-12-11,0.2154822256663706,0.2152583958299903,0.2112460561396398,0.2190705991465219,0.0459756359254551,-0.0017155992321916114,-0.00026947726897280644,-0.002300324197365311,-0.002821482199848402,0.004002905201300699,0.2152583958299903
1851,2017-12-12,0.2145728185432136,0.2136209632118606,0.2099143503614564,0.2180874274241573,0.053556395569568,-0.0009094071231569856,-0.0016374326181296806,-0.0013317057781833952,-0.0009831717223646175,0.007580759644112894,0.2136209632118606
1852,2017-12-13,0.2134359559478701,0.2152998924960183,0.2103985895723212,0.2186858842834447,0.0482783380928013,-0.001136862595343513,0.001678929284157693,0.00048423921086479527,0.0005984568592874162,-0.005278057476766698,0.2152998924960183
1853,2017-12-14,0.2181486487327281,0.2164399031079747,0.2145351266387258,0.2221913447827407,0.0566431719516019,0.0047126927848580025,0.001140010611956399,0.0041365370664046,0.0035054604992959815,0.008364833858800602,0.2164399031079747
1854,2017-12-15,0.2156476186447836,0.2189479766663206,0.2143333561655186,0.2205454992778963,0.1092916921146894,-0.0025010300879445,0.002508073558345897,-0.00020177047320718566,-0.0016458455048443954,0.052648520163087506,0.2189479766663206
1855,2017-12-18,0.226478584959396,0.2305348536487548,0.2264403212066497,0.2330070457452916,0.0723411630709298,0.010830966314612389,0.011586876982434213,0.012106965041131096,0.012461546467395307,-0.0369505290437596,0.2305348536487548
1856,2017-12-19,0.229434371759692,0.2313639799900709,0.2262990840950285,0.2360208989969243,0.0539855730344497,0.002955786800296012,0.0008291263413160999,-0.00014123711162120078,0.0030138532516326977,-0.0183555900364801,0.2313639799900709
1857,2017-12-20,0.2337750295368711,0.2330843880073846,0.2308997333031363,0.2380728918317442,0.0631468612271174,0.004340657777179097,0.0017204080173136849,0.004600649208107793,0.00205199283481991,0.009161288192667705,0.2330843880073846
1858,2017-12-21,0.2325348530565075,0.225145648993869,0.2274088950867331,0.2319169517971442,0.0523183836516399,-0.0012401764803635917,-0.007938739013515606,-0.003490838216403197,-0.006155940034600016,-0.010828477575477509,0.225145648993869
1859,2017-12-22,0.2248663615925587,0.2265965797422099,0.2211738121033935,0.2302924489231508,0.0241205988676317,-0.0076684914639487956,0.0014509307483409062,-0.006235082983339579,-0.0016245028739934053,-0.0281977847840082,0.2265965797422099
1860,2017-12-26,0.2244943016994867,0.2231350333074406,0.220588637518772,0.2289885792046049,0.0209224014129842,-0.00037205989307201315,-0.003461546434769286,-0.0005851745846215117,-0.0013038697185459025,-0.0031981974546475,0.2231350333074406
1861,2017-12-27,0.2230266964882983,0.222368044367934,0.2186514744421579,0.2277701593328751,0.0294605569402948,-0.0014676052111884108,-0.0007669889395066076,-0.0019371630766140957,-0.0012184198717297978,0.0085381555273106,0.222368044367934
1862,2017-12-28,0.2234814558926583,0.2235495516459184,0.2197814731180389,0.2290740478819553,0.039880490582856,0.0004547594043600167,0.0011815072779843838,0.0011299986758809832,0.001303888549080201,0.010419933642561198,0.2235495516459184
1863,2017-12-29,0.2228820104659913,0.2177871997884782,0.2182680844641623,0.2243074493400036,0.0449398326207887,-0.0005994454266670113,-0.005762351857440201,-0.0015133886538765962,-0.004766598541951689,0.0050593420379327,0.2177871997884782
1864,2018-01-02,0.2186034340790141,0.2199844070090559,0.2151606947303789,0.2242647551902143,0.0697000709793499,-0.0042785763869772064,0.0021972072205777016,-0.0031073897337833833,-4.269414978930186e-05,0.0247602383585612,0.2199844070090559
1865,2018-01-03,0.2188100962603378,0.2225546359020833,0.2170776058458996,0.2243929821494998,0.1128282794935705,0.0002066621813237024,0.0025702288930274098,0.0019169111155206975,0.00012822695928549344,0.0431282085142206,0.2225546359020833
1866,2018-01-04,0.2231301286169767,0.2229485135047797,0.2209115354074265,0.2273213844485243,0.0794597315990161,0.004320032356638914,0.0003938776026964075,0.0038339295615268942,0.0029284022990244962,-0.03336854789455439,0.2229485135047797
1867,2018-01-05,0.2240188345962362,0.2277158240882802,0.2233328254282456,0.2306343932236378,0.0606213169145441,0.0008887059792594965,0.004767310583500495,0.002421290020819089,0.0033130087751135073,-0.018838414684472005,0.2277158240882802
1868,2018-01-08,0.2243702670937827,0.2283377002267934,0.2238574986728646,0.2320237960828201,0.0318870602994338,0.00035143249754648886,0.0006218761385131943,0.0005246732446190228,0.0013894028591822927,-0.028734256615110303,0.2283377002267934
1869,2018-01-09,0.2280494816995606,0.226347814940507,0.22339339176877,0.2321947819155656,0.0357744177217279,0.003679214605777914,-0.001989885286286408,-0.0004641069040946244,0.00017098583274552381,0.0038873574222941035,0.226347814940507
1870,2018-01-10,0.2240808696932504,0.2202952733468241,0.2187523826757523,0.2238158305567802,0.0594039385285815,-0.003968612006310213,-0.006052541593682875,-0.004641009093017678,-0.008378951358785414,0.0236295208068536,0.2202952733468241
1871,2018-01-11,0.220422322961642,0.2202123696791285,0.2154027955951054,0.2243502109677091,0.0413042042884732,-0.0036585467316083975,-8.29036676956163e-05,-0.003349587080646921,0.000534380410928903,-0.0180997342401083,0.2202123696791285
1872,2018-01-12,0.2204429393029946,0.2223887389023317,0.2185303728340638,0.2271930076312015,0.0408791535299846,2.061634135261392e-05,0.0021763692232032172,0.003127577238958401,0.0028427966634924084,-0.0004250507584886015,0.2223887389023317
1873,2018-01-16,0.2243288838640016,0.2231557099089663,0.2204473354032724,0.2289885220991508,0.0615993463297073,0.003885944561006993,0.000766971006634587,0.001916962569208619,0.0017955144679492885,0.020720192799722703,0.2231557099089663
1874,2018-01-17,0.2258171877299662,0.2352400985619342,0.230859398133858,0.2322803285069075,0.0844901866921972,0.001488303865964602,0.012084388652967903,0.010412062730585592,0.0032918064077566977,0.022890840362489895,0.2352400985619342
1875,2018-01-18,0.2332375771129375,0.2376444842538264,0.2337246573901114,0.2394194817464859,0.0558384642049487,0.007420389382971293,0.0024043856918921913,0.0028652592562533885,0.007139153239578394,-0.028651722487248496,0.2376444842538264
1876,2018-01-19,0.2371855426609051,0.2384114373275888,0.2322920364937481,0.242796726978219,0.0407924926957296,0.0039479655479676135,0.0007669530737623997,-0.0014326208963632847,0.003377245231733106,-0.015045971509219103,0.2384114373275888
1877,2018-01-22,0.2377229943393445,0.2375201735844633,0.2338256053710568,0.2431815087992697,0.0452782225450223,0.0005374516784393824,-0.0008912637431254811,0.001533568877308683,0.00038478182105070036,0.0044857298492926995,0.2375201735844633
1878,2018-01-23,0.2373301875610479,0.2404634600156848,0.2347739104474449,0.2446990580242913,0.0489509912348756,-0.0003928067782965894,0.0029432864312214924,0.0009483050763881007,0.0015175492250215916,0.0036727686898532994,0.2404634600156848
1879,2018-01-24,0.2391904634020888,0.2382248457934395,0.2353187261096912,0.2435661725013409,0.0544972846271933,0.0018602758410408982,-0.0022386142222453054,0.0005448156622463174,-0.0011328855229503776,0.0055462933923177,0.2382248457934395
1880,2018-01-25,0.2424355964061814,0.2344109004891298,0.2454683631687944,0.2406591758986506,0.0765792905366369,0.0032451330040925985,-0.0038139453043097016,0.010149637059103184,-0.0029069966026903094,0.0220820059094436,0.2344109004891298
1881,2018-01-26,0.2294343223782546,0.2351363927626084,0.2334421364277108,0.235849845659045,0.09551261946815,-0.013001274027926807,0.0007254922734785951,-0.012026226741083584,-0.004809330239605614,0.018933328931513102,0.2351363927626084
1882,2018-01-29,0.2343331286884762,0.2324211048672038,0.2294872684011271,0.2379232754387598,0.0586198643138937,0.004898806310221604,-0.0027152878954045945,-0.003954868026583708,0.0020734297797148082,-0.036892755154256295,0.2324211048672038
1883,2018-01-30,0.2302198198081144,0.226783135410615,0.2260367596575876,0.2328360562416457,0.0636007989303577,-0.004113308880361793,-0.005637969456588787,-0.0034505087435394988,-0.005087219197114107,0.00498093461646399,0.226783135410615
1884,2018-01-31,0.2274293810962916,0.227591495486045,0.2240592762465686,0.23309253571767,0.0484475330549182,-0.0027904387118228013,0.0008083600754299758,-0.0019774834110189987,0.0002564794760243072,-0.01515326587543949,0.227591495486045
1885,2018-02-01,0.225858520219792,0.2303897946463777,0.2282564015666092,0.2331353250644946,0.0598867631765735,-0.0015708608764996024,0.0027982991603327234,0.004197125320040601,4.278934682461211e-05,0.011439230121655299,0.2303897946463777
1886,2018-02-02,0.2274500846723131,0.2207927850173579,0.2223239743569263,0.2275778548891915,0.0620986778032716,0.0015915644525210937,-0.009597009629019798,-0.0059324272096829,-0.005557470175303114,0.0022119146266980985,0.2207927850173579
1887,2018-02-05,0.219099490085173,0.2097655750401391,0.2165126355467894,0.2162919374643905,0.077821429160958,-0.008350594587140103,-0.011027209977218816,-0.005811338810136901,-0.011285917424801006,0.015722751357686394,0.2097655750401391
1888,2018-02-06,0.2048786842947626,0.2181188861907488,0.2124769705100457,0.2110337157662814,0.0901932949274525,-0.014220805790410379,0.008353311150609694,-0.004035665036743713,-0.005258221698109078,0.012371865766494503,0.2181188861907488
1889,2018-02-07,0.2157302915525925,0.2127918189376724,0.2127392647838868,0.2181728836955626,0.0673107079777488,0.010851607257829882,-0.005327067253076384,0.0002622942738411127,0.007139167929281182,-0.0228825869497037,0.2127918189376724
1890,2018-02-08,0.2129192228290387,0.2042519700515297,0.2095309350054726,0.2085756093337409,0.0989996863703141,-0.0028110687235538,-0.008539848886142704,-0.003208329778414204,-0.0095972743618217,0.031688978392565306,0.2042519700515297
1891,2018-02-09,0.2060982099870099,0.2091437527002422,0.2054347677076914,0.2054549007779456,0.0715818490946006,-0.006821012842028795,0.0048917826487125116,-0.0040961672977812,-0.0031207085557952985,-0.027417837275713508,0.2091437527002422
1892,2018-02-12,0.2103148433573309,0.2153828320294581,0.2114882427061851,0.2163133032696014,0.0724567108499364,0.0042166333703209935,0.006239079329215885,0.0060534749984937075,0.010858402491655816,0.0008748617553358123,0.2153828320294581
1893,2018-02-13,0.2135393185394374,0.216004654369355,0.2111048635667381,0.2196477853484051,0.0840362489889569,0.003224475182106501,0.0006218223398969103,-0.00038337913944699875,0.0033344820788036855,0.01157953813902049,0.216004654369355
1894,2018-02-14,0.2142978638753284,0.2240303140139155,0.2200385566550179,0.2211778873379775,0.0852164870173816,0.0007585453358910088,0.008025659644560479,0.008933693088279793,0.0015301019895724022,0.0011802380284247072,0.2240303140139155
1895,2018-02-15,0.2260635092032915,0.2269486737529247,0.2217837077121929,0.2229405420244207,0.1217502187154388,0.011765645327963092,0.002918359739009224,0.001745151057175015,0.0017626546864432102,0.036533731698057195,0.2269486737529247
1896,2018-02-16,0.2256269521972745,0.2241344502021716,0.2247870610809349,0.2309802177723554,0.0747882999620343,-0.00043655700601699654,-0.0028142235507531144,0.0030033533687419955,0.008039675747934683,-0.0469619187534045,0.2241344502021716
1897,2018-02-20,0.223007794783417,0.2304508202101173,0.227425241608717,0.2300129478510886,0.083953714861095,-0.002619157413857487,0.006316370007945715,0.0026381805277820858,-0.0009672699212667779,0.009165414899060698,0.2304508202101173
1898,2018-02-21,0.2303458187881391,0.2286164308577672,0.22622800825221,0.2348282242520675,0.0644591538601211,0.007338024004722082,-0.0018343893523501131,-0.0011972333565069826,0.004815276400978896,-0.019494561000973895,0.2286164308577672
1899,2018-02-22,0.2321334981900124,0.2270321154067831,0.2270802743787704,0.2327860158969722,0.0639103019098397,0.0017876794018732989,-0.0015843154509840862,0.0008522661265603915,-0.002042208355095304,-0.0005488519502813982,0.2270321154067831
1900,2018-02-23,0.2285164857375424,0.2302840624325051,0.2245639291192663,0.2337103678584248,0.0526485201630874,-0.003617012452469981,0.003251947025721985,-0.002516345259504116,0.0009243519614526019,-0.011261781746752304,0.2302840624325051
1901,2018-02-26,0.2311356667025465,0.2390392671796376,0.2328028972433235,0.2390199712872044,0.0484310262293458,0.002619180965004103,0.008755204747132511,0.008238968124057222,0.005309603428779591,-0.004217493933741601,0.2390392671796376
1902,2018-02-27,0.2379540349620748,0.2365170087194645,0.2346090712316256,0.2429969157638912,0.0391913306152093,0.006818368259528279,-0.0025222584601731213,0.001806173988302101,0.003976944476686811,-0.009239695614136505,0.2365170087194645
1903,2018-02-28,0.2373719300222767,0.2362042594301263,0.2333711303760102,0.2428678817488618,0.0465203611693435,-0.0005821049397981004,-0.00031274928933819335,-0.0012379408556154048,-0.0001290340150293945,0.007329030554134204,0.2362042594301263
1904,2018-03-01,0.2347318912983453,0.2318266122243798,0.2327420248120258,0.2369992963971317,0.0492068470312474,-0.0026400387239313983,-0.004377647205746488,-0.0006291055639844056,-0.005868585351730127,0.002686485861903898,0.2318266122243798
1905,2018-03-02,0.2287659013210256,0.2355788684486824,0.2298806829356873,0.2351505913114237,0.0397278024463115,-0.005965989977319702,0.003752256224302586,-0.0028613418763384912,-0.0018487050857079745,-0.009479044584935897,0.2355788684486824
1906,2018-03-05,0.2340875395935515,0.2372882836154018,0.2336349665252236,0.2403098203649628,0.0362407355441475,0.005321638272525908,0.001709415166719408,0.003754283589536278,0.005159229053539077,-0.0034870669021640002,0.2372882836154018
1907,2018-03-06,0.2385776252146423,0.2419577524487516,0.2368615879623841,0.2454689967388056,0.0428558458922764,0.004490085621090795,0.004669468833349788,0.003226621437160515,0.005159176373842805,0.006615110348128901,0.2419577524487516
1908,2018-03-07,0.2396793194385194,0.2448344182601398,0.2391343561239633,0.2475111054509737,0.0535729023951403,0.0011016942238770977,0.002876665811388207,0.002272768161579203,0.002042108712168117,0.010717056502863899,0.2448344182601398
1909,2018-03-08,0.2453958925779102,0.2438963855865903,0.2396011286333259,0.2501552110094041,0.0322997309387431,0.005716573139390807,-0.0009380326735494993,0.0004667725093625841,0.002644105558430365,-0.021273171456397198,0.2438963855865903
1910,2018-03-09,0.2446059455813549,0.2525474003468504,0.2462369655892226,0.2515309740809928,0.0506718278007956,-0.0007899469965552963,0.008651014760260117,0.006635836955896701,0.0013757630715887093,0.018372096862052496,0.2525474003468504
1911,2018-03-12,0.2536069338690401,0.2551322983292517,0.2498288776572135,0.2601510914281682,0.0430002806160347,0.009000988287685197,0.002584897982401302,0.003591912067990921,0.008620117347175438,-0.007671547184760902,0.2551322983292517
1912,2018-03-13,0.2565379747259269,0.2511507524023413,0.2515537939098635,0.258065943353459,0.0516333503903864,0.0029310408568867796,-0.0039815459269104125,0.0017249162526499773,-0.00208514807470922,0.008633069774351701,0.2511507524023413
1913,2018-03-14,0.2532743266694104,0.2510673645470992,0.2473531114821307,0.2573565510391435,0.0407140852742609,-0.003263648056516466,-8.338785524208969e-05,-0.004200682427732777,-0.0007093923143154934,-0.010919265116125496,0.2510673645470992
1914,2018-03-15,0.2506135596984535,0.2518386753087807,0.2485098443219173,0.257614524228336,0.0431694755781515,-0.002660766970956907,0.0007713107616814652,0.001156732839786595,0.0002579731891924619,0.002455390303890595,0.2518386753087807
1915,2018-03-16,0.2525883363136101,0.2514425740299446,0.2468051873847181,0.2582808860010897,0.0720522936234132,0.0019747766151566037,-0.0003961012788361029,-0.001704656937199206,0.0006663617727537541,0.0288828180452617,0.2514425740299446
1916,2018-03-19,0.2459363776683522,0.2417701387408928,0.241386941871132,0.2387190758535288,0.1716586058335121,-0.006651958645257916,-0.00967243528905179,-0.005418245513586106,-0.01956181014756092,0.09960631221009891,0.2417701387408928
1917,2018-03-20,0.2405316450072253,0.2442924868654264,0.2410419646689528,0.2469092546831242,0.1173882900579389,-0.005404732661126899,0.0025223481245336132,-0.00034497720217918637,0.008190178829595385,-0.054270315775573216,0.2442924868654264
1918,2018-03-21,0.2444397251892308,0.2461061099518904,0.2431322000790038,0.2523479222680734,0.0601137320281936,0.003908080182005502,0.001813623086463989,0.002090235410050989,0.005438667584949208,-0.05727455802974529,0.2461061099518904
1919,2018-03-22,0.2413215332964358,0.2353912726736958,0.237997964130209,0.2424594422041903,0.0673437216288935,-0.003118191892794997,-0.010714837278194583,-0.0051342359487948075,-0.009888480063883098,0.007229989600699899,0.2353912726736958
1920,2018-03-23,0.2357920446997013,0.2255103139479225,0.2301850740969379,0.2325065176124747,0.0896114293260263,-0.005529488596734494,-0.009880958725773298,-0.007812890033271097,-0.009952924591715595,0.022267707697132794,0.2255103139479225
1921,2018-03-26,0.2300963294841607,0.236308503215615,0.2303068696262195,0.2368918389199053,0.0866979746125022,-0.005695715215540603,0.010798189267692493,0.00012179552928159865,0.004385321307430606,-0.002913454713524097,0.236308503215615
1922,2018-03-27,0.2372679802066989,0.2247390390519851,0.2320723644700029,0.2300129394154026,0.0609762136643502,0.007171650722538198,-0.011569464163629889,0.0017654948437834106,-0.006878899504502711,-0.025721760948151998,0.2247390390519851
1923,2018-03-28,0.2237353444202078,0.222154159002456,0.2208299625167734,0.2258211215343856,0.0616034730361004,-0.01353263578649111,-0.0025848800495291147,-0.011242401953229508,-0.004191817881016996,0.0006272593717501981,0.222154159002456
1924,2018-03-29,0.2234443205180475,0.2272405491791443,0.2243000869728728,0.2282287222604894,0.0463429127944405,-0.0002910239021602923,0.005086390176688299,0.0034701244560993993,0.002407600726103798,-0.0152605602416599,0.2272405491791443
1925,2018-04-02,0.2251489471419643,0.2195693327515431,0.2204647395283645,0.2236285205872737,0.0575593007708687,0.001704626623916794,-0.007671216427601185,-0.0038353474445082802,-0.004600201673215704,0.011216387976428203,0.2195693327515431
1926,2018-04-03,0.2211785540441512,0.2242388015848929,0.218678951236779,0.2262296032715209,0.0528548554827421,-0.00397039309781308,0.004669468833349788,-0.001785788291585516,0.0026010826842471912,-0.0047044452881266005,0.2242388015848929
1927,2018-04-04,0.2181020274326952,0.2277409301092133,0.2225549587831985,0.2227686833352502,0.0465946418844192,-0.003076526611456021,0.0035021285243204137,0.0038760075464195076,-0.003460919936270679,-0.006260213598322906,0.2277409301092133
1928,2018-04-05,0.2303041584485936,0.2266151402648283,0.2264714252423409,0.232678476661069,0.0684991994189597,0.012202131015898399,-0.0011257898443850223,0.003916466459142398,0.009909793325818789,0.0219045575345405,0.2266151402648283
1929,2018-04-06,0.2218437383092031,0.2169427408415208,0.2196732974659032,0.2225751838989363,0.0686807745002558,-0.008460420139390495,-0.009672399423307498,-0.006798127776437707,-0.010103292762132704,0.00018157508129609812,0.2169427408415208
1930,2018-04-09,0.2185593003637846,0.216359043787698,0.2189224294788435,0.2227471438414255,0.0621564516927749,-0.0032844379454184947,-0.0005836970538228015,-0.0007508679870597001,0.0001719599424891971,-0.006524322807480894,0.216359043787698
1931,2018-04-10,0.2204301905707612,0.2263233724358413,0.222149063602592,0.2271969433557047,0.0567669731433947,0.0018708902069765887,0.009964328648143311,0.0032266341237485174,0.004449799514279207,-0.005389478549380204,0.2263233724358413
1932,2018-04-11,0.222883084605908,0.2223000967155657,0.2208705593160407,0.2287231686145879,0.0494627028276192,0.002452894035146813,-0.00402327572027561,-0.001278504286551324,0.0015262252588832126,-0.007304270315775498,0.2223000967155657
1933,2018-04-12,0.2236314355109205,0.2274698747474962,0.2221287410288664,0.23014193292949,0.0485548274211386,0.0007483509050124904,0.0051697780319305,0.0012581817128257122,0.0014187643149020934,-0.0009078754064806016,0.2274698747474962
1934,2018-04-13,0.2291401086457352,0.2242804417138976,0.223731895922216,0.2299484665529448,0.0380812465954672,0.005508673134814707,-0.0031894330335985877,0.001603154893349612,-0.00019346637654521492,-0.010473580825671396,0.2242804417138976
1935,2018-04-16,0.2258765078093835,0.226907051556792,0.2223722873987814,0.2304429070708567,0.0424184150146085,-0.0032636008363516877,0.002626609842894395,-0.0013596085234346134,0.0004944405179119205,0.0043371684191413,0.226907051556792
1936,2018-04-17,0.2289737990515415,0.230596739990355,0.2253147524988129,0.2346776919777949,0.0568082402073257,0.00309729124215799,0.0036896884335629876,0.0029424651000314883,0.004234784906938183,0.014389825192717198,0.230596739990355
1937,2018-04-18,0.2256893904863274,0.2256354315965298,0.2214996599799471,0.2291315944869008,0.0444157409088658,-0.0032844085652140864,-0.004961308393825192,-0.003815092518865776,-0.005546097490894103,-0.012392499298459904,0.2256354315965298
1938,2018-04-19,0.2215942604592962,0.2132321606119671,0.2163249032775527,0.2190282290108957,0.0790470609597068,-0.004095130027031213,-0.012403270984562703,-0.005174756702394423,-0.0101033654760051,0.034631320050841005,0.2132321606119671
1939,2018-04-20,0.2133416596444844,0.2115436731069827,0.2098311244126755,0.2168785966246739,0.0643270992555421,-0.0082526008148118,-0.001688487504984404,-0.0064937788648771755,-0.002149632386221789,-0.014719961704164702,0.2115436731069827
1940,2018-04-23,0.2125725412168309,0.2105430726426934,0.2081264993227093,0.2151373894840516,0.0826207886961258,-0.000769118427653509,-0.0010006004642892918,-0.0017046250899662163,-0.001741207140622314,0.018293689440583696,0.2105430726426934
1941,2018-04-24,0.2129259302558865,0.2075412712498257,0.2087758853274686,0.2108165860999246,0.0749203545666132,0.0003533890390556016,-0.003001801392867709,0.0006493860047593059,-0.004320803384126992,-0.007700434129512601,0.2075412712498257
1942,2018-04-25,0.2073548436380722,0.2056442603081197,0.2039257780323292,0.2105370889235668,0.0662542711411168,-0.005571086617814303,-0.0018970109417059955,-0.004850107295139405,-0.0002794971763578069,-0.008666083425496393,0.2056442603081197
1943,2018-04-26,0.2067728428295923,0.2101887011572225,0.2054681061991859,0.2133101909398426,0.0690810650203859,-0.0005820008084798933,0.004544440849102799,0.0015423281668567046,0.0027731020162758135,0.002826793879269096,0.2101887011572225
1944,2018-04-27,0.2111381536314419,0.2130028350436152,0.2103384124903439,0.2129446847072617,0.1117800960697248,0.004365310801849598,0.0028141338863927057,0.004870306291158005,-0.0003655062325809144,0.042699031049338906,0.2130028350436152
1945,2018-04-30,0.2130922609699513,0.2120856941660565,0.2095064666264235,0.2168786379995338,0.0667742361466466,0.0019541073385093977,-0.0009171408775587031,-0.000831945863920408,0.003933953292272113,-0.045005859923078206,0.2120856941660565
1946,2018-05-01,0.2113044438987762,0.213315512601465,0.2082482084473968,0.2158037145511285,0.0560117858734586,-0.0017878170711750907,0.0012298184354085084,-0.0012582581790266945,-0.0010749234484052905,-0.010762450273188,0.213315512601465
1947,2018-05-02,0.2132792710105216,0.2129819970462407,0.2107037018209739,0.2189852352452439,0.0455216982222148,0.001974827111745403,-0.00033351555522428966,0.002455493373577089,0.0031815206941153973,-0.010490087651243797,0.2129819970462407
1948,2018-05-03,0.2108887485488275,0.214691394280088,0.2097296618396866,0.2159327532132498,0.0428352123603109,-0.0023905224616941056,0.0017093972338472763,-0.0009740399812872835,-0.003052482031994097,-0.0026864858619039048,0.214691394280088
1949,2018-05-04,0.2130090375534774,0.2223417906431868,0.2165481189671134,0.2185767934524604,0.0550832769350126,0.002120289004649889,0.007650396363098805,0.006818457127426791,0.002644040239210582,0.012248064574701706,0.2223417906431868
1950,2018-05-07,0.2224257396454766,0.2224459985629313,0.2176439389969096,0.2281212492656466,0.0490417787755236,0.009416702091999213,0.00010420791974449783,0.0010958200297961906,0.009544455813186192,-0.006041498159489005,0.2224459985629313
1951,2018-05-08,0.2196402004174027,0.2228420460431512,0.2175627366093664,0.2268314148100142,0.0478821742790643,-0.0027855392280738966,0.0003960474802199021,-8.120238754319442e-05,-0.0012898344556323826,-0.0011596044964592989,0.2228420460431512
1952,2018-05-09,0.2234651381263666,0.2275741006001128,0.2216417159383128,0.2297980030727728,0.0473085620904243,0.003824937708963888,0.004732054556961601,0.004078979328946408,0.002966588262758585,-0.0005736121886400006,0.2275741006001128
1953,2018-05-10,0.2279967570587428,0.2315139167336579,0.22565970333529,0.2347206642167847,0.0292212079694953,0.004531618932376219,0.003939816133545104,0.004017987396977202,0.004922661144011908,-0.018087354120929,0.2315139167336579
1954,2018-05-11,0.230304224444103,0.2315348264625207,0.2268367673608411,0.2373433049607156,0.0392078374407817,0.0023074673853601957,2.090972886278908e-05,0.0011770640255510945,0.0026226407439308985,0.0099866294712864,0.2315348264625207
1955,2018-05-14,0.2331046544459136,0.2365927751040662,0.23277152489083,0.241056123476949,0.0624577012594707,0.0028004300018106,0.005057948641545518,0.005934757529988899,0.003712818516233396,0.023249863818689,0.2365927751040662
1956,2018-05-15,0.2340465090670596,0.2336545636756477,0.2288283711224909,0.2386105582826087,0.0562882752017959,0.0009418546211459877,-0.002938211428418519,-0.003943153768339092,-0.0024455651943403045,-0.006169426057674801,0.2336545636756477
1957,2018-05-16,0.2339209039697037,0.2385656241618624,0.2329554258932115,0.2415972200294679,0.0477542463808784,-0.00012560509735590197,0.004911060486214702,0.00412705477072059,0.002986661746859215,-0.0085340288209175,0.2385656241618624
1958,2018-05-17,0.237332352200094,0.2376632061722937,0.2336501385394054,0.2420301322541777,0.0540474736303461,0.0034114482303903015,-0.0009024179895686935,0.0006947126461938902,0.0004329122247097861,0.006293227249467702,0.2376632061722937
1959,2018-05-18,0.2332511930561195,0.2295829588650758,0.2277046421358339,0.2333513738353227,0.0834378765619583,-0.0040811591439745,-0.008080247307217903,-0.005945496403571476,-0.008678758418854987,0.029390402931612193,0.2295829588650758
1960,2018-05-21,0.2320373695252068,0.2338854494038718,0.2286036484792932,0.237744869323186,0.0528631088955283,-0.0012138235309127055,0.004302490538796,0.0008990063434592965,0.004393495487863303,-0.03057476766642999,0.2338854494038718
1961,2018-05-22,0.2348208448331585,0.238460698927234,0.2336909497499844,0.2427875770074492,0.0551286707053366,0.0027834753079516994,0.004575249523362218,0.00508730127069118,0.005042707684263209,0.002265561809808296,0.238460698927234
1962,2018-05-23,0.2350720110239488,0.2377891128672732,0.2315252727455902,0.2409695988874093,0.0436399201069642,0.0002511661907903251,-0.0006715860599608159,-0.002165677004394184,-0.0018179781200399203,-0.0114887505983724,0.2377891128672732
1963,2018-05-24,0.2367253803798919,0.2382718119854565,0.2327102747710507,0.2416621745373075,0.0563749360360509,0.0016533693559430962,0.0004826991181832996,0.0011850020254604854,0.0006925756498982194,0.012735015929086699,0.2382718119854565
1964,2018-05-25,0.237102116771966,0.2399298494736235,0.2348759844081591,0.2449085949417686,0.0340742146877733,0.00037673639207408405,0.001658037488167008,0.0021657096371084095,0.0032464204044610756,-0.022300721348277597,0.2399298494736235
1965,2018-05-29,0.2375416119568229,0.238523679174032,0.2338544220397936,0.2425711739774305,0.0512124263382908,0.0004394951848569195,-0.0014061702995915026,-0.0010215623683655084,-0.0023374209643380883,0.017138211650517494,0.238523679174032
1966,2018-05-30,0.2396763701848121,0.2392792628068861,0.2356319633117696,0.2452116144730037,0.0401611066175863,0.0021347582279891975,0.0007555836328541066,0.0017775412719760186,0.0026404404955731875,-0.0110513197207045,0.2392792628068861
1967,2018-05-31,0.2384206002372078,0.2376421888461982,0.2349985426537511,0.244259283563488,0.0566679321899605,-0.0012557699476043183,-0.001637073960687907,-0.0006334206580184965,-0.0009523309095156862,0.016506825572374206,0.2376421888461982
1968,2018-06-01,0.2396553884811194,0.2431199101577454,0.237858882578387,0.2464018859420642,0.0570187022333735,0.0012347882439115998,0.005477721311547196,0.002860339924635885,0.0021426023785761916,0.00035077004341299567,0.2431199101577454
1969,2018-06-04,0.2412669716969826,0.2439594913634929,0.2392891431306951,0.2492587959451762,0.0352420725970188,0.001611583215863216,0.0008395812057475083,0.0014302605523081047,0.002856910003112001,-0.021776629636354697,0.2439594913634929
1970,2018-06-05,0.2449504006048683,0.2479260992079481,0.241475230829249,0.252288733066638,0.0447541308330994,0.0036834289078856997,0.003966607844455183,0.0021860876985538846,0.003029937121461823,0.009512058236080596,0.2479260992079481
1971,2018-06-06,0.2472525892929289,0.2464570024601748,0.2422311976676656,0.2530029726024243,0.0658911209785246,0.0023021886880605913,-0.0014690967477732908,0.0007559668384166107,0.0007142395357863096,0.021136990145425208,0.2464570024601748
1972,2018-06-07,0.2416227619874305,0.2433088867638834,0.2381654307480418,0.2477005249908201,0.0783702811112395,-0.005629827305498408,-0.0031481156962913925,-0.004065766919623792,-0.005302447611604227,0.012479160132714898,0.2433088867638834
1973,2018-06-08,0.2394042863384074,0.2396780002179202,0.2340791796749758,0.2448653077854537,0.0565234974662022,-0.002218475649023083,-0.003630886545963191,-0.004086251073066011,-0.0028352172053663915,-0.021846783645037303,0.2396780002179202
1974,2018-06-11,0.2382113177703123,0.2360471316048292,0.2342630393320079,0.24311222631728,0.053911292319374,-0.0011929685680951152,-0.003630868613091004,0.00018385965703210383,-0.0017530814681737117,-0.0026122051468282018,0.2360471316048292
1975,2018-06-12,0.236746317963483,0.2383977366133082,0.2322607922497305,0.2413808135497556,0.0484764199996698,-0.0014649998068292924,0.002350605008479001,-0.002002247082277392,-0.0017314127675243929,-0.005434872319704201,0.2383977366133082
1976,2018-06-13,0.2383787260747248,0.2370754921551216,0.2337113655855158,0.2434368435422569,0.0584341625262045,0.0016324081112417954,-0.0013222444581866,0.001450573335785299,0.0020560299925012904,0.009957742526534703,0.2370754921551216
1977,2018-06-14,0.2375416514564745,0.2374323563098137,0.2324038541249432,0.2431772068436764,0.0428764794242419,-0.0008370746182503053,0.00035686415469210475,-0.001307511460572619,-0.0002596366985804788,-0.0155576831019626,0.2374323563098137
1978,2018-06-15,0.2368299906667918,0.2368236249665462,0.2311983384318209,0.2409046268571309,0.0713094864726564,-0.0007116607896826832,-0.0006087313432675268,-0.0012055156931223,-0.0022725799865455087,0.028433007048414505,0.2368236249665462
1979,2018-06-18,0.2340464795759561,0.2351656412769955,0.2296251540194981,0.23770153969086,0.0492604942143576,-0.0027835110908357164,-0.001657983689550696,-0.0015731844123227923,-0.003203087166270907,-0.022048992258298802,0.2351656412769955
1980,2018-06-19,0.2310955355668813,0.2320804878946299,0.227357320856211,0.2362082108035278,0.0445684290454102,-0.0029509440090747796,-0.0030851533823655908,-0.002267833163287103,-0.001493328887332196,-0.0046920651689474,0.2320804878946299
1981,2018-06-20,0.2324558761827972,0.2303804516200162,0.2283788436389608,0.2365977461335544,0.0496071375513774,0.0013603406159158893,-0.0017000362746137088,0.0010215227827498063,0.0003895353300265858,0.005038708505967195,0.2303804516200162
1982,2018-06-21,0.2311164632627438,0.2315138091364253,0.2274390416798109,0.2372470610225169,0.0471352404219144,-0.0013394129200534066,0.0011333575164091114,-0.0009398019591498885,0.0006493148889624989,-0.0024718971294629966,0.2315138091364253
1983,2018-06-22,0.2241681038938428,0.2236434660970803,0.2226172933939351,0.2278757699319575,0.119509417143989,-0.00694835936890098,-0.007870343039345001,-0.00482174828587581,-0.009371291090559397,0.07237417672207459,0.2236434660970803
1984,2018-06-25,0.2206520535755075,0.2185644642636952,0.2154051014172492,0.2201925967088135,0.0907421468777339,-0.003516050318335323,-0.005079001833385111,-0.0072121919766859055,-0.007683173223143991,-0.0287672702662551,0.2185644642636952
1985,2018-06-26,0.219982316356834,0.2195088810397106,0.2157728450676635,0.2245644093389599,0.0615952196233142,-0.0006697372186734996,0.0009444167760154221,0.00036774365041430945,0.00437181263014641,-0.029146927254419697,0.2195088810397106
1986,2018-06-27,0.2193545212235327,0.2112188729275966,0.2147104919722102,0.2176604642739716,0.0606213169145441,-0.000627795133301301,-0.008290008112114,-0.0010623530954533,-0.006903945064988315,-0.0009739027087700969,0.2112188729275966
1987,2018-06-28,0.2103969778890164,0.2136743852378318,0.2081725156559288,0.2160805116215783,0.0645499414007692,-0.008957543334516288,0.0024555123102351917,-0.006537976316281391,-0.0015799526523933016,0.0039286244862250935,0.2136743852378318
1988,2018-06-29,0.2143733832375356,0.2151854269734354,0.2124221243901883,0.2209284166947366,0.071292979647084,0.003976405348519202,0.0015110417356035966,0.004249608734259475,0.0048479050731582984,0.006743038246314809,0.2151854269734354
1989,2018-07-02,0.2119666120431629,0.2178508973501599,0.2122178570330806,0.2172059156365725,0.0563666826232647,-0.0024067711943727144,0.002665470376724488,-0.00020426735710768473,-0.0037225010581641016,-0.014926297023819306,0.2178508973501599
1990,2018-07-03,0.2173662464353935,0.2132336311074789,0.2121974284824873,0.219564966745643,0.0331704659876859,0.005399634392230623,-0.004617266242680995,-2.0428550593309946e-05,0.0023590511090705035,-0.023196216635578797,0.2132336311074789
1991,2018-07-05,0.2147501765937898,0.2170743860555708,0.2114619340343562,0.2202142812786027,0.0425669764447599,-0.002616069841603702,0.0038407549480919123,-0.000735494448131091,0.0006493145329597161,0.009396510457074,0.2170743860555708
1992,2018-07-06,0.2159221775792246,0.2200965950568827,0.2145265943927278,0.2212964098177669,0.0279089153364916,0.0011720009854347957,0.003022209001311893,0.003064660358371607,0.001082128539164201,-0.0146580611082683,0.2200965950568827
1993,2018-07-09,0.2199823532655133,0.2223842198185638,0.2165492575769687,0.225689859084624,0.0317673858140341,0.004060175686288692,0.002287624761681095,0.0020226631842408804,0.004393449266857086,0.003858470477542498,0.2223842198185638
1994,2018-07-10,0.2231216654475159,0.2225940882206925,0.2186536547459816,0.2285034098868563,0.0448366649609613,0.0031393121820026126,0.0002098684021286934,0.0021043971690129226,0.0028135508022323064,0.013069279146927203,0.2225940882206925
1995,2018-07-11,0.2205893176001316,0.2167176115652391,0.2174482586533698,0.2229845524009491,0.0462232383090407,-0.0025323478473843197,-0.005876476655453378,-0.0012053960926118046,-0.0055188574859071915,0.0013865733480794007,0.2167176115652391
1996,2018-07-12,0.2177848704095165,0.219425026929794,0.2141588663915664,0.2239801315858895,0.0562635149634373,-0.0028044471906150947,0.002707415364554877,-0.0032893922618034144,0.0009955791849403928,0.0100402766543966,0.219425026929794
1997,2018-07-13,0.2188940169520478,0.2200755597979151,0.2146695693492572,0.2253868308889712,0.0250449810996847,0.001109146542531303,0.000650532868121112,0.0005107029576908173,0.0014066993030817099,-0.031218533863752604,0.2200755597979151
1998,2018-07-16,0.2191242249071026,0.2186064271843977,0.2139544743782145,0.2249972519774649,0.0373012990871725,0.0002302079550547953,-0.0014691326135173877,-0.0007150949710427179,-0.0003895789115063164,0.012256317987487803,0.2186064271843977
1999,2018-07-17,0.216863958855778,0.2222372957974888,0.2166514079043627,0.2242614390000003,0.084085769465674,-0.0022602660513245942,0.003630868613091087,0.002696933526148193,-0.0007358129774645839,0.0467844703785015,0.2222372957974888
2000,2018-07-18,0.2252354659006651,0.231345903654999,0.2264174697365442,0.2325505697433095,0.0723535431901091,0.008371507044887094,0.009108607857510193,0.00976606183218151,0.008289130743309198,-0.011732226275564903,0.231345903654999
2001,2018-07-19,0.2285631304627383,0.2276940535815568,0.2242926305720069,0.2317281511247822,0.0542538089500008,0.0033276645620732015,-0.003651850073442181,-0.00212483916453729,-0.0008224186185273041,-0.0180997342401083,0.2276940535815568
2002,2018-07-20,0.2260516728944381,0.2243989959313182,0.2206763215494052,0.2303862877709433,0.0456248658820422,-0.002511457568300207,-0.003295057650238603,-0.0036163090226017103,-0.0013418633538389013,-0.008628943067958604,0.2243989959313182
2003,2018-07-23,0.2233518739925748,0.2244409947177649,0.2192461495152069,0.2265555560818368,0.0351966788266948,-0.0026997989018632818,4.199878644670085e-05,-0.0014301720341982904,-0.003830731689106498,-0.010428187055347399,0.2244409947177649
2004,2018-07-24,0.2253401451757115,0.2181657447855332,0.2218818069363133,0.2243696848520307,0.0696753107409914,0.001988271183136686,-0.006275249932231719,0.0026356574211063855,-0.0021858712298060967,0.0344786319142966,0.2181657447855332
2005,2018-07-25,0.2175546137193452,0.2191941232686977,0.2135458888098975,0.2195000574787017,0.0645293078688037,-0.00778553145636629,0.0010283784831645049,-0.008335918126415792,-0.004869627373329022,-0.005146002872187694,0.2191941232686977
2006,2018-07-26,0.2186219858138181,0.2208521428239926,0.2163858266404273,0.2256249399877984,0.0639144286162328,0.0010673720944728848,0.001658019555294904,0.0028399378305297984,0.006124882509096707,-0.0006148792525709074,0.2208521428239926
2007,2018-07-27,0.2214683495263006,0.2257632750416957,0.2225560623181235,0.2285683963539345,0.0585662171307835,0.002846363712482508,0.00491113221770309,0.006170235677696201,0.0029434563661361046,-0.005348211485449297,0.2257632750416957
2008,2018-07-30,0.2246075918876594,0.2230977867320991,0.2207171861133006,0.2281571042362082,0.0769011736352981,0.0031392423613588183,-0.002665488309596592,-0.001838876204822898,-0.00041129211772630847,0.018334956504514596,0.2230977867320991
2009,2018-07-31,0.2341720786402651,0.2464359851340794,0.2500767251496951,0.2415323190070396,0.2008839405094006,0.009564486752605683,0.023338198401980315,0.02935953903639449,0.013375214770831395,0.12398276687410249,0.2464359851340794
2010,2018-08-01,0.2464572773072598,0.2449458710602107,0.2434774725771449,0.2515745229223599,0.0758942572753833,0.012285198666994707,-0.0014901140738687035,-0.006599252572550202,0.010042203915320291,-0.12498968323401728,0.2449458710602107
2011,2018-08-02,0.2413296971921237,0.2486396661214834,0.2425376232476395,0.2478086801773343,0.0669846981726944,-0.0051275801151361156,0.003693795061272681,-0.0009398493295053878,-0.0037658427450255882,-0.00890955910268891,0.2486396661214834
2012,2018-08-03,0.2479013392597089,0.2509902711299624,0.2445603060387562,0.2538469979856235,0.0514971690794143,0.006571642067585204,0.0023506050084790286,0.002022682791116698,0.006038317808289201,-0.015487529093280099,0.2509902711299624
2013,2018-08-06,0.2487804119533984,0.2482199651829701,0.2438044161231049,0.2550806834008279,0.0475272775292583,0.0008790726936895032,-0.0027703059469923186,-0.0007558899156512866,0.0012336854152044108,-0.003969891550156,0.2482199651829701
2014,2018-08-07,0.2476502187692888,0.247989079454746,0.2434366190313006,0.2533492240080334,0.0583640085175219,-0.0011301931841095902,-0.00023088572822410613,-0.0003677970918043172,-0.0017314593927945099,0.010836730988263606,0.247989079454746
2015,2018-08-08,0.2472316390612652,0.2480100609150972,0.2435183506473882,0.2502326945769585,0.051220679751077,-0.0004185797080236142,2.098146035120485e-05,8.173161608759916e-05,-0.003116529431074877,-0.007143328766444905,0.2480100609150972
2016,2018-08-09,0.2458293760210069,0.2450717598223182,0.2413934757104884,0.2523969229332365,0.0412299235733976,-0.0014022630402582836,-0.002938301092778983,-0.0021248749368998066,0.0021642283562779974,-0.009990756177679395,0.2450717598223182
2017,2018-08-10,0.241329734175564,0.2397409804647181,0.2375320456201668,0.2450168100899677,0.0965896898367475,-0.004499641845442909,-0.005330779357600124,-0.0038614300903215826,-0.00738011284326881,0.055359766263349895,0.2397409804647181
2018,2018-08-13,0.2401576895028292,0.2437705506230991,0.2373889907269914,0.2472892590413978,0.065292748551526,-0.0011720446727347955,0.004029570158381013,-0.00014305489317539832,0.0022724489514301116,-0.031296941285221494,0.2437705506230991
2019,2018-08-14,0.2459945987115873,0.2436014974378588,0.241358295711728,0.2509004286953817,0.0451626747660157,0.005836909208758095,-0.00016905318524029767,0.003969304984736605,0.0036111696539838922,-0.0201300737855103,0.2436014974378588
2020,2018-08-15,0.2398858817173151,0.2381727149342591,0.2347162280289377,0.2434070328827778,0.0710825176210363,-0.006108716994272206,-0.005428782503599711,-0.006642067682790298,-0.007493395812603915,0.0259198428550206,0.2381727149342591
2021,2018-08-16,0.2389168584081939,0.2370953438445309,0.2344282910173802,0.2435594700685064,0.0611577887456463,-0.0009690233091211864,-0.0010773710897281907,-0.00028793701155752083,0.00015243718572860443,-0.009924728875390004,0.2370953438445309
2022,2018-08-17,0.233671719766012,0.2374333246849068,0.2324952707183493,0.2360442157072625,0.1162245588550865,-0.005245138642181901,0.0003379808403758955,-0.001933020299030891,-0.007515254361243895,0.055066770109440194,0.2374333246849068
2023,2018-08-20,0.2376530412438213,0.2343281761501552,0.2321251957647672,0.2409891038402454,0.0512867070533665,0.003981321477809302,-0.003105148534751606,-0.0003700749535821002,0.004944888132982911,-0.06493785180171999,0.2343281761501552
2024,2018-08-21,0.2339245529577042,0.2393134069953551,0.2340787485492494,0.2416425836193914,0.0599858041300077,-0.0037284882861171043,0.004985230845199917,0.0019535527844821987,0.0006534797791459823,0.008699097076641203,0.2393134069953551
2025,2018-08-22,0.2380742632990422,0.240834293877739,0.2358883247392716,0.2444308065647409,0.0477996401512025,0.0041497103413379866,0.0015208868823838873,0.0018095761900221996,0.0027882229453495,-0.012186163978805203,0.240834293877739
2026,2018-08-23,0.2395909448844753,0.240665312423987,0.2359500277172429,0.2470012553087528,0.0316229510902758,0.0015166815854331106,-0.00016898145375199292,6.170297797131186e-05,0.0025704487440119106,-0.016176689060926702,0.240665312423987
2027,2018-08-24,0.2418027515623227,0.2438550323835391,0.238088670868541,0.2490488912445889,0.0352338191842326,0.0022118066778474,0.003189719959552084,0.002138643151298081,0.002047635935836095,0.003610868093956804,0.2438550323835391
2028,2018-08-27,0.2449835541692986,0.2481643374137312,0.2433736033612424,0.2523817540067432,0.0456578795331869,0.0031808026069758966,0.004309305030192112,0.0052849324927014,0.003332862762154276,0.010424060348954302,0.2481643374137312
2029,2018-08-28,0.2480590422584007,0.2479108741995393,0.2432708229305343,0.2525560554204467,0.0340123140918769,0.003075488089102102,-0.00025346321419189577,-0.00010278043070810483,0.00017430141370350372,-0.011645565441310006,0.2479108741995393
2030,2018-08-29,0.2473638518420535,0.2465800219627471,0.2420986345747463,0.2531659368723885,0.0428269589475248,-0.0006951904163471911,-0.0013308522367922182,-0.001172188355787973,0.0006098814519417961,0.008814644855647903,0.2465800219627471
2031,2018-08-30,0.2452363301551078,0.2466222897422752,0.2416873738515106,0.2529263464781602,0.0454185305623875,-0.002127521686945716,4.226777952812122e-05,-0.00041126072323571794,-0.00023959039422827288,0.0025915716148627033,0.2466222897422752
2032,2018-08-31,0.2458683562354592,0.2454816694126676,0.2416668801008432,0.2527303657304766,0.0352173123586603,0.0006320260803514,-0.0011406203296076,-2.049375066739967e-05,-0.00019598074768362173,-0.0102012182037272,0.2454816694126676
2033,2018-09-04,0.2470900673341987,0.2496641711042754,0.2437849238893732,0.2514886635990399,0.0699394199501493,0.001221711098739503,0.004182501691607804,0.002118043788530005,-0.001241702131436706,0.03472210759148899,0.2496641711042754
2034,2018-09-05,0.2474270689369621,0.2510160765329073,0.2453271890957399,0.2545818830762186,0.0646489823542034,0.0003370016027633982,0.0013519054286318943,0.0015422652063666886,0.0030932194771787214,-0.005290437595945899,0.2510160765329073
2035,2018-09-06,0.2459314435926699,0.2266178660613868,0.2435380985653193,0.2311647689040495,0.1523827602713722,-0.0014956253442921785,-0.024398210471520493,-0.0017890905304205895,-0.0234171141721691,0.08773377791716881,0.2266178660613868
2036,2018-09-07,0.2246349965961175,0.220069498487147,0.2216376151505724,0.2263071368144142,0.0874903022399762,-0.02129644699655242,-0.006548367574239822,-0.021900483414746902,-0.0048576320896353,-0.06489245803139601,0.220069498487147
2037,2018-09-10,0.2214120637246425,0.223259200513827,0.2179155347677327,0.2254575659574071,0.0693327941103646,-0.003222932871474987,0.003189702026680008,-0.003722080382839693,-0.0008495708570070981,-0.018157508129611602,0.223259200513827
2038,2018-09-11,0.2213698822591005,0.2231112901847867,0.2186146571230577,0.2279626091953114,0.073892804674733,-4.218146554199609e-05,-0.0001479103290402961,0.0006991223553249881,0.002505043237904292,0.0045600105643684025,0.2231112901847867
2039,2018-09-12,0.2146081669617568,0.2173656517641391,0.2123838823479049,0.2184869437678548,0.0923102953071094,-0.006761715297343707,-0.0057456384206475974,-0.0062307747751527975,-0.009475665427456592,0.018417490632376396,0.2173656517641391
2040,2018-09-13,0.2201271402050981,0.2200272665733631,0.2210618376844942,0.2258714857939155,0.057658341724303,0.005518973243341302,0.002661614809224,0.0086779553365893,0.007384542026060703,-0.03465195358280639,0.2200272665733631
2041,2018-09-14,0.2201270854269718,0.2206820495321708,0.2172574667609057,0.2262199543407493,0.0572126574338488,-5.4778126312715614e-08,0.0006547829588076925,-0.003804370923588485,0.00034846854683379114,-0.0004456842904542041,0.2206820495321708
2042,2018-09-17,0.2202534711523157,0.2181471663300427,0.2164143419471491,0.2241941054575288,0.0616529935128175,0.0001263857253439027,-0.0025348832021281076,-0.0008431248137566183,-0.0020258488832204935,0.004440336078968703,0.2181471663300427
2043,2018-09-18,0.2184418931569371,0.2188231280107947,0.2151805074287447,0.2243030241657873,0.060835905646985,-0.0018115779953785938,0.000675961680752013,-0.001233834518404392,0.00010891870825849304,-0.000817087865832497,0.2188231280107947
2044,2018-09-19,0.21865260512648,0.2164150481472509,0.2139055908906753,0.2220376070979711,0.0679874878262161,0.00021071196954289273,-0.0024080798635437994,-0.0012749165380694094,-0.002265417067816189,0.007151582179231092,0.2164150481472509
2045,2018-09-20,0.2176625336930132,0.2195202504806189,0.2151394138170452,0.2244773232920817,0.0981784717980885,-0.0009900714334667993,0.0031052023333680012,0.0012338229263699207,0.002439716194110597,0.030190983971872407,0.2195202504806189
2046,2018-09-21,0.2205905637309555,0.220787710014555,0.2168462290482696,0.2255447276222612,0.131860649378518,0.002928030037942314,0.0012674595339360883,0.0017068152312244012,0.0010674043301794889,0.03368217758042949,0.220787710014555
2047,2018-09-24,0.2178942045498752,0.2204919072893466,0.2161881180279767,0.2247386681998851,0.0464914742245918,-0.002696359181080299,-0.000295802725208405,-0.000658111020292923,-0.0008060594223760764,-0.0853691751539262,0.2204919072893466
2048,2018-09-25,0.2195372515624278,0.2162248700386826,0.2146869591713791,0.2223425004439342,0.0520295142041234,0.0016430470125525787,-0.004267037250663991,-0.0015011588565976008,-0.0023961677559509176,0.005538039979531596,0.2162248700386826
2049,2018-09-26,0.2135970048016793,0.2124648309478907,0.2117257781330843,0.2188571943189369,0.0615126854954523,-0.005940246760748474,-0.0037600390907918946,-0.002961181038294791,-0.003485306124997284,0.009483171291328904,0.2124648309478907
2050,2018-09-27,0.2134074052313402,0.2131619175519707,0.2097516389312756,0.219510676164918,0.0507130948647265,-0.00018959957033912178,0.0006970866040799939,-0.0019741392018086945,0.000653481845981102,-0.010799590630725803,0.2131619175519707
2051,2018-09-28,0.212248848176247,0.2148518217538506,0.2106358835643166,0.2169184672118084,0.1146316501873524,-0.0011585570550931845,0.0016899042018798938,0.000884244633040987,-0.0025922089531096038,0.0639185553226259,0.2148518217538506
2052,2018-10-01,0.2158299209530473,0.212845115433539,0.2111089230039137,0.218966155038414,0.0577986497416681,0.0035810727768002815,-0.00200670632031158,0.00047303943959711714,0.002047687826605582,-0.0568330004456843,0.212845115433539
2053,2018-10-02,0.2121224981474647,0.2132887029576829,0.2114790442272754,0.219205758864627,0.0527847014740595,-0.0037074228055825886,0.00044358752414389024,0.0003701212233616913,0.00023960382621301957,-0.005013948267608599,0.2132887029576829
2054,2018-10-03,0.2140182842720254,0.2171754557226987,0.2117463365564006,0.218116542049474,0.0528012082996319,0.0018957861245607055,0.003886752765015794,0.0002672923291252016,-0.0010892168151530046,1.6506825572394634e-05,0.2171754557226987
2055,2018-10-04,0.2146081151404632,0.2140913783126587,0.209731087650137,0.2154154323153036,0.1254394942308644,0.0005898308684378073,-0.0030840774100399926,-0.002015248906263589,-0.0027011097341703982,0.0726382859312325,0.2140913783126587
2056,2018-10-05,0.2136813026369983,0.2098454839181948,0.2091964647878854,0.2146530464221663,0.0607574982255162,-0.0009268125034649077,-0.004245894394463906,-0.0005346228622516158,-0.0007623858931373184,-0.06468199600534819,0.2098454839181948
2057,2018-10-08,0.2085835522524726,0.2095919489725145,0.2048985471577162,0.2120172058092787,0.0496484046153084,-0.005097750384525701,-0.0002535349456802838,-0.004297917630169207,-0.0026358406128875744,-0.011109093610207801,0.2095919489725145
2058,2018-10-09,0.2110271224813617,0.2094441283078348,0.208127122577483,0.2129321490949405,0.0967588847988643,0.002443570228889108,-0.00014782066467972088,0.003228575419766816,0.0009149432856617734,0.047110480183555896,0.2094441283078348
2059,2018-10-10,0.2056555387274691,0.1982483672657943,0.201217601204691,0.2041969710036513,0.1475916541489906,-0.0053715837538926,-0.01119576104204048,-0.0069095213727919935,-0.00873517809128918,0.05083276935012629,0.1982483672657943
2060,2018-10-11,0.1982617549042115,0.193854526676546,0.1973721110781601,0.1988600064727401,0.0878905927601063,-0.007393783823257616,-0.004393840589248299,-0.003845490126530904,-0.0053369645309112035,-0.059701061388884286,0.193854526676546
2061,2018-10-12,0.198198619015088,0.1968542119905064,0.1951924001788662,0.1996442801109956,0.0611577887456463,-6.3135889123489e-05,0.0029996853139603874,-0.0021797108992939185,0.000784273638255506,-0.02673280401446,0.1968542119905064
2062,2018-10-15,0.1960500624038279,0.1924182112189626,0.192313497259172,0.1983591002492915,0.0645623215199484,-0.002148556611260094,-0.004436000771543797,-0.0028789029196941984,-0.0012851798617041221,0.0034045327743020964,0.1924182112189626
2063,2018-10-16,0.1930588059723498,0.1963683387539623,0.1915320163804753,0.1980105147591475,0.0670342186494115,-0.002991256431478101,0.003950127534999709,-0.0007814808786966998,-0.0003485854901439933,0.0024718971294631076,0.1963683387539623
2064,2018-10-17,0.2042863715710088,0.1981850283615545,0.1994697048037682,0.2030424880893579,0.0799673164853667,0.011227565598658978,0.0018166896075921812,0.007937688423292899,0.00503197333021041,0.012933097835955198,0.1981850283615545
2065,2018-10-18,0.1965134600500352,0.1929462805035464,0.1923751722978394,0.1984244168648995,0.0653835360921741,-0.007772911520973591,-0.005238747858008097,-0.007094532505928786,-0.004618071224458398,-0.014583780393192608,0.1929462805035464
2066,2018-10-19,0.1929745384108312,0.1918266775000342,0.190873966311479,0.1963114107362819,0.0809453459005298,-0.0035389216392039957,-0.0011196030035121873,-0.0015012059863604155,-0.002113006128617617,0.015561809808355712,0.1918266775000342
2067,2018-10-22,0.1919213712970122,0.1907071820937546,0.1883035518699418,0.1940677865616572,0.0823731863125402,-0.0010531671138190035,-0.0011194954062796192,-0.002570414441537189,-0.0022436241746246754,0.0014278404120103977,0.1907071820937546
2068,2018-10-23,0.1850752813144161,0.1911507516850264,0.1867612289475334,0.18955860387558,0.0582732209768739,-0.0068460899825960875,0.00044356959127181406,-0.0015423229224084123,-0.004509182686077223,-0.0240999653356663,0.1911507516850264
2069,2018-10-24,0.1879190205660664,0.1816660914996823,0.1841701700547868,0.187097087911143,0.0954342120466813,0.0028437392516502957,-0.009484660185344107,-0.0025910588927465783,-0.002461515964437,0.0371609910698074,0.1816660914996823
2070,2018-10-25,0.1844012276656704,0.1880666742749865,0.1841907620590008,0.1895150641575422,0.0668196299169706,-0.0035177929003959996,0.006400582775304198,2.0592004214003978e-05,0.0024179762463992227,-0.0286145821297107,0.1880666742749865
2071,2018-10-26,0.1832636956452631,0.1842220816922663,0.1831419681986965,0.1873366982973251,0.1108268268929202,-0.0011375320204073114,-0.0038445925827201854,-0.00104879386030432,-0.0021783658602171074,0.0440071969759496,0.1842220816922663
2072,2018-10-29,0.1867815508971405,0.1798283307673784,0.1831008853096327,0.1842652780237515,0.0872055594988527,0.0035178552518773942,-0.004393750924887918,-4.108288906379265e-05,-0.0030714202735735996,-0.023621267394067502,0.1798283307673784
2073,2018-10-30,0.1864234417379376,0.1934955285100746,0.1901748570568955,0.1895586190196706,0.1196579785741404,-0.0003581091592028962,0.013667197742696202,0.007073971747262792,0.005293340995919105,0.0324524190752877,0.1934955285100746
2074,2018-10-31,0.1952917258929584,0.1933687969029786,0.1907300821081843,0.1961372041983212,0.0696505505026328,0.008868284155020806,-0.0001267316070960034,0.0005552250512887991,0.006578585178650592,-0.0500074280715076,0.1933687969029786
2075,2018-11-01,0.1936908375086437,0.2005087340618909,0.1963646248512788,0.1989037229297116,0.1217956124857628,-0.0016008883843147137,0.007139937158912313,0.005634542743094523,0.0027665187313903883,0.05214506198313,0.2005087340618909
2076,2018-11-02,0.2003261440784866,0.1970654253580423,0.1973927122583477,0.201670107474836,0.0651524405341608,0.006635306569842903,-0.0034433087038485966,0.0010280874070688895,0.0027663845451244007,-0.056643171951602,0.1970654253580423
2077,2018-11-05,0.1964923650654132,0.1954177710028184,0.1933210839559846,0.198794720247478,0.1018883808454796,-0.003833779013073385,-0.0016476543552239042,-0.004071628302363101,-0.0028753872273580006,0.0367359403113188,0.1954177710028184
2078,2018-11-06,0.1955655531044286,0.2007833042665387,0.1958093561428929,0.2007334808711986,0.0654330565688912,-0.0009268119609845971,0.005365533263720301,0.002488272186908308,0.0019387606237206145,-0.0364553242765884,0.2007833042665387
2079,2018-11-07,0.2023062777300251,0.2038673816765786,0.1998604255195297,0.2047198162792594,0.0930943695217972,0.006740724625596495,0.0030840774100399093,0.0040510693766367956,0.003986335408060787,0.027661312952905998,0.2038673816765786
2080,2018-11-08,0.2016111318237259,0.2050080737376746,0.2004362080086748,0.2076605595799214,0.0590325349532031,-0.0006951459062992105,0.001140692061095988,0.0005757824891450825,0.0029407433006620187,-0.0340618345685941,0.2050080737376746
2081,2018-11-09,0.2022220133109704,0.2012691237044665,0.1989144853245438,0.205656497097655,0.0680493884221125,0.0006108814872445023,-0.003738950033208094,-0.0015217226841309772,-0.002004062482266422,0.009016853468909403,0.2012691237044665
2082,2018-11-12,0.1974613791758855,0.1949530764882185,0.1954597651472439,0.1996225170533402,0.0808751918918472,-0.004760634135084901,-0.006316047216248011,-0.003454720177299919,-0.006033980044314796,0.012825803469734706,0.1949530764882185
2083,2018-11-13,0.1953337996612355,0.1973400314284343,0.196261708474658,0.2019968612050416,0.1021978838249616,-0.00212757951464998,0.002386954940215791,0.0008019433274140952,0.002374344151701402,0.021322691933114396,0.1973400314284343
2084,2018-11-14,0.1984724836824112,0.1950164333253305,0.1956653883717359,0.2006463238042805,0.0864008517521995,0.003138684021175675,-0.0023235981031037856,-0.0005963201029220988,-0.0013505374007611037,-0.015797032072762104,0.1950164333253305
2085,2018-11-15,0.1938330449230217,0.2011286734502178,0.1970606583887356,0.1993248766404109,0.0836400851752199,-0.0046394387593894915,0.006112240124887286,0.0013952700169997112,-0.001321447163869588,-0.002760766576979601,0.2011286734502178
2086,2018-11-16,0.196636351866643,0.2063677082341795,0.2025132317953454,0.2016747639546118,0.1248865155741899,0.0028033069436212976,0.005239034783961705,0.00545257340660979,0.0023498873142009102,0.041246430398969997,0.2063677082341795
2087,2018-11-19,0.20411192716669,0.1966350184948883,0.2009168792798356,0.2022457862155791,0.1032460672488073,0.007475575300046999,-0.0097326897392912,-0.0015963525155097968,0.0005710222609672799,-0.02164044832538259,0.1966350184948883
2088,2018-11-20,0.1919004998947981,0.2012139083912858,0.198221707360837,0.1982048669379948,0.0670754857133424,-0.012211427271891895,0.004578889896397514,-0.0026951719189985957,-0.004040919277584293,-0.0361705815354649,0.2012139083912858
2089,2018-11-21,0.2030713245116956,0.2017676037500935,0.1998595481148637,0.2060012829479243,0.0492068470312474,0.011170824616897501,0.0005536953588076987,0.0016378407540267037,0.007796416009929502,-0.017868638682095005,0.2017676037500935
2090,2018-11-23,0.1999918953376162,0.200851825770814,0.1986985205308056,0.2042443285038879,0.0286104554233175,-0.003079429174079412,-0.0009157779792794973,-0.0011610275840580886,-0.001756954444036396,-0.0205963916079299,0.200851825770814
2091,2018-11-26,0.2033898842702582,0.2040889961099296,0.1991753903800671,0.2067040715146142,0.0541217543454218,0.00339798893264201,0.0032371703391155804,0.00047686984926148535,0.002459743010726295,0.025511298922104304,0.2040889961099296
2092,2018-11-27,0.2021156171918679,0.2051538141891913,0.2001912392541689,0.2082193898600698,0.0478739208662782,-0.0012742670783902899,0.0010648180792617035,0.0010158488741018046,0.0015153183454555963,-0.006247833479143601,0.2051538141891913
2093,2018-11-28,0.2064692601282045,0.2102650772594755,0.2050218576597413,0.2101300531229112,0.0560613063501757,0.0043536429363365825,0.0051112630702842,0.00483061840557239,0.0019106632628413944,0.008187385483897497,0.2102650772594755
2094,2018-11-29,0.208338127286145,0.2059204803370002,0.2043998706487058,0.2121505187022179,0.0429879004968554,0.001868867157940518,-0.004344596922475297,-0.0006219870110354964,0.0020204655793067128,-0.0130734058533203,0.2059204803370002
2095,2018-11-30,0.2048764747675904,0.2099030305047479,0.2045864948219823,0.2108328428417501,0.0618882157772238,-0.0034616525185545977,0.003982550167747706,0.0001866241732765006,-0.0013176758604677985,0.018900315280368403,0.2099030305047479
2096,2018-12-03,0.2133501194124458,0.2154189129681134,0.2107232155848574,0.2188049091634273,0.0954053251019296,0.008473644644855394,0.005515882463365512,0.006136720762875109,0.007972066321677185,0.0335171093247058,0.2154189129681134
2097,2018-12-04,0.2106954393801151,0.2042805729825214,0.2070950463060157,0.2102398251276982,0.1090647232630692,-0.002654680032330714,-0.011138339985592022,-0.003628169278841714,-0.008565084035729087,0.013659398161139591,0.2042805729825214
2098,2018-12-06,0.2000768409457362,0.2035139427004567,0.1982216805047815,0.2052325950249006,0.0905564450900447,-0.0106185984343789,-0.0007666302820646953,-0.008873365801234184,-0.005007230102797605,-0.0185082781730245,0.2035139427004567
2099,2018-12-07,0.2026465327115952,0.1963368486305634,0.1990509540683979,0.2011696511743916,0.0491697066737095,0.002569691765859,-0.007177094069893308,0.000829273563616395,-0.00406294385050901,-0.041386738416335195,0.1963368486305634
2100,2018-12-10,0.1958506330825071,0.1965285510332598,0.1937435077172474,0.2002472996875937,0.0477377395553061,-0.006795899629088081,0.0001917024026964198,-0.005307446351150491,-0.0009223514867978955,-0.0014319671184033975,0.1965285510332598
2101,2018-12-11,0.200204269934652,0.1974869195837651,0.1978070505981413,0.2013234155702871,0.0694442151829781,0.004353636852144904,0.0009583685505052952,0.004063542880893889,0.001076115882693407,0.021706475627671994,0.1974869195837651
2102,2018-12-12,0.201520956059943,0.1992119363492072,0.1967289280765227,0.2016088951586122,0.0869744639408395,0.0013166861252909834,0.0017250167654420945,-0.0010781225216185963,0.00028547958832508824,0.01753024875786141,0.1992119363492072
2103,2018-12-13,0.1995459059478537,0.1973804162563924,0.1958789325927258,0.2021579608240642,0.0456207391756491,-0.0019750501120892883,-0.0018315200928147868,-0.0008499954837969115,0.0005490656654520143,-0.041353724765190406,0.1973804162563924
2104,2018-12-14,0.1935357252497737,0.1906292637645015,0.1906336296872464,0.1965137764972739,0.0784115481751704,-0.006010180698080014,-0.006751152491890899,-0.005245302905479393,-0.0056441843267903136,0.032790808999521304,0.1906292637645015
2105,2018-12-17,0.1899465898280205,0.189415297988025,0.1891408777308941,0.1939222493885863,0.085232993842954,-0.0035891354217531812,-0.0012139657764765055,-0.0014927519563522895,-0.002591527108687597,0.006821445667783602,0.189415297988025
2106,2018-12-18,0.1914119809963914,0.1917153860958121,0.1930800315000013,0.1969090765057466,0.0965731830111751,0.0014653911683708831,0.0023000881077870905,0.003939153769107195,0.0029868271171603067,0.01134018916822109,0.1917153860958121
2107,2018-12-19,0.190371382055243,0.1851559539394897,0.1907580478636399,0.1895958342840021,0.1033451082022416,-0.0010405989411483851,-0.006559432156322403,-0.0023219836363614077,-0.007313242221744509,0.006771925191066508,0.1851559539394897
2108,2018-12-20,0.1847434502916159,0.1829410290412821,0.1827553355222257,0.1863015333930195,0.0883156435185949,-0.005627931763627109,-0.0022149248982075986,-0.008002712341414198,-0.0032943008909825933,-0.015029464683646701,0.1829410290412821
2109,2018-12-21,0.1843824934290373,0.1824512643714933,0.1839578869630472,0.1858184464801331,0.1763341641768871,-0.00036095686257861526,-0.0004897646697887836,0.0012025514408215143,-0.00048308691288639904,0.0880185206582922,0.1824512643714933
2110,2018-12-24,0.1796253073611515,0.1729953864458618,0.1764112794427819,0.1781976847501321,0.0701622620953764,-0.004757186067885777,-0.009455877925631517,-0.007546607520265314,-0.007620761730001008,-0.1061719020815107,0.1729953864458618
2111,2018-12-26,0.1742522231412485,0.1832604852247839,0.1784844667807348,0.1771215193674043,0.0686683943810765,-0.005373084219903013,0.010265098778922094,0.002073187337952892,-0.001076165382727784,-0.0014938677142999068,0.1832604852247839
2112,2018-12-27,0.1799438307357531,0.1880523100444383,0.1832943834407092,0.185994073647766,0.0627672042389528,0.0056916075945046,0.0047918248196544,0.004809916659974406,0.008872554280361683,-0.005901190142123702,0.1880523100444383
2113,2018-12-28,0.187525608618393,0.1887551531004608,0.1872957593407252,0.1932634643247097,0.0518644459483996,0.007581777882639917,0.0007028430560225007,0.004001375900016008,0.00726939067694371,-0.010902758290553198,0.1887551531004608
2114,2018-12-31,0.191157149899335,0.1905866552604035,0.1875237770844795,0.1939881659647894,0.0431075749822551,0.00363154128094198,0.0018315021599427106,0.00022801774375430517,0.0007247016400797057,-0.008756870966144498,0.1905866552604035
2115,2019-01-02,0.1858903022556792,0.193610854810518,0.1900946114255209,0.1922312351944456,0.0505521533153959,-0.0052668476436557865,0.0030241995501145147,0.0025708343410413836,-0.0017569307703438064,0.0074445783331408,0.193610854810518
2116,2019-01-03,0.1877591588554129,0.1827493445714578,0.1865908068196963,0.1881902419442783,0.0771033822485597,0.0018688565997336815,-0.010861510239060207,-0.003503804605824584,-0.004040993250167296,0.0265512289331638,0.1827493445714578
2117,2019-01-04,0.185295657822098,0.1944414337144738,0.1894518968982766,0.1915284577242579,0.0698321255839289,-0.0024635010333148855,0.011692089143016005,0.0028610900785802917,0.0033382157799795864,-0.0072712566646307986,0.1944414337144738
2118,2019-01-07,0.1938330598094193,0.1972100360386171,0.1936812958298024,0.1990833113045036,0.0550296297519024,0.008537401987321308,0.0027686023241432767,0.004229398931525796,0.007554853580245713,-0.014802495832026502,0.1972100360386171
2119,2019-01-08,0.1985477584666648,0.1940793869597462,0.1938264310512935,0.1962502526748774,0.0762202670804377,0.004714698657245497,-0.003130649078870895,0.00014513522149109392,-0.0028330586296262117,0.02119063732853531,0.1940793869597462
2120,2019-01-09,0.195319666513344,0.1990841646355298,0.1959411107096515,0.2019822459591498,0.0607409913999438,-0.0032280919533207997,0.0050047776757836115,0.002114679658358015,0.005731993284272402,-0.015479275680493905,0.1990841646355298
2121,2019-01-10,0.1965302080629746,0.1995740010368069,0.1946971896133159,0.2020701101584383,0.0466730493058879,0.0012105415496306005,0.0004898364012770884,-0.001243921096335615,8.786419928849543e-05,-0.014067942094055902,0.1995740010368069
2122,2019-01-11,0.1976132809990338,0.2002554681092921,0.1969362326900323,0.2042442828279831,0.032737161816411,0.0010830729360591929,0.0006814670724852034,0.002239043076716407,0.0021741726695448105,-0.013935887489476897,0.2002554681092921
2123,2019-01-14,0.1971248856211031,0.1968480251496336,0.1938886492004287,0.2015211021201586,0.0371073438866971,-0.0004883953779306893,-0.003407442959658502,-0.0030475834896036003,-0.002723180707824485,0.004370182070286097,0.1968480251496336
2124,2019-01-15,0.1979743835009648,0.1970396916865859,0.194448432156188,0.2016309023733906,0.031544543668807,0.0008494978798616881,0.00019166653695229519,0.0005597829557593137,0.00010980025323198417,-0.0055628002178901015,0.1970396916865859
2125,2019-01-16,0.1952134969120608,0.1937173402050186,0.1928105499681671,0.1994127488701585,0.0468174840296462,-0.002760886588903999,-0.003322351481567287,-0.0016378821880209116,-0.0022181535032320954,0.015272940360839204,0.1937173402050186
2126,2019-01-17,0.1921340663118443,0.1978915210439743,0.1928312618162065,0.1975020445871887,0.0764761228768095,-0.0030794306002165095,0.00417418083895571,2.0711848039395298e-05,-0.0019107042829697996,0.029658638847163292,0.1978915210439743
2127,2019-01-18,0.1997582814160522,0.2038760073880564,0.2013315316189791,0.2056059612938591,0.0625773757448705,0.00762421510420791,0.0059844863440820795,0.008500269802772603,0.008103916706670405,-0.01389874713193899,0.2038760073880564
2128,2019-01-22,0.2021368920872894,0.1985091829575452,0.1973302175741148,0.2033219611980606,0.0639020484970535,0.002378610671237208,-0.005366824430511202,-0.004001314044864285,-0.0022840000957985163,0.0013246727521829954,0.1985091829575452
2129,2019-01-23,0.1996308674818689,0.1956127730539803,0.1959411371097986,0.1999837453290701,0.0561933609547547,-0.002506024605420515,-0.0028964099035648783,-0.0013890804643162113,-0.003338215868990496,-0.007708687542298802,0.1956127730539803
2130,2019-01-24,0.2011599369430826,0.2093280129610191,0.2044206264132064,0.2064404858044362,0.0760840857694656,0.0015290694612137001,0.013715239907038795,0.008479489303407806,0.006456740475366096,0.0198907248147109,0.2093280129610191
2131,2019-01-25,0.2126280758069622,0.2159300536214395,0.212153767632527,0.2197932160694909,0.076013931760783,0.011468138863879596,0.0066020406604203885,0.007733141219320588,0.013352730265054708,-7.015400868259913e-05,0.2159300536214395
2132,2019-01-28,0.2104831131482085,0.2165476796692662,0.2130867269746982,0.2166526966474779,0.0694483418893712,-0.0021449626587536907,0.0006176260478266971,0.0009329593421711913,-0.0031405194220129884,-0.0065655898714118005,0.2165476796692662
2133,2019-01-29,0.2174702181280763,0.2150782063311789,0.2123611222205074,0.2203862119206111,0.0759190175137419,0.006987104979867792,-0.0014694733380872793,-0.000725604754190784,0.0037335152731332033,0.006470675624370703,0.2150782063311789
2134,2019-01-30,0.2208257312714351,0.2257054235963169,0.2205296719071934,0.2237244200752404,0.1029159307373599,0.0033555131433588015,0.01062721726513799,0.008168549686685983,0.0033382081546292908,0.026996913223617997,0.2257054235963169
2135,2019-01-31,0.2238838484952515,0.2269618902796588,0.2252565907672235,0.2298517040986933,0.0914932074412769,0.003058117223816409,0.0012564666833418947,0.004726918860030127,0.006127284023452889,-0.011422723296083001,0.2269618902796588
2136,2019-02-01,0.2271119465285711,0.2277924871164867,0.2232455695025864,0.2331240168324004,0.0595483732523398,0.0032280980333196096,0.0008305968368279015,-0.0020110212646371195,0.0032723127337070945,-0.0319448341889371,0.2277924871164867
2137,2019-02-04,0.2272393451776548,0.227941545149341,0.2224577275375017,0.2322674892319181,0.0618717089516515,0.00012739864908367649,0.00014905803285431007,-0.0007878419650846902,-0.0008565276004822986,0.0023233356993117016,0.227941545149341
2138,2019-02-05,0.2271968572084734,0.2274091002439659,0.2227894162668079,0.2325749314747376,0.0397855763358148,-4.248796918138176e-05,-0.0005324449053751013,0.0003316887293061954,0.0003074422428195056,-0.022086132615836696,0.2274091002439659
2139,2019-02-06,0.2272181377259437,0.2296240430750457,0.2262724998476076,0.2349468611809885,0.0822452584143543,2.128051747030124e-05,0.002214942831079786,0.003483083580799712,0.0023719297062509137,0.0424596820785395,0.2296240430750457
2140,2019-02-07,0.2264323251467117,0.2246405158526948,0.2221259954493925,0.2301591553381388,0.0609432000132054,-0.0007858125792320203,-0.004983527222350903,-0.004146504398215123,-0.00478770584284971,-0.021302058401148904,0.2246405158526948
2141,2019-02-08,0.2204434442353906,0.224896113078666,0.218953996905421,0.2271943499274107,0.0367235601921394,-0.005988880911321076,0.00025559722597121026,-0.003171998543971488,-0.0029648054107281052,-0.024219639821066,0.224896113078666
2142,2019-02-11,0.2254978913521756,0.2249386857170197,0.2210064619298722,0.2311474412878612,0.0431736022845446,0.005054447116784988,4.257263835369396e-05,0.0020524650244511944,0.003953091360450495,0.006450042092405205,0.2249386857170197
2143,2019-02-12,0.2268358329027227,0.2283035919040686,0.2231833573327943,0.2336730420802527,0.0312391673957181,0.0013379415505470893,0.003364906187048905,0.0021768954029220966,0.0025256007923915025,-0.011934434888826503,0.2283035919040686
2144,2019-02-13,0.2283437084294482,0.2297518147887231,0.2249456279979715,0.235693547706221,0.0443951073769003,0.0015078755267255162,0.0014482228846545153,0.0017622706651772013,0.0020205056259683107,0.0131559399811822,0.2297518147887231
2145,2019-02-14,0.2282956238544157,0.229773298369493,0.226499586945387,0.2355522838216296,0.0418282960003961,-4.8084575032497634e-05,2.1483580769893207e-05,0.0015539589474155013,-0.0001412638845914027,-0.002566811376504198,0.229773298369493
2146,2019-02-15,0.2315249192107125,0.2320251470513444,0.2260194178801866,0.2351542077987324,0.0578440435119922,0.0032292953562967908,0.0022518486818513817,-0.00048016906520040314,-0.0003980760228972091,0.016015747511596103,0.2320251470513444
2147,2019-02-19,0.2320381371406926,0.2321752272579082,0.230278380864647,0.2390686024717692,0.2598133078027764,0.0005132179299801032,0.00015008020656381849,0.004258962984460407,0.0039143946730368084,0.20196926429078418,0.2321752272579082
2148,2019-02-20,0.232572736435125,0.2420618169055193,0.2365833148543996,0.2401079814557329,0.1247255740248592,0.0005345992944323918,0.009886589647611105,0.006304933989752598,0.0010393789839636958,-0.1350877337779172,0.2420618169055193
2149,2019-02-21,0.2453402653386941,0.2423192432844442,0.2395062446991082,0.2469859888743948,0.1074924481273006,0.012767528903569109,0.0002574263789248965,0.0029229298447085994,0.006878007418661902,-0.0172331258975586,0.2423192432844442
2150,2019-02-22,0.2435651639169684,0.2455360956794761,0.2412598854117936,0.2500599825053133,0.1666198973275449,-0.001775101421725711,0.0032168523950318884,0.0017536407126854114,0.003073993630918509,0.05912744920024429,0.2455360956794761
2151,2019-02-25,0.2492110868776736,0.2482597761590212,0.2452057431526185,0.255832150462217,0.0665142536438817,0.0056459229607052075,0.002723680479545104,0.0039458577408248985,0.005772167956903718,-0.1001056436836632,0.2482597761590212
2152,2019-02-26,0.2477140771047218,0.2490318401013307,0.2433267884553065,0.2558542747080865,0.0597505818656014,-0.0014970097729518073,0.0007720639423094977,-0.001878954697312002,2.2124245869503678e-05,-0.006763671778280293,0.2490318401013307
2153,2019-02-27,0.2470724904020886,0.2464154161297863,0.2416983332075717,0.2492417266866222,0.0865329063567785,-0.0006415867026332012,-0.002616423971544407,-0.0016284552477348058,-0.006612548021464326,0.026782324491177102,0.2464154161297863
2154,2019-02-28,0.2441853979399227,0.2476807416519431,0.241489576327101,0.2514532922371639,0.0661923705452204,-0.0028870924621658967,0.0012653255221568016,-0.00020875688047070073,0.0022115655505416942,-0.020340535811558105,0.2476807416519431
2155,2019-03-01,0.2494462906926282,0.2483026177904564,0.2455814951961028,0.2547705543992267,0.0525659860352255,0.005260892752705498,0.0006218761385133054,0.004091918869001815,0.003317262162062795,-0.013626384509994899,0.2483026177904564
2156,2019-03-04,0.2500879217103771,0.2502971476906155,0.2458320741524656,0.2549696480651765,0.0564079496871956,0.0006416310177488893,0.001994529900159109,0.0002505789563627958,0.00019909366594983435,0.0038419636519700998,0.2502971476906155
2157,2019-03-05,0.2478423976272895,0.2471445846420444,0.2439531122346857,0.2548590768915426,0.0596391607929879,-0.002245524083087591,-0.0031525630485711165,-0.00187896191777992,-0.00011057117363394431,0.003231211105792303,0.2471445846420444
2158,2019-03-06,0.2468586070708164,0.2455575433945019,0.2416356773775935,0.2525148015738497,0.0707730146415542,-0.000983790556473102,-0.0015870412475424978,-0.002317434857092182,-0.0023442753176928788,0.011133853848566293,0.2455575433945019
2159,2019-03-07,0.2460460439609172,0.2458364354213245,0.2414270031825891,0.2505466241086247,0.0708225351182714,-0.0008125631098991892,0.0002788920268226025,-0.00020867419500439355,-0.001968177465224985,4.952047671720472e-05,0.2458364354213245
2160,2019-03-08,0.2417259872404148,0.24437802666532,0.2386711056831305,0.2486003894376553,0.0579637179973919,-0.0043200567205023965,-0.0014584087560045034,-0.0027558974994586205,-0.00194623467096941,-0.012858817120879495,0.24437802666532
2161,2019-03-11,0.2455540633190855,0.2507689436225649,0.2449343229205267,0.2536648039664536,0.0596804278569188,0.0038280760786706947,0.006390916957244919,0.006263217237396201,0.005064414528798272,0.0017167098595268979,0.2507689436225649
2162,2019-03-12,0.251135844666325,0.2502113747633847,0.2459991107579662,0.2569158200427044,0.0580751390700054,0.005581781347239495,-0.0005575688591802352,0.001064787837439518,0.0032510160762508344,-0.0016052887869133989,0.2502113747633847
2163,2019-03-13,0.2510503351140654,0.2506617767789247,0.2468133662163364,0.2569158573150116,0.0666875753123916,-8.550955225961054e-05,0.0004504020155400301,0.0008142554583701889,3.727230718508778e-08,0.008612436242386196,0.2506617767789247
2164,2019-03-14,0.2498098751648789,0.2513265483474894,0.2476484008677859,0.2577340674296808,0.0597959756359254,-0.0012404599491864787,0.0006647715685647038,0.00083503465144949,0.0008182101146692045,-0.006891599676466201,0.2513265483474894
2165,2019-03-15,0.2525473018626474,0.2565379665084246,0.2511975832270364,0.2606090944487572,0.1217295851834733,0.002737426697768497,0.005211418160935177,0.0035491823592505023,0.0028750270190763816,0.061933609547547896,0.2565379665084246
2166,2019-03-18,0.2563968252976606,0.2570955891662211,0.2540369549231262,0.2639706979881667,0.0732696720093758,0.0038495234350132135,0.0005576226577965193,0.002839371696089832,0.003361603539409508,-0.048459913174097494,0.2570955891662211
2167,2019-03-19,0.256610624737801,0.2576960355225807,0.2525963485070649,0.2648773658138457,0.051835559003648,0.0002137994401403831,0.0006004463563595852,-0.0014406064160613075,0.0009066678256789973,-0.021434113005727798,0.2576960355225807
2168,2019-03-20,0.2573377984791858,0.2572028098084776,0.2523667356225909,0.2632629857438717,0.0537214638252917,0.0007271737413848123,-0.000493225714103096,-0.0002296128844740397,-0.0016143800699739974,0.0018859048216436983,0.2572028098084776
2169,2019-03-21,0.2569100687181752,0.2655024478729067,0.2603001770715512,0.2653418488362631,0.0612609564054736,-0.0004277297610106312,0.008299638064429127,0.007933441448960299,0.002078863092391414,0.007539492580181897,0.2655024478729067
2170,2019-03-22,0.2629408968401949,0.258489547179916,0.2587343433795549,0.2660937430943032,0.0657384328419801,0.006030828122019716,-0.007012900692990709,-0.0015658336919962546,0.00075189425804012,0.004477476436506499,0.258489547179916
2171,2019-03-25,0.2571666527620553,0.2560661167778588,0.2526172180690786,0.26268792294493,0.036001386573348,-0.00577424407813959,-0.002423430402057225,-0.006117125310476312,-0.00340582014937324,-0.0297370462686321,0.2560661167778588
2172,2019-03-26,0.2579366027672186,0.2574387167408884,0.2531392061816264,0.2637274080849862,0.0445643023390171,0.0007699500051632779,0.0013725999630296304,0.0005219881125477777,0.0010394851400561955,0.008562915765669102,0.2574387167408884
2173,2019-03-27,0.2569956056547231,0.253278164884725,0.2523249789548115,0.2580879396048525,0.0608400323533781,-0.0009409971124954564,-0.00416055185616343,-0.0008142272268149009,-0.005639468480133691,0.016275730014361,0.253278164884725
2174,2019-03-28,0.2535524381586717,0.2519270485024653,0.2486087745082926,0.2574908085297949,0.0333644211881613,-0.003443167496051447,-0.0013511163822597094,-0.003716204446518878,-0.0005971310750575998,-0.027475611165216803,0.2519270485024653
2175,2019-03-29,0.2539588031639265,0.2560876182915008,0.2496944206274212,0.2612283605063568,0.0503293111701688,0.0004063650052548162,0.0041605697890355064,0.0010856461191285915,0.0037375519765618925,0.0169648899820075,0.2560876182915008
2176,2019-04-01,0.2563754353221565,0.2619853095346426,0.2552478521224913,0.264081282891517,0.0511670325679668,0.0024166321582300143,0.005897691243141823,0.005553431495070094,0.002852922385160217,0.0008377213977980025,0.2619853095346426
2177,2019-04-02,0.2624490495140121,0.2615349075191026,0.2565631069026723,0.2681062841192603,0.0369051352734355,0.006073614191855592,-0.0004504020155400301,0.0013152547801810188,0.004025001227743297,-0.014261897294531298,0.2615349075191026
2178,2019-04-03,0.2636894066998222,0.2660814465142406,0.2592980146826167,0.2713129897085698,0.0809205856621713,0.0012403571858101148,0.004546538995138016,0.0027349077799443955,0.003206705589309522,0.04401545038873579,0.2660814465142406
2179,2019-04-04,0.2652078374566057,0.265909900659779,0.2615110622272668,0.2722418640830711,0.0370619501163731,0.0015184307567834843,-0.00017154585446160775,0.002213047544650071,0.0009288743745012873,-0.04385863554579819,0.265909900659779
2180,2019-04-05,0.266405473170874,0.2666605348199349,0.2620121411114975,0.2738120883296662,0.0472796751456727,0.0011976357142682859,0.0007506341601559163,0.0005010788842307323,0.0015702242465950866,0.010217725029299601,0.2666605348199349
2181,2019-04-08,0.2651864338636392,0.2674754583265517,0.2607594596075275,0.2724408990257501,0.0382339347320116,-0.0012190393072347705,0.0008149235066167715,-0.00125268150397001,-0.0013711893039161094,-0.009045740413661102,0.2674754583265517
2182,2019-04-09,0.2615080709684594,0.2619209484566934,0.2579619036371454,0.2680620548038959,0.064100130403922,-0.0036783628951798097,-0.005554509869858282,-0.002797555970382115,-0.0043788442218541945,0.025866195671910397,0.2619209484566934
2183,2019-04-10,0.2606739500800716,0.2645158529817237,0.2580871119247749,0.2692562239681462,0.043763721298757,-0.0008341208883878015,0.002594904525030306,0.00012520828762951908,0.0011941691642503027,-0.020336409105165,0.2645158529817237
2184,2019-04-11,0.2655071939616797,0.2635936908999784,0.2596737903701243,0.2703398822126509,0.0428021987091662,0.004833243881608107,-0.0009221620817452814,0.0015866784453493765,0.0010836582445046816,-0.0009615225895907992,0.2635936908999784
2185,2019-04-12,0.2655499617130492,0.2647088824169552,0.2599243284430376,0.2700745099768966,0.0536141694590713,4.2767751369465756e-05,0.00111519151697681,0.0002505380729133089,-0.0002653722357542909,0.0108119707499051,0.2647088824169552
2186,2019-04-15,0.2641598726455021,0.2621782493055136,0.2580244764092027,0.2680619955215058,0.0545798187550552,-0.0013900890675470623,-0.002530633111441638,-0.0018998520338349145,-0.0020125144553908014,0.000965649295983903,0.2621782493055136
2187,2019-04-16,0.2626201191098044,0.2666819466692164,0.259945239058136,0.2712908823855546,0.0801612716858421,-0.001539753535697741,0.004503697363702819,0.0019207626489333163,0.003228886864048819,0.025581452930786897,0.2666819466692164
2188,2019-04-17,0.2683943498437708,0.2653308661527009,0.2627219451149117,0.2708043552925428,0.0620574107393407,0.0057742307339664345,-0.0013510805165155015,0.002776706056775713,-0.0004865270930117793,-0.018103860946501397,0.2653308661527009
2189,2019-04-18,0.2660204464979502,0.2663602130109586,0.2600913423016281,0.2725293219167521,0.0445890625773757,-0.002373903345820605,0.0010293468582576737,-0.002630602813283589,0.0017249666242092898,-0.017468348161965,0.2663602130109586
2190,2019-04-22,0.2646731581598499,0.2639368364075177,0.2583794147936018,0.2714456746011292,0.0267740710783909,-0.0013472883381003276,-0.0024233766034408855,-0.0017119275080262897,-0.001083647315622882,-0.0178149914989848,0.2639368364075177
2191,2019-04-23,0.2636466112587572,0.2641298479098771,0.2585255449295225,0.2710918233500208,0.0498877535861078,-0.001026546901092662,0.00019301150235939701,0.0001461301359206857,-0.00035385125110842797,0.0231136825077169,0.2641298479098771
2192,2019-04-24,0.2641599447787032,0.2694485405116851,0.2660206186870852,0.2720649702432224,0.0490005117115927,0.0005133335199459799,0.005318692601808006,0.007495073757562698,0.0009731468932016041,-0.0008872418745151031,0.2694485405116851
2193,2019-04-25,0.2718589272547263,0.2689552968647098,0.2676699630186648,0.274099616940589,0.0538824053746224,0.007698982476023131,-0.0004932436469752832,0.0016493443315795941,0.002034646697366582,0.004881893663029699,0.2689552968647098
2194,2019-04-26,0.2658066266859528,0.2697701845055825,0.2628054384402749,0.2726399271652245,0.0493884221125435,-0.006052300568773539,0.0008148876408726746,-0.004864524578389928,-0.001459689775364481,-0.0044939832620789,0.2697701845055825
2195,2019-04-29,0.2686295627086861,0.2703277712976348,0.2639954375411786,0.2758687726109339,0.0503747049404928,0.0028229360227333133,0.0005575867920523114,0.001189999100903727,0.003228845445709394,0.0009862828279493044,0.2703277712976348
2196,2019-04-30,0.2695705705161785,0.2733945793518472,0.2664589964241148,0.2780139981592827,0.0462149848962546,0.0009410078074924,0.0030668080542123888,0.002463558882936201,0.0021452255483487837,-0.004159720044238202,0.2733945793518472
2197,2019-05-01,0.2746604464211323,0.2701347956610196,0.2691104554965452,0.2785447953995418,0.0340742146877733,0.0050898759049538,-0.003259783690827578,0.0026514590724304177,0.0005307972402591177,-0.012140770208481297,0.2701347956610196
2198,2019-05-02,0.2695919610984313,0.274874364091389,0.2691730727671443,0.2778813273641276,0.0609349466004192,-0.0050684853227009885,0.004739568430369379,6.261727059908573e-05,-0.0006634680354142275,0.026860731912645895,0.274874364091389
2199,2019-05-03,0.2748529033755169,0.2755177238106722,0.2693818316222065,0.2821938143074924,0.0518850794803651,0.005260942277085567,0.0006433597192831986,0.0002087588550622188,0.004312486943364835,-0.009049867120054095,0.2755177238106722
2200,2019-05-06,0.2675175374427099,0.2672395872598851,0.2622417936295302,0.2739447919766873,0.0601962661560555,-0.007335365932806981,-0.008278136550787074,-0.007140037992676318,-0.0082490223308051,0.008311186675690398,0.2672395872598851
2201,2019-05-07,0.2556696749565261,0.2508333047005142,0.2500284528768866,0.2530234949458791,0.1893910632046351,-0.011847862486183802,-0.016406282559370933,-0.012213340752643631,-0.020921297030808195,0.1291947970485796,0.2508333047005142
2202,2019-05-08,0.248612332752042,0.2456648537011188,0.244328944175289,0.2526033410726612,0.0953764381571779,-0.0070573422044840906,-0.005168450999395391,-0.005699508701597578,-0.0004201538732179211,-0.09401462504745721,0.2456648537011188
2203,2019-05-09,0.2423461940917613,0.2447640676029108,0.2394644540575704,0.2457032578914107,0.1135298195803965,-0.006266138660280696,-0.000900786098207984,-0.004864490117718612,-0.006900083181250488,0.018153381423218595,0.2447640676029108
2204,2019-05-10,0.2439929283143797,0.2445281786033721,0.2425334621491224,0.2474061806088001,0.0880185206582922,0.001646734222618379,-0.00023588899953871922,0.003069008091552,0.0017029227173893935,-0.025511298922104297,0.2445281786033721
2205,2019-05-13,0.2356951099866064,0.2333976214842694,0.2326583785621871,0.2392897218780543,0.0810939073306812,-0.008297818327773293,-0.011130557119102685,-0.009875083586935285,-0.00811645873074579,-0.006924613327611004,0.2333976214842694
2206,2019-05-14,0.2353279943573566,0.2366152808585455,0.2331376823587881,0.2411284070568814,0.0825258744490847,-0.00036711562924979235,0.003217659374276094,0.00047930379660099387,0.0018386851788270986,0.0014319671184035015,0.2366152808585455
2207,2019-05-15,0.2342728301799876,0.2382996976015644,0.2336842846322759,0.2412620331065475,0.1015623710404252,-0.0010551641773690057,0.0016844167430188905,0.0005466022734877951,0.00013362604966610236,0.019036496591340504,0.2382996976015644
2208,2019-05-16,0.2362970794262768,0.2349093088032684,0.2312877330779203,0.2414401987741357,0.0807513907000544,0.002024249246289217,-0.003390388798295979,-0.002396551554355586,0.00017816566758818708,-0.020810980340370808,0.2349093088032684
2209,2019-05-17,0.2319686190507606,0.2345205600019912,0.231918370055293,0.2390573786334681,0.0721141942193096,-0.004328460375516208,-0.00038874880127720557,0.0006306369773727005,-0.0023828201406675964,-0.008637196480744791,0.2345205600019912
2210,2019-05-20,0.2274464995238316,0.2280637935384132,0.2255066537437791,0.2339356312309074,0.0888273551113385,-0.0045221195269289916,-0.006456766463578012,-0.00641171631151391,-0.005121747402560689,0.0167131608920289,0.2280637935384132
2211,2019-05-21,0.2304827807733981,0.2306983117779015,0.2278821265894885,0.2374095218789055,0.0717221571119657,0.0030362812495664804,0.0026345182394883204,0.0023754728457094088,0.003473890647998079,-0.01710519799937281,0.2306983117779015
2212,2019-05-22,0.2276832781226651,0.2286683465224825,0.2241821522569497,0.2340914092707344,0.0518231788844687,-0.0027995026507330045,-0.002029965255419014,-0.003699974332538797,-0.003318112608171081,-0.019898978227496998,0.2286683465224825
2213,2019-05-23,0.224539263022896,0.225731462126599,0.2205663306874908,0.2292145226542341,0.0587312853865073,-0.003144015099769082,-0.0029368843958834934,-0.0036158215694589158,-0.00487688661650032,0.006908106502038602,0.225731462126599
2214,2019-05-24,0.2264558056726938,0.224176592451595,0.2222691165779045,0.2308401296038857,0.0415641867912381,0.0019165426497977922,-0.0015548696750040114,0.0017027858904136994,0.001625606949651609,-0.0171670985952692,0.224176592451595
2215,2019-05-28,0.2266281075723434,0.221865977747888,0.2212390490121347,0.2280342742818173,0.1062338026774071,0.00017230189964959064,-0.002310614703706998,-0.0010300675657697878,-0.0028058553220683957,0.06466961588616901,0.221865977747888
2216,2019-05-29,0.2194787081888478,0.2232696733111305,0.2180436844865662,0.2269431237117791,0.0782877469833776,-0.007149399383495597,0.0014036955632425185,-0.0031953645255685115,-0.0010911505700381963,-0.027946055694029498,0.2232696733111305
2217,2019-05-30,0.2236563692927489,0.2256666885925916,0.2218066651455229,0.2306842746399973,0.073364586256417,0.004177661103901109,0.002397015281461079,0.0037629806589567216,0.0037411509282181954,-0.004923160726960613,0.2256666885925916
2218,2019-05-31,0.2215890449007196,0.2225785942192024,0.2208606273703854,0.228613252668745,0.0566638054835674,-0.002067324392029307,-0.003088094373389194,-0.0009460377751375204,-0.002071021971252307,-0.016700780772849595,0.2225785942192024
2219,2019-06-03,0.2234410025546778,0.2197928480693362,0.2202720020354627,0.2256737297029833,0.0793730707647612,0.0018519576539582083,-0.0027857461498662084,-0.0005886253349226822,-0.002939522965761693,0.022709265281193804,0.2197928480693362
2220,2019-06-04,0.2219982110603484,0.2274374700476203,0.2216805206584373,0.227121242931627,0.0855961440055463,-0.0014427914943294096,0.007644621978284111,0.001408518622974586,0.0014475132286436987,0.006223073240785096,0.2274374700476203
2221,2019-06-05,0.2293198903298039,0.2295753373944354,0.2262213301563173,0.2325993847678156,0.0684496789422426,0.007321679269455511,0.002137867346815092,0.004540809497879994,0.00547814183618861,-0.017146465063303695,0.2295753373944354
2222,2019-06-06,0.2294060209884768,0.2329225438367265,0.2277559426324739,0.2357393085061098,0.0800209636684769,8.613065867288383e-05,0.003347206442291112,0.001534612476156605,0.0031399237382941925,0.011571284726234296,0.2329225438367265
2223,2019-06-07,0.2339713201127349,0.23629134145702,0.2310144098031964,0.2402599057059264,0.0452575890130569,0.004565299124258099,0.00336879762029349,0.0032584671707225066,0.004520597199816595,-0.03476337465542,0.23629134145702
2224,2019-06-10,0.2387089027356862,0.245015701664149,0.2400119855895949,0.2442237999024785,0.0625773757448705,0.00473758262295132,0.008724360207128995,0.00899757578639851,0.0039638941965521035,0.017319786731813606,0.245015701664149
2225,2019-06-11,0.2479471747833393,0.2466785272291654,0.244153397150566,0.2525524167304468,0.0618180617685412,0.009238272047653096,0.0016628255650164014,0.004141411560971087,0.008328616827968316,-0.0007593139763292997,0.2466785272291654
2226,2019-06-12,0.242003714788293,0.2377598643528862,0.2393182945025601,0.244758318359372,0.0731046037536521,-0.005943459995046307,-0.008918662876279182,-0.004835102648005907,-0.007794098371074809,0.0112865419851109,0.2377598643528862
2227,2019-06-13,0.2386012201859039,0.2395737743653036,0.2347143443923417,0.2447582465409437,0.0443414601937901,-0.003402494602389089,0.0018139100124174024,-0.0046039501102183855,-7.181842831549545e-08,-0.028763143559862002,0.2395737743653036
2228,2019-06-14,0.2344235467409593,0.2368960020383219,0.232086559269599,0.2398145393429671,0.049144946435351,-0.004177673444944602,-0.0026777723269817144,-0.0026277851227426985,-0.004943707197976599,0.004803486241560899,0.2368960020383219
2229,2019-06-17,0.2363186284337818,0.2330737717471043,0.2310565279771697,0.2402599728035837,0.0674881563526518,0.0018950816928224867,-0.0038222302912175876,-0.0010300312924293176,0.0004454334606165955,0.018343209917300804,0.2330737717471043
2230,2019-06-18,0.2358878863098326,0.2410206343516789,0.2373421418024045,0.2423309260680892,0.0812878625311566,-0.000430742123949196,0.007946862604574584,0.00628561382523482,0.002070953264505515,0.01379970617850479,0.2410206343516789
2231,2019-06-19,0.2410777113698216,0.2424243478477935,0.2375734298758863,0.2475864471051155,0.0490046384179858,0.005189825059988995,0.0014037134961145947,0.00023128807348180014,0.005255521037026284,-0.03228322411317079,0.2424243478477935
2232,2019-06-20,0.2460521423858815,0.2457283360683354,0.2414204769936788,0.2515725659139147,0.0374044667469998,0.004974431016059905,0.0033039882205419258,0.0038470471177924903,0.003986118808799205,-0.011600171670986002,0.2457283360683354
2233,2019-06-21,0.2458798303881114,0.2460306304932422,0.2417568097913551,0.2516616102684106,0.1115118601541737,-0.0001723119977700971,0.00030229442490678493,0.00033633279767630864,8.904435449591519e-05,0.0741073934071739,0.2460306304932422
2234,2019-06-24,0.2462028786878506,0.244497423727729,0.2408528772229342,0.252040208277842,0.0551616843564814,0.00032304829973919813,-0.0015332067655131898,-0.0009039325684209176,0.00037859800943140787,-0.0563501757976923,0.244497423727729
2235,2019-06-25,0.2449108408370855,0.2441735201919477,0.2423034464175756,0.2515503121214041,0.0651111734702299,-0.0012920378507650931,-0.0003239035357812947,0.001450569194641399,-0.0004898961564379078,0.009949489113748503,0.2441735201919477
2236,2019-06-26,0.2475810979835185,0.2523363842409076,0.2461715435565359,0.2535322442316784,0.0584589227645631,0.002670257146432986,0.008162864048959884,0.0038680971389603025,0.0019819321102743093,-0.006652250705666808,0.2523363842409076
2237,2019-06-27,0.2526417093907376,0.25425835774057,0.2506493397000209,0.2609701193798069,0.0363851702679057,0.005060611407219112,0.0019219734996623883,0.004477796143485008,0.007437875148128492,-0.022073752496657398,0.25425835774057
2238,2019-06-28,0.2561302639912644,0.2552516953916607,0.2516583774822957,0.2622394237388447,0.0506181806176854,0.003488554600526772,0.00099333765109072,0.001009037782274791,0.0012693043590377706,0.014233010349779703,0.2552516953916607
2239,2019-07-01,0.2623752017358349,0.2628530812153236,0.259478661520093,0.2676062090254816,0.0597382017464221,0.006244937744570522,0.007601385823662876,0.007820284037797332,0.0053667852866369214,0.0091200211287367,0.2628530812153236
2240,2019-07-02,0.2613415379001322,0.2583397180335616,0.2551270181433133,0.2644885280402763,0.0597464551592083,-0.0010336638357026917,-0.004513363181761987,-0.004351643376779735,-0.0031176809852053178,8.253412786200787e-06,0.2583397180335616
2241,2019-07-03,0.2582836883656265,0.2571088415586994,0.2521418821410622,0.263709150226146,0.0493430283422195,-0.003057849534505719,-0.001230876474862197,-0.0029851360022510876,-0.0007793778141302887,-0.010403426816988803,0.2571088415586994
2242,2019-07-05,0.2531800382351546,0.2546038524543538,0.248378892541926,0.259054954040231,0.038382496162163,-0.005103650130471871,-0.0025049891043456007,-0.0037629895991362072,-0.004654196185915005,-0.0109605321800565,0.2546038524543538
2243,2019-07-08,0.2516941726439666,0.2534161404026245,0.2479794766800493,0.2599011831488542,0.0456950198907248,-0.001485865591188018,-0.001187712051729295,-0.0003994158618766952,0.0008462291086231977,0.0073125237285618025,0.2534161404026245
2244,2019-07-09,0.2500790573726126,0.2543446865868357,0.2479794424133972,0.258097366098779,0.0356629966491144,-0.0016151152713539951,0.0009285461842111764,-3.426665209915747e-08,-0.001803817050075207,-0.010032023241610406,0.2543446865868357
2245,2019-07-10,0.2556995536165744,0.2582965715433008,0.2538446900581027,0.2636423501601247,0.0442341658275697,0.005620496243961826,0.003951884956465146,0.0058652476447054736,0.005544984061345737,0.008571169178455303,0.2582965715433008
2246,2019-07-11,0.2573792531981478,0.2592683538821332,0.2527095001341236,0.2630856446868728,0.0643724930258662,0.0016796995815733795,0.0009717823388323832,-0.0011351899239790963,-0.0005567054732519283,0.020138327198296502,0.2592683538821332
2247,2019-07-12,0.2591450492523024,0.2654444708974233,0.2587008378982321,0.2679847862304155,0.0582856010960532,0.0017657960541546114,0.0061761170152900835,0.00599133776410854,0.004899141543542707,-0.006086891929813001,0.2654444708974233
2248,2019-07-15,0.2649809381531539,0.2667834108595304,0.26040370707072,0.2727504131481163,0.0352668328353774,0.00583588890085146,0.0013389399621070996,0.0017028691724879086,0.004765626917700827,-0.023018768260675802,0.2667834108595304
2249,2019-07-16,0.2651100980707216,0.2645374979583425,0.2593525497724558,0.2707906902976417,0.037367326389462,0.00012915991756773382,-0.002245912901187863,-0.0010511572982642159,-0.0019597228504746322,0.0021004935540845995,0.2645374979583425
2250,2019-07-17,0.2668974090616221,0.2709943182205369,0.2648603427734288,0.2732179670568652,0.0680782753668642,0.0017873109909005147,0.006456820262194352,0.0055077930009729825,0.0024272767592234956,0.030710948977402203,0.2709943182205369
2251,2019-07-18,0.2702568245460017,0.288097543921011,0.2813629252551582,0.2794755970150092,0.103361615027814,0.0033594154843795687,0.017103225700474123,0.016502582481729422,0.006257629958143995,0.035283339660949806,0.288097543921011
2252,2019-07-19,0.2875489466025717,0.2849662851244889,0.2815941671281117,0.2932378000157256,0.0483443653950908,0.017292122056569992,-0.003131258796522096,0.00023124187295348042,0.0137622030007164,-0.055017249632723204,0.2849662851244889
2253,2019-07-22,0.2879365636709045,0.2961739894593447,0.2885735782475469,0.2957096373242646,0.0733068123669137,0.00038761706833279064,0.011207704334855795,0.00697941111943523,0.0024718373085390044,0.024962446971822906,0.2961739894593447
2254,2019-07-23,0.2960119637794454,0.3026956549870349,0.2957842208492413,0.3047953787557178,0.071070137501857,0.008075400108540909,0.006521665527690179,0.00721064260169435,0.009085741431453243,-0.002236674865056701,0.3026956549870349
2255,2019-07-24,0.3012233404441248,0.3080512355067424,0.2999046662984577,0.3112534564698848,0.0559663921031346,0.005211376664679412,0.005355580519707526,0.004120445449216414,0.006458077714166954,-0.015103745398722404,0.3080512355067424
2256,2019-07-25,0.3037428058091345,0.3016806902921975,0.2986853111654863,0.3099395033482156,0.0654990838711807,0.0025194653650096877,-0.006370545214544887,-0.0012193551329713892,-0.001313953121669209,0.009532691768046095,0.3016806902921975
2257,2019-07-26,0.3022354252431218,0.3011408391106472,0.2973399040865679,0.3101176810335479,0.043986563443984,-0.0015073805660126838,-0.0005398511815503104,-0.0013454070789183925,0.000178177685332348,-0.021512520427196695,0.3011408391106472
2258,2019-07-29,0.2994144089376415,0.3012704220444062,0.2939132716620291,0.3086256833195267,0.0380688664762879,-0.0028210163054803172,0.000129582933758976,-0.0034266324245388335,-0.0014919977140211982,-0.005917696967696104,0.3012704220444062
2259,2019-07-30,0.2974547880711533,0.3023285690952486,0.2960575443478749,0.3073118069900918,0.0253709909047391,-0.0019596208664882098,0.0010581470508423951,0.002144272685845827,-0.0013138763294349154,-0.012697875571548799,0.3023285690952486
2260,2019-07-31,0.3005772423084841,0.2943816347591855,0.2936819825555899,0.2992281312323441,0.0549347155048612,0.0031224542373308184,-0.007946934336063083,-0.002375561792284986,-0.00808367575774771,0.029563724600122097,0.2943816347591855
2261,2019-08-01,0.293966182439634,0.295353417098018,0.30261649306609,0.3014550471791427,0.1159068024628183,-0.006611059868850078,0.0009717823388324942,0.008934510510500093,0.00222691594679858,0.060972086957957104,0.295353417098018
2262,2019-08-02,0.2909728841263844,0.2877304042306084,0.2846423743478149,0.2928146924870528,0.0936556015912579,-0.002993298313249626,-0.007623012867409573,-0.01797411871827509,-0.008640354692089902,-0.022251200871560406,0.2877304042306084
2263,2019-08-05,0.2801626421081916,0.2730890570099633,0.275308491551943,0.2787852410254602,0.1436300160116208,-0.010810242018192806,-0.01464134722064514,-0.00933388279587194,-0.014029451461592568,0.04997441442036289,0.2730890570099633
2264,2019-08-06,0.2839743408614125,0.2929133091249124,0.2959315334603125,0.2919686033798914,0.1379764282530826,0.0038116987532209046,0.019824252114949148,0.0206230419083695,0.013183362354431183,-0.005653587758538192,0.2929133091249124
2265,2019-08-07,0.2889056366783679,0.2896739689082733,0.2851049048813175,0.2972017204001563,0.0589334939997689,0.004931295816955394,-0.0032393402166391305,-0.010826628578994968,0.00523311702026491,-0.07904293425331368,0.2896739689082733
2266,2019-08-08,0.2927387326465884,0.2965627203277498,0.2893513997793375,0.3000521193192878,0.0641413974678529,0.0038330959682205124,0.00688875141947648,0.004246494898019981,0.002850398919131525,0.005207903468083995,0.2965627203277498
2267,2019-08-09,0.293621657935751,0.2938849480007681,0.2885525474380213,0.2984710143013779,0.0423235007675673,0.0008829252891626171,-0.0026777723269816867,-0.0007988523413162141,-0.0015811050179099229,-0.021817896700285597,0.2938849480007681
2268,2019-08-12,0.2907145020283314,0.2898035159762882,0.285693510901627,0.2971348647386873,0.038869447516548,-0.002907155907419634,-0.004081432024479914,-0.0028590365363942993,-0.001336149562690625,-0.003454053251019301,0.2898035159762882
2269,2019-08-13,0.2854386195967748,0.2920062465214711,0.2882793223765579,0.2945739888126297,0.0797898681104636,-0.005275882431556578,0.0022027305451829404,0.0025858114749309213,-0.002560875926057582,0.040920420593915596,0.2920062465214711
2270,2019-08-14,0.2856230319904927,0.2847098450535292,0.2833338571741849,0.2920741640985244,0.0470031858173354,0.0001844123937179143,-0.007296401467941915,-0.0049454652023729895,-0.0024998247141053143,-0.0327866822931282,0.2847098450535292
2271,2019-08-15,0.2843670454066186,0.2867293016459005,0.2813466777562319,0.2931937673492971,0.0334923490863472,-0.0012559865838741024,0.0020194565923712937,-0.001987179417953011,0.001119603250772705,-0.013510836730988199,0.2867293016459005
2272,2019-08-16,0.2878751346989284,0.2955892343660683,0.2887456005608954,0.2958810462846166,0.0551616843564814,0.0035080892923097795,0.008859932720167829,0.007398922804663477,0.0026872789353195037,0.021669335270134205,0.2955892343660683
2273,2019-08-19,0.2988323602965357,0.3047965985502062,0.299759385349683,0.3072344161036539,0.0704593849556791,0.010957225597607312,0.009207364184137867,0.011013784788787617,0.011353369819037284,0.015297700599197703,0.3047965985502062
2274,2019-08-20,0.3037261578268296,0.3048181897282087,0.3004568850399182,0.3117353522679087,0.0477624997936646,0.004893797530293897,2.159117800248911e-05,0.0006974996902351926,0.004500936164254843,-0.022696885162014506,0.3048181897282087
2275,2019-08-21,0.3066711518696813,0.3081406129412643,0.3017675083556009,0.3143553279262108,0.0345075188590482,0.0029449940428517007,0.0033224232130556475,0.001310623315682713,0.002619975658302076,-0.013254980934616398,0.3081406129412643
2276,2019-08-22,0.3089016018320111,0.3117671417993083,0.3055092608115847,0.3163707385935391,0.0550255030455093,0.0022304499623297946,0.003626528858043987,0.0037417524559837934,0.002015410667328299,0.0205179841864611,0.3117671417993083
2277,2019-08-23,0.3080571097477013,0.3021907011745816,0.30508650785699,0.3102798257359573,0.0779493570591439,-0.0008444920843098114,-0.009576440624726734,-0.0004227529545947073,-0.006090912857581787,0.022923854013634594,0.3021907011745816
2278,2019-08-26,0.3053286972262092,0.3068160910083216,0.3000130316985562,0.3132581676447684,0.0421254188606989,-0.002728412521492085,0.004625389833740001,-0.005073476158433787,0.0029783419088110774,-0.035823938198444996,0.3068160910083216
2279,2019-08-27,0.3084902892086328,0.3092699534943241,0.3021481360095259,0.3148704974582612,0.0507708687542298,0.003161591982423606,0.002453862486002545,0.0021351043109696932,0.0016123298134927966,0.008645449893530902,0.3092699534943241
2280,2019-08-28,0.3056751728790194,0.3117454788898175,0.3045157697641796,0.3136164620193858,0.0411267559135702,-0.0028151163296133985,0.0024755253954933942,0.0023676337546537085,-0.0012540354388753672,-0.0096441128406596,0.3117454788898175
2281,2019-08-29,0.3154196818544126,0.3178474614118665,0.3117454814534018,0.3249249991599106,0.0476882190785889,0.009744508975393196,0.006101982522048965,0.007229711689222207,0.011308537140524766,0.006561463165018704,0.3178474614118665
2282,2019-08-30,0.320443419187563,0.3211698128934337,0.3145146707183009,0.3293811236433774,0.075130816592661,0.005023737333150369,0.0033223514815672317,0.002769189264899108,0.004456124483466828,0.027442597514072103,0.3211698128934337
2283,2019-09-03,0.3236484293436631,0.3255781432433349,0.3179182612952753,0.330097842834584,0.0915674881563526,0.003205010156100141,0.0044083303499011794,0.003403590576974369,0.0007167191912065829,0.016436671563691593,0.3255781432433349
2284,2019-09-04,0.3282390923505644,0.3271415668983283,0.3213216539345638,0.3358304048752992,0.0818119542430795,0.004590663006901308,0.001563423654993401,0.003403392639288516,0.005732562040715206,-0.009755533913273107,0.3271415668983283
2285,2019-09-05,0.3327866461685254,0.3279017413464388,0.3283612632841379,0.3379578775385169,0.1063947442267377,0.004547553817960959,0.0007601744481104955,0.007039609349574094,0.002127472663217722,0.024582789983658204,0.3279017413464388
2286,2019-09-06,0.3266583454385014,0.3278582003329919,0.3224209441457281,0.3372187945521122,0.0819316287284792,-0.006128300730023961,-4.354101344689054e-05,-0.005940319138409811,-0.0007390829864047377,-0.024463115498258498,0.3278582003329919
2287,2019-09-09,0.3291269507392478,0.3268375688505724,0.322928265779159,0.3326057982666726,0.0926775721760948,0.002468605300746385,-0.0010206314824194873,0.0005073216334309238,-0.004612996285439597,0.010745943447615605,0.3268375688505724
2288,2019-09-10,0.3243196445916002,0.3230156792839246,0.3166075493195154,0.3270746800671796,0.077821429160958,-0.0048073061476476275,-0.003821889566647807,-0.006320716459643605,-0.005531118199492979,-0.01485614301513681,0.3230156792839246
2289,2019-09-11,0.3248176755365202,0.3271415668983283,0.3187214943193974,0.3328297280131115,0.115143361780096,0.0004980309449200138,0.004125887614403689,0.0021139449998819893,0.0057550479459319015,0.03732193261913801,0.3271415668983283
2290,2019-09-12,0.3300796558478045,0.324883136852418,0.3229493617301732,0.3345315459437183,0.0941755665967877,0.005261980311284331,-0.002258430045910309,0.0042278674107757985,0.0017018179306068082,-0.020967795183308297,0.324883136852418
2291,2019-09-13,0.3239082763912954,0.3264250769266414,0.3205818411387476,0.3309711788924069,0.0775738267773724,-0.006171379456509141,0.0015419400742234246,-0.002367520591425587,-0.0035603670513114083,-0.016601739819415304,0.3264250769266414
2292,2019-09-16,0.3221324529590778,0.3283141615388814,0.3211524823285153,0.3315532480721394,0.0491985936184612,-0.0017758234322176047,0.0018890846122399663,0.0005706411897676844,0.0005820691797324695,-0.028375233158911203,0.3283141615388814
2293,2019-09-17,0.3317687957052241,0.3313760918518839,0.3293124208564982,0.3362558880858805,0.0880804212541886,0.009636342746146331,0.0030619303130025033,0.008159938527982913,0.004702640013741155,0.03888182763572741,0.3313760918518839
2294,2019-09-18,0.3304262335532647,0.343058963498643,0.3341956998897445,0.3397044628303796,0.1121762598834618,-0.0013425621519593811,0.01168287164675913,0.004883279033246313,0.0034485747444990555,0.024095838629273197,0.343058963498643
2295,2019-09-19,0.343462288596845,0.341408637145477,0.3367536312633731,0.3503636645892934,0.0564120763935887,0.013036055043580297,-0.0016503263531660317,0.002557931373628586,0.010659201758913828,-0.0557641834898731,0.341408637145477
2296,2019-09-20,0.3421630236813078,0.3376736144112577,0.3351470208883531,0.3456834840919846,0.1276926759214935,-0.0012992649155372238,-0.0037350227342192732,-0.0016066103750200234,-0.0046801804973087835,0.0712805995279048,0.3376736144112577
2297,2019-09-23,0.3360779965545126,0.3421902951743574,0.3353371890331186,0.3475420052332225,0.0429218731945659,-0.006085027126795206,0.00451668076309969,0.00019016814476552346,0.0018585211412378566,-0.08477080272692761,0.3421902951743574
2298,2019-09-24,0.344978001121808,0.3398450341617627,0.3393959842126353,0.3482809833918214,0.0711733051616843,0.008900004567295394,-0.0023452610125946904,0.004058795179516683,0.000738978158598913,0.0282514319671184,0.3398450341617627
2299,2019-09-25,0.3385683663524887,0.3487266835900376,0.3401993485900746,0.3497142294811053,0.0494750829467985,-0.006409634769319272,0.008881649428274907,0.0008033643774393306,0.0014332460892839127,-0.0216982222148858,0.3487266835900376
2300,2019-09-26,0.3483778642937438,0.3516799765638881,0.3438987811154205,0.3581564716039625,0.0523431438899985,0.009809497941255074,0.0029532929738504965,0.0036994325253458804,0.008442242122857213,0.002868060943200003,0.3516799765638881
2301,2019-09-27,0.3468187136722488,0.3441447271725119,0.3410238058456987,0.3526477119237475,0.0602127729816279,-0.0015591506214949757,-0.007535249391376231,-0.0028749752697218023,-0.005508759680215025,0.007869629091629401,0.3441447271725119
2302,2019-09-30,0.3453029443679997,0.3462511581945443,0.3388675984727929,0.3530284328064298,0.0460169029893861,-0.001515769304249126,0.0021064310220323956,-0.002156207372905783,0.0003807208826823172,-0.014195869992241802,0.3462511581945443
2303,2019-10-01,0.3481829955221779,0.3437321993828366,0.3433280818284174,0.3532076122091483,0.0378749112758125,0.0028800511541782203,-0.002518958811707661,0.004460483355624489,0.00017917940271849897,-0.008141991713573597,0.3437321993828366
2304,2019-10-02,0.3384167510651175,0.3366963804793084,0.3329484684057708,0.3440263596342076,0.0647851636651755,-0.009766244457060425,-0.007035818903528224,-0.010379613422646594,-0.009181252574940735,0.026910252389363003,0.3366963804793084
2305,2019-10-03,0.3366628311733793,0.3408441103319238,0.3333502152986505,0.3441608057349182,0.0518396857100411,-0.001753919891738176,0.004147729852615412,0.00040174689287969523,0.0001344461007106168,-0.012945477955134406,0.3408441103319238
2306,2019-10-04,0.3413618445555398,0.349855952411609,0.3409604351351688,0.3526254114299546,0.0480967630115052,0.0046990133821605,0.009011842079685195,0.007610219836518328,0.008464605695036431,-0.0037429226985358985,0.349855952411609
2307,2019-10-07,0.3479880017794687,0.3497255445657336,0.343898717824018,0.3587386158714177,0.037499380994041,0.006626157223928897,-0.0001304078458753688,0.0029382826888491587,0.0061132044414630715,-0.0105973820174642,0.3497255445657336
2308,2019-10-08,0.3437870396353532,0.3355454487482461,0.3361828010660356,0.3455938531497264,0.0609308198940261,-0.004200962144115528,-0.014180095817487526,-0.007715916757982388,-0.013144762721691294,0.0234314388999851,0.3355454487482461
2309,2019-10-09,0.3403440444054784,0.3419732356905185,0.3357177912010703,0.3495799015142756,0.0417622686981066,-0.00344299522987479,0.006427786942272418,-0.0004650098649652823,0.003986048364549188,-0.019168551195919502,0.3419732356905185
2310,2019-10-10,0.342184648745921,0.3417994661599172,0.3366690240517892,0.3506771356220272,0.0360385269308859,0.001840604340442642,-0.00017376953060133093,0.0009512328507189083,0.001097234107751588,-0.005723741767220701,0.3417994661599172
2311,2019-10-11,0.3485726628407967,0.3479231474572012,0.3434970731219079,0.3558946529665917,0.0484764199996698,0.00638801409487566,0.006123681297284023,0.006828049070118691,0.005217517344564493,0.0124378930687839,0.3479231474572012
2312,2019-10-14,0.3456493055049608,0.3452738883968507,0.3402415740966665,0.3545063025063371,0.0464006866839438,-0.0029233573358358744,-0.0026492590603505173,-0.003255499025241415,-0.0013883504602545949,-0.002075733315725997,0.3452738883968507
2313,2019-10-15,0.3466455240319929,0.3530046419598076,0.3457168144169557,0.3573503443619277,0.0359394859774516,0.0009962185270320778,0.007730753562956882,0.005475240320289176,0.0028440418555906177,-0.010461200706492202,0.3530046419598076
2314,2019-10-16,0.3482046444203821,0.3466637577157079,0.3423979084052844,0.3562306777376778,0.0526155065119426,0.0015591203883892346,-0.006340884244099676,-0.0033189060116712854,-0.0011196666242498932,0.016676020534491,0.3466637577157079
2315,2019-10-17,0.3523406617459413,0.3507245131386622,0.3550393695296245,0.3606197179819675,0.0665101269374886,0.0041360173255591826,0.00406075542295431,0.012641461124340114,0.00438904024428971,0.013894620425546005,0.3507245131386622
2316,2019-10-18,0.3478365037956309,0.3467723233233715,0.3425035952730011,0.3545287903816113,0.0503293111701688,-0.0045041579503103946,-0.003952189815290719,-0.012535774256623389,-0.006090927600356233,-0.016180815767319806,0.3467723233233715
2317,2019-10-21,0.3471434402181308,0.3561315251355384,0.3473021550176385,0.357999599012049,0.0733068123669137,-0.0006930635775000971,0.009359201812166928,0.004798559744637387,0.003470808630437694,0.02297750119674491,0.3561315251355384
2318,2019-10-22,0.3548741176797936,0.3535691329076165,0.3484860002230618,0.3635307164204476,0.0488560769878344,0.007730677461662783,-0.002562392227921928,0.0011838452054233062,0.0055311174083986225,-0.024450735379079304,0.3535691329076165
2319,2019-10-23,0.3489407590410553,0.3446658205698507,0.3429262693257069,0.3544167027038951,0.0458105676697314,-0.005933358638738284,-0.008903312337765812,-0.0055597308973548976,-0.009114013716552516,-0.003045509318103004,0.3446658205698507
2320,2019-10-24,0.3551340913120563,0.3664247426579056,0.3571533397707371,0.3660389087974354,0.0747924266684273,0.006193332271000995,0.02175892208805491,0.014227070445030188,0.01162220609354031,0.028981858998695896,0.3664247426579056
2321,2019-10-25,0.36312460467616,0.3690305683020418,0.3599860279768337,0.3735182129408664,0.0454639243327115,0.007990513364103669,0.002605825644136195,0.002832688206096612,0.007479304143431009,-0.029328502335715795,0.3690305683020418
2322,2019-10-28,0.370335514738748,0.3795407377110152,0.3704712296059456,0.3829680869348598,0.0654578168072498,0.007210910062588005,0.010510169408973424,0.010485201629111873,0.009449873993993385,0.019993892474538297,0.3795407377110152
2323,2019-10-29,0.3770050306919217,0.3697687570489637,0.3706191450628558,0.3811093700116548,0.0698898994734322,0.006669515953173721,-0.009771980662051483,0.00014791545691023034,-0.001858716923204995,0.004432082666182405,0.3697687570489637
2324,2019-10-30,0.372067938823174,0.3755886196272129,0.367702004775497,0.3789149851020998,0.0701663888017695,-0.0049370918687476895,0.00581986257824918,-0.002917140287358788,-0.0021943849095549806,0.00027648932833729267,0.3755886196272129
2325,2019-10-31,0.3630812910842409,0.3670761721696315,0.3599014884713461,0.3591865632758249,0.107112791139136,-0.008986647738933096,-0.008512447457581396,-0.007800516304150906,-0.019728421826274933,0.0369464023373665,0.3670761721696315
2326,2019-11-01,0.3684083011617246,0.3744159532551713,0.3660108124948125,0.3790493192744048,0.0603448275862069,0.005327010077483707,0.007339781085539787,0.006109324023466367,0.019862755998579895,-0.046767963552929094,0.3744159532551713
2327,2019-11-04,0.3784775920636043,0.3778903754921049,0.3708517186214429,0.3861927012231643,0.0421543058054505,0.01006929090187969,0.0034744222369336164,0.0048409061266304065,0.00714338194875952,-0.018190521780756398,0.3778903754921049
2328,2019-11-05,0.3771567284921873,0.3734604898299454,0.3706192761631841,0.3838862370480527,0.0707936481735197,-0.0013208635714170303,-0.004429885662159516,-0.00023244245825881915,-0.0023064641751116,0.0286393423680692,0.3734604898299454
2329,2019-11-06,0.3707686004285199,0.3746330844704986,0.3652074632731777,0.3769443194595241,0.0576913553754477,-0.006388128063667398,0.0011725946405531928,-0.005411812890006362,-0.006941917588528579,-0.013102292798071999,0.3746330844704986
2330,2019-11-07,0.375879022839392,0.3733952500412635,0.3678287400669722,0.3840877024544274,0.0396370149056634,0.0051104224108721175,-0.0012378344292350851,0.0026212767937944803,0.007143382994903302,-0.018054340469784304,0.3733952500412635
2331,2019-11-08,0.3688413426368699,0.3783029750132685,0.3684206819521148,0.3814229468966127,0.026778197784784,-0.007037680202522101,0.004907724972004979,0.0005919418851426106,-0.002664755557814702,-0.012858817120879398,0.3783029750132685
2332,2019-11-11,0.3759875058100029,0.3787808501888582,0.3706616373310338,0.3839535570074128,0.0260395173404202,0.007146163173132991,0.0004778751755897259,0.002240955378918996,0.00253061011080008,-0.0007386804443637977,0.3787808501888582
2333,2019-11-12,0.3792354735547391,0.378758936219158,0.3725428528345169,0.388857419556556,0.0366822931282085,0.00324796774473618,-2.1913969700193547e-05,0.0018812155034830802,0.004903862549143212,0.010642775787788297,0.378758936219158
2334,2019-11-13,0.3772216358175178,0.3829500636222436,0.3749105567357009,0.3877154304757834,0.0383164688598735,-0.0020138377372213023,0.004191127403085582,0.002367703901184015,-0.0011419890807726207,0.001634175731665001,0.3829500636222436
2335,2019-11-14,0.3810544746213118,0.3834929275263059,0.3741072230182766,0.3903802037767356,0.0340040606790908,0.0038328388037940364,0.0005428639040623295,-0.0008033337174243038,0.0026647733009522168,-0.004312408180782698,0.3834929275263059
2336,2019-11-15,0.3891207016736719,0.3880971565709737,0.3822467571879328,0.3985238001488423,0.0647934170779617,0.008066227052360098,0.004604229044667785,0.008139534169656182,0.00814359637210671,0.0307893563988709,0.3880971565709737
2337,2019-11-18,0.386422384915447,0.3862204456404793,0.3784655593634695,0.3976685705516687,0.0439329162608738,-0.0026983167582249057,-0.0018767109304944074,-0.0037811978244632893,-0.0008552295971736013,-0.0208605008170879,0.3862204456404793
2338,2019-11-19,0.3852256942966424,0.3840166749887148,0.378104525259933,0.3904006788867776,0.0530075436192865,-0.001196690618804619,-0.002203770651764525,-0.000361034103536495,-0.007267891664891113,0.009074627358412704,0.3840166749887148
2339,2019-11-20,0.3832455910217833,0.3789542969277619,0.3762989206176522,0.3889605479534068,0.0464832208118056,-0.0019801032748590908,-0.005062378060952888,-0.0018056046422808003,-0.001440130933370809,-0.006524322807480901,0.3789542969277619
2340,2019-11-21,0.3608988900325367,0.3525953420871094,0.3538463800118177,0.3591686314487974,0.1443563163368052,-0.02234670098924657,-0.026358954840652482,-0.022452540605834514,-0.029791916504609384,0.0978730955249996,0.3525953420871094
2341,2019-11-22,0.3491705633550889,0.3458309551356123,0.3454982323206904,0.3551632756574127,0.0938701903236988,-0.011728326677447831,-0.0067643869514971144,-0.008348147691127294,-0.004005355791384724,-0.05048612601310641,0.3458309551356123
2342,2019-11-25,0.3488876957513816,0.356435666646271,0.3488332272019611,0.3606986672698197,0.0781598190851917,-0.0002828676037072708,0.010604711510658726,0.003334994881270703,0.005535391612407015,-0.01571037123850709,0.356435666646271
2343,2019-11-26,0.35652519936326,0.3537735676495004,0.3488332154977497,0.3625212691694372,0.0839743483930605,0.007637503611878371,-0.002662098996770612,-1.1704211377860929e-08,0.0018226018996175264,0.005814529307868799,0.3537735676495004
2344,2019-11-27,0.355328482095005,0.3614543602308003,0.3531665804853535,0.3648389673524468,0.0568577606840428,-0.0011967172682549876,0.007680792581299889,0.004333364987603783,0.0023176981830095866,-0.027116587709017703,0.3614543602308003
2345,2019-11-29,0.3592233880368567,0.3575485448227475,0.3517009370641641,0.368326719393463,0.0291097868968818,0.003894905941851712,-0.003905815408052793,-0.0014656434211893776,0.003487752041016201,-0.027747973787161002,0.3575485448227475
2346,2019-12-02,0.3567428150580877,0.3514388152999534,0.3488757504586004,0.3609012039003564,0.0474818837589343,-0.0024805729787690245,-0.006109729522794094,-0.00282518660556369,-0.007425515493106605,0.0183720968620525,0.3514388152999534
2347,2019-12-03,0.3437961126996118,0.3412269412854096,0.3377662935284228,0.3500330284484789,0.0815148313827767,-0.012946702358475892,-0.01021187401454382,-0.01110945693017762,-0.010868175451877515,0.034032947623842395,0.3412269412854096
2348,2019-12-04,0.3471034284882206,0.3496931219329857,0.3415472387369328,0.355523293681299,0.0472425347881348,0.0033073157886088222,0.008466180647576094,0.0037809452085100226,0.005490265232820091,-0.03427229659464189,0.3496931219329857
2349,2019-12-05,0.3492141947275785,0.3523989771376682,0.3458807045852831,0.3602037253046379,0.0544972846271933,0.002110766239357853,0.002705855204682528,0.00433346584835026,0.004680431623338921,0.007254749839058494,0.3523989771376682
2350,2019-12-06,0.3557419258521018,0.3554319637951093,0.3515947187715173,0.3664366005858178,0.0408255063468744,0.006527731124523317,0.0030329866574410613,0.00571401418623424,0.006232875281179884,-0.013671778280318896,0.3554319637951093
2351,2019-12-09,0.355393700843591,0.3510460136695828,0.3474525015574163,0.3614411992039351,0.0316435846222412,-0.000348225008510783,-0.00438595012552645,-0.004142217214101018,-0.0049954013818827026,-0.009181921724633203,0.3510460136695828
2352,2019-12-10,0.3531307379485374,0.354297243380421,0.3490456548774508,0.3632413070439518,0.04910367937142,-0.002262962895053622,0.0032512297108381882,0.0015931533200345127,0.001800107840016718,0.017460094749178805,0.354297243380421
2353,2019-12-11,0.3541970466995059,0.3646620130624475,0.3556519250693631,0.3660540885573816,0.0385475644178867,0.0010663087509685254,0.010364769682026487,0.006606270191912289,0.002812781513429785,-0.010556114953533306,0.3646620130624475
2354,2019-12-12,0.3633359215120516,0.3741320758899062,0.3651895149057635,0.3750996907607546,0.0671415130156319,0.009138874812545661,0.009470062827458714,0.009537589836400406,0.009045602203373027,0.0285939485977452,0.3741320758899062
2355,2019-12-13,0.3719742622667529,0.3736519411724325,0.3676747223976895,0.3827951073637322,0.0475726712995823,0.008638340754701324,-0.0004801347174737125,0.0024852074919259892,0.007695416602977567,-0.019568841716049598,0.3736519411724325
2356,2019-12-16,0.3802210520339524,0.3754412114185913,0.3717319360053902,0.3870929157991242,0.0538947854938016,0.008246789767199503,0.001789270246158825,0.0040572136077006715,0.004297808435392014,0.006322114194219297,0.3754412114185913
2357,2019-12-17,0.3744113824553947,0.3839512200055678,0.3741110547324505,0.3871829872075082,0.0550255030455093,-0.005809669578557719,0.00851000858697648,0.0023791187270603142,9.007140838401817e-05,0.0011307175517077037,0.3839512200055678
2358,2019-12-18,0.3827451111425114,0.382423733826253,0.3769786811408193,0.3943608957709493,0.0625732490384774,0.008333728687116737,-0.0015274861793148076,0.0028676264083687952,0.007177908563441082,0.007547745992968098,0.382423733826253
2359,2019-12-19,0.3823099491259487,0.3828601840673031,0.3743234688526128,0.388960571251596,0.0490170185371651,-0.0004351620165627401,0.00043645024105010144,-0.0026552122882064766,-0.0054003245193532945,-0.0135562305013123,0.3828601840673031
2360,2019-12-20,0.3847469325302822,0.3872459907298528,0.3777645609795555,0.3937083082527818,0.1112188640002641,0.002436983404333515,0.004385806662549674,0.003441092126942713,0.004747737001185803,0.062201845463098995,0.3872459907298528
2361,2019-12-23,0.3891858784244238,0.3864605309320882,0.3807385090659744,0.3980511532707001,0.0399919116554695,0.0044389458941416216,-0.000785459797764565,0.002973948086418876,0.0043428450179183176,-0.07122695234479459,0.3864605309320882
2362,2019-12-24,0.3868576224063297,0.3886425669428735,0.378508110081222,0.3966560717883912,0.010634522375002,-0.0023282560180941103,0.0021820360107853154,-0.002230398984752413,-0.0013950814823089353,-0.0293573892804675,0.3886425669428735
2363,2019-12-26,0.388576552265982,0.3900389996929175,0.3798037951728309,0.3985911294081347,0.0217848830491408,0.001718929859652274,0.0013964327500439744,0.0012956850916089335,0.0019350576197434965,0.0111503606741388,0.3900389996929175
2364,2019-12-27,0.3900344790051869,0.3895372020659529,0.3817368689953118,0.3990862275272557,0.0228578267113451,0.0014579267392049178,-0.0005017976269646174,0.0019330738224808686,0.000495098119121018,0.0010729436622042982,0.3895372020659529
2365,2019-12-30,0.3873580443231886,0.3892098195529851,0.3800586909026666,0.3942933438031271,0.0312144071573595,-0.0026764346819982965,-0.00032738251296776655,-0.0016781780926451995,-0.004792883724128616,0.008356580446014401,0.3892098195529851
2366,2019-12-31,0.3859873301972151,0.388773548640656,0.3791878948938237,0.3967011505021315,0.0358775853815552,-0.0013707141259735045,-0.0004362709123291175,-0.0008707960088428779,0.0024078066990044222,0.004663178224195701,0.388773548640656
2367,2020-01-02,0.3933635979405843,0.3983744138371762,0.3880881117977014,0.4050715848217708,0.0436151598686056,0.0073762677433691914,0.009600865196520203,0.008900216903877711,0.008370434319639297,0.007737574487050397,0.3983744138371762
2368,2020-01-03,0.3902084959859613,0.3907590762390234,0.3848380973079234,0.4002112389301719,0.0343919710800416,-0.0031551019546229853,-0.007615337598152805,-0.003250014489778019,-0.004860345891598894,-0.009223188788563999,0.3907590762390234
2369,2020-01-06,0.3836590169164682,0.3819655130784795,0.3771698382452852,0.3917282149412462,0.052277116587709,-0.006549479069493103,-0.008793563160543916,-0.007668259062638183,-0.008483023988925698,0.0178851455076674,0.3819655130784795
2370,2020-01-07,0.3832673619687165,0.3849985714674089,0.3776159591270443,0.3922007904673087,0.0470155659365147,-0.000391654947751674,0.0030330583889294216,0.00044612088175910447,0.00047257552606250197,-0.005261550651194297,0.3849985714674089
2371,2020-01-08,0.3840506706182168,0.3855004049601176,0.3795064551498196,0.3949459474165643,0.0364594509829814,0.0007833086495002695,0.0005018334927087142,0.001890496022775301,0.0027451569492555894,-0.0105561149535333,0.3855004049601176
2372,2020-01-09,0.3882067523122871,0.3829256749161943,0.3811208791012909,0.3936634054878781,0.0378377709182747,0.004156081694070279,-0.0025747300439233345,0.0016144239514712666,-0.0012825419286862094,0.001378319935293297,0.3829256749161943
2373,2020-01-10,0.3838547733430442,0.3775140721040617,0.3768936165905766,0.3869128307580048,0.0364718311021607,-0.004351978969242887,-0.005411602812132599,-0.004227262510714314,-0.006750574729873282,-0.0013659398161139993,0.3775140721040617
2374,2020-01-13,0.3785455052332873,0.3820745449408175,0.3719655230210951,0.3900855384583822,0.0273187963222792,-0.005309268109756904,0.004560472836755813,-0.004928093569481484,0.003172707700377364,-0.0091530347798815,0.3820745449408175
2375,2020-01-14,0.382766796111946,0.3872677612365762,0.3785717235810698,0.3916831509477064,0.0528053350060249,0.00422129087865869,0.005193216295758696,0.006606200559974684,0.0015976124893242183,0.0254865386837457,0.3872677612365762
2376,2020-01-15,0.3853345730365858,0.3882280665372678,0.3795915214196205,0.3956886183356465,0.0380812465954672,0.0025677769246398308,0.0009603053006916329,0.0010197978385507178,0.004005467387940109,-0.014724088410557695,0.3882280665372678
2377,2020-01-16,0.3905784878556997,0.3947522964656676,0.3862401531321218,0.4027989863534854,0.0494049289381159,0.005243914819113904,0.006524229928399794,0.006648631712501296,0.007110368017838875,0.011323682342648696,0.3947522964656676
2378,2020-01-17,0.3935594779740882,0.3899954228137264,0.3842646305739405,0.3990862394844912,0.0662212574899721,0.0029809901183884824,-0.004756873651941218,-0.0019755225581812863,-0.003712746868994199,0.016816328551856198,0.3899954228137264
2379,2020-01-21,0.3865529541796941,0.3901699455249557,0.3842433568616821,0.3995587403683337,0.0648470642610719,-0.007006523794394093,0.00017452271122930796,-2.127371225840724e-05,0.0004725008838425415,-0.0013741932289002001,0.3901699455249557
2380,2020-01-22,0.391666427494906,0.3930502875751235,0.3882580977363639,0.4047340915513829,0.0447582575394925,0.005113473315211892,0.0028803420501677945,0.004014740874681788,0.005175351183049182,-0.020088806721579394,0.3930502875751235
2381,2020-01-23,0.3912747658219436,0.398330801092241,0.3880031951043472,0.403046469108517,0.0436151598686056,-0.0003916616729623956,0.005280513517117502,-0.0002549026320166625,-0.0016876224428659103,-0.0011430976708869042,0.398330801092241
2382,2020-01-24,0.4001090311698008,0.3914573822784058,0.3919116999437508,0.4014938787163143,0.0396576484376289,0.008834265347857195,-0.006873418813835186,0.0039085048394035815,-0.0015525903922026796,-0.003957511430976696,0.3914573822784058
2383,2020-01-27,0.3802863373354536,0.3716226573661532,0.3722204989099609,0.382187620445574,0.0652556081939882,-0.019822693834347205,-0.019834724912252633,-0.019691201033789907,-0.01930625827074034,0.02559795975635929,0.3716226573661532
2384,2020-01-28,0.3746941959517794,0.3838856932909323,0.374557113243105,0.3863503738887635,0.0387126326736105,-0.0055921413836741984,0.01226303592477912,0.0023366143331440825,0.004162753443189504,-0.026542975520377696,0.3838856932909323
2385,2020-01-29,0.3837243300419042,0.374699364365762,0.3758528927389776,0.3862604106692253,0.0424596820785394,0.00903013409012482,-0.009186328925170295,0.0012957794958726176,-8.996321953819164e-05,0.003747049404928905,0.374699364365762
2386,2020-01-30,0.3775228366517063,0.3773177071546206,0.3725178168126885,0.3815575138357472,0.0597547085719945,-0.006201493390197932,0.0026183427888585853,-0.0033350759262891216,-0.004702896833478076,0.017295026493455094,0.3773177071546206
2387,2020-01-31,0.3729099482355408,0.3616507610459857,0.3669525290544013,0.3718369204604487,0.0621358181608094,-0.004612888416165473,-0.015666946108634894,-0.005565287758287185,-0.009720593375298514,0.002381109588814906,0.3616507610459857
2388,2020-02-03,0.3639669078108437,0.3707934772262208,0.3624917432919442,0.3757971790545071,0.0487570360344002,-0.008943040424697124,0.0091427161802351,-0.004460785762457065,0.003960258594058408,-0.013378782126409201,0.3707934772262208
2389,2020-02-04,0.3793288695575222,0.390148103286744,0.3798037904189903,0.3911656308461541,0.0716354962777108,0.015361961746678532,0.019354626060523183,0.017312047127046093,0.015368451791646975,0.022878460243310604,0.390148103286744
2390,2020-02-05,0.383093157943892,0.3737391307965588,0.3776582951609996,0.3798248518760957,0.1284684967233951,0.003764288386369774,-0.016408972490185192,-0.002145495257990737,-0.011340778970058363,0.056833000445684304,0.3737391307965588
2391,2020-02-06,0.3730187142717789,0.3747429771106972,0.3683120009854827,0.3828626271212176,0.0565482577045608,-0.010074443672113076,0.0010038463141384124,-0.009346294175516856,0.0030377752451218876,-0.0719202390188343,0.3747429771106972
2392,2020-02-07,0.371452080365522,0.3602542565644533,0.3638087456099041,0.3707343332413403,0.0616034730361004,-0.0015666339062568868,-0.014488720546243894,-0.0045032553755786076,-0.012128293879877294,0.005055215331539596,0.3602542565644533
2393,2020-02-10,0.3570692335844472,0.3685896348429679,0.3590080877757276,0.369204265035135,0.0693410475231508,-0.01438284678107482,0.008335378278514605,-0.004800657834176492,-0.0015300682062053261,0.007737574487050404,0.3685896348429679
2394,2020-02-11,0.368188228238973,0.3775796346844413,0.3686094210017055,0.3787674128068288,0.052367904128357,0.011118994654525816,0.008989999841473362,0.009601333225977893,0.009563147771693814,-0.016973143394793805,0.3775796346844413
2395,2020-02-12,0.3786107931510613,0.3839729187808028,0.3748331945012566,0.3911881362792503,0.0395214671266568,0.010422564912088261,0.006393284096361529,0.006223773499551055,0.012420723472421513,-0.012846437001700198,0.3839729187808028
2396,2020-02-13,0.3822663554653824,0.3899735447097704,0.3825227492552365,0.3935733135395577,0.0477872600320232,0.0036555623143211258,0.006000625928967607,0.007689554753979921,0.002385177260307403,0.008265792905366401,0.3899735447097704
2397,2020-02-14,0.3897516249925752,0.3846494543134618,0.3818430784573333,0.3935283866083122,0.0356877568874729,0.007485269527192806,-0.005324090396308601,-0.0006796707979032091,-4.4926931245525825e-05,-0.0120995031445503,0.3846494543134618
2398,2020-02-18,0.3633794033843464,0.3692660627783944,0.3653594072533584,0.3750321416690653,0.0733852197883825,-0.02637222160822883,-0.015383391535067403,-0.01648367120397487,-0.018496244939246897,0.0376974629009096,0.3692660627783944
2399,2020-02-19,0.3747159735116959,0.377448688852403,0.3713496063502182,0.3847752742680788,0.0441268714613492,0.01133657012734951,0.008182626074008603,0.005990199096859772,0.009743132599013493,-0.0292583483270333,0.377448688852403
2400,2020-02-20,0.375538561533692,0.3668573552643273,0.3680600771569124,0.3746227575897849,0.0686849012066489,0.0008225880219960846,-0.010591333588075735,-0.0032895291933057735,-0.010152516678293866,0.0245580297452997,0.3668573552643273
2401,2020-02-21,0.3622655452640784,0.3533058424795165,0.3548892366285933,0.3636331193912102,0.0788159654016936,-0.01327301626961358,-0.01355151278481076,-0.013170840528319128,-0.010989638198574736,0.010131064195044698,0.3533058424795165
2402,2020-02-24,0.3383872075879139,0.3371010536710059,0.334844756098939,0.3457466413073748,0.1093412125914065,-0.023878337676164485,-0.016204788808510617,-0.020044480529654296,-0.017886478083835367,0.030525247189712904,0.3371010536710059
2403,2020-02-25,0.3395461380812806,0.3232424942501832,0.332987599316266,0.3325635238470141,0.0844695531602317,0.0011589304933666833,-0.013858559420822703,-0.0018571567826730084,-0.013183117460360716,-0.024871659431174795,0.3232424942501832
2404,2020-02-26,0.3258136889460947,0.3229353400169387,0.3215882614279896,0.3306412733633388,0.0775531932454069,-0.013732449135185898,-0.00030715423324451097,-0.011399337888276406,-0.0019222504836752807,-0.00691635991482481,0.3229353400169387
2405,2020-02-27,0.3122782550230485,0.3245142218076779,0.3167426339908218,0.3217093622165207,0.1481363793928789,-0.01353543392304618,0.0015788817907392283,-0.0048456274371677654,-0.008931911146818128,0.07058318614747201,0.3245142218076779
2406,2020-02-28,0.3107038269709425,0.3370570822686288,0.328590012496452,0.3213022934145066,0.1524859279311995,-0.0015744280521060028,0.012542860460950878,0.011847378505630168,-0.0004070688020140767,0.004349548538320591,0.3370570822686288
2407,2020-03-02,0.3378403546246505,0.3480868745794293,0.3394127680210861,0.3430555825970817,0.1116851818226836,0.027136527653707998,0.01102979231080048,0.010822755524634131,0.021753289182575075,-0.0408007461085159,0.3480868745794293
2408,2020-03-03,0.3428915871120699,0.3372763295628633,0.340031840675872,0.3445706545129995,0.0989336590680246,0.005051232487419399,-0.010810545016565976,0.0006190726547858905,0.0015150719159178205,-0.012751522754659003,0.3372763295628633
2409,2020-03-04,0.3435038626304623,0.3524067600041575,0.343063113959273,0.3497263332448044,0.0616241065680659,0.00061227551839238,0.015130430441294196,0.003031273283401026,0.005155678731804891,-0.037309552499958695,0.3524067600041575
2410,2020-03-05,0.3425418234697823,0.3435917491285879,0.3391567603656319,0.3493193913073762,0.0700302074907974,-0.000962039160679995,-0.008815010875569573,-0.00390635359364111,-0.00040694193742818463,0.008406100922731502,0.3435917491285879
2411,2020-03-06,0.3324830729904603,0.3413768959618687,0.3333076570118719,0.3425581550924632,0.0766907116092504,-0.010058750479321976,-0.0022148531667192106,-0.005849103353759988,-0.006761236214913036,0.006660504118452995,0.3413768959618687
2412,2020-03-09,0.3170233790580328,0.3177823292204171,0.3212468492308623,0.3262093030232179,0.1161915452039418,-0.01545969393242752,-0.023594566741451606,-0.012060807781009653,-0.0163488520692453,0.039500833594691406,0.3177823292204171
2413,2020-03-10,0.3247423098048609,0.3389429748296359,0.330361865399385,0.3291941711598982,0.100629735395586,0.007718930746828112,0.02116064560921882,0.009115016168522727,0.0029848681366803076,-0.015561809808355795,0.3389429748296359
2414,2020-03-11,0.328284748575886,0.3177823292204171,0.3249398232249394,0.3225008385963018,0.1126797180634192,0.0035424387710251137,-0.02116064560921882,-0.005422042174445585,-0.006693332563596388,0.012049982667833192,0.3177823292204171
2415,2020-03-12,0.295725183651488,0.2748908802665886,0.2967193995098389,0.2832227190968489,0.1102944817682111,-0.03255956492439804,-0.042891448953828515,-0.02822042371510053,-0.039278119499452924,-0.002385236295208093,0.2748908802665886
2416,2020-03-13,0.2904334156299923,0.3187689958430885,0.3111497357634067,0.2891924101902579,0.1157252273815222,-0.005291768021495669,0.0438781155764999,0.014430336253567821,0.005969691093409002,0.005430745613311097,0.3187689958430885
2417,2020-03-16,0.2814024827329234,0.2839691098387698,0.2998786946508826,0.2853482985841274,0.1135793400571136,-0.00903093289706891,-0.034799886004318714,-0.011271041112524083,-0.0038441116061304625,-0.0021458873244085963,0.2839691098387698
2418,2020-03-17,0.2883560970764754,0.3281104441118813,0.3211400651129339,0.2841046206817815,0.1326158366484541,0.006953614343552017,0.04414133427311151,0.021261370462051288,-0.0012436779023459188,0.019036496591340504,0.3281104441118813
2419,2020-03-18,0.2891869965945612,0.2894949809118923,0.3055355696518581,0.28799394410425,0.1099602185503705,0.0008308995180857925,-0.038615463199988986,-0.01560449546107584,0.0038893234224685047,-0.022655618098083613,0.2894949809118923
2420,2020-03-19,0.2883779770761375,0.2792765076004174,0.2890772740620596,0.2866372293396941,0.0806688565721926,-0.0008090195184237148,-0.010218473311474907,-0.0164582955897985,-0.0013567147645558997,-0.0292913619781779,0.2792765076004174
2421,2020-03-20,0.2836328866080919,0.2500243707731772,0.2829507542116825,0.2557031822639471,0.1086396725045806,-0.00474509046804561,-0.029252136827240205,-0.006126519850377099,-0.030934047075746984,0.02797081593238801,0.2500243707731772
2422,2020-03-23,0.2499800122018416,0.2551555393314869,0.2576335258442769,0.2491681260455444,0.0876883841468447,-0.03365287440625028,0.0051311685583096955,-0.025317228367405575,-0.006535056218402724,-0.02095128835773591,0.2551555393314869
2423,2020-03-24,0.2661177119387538,0.2990118664683913,0.291489515468543,0.2713511599634854,0.1145614961786698,0.016137699736912176,0.043856327136904405,0.033855989624266114,0.02218303391794102,0.026873112031825103,0.2990118664683913
2424,2020-03-25,0.296774785177736,0.3014458413992403,0.3115340380021356,0.3038906368968862,0.070277809874383,0.030657073238982202,0.0024339749308490144,0.020044522533592568,0.03253947693340081,-0.04428368630428681,0.3014458413992403
2425,2020-03-26,0.3078173918570937,0.3283953974494721,0.3212040151796158,0.314450631083984,0.0771859163764216,0.011042606679357747,0.026949556050231804,0.009669977177480193,0.010559994187097799,0.006908106502038602,0.3283953974494721
2426,2020-03-27,0.3171544388628824,0.3119054759746498,0.3141595877224382,0.3195610925998786,0.0924629834436539,0.00933704700578869,-0.01648992147482231,-0.007044427457177593,0.00511046151589456,0.015277067067232308,0.3119054759746498
2427,2020-03-30,0.3106601315473763,0.3278692111164583,0.3214175609834359,0.3210988027853934,0.0670053317046598,-0.006494307315506098,0.01596373514180849,0.007257973260997697,0.0015377101855147957,-0.0254576517389941,0.3278692111164583
2428,2020-03-31,0.3298371570416046,0.3151947233743296,0.3219938591661964,0.3200359686815637,0.1199716082600155,0.019177025494228284,-0.012674487742128704,0.000576298182760504,-0.0010628341038296796,0.0529662765553557,0.3151947233743296
2429,2020-04-01,0.3032910208590886,0.2885959343022775,0.3014583536603662,0.293194860994054,0.0685363397764975,-0.026546136182516,-0.026598789072052098,-0.020535505505830165,-0.02684110768750969,-0.051435268483517996,0.2885959343022775
2430,2020-04-02,0.2833268283975176,0.2904160490884398,0.2855978011509042,0.2924034841951401,0.0555454680510391,-0.019964192461570995,0.0018201147861623412,-0.015860552509462,-0.0007913767989138898,-0.01299087172545841,0.2904160490884398
2431,2020-04-03,0.2860600765553399,0.2805483068894006,0.2838900008407433,0.2839236718927396,0.0471971410178108,0.0027332481578222767,-0.009867742199039242,-0.001707800310160934,-0.008479812302400525,-0.008348327033228298,0.2805483068894006
2432,2020-04-06,0.2956596596594362,0.3256326233087598,0.3185144934347642,0.300589248099641,0.0761790000165068,0.00959958310409631,0.04508431641935923,0.034624492594020895,0.0166655762069014,0.028981858998696007,0.3256326233087598
2433,2020-04-07,0.3369657144644439,0.3229353400169387,0.3308740958568443,0.3313196579223457,0.0600064376619732,0.04130605480500771,-0.0026972832918211176,0.012359602422080118,0.030730409822704696,-0.016172562354533605,0.3229353400169387
2434,2020-04-08,0.3271039012207176,0.3341187453101056,0.3269250258876245,0.3322016343719216,0.0557105363067628,-0.009861813243726314,0.011183405293166915,-0.003949069969219787,0.0008819764495758831,-0.0042959013552104006,0.3341187453101056
2435,2020-04-09,0.3327017616751462,0.3291849100763302,0.33700067245845,0.3357744199210828,0.0538039979531536,0.005597860454428616,-0.0049338352337753855,0.010075646570825492,0.0035727855491612392,-0.0019065383536092037,0.3291849100763302
2436,2020-04-13,0.3269071431313764,0.3335047955010584,0.3253667583506032,0.3350734440556639,0.0358321916112312,-0.005794618543769781,0.004319885424728165,-0.01163391410784681,-0.0007009758654188958,-0.0179718063419224,0.3335047955010584
2437,2020-04-14,0.3391524959490122,0.3546434912748328,0.3465426923630912,0.3478043351340105,0.0526031263927634,0.01224535281763578,0.02113869577377442,0.021175934012488018,0.012730891078346573,0.0167709347815322,0.3546434912748328
2438,2020-04-15,0.3458873148678456,0.3359825804384357,0.3379185381721309,0.3416988475970181,0.052764067942094,0.006734818918833374,-0.018660910836397093,-0.008624154190960298,-0.0061054875369924155,0.00016094154933059962,0.3359825804384357
2439,2020-04-16,0.3459530240305867,0.3435039856525546,0.3431485551018011,0.3487540436348132,0.0645004209240521,6.570916274112326e-05,0.00752140521411887,0.005230016929670178,0.007055196037795142,0.011736352981958104,0.3435039856525546
2440,2020-04-17,0.3519007458799735,0.3535032475355392,0.3464359468054596,0.3568041331308164,0.0411886565094666,0.0059477218493868,0.009999261882984611,0.003287391703658493,0.008050089496003165,-0.023311764414585504,0.3535032475355392
2441,2020-04-20,0.3472212721254631,0.3427365304583735,0.3422733406013248,0.352869561686268,0.0261963321833578,-0.004679473754510388,-0.0107667170771657,-0.004162606204134778,-0.003934571444548396,-0.014992324326108798,0.3427365304583735
2442,2020-04-21,0.3355225207478292,0.3258298490360615,0.3291236650851915,0.3334452625401736,0.0530157970320727,-0.011698751377633931,-0.016906681422311998,-0.01314967551613333,-0.019424299146094393,0.0268194648487149,0.3258298490360615
2443,2020-04-22,0.3374249569489698,0.347955354895484,0.3401813264392914,0.34210589935454,0.0498299796966045,0.0019024362011406115,0.022125505859422523,0.011057661354099912,0.008660636814366407,-0.0031858173354682023,0.347955354895484
2444,2020-04-23,0.3464559253976465,0.3496438424004684,0.3433406446756357,0.3550403184019577,0.0579595912909988,0.009030968448676735,0.001688487504984404,0.0031593182363442995,0.012934419047417711,0.0081296115943943,0.3496438424004684
2445,2020-04-24,0.3520099863090066,0.3616384590957284,0.3534376016504016,0.3573241464390097,0.0615910929169211,0.00555406091136007,0.011994616695259974,0.010096956974765925,0.002283828037052016,0.0036315016259223024,0.3616384590957284
2446,2020-04-27,0.3652612706240062,0.3641383373315269,0.3612719166606641,0.3722937457407643,0.0425257093808289,0.013251284314999612,0.0024998782357985028,0.007834315010262494,0.014969599301754566,-0.019065383536092204,0.3641383373315269
2447,2020-04-28,0.3682132989369374,0.3645988534869286,0.3645379732905218,0.375256001285789,0.0494750829467985,0.0029520283129311764,0.0004605161554017134,0.003266056629857683,0.0029622555450247168,0.006949373565969599,0.3645988534869286
2448,2020-04-29,0.3715807474511822,0.3856936854555584,0.3781998538733421,0.3803664615220209,0.0626805434046978,0.0033674485142448085,0.021094831968629768,0.013661880582820307,0.005110460236231906,0.013205460457899297,0.3856936854555584
2449,2020-04-30,0.3803711954065955,0.3598185236382871,0.3742293888718233,0.3707787353602162,0.0512289331638632,0.008790447955413283,-0.025875161817271286,-0.003970465001518819,-0.0095877261618047,-0.011451610240834596,0.3598185236382871
2450,2020-05-01,0.3461498192410303,0.3295138706820423,0.3391780664071429,0.3340106593560374,0.1111115696340436,-0.0342213761655652,-0.030304652956244793,-0.0350513224646804,-0.03676807600417881,0.059882636470180405,0.3295138706820423
2451,2020-05-04,0.3273005983410617,0.3333073187135474,0.3263272254378279,0.3336261073871315,0.060794638583054,-0.0188492208999686,0.003793448031505109,-0.012850840969314992,-0.0003845519689059107,-0.050316931050989604,0.3333073187135474
2452,2020-05-05,0.3421264085767693,0.3412673978448561,0.3430205366075798,0.3481435858831803,0.0771240157805252,0.014825810235707615,0.007960079131308695,0.016693311169751923,0.014517478496048786,0.016329377197471205,0.3412673978448561
2453,2020-05-06,0.3573236386548269,0.3592044662320073,0.3610370568574743,0.3583191349947198,0.0999777157854772,0.015197230078057622,0.0179370683871512,0.018016520249894474,0.010175549111539506,0.022853700004952,0.3592044662320073
2454,2020-05-07,0.3659827899003299,0.3592702081411079,0.3622324277795021,0.3698741295306927,0.0694194549446196,0.008659151245502983,6.574190910058064e-05,0.0011953709220278164,0.011554994535972918,-0.03055826084085761,0.3592702081411079
2455,2020-05-08,0.3648021666328507,0.3760673197149189,0.3679961993394265,0.3746455203687554,0.0522193426982057,-0.0011806232674791972,0.01679711157381103,0.005763771559924413,0.004771390838062717,-0.0172001122464139,0.3760673197149189
2456,2020-05-11,0.3699625448958902,0.3701027029931183,0.3627874319331366,0.3782633819267236,0.0472838018520658,0.0051603782630395,-0.005964616721800597,-0.005208767406289894,0.0036178615579681717,-0.004935540846139896,0.3701027029931183
2457,2020-05-12,0.3722148506508768,0.3630638355013338,0.3654344750123912,0.3740348783475771,0.0398350968125319,0.0022523057549865833,-0.007038867491784506,0.002647043079254563,-0.004228503579146503,-0.007448705039533897,0.3630638355013338
2458,2020-05-13,0.3616095692261029,0.3597746956988867,0.3599270954500599,0.3632939759379888,0.0744911771017315,-0.010605281424773905,-0.0032891398024471052,-0.005507379562331272,-0.010740902409588304,0.0346560802891996,0.3597746956988867
2459,2020-05-14,0.3554430839255847,0.3875794345535888,0.3777515222753434,0.3592914418659236,0.1107401660586652,-0.006166485300518165,0.027804738854702082,0.017824426825283513,-0.004002534072065189,0.036248988956933695,0.3875794345535888
2460,2020-05-15,0.3692016716891817,0.368916694564238,0.3681228117526502,0.3771375770470624,0.1530966804773774,0.013758587763597008,-0.018662739989350807,-0.009628710522693207,0.01784613518113881,0.0423565144187122,0.368916694564238
2461,2020-05-18,0.377507129210673,0.3796692446724485,0.3720909594654769,0.3834996115547331,0.0615745860913487,0.008305457521491255,0.010752550108210523,0.003968147712826664,0.0063620345076707,-0.09152209438602871,0.3796692446724485
2462,2020-05-19,0.3783860173603544,0.3801319486382458,0.3810140881358826,0.3888619456197188,0.0443538403129694,0.0008788881496814005,0.00046270396579728423,0.008923128670405733,0.005362334064985708,-0.0172207457783793,0.3801319486382458
2463,2020-05-20,0.3856149083185129,0.3920303375418437,0.3865481584985084,0.3975644223665511,0.0537544774764365,0.00722889095815854,0.0118983889035979,0.005534070362625765,0.008702476746832277,0.009400637163467104,0.3920303375418437
2464,2020-05-21,0.3869992459224581,0.3799336828043626,0.3801990490035472,0.3904979907413944,0.0413413446460111,0.001384337603945185,-0.01209665473748106,-0.006349109494961203,-0.007066431625156688,-0.012413132830425402,0.3799336828043626
2465,2020-05-22,0.3818137904834519,0.3811896653001579,0.3731635154616372,0.387180607026359,0.0275003714035753,-0.005185455439006226,0.0012559824957952825,-0.00703553354191,-0.003317383715035427,-0.0138409732424358,0.3811896653001579
2466,2020-05-26,0.3887130756603841,0.3892100347474503,0.3868056028247877,0.3969282708135468,0.0788654858784107,0.006899285176932224,0.008020369447292397,0.013642087363150535,0.009747663787187832,0.051365114474835404,0.3892100347474503
2467,2020-05-27,0.3913716076659698,0.3894082288498451,0.3837381506065051,0.3822725719604437,0.0684868192997804,0.00265853200558569,0.00019819410239479973,-0.0030674522182825847,-0.014655698853103138,-0.010378666578630305,0.3894082288498451
2468,2020-05-28,0.3903609942702052,0.3847371101922626,0.3865696443833527,0.3939971221028597,0.0524917053201498,-0.0010106133957645813,-0.004671118657582518,0.002831493776847549,0.011724550142416024,-0.015995113979630597,0.3847371101922626
2469,2020-05-29,0.3867136283795085,0.3877117791496504,0.381743476154487,0.394383479666787,0.0739547052706294,-0.0036473658906966966,0.002974668957387794,-0.004826168228865668,0.0003863575639272976,0.0214629999504796,0.3877117791496504
2470,2020-06-01,0.3845163918546249,0.3877117791496504,0.3826658051854912,0.3941107936745271,0.0447912711906373,-0.002197236524883628,0.0,0.0009223290310041987,-0.0002726859922598801,-0.029163434079992105,0.3877117791496504
2471,2020-06-02,0.3851754776960704,0.3906421897787076,0.3808424944299,0.3929518972123215,0.0368349812647529,0.0006590858414455281,0.002930410629057245,-0.0018233107555912231,-0.0011588964622056275,-0.007956289925884395,0.3906421897787076
2472,2020-06-03,0.3929537050419649,0.4099440931952712,0.4010053887752428,0.4053126235019652,0.0684950727125666,0.007778227345894506,0.01930190341656357,0.020162894345342797,0.012360726289643686,0.03166009144781369,0.4099440931952712
2473,2020-06-04,0.4060711800662419,0.4104728618618668,0.4056599800696728,0.4173778995702012,0.0441021112229907,0.013117475024276959,0.0005287686665956248,0.004654591294430022,0.012065276068236042,-0.02439296148957589,0.4104728618618668
2474,2020-06-05,0.417958301650664,0.4241120305254783,0.4209538169530058,0.4301930974119438,0.0619088493091893,0.011887121584422122,0.013639168663611478,0.015293836883333023,0.012815197841742565,0.0178067380861986,0.4241120305254783
2475,2020-06-08,0.4254289035888677,0.422767961761952,0.4162563003644533,0.4289206902977225,0.0336904309932157,0.0074706019382037026,-0.0013440687635262738,-0.004697516588552497,-0.0012724071142212745,-0.028218418315973604,0.422767961761952
2476,2020-06-09,0.4186613433187044,0.4209170383015303,0.4130173136019182,0.4286479346006838,0.0320232416104059,-0.006767560270163286,-0.001850923460421705,-0.0032389867625351454,-0.00027275569703871794,-0.0016671893828097972,0.4209170383015303
2477,2020-06-10,0.4228141164657433,0.4247509787582261,0.4182725243324746,0.432487933326415,0.0321718030405572,0.0041527731470388796,0.0038339404566957724,0.005255210730556403,0.0038399987257312085,0.0001485614301513019,0.4247509787582261
2478,2020-06-11,0.4203753098015934,0.3978915174573999,0.4103790777099343,0.4086300676636069,0.060262293458345,-0.0024388066641499173,-0.02685946130082617,-0.007893446622540268,-0.02385786566280812,0.0280904904177878,0.3978915174573999
2479,2020-06-12,0.4090593956706335,0.4069474026709506,0.4039654281695057,0.4091525697004015,0.0517117578118552,-0.011315914130959892,0.009055885213550663,-0.006413649540428612,0.0005225020367946032,-0.008550535646489804,0.4069474026709506
2480,2020-06-15,0.3916353450889747,0.4136898397870034,0.4035364513869324,0.4012226417050919,0.0524421848434327,-0.0174240505816588,0.006742437116052824,-0.0004289767825733093,-0.00792992799530956,0.0007304270315775033,0.4136898397870034
2481,2020-06-16,0.4259562622537818,0.4252358118881887,0.4224982320907161,0.4288297933371143,0.0611784222776117,0.03432091716480712,0.011545972101185298,0.01896178070378368,0.027607151632022375,0.008736237434179,0.4252358118881887
2482,2020-06-17,0.4244400911643223,0.4272187930187185,0.4210610222645713,0.4366460466110873,0.0514270150707317,-0.001516171089459506,0.001982981130529804,-0.0014372098261447586,0.007816253273973006,-0.009751407206880003,0.4272187930187185
2483,2020-06-18,0.4269010156533402,0.4268883260517504,0.4167496068214326,0.4363734268259531,0.0387085059672174,0.0024609244890179127,-0.0003304669669680904,-0.004311415443138733,-0.00027261978513420937,-0.012718509103514297,0.4268883260517504
2484,2020-06-19,0.4316030742548964,0.4254781208559374,0.4236350059424965,0.4363734009170541,0.1374605899539459,0.004702058601556203,-0.0014102051958130302,0.006885399121063895,-2.5908898970694594e-08,0.0987520839867285,0.4254781208559374
2485,2020-06-22,0.4160466933537944,0.422745904329275,0.4156342334879478,0.4302385266551537,0.048662121787359,-0.015556380901102007,-0.00273221652666239,-0.008000772454548666,-0.006134874261900403,-0.08879846816658689,0.422745904329275
2486,2020-06-23,0.428812576894267,0.4257204656894303,0.4186157124673799,0.4369186712282638,0.0449480860335748,0.012765883540472589,0.002974561360155281,0.002981478979432073,0.006680144573110058,-0.003714035753784199,0.4257204656894303
2487,2020-06-24,0.422330804793323,0.4156068638139675,0.4139825981601617,0.4219223302330275,0.0613476172397286,-0.006481772100943972,-0.010113601875462785,-0.004633114307218189,-0.01499634099523628,0.016399531206153797,0.4156068638139675
2488,2020-06-25,0.4194743610281289,0.4238255708266315,0.4133605367413495,0.4258531729776181,0.0467844703785015,-0.0028564437651941166,0.008218707012664028,-0.0006220614188122142,0.003930842744590601,-0.014563146861227096,0.4238255708266315
2489,2020-06-26,0.4232536435711432,0.4177001321078821,0.4144115926042872,0.4295341380551196,0.0707111140456578,0.003779282543014295,-0.006125438718749432,0.0010510558629377442,0.0036809650775014857,0.0239266436671563,0.4177001321078821
2490,2020-06-29,0.4186613349427162,0.4224594087646841,0.4113013089770557,0.4239672278553972,0.0279501824004225,-0.004592308628427022,0.004759276656801981,-0.003110283627231536,-0.005566910199722386,-0.0427609316452353,0.4224594087646841
2491,2020-06-30,0.4197380999944924,0.4285188903798677,0.4201173153981519,0.4340558514404475,0.0517282646374275,0.0010767650517762295,0.006059481615183604,0.0088160064210962,0.010088623585050305,0.023778082237005,0.4285188903798677
2492,2020-07-01,0.4273183987026103,0.425588192824857,0.4188516228601527,0.4360779322900441,0.0520790346808405,0.007580298708117883,-0.002930697555010686,-0.0012656925379991857,0.002022080849596597,0.00035077004341299567,0.425588192824857
2493,2020-07-02,0.4274942793335962,0.432991743203567,0.4251579871239084,0.4414176841817629,0.0514600287218764,0.0001758806309858918,0.007403550378709989,0.006306364263755693,0.005339751891718814,-0.0006190059589641014,0.432991743203567
2494,2020-07-06,0.438106963393732,0.4485919072965198,0.4429613864772508,0.450392843749827,0.0564285832191611,0.010612684060135824,0.01560016409295284,0.01780339935334241,0.008975159568064106,0.0049685544972847065,0.4485919072965198
2495,2020-07-07,0.4470936175440704,0.4466088185687574,0.4404302826274227,0.4585272406316824,0.0541135009326356,0.008986654150338391,-0.0019830887277624276,-0.0025311038498281313,0.008134396881855355,-0.002315082286525501,0.4466088185687574
2496,2020-07-08,0.4467640447644811,0.4506190032924035,0.4412882637788246,0.4571184606573393,0.0308966507650913,-0.0003295727795892822,0.004010184723646115,0.0008579811514018987,-0.0014087799743430773,-0.023216850167544302,0.4506190032924035
2497,2020-07-09,0.4460389881196058,0.4485919072965198,0.4429185102899188,0.4558915313215574,0.0447211171819547,-0.0007250566448753215,-0.0020270959958836876,0.0016302465110942244,-0.00122692933578189,0.013824466416863398,0.4485919072965198
2498,2020-07-10,0.4473572904101336,0.4456613173387417,0.4380064184073323,0.4504154998158255,0.0410566019048876,0.0013183022905278174,-0.002930589957778118,-0.004912091882586511,-0.005476031505731893,-0.0036645152770670986,0.4456613173387417
2499,2020-07-13,0.4503455355803987,0.4397341803196197,0.4456854798479991,0.4523468748198947,0.0475602911804031,0.0029882451702650803,-0.0059271370191220085,0.007679061440666823,0.0019313750040692024,0.006503689275515499,0.4397341803196197
2500,2020-07-14,0.4346352574933881,0.4427307632467077,0.4325366771772643,0.4408268532824157,0.0665225070566679,-0.015710278087010587,0.0029965829270879873,-0.013148802670734816,-0.011520021537478997,0.0189622158762648,0.4427307632467077
2501,2020-07-15,0.4435340545332789,0.4319560839743319,0.4379420388863337,0.4415085005166489,0.0600105643683663,0.008898797039890771,-0.010774679272375798,0.005405361709069412,0.0006816472342331958,-0.006511942688301603,0.4319560839743319
2502,2020-07-16,0.4262198243497452,0.4319560839743319,0.4235920690787245,0.4385319421046156,0.0408378864660537,-0.017314230183533674,0.0,-0.01434996980760922,-0.0029765584120333144,-0.0191726779023126,0.4319560839743319
2503,2020-07-17,0.4350967592356899,0.4345121279655322,0.4255226581884549,0.443121852307167,0.0340123140918769,0.00887693488594471,0.0025560439912002964,0.0019305891097304295,0.004589910202551395,-0.006825572374176803,0.4345121279655322
2504,2020-07-20,0.4335586095189017,0.4473138315023034,0.4375130394530748,0.4466436548711668,0.0312226605701457,-0.0015381497167882285,0.012801703536771236,0.011990381264619876,0.0035218025639998096,-0.002789653521731196,0.4473138315023034
2505,2020-07-21,0.4479505696313918,0.4484156271638251,0.4390360518072762,0.4562323419669888,0.0380069658803915,0.01439196011249011,0.0011017956615216873,0.0015230123542013807,0.009588687095822002,0.006784305310245799,0.4484156271638251
2506,2020-07-22,0.4504115935598033,0.4537700241139744,0.4437336749050907,0.4617311629765759,0.0390799095425958,0.002461023928411521,0.005354396950149276,0.004697623097814518,0.005498821009587096,0.0010729436622042982,0.4537700241139744
2507,2020-07-23,0.4521472077162281,0.4493189417969986,0.4489458261048885,0.459640528981341,0.0477088526105544,0.0017356141564247585,-0.004451082316975774,0.005212151199797788,-0.002090633995234903,0.008628943067958604,0.4493189417969986
2508,2020-07-24,0.4315151840324275,0.4147034415835615,0.4231201819628459,0.4252169421747328,0.1022350241824994,-0.02063202368380057,-0.03461550021343712,-0.02582564414204258,-0.034423586806608175,0.054526171571945,0.4147034415835615
2509,2020-07-27,0.4224625418064894,0.4342255965351969,0.4244500556706481,0.4321470759050191,0.0766700780772849,-0.009052642225938101,0.019522154951635395,0.0013298737078021872,0.006930133730286281,-0.025564946105214495,0.4342255965351969
2510,2020-07-28,0.429120339344652,0.4240900806900339,0.4224124646712381,0.4366916268274624,0.0475396576484376,0.006657797538162591,-0.010135515845162979,-0.0020375909994099772,0.004544550922443269,-0.029130420428847302,0.4240900806900339
2511,2020-07-29,0.4207706897740889,0.4299510095453809,0.4198169045791853,0.4324879196963254,0.0610670012049982,-0.008349649570563111,0.005860928855347003,-0.0025955600920528066,-0.004203707131136991,0.0135273435565606,0.4299510095453809
2512,2020-07-30,0.4280436071468076,0.4360544984286859,0.4268525315477996,0.4402361567705347,0.0481462834882223,0.007272917372718735,0.006103488883304975,0.007035626968614317,0.0077482370742092965,-0.0129207177167759,0.4360544984286859
2513,2020-07-31,0.4394472390344118,0.4403070638515692,0.4289974897484699,0.4431672318835239,0.0474158564566448,0.011403631887604182,0.004252565422883325,0.0021449582006702883,0.0029310751129892343,-0.0007304270315775033,0.4403070638515692
2514,2020-08-03,0.4451381291083248,0.4575377564068951,0.4462432309500909,0.460117816401581,0.0744705435697661,0.005690890073912991,0.01723069255532589,0.01724574120162098,0.016950584518057088,0.027054687113121298,0.4575377564068951
2515,2020-08-04,0.4399746078668677,0.4514783465231998,0.4400870910118469,0.4547781268317532,0.0713012330598702,-0.005163521241457081,-0.006059409883695299,-0.006156139938243987,-0.005339689569827777,-0.003169310509895898,0.4514783465231998
2516,2020-08-05,0.4526745603097922,0.4494732003627605,0.442296356524014,0.459822311998304,0.034453871675938,0.01269995244292449,-0.002005146160439286,0.0022092655121671023,0.005044185166550752,-0.0368473613839322,0.4494732003627605
2517,2020-08-06,0.4465882972182752,0.4485919072965198,0.4380064702575427,0.4566868105230577,0.0427815651772007,-0.006086263091516997,-0.0008812930662406848,-0.00428988626647131,-0.0031355014752462718,0.008327693501262702,0.4485919072965198
2518,2020-08-07,0.4435341124167682,0.4469613788341466,0.4430042678734213,0.4550962238477841,0.040895660355557,-0.0030541848015069872,-0.0016305284623732152,0.004997797615878596,-0.0015905866752736197,-0.0018859048216436983,0.4469613788341466
2519,2020-08-10,0.442523341496629,0.4474901475007422,0.4362046342966111,0.4504609506093265,0.0420470114392301,-0.0010107709201392368,0.0005287686665955693,-0.006799633576810182,-0.004635273238457582,0.001151351083673098,0.4474901475007422
2520,2020-08-11,0.4472693491503665,0.4418714200159114,0.4393363003920443,0.4545508621237327,0.03074808933494,0.004746007653737505,-0.005618727484830777,0.0031316660954331943,0.004089911514406186,-0.0112989221042901,0.4418714200159114
2521,2020-08-12,0.4428749577529698,0.458308941638472,0.4477876040302228,0.4569594570882894,0.0339875538535184,-0.004394391397396669,0.016437521622560625,0.008451303638178476,0.0024085949645566984,0.0032394645185784,0.458308941638472
2522,2020-08-13,0.4565635959426988,0.4626275000306652,0.4510049520864476,0.4690246239087683,0.0475685445931892,0.013688638189728985,0.004318558392193195,0.0032173480562248113,0.012065166820478923,0.013580990739670805,0.4626275000306652
2523,2020-08-14,0.4635825275835633,0.468049145251171,0.4635884615377875,0.4780723174231976,0.0499083871180733,0.007018931640864479,0.005421645220505755,0.012583509451339903,0.0090476935144293,0.0023398425248840962,0.468049145251171
2524,2020-08-17,0.470445371896096,0.4793792055723315,0.4708482313373973,0.4856256479005722,0.0544890312144071,0.006862844312532701,0.011330060321160518,0.007259769799609794,0.007553330477374609,0.004580644096333804,0.4793792055723315
2525,2020-08-18,0.4804197019360487,0.4686024460867926,0.469404930560344,0.4823396662986505,0.0347757547745992,0.009974330039952739,-0.010776759485538911,-0.0014433007770532913,-0.003285981601921728,-0.0197132764398079,0.4686024460867926
2526,2020-08-19,0.4693861995234167,0.4659026880586224,0.4582460529923867,0.4780495640926214,0.0303024050444858,-0.011033502412632012,-0.002699758028170185,-0.011158877567957304,-0.0042901022060291005,-0.004473349730113402,0.4659026880586224
2527,2020-08-20,0.45590317847244,0.4577370264816157,0.4498660225374032,0.4679859617071036,0.0377676169095921,-0.013483021050976707,-0.008165661577006711,-0.008380030454983478,-0.01006360238551779,0.0074652118651062985,0.4577370264816157
2528,2020-08-21,0.4562343308587444,0.4513640423964658,0.4456438923408063,0.4612086779225322,0.0588427064591208,0.0003311523863043786,-0.006372984085149858,-0.004222130196596896,-0.006777283784571431,0.0210750895495287,0.4513640423964658
2529,2020-08-24,0.4578892725163653,0.4610785661363247,0.4495214198601004,0.4684880814188066,0.0380564863571086,0.001654941657620923,0.009714523739858871,0.0038775275192940994,0.007279403496274428,-0.0207862201020122,0.4610785661363247
2530,2020-08-25,0.4590587235169938,0.4653272221930912,0.4549284103171541,0.4728009023044687,0.0358858387943414,0.0011694510006284853,0.004248656056766498,0.005406990457053673,0.004312820885662094,-0.0021706475627671987,0.4653272221930912
2531,2020-08-26,0.462898506237633,0.469642480936819,0.4581168016442625,0.4783005785568882,0.0253874977303114,0.0038397827206392288,0.00431525874372779,0.0031883913271084086,0.005499676252419483,-0.010498341064030001,0.469642480936819
2532,2020-08-27,0.4717473075235701,0.4524261346791691,0.4613050061856,0.4643805230891611,0.047824400389561,0.008848801285937069,-0.017216346257649895,0.0031882045413375026,-0.013920055467727066,0.022436902659249598,0.4524261346791691
2533,2020-08-28,0.451909118987306,0.4616317952404579,0.4500599807607748,0.4654074160861994,0.0342062692923523,-0.019838188536264068,0.009205660561288798,-0.011245025424825195,0.0010268929970382867,-0.013618131097208698,0.4616317952404579
2534,2020-08-31,0.4585071463242471,0.4539530470065768,0.4483150627967794,0.4654758685102036,0.038382496162163,0.0065980273369410924,-0.007678748233881094,-0.001744917963995396,6.845242400421725e-05,0.004176226869810701,0.4539530470065768
2535,2020-09-01,0.4543364906242521,0.4601712704055462,0.4491336746312573,0.4666853058697563,0.0304592198874234,-0.0041706556999950295,0.00621822339896938,0.0008186118344779003,0.0012094373595527008,-0.007923276274739599,0.4601712704055462
2536,2020-09-02,0.4649065112754376,0.4769670908125664,0.4656780457928423,0.4769313198167034,0.0483443653950908,0.010570020651185508,0.016795820407020212,0.01654437116158497,0.010246013946947075,0.0178851455076674,0.4769670908125664
2537,2020-09-03,0.4713721229393247,0.4456989046386529,0.4610895215476016,0.456964077637715,0.0745860913487727,0.006465611663887094,-0.03126818617391347,-0.004588524245240699,-0.019967242178988376,0.026241725953681898,0.4456989046386529
2538,2020-09-04,0.4409859013323716,0.4279072001127045,0.4317705463683051,0.4262259457312238,0.0982403723939849,-0.03038622160695309,-0.017791704525948415,-0.02931897517929649,-0.030738131906491217,0.023654281045212208,0.4279072001127045
2539,2020-09-08,0.3998310746607696,0.3860835460949054,0.393511608554456,0.3966744891330727,0.1204585596144005,-0.041154826671601974,-0.04182365401779908,-0.03825893781384909,-0.029551456598151116,0.02221818722041559,0.3860835460949054
2540,2020-09-09,0.3948218548897538,0.3860614169307401,0.3876305810608224,0.3944381576602452,0.0955084927617569,-0.005009219771015816,-2.212916416532984e-05,-0.005881027493633617,-0.0022363314728274797,-0.0249500668526436,0.3860614169307401
2541,2020-09-10,0.3884445538059421,0.3831183098282397,0.3820512010475701,0.393913326580288,0.0995774252653472,-0.006377301083811682,-0.0029431071025003974,-0.005579380013252255,-0.0005248310799572109,0.004068932503590306,0.3831183098282397
2542,2020-09-11,0.3858847938163583,0.3804849751583096,0.3802632075501376,0.3909239686240585,0.0544230039121176,-0.0025597599895837986,-0.0026333346699300986,-0.0017879934974325273,-0.0029893579562295103,-0.0451544213532296,0.3804849751583096
2543,2020-09-14,0.3896140752209244,0.3940721026271012,0.3845500490054729,0.3993215897586852,0.0517612782885723,0.003729281404566076,0.013587127468791593,0.004286841455335311,0.00839762113462672,-0.0026617256235453024,0.3940721026271012
2544,2020-09-15,0.3971610450138588,0.4000027186234096,0.3897848993707503,0.4046614646417157,0.0594782192436572,0.007546969792934399,0.005930615996308397,0.005234850365277377,0.005339874883030504,0.007716940955084899,0.4000027186234096
2545,2020-09-16,0.402501202312168,0.4001133285784921,0.398940300679188,0.4121462755344112,0.0670383453558046,0.005340157298309223,0.00011060995508249682,0.009155401308437727,0.0074848108926954815,0.007560126112147396,0.4001133285784921
2546,2020-09-17,0.3869881132998496,0.3994051953252015,0.3893109034036829,0.3986598104573309,0.0449852263911127,-0.015513089012318404,-0.0007081332532905549,-0.009629397275505103,-0.01348646507708029,-0.022053118964691892,0.3994051953252015
2547,2020-09-18,0.3999192740275689,0.3960193973421618,0.3975615018934985,0.4030867593971262,0.073983592215381,0.01293116072771927,-0.003385797983039729,0.008250598489815575,0.004426948939795283,0.028998365824268305,0.3960193973421618
2548,2020-09-21,0.393586297027221,0.4007552178022634,0.390388166066723,0.4007365656995608,0.0453648833792773,-0.006332977000347906,0.004735820460101625,-0.007173335826775484,-0.0023501936975653948,-0.028618708836103707,0.4007552178022634
2549,2020-09-22,0.4034059636168048,0.405623454589915,0.3955581650191672,0.4051406246897885,0.0345570393357653,0.009819666589583831,0.004868236787651581,0.005169998952444188,0.004404058990227722,-0.010807844043511997,0.405623454589915
2550,2020-09-23,0.4068704193792406,0.400068998518673,0.4013960490351055,0.4106629457515683,0.0469000181575081,0.003464455762435814,-0.005554456071241998,0.005837884015938322,0.0055223210617798,0.012342978821742796,0.400068998518673
2551,2020-09-24,0.3929683174204941,0.4083674350806717,0.4040458170446366,0.4063729206600753,0.0468009772040738,-0.013902101958746527,0.00829843656199869,0.002649768009531095,-0.0042900250914930105,-9.904095343429842e-05,0.4083674350806717
2552,2020-09-25,0.4053920396429148,0.4158249275386437,0.4063293032814519,0.4143598265605461,0.0374251002789653,0.012423722222420719,0.007457492457972004,0.002283486236815291,0.007986905900470798,-0.009375876925108502,0.4158249275386437
2553,2020-09-28,0.4151676689975126,0.4276417577399531,0.4172296447807986,0.4262716885747577,0.0556486357108664,0.009775629354597803,0.011816830201309414,0.01090034149934671,0.011911862014211627,0.018223535431901104,0.4276417577399531
2554,2020-09-29,0.4299966624333614,0.4278187910532757,0.4218181453154255,0.4395071094602078,0.0314702629537313,0.014828993435848759,0.0001770333133225832,0.004588500534626894,0.0132354208854501,-0.0241783727571351,0.4278187910532757
2555,2020-09-30,0.425163959702349,0.4287260509183101,0.4232183748301855,0.4359700162786707,0.0420635182648024,-0.004832702731012384,0.0009072598650344266,0.0014002295147599875,-0.00353709318153711,0.010593255311071102,0.4287260509183101
2556,2020-10-01,0.4360871265696781,0.4403216253437104,0.4312967375579877,0.4464899238496125,0.0377676169095921,0.010923166867329082,0.011595574425400268,0.008078362727802213,0.010519907570941789,-0.004295901355210303,0.4403216253437104
2557,2020-10-02,0.4238841011032422,0.4247871314283697,0.4229168137225804,0.4353995536833182,0.0450677605189746,-0.012203025466435868,-0.015534493915340675,-0.00837992383540731,-0.011090370166294328,0.007300143609382498,0.4247871314283697
2558,2020-10-05,0.4265100952003737,0.4424681542677474,0.4308443551471872,0.4397809504993804,0.0512578201086149,0.00262599409713149,0.01768102283937767,0.007927541424606832,0.0043813968160622,0.0061900595896403,0.4424681542677474
2559,2020-10-06,0.441096375834885,0.4422026401635076,0.4434250248643852,0.4533814855316124,0.0527681946484871,0.014586280634511284,-0.0002655141042398057,0.012580669717197956,0.01360053503223202,0.0015103745398722043,0.4422026401635076
2560,2020-10-07,0.4479590714492887,0.4489960783677987,0.4431017771778303,0.4589265549936641,0.0480678760667536,0.006862695614403724,0.0067934382042911245,-0.000323247686554895,0.005545069462051688,-0.004700318581733504,0.4489960783677987
2561,2020-10-08,0.4534537857447366,0.4573829957207146,0.4458161153922291,0.4665940010616948,0.0283092058566217,0.0054947142954479,0.008386917352915912,0.002714338214398815,0.007667446068030714,-0.019758670210131897,0.4573829957207146
2562,2020-10-09,0.4633618011221413,0.4670090386696563,0.4569318821014672,0.4764520600468119,0.0495163500107294,0.00990801537740471,0.009626042948941704,0.011115766709238084,0.009858058985117102,0.021207144154107696,0.4670090386696563
2563,2020-10-12,0.4721444940405414,0.4747763394259429,0.4650963887219377,0.4851464102542168,0.0531932454069757,0.008782692918400059,0.007767300756286566,0.008164506620470524,0.008694350207404888,0.003676895396246306,0.4747763394259429
2564,2020-10-13,0.4764255054348784,0.4867038871795673,0.4775047764062808,0.488546572813302,0.0389684884699823,0.004281011394337009,0.011927547753624423,0.012408387684343103,0.003400162559085207,-0.014224756936993405,0.4867038871795673
2565,2020-10-14,0.4856714795003907,0.4779849964984274,0.4815546067541137,0.4908741045641445,0.0577326224393786,0.009245974065512308,-0.008718890681139901,0.004049830347832906,0.002327531750842493,0.0187641339693963,0.4779849964984274
2566,2020-10-15,0.4620598633527277,0.4715454814578048,0.4607017735549644,0.4749003428966006,0.048220564203298,-0.023611616147662995,-0.006439515040622623,-0.020852833199149323,-0.015973761667543884,-0.009512058236080603,0.4715454814578048
2567,2020-10-16,0.4731817076784725,0.4611671186587302,0.4628130150717948,0.4737366683085209,0.0505892936729337,0.011121844325744812,-0.010378362799074559,0.0021112415168303977,-0.0011636745880796995,0.0023687294696357053,0.4611671186587302
2568,2020-10-19,0.4685696040317783,0.4576485098249543,0.4574273451888191,0.470085386389455,0.0410442217857083,-0.004612103646694232,-0.003518608833775916,-0.005385669882975674,-0.003651281919065885,-0.0095450718872254,0.4576485098249543
2569,2020-10-20,0.4608461744739335,0.4552364667966776,0.4508785296789623,0.4679403339142239,0.025057361218864,-0.007723429557844774,-0.002412043028276689,-0.006548815509856809,-0.002145052475231113,-0.015986860566844303,0.4552364667966776
2570,2020-10-21,0.4540495946758108,0.4565199941840109,0.4499307114545679,0.4692411186599836,0.0250491078060778,-0.006796579798122704,0.001283527387333283,-0.0009478182243943811,0.0013007847457596755,-8.253412786200787e-06,0.4565199941840109
2571,2020-10-22,0.4530346222909027,0.449903517561554,0.4436620056184085,0.459862318125138,0.0365172248724847,-0.0010149723849081083,-0.006616476622456902,-0.006268705836159405,-0.009378800534845577,0.011468117066406904,0.449903517561554
2572,2020-10-23,0.4527035210242305,0.449593637531751,0.4448252285010441,0.4614139618529557,0.0347840081873854,-0.00033110126667218465,-0.000309880029802978,0.001163222882635595,0.0015516437278176864,-0.0017332166850993064,0.449593637531751
2573,2020-10-26,0.4427733949740438,0.440233108687049,0.4360575334621479,0.4496390003181937,0.0388983344612997,-0.009930126050186727,-0.00936052884470201,-0.00876769503889624,-0.011774961534761985,0.0041143262739143024,0.440233108687049
2574,2020-10-27,0.4413611529948685,0.4394586238070067,0.4318999423031829,0.4498444463755682,0.0305046136577474,-0.0014122419791752772,-0.0007744848800423365,-0.004157591158964968,0.00020544605737449206,-0.008393720803552298,0.4394586238070067
2575,2020-10-28,0.4292463642622828,0.4216669192810582,0.422744448365711,0.4346692827751005,0.0641620309998184,-0.012114788732585702,-0.01779170452594847,-0.009155493937471892,-0.015175163600467723,0.033657417342071005,0.4216669192810582
2576,2020-10-29,0.4201547424472739,0.4468938795035808,0.4396335221359103,0.4340531613646811,0.0557724369026592,-0.009091621815008888,0.025226960222522576,0.01688907377019927,-0.0006161214104193902,-0.008389594097159205,0.4468938795035808
2577,2020-10-30,0.4380288513961744,0.4363382323309742,0.4329983824003212,0.4457594962777475,0.0432189960548686,0.017874108948900513,-0.010555647172606597,-0.006635139735589102,0.01170633491306644,-0.0125534408477906,0.4363382323309742
2578,2020-11-02,0.4408976706159571,0.4475134602344658,0.437780864128677,0.4537008806358464,0.033752331589112,0.002868819219782659,0.011175227903491625,0.004782481728355825,0.00794138435809888,-0.0094666644657566,0.4475134602344658
2579,2020-11-03,0.4525049070164579,0.4666550437744994,0.4575566333992665,0.4666852826835331,0.0490293986563444,0.01160723640050082,0.01914158354003359,0.019775769270589494,0.012984402047686694,0.015277067067232399,0.4666550437744994
2580,2020-11-04,0.4729167844265557,0.4880094002680892,0.4777631880925204,0.4805595990766276,0.0559911523414932,0.020411877410097812,0.0213543564935898,0.020206554693253886,0.013874316393094499,0.0069617536851488,0.4880094002680892
2581,2020-11-05,0.4917841510901143,0.5047611416754998,0.4931659755783371,0.5085594765620233,0.052673280401446,0.018867366663558593,0.016751741407410592,0.015402787485816694,0.027999877485395674,-0.0033178719400472,0.5047611416754998
2582,2020-11-06,0.5050684340698133,0.5126832389837112,0.5025368205167929,0.5150858737859676,0.028721876495931,0.01328428297969897,0.007922097308211362,0.009370844938455858,0.006526397223944325,-0.023951403905514996,0.5126832389837112
2583,2020-11-09,0.524553429580196,0.5140993978930597,0.5226140542659763,0.5292567477583554,0.0468381175616117,0.01948499551038274,0.0014161589093485416,0.020077233749183354,0.01417087397238781,0.0181162410656807,0.5140993978930597
2584,2020-11-10,0.5075398417926789,0.4950906610695064,0.5003609893804033,0.5091755038909843,0.0442217857083904,-0.01701358778751716,-0.019008736823553307,-0.022253064885572993,-0.02008124386737109,-0.0026163318532212987,0.4950906610695064
2585,2020-11-11,0.5013832234135509,0.5167328042944781,0.5043678883320659,0.5150401902346932,0.0410524751984945,-0.006156618379127954,0.02164214322497171,0.0040068989516626186,0.005864686343708847,-0.003169310509895905,0.5167328042944781
2586,2020-11-12,0.5188603475418982,0.5161796827875774,0.5086764317607787,0.5278421368248318,0.0369464023373665,0.017477124128347343,-0.0005531215069006779,0.0043085434287127855,0.012801946590138669,-0.004106072861127998,0.5161796827875774
2587,2020-11-13,0.5253447010968924,0.5244878748319959,0.5210052507622711,0.5395078939631152,0.036839107971146,0.0064843535549941045,0.008308192044418461,0.012328819001492408,0.011665757138283328,-0.0001072943662204992,0.5244878748319959
2588,2020-11-16,0.5264302398329864,0.5371058381612809,0.5245735610911194,0.5414780486856537,0.0364305640382298,0.0010855387360940716,0.012617963329284998,0.003568310328848301,0.0019701547225385863,-0.00040854393291619995,0.5371058381612809
2589,2020-11-17,0.5370855457448416,0.5372391152666915,0.5272767628510219,0.5491064348228525,0.0578234099800267,0.01065530591185515,0.0001332771054106674,0.0027032017599024627,0.007628386137198739,0.021392845941796898,0.5372391152666915
2590,2020-11-18,0.5396552543786777,0.5339069365712162,0.5292663380643983,0.5496791561145004,0.0343424506033244,0.0025697086338360986,-0.0033321786954753074,0.0019895752133763933,0.0005727212916478708,-0.023480959376702297,0.5339069365712162
2591,2020-11-19,0.5230630051497323,0.5414820686701319,0.5284660957130272,0.5406532983197045,0.0295637246001221,-0.01659224922894542,0.007575132098915693,-0.0008002423513711054,-0.00902585779479581,-0.0047787260032023,0.5414820686701319
2592,2020-11-20,0.5412058737892792,0.5388607848902498,0.5349970807776677,0.5554748504660317,0.0240586982717353,0.01814286863954695,-0.002621283779882133,0.00653098506464056,0.014821552146327188,-0.0055050263283868,0.5388607848902498
2593,2020-11-23,0.5389241409487928,0.5558993805196932,0.5415928761754651,0.5558871769219365,0.0297287928558458,-0.0022817328404863835,0.01703859562944343,0.0065957953977974215,0.0004123264559047213,0.0056700945841105,0.5558993805196932
2594,2020-11-24,0.5554719726327918,0.5557438307871405,0.5443176663748709,0.567661890688856,0.0309585513609877,0.01654783168399898,-0.00015554973255271776,0.0027247901994057466,0.01177471376691952,0.001229758505141898,0.5557438307871405
2595,2020-11-25,0.5538106434897161,0.5530337434246434,0.5430202475080647,0.5661042287565602,0.0225813373830078,-0.0016613291430757071,-0.0027100873624971156,-0.0012974188668062325,-0.001557661932295784,-0.0083772139779799,0.5530337434246434
2596,2020-11-27,0.5562695229502149,0.564540908790615,0.554092532080745,0.5752445189457314,0.0138450999488288,0.0024588794604988307,0.011507165365971628,0.011072284572680391,0.009140290189171174,-0.008736237434179,0.564540908790615
2597,2020-11-30,0.5692951275697031,0.5597425384726458,0.5557576859285103,0.5690822450578893,0.0419933642561199,0.013025604619488207,-0.004798370317969258,0.0016651538477652217,-0.0061622738878420735,0.0281482643072911,0.5597425384726458
2598,2020-12-01,0.5636905294704825,0.5701611426367017,0.5594988772411109,0.5786348324464374,0.0372847922616001,-0.005604598099220648,0.010418604164055933,0.0037411913126006446,0.00955258738854814,-0.0047085719945198015,0.5701611426367017
2599,2020-12-02,0.5643993825999206,0.5694058459298011,0.559066331084041,0.5824833987274831,0.0350357372773641,0.0007088531294381362,-0.0007552967069005545,-0.00043254615706989075,0.0038485662810456844,-0.0022490549842359986,0.5694058459298011
2600,2020-12-03,0.572972377501877,0.5717828481260041,0.566267728675075,0.5888518225313406,0.0214010993545831,0.008572994901956399,0.0023770021962029597,0.007201397591033998,0.0063684238038574925,-0.013634637922781002,0.5717828481260041
2601,2020-12-04,0.5718649387263035,0.5858004721223102,0.5712850780681933,0.5912115390734883,0.0309090308842706,-0.0011074387755735104,0.014017623996306128,0.0050173493931182644,0.0023597165421477273,0.009507931529687503,0.5858004721223102
2602,2020-12-07,0.5875486797085524,0.59246465018454,0.5794160676463314,0.6020239308481917,0.0286145821297106,0.015683740982248895,0.006664178062229742,0.00813098957813807,0.01081239177470339,-0.0022944487545600023,0.59246465018454
2603,2020-12-08,0.5916469810307269,0.5929979379349035,0.581167894923685,0.606353750250709,0.0294110364635776,0.00409830132217448,0.0005332877503635425,0.0017518272773536792,0.00432981940251731,0.000796454333867002,0.5929979379349035
2604,2020-12-09,0.5906056871356541,0.5697834763503793,0.5814922074043207,0.5814983535079458,0.0494008022317228,-0.0010412938950727924,-0.023214461584524226,0.0003243124806356912,-0.02485539674276327,0.0199897657681452,0.5697834763503793
2605,2020-12-10,0.5652190739005796,0.5686505850886447,0.5603639454004037,0.5809256963505341,0.0416673544510655,-0.025386613235074518,-0.0011328912617345477,-0.021128262003917042,-0.0005726571574116157,-0.0077334477806573,0.5686505850886447
2606,2020-12-11,0.5617854808898478,0.5723160282791351,0.5576823909380635,0.5778789248300096,0.0463965599775507,-0.0034335930107317614,0.003665443190490336,-0.0026815544623401966,-0.0030467715205245716,0.004729205526485196,0.5723160282791351
2607,2020-12-14,0.5703585334467032,0.5778697670354932,0.5706362123168933,0.5898141218649966,0.0428971129562073,0.008573052556855365,0.0055537387563581175,0.012953821378829833,0.011935197034987022,-0.003499447021343395,0.5778697670354932
2608,2020-12-15,0.5848018531228383,0.5798246294225781,0.5726257644277855,0.5946705830029361,0.0319448341889371,0.014443319676135102,0.001954862387084866,0.0019895521108921344,0.004856461137939472,-0.010952278767270202,0.5798246294225781
2609,2020-12-16,0.5789979645078259,0.5788027426391119,0.5655325870433129,0.5904784736405914,0.0288498043941169,-0.005803888615012354,-0.0010218867834661527,-0.007093177384472571,-0.004192109362344709,-0.003095029794820202,0.5788027426391119
2610,2020-12-17,0.5823429688073429,0.5768700452819366,0.5695116670662401,0.5903638571144348,0.0559209983328106,0.003345004299517007,-0.0019326973571752726,0.003979080022927239,-0.00011461652615651907,0.0270711939386937,0.5768700452819366
2611,2020-12-18,0.5731939778264385,0.582357037888357,0.5684952303337648,0.5893787975819077,0.0916211353394628,-0.009148990980904381,0.005486992606420382,-0.001016436732475312,-0.0009850595325271438,0.0357001370066522,0.582357037888357
2612,2020-12-21,0.5731274247908389,0.5792913058064703,0.5667001666445594,0.5910280798071021,0.0422244598141331,-6.655303559965908e-05,-0.003065732081886763,-0.0017950636892054561,0.0016492822251944483,-0.0493966755253297,0.5792913058064703
2613,2020-12-22,0.5758300395592569,0.5722270812335435,0.5644295160900623,0.5870421159442298,0.0310906059655667,0.0027026147684180435,-0.007064224572926769,-0.0022706505544970446,-0.00398596386287231,-0.0111338538485664,0.5722270812335435
2614,2020-12-23,0.5725293952502167,0.5615640878885757,0.5591745422605214,0.5784745320275736,0.0279130420428847,-0.0033006443090402016,-0.010662993344967786,-0.0052549738295408766,-0.00856758391665624,-0.0031775639226820016,0.5615640878885757
2615,2020-12-24,0.5645766223633942,0.5755370590333652,0.560277378528774,0.5817961665992787,0.0151532658754394,-0.007952772886822501,0.013972971144789459,0.0011028362682525827,0.00332163457170509,-0.012759776167445298,0.5755370590333652
2616,2020-12-28,0.5777130808712064,0.5722049162036339,0.5655108691646676,0.5892184136783005,0.0205262375992472,0.013136458507812199,-0.003332142829731266,0.005233490635893623,0.0074222470790218376,0.005372971723807799,0.5722049162036339
2617,2020-12-29,0.5716211502668123,0.5650518163166038,0.5595854471624548,0.5773291412389725,0.0239018834287978,-0.006091930604394169,-0.007153099887030057,-0.005925422002212799,-0.011889272439328025,0.003375645829550602,0.5650518163166038
2618,2020-12-30,0.5685197675862901,0.5779140253638239,0.567392219798424,0.5846367619948301,0.026472821511695,-0.00310138268052218,0.012862209047220019,0.007806772635969184,0.007307620755857558,0.002570938082897198,0.5779140253638239
2619,2020-12-31,0.5716877592574586,0.575159643807252,0.5622455122560657,0.5854387400941669,0.030042422541721,0.0031679916711685463,-0.0027543815565718166,-0.005146707542358353,0.0008019780993367975,0.003569601030026001,0.575159643807252
2620,2021-01-04,0.5805262898431617,0.5783138208143116,0.5844980659364787,0.5903408299533756,0.0516663640415311,0.008838530585703053,0.0031541770070595554,0.022252553680413012,0.0049020898592087025,0.021623941499810097,0.5783138208143116
2621,2021-01-05,0.5763840198487443,0.5904432927077267,0.5759345484000692,0.5932274264805877,0.0443579670193625,-0.004142269994417358,0.012129471893415067,-0.008563517536409493,0.0028865965272121263,-0.0073083970221685945,0.5904432927077267
2622,2021-01-06,0.5813903948054009,0.5891547082504626,0.5859254959237414,0.5997561428001149,0.0351017645796536,0.005006374956656567,-0.001288584457264097,0.009990947523672244,0.006528716319527228,-0.009256202439708906,0.5891547082504626
2623,2021-01-07,0.5952133665670585,0.6179892243523525,0.6041125585541288,0.6147607767863582,0.0417498885789273,0.013822971761657588,0.028834516101889918,0.018187062630387385,0.015004633986243299,0.006648123999273704,0.6179892243523525
2624,2021-01-08,0.6251856697018054,0.6290743933721826,0.6213915138213171,0.6404179208085481,0.0434046978425579,0.02997230313474697,0.011085169019830143,0.017278955267188256,0.02565714402218988,0.0016548092636305967,0.6290743933721826
2625,2021-01-11,0.6232585614052254,0.6422478094817408,0.6289822821888272,0.6368673430924218,0.0496814182664531,-0.001927108296580049,0.013173416109558134,0.007590768367510159,-0.003550577716126324,0.006276720423895203,0.6422478094817408
2626,2021-01-12,0.6402049269923917,0.6464239450037548,0.6407679981798972,0.6574614437284226,0.054616959112593,0.016946365587166334,0.004176135522014013,0.011785715991069923,0.020594100636000867,0.004935540846139896,0.6464239450037548
2627,2021-01-13,0.6396512637665293,0.6444470251839931,0.6347562161159219,0.6532465186917893,0.0476428253082649,-0.0005536632258624774,-0.001976919819761669,-0.006011782063975235,-0.0042149250366333435,-0.006974133804328098,0.6444470251839931
2628,2021-01-14,0.6708196559976505,0.6750587247762497,0.6830894821912473,0.6916174469033859,0.1003284858288902,0.031168392231121222,0.030611699592256625,0.0483332660753254,0.0383709282115966,0.0526856605206253,0.6750587247762497
2629,2021-01-15,0.6723038808801776,0.6756141416907786,0.6591715650405823,0.6780788220650199,0.0662996649114408,0.0014842248825270854,0.0005554169145288723,-0.023917917150665047,-0.013538624838365987,-0.034028820917449396,0.6756141416907786
2630,2021-01-19,0.6819400785551497,0.69771755425178,0.6851005828410838,0.705201842369099,0.0526155065119426,0.009636197674972147,0.022103412561001345,0.025929017800501497,0.027123020304079093,-0.013684158399498207,0.69771755425178
2631,2021-01-20,0.7020547661331057,0.6760585182612947,0.6868309216760715,0.6923964920232186,0.0420758983839817,0.02011468757795598,-0.021659035990485243,0.0017303388349877435,-0.012805350345880373,-0.010539608127960898,0.6760585182612947
2632,2021-01-21,0.6822059993846856,0.6779911080212374,0.6680164325864699,0.6882270618652407,0.0438710156649774,-0.019848766748420066,0.0019325897599427044,-0.018814489089601594,-0.0041694301579778825,0.0017951172809956978,0.6779911080212374
2633,2021-01-22,0.6763136055984941,0.6775691834065843,0.6690113513080098,0.6974821046132103,0.0299186213499281,-0.005892393786191552,-0.00042192461465306863,0.0009949187215398947,0.00925504274796951,-0.013952394315049299,0.6775691834065843
2634,2021-01-25,0.6853959269569555,0.6862104606172968,0.6754339896422505,0.6948016390033265,0.039438932998795,0.009082321358461432,0.008641277210712506,0.006422638334240727,-0.0026804656098837754,0.009520311648866901,0.6862104606172968
2635,2021-01-26,0.6867251046884335,0.6743256289650028,0.6719955372205954,0.6937021156129828,0.0343383238969313,0.001329177731478004,-0.011884831652294037,-0.0034384524216551915,-0.001099523390343693,-0.005100609101863704,0.6743256289650028
2636,2021-01-27,0.6585916082110349,0.6318735712432481,0.6461962537889797,0.6484129272747484,0.0684125385847047,-0.0281334964773986,-0.042452057721754755,-0.02579928343161564,-0.045289188338234365,0.0340742146877734,0.6318735712432481
2637,2021-01-28,0.6440375271006816,0.6466685493791317,0.6417197385132,0.6607833535710512,0.0421419256862712,-0.014554081110353279,0.014794978135883596,-0.004476515275779747,0.012370426296302806,-0.026270612898433493,0.6466685493791317
2638,2021-01-29,0.6359074100449729,0.6221656468003202,0.6254138960276785,0.6407844340678713,0.0480266090028226,-0.008130117055708763,-0.024502902578811492,-0.01630584248552147,-0.01999891950317989,0.005884683316551398,0.6221656468003202
2639,2021-02-01,0.6336034889043074,0.6500449505371936,0.6358373598252294,0.6471298918359307,0.0434335847873095,-0.002303921140665466,0.027879303736873418,0.01042346379755088,0.006345457768059393,-0.0045930242155131015,0.6500449505371936
2640,2021-02-02,0.6557116854829315,0.6637292383069963,0.647947793978357,0.6726266374983135,0.0456785130651524,0.022108196578624062,0.013684287769802683,0.012110434153127625,0.025496745662382803,0.0022449282778429017,0.6637292383069963
2641,2021-02-03,0.668117100397173,0.636005376705443,0.6522297410678903,0.6541169947584805,0.0528177151252042,0.01240541491424152,-0.027723861601553268,0.004281947089533333,-0.01850964273983302,0.007139202060051801,0.636005376705443
2642,2021-02-04,0.6389645548068218,0.6536216977423016,0.644833790390204,0.6559038742293164,0.0578481702183853,-0.029152545590351187,0.017616321036858618,-0.0073959506776862805,0.0017868794708358893,0.005030455093181098,0.6536216977423016
2643,2021-02-05,0.6557779630732268,0.6398483194639305,0.6447686463997973,0.6565220923707673,0.0367441937241049,0.016813408266404983,-0.013773378278371107,-6.514399040680185e-05,0.0006182181414509103,-0.021103976494280398,0.6398483194639305
2644,2021-02-08,0.6422873193796379,0.6714599560042089,0.6543706114837037,0.6612642520754295,0.0420181244944784,-0.013490643693588877,0.03161163654027843,0.009601965083906427,0.0047421597046621855,0.005273930770373497,0.6714599560042089
2645,2021-02-09,0.6652149888422523,0.6626850430306439,0.6605554826353204,0.6792698560691088,0.030351925521203,0.022927669462614375,-0.00877491297356503,0.0061848711516167,0.018005603993679342,-0.0116661989732754,0.6626850430306439
2646,2021-02-10,0.6692911560224464,0.6611301195570236,0.6577226559318211,0.6780787939973751,0.0225689572638285,0.004076167180194101,-0.0015549234736202955,-0.0028328267034992693,-0.001191062071733695,-0.007782968257374498,0.6611301195570236
2647,2021-02-11,0.6632657299164869,0.7208209754922914,0.7060559764621336,0.6858904901269345,0.0943241280269391,-0.006025426105959464,0.059690855935267795,0.048333320530312474,0.007811696129559342,0.0717551707631106,0.7208209754922914
2648,2021-02-12,0.7122669061553961,0.7371043102805784,0.7239620418146542,0.7305841805299783,0.0620243970881959,0.049001176238909205,0.01628333478828703,0.017906065352520595,0.04469369040304383,-0.0322997309387432,0.7371043102805784
2649,2021-02-16,0.7365680960651834,0.7490335437241799,0.7400515119951386,0.7616932846592614,0.0576046945411927,0.024301189909787246,0.011929233443601417,0.016089470180484455,0.03110910412928314,-0.004419702547003197,0.7490335437241799
2650,2021-02-17,0.7382517070524474,0.733749858957961,0.7238106952052952,0.7407782118920613,0.0438586355457981,0.0016836109872639948,-0.015283684766218886,-0.01624081678984346,-0.02091507276720017,-0.013746058995394599,0.733749858957961
2651,2021-02-18,0.7243642059292128,0.7243050456144121,0.7112594166484009,0.7376796799926228,0.0414940327825555,-0.013887501123234558,-0.009444813343548852,-0.012551278556894307,-0.003098531899438428,-0.0023646027632426014,0.7243050456144121
2652,2021-02-19,0.7344045291876761,0.7365788771281926,0.7329442505176894,0.7534146214881793,0.0624123074891467,0.010040323258463268,0.012273831513780475,0.021684833869288545,0.01573494149555643,0.020918274706591203,0.7365788771281926
2653,2021-02-22,0.7219208468597915,0.7042573140474141,0.7090476743889533,0.7209341306698134,0.0463470395008335,-0.012483682327884549,-0.03232156308077849,-0.02389657612873608,-0.032480490818365904,-0.016065267988313203,0.7042573140474141
2654,2021-02-23,0.6835812214327709,0.7100933879420372,0.6970993065132493,0.697549962530122,0.072039913504234,-0.03833962542702063,0.0058360738946231505,-0.01194836787570408,-0.023384168139691353,0.0256928740034005,0.7100933879420372
2655,2021-02-24,0.6971311431880495,0.7315890913334805,0.7128424587050615,0.7122741022894655,0.0482865915055875,0.013549921755278582,0.021495703391443244,0.015743152191812215,0.014724139759343502,-0.0237533219986465,0.7315890913334805
2656,2021-02-25,0.7167897691561634,0.6789303601300893,0.7076816318875966,0.6948166079937252,0.0630560736864693,0.019658625968113963,-0.05265873120339115,-0.005160826817464881,-0.017457494295740283,0.014769482180881803,0.6789303601300893
2657,2021-02-26,0.6915335452532906,0.6932755818338284,0.6824838636480887,0.6964014807441196,0.054307456133111,-0.025256223902872854,0.014345221703739086,-0.025197768239507923,0.0015848727503943172,-0.008748617553358304,0.6932755818338284
2658,2021-03-01,0.7019735020793074,0.7261538529959266,0.7077898295540901,0.7235986405765582,0.0533995807266304,0.010439956826016838,0.03287827116209818,0.025305965906001426,0.027197159832438644,-0.0009078754064806016,0.7261538529959266
2659,2021-03-02,0.7238757407588604,0.6901348903465843,0.7083972329228208,0.7112865670973817,0.0485259404763869,0.021902238679552988,-0.036018962649342345,0.0006074033687306635,-0.01231207347917651,-0.004873640250243498,0.6901348903465843
2660,2021-03-03,0.6896900174140862,0.6767474274756994,0.683199614120411,0.6972285777093444,0.0476717122530166,-0.03418572334477421,-0.01338746287088488,-0.025197618802409782,-0.014057989388037262,-0.0008542282233703,0.6767474274756994
2661,2021-03-04,0.671230910685251,0.6406834891831427,0.6641169187656043,0.6485305992543218,0.0683093709248774,-0.018459106728835217,-0.03606393829255672,-0.019082695354806667,-0.04869797845502266,0.020637658671860806,0.6406834891831427
2662,2021-03-05,0.6501507174893401,0.6590605226542745,0.6445788212237936,0.6389976665064546,0.0673107079777488,-0.021080193195910923,0.018377033471131843,-0.019538097541810684,-0.009532932747867151,-0.000998662947128609,0.6590605226542745
2663,2021-03-08,0.6464190875024914,0.6104336032182762,0.6371627386966509,0.6276502821946112,0.0900653670292666,-0.003731629986848617,-0.048626919435998284,-0.007416082527142764,-0.011347384311843456,0.0227546590515178,0.6104336032182762
2664,2021-03-09,0.6300257151233073,0.6551177296639616,0.6424970245459705,0.6484385610474726,0.0802272989881315,-0.016393372379184146,0.044684126445685424,0.005334285849319609,0.020788278852861386,-0.0098380680411351,0.6551177296639616
2665,2021-03-10,0.6658554733145441,0.6313947635583094,0.6513663374141418,0.6494495388704237,0.069658803915419,0.035829758191236794,-0.023722966105652277,0.008869312868171386,0.0010109778229511202,-0.0105684950727125,0.6313947635583094
2666,2021-03-11,0.6531717839104813,0.6601521324444463,0.6548141586274812,0.6661491387209886,0.0705460457899341,-0.012683689404062837,0.02875736888613689,0.0034478212133393082,0.016699599850564906,0.00088724187451511,0.6601521324444463
2667,2021-03-12,0.6416655135004793,0.6554966153855866,0.6392228454171724,0.6568919877853721,0.0535811558079265,-0.011506270410001962,-0.004655517058859693,-0.01559131321030871,-0.00925715093561652,-0.016964889982007604,0.6554966153855866
2668,2021-03-15,0.651883529610972,0.665943804547762,0.6490677819331546,0.6694110720863685,0.0545509318103035,0.010218016110492667,0.010447189162175463,0.009844936515982172,0.012519084300996464,0.000969776002377,0.665943804547762
2669,2021-03-16,0.665766448437791,0.6726040015123868,0.6634662416434024,0.6865469843352546,0.0637246001221505,0.013882918826819024,0.0066601969646247206,0.01439845971024778,0.01713591224888611,0.009173668311847002,0.6726040015123868
2670,2021-03-17,0.6579031781218433,0.6802668612215915,0.6720318745490813,0.6687218667266202,0.0786674039715422,-0.00786327031594769,0.007662859709204772,0.00856563290567891,-0.017825117608634478,0.0149428038493917,0.6802668612215915
2671,2021-03-18,0.6626121943848584,0.6431782386175219,0.6500000515121573,0.661049556116407,0.0842343308958254,0.00470901626301512,-0.03708862260406964,-0.02203182303692397,-0.007672310610213118,0.0055669269242831915,0.6431782386175219
2672,2021-03-19,0.6396661699943681,0.6524001822266731,0.6445570807047293,0.653492109176214,0.1329088328023638,-0.022946024390490316,0.009221943609151184,-0.00544297080742806,-0.007557446940193002,0.048674501906538395,0.6524001822266731
2673,2021-03-22,0.6663885083404076,0.6801999357429327,0.6681719593905727,0.685237743037662,0.0751060563543025,0.026722338346039543,0.02779975351625963,0.023614878685843443,0.03174563386144802,-0.0578027764480613,0.6801999357429327
2674,2021-03-23,0.6808490190847853,0.661711288075881,0.6667623257597916,0.6801840284290229,0.0728900150212112,0.014460510744377708,-0.018488647667051716,-0.0014096336307811708,-0.005053714608639126,-0.0022160413330912926,0.661711288075881
2675,2021-03-24,0.6897120990461136,0.6635603106518606,0.6874063077083102,0.6834919434480794,0.0688829831135174,0.00886307996132829,0.0018490225759796308,0.020643981948518686,0.0033079150190564732,-0.004007031907693803,0.6635603106518606
2676,2021-03-25,0.6509060432056111,0.6669461086349003,0.6527106917259137,0.6591200776730921,0.0490252719499513,-0.03880605584050256,0.003385797983039729,-0.034695615982396566,-0.02437186577498729,-0.0198577111635661,0.6669461086349003
2677,2021-03-26,0.6635229656395255,0.7126773713479616,0.6944538002417291,0.6861565004576284,0.0681112890180089,0.012616922433914435,0.04573126271306127,0.04174310851581542,0.02703642278453633,0.019086017068057605,0.7126773713479616
2678,2021-03-29,0.7057721077819935,0.7001364117714529,0.689249544920852,0.7049236293776532,0.0589458741189481,0.042249142142468,-0.012540959576508692,-0.005204255320877094,0.018767128920024745,-0.009165414899060809,0.7001364117714529
2679,2021-03-30,0.6948431815265925,0.7062843024460653,0.6906806219240356,0.7159723828306058,0.0381348937785774,-0.010928926255400984,0.006147890674612411,0.0014310770031835673,0.011048753452952642,-0.020810980340370697,0.7062843024460653
2680,2021-03-31,0.7147016627630691,0.7359774085981236,0.7227524048472691,0.7377486946651267,0.0747676664300688,0.0198584812364766,0.029693106152058224,0.03207178292323354,0.02177631183452089,0.036632772651491396,0.7359774085981236
2681,2021-04-01,0.7485762748412822,0.7736003590591383,0.7541735026285644,0.7741110762845085,0.0778173024545649,0.03387461207821307,0.037622950461014715,0.031421097781295315,0.03636238161938177,0.003049636024496108,0.7736003590591383
2682,2021-04-05,0.7753429672100887,0.7909529234132223,0.7799784474316345,0.7949456000419673,0.0617396543470725,0.026766692368806466,0.017352564354084055,0.02580494480307005,0.020834523757458867,-0.016077648107492404,0.7909529234132223
2683,2021-04-06,0.7843836920674345,0.7720635119205898,0.7672061407279634,0.78228878283684,0.0697578448688532,0.009040724857345861,-0.01888941149263257,-0.012772306703671021,-0.012656817205127346,0.008018190521780696,0.7720635119205898
2684,2021-04-07,0.7723665110762087,0.7752712006179812,0.7648209050239689,0.7894556514842589,0.0406686915039368,-0.01201718099122584,0.0032076886973914087,-0.002385235703994515,0.007166868647418889,-0.029089153364916395,0.7752712006179812
2685,2021-04-08,0.7863384942103262,0.7886364267274681,0.768225376718138,0.8003438104385222,0.0464254469223023,0.013971983134117516,0.013365226109486983,0.00340447169416902,0.010888158954263316,0.005756755418365497,0.7886364267274681
2686,2021-04-09,0.781718307752724,0.7859857330373501,0.7699819121567878,0.7999074417670078,0.0377098430200888,-0.0046201864576022045,-0.0026506936901180556,0.0017565354386498422,-0.00043636867151441994,-0.0087156039022135,0.7859857330373501
2687,2021-04-12,0.776497954130518,0.7687220439973692,0.7604837594725113,0.7886514600503074,0.0567876066753602,-0.005220353622205964,-0.01726368903998088,-0.00949815268427645,-0.011255981716700392,0.019077763655271404,0.7687220439973692
2688,2021-04-13,0.776387009161197,0.7665614915673539,0.7579250668073813,0.778980994979693,0.0506099272048992,-0.00011094496932106956,-0.002160552430015339,-0.002558692665130091,-0.00967046507061442,-0.006177679470461002,0.7665614915673539
2689,2021-04-14,0.7552403463257626,0.7495654327105199,0.7517450094847052,0.7699305916190393,0.0489468645284825,-0.021146662835434316,-0.016996058856833973,-0.006180057322676014,-0.009050403360653658,-0.0016630626764167003,0.7495654327105199
2690,2021-04-15,0.7592163390948917,0.7541094790364367,0.741965028061005,0.7711478870604576,0.0494420692956537,0.0039759927691290775,0.004544046325916762,-0.00977998142370029,0.0012172954414182424,0.0004952047671712007,0.7541094790364367
2691,2021-04-16,0.7531745050887687,0.7417690089699509,0.7369775868325348,0.7648770344517412,0.0395379739522292,-0.006041834006123015,-0.012340470066485754,-0.004987441228470169,-0.006270852608716404,-0.009904095343424499,0.7417690089699509
2692,2021-04-19,0.7351598898070535,0.7225900891902154,0.7234464497306435,0.7311102590053701,0.0640341031016325,-0.01801461528171522,-0.019178919779735515,-0.013531137101891244,-0.03376677544637108,0.0244961291494033,0.7225900891902154
2693,2021-04-20,0.7177225842904311,0.7104053481850032,0.7065755992732804,0.7299616002828806,0.0609597068387778,-0.01743730551662237,-0.012184741005212163,-0.01687085045736314,-0.0011486587224894818,-0.0030743962628547034,0.7104053481850032
2694,2021-04-21,0.7162565808770891,0.7390736982940602,0.7204104663086199,0.7340733592823017,0.0700590944355491,-0.0014660034133420208,0.028668350109056995,0.013834867035339538,0.004111758999421067,0.0090993875967713,0.7390736982940602
2695,2021-04-22,0.731805617061687,0.7241268645972754,0.7196514592087879,0.7414009762638439,0.0431405886333999,0.015549036184597909,-0.014946833696784845,-0.0007590070998320098,0.007327616981542273,-0.026918505802149197,0.7241268645972754
2696,2021-04-23,0.7285624337606253,0.7396973318540387,0.7244871363163019,0.750428382661784,0.0487776695663656,-0.0032431833010616584,0.015570467256763365,0.00483567710751398,0.009027406397940085,0.0056370809329657,0.7396973318540387
2697,2021-04-26,0.741934823832015,0.7480284421089947,0.7320118937533598,0.7603058931577079,0.0428929862498142,0.013372390071389684,0.00833111025495592,0.007524757437057938,0.009877510495923891,-0.005884683316551405,0.7480284421089947
2698,2021-04-27,0.755240389966681,0.7361779698396349,0.7372812994894945,0.7563320433903741,0.0387827866822931,0.013305566134665936,-0.011850472269359758,0.005269405736134658,-0.003973849767333837,-0.0041101995675211014,0.7361779698396349
2699,2021-04-28,0.7319166986489933,0.7235923215458652,0.7172011160650391,0.7447777105091078,0.0405737772568957,-0.023323691317687634,-0.012585648293769736,-0.02008018342445539,-0.011554332881266283,0.0017909905746026009,0.7235923215458652
2700,2021-04-29,0.7239643910175431,0.7269780477974165,0.7128424282001508,0.7319829339522529,0.0534367210841683,-0.007952307631450273,0.003385726251551313,-0.004358687864888355,-0.012794776556854903,0.0128629438272726,0.7269780477974165
2701,2021-04-30,0.6997746405598675,0.7024531236516722,0.6974897769006927,0.7187979858535843,0.0591810963833545,-0.024189750457675574,-0.024524924145744254,-0.015352651299458064,-0.013184948098668547,0.0057443752991862065,0.7024531236516722
2702,2021-05-03,0.7055276760223644,0.6932755818338284,0.6913095027641335,0.7086218177219783,0.058277347683267,0.005753035462496947,-0.009177541817843804,-0.006180274136559194,-0.010176168131606045,-0.0009037487000875047,0.6932755818338284
2703,2021-05-04,0.6793165106812648,0.6859470625919643,0.6680852500934815,0.68778757233456,0.0657054191908354,-0.026211165341099685,-0.007328519241864173,-0.02322425267065198,-0.020834245387418293,0.007428071507568405,0.6859470625919643
2704,2021-05-05,0.6956428689162063,0.6948125007038652,0.6868423671188726,0.7038208720653238,0.0477501196744854,0.01632635823494155,0.008865438111900992,0.018757117025391068,0.01603329973076384,-0.017955299516350005,0.6948125007038652
2705,2021-05-06,0.6875128829149897,0.7036557737858566,0.6858448482777402,0.7067840656288319,0.0385929581882108,-0.008129986001216616,0.008843273081991398,-0.0009975188411324165,0.0029631935635080486,-0.009157161486274601,0.7036557737858566
2706,2021-05-07,0.7107920175198316,0.7121426848335747,0.7004170053991179,0.7273887571604595,0.0350068503326125,0.023279134604841878,0.008486911047718038,0.014572157121377716,0.020604691531627584,-0.0035861078555982986,0.7121426848335747
2707,2021-05-10,0.6884903049574441,0.668037503230607,0.6806405712181668,0.687879238957622,0.0650740331126921,-0.022301712562387443,-0.044105181602967725,-0.019776434180951097,-0.039509518202837435,0.030067182780079596,0.668037503230607
2708,2021-05-11,0.6464191458634041,0.6688841499879599,0.6539251269571742,0.6655060146393991,0.0407594790445849,-0.04207115909404002,0.0008466467573529091,-0.026715444260992594,-0.022373224318222973,-0.024314554068107196,0.6688841499879599
2709,2021-05-12,0.6498176245785223,0.6387232110686851,0.6413479030935108,0.656708180703879,0.0577862696224889,0.003398478715118225,-0.030160938919274738,-0.012577223863663445,-0.008797833935520027,0.017026790577904002,0.6387232110686851
2710,2021-05-13,0.6542601031055555,0.6610430375301299,0.6519950077111277,0.6747170535936102,0.0632747891253033,0.004442478527033167,0.022319826461444814,0.010647104617616976,0.018008872889731187,0.0054885195028143915,0.6610430375301299
2711,2021-05-14,0.6650288867170824,0.6831403529146189,0.672292425412946,0.6820457690264409,0.0622348591142437,0.010768783611526889,0.022097315384489002,0.020297417701818254,0.007328715432830646,-0.0010399300110595922,0.6831403529146189
2712,2021-05-17,0.6649620047188816,0.665198801309444,0.6543698261185187,0.6731981699136197,0.0558260840857694,-6.688199820081842e-05,-0.017941551605174966,-0.0179225992944273,-0.00884759911282118,-0.006408775028474305,0.665198801309444
2713,2021-05-18,0.6736960726024158,0.6567085906132605,0.6590245822742767,0.6761936254365443,0.0448820587312853,0.008734067883534258,-0.008490210696183498,0.004654756155758055,0.0029954555229245727,-0.010944025354484098,0.6567085906132605
2714,2021-05-19,0.6417903411314075,0.6790963467942014,0.6617434095419488,0.6602955897266938,0.053688450174147,-0.03190573147100828,0.02238775618094091,0.0027188272676720304,-0.01589803570985049,0.008806391442861702,0.6790963467942014
2715,2021-05-20,0.6805138945887084,0.7001435131888025,0.6851471881554321,0.703727009620124,0.0598331159934633,0.03872355345730083,0.021047166394601136,0.023403778613483306,0.043431419893430245,0.006144665819316296,0.7001435131888025
2716,2021-05-21,0.7017695628420607,0.6929491318302096,0.6850819713934994,0.7112843358689718,0.0433180370083029,0.021255668253352344,-0.007194381358592961,-6.521676193271819e-05,0.007557326248847751,-0.0165150789851604,0.6929491318302096
2717,2021-05-24,0.7003658276973699,0.709505261468807,0.6962835202490624,0.7230349696468593,0.049896006998894,-0.001403735144690832,0.016556129638597428,0.011201548855563015,0.011750633777887542,0.006577969990591105,0.709505261468807
2718,2021-05-25,0.713266220328302,0.7103319668723902,0.7045270092216628,0.7293250125539168,0.051926346544296,0.012900392630932123,0.0008267054035832055,0.00824348897260041,0.00629004290705748,0.0020303395454020004,0.7103319668723902
2719,2021-05-26,0.7111942588926101,0.7091478951936961,0.7003727258004104,0.72741272193869,0.0444900216239415,-0.0020719614356918825,-0.0011840716786940542,-0.004154283421252347,-0.001912290615226797,-0.007436324920354502,0.7091478951936961
2720,2021-05-27,0.7059582660382736,0.7072486605758503,0.6994591106645309,0.7278504391635419,0.0493182681038609,-0.005235992854336513,-0.001899234617845802,-0.0009136151358795086,0.0004377172248518635,0.004828246479919397,0.7072486605758503
2721,2021-05-28,0.7089437700059666,0.7080306055306843,0.6966967190355914,0.729140623755377,0.0365419851108433,0.0029855039676930373,0.0007819449548339685,-0.0027623916289395423,0.001290184591835164,-0.012776282993017599,0.7080306055306843
2722,2021-06-01,0.7127315635224999,0.7054388751240148,0.7063541136334506,0.7243713670221962,0.0422863604100295,0.0037877935165332444,-0.00259173040666949,0.009657394597859192,-0.004769256733180849,0.0057443752991862,0.7054388751240148
2723,2021-06-02,0.7042874577783078,0.7051262692976533,0.6927166724145498,0.7207080957783368,0.0363851702679057,-0.008444105744192076,-0.0003126058263615006,-0.013637441218900759,-0.003663271243859345,-0.0059011901421237994,0.7051262692976533
2724,2021-06-03,0.6946620799661364,0.6899104425194423,0.6796225315668547,0.7081047396215226,0.0512949604661527,-0.009625377812171432,-0.015215826778210984,-0.013094140847695113,-0.012603356156814183,0.014909790198247001,0.6899104425194423
2725,2021-06-04,0.693770879496794,0.7082541208484774,0.6918247187297357,0.7169062479675128,0.0370743302355524,-0.0008912004693424347,0.01834367832903505,0.012202187162881017,0.008801508345990139,-0.0142206302306003,0.7082541208484774
2726,2021-06-07,0.7026830736990948,0.7117396256003656,0.69456524843081,0.720316257905057,0.0453318697281325,0.008912194202300827,0.0034855047518882465,0.0027405297010743013,0.003410009937544256,0.008257539492580103,0.7117396256003656
2727,2021-06-08,0.7187695541107101,0.7011265932370548,0.7039615120472105,0.7185190407294774,0.0253792443175252,0.01608648041161531,-0.010613032363310793,0.009396263616400446,-0.0017972171755796795,-0.019952625410607303,0.7011265932370548
2728,2021-06-09,0.715494398104401,0.7019310618792401,0.7021563142944265,0.7231502239649664,0.0308677638203397,-0.003275156006309121,0.0008044686421853076,-0.0018051977527839824,0.004631183235489056,0.005488519502814499,0.7019310618792401
2729,2021-06-10,0.7043318828922853,0.7134377968562814,0.6973277022040583,0.7246940200089843,0.0285114144698832,-0.011162515212115642,0.011506734977041244,-0.004828612090368223,0.0015437960440178866,-0.002356349350456498,0.7134377968562814
2730,2021-06-11,0.7144247976268623,0.7152250586207656,0.6989588492594394,0.7313064797493894,0.0317880193459995,0.010092914734576963,0.0017872617644841826,0.0016311470553811436,0.006612459740405141,0.0032766048761163,0.7152250586207656
2731,2021-06-14,0.7150485599417857,0.7266199642074219,0.7088770757489411,0.7348315864260235,0.0261756986513923,0.0006237623149234484,0.011394905586656345,0.009918226489501691,0.003525106676634082,-0.005612320694607202,0.7266199642074219
2732,2021-06-15,0.7228914713022876,0.7162975878350282,0.7103562317058097,0.7356612107530229,0.029646258727984,0.007842911360501859,-0.010322376372393749,0.0014791559568686496,0.0008296243269994008,0.0034705600765917027,0.7162975878350282
2733,2021-06-16,0.7193709926159866,0.7058185498920119,0.7031784100468905,0.7216985341693222,0.03533698684406,-0.0035204786863010096,-0.0104790379430163,-0.007177821658919226,-0.013962676583700762,0.005690728116076002,0.7058185498920119
2734,2021-06-17,0.7019923458071038,0.7114491848039137,0.6989153524980581,0.7214913094702428,0.0379533186972813,-0.01737864680888279,0.005630634911901855,-0.004263057548832383,-0.00020722469907941132,0.0026163318532212987,0.7114491848039137
2735,2021-06-18,0.699340937658253,0.6803028704287585,0.6845381483675455,0.6984968105574811,0.0794762384245885,-0.002651408148850787,-0.03114631437515525,-0.014377204130512689,-0.02299449891276162,0.04152291972730719,0.6803028704287585
2736,2021-06-21,0.6818283782117791,0.6899773679981012,0.6734234684803779,0.6969300341326282,0.0364140572126574,-0.017512559446473897,0.009674497569342688,-0.011114679887167522,-0.0015667764248529226,-0.043062181211931096,0.6899773679981012
2737,2021-06-22,0.6854379678637186,0.6895529327813548,0.6733583061341077,0.700916091820799,0.0277438470807678,0.003609589651939471,-0.0004244352167463994,-6.516234627018669e-05,0.00398605768817073,-0.008670210131889598,0.6895529327813548
2738,2021-06-23,0.6881559281834446,0.6945575669941616,0.6806881538161302,0.7110767716308677,0.0270959541770522,0.0027179603197260427,0.0050046342128068355,0.0073298476820224945,0.01016067981006874,-0.0006478929037155995,0.6945575669941616
2739,2021-06-24,0.6984719175620224,0.705796313130614,0.6876484365703385,0.719509716869744,0.0301538436143345,0.010315989378577806,0.011238746136452371,0.006960282754208236,0.008432945238876277,0.0030578894372822983,0.705796313130614
2740,2021-06-25,0.7032178428135458,0.7066231619971739,0.6923902353606441,0.723380678174852,0.161816411085984,0.004745925251523397,0.0008268488665599261,0.0047417987903056735,0.0038709613051080005,0.1316625674716495,0.7066231619971739
2741,2021-06-28,0.711305574204322,0.7200289163975959,0.7079636410600322,0.7336105695936835,0.0355557022828939,0.008087731390776232,0.01340575440042202,0.015573405699388032,0.010229891418831571,-0.1262607088030901,0.7200289163975959
2742,2021-06-29,0.7174326506101019,0.726597727446024,0.7091381320620465,0.7408452623049431,0.0224822964295736,0.006127076405779808,0.006568811048428103,0.0011744910020142774,0.007234692711259538,-0.013073405853320296,0.726597727446024
2743,2021-06-30,0.7241168353565487,0.72438574353884,0.7069196132753495,0.7393015460089004,0.0287879037982205,0.006684184746446831,-0.002211983907184023,-0.002218518786696988,-0.0015437162960426631,0.006305607368646899,0.72438574353884
2744,2021-07-01,0.7222231057063755,0.6965240140166198,0.7053753905780052,0.7177818245482621,0.0584795562965286,-0.0018937296501732037,-0.027861729522220213,-0.001544222697344222,-0.021519721460638297,0.029691652498308102,0.6965240140166198
2745,2021-07-02,0.6990066676957714,0.6967026254226868,0.6829720210087655,0.7096714062500735,0.0434624717320612,-0.023216438010604135,0.00017861140606700854,-0.022403369569239717,-0.008110418298188593,-0.015017084564467403,0.6967026254226868
2746,2021-07-06,0.6967342076680094,0.6954292480409593,0.687931371941767,0.7033354583559153,0.0442135322956042,-0.0022724600277619356,-0.001273377381727503,0.004959350933001483,-0.006335947894158256,0.0007510605635430018,0.6954292480409593
2747,2021-07-07,0.6998756431601177,0.6860673562979781,0.6850166614204525,0.7047638331498303,0.040808999521302,0.0031414354921083243,-0.009361891742981188,-0.002914710521314534,0.0014283747939149993,-0.0034045327743022005,0.6860673562979781
2748,2021-07-08,0.6707104236196016,0.6771971121763556,0.6636791982003419,0.6882898367055893,0.0369752892821181,-0.029165219540516096,-0.008870244121622517,-0.021337463220110542,-0.016473996444240968,-0.003833710239183899,0.6771971121763556
2749,2021-07-09,0.6766815863330266,0.689865682070693,0.6733582212874464,0.6949024584072042,0.0299887753586107,0.005971162713424905,0.0126685698943374,0.009679023087104444,0.006612621701614918,-0.006986513923507402,0.689865682070693
2750,2021-07-12,0.6907407183228157,0.7016182408584136,0.6836029793571006,0.7117221533059993,0.0364511975701952,0.014059131989789142,0.011752558787720635,0.010244758069654192,0.01681969489879509,0.006462422211584502,0.7016182408584136
2751,2021-07-13,0.695419599337891,0.6962335014886795,0.6851472193679188,0.7142565830202373,0.0234561991383437,0.004678881015075298,-0.0053847393697341595,0.0015442400108182097,0.0025344297142380068,-0.0129949984318515,0.6962335014886795
2752,2021-07-14,0.6990513240819112,0.6906700789813899,0.6923249146974669,0.7107083097692267,0.0314908964856968,0.0036317247440201816,-0.005563422507289584,0.0071776953295481505,-0.003548273251010592,0.008034697347353098,0.6906700789813899
2753,2021-07-15,0.6867077494441528,0.67867169638299,0.6742717113797255,0.6951788627904844,0.0375654082963305,-0.01234357463775837,-0.011998382598399915,-0.018053203317741406,-0.015529446978742367,0.006074511810633704,0.67867169638299
2754,2021-07-16,0.6801797238113503,0.6551445572406159,0.6696824922551058,0.6734748005641046,0.0740496195176705,-0.0065280256328025255,-0.02352713914237403,-0.004589219124619737,-0.021704062226379772,0.03648421122134,0.6551445572406159
2755,2021-07-19,0.6459789630628334,0.6576244582569004,0.6402535774522093,0.6622769823700773,0.0549759825687921,-0.034200760748516856,0.0024799010162844803,-0.029428914802896444,-0.01119781819402732,-0.019073636948878397,0.6576244582569004
2756,2021-07-20,0.6579437788413938,0.6764822361631573,0.6630267545759372,0.6743503919607117,0.0496236443769498,0.011964815778560345,0.018857777906256867,0.02277317712372784,0.01207340959063441,-0.005352338191842304,0.6764822361631573
2757,2021-07-21,0.6780852259611697,0.7080082253063096,0.6923247918007718,0.7001095255239584,0.0663409319753718,0.020141447119775946,0.0315259891431523,0.029298037224834594,0.025759133563246772,0.016717287598422004,0.7080082253063096
2758,2021-07-22,0.7018362784020834,0.7023777338573844,0.6919768526687853,0.7188415022625243,0.0326092339182251,0.02375105244091369,-0.0056304914489251345,-0.0003479391319864966,0.01873197673856586,-0.0337316980571467,0.7023777338573844
2759,2021-07-23,0.7061365041580787,0.7166774777974904,0.7003726931281785,0.7268136819274269,0.0291015334840956,0.004300225755995313,0.014299743940105913,0.008395840459393233,0.007972179664902601,-0.003507700434129502,0.7166774777974904
2760,2021-07-26,0.7133555776977724,0.7119185239323862,0.7010905736140887,0.7271824101122711,0.0270340535811558,0.007219073539693643,-0.004758953865104165,0.0007178804859101495,0.00036872818484423586,-0.0020674799029398,0.7119185239323862
2761,2021-07-27,0.7025048241206878,0.6904020184093126,0.6857997486710022,0.6970453358721993,0.0446179495221274,-0.010850753577084538,-0.021516505523073604,-0.015290824943086423,-0.030137074240071837,0.0175838959409716,0.6904020184093126
2762,2021-07-28,0.692924137582367,0.7050813653859273,0.6893015580212251,0.7130353815815317,0.026691536950529,-0.009580686538320782,0.01467934697661466,0.0035018093502228176,0.01599004570933238,-0.0179264125715984,0.7050813653859273
2763,2021-07-29,0.6983828361013423,0.713705713965382,0.696348709124653,0.7151089583560186,0.0461819712451098,0.005458698518975291,0.00862434857945471,0.007047151103427907,0.0020735767744869404,0.0194904342945808,0.713705713965382
2764,2021-07-30,0.7564015647555331,0.7778977925280034,0.7758695891373242,0.7731483802323885,0.1096424621581023,0.058018728654190777,0.06419207856262144,0.07952088001267121,0.0580394218763699,0.0634604909129925,0.7778977925280034
2765,2021-08-02,0.7757184214147045,0.772870204238915,0.7758474939595522,0.7944144257425841,0.0465575015268813,0.019316856659171378,-0.005027588289088447,-2.209517777196357e-05,0.02126604551019562,-0.06308496063122102,0.772870204238915
2766,2021-08-03,0.7736463051800397,0.7750598079217244,0.7602303970683504,0.7902901057181076,0.0381885409616876,-0.002072116234664745,0.0021896036828094045,-0.015617096891201832,-0.004124320024476491,-0.008368960565193699,0.7750598079217244
2767,2021-08-04,0.7728890891442557,0.7904991500177284,0.7743251875781823,0.7992532287679955,0.0479482015813538,-0.0007572160357840474,0.01543934209600406,0.014094790509831867,0.008963123049887889,0.009759660619666204,0.7904991500177284
2768,2021-08-05,0.7921616004640485,0.7902979431928217,0.7756953680882963,0.8052897088239733,0.0301414634951552,0.019272511319792796,-0.00020120682490676334,0.0013701805101140607,0.006036480055977789,-0.017806738086198603,0.7902979431928217
2769,2021-08-06,0.7832493155151605,0.7894935462821246,0.7717148759698417,0.8090452472416562,0.0374870008748617,-0.00891228494888796,-0.0008043969106970028,-0.003980492118454637,0.0037555384176828355,0.007345537379706505,0.7894935462821246
2770,2021-08-09,0.7876609458855912,0.7854048514444463,0.7744773868992164,0.8094139690074122,0.0308925240586982,0.004411630370430686,-0.004088694837678375,0.0027625109293747396,0.00036872176575608595,-0.006594476816163503,0.7854048514444463
2771,2021-08-10,0.7825809926958996,0.7641342414635405,0.7657118580010364,0.7847606415018298,0.0609432000132054,-0.005079953189691566,-0.021270609980905797,-0.008765528898180053,-0.024653327505582467,0.030050675954507198,0.7641342414635405
2772,2021-08-11,0.7661157258727748,0.7656088974016632,0.7504645948194865,0.7748301792357093,0.0343465773097175,-0.01646526682312488,0.001474655938122682,-0.015247263181549897,-0.009930462266120488,-0.0265966227034879,0.7656088974016632
2773,2021-08-12,0.7519674794079291,0.7339933156295237,0.7391976448768104,0.7561441659531132,0.055982898928707,-0.014148246464845693,-0.03161558177213941,-0.011266949942676074,-0.018686013282596114,0.021636321618989506,0.7339933156295237
2774,2021-08-13,0.731222130779475,0.7349347914145156,0.7181764256814042,0.7530675688170928,0.0246158036348029,-0.02074534862845412,0.0009414757849918187,-0.021021219195406227,-0.003076597136020376,-0.03136709529390411,0.7349347914145156
2775,2021-08-16,0.7309760834516459,0.7378709764283873,0.7234350228898709,0.7531367647132038,0.0443043198362522,-0.0002460473278290687,0.002936185013871717,0.005258597208466775,6.919589611098509e-05,0.0196885162014493,0.7378709764283873
2776,2021-08-17,0.7283611671212601,0.7227637511235842,0.7135724263688709,0.7324034312249297,0.0518149254716825,-0.002614916330385797,-0.015107225304803129,-0.009862596521000078,-0.02073333348827411,0.007510605635430302,0.7227637511235842
2777,2021-08-18,0.7164249816942043,0.711780225622789,0.7123939280444193,0.7331197942463629,0.0461324507683927,-0.011936185427055768,-0.010983525500795177,-0.0011784983244516045,0.0007163630214331862,-0.005682474703289801,0.711780225622789
2778,2021-08-19,0.7036173122789301,0.7225393032964421,0.7061095886770935,0.7246367330185746,0.0301208299631897,-0.012807669415274225,0.010759077673653139,-0.006284339367325753,-0.008483061227788302,-0.016011620805203002,0.7225393032964421
2779,2021-08-20,0.7258352867566263,0.7172047042370858,0.7144887518941164,0.7291672606002084,0.032778428880342,0.022217974477696245,-0.005334599059356293,0.008379163217022922,0.004530527581633859,0.002657598917152299,0.7172047042370858
2780,2021-08-23,0.7241141633436587,0.7364141816308714,0.7192237729747691,0.7474739289361174,0.0526031263927634,-0.0017211234129675956,0.019209477393785535,0.004735021080652713,0.018306668335908993,0.0198246975124214,0.7364141816308714
2781,2021-08-24,0.7368994353236558,0.7352037127644534,0.729457515823216,0.7543850614694528,0.0256474802330763,0.012785271979997015,-0.0012104688664179575,0.010233742848446914,0.006911132533335418,-0.026955646159687097,0.7352037127644534
2782,2021-08-25,0.7280034412019345,0.7486974099696296,0.7321633394917848,0.7528364795252748,0.034631320050841,-0.008895994121721262,0.013493697205176236,0.002705823668568752,-0.0015485819441780624,0.008983839817764697,0.7486974099696296
2783,2021-08-26,0.7478743470038084,0.7480922831336532,0.7347600240806811,0.7676066011137971,0.0204478301777785,0.019870905801873895,-0.0006051268359764661,0.002596684588896281,0.014770121588522311,-0.014183489873062498,0.7480922831336532
2784,2021-08-27,0.7501989268321995,0.7686689626959677,0.7495978597204994,0.774009223807813,0.0285815684785658,0.0023245798283910712,0.02057667956231457,0.014837835639818331,0.006402622694015925,0.0081337383007873,0.7686689626959677
2785,2021-08-30,0.7719027134959,0.7668309867691987,0.756951389407645,0.7831856998266599,0.0212938049883626,0.02170378666370054,-0.001837975926769042,0.0073535296871455325,0.009176476018846857,-0.0072877634902032,0.7668309867691987
2786,2021-08-31,0.7681699226122838,0.762011778453855,0.7499033768537129,0.7713973531721939,0.0413991185355144,-0.0037327908836162216,-0.004819208315343659,-0.007048012553932059,-0.011788346654465931,0.020105313547151803,0.762011778453855
2787,2021-09-01,0.762090289178909,0.7519028749908812,0.7453647871235912,0.7746565987398438,0.0275705254122579,-0.006079633433374809,-0.010108903462973884,-0.004538589730121667,0.0032592455676498933,-0.013828593123256502,0.7519028749908812
2788,2021-09-02,0.7552505119903296,0.7569684809688112,0.7411533763062053,0.7751649648309887,0.0194202802858982,-0.006839777188579421,0.005065605977930043,-0.004211410817385963,0.0005083660911449073,-0.008150245126359701,0.7569684809688112
2789,2021-09-03,0.7512716763905699,0.7660239357934316,0.7473720975016334,0.7768984210942014,0.0198824714019246,-0.003978835599759645,0.009055454824620446,0.006218721195428101,0.0017334562632126405,0.000462191116026401,0.7660239357934316
2790,2021-09-07,0.7658451394401828,0.7661583606026564,0.7486157554213622,0.7810589980027798,0.0235346065598124,0.014573463049612934,0.00013442480922476463,0.0012436579197288022,0.004160576908578406,0.003652135157887801,0.7661583606026564
2791,2021-09-08,0.76255964736624,0.7548167515118667,0.7444265100456766,0.773315908878079,0.0319737211336887,-0.0032854920739427973,-0.01134160909078974,-0.004189245375685546,-0.007743089124700786,0.008439114573876302,0.7548167515118667
2792,2021-09-09,0.750847177270817,0.7796522012708094,0.7612936794343277,0.7756504232048483,0.0495246034235156,-0.011712470095423089,0.024835449758942696,0.01686716938865107,0.0023345143267693436,0.017550882289826895,0.7796522012708094
2793,2021-09-10,0.7845540131950811,0.7857939947689094,0.7835724446108795,0.8097211563969988,0.0512248064574701,0.033706835924264156,0.006141793498100068,0.022278765176551807,0.03407073319215048,0.0017002030339545032,0.7857939947689094
2794,2021-09-13,0.7926228203952869,0.7970683914550869,0.7818702351495498,0.8073863537028572,0.0402023736815173,0.008068807200205752,0.011274396686177468,-0.0017022094613297067,-0.0023348026941416578,-0.0110224327759528,0.7970683914550869
2795,2021-09-14,0.8058328885257042,0.798839226708732,0.7959881173024298,0.8171176239053338,0.0556816493620111,0.013210068130417363,0.0017708352536450755,0.014117882152880012,0.00973127020247666,0.015479275680493801,0.798839226708732
2796,2021-09-15,0.7987473942213889,0.8233833748933622,0.801988779747735,0.8183657916303706,0.0646366022350241,-0.007085494304315376,0.024544148184630243,0.0060006624453051716,0.001248167725036775,0.008954952873012997,0.8233833748933622
2797,2021-09-16,0.8158465603175439,0.8338733877541007,0.8154955710881238,0.8395154630054702,0.0813250028886944,0.017099166096155027,0.010490012860738473,0.01350679134038879,0.0211496713750996,0.016688400653670304,0.8338733877541007
2798,2021-09-17,0.836857613694717,0.8289199698239975,0.8173941581637669,0.8473976422565868,0.0892400257506478,0.021011053377173128,-0.004953417930103177,0.0018985870756431655,0.007882179251116561,0.007915022861953391,0.8289199698239975
2799,2021-09-20,0.8055648154179252,0.7961271308645602,0.7889402254737062,0.8084729256288977,0.0541547679965665,-0.03129279827679177,-0.0327928389594373,-0.02845393269006069,-0.03892471662768904,-0.03508525775408129,0.7961271308645602
2800,2021-09-21,0.8023237351977199,0.7992650965552459,0.7843142162438442,0.8081724106567466,0.0478863009854574,-0.0032410802202053057,0.0031379656906856956,-0.004626009229862005,-0.00030051497215111134,-0.0062684670111090995,0.7992650965552459
2801,2021-09-22,0.802725946538406,0.8192814097303334,0.7993047467390015,0.8228730338841119,0.0314620095409451,0.0004022113406860761,0.020016313175087452,0.014990530495157306,0.014700623227365317,-0.016424291444512303,0.8192814097303334
2802,2021-09-23,0.8195571612159532,0.831542473039182,0.8126154220118601,0.845455985761416,0.039133556725706,0.016831214677547224,0.012261063308848685,0.013310675272858563,0.02258295187730408,0.007671547184760902,0.831542473039182
2803,2021-09-24,0.8218146728321606,0.8282922475691813,0.8087749435770942,0.8478136408409898,0.0179016523332397,0.0022575116162073527,-0.003250225470000756,-0.0038404784347658705,0.0023576550795737505,-0.021231904392466302,0.8282922475691813
2804,2021-09-27,0.8147513367638369,0.8198866082977981,0.8060691228957088,0.8385908308093077,0.0348294019577095,-0.007063336068323656,-0.008405639271383158,-0.0027058206813854735,-0.009222810031682016,0.016927749624469798,0.8198866082977981
2805,2021-09-28,0.7875490715796662,0.7778590575242781,0.7788591231582975,0.8005214943130592,0.0668774038064739,-0.027202265184170682,-0.04202755077352005,-0.027209999737411228,-0.03806933649624855,0.032048001848764406,0.7778590575242781
2806,2021-09-29,0.7793682391650814,0.7515665260418658,0.7631483675215119,0.7738937083667135,0.0496153909641636,-0.008180832414584893,-0.026292531482412285,-0.01571075563678559,-0.02662778594634574,-0.017262012842310305,0.7515665260418658
2807,2021-09-30,0.756122307715404,0.7497959059826859,0.7467613510043049,0.7717903868964227,0.039707168914346,-0.02324593144967735,-0.0017706200591799393,-0.016387016517207087,-0.0021033214702907976,-0.009908222049817596,0.7497959059826859
2808,2021-10-01,0.7526351979298022,0.7509388037870496,0.7385130182186886,0.7599556058587166,0.0373301860319242,-0.0034871097856018496,0.0011428978043637184,-0.008248332785616208,-0.011834781037706077,-0.002376982882421802,0.7509388037870496
2809,2021-10-04,0.742353194677972,0.7376019833469611,0.7257915748950686,0.7525820138209423,0.0473580825671415,-0.010282003251830152,-0.013336820440088437,-0.012721443323620019,-0.007373592037774324,0.010027896535217302,0.7376019833469611
2810,2021-10-05,0.7442308904212908,0.7424437153496563,0.7297630483643026,0.7587074601625632,0.0319530876017233,0.0018776957433187524,0.004841732002695109,0.003971473469233988,0.006125446341620933,-0.015404994965418202,0.7424437153496563
2811,2021-10-06,0.7304398157353719,0.7376694109460387,0.7205548636043037,0.7497391053461007,0.0338761327809049,-0.013791074685918892,-0.004774304403617591,-0.00920818475999896,-0.00896835481646252,0.0019230451791815983,0.7376694109460387
2812,2021-10-07,0.7454156527927472,0.7399109482264353,0.7335381191086089,0.761203969732655,0.0335047292055264,0.014975837057375374,0.002241537280396666,0.012983255504305236,0.011464864386554363,-0.0003714035753785011,0.7399109482264353
2813,2021-10-08,0.7427334952759508,0.7308329697144634,0.7252463443580578,0.7508025202020279,0.0265388488139845,-0.0026821575167964573,-0.009077978511971896,-0.008291774750551095,-0.01040144953062716,-0.006965880391541897,0.7308329697144634
2814,2021-10-11,0.7254777142855304,0.7289277096515937,0.722715103636832,0.7501552567216137,0.0218178967002855,-0.017255780990420355,-0.0019052600628697292,-0.0025312407212257915,-0.0006472634804142174,-0.004720952113699002,0.7289277096515937
2815,2021-10-12,0.732049249253409,0.7162633719150707,0.7163436205029713,0.7350153246037617,0.0353039731929152,0.006571534967878545,-0.01266433773652298,-0.006371483133860711,-0.015139932117851918,0.0134860764926297,0.7162633719150707
2816,2021-10-13,0.7238907350567837,0.7181910839338036,0.7113467261717992,0.7375579325737083,0.028499034350704,-0.008158514196625277,0.0019277120187328745,-0.004996894331172119,0.002542607969946542,-0.0068049388422112,0.7181910839338036
2817,2021-10-14,0.7405429862174503,0.7391937050741205,0.7229333897652376,0.7549399584318901,0.039575114309767,0.016652251160666598,0.021002621140316924,0.011586663593438407,0.017382025858181827,0.011076079959062998,0.7391937050741205
2818,2021-10-15,0.7379947901202354,0.7376694109460387,0.7252899302982062,0.7578985612790391,0.0318788068866476,-0.0025481960972149054,-0.00152429412808186,0.0023565405329686318,0.0029586028471489945,-0.0076963074231194,0.7376694109460387
2819,2021-10-18,0.7301938141728608,0.7324466412770673,0.7162125229079137,0.745046785661895,0.0568577606840428,-0.007800975947374611,-0.005222769668971394,-0.009077407390292502,-0.012851775617144123,0.024978953797395204,0.7324466412770673
2820,2021-10-19,0.728003489119873,0.7444835436847275,0.7260100048880019,0.7525128934068896,0.0338637526617256,-0.002190325052987774,0.0120369024076602,0.00979748198008823,0.007466107744994677,-0.0229940080223172,0.7444835436847275
2821,2021-10-20,0.7414368240730761,0.7419953218157909,0.7286937978106209,0.7586611839153057,0.0289694788795166,0.013433334953203091,-0.002488221868936602,0.0026837929226189994,0.006148290508416032,-0.0048942737822090035,0.7419953218157909
2822,2021-10-21,0.7306409311618817,0.7520372280686175,0.7334507126241727,0.7474970298153853,0.0359271058582724,-0.010795892911194427,0.010041906252826638,0.0047569148135517825,-0.011164154099920331,0.0069576269787558,0.7520372280686175
2823,2021-10-22,0.7647051856907969,0.7688929801341795,0.7809973708758464,0.7871381172673099,0.0765999240686023,0.03406425452891526,0.016855752065562002,0.0475466582516737,0.03964108745192452,0.040672818210329906,0.7688929801341795
2824,2021-10-25,0.7772000666557378,0.7693414453995333,0.7587187903609656,0.7897732700680153,0.0436399201069642,0.012494880964940891,0.0004484652653538035,-0.022278580514880852,0.002635152800705476,-0.032960003961638104,0.7693414453995333
2825,2021-10-26,0.7803518438682978,0.7665173049705115,0.761795620506504,0.7800654009132503,0.0358198114920519,0.003151777212559992,-0.002824140429021793,0.0030768301455383895,-0.00970786915476507,-0.0078201086149123,0.7665173049705115
2826,2021-10-27,0.7621123588293041,0.763378980622384,0.7537435990828306,0.7772913649458996,0.0493636618741849,-0.018239485038993752,-0.0031383243481275525,-0.008052021423673339,-0.0027740359673507076,0.013543850382133002,0.763378980622384
2827,2021-10-28,0.8190652138400062,0.7964855731119967,0.8487934916703292,0.8147829801406368,0.097010613888843,0.05695285501070213,0.033106592489612785,0.09504989258749863,0.037491615194737204,0.047646952014658094,0.7964855731119967
2828,2021-10-29,0.7873031810773345,0.8355321784228957,0.8163247437900034,0.8135811416968199,0.0662006239580066,-0.031762032762671644,0.039046605310898985,-0.03246874788032583,-0.0012018384438168273,-0.03080998993083639,0.8355321784228957
2829,2021-11-01,0.8337281134690998,0.8523431700397084,0.8302461324118319,0.8532916170052429,0.0845727208200591,0.04642493239176526,0.016810991616812654,0.013921388621828457,0.03971047530842298,0.01837209686205249,0.8523431700397084
2830,2021-11-02,0.8516991582129755,0.8713733187125432,0.8484226508005591,0.880682259912659,0.0489551179412687,0.017971044743875675,0.019030148672834812,0.018176518388727247,0.027390642907416107,-0.03561760287879039,0.8713733187125432
2831,2021-11-03,0.8717265523861697,0.8824014611991109,0.859442005114949,0.8854207429850725,0.0510597382017464,0.020027394173194213,0.011028142486567694,0.011019354314389829,0.004738483072413424,0.0021046202604776965,0.8824014611991109
2832,2021-11-04,0.8808462711289496,0.91694268345633,0.8938748207012638,0.9099453258709234,0.0703108235255278,0.009119718742779948,0.03454122225721912,0.034432815586314836,0.02452458288585091,0.0192510853237814,0.91694268345633
2833,2021-11-05,0.9171458407390196,0.9340899522906696,0.9129676463144144,0.9375900779282068,0.0683176243376636,0.03629956961006997,0.01714726883433959,0.01909282561315062,0.02764475205728345,-0.0019931991878641975,0.9340899522906696
2834,2021-11-08,0.9315180437132696,0.9253704877576228,0.914996839827147,0.9490547127746406,0.0514930423730212,0.014372202974250015,-0.008719464533046839,0.0020291935127325633,0.011464634846433785,-0.0168245819646424,0.9253704877576228
2835,2021-11-09,0.9229795653500203,0.934941548520721,0.911221932744508,0.9486617946417,0.0345694194549446,-0.00853847836324928,0.009571060763098216,-0.0037749070826389453,-0.00039291813294062283,-0.0169236229180766,0.934941548520721
2836,2021-11-10,0.9165197740889772,0.9063402673532996,0.9120946282763476,0.9322966388032792,0.0482742113864082,-0.006459791261043124,-0.028601281167421333,0.0008726955318395513,-0.016365155838420797,0.013704791931463602,0.9063402673532996
2837,2021-11-11,0.9168997717347432,0.9252583714412844,0.903846554265724,0.9430680167540916,0.025589706343573,0.000379997645766017,0.018918104087984777,-0.008248074010623552,0.0107713779508124,-0.0226845050428352,0.9252583714412844
2838,2021-11-12,0.9243027014033705,0.9287192722926582,0.9129770760684188,0.9496444150275418,0.0258785757910896,0.007402929668627212,0.0034609008513737383,0.009130521802694802,0.006576398273450246,0.0002888694475166008,0.9287192722926582
2839,2021-11-15,0.9366946522991154,0.9282246836802758,0.9162801871342644,0.9513358872073724,0.0269969132236179,0.012391950895744963,-0.000494588612382385,0.0033031110658455765,0.0016914721798305665,0.0011183374325282984,0.9282246836802758
2840,2021-11-16,0.92551263496093,0.9510112669366114,0.927590123434104,0.9528190503866968,0.0474983905845066,-0.011182017338185468,0.022786583256335646,0.011309936299839563,0.0014831631793243982,0.020501477360888698,0.9510112669366114
2841,2021-11-17,0.9451427664225196,0.9434605952752334,0.9276556761144932,0.9676962314515518,0.0609349466004192,0.01963013146158965,-0.007550671661378017,6.555268038921369e-05,0.014877181064855027,0.0134365560159126,0.9434605952752334
2842,2021-11-18,0.9475180836317906,0.9511010030285753,0.9293838793442508,0.9671631909081776,0.0366327726514913,0.0023753172092709773,0.007640407753341849,0.001728203229757641,-0.0005330405433742191,-0.024302173948927898,0.9511010030285753
2843,2021-11-19,0.945725712964638,0.9491687719260744,0.9337594125729743,0.975297390680241,0.0307976098116571,-0.001792370667152543,-0.0019322311025008476,0.004375533228723527,0.008134199772063422,-0.0058351628398342,0.9491687719260744
2844,2021-11-22,0.9499384803014376,0.9166292885835964,0.9346343155179456,0.9440596113047198,0.0662047506643997,0.004212767336799539,-0.032539483342478026,0.0008749029449712786,-0.03123777937552119,0.035407140852742595,0.9166292885835964
2845,2021-11-23,0.912358524590625,0.925797720502416,0.9020825306503047,0.9287881566177246,0.0479358214621746,-0.03757995571081252,0.009168431918819664,-0.032551784867640876,-0.0152714546869952,-0.018268929202225094,0.925797720502416
2846,2021-11-24,0.919641580065987,0.9287641044728958,0.9042484495681542,0.9295298653004264,0.0301373367887621,0.007283055475361899,0.002966383970479769,0.002165918917849452,0.0007417086827017361,-0.0177984846734125,0.9287641044728958
2847,2021-11-26,0.9113949438834484,0.8965393071699425,0.8971386348349769,0.9200750793198592,0.0312102804509664,-0.008246636182538514,-0.032224797302953356,-0.007109814733177289,-0.009454785980567149,0.0010729436622042982,0.8965393071699425
2848,2021-11-29,0.9026555254375844,0.9299775860618258,0.9070047719343208,0.9334461481013429,0.0447541308330994,-0.008739418445864011,0.03343827889188333,0.009866137099343919,0.013371068781483642,0.013543850382132998,0.9299775860618258
2849,2021-11-30,0.9247282676379552,0.9171460422258884,0.915361355262723,0.9404212483624536,0.0639061752034466,0.02207274220037081,-0.012831543835937431,0.008356583328402167,0.0069751002611107005,0.019152044370347204,0.9171460422258884
2850,2021-12-01,0.9305323050814448,0.9262472617400954,0.9367781943963644,0.945890253336752,0.0675583103613344,0.0058040374434895625,0.00910121951420706,0.021416839133641452,0.005469004974298475,0.003652135157887801,0.9262472617400954
2851,2021-12-02,0.915899200904836,0.9045618285618864,0.9097611503391996,0.9297383645018692,0.066439972928806,-0.014633104176608791,-0.021685433178209035,-0.027017044057164874,-0.016151888834882833,-0.001118337432528399,0.9045618285618864
2852,2021-12-03,0.913434176141721,0.9004044866898278,0.898910601342518,0.9144439076152312,0.0541836549413182,-0.0024650247631150535,-0.004157341872058629,-0.010850548996681586,-0.015294456886637997,-0.012256317987487803,0.9004044866898278
2853,2021-12-06,0.9029019896930982,0.8978202163579498,0.8825254139155955,0.9041549865720476,0.0529992902065003,-0.010532186448622749,-0.0025842703318779137,-0.01638518742692252,-0.010288921043183574,-0.0011843647348179012,0.8978202163579498
2854,2021-12-07,0.9110587730235832,0.9419100474224044,0.9198459806896622,0.9403053250801628,0.055632128885294,0.008156783330484974,0.04408983106445452,0.0373205667740667,0.03615033850811522,0.0026328386787937003,0.9419100474224044
2855,2021-12-08,0.9379942927578058,0.9466965461790464,0.9238492482118292,0.9577548317344252,0.0392944982750367,0.02693551973422259,0.004786498756642055,0.004003267522167064,0.01744950665426237,-0.016337630610257302,0.9466965461790464
2856,2021-12-09,0.937254929072515,0.9199325953549988,0.9190584786434204,0.947373315958584,0.0450471269870091,-0.000739363685290817,-0.02676395082404759,-0.004790769568408848,-0.010381515775841232,0.0057526287119724,0.9199325953549988
2857,2021-12-10,0.9303531464033976,0.922899051056967,0.9134364518199032,0.9364124404620872,0.0344084779056139,-0.00690178266911734,0.0029664557019681848,-0.005622026823517201,-0.010960875496496825,-0.010638649081395196,0.922899051056967
2858,2021-12-13,0.9203136446463948,0.8983145180443787,0.8986042065014292,0.9195882965149073,0.0490830458394546,-0.010039501757002856,-0.02458453301258834,-0.014832245318473936,-0.016824143947179904,0.014674567933840699,0.8983145180443787
2859,2021-12-14,0.8869244002587907,0.8976629092039319,0.8800752477340209,0.9134474684149422,0.0409905746025981,-0.033389244387604045,-0.0006516088404467935,-0.018528958767408343,-0.006140828099965079,-0.008092471236856504,0.8976629092039319
2860,2021-12-15,0.8973444092361305,0.921145933480952,0.9002886582580146,0.910179868608997,0.0902469421105627,0.010420008977339745,0.023483024277020093,0.020213410523993725,-0.003267599805945154,0.049256367507964596,0.921145933480952
2861,2021-12-16,0.9277310758477212,0.8928314348040751,0.907835988901188,0.915556224516238,0.0951866096630957,0.03038666661159073,-0.028314498676876854,0.007547330643173367,0.005376355907240948,0.004939667552533,0.8928314348040751
2862,2021-12-17,0.8881568772758244,0.8798876311888224,0.869531032130985,0.8968090247247763,0.1332100823690596,-0.03957419857189681,-0.012943803615252714,-0.03830495677020296,-0.018747199791461666,0.0380234727059639,0.8798876311888224
2863,2021-12-20,0.8647169710019602,0.8662920035386578,0.8600147695266143,0.8843647895256023,0.0763523216850167,-0.023439906273864164,-0.013595627650164643,-0.009516262604370773,-0.012444235199174036,-0.0568577606840429,0.8662920035386578
2864,2021-12-21,0.903417393749286,0.9200000229540762,0.9017326633699374,0.9293907808138224,0.0935524339314306,0.03870042274732577,0.05370801941541847,0.04171789384332314,0.04502599128822016,0.017200112246413907,0.9200000229540762
2865,2021-12-22,0.9104314869330468,0.9285618934071518,0.9043141023721152,0.9351610032861504,0.0296957792047011,0.007014093183760783,0.008561870453075549,0.0025814390021777767,0.005770222472327946,-0.06385665472672951,0.9285618934071518
2866,2021-12-23,0.9304873537215578,0.945528040233331,0.9286182287477724,0.9617638567583028,0.0362324821313613,0.020055866788511012,0.01696614682617925,0.024304126375657265,0.02660285347215241,0.006536702926660202,0.945528040233331
2867,2021-12-27,0.9461739005098928,0.9891463084931732,0.9659391162947168,0.97793916837425,0.0537627308892226,0.015686546788335032,0.04361826825984216,0.0373208875469444,0.016175311615947208,0.0175302487578613,0.9891463084931732
2868,2021-12-28,0.9894454498637226,0.97112362857464,0.9678859613930444,0.997196063850431,0.0310287053696703,0.04327154935382982,-0.018022679918533235,0.0019468450983275432,0.019256895476181035,-0.0227340255195523,0.97112362857464
2869,2021-12-29,0.9698151547965876,0.97770786189307,0.9601636826174264,1.0,0.0253338505472012,-0.019630295067134984,0.006584233318430055,-0.007722278775618041,0.002803936149568975,-0.0056948548224691024,0.97770786189307
2870,2021-12-30,0.97579849145574,0.9597304445437048,0.953797841581876,0.987857296500529,0.0253792443175252,0.005983336659152405,-0.0179774173493652,-0.006365841035550379,-0.012142703499470997,4.539377032400024e-05,0.9597304445437048
2871,2021-12-31,0.9588795193046228,0.9665392691522536,0.9448940952125257,0.9901049491588856,0.0216652085637411,-0.016918972151117262,0.0068088246085488136,-0.008903746369350318,0.0022476526583565803,-0.0037140357537840986,0.9665392691522536
2872,2022-01-03,0.9661402205693131,0.9777304573119098,0.9530103226635156,0.98628144223172,0.0430951948630758,0.007260701264690361,0.01119118815965614,0.008116227450989943,-0.0038235069271655986,0.0214299862993347,0.9777304573119098
2873,2022-01-04,0.9734006538929286,0.9690787073038938,0.9556353651777532,0.9677195773635976,0.0398185899869596,0.007260433323615478,-0.00865175000801599,0.0026250425142375633,-0.01856186486812239,-0.003276604876116203,0.9690787073038938
2874,2022-01-05,0.9684258692747564,0.9454832080530934,0.9518070567066276,0.9725396138661508,0.0484475330549182,-0.0049747846181722455,-0.0235954992508004,-0.0038283084711255855,0.004820036502553249,0.008628943067958604,0.9454832080530934
2875,2022-01-06,0.942588284002302,0.971280935728658,0.9517194825669651,0.9681134414122806,0.0523472705963916,-0.02583758527245439,0.025797727675564652,-8.757413966242744e-05,-0.004426172453870225,0.0038997375414733942,0.971280935728658
2876,2022-01-07,0.9631597584576832,0.9368765054197802,0.9527696199660768,0.9644521431806148,0.0476634588402304,0.02057147445538121,-0.034404430308877854,0.0010501373991116392,-0.0036612982316658327,-0.004683811756161199,0.9368765054197802
2877,2022-01-10,0.9192381110581196,0.9409663479612728,0.9177459079751882,0.937825911546546,0.0553432594377775,-0.04392164739956361,0.004089842541492583,-0.035023711990888606,-0.026626231634068742,0.007679800597547103,0.9409663479612728
2878,2022-01-11,0.92965815486239,0.956426850846349,0.9316371303518438,0.951266318555354,0.0420305046136577,0.010420043804270418,0.015460502885076277,0.013891222376655632,0.013440407008807997,-0.013312754824119803,0.956426850846349
2879,2022-01-12,0.9627339122542036,0.974966284407174,0.9559634414493094,0.9955738780910636,0.0500610752546177,0.033075757391813565,0.01853943356082499,0.024326311097465636,0.04430755953570953,0.008030570640960001,0.974966284407174
2880,2022-01-13,1.0,0.947146087416726,1.0,0.9742312034023706,0.0945180832274145,0.03726608774579643,-0.02782019699044802,0.04403655855069055,-0.021342674688692997,0.04445700797279681,0.947146087416726
2881,2022-01-14,0.9393165613494396,1.0,0.9746237223867577,0.970477135326894,0.0586817649097902,-0.06068343865056036,0.05285391258327399,-0.02537627761324235,-0.0037540680754766242,-0.03583631831762431,1.0
2882,2022-01-18,0.9796077879284956,0.9280449245703948,0.958763508737876,0.9547655553243024,0.0705749327346857,0.04029122657905593,-0.07195507542960522,-0.015860213648881683,-0.01571158000259154,0.011893167824895495,0.9280449245703948
2883,2022-01-19,0.9361793408680138,0.8835731233303151,0.9228649635021872,0.9103423262539834,0.0623710404252158,-0.04342844706048177,-0.044471801240079656,-0.035898545235688806,-0.04442322907031904,-0.008203892309469892,0.8835731233303151
2884,2022-01-20,0.8963585451521584,0.8613033654477598,0.8917133362359004,0.8859638883391122,0.0651441871213747,-0.039820795715855395,-0.022269757882555363,-0.03115162726628673,-0.024378437914871154,0.0027731466961588916,0.8613033654477598
2885,2022-01-21,0.8493444518488084,0.8382695954824656,0.84988619200421,0.8588973579925083,0.0798476419999669,-0.047014093303350046,-0.02303376996529416,-0.04182714423169043,-0.02706653034660389,0.014703454878592204,0.8382695954824656
2886,2022-01-24,0.823955204921913,0.878876432397125,0.8609774672494013,0.8409612096418498,0.136626995262541,-0.02538924692689537,0.04060683691465938,0.011091275245191268,-0.017936148350658487,0.05677935326257409,0.878876432397125
2887,2022-01-25,0.8470810939882101,0.831707670656922,0.8356666340382005,0.8566030471862417,0.0735709215760717,0.02312588906629709,-0.047168761740203013,-0.025310833211200756,0.015641837544391857,-0.06305607368646929,0.831707670656922
2888,2022-01-26,0.8600112266703124,0.8552809331463246,0.8707560910313704,0.8671007634044653,0.098289892870702,0.012930132682102302,0.023573262489402613,0.0350894569931699,0.010497716218223596,0.0247189712946303,0.8552809331463246
2889,2022-01-27,0.842128742029909,0.8130335970924072,0.8287538576869152,0.8318308015639038,0.1269622488899159,-0.01788248464040343,-0.042247336053917395,-0.042002233344455187,-0.035269961840561526,0.02867235601921389,0.8130335970924072
2890,2022-01-28,0.7900279691718136,0.8239325511684019,0.8027213850707571,0.7972330595624987,0.0871436589029563,-0.052100772858095334,0.010898954075994727,-0.026032472616158153,-0.034597742001405085,-0.039818589986959585,0.8239325511684019
2891,2022-01-31,0.8208852176219176,0.8747640661682811,0.8525770859586453,0.8485157783750158,0.0914684472029184,0.030857248450103958,0.050831514999879146,0.049855700887888266,0.051282718812517114,0.004324788299962093,0.8747640661682811
2892,2022-02-01,0.8735462987541799,0.871977584770659,0.8564491442061554,0.8696035642393158,0.056028292699031,0.05266108113226231,-0.0027864813976220537,0.003872058247510024,0.021087785864300046,-0.0354401545038874,0.871977584770659
2893,2022-02-02,0.876661146581002,0.8886742363949934,0.8679341312671406,0.8928000883307541,0.0545674386358759,0.0031148478268221425,0.016696651624334424,0.011484987060985219,0.023196524091438242,-0.0014608540631550967,0.8886742363949934
2894,2022-02-03,0.8640447336279587,0.8397302637803542,0.8515050095635751,0.8631148635098957,0.0771033822485597,-0.012616412953043277,-0.04894397261463923,-0.016429121703565475,-0.029685224820858336,0.022535943612683795,0.8397302637803542
2895,2022-02-04,0.8360559404571367,0.8480448757929826,0.8326259097062365,0.8530344170135216,0.0465987685908123,-0.027988793170822035,0.008314612012628397,-0.0188790998573386,-0.010080446496374185,-0.030504613657747398,0.8480448757929826
2896,2022-02-07,0.8481568721923061,0.844044984537919,0.8347261670792083,0.8669385398125653,0.044733497301134,0.012100931735169351,-0.0039998912550636145,0.0021002573729718144,0.013904122799043739,-0.0018652712896783039,0.844044984537919
2897,2022-02-08,0.8407171852084893,0.8656629901170507,0.8451610777114128,0.8641810132920382,0.0815107046763836,-0.007439686983816807,0.021618005579131738,0.010434910632204475,-0.002757526520527076,0.03677720737524961,0.8656629901170507
2898,2022-02-09,0.8818599483981903,0.8991685531450349,0.8777126548000688,0.9037610168655632,0.0602829269903104,0.041142763189701004,0.03350556302798413,0.03255157708865597,0.03958000357352498,-0.02122777768607321,0.8991685531450349
2899,2022-02-10,0.8749578230752794,0.8757525978096503,0.8876879510179967,0.8975039819513765,0.0547366335979927,-0.006902125322910901,-0.023415955335384542,0.00997529621792792,-0.006257034914186721,-0.0055462933923177,0.8757525978096503
2900,2022-02-11,0.8788720174975638,0.8319717859971384,0.8640271199371906,0.8482983813169119,0.0684125385847047,0.003914194422284467,-0.04378081181251192,-0.023660831080806077,-0.04920560063446455,0.013675904986712,0.8319717859971384
2901,2022-02-14,0.8317536121950151,0.8228011304021791,0.829018711902638,0.8349146542161906,0.0521656955150954,-0.04711840530254874,-0.009170655594959332,-0.03500840803455263,-0.013383727100721332,-0.016246843069609294,0.8228011304021791
2902,2022-02-15,0.8391910081577646,0.8731389892990248,0.853959012284216,0.8657951944549971,0.0645912084647001,0.0074373959627495045,0.05033785889684572,0.024940300381578018,0.030880540238806486,0.012425512949604693,0.8731389892990248
2903,2022-02-16,0.8582226957077006,0.8689704573147791,0.8500326098495428,0.877157630997055,0.0660355557022829,0.019031687549936005,-0.004168531984245716,-0.003926402434673237,0.01136243654205793,0.0014443472375827993,0.8689704573147791
2904,2022-02-17,0.8522457444466465,0.8248064558913394,0.8364546652683151,0.848252031470481,0.0751803370693781,-0.005976951261054131,-0.04416400142343968,-0.01357794458122763,-0.02890559952657401,0.009144781367095206,0.8248064558913394
2905,2022-02-18,0.8313717421210853,0.8073438554340798,0.8116023011122598,0.8208105472529845,0.0564904838150575,-0.020874002325561136,-0.01746260045725956,-0.024852364156055295,-0.02744148421749648,-0.0186898532543206,0.8073438554340798
2906,2022-02-22,0.7978022091513963,0.8015754243329993,0.8013365597460981,0.8100521970080281,0.0687921955728693,-0.03356953296968901,-0.005768431101080496,-0.010265741366161762,-0.010758350244956416,0.012301711757811792,0.8015754243329993
2907,2022-02-23,0.8073965639572899,0.774626334537442,0.7989455337742808,0.7951346499682991,0.0675459302421551,0.009594354805893546,-0.026949089795557324,-0.0023910259718172844,-0.014917547039729029,-0.0012462653307141885,0.774626334537442
2908,2022-02-24,0.7453133780889968,0.8064198821322529,0.7858940558923616,0.7650672980243116,0.0691801059738201,-0.06208318586829309,0.0317935475948109,-0.013051477881919182,-0.030067351943987464,0.001634175731664994,0.8064198821322529
2909,2022-02-25,0.8014872477568016,0.805879170172842,0.7893818585989297,0.8152338498379678,0.0651318070021954,0.0561738696678048,-0.0005407119594108556,0.0034878027065681216,0.050166551813656146,-0.004048298971624703,0.805879170172842
2910,2022-02-28,0.7941172358684074,0.7852618188566158,0.7819238886836409,0.792648471749826,0.0777058813819514,-0.007370011888394146,-0.020617351316226218,-0.007457969915288798,-0.02258537808814176,0.012574074379756009,0.7852618188566158
2911,2022-03-01,0.7787478553134247,0.7588759647078208,0.7663058640595372,0.7741059679749953,0.0589087337614103,-0.015369380554982714,-0.026385854148795018,-0.015618024624103777,-0.018542503774830688,-0.018797147620541105,0.7588759647078208
2912,2022-03-02,0.7691537959115541,0.7797866260800341,0.7633449889599423,0.7836795710890488,0.0532097522325481,-0.009594059401870636,0.020910661372213313,-0.002960875099594862,0.00957360311405353,-0.005698981528862203,0.7797866260800341
2913,2022-03-03,0.7842529730401504,0.7718097259147002,0.7668103922955217,0.7861190533739694,0.0424431752529671,0.01509917712859632,-0.007976900165333922,0.003465403335579431,0.0024394822849205244,-0.010766576979581,0.7718097259147002
2914,2022-03-04,0.7611318822940965,0.7483082666451664,0.7479900712047441,0.7596998213146641,0.0646448556478103,-0.02312109074605395,-0.023501459269533842,-0.01882032109077758,-0.026419232059305298,0.022201680394843208,0.7483082666451664
2915,2022-03-07,0.7516272768274866,0.7078396563086158,0.7402907478123634,0.7293767991403306,0.0677233786170581,-0.009504605466609806,-0.04046861033655058,-0.007699323392380775,-0.03032302217433347,0.0030785229692477933,0.7078396563086158
2916,2022-03-08,0.7105979913470378,0.7251447344173921,0.7301347887964846,0.7215927827600978,0.0744870503953384,-0.04102928548044882,0.01730507810877635,-0.010155959015878735,-0.00778401638023285,0.0067636717782803,0.7251447344173921
2917,2022-03-09,0.7439877382395392,0.7651176801692346,0.7501617314608341,0.7690407527554697,0.062779584358132,0.033389746892501404,0.039972945751842515,0.020026942664349456,0.04744796999537193,-0.011707466037206404,0.7651176801692346
2918,2022-03-10,0.743156218566445,0.7408499134093338,0.7335566823826211,0.749894179469875,0.0642032980637493,-0.0008315196730942498,-0.024267766759900833,-0.01660504907821303,-0.01914657328559466,0.0014237137056173077,0.7408499134093338
2919,2022-03-11,0.755200004775347,0.7284119602501392,0.7414533943390056,0.7500104288228744,0.0395627341905878,0.012043786208902008,-0.012437953159194604,0.007896711956384528,0.00011624935299936467,-0.024640563873161506,0.7284119602501392
2920,2022-03-14,0.7285286703973154,0.7210437734952007,0.7263619919619018,0.7389268536287807,0.064322972549149,-0.026671334378031597,-0.007368186754938555,-0.015091402377103824,-0.011083575194093642,0.0247602383585612,0.7210437734952007
2921,2022-03-15,0.7272929715326987,0.7508320673323396,0.7329207591906752,0.7514047242579552,0.0550296297519024,-0.0012356988646167189,0.02978829383713899,0.0065587672287734655,0.012477870629174492,-0.009293342797246598,0.7508320673323396
2922,2022-03-16,0.7572446646998551,0.7907146314088229,0.7705832545827211,0.7743616694415895,0.0639433155609844,0.0299516931671564,0.03988256407648327,0.037662495392045914,0.022956945183634225,0.008913685809082,0.7907146314088229
2923,2022-03-17,0.7784110957647343,0.794522784395446,0.7773614872444768,0.8016873175174308,0.0418613096515409,0.021166431064879254,0.00380815298662307,0.006778232661755701,0.02732564807584137,-0.0220820059094435,0.794522784395446
2924,2022-03-18,0.7876909413491016,0.822553298109825,0.803749453837829,0.8059626537734175,0.1236526303626549,0.00927984558436723,0.028030513714379035,0.026387966593352186,0.004275336255986639,0.081791320711114,0.822553298109825
2925,2022-03-21,0.8096885965244307,0.8027922055703948,0.7985946608382057,0.8151408794706105,0.0550172496327231,0.021997655175329145,-0.01976109253943026,-0.005154792999623292,0.009178225697193065,-0.0686353807299318,0.8027922055703948
2926,2022-03-22,0.801240100675729,0.813495260951623,0.7998669322551623,0.8285713260521189,0.0347675013618131,-0.008448495848701665,0.010703055381228177,0.0012722714169565164,0.013430446581508382,-0.02024974827091,0.813495260951623
2927,2022-03-23,0.809441296028872,0.7857800071286754,0.7901933457543974,0.8092388242601212,0.0480059754708572,0.00820119535314301,-0.027715253822947594,-0.009673586500764886,-0.019332501791997747,0.0132384741090441,0.7857800071286754
2928,2022-03-24,0.795398082202863,0.8244462203566935,0.8030695196266739,0.8136306848098067,0.044027830507915,-0.014043213826009038,0.03866621322801811,0.012876173872276575,0.0043918605496855445,-0.003978144962942201,0.8244462203566935
2929,2022-03-25,0.8165415801967298,0.8256851666239984,0.8091452983119231,0.8350306678432357,0.0388818276357273,0.021143497993866833,0.001238946267304919,0.006075778685249111,0.021399983033428938,-0.005146002872187701,0.8256851666239984
2930,2022-03-28,0.829529017247668,0.8457618059808137,0.8239954667277454,0.8436977768445381,0.0449274525016094,0.012987437050938189,0.020076639356815362,0.014850168415822318,0.008667109001302409,0.006045624865882102,0.8457618059808137
2931,2022-03-29,0.8562004328798731,0.8659961828805773,0.8487384883323731,0.8770415279961644,0.0438214951882603,0.026671415632205098,0.020234376899763595,0.024743021604627713,0.033343751151626355,-0.0011059573133491013,0.8659961828805773
2932,2022-03-30,0.8614806509057507,0.842314318917767,0.8411049571393753,0.8633786397423456,0.0463429127944405,0.0052802180258775255,-0.023681863962810357,-0.007633531192997811,-0.013662888253818783,0.0025214176061802013,0.842314318917767
2933,2022-03-31,0.8422693219204191,0.8248290513101793,0.8312341868022493,0.8495068353026715,0.0544683976824416,-0.01921132898533151,-0.01748526760758773,-0.009870770337126022,-0.013871804439674174,0.008125484888001099,0.8248290513101793
2934,2022-04-01,0.8295740199866888,0.8117825999350543,0.8117117653534123,0.8243887182246292,0.0488189366302966,-0.012695301933730363,-0.013046451375124946,-0.01952242144883698,-0.025118117078042235,-0.005649461052144998,0.8117825999350543
2935,2022-04-04,0.8128342582456883,0.8270597571358306,0.8079389535768737,0.8374241044969809,0.0373136792063518,-0.016739761741000447,0.01527715720077627,-0.0037728117765385427,0.013035386272351679,-0.0115052574239448,0.8270597571358306
2936,2022-04-05,0.8183169012404362,0.7785471059608221,0.8016875542361657,0.7974351082990991,0.0697413380432808,0.005482642994747877,-0.04851265117500847,-0.006251399340708064,-0.039988996197881765,0.032427658836928996,0.7785471059608221
2937,2022-04-06,0.7615588729822498,0.7756854499633775,0.7665254009057634,0.7748961555149666,0.0734925141546029,-0.05675802825818643,-0.00286165599744459,-0.03516215333040229,-0.022538952784132538,0.0037511761113220993,0.7756854499633775
2938,2022-04-07,0.7714454729264253,0.7955817563584047,0.7817484637414582,0.7968774620127695,0.0542661890691801,0.009886599944175511,0.019896306395027152,0.015223062835694856,0.021981306497802944,-0.019226325085422796,0.7955817563584047
2939,2022-04-08,0.7854213376337505,0.7688353797490101,0.7681264929675466,0.7916026812182734,0.0640052161568808,0.013975864707325258,-0.026746376609394606,-0.013621970773911585,-0.00527478079449617,0.009739027087700705,0.7688353797490101
2940,2022-04-11,0.7570201388394867,0.7468888439530965,0.743976103096691,0.7695519943190063,0.0612403228735081,-0.028401198794263838,-0.021946535795913547,-0.024150389870855604,-0.022050686899267036,-0.0027648932833727047,0.7468888439530965
2941,2022-04-12,0.7639631516866546,0.744139806392409,0.7570713625238134,0.7626044066848305,0.0480472425347881,0.0069430128471679176,-0.0027490375606875617,0.013095259427122308,-0.0069475876341758,-0.01319308033872,0.744139806392409
2942,2022-04-13,0.7450887293018922,0.7582676816863556,0.7450069527661121,0.7657644101126403,0.0469536653406183,-0.018874422384762446,0.014127875293946657,-0.012064409757701289,0.0031600034278097544,-0.0010935771941697967,0.7582676816863556
2943,2022-04-14,0.7549754155603646,0.7243787855844671,0.7400716505327419,0.74568869169614,0.0613352371205493,0.009886686258472444,-0.0338888961018885,-0.004935302233370131,-0.020075718416500243,0.014381571779930998,0.7243787855844671
2944,2022-04-18,0.7190241284088669,0.7387770168581193,0.7238833868807297,0.742156699933388,0.040631551146399,-0.03595128715149776,0.01439823127365214,-0.016188263652012203,-0.003531991762752096,-0.0207036859741503,0.7387770168581193
2945,2022-04-19,0.740257816445064,0.761196980477343,0.7434934356628392,0.7541464451811098,0.0544601442696555,0.021233688036197185,0.022419963619223715,0.01961004878210948,0.011989745247721895,0.013828593123256502,0.761196980477343
2946,2022-04-20,0.7753999832023125,0.7787047000407937,0.7718555253355102,0.8016406571823634,0.0534491012033475,0.03514216675724846,0.017507719563450763,0.028362089672670954,0.04749421200125359,-0.0010110430663080039,0.7787047000407937
2947,2022-04-21,0.7839609835464895,0.7570734958678,0.7786336167387926,0.7771036130076308,0.055322625905812,0.00856100034417695,-0.02163120417299369,0.006778091403282449,-0.02453704417473268,0.0018735247024645046,0.7570734958678
2948,2022-04-22,0.7520317314368348,0.7306877134504933,0.738141161603171,0.7518227659549956,0.0586074841947145,-0.03192925210965469,-0.026385782417306713,-0.04049245513562161,-0.025280847052635114,0.0032848582889025008,0.7306877134504933
2949,2022-04-25,0.7240348190925004,0.7463028694245176,0.7275464933759312,0.7420637019908842,0.0519923738465855,-0.027996912344334324,0.015615155974024297,-0.010594668227239756,-0.009759063964111414,-0.006615110348129005,0.7463028694245176
2950,2022-04-26,0.7310227470607079,0.709236698776311,0.7159866168972383,0.7305386293544279,0.0528672356019213,0.0069879279682074635,-0.03706617064820661,-0.011559876478692943,-0.011525072636456302,0.0008748617553358054,0.709236698776311
2951,2022-04-27,0.7026214109622775,0.7092818178825022,0.7107003063251583,0.7249853516896682,0.0430250408543932,-0.02840133609843043,4.511910619120485e-05,-0.005286310572079955,-0.00555327766475977,-0.0098421947475281,0.7092818178825022
2952,2022-04-28,0.717586091302754,0.749795547325244,0.7395670832297635,0.7359992286524595,0.0754320661593569,0.014964680340476488,0.040513729442741786,0.02886677690460515,0.011013876962791325,0.03240702530496369,0.749795547325244
2953,2022-04-29,0.7453806408716183,0.7193762315848233,0.7507756480848117,0.7398793821151456,0.1000685033261253,0.02779454956886429,-0.03041931574042067,0.011208564855048175,0.003880153462686109,0.024636437166768402,0.7193762315848233
2954,2022-05-02,0.7227765449257585,0.7360055273415687,0.7182240484273167,0.7253571219028233,0.0645581948135554,-0.02260409594585977,0.01662929575674532,-0.03255159965749499,-0.01452226021232228,-0.035510308512569894,0.7360055273415687
2955,2022-05-03,0.7332473296553896,0.7525895605291459,0.7349168226743554,0.7517067545876461,0.0547242534788134,0.010470784729631144,0.016584033187577285,0.016692774247038744,0.02634963268482282,-0.009833941334742004,0.7525895605291459
2956,2022-05-04,0.7521667028111768,0.7872447641214015,0.7687628340324006,0.7584916367704533,0.0602086462752348,0.018919373155787178,0.0346552035922556,0.033846011358045214,0.00678488218280715,0.005484392796421399,0.7872447641214015
2957,2022-05-05,0.7704343770733725,0.7512375654361536,0.7589577543606523,0.7652068205929784,0.0768846668097258,0.018267674262195666,-0.03600719868524793,-0.009805079671748373,0.006715183822525117,0.016676020534491007,0.7512375654361536
2958,2022-05-06,0.745538138382235,0.7466184162419027,0.7420018348717615,0.7458744911526091,0.0399382644723593,-0.02489623869113744,-0.004619149194250882,-0.016955919488890747,-0.019332329440369334,-0.036946402337366506,0.7466184162419027
