,date,open,close,high,low,volume,dopen,dclose,dhigh,dlow,dvolume,price
0,2010-08-06,0.1264265555526981,0.1257924670040622,0.1284041475352902,0.1262547123262067,0.1270486283347185,0.1264265555526981,0.1257924670040622,0.1284041475352902,0.1262547123262067,0.1270486283347185,0.1257924670040622
1,2010-08-09,0.1249117649704402,0.1270293928324545,0.1262347723230376,0.1259200727366961,0.0747180620936825,-0.0015147905822579105,0.0012369258283923268,-0.0021693752122526055,-0.0003346395895106047,-0.052330566241036006,0.1270293928324545
2,2010-08-10,0.1252802516990828,0.1253389814188907,0.1252524163160107,0.1256272515032721,0.0839884235457982,0.0003684867286426058,-0.0016904114135638248,-0.0009823560070268966,-0.00029282123342397326,0.00927036145211571,0.1253389814188907
3,2010-08-11,0.1215954795337801,0.1207211737649338,0.1217321873570818,0.1214437995281739,0.1047235480978019,-0.003684772165302705,-0.00461780765395689,-0.003520228958928895,-0.004183451975098215,0.0207351245520037,0.1207211737649338
4,2010-08-12,0.1181154782894427,0.1192781309974861,0.1191125383920173,0.1198959475270824,0.0849082326197148,-0.003480001244337394,-0.0014430427674476942,-0.0026196489650645027,-0.0015478520010915042,-0.01981531547808711,0.1192781309974861
5,2010-08-13,0.1181565073335453,0.1186185402729465,0.1191126259622094,0.1201470370042575,0.0581056532122689,4.102904410259456e-05,-0.0006595907245396104,8.757019209770789e-08,0.000251089477175101,-0.026802579407445896,0.1186185402729465
6,2010-08-16,0.1175833306450876,0.1189896168414955,0.1193582233125437,0.1192266999602121,0.0593868158509383,-0.0005731766884577022,0.0003710765685490114,0.0002455973503343034,-0.0009203370440453995,0.0012811626386694044,0.1189896168414955
7,2010-08-17,0.118748959060876,0.121463905086713,0.1212080455432273,0.1204490116664818,0.089852206392016,0.0011656284157884056,0.0024742882452174902,0.0018498222306835982,0.0012223117062696992,0.030465390541077705,0.121463905086713
8,2010-08-18,0.1203648612061025,0.1219646012210694,0.1219536781315025,0.1224388423285545,0.063815039535365,0.0016159021452264999,0.0005006961343564098,0.0007456325882752024,0.0019898306620727,-0.026037166856651,0.1219646012210694
9,2010-08-19,0.1204063108286314,0.1200035049791376,0.120918081123397,0.1214651064914563,0.0863470768139127,4.1449622528902386e-05,-0.0019610962419318034,-0.0010355970081055016,-0.0009737358370981997,0.02253203727854769,0.1200035049791376
10,2010-08-20,0.1191632512115446,0.1193775669629898,0.1201723866686782,0.1208299990899763,0.1022006432093452,-0.001243059617086803,-0.0006259380161477979,-0.0007456944547187955,-0.0006351074014799979,0.015853566395432506,0.1193775669629898
11,2010-08-23,0.1192461732010002,0.1188769062276956,0.1198824696706081,0.1206183622483952,0.0567620749578694,8.292198945560048e-05,-0.0005006607352942005,-0.00028991699807009996,-0.00021163684158109763,-0.045438568251475804,0.1188769062276956
12,2010-08-24,0.1170501534668609,0.1192524076790099,0.1190539450978733,0.1183321322388706,0.0869350976147379,-0.0021960197341392984,0.0003755014513142918,-0.0008285245727348012,-0.0022862300095246035,0.030173022656868505,0.1192524076790099
13,2010-08-25,0.1176302017469005,0.1193775669629898,0.119012498681171,0.1187978136360163,0.0590188922213717,0.0005800482800396023,0.00012515928397990872,-4.1446416702298206e-05,0.0004656813971457008,-0.0279162053933662,0.1193775669629898
14,2010-08-26,0.1189975523734467,0.1176668482874547,0.1190125383427732,0.1187978532260735,0.0511512396069787,0.0013673506265461932,-0.0017107186755351,3.9661602196927603e-08,3.959005720477471e-08,-0.007867652614393005,0.1176668482874547
15,2010-08-27,0.1175888421439867,0.119836622000602,0.1195096720366514,0.1177818000904823,0.072254287788549,-0.0014087102294600001,0.002169773713147291,0.0004971336938782017,-0.0010160531355912078,0.021103048181570307,0.119836622000602
16,2010-08-30,0.1184588953954292,0.1179171786551018,0.1187639711015183,0.1196022373545627,0.0524521124400892,0.0008700532514425013,-0.0019194433455001908,-0.0007457009351330979,0.0018204372640804045,-0.0198021753484598,0.1179171786551018
17,2010-08-31,0.1168429820435775,0.1157057048467735,0.1172726851415438,0.1162576022405897,0.1293153006954413,-0.0016159133518516972,-0.0022114738083282987,-0.0014912859599744976,-0.0033446351139729963,0.0768631882553521,0.1157057048467735
18,2010-09-01,0.1160557776177283,0.1183344745990961,0.1190954029359391,0.1183321644443773,0.0962317393261084,-0.0007872044258492028,0.002628769752322596,0.0018227177943952871,0.0020745622037876,-0.03308356136933291,0.1183344745990961
19,2010-09-02,0.1172159243195908,0.1191272601947174,0.1185154630644179,0.1196869504073487,0.0621626682347221,0.0011601467018624995,0.0007927855956212926,-0.0005799398715211901,0.0013547859629713943,-0.0340690710913863,0.1191272601947174
20,2010-09-03,0.1193704482402341,0.1224653091551131,0.1216637025196409,0.1210840515133802,0.096704783992694,0.002154523920643303,0.0033380489603957036,0.0031482394552229953,0.0013971011060315008,0.0345421157579719,0.1224653091551131
21,2010-09-07,0.1212764469753923,0.119836622000602,0.1212495011773642,0.1212534406796089,0.069271478363134,0.0019059987351582042,-0.002628687154511103,-0.00041420134227669603,0.00016938916622870337,-0.027433305629559993,0.119836622000602
22,2010-09-08,0.1191218592810515,0.1195445089399623,0.1193025114607042,0.1201103116396991,0.0721393116543094,-0.0021545876943408065,-0.0002921130606396982,-0.0019469897166600053,-0.0011431290399098043,0.0028678332911753895,0.1195445089399623
23,2010-09-09,0.1199919918967586,0.1211718510245102,0.1216637430175471,0.1215074643781382,0.1347947347500583,0.000870132615707106,0.0016273420845479003,0.0023612315568428965,0.0013971527384391003,0.0626554230957489,0.1211718510245102
24,2010-09-10,0.1170501699848676,0.1169992337755006,0.1200895739623865,0.1173583899021798,0.2148444044400498,-0.0029418219118910044,-0.004172617249009594,-0.0015741690551605986,-0.0041490744759584,0.0800496696899915,0.1169992337755006
25,2010-09-13,0.1174645016866101,0.1205041893138066,0.1202552687606838,0.1200256237132765,0.0912779104565866,0.00041433170174250133,0.003504955538306001,0.00016569479829731115,0.0026672338110967087,-0.12356649398346319,0.1205041893138066
26,2010-09-14,0.1191218398592826,0.12242357366087,0.122119357742946,0.1212110489622999,0.0646264425398556,0.0016573381726724956,0.001919384347063402,0.0018640889822621881,0.001185425249023389,-0.02665146791673101,0.12242357366087
27,2010-09-15,0.120944927807774,0.1218394183377147,0.1212908766090969,0.1224811698399013,0.0602803446656001,0.0018230879484913975,-0.0005841553231553109,-0.0008284811338490905,0.0012701208776014078,-0.0043460978742554945,0.1218394183377147
28,2010-09-16,0.1204891999998837,0.1225488037429741,0.1219951388819467,0.1229045884011891,0.0448571175154642,-0.0004557278078902993,0.0007093854052594023,0.0007042622728497955,0.00042341856128780275,-0.015423227150135901,0.1225488037429741
29,2010-09-17,0.1222294293054773,0.1240092156502368,0.1234864290228853,0.1242170498713138,0.1068489640650305,0.001740229305593602,0.0014604119072627042,0.0014912901409386004,0.00131246147012469,0.0619918465495663,0.1240092156502368
30,2010-09-20,0.1237624109246808,0.1263875252383513,0.1256818603025966,0.1253177456172416,0.0792514068151282,0.0015329816192034967,0.0023783095881145105,0.0021954312797112935,0.0011006957459278044,-0.027597557249902302,0.1263875252383513
31,2010-09-21,0.1251297361899158,0.1259285527985507,0.1257647253049201,0.1270535793734185,0.0716005663395869,0.0013673252652350032,-0.00045897243980061453,8.286500232351779e-05,0.001735833756176891,-0.007650840475541293,0.1259285527985507
32,2010-09-22,0.125419776207539,0.122924293394601,0.1254747606850909,0.1244286822667522,0.0957915449835912,0.00029004001762319986,-0.0030042594039497023,-0.0002899646198292194,-0.002624897106666288,0.024190978644004296,0.122924293394601
33,2010-09-23,0.1206963303739264,0.122924293394601,0.1245219915873157,0.1228622147441042,0.0635522369428174,-0.004723445833612602,0.0,-0.0009527690977751968,-0.0015664675226479963,-0.032239308040773795,0.122924293394601
34,2010-09-24,0.1240524607042287,0.1277227660619468,0.1269660324713352,0.1259951536928217,0.0632828642854561,0.003356130330302312,0.004798472667345802,0.002444040884019505,0.0031329389487174814,-0.0002693726573613081,0.1277227660619468
35,2010-09-27,0.1311376540676082,0.1285155870566303,0.1312742190206633,0.1303559124144183,0.1362040136525946,0.007085193363379483,0.0007928209946835019,0.004308186549328102,0.004360758721596608,0.0729211493671385,0.1285155870566303
36,2010-09-28,0.1286515854787603,0.1307270136662091,0.1300314339203116,0.1294244458349039,0.1049436452690605,-0.002486068588847895,0.0022114266095787927,-0.0012427851003516954,-0.0009314665795144006,-0.031260368383534104,0.1307270136662091
37,2010-09-29,0.1296874508945417,0.1316867294391155,0.1317298605707589,0.1321340399932912,0.0956732838169448,0.0010358654157814062,0.0009597157729064054,0.0016984266504472822,0.002709594158387313,-0.009270361452115697,0.1316867294391155
38,2010-09-30,0.1322977723542957,0.1312277451996275,0.1325169224739546,0.1317530081521001,0.0898357812299818,0.0026103214597540114,-0.00045898423948800837,0.0007870619031957182,-0.00038103184119112066,-0.005837502586963,0.1312277451996275
39,2010-10-01,0.1317177038014858,0.1310608386217172,0.1319784082367459,0.1320917050741851,0.0717483927978949,-0.0005800685528098981,-0.0001669065779102974,-0.0005385142372087148,0.0003386969220850189,-0.018087388432086904,0.1310608386217172
40,2010-10-04,0.1303089558839906,0.1303932241097631,0.1305699733177245,0.1305675656345881,0.057405941309611,-0.0014087479174952067,-0.000667614511954101,-0.0014084349190214007,-0.0015241394395970054,-0.014342451488283899,0.1303932241097631
41,2010-10-05,0.1295216773671303,0.1311025269172108,0.1306113622364288,0.1315836178809378,0.1406716577259034,-0.0007872785168603069,0.0007093028074477148,4.1388918704310385e-05,0.001016052246349708,0.0832657164162924,0.1311025269172108
42,2010-10-06,0.1296460081419445,0.1289745358970561,0.1299071728517676,0.130355874050716,0.0801252254353489,0.00012433077481419086,-0.002127991020154707,-0.0007041893846612135,-0.0012277438302218113,-0.060546432290554494,0.1289745358970561
43,2010-10-07,0.1274500654449302,0.1287242291287837,0.1284987857834184,0.1291704790308423,0.153690241154229,-0.002195942697014286,-0.00025030676827239584,-0.0014083870683491984,-0.0011853950198736918,0.07356501571888009,0.1287242291287837
44,2010-10-08,0.128402994027441,0.1292248898640779,0.1287058603478601,0.1287470616967361,0.0946713489328572,0.0009529285825107814,0.0005006607352942005,0.00020707456444171712,-0.0004234173341061964,-0.0590188922213718,0.1292248898640779
45,2010-10-11,0.1282787577523369,0.1296839449016902,0.129575846865406,0.1304406120785069,0.0713049134229709,-0.0001242362751040782,0.00045905503761228816,0.0008699865175458843,0.0016935503817707975,-0.02336643550988629,0.1296839449016902
46,2010-10-12,0.1281129552506747,0.1299759517651435,0.1301557144513626,0.1292551059456283,0.1066452920558061,-0.00016580250166220445,0.00029200686345332016,0.0005798675859566005,-0.0011855061328785998,0.03534037863283519,0.1299759517651435
47,2010-10-13,0.128858743728303,0.1271385753397295,0.1290786578851996,0.128874052461682,0.1572282210564007,0.0007457884776282953,-0.002837376425414012,-0.0010770565661629983,-0.00038105348394631977,0.05058292900059459,0.1271385753397295
48,2010-10-14,0.1254611979928614,0.1270968634448611,0.1275045463091878,0.1281543369032489,0.1296766542601942,-0.0033975457354415983,-4.1711894868401433e-05,-0.001574111576011783,-0.0007197155584330872,-0.02755156679620649,0.1270968634448611
49,2010-10-15,0.1271185776331573,0.1293500963468073,0.1286230354736106,0.1287047496470087,0.1748721301135635,0.0016573796402958862,0.002253232901946206,0.0011184891644227812,0.0005504127437598039,0.045195475853369305,0.1293500963468073
50,2010-10-18,0.1291073632575805,0.1288493530137015,0.1294514984957768,0.1293821125245947,0.0740413454178725,0.0019887856244232005,-0.0005007433331057909,0.0008284630221662148,0.0006773628775859908,-0.10083078469569101,0.1288493530137015
51,2010-10-19,0.1269528411721295,0.1275141593888555,0.1282916420116692,0.1285354076279833,0.0923422609564043,-0.0021545220854509994,-0.0013351936248460206,-0.001159856484107602,-0.0008467048966113999,0.018300915538531803,0.1275141593888555
52,2010-10-20,0.1271185636337032,0.1282652094902336,0.1279188047554005,0.1287047354728709,0.0541636143240553,0.00016572246157370296,0.0007510501013781035,-0.00037283725626871544,0.00016932784488760122,-0.038178646632348996,0.1282652094902336
53,2010-10-21,0.1280301243833065,0.1280148791225865,0.1280431034598952,0.1287047579951631,0.0658583296924224,0.0009115607496033018,-0.00025033036764710026,0.00012429870449470748,2.2522292197901805e-08,0.011694715368367102,0.1280148791225865
54,2010-10-22,0.1277401219073599,0.1308105436531322,0.1301972116906613,0.1300172383020627,0.0577048792586338,-0.0002900024759465991,0.002795664530545694,0.0021541082307661163,0.0013124803068995938,-0.008153450433788602,0.1308105436531322
55,2010-10-25,0.1305161439781953,0.1315198464605799,0.1315227575227592,0.1329808013321201,0.083423397971821,0.00277602207083541,0.0007093028074477148,0.0013255458320978741,0.0029635630300574034,0.025718518713187193,0.1315198464605799
56,2010-10-26,0.1305161051036087,0.1311442742111413,0.1304871063928512,0.1312449421665927,0.0930551129886896,-3.887458660534193e-08,-0.00037557224943859935,-0.0010356511299079996,-0.0017358591655274036,0.009631715016868603,0.1311442742111413
57,2010-10-27,0.1296045893696599,0.1341902809090215,0.13326256195535,0.1319223576449006,0.0850429189483954,-0.0009115157339487923,0.003046006697880188,0.0027754555624988075,0.0006774154783079078,-0.008012194040294199,0.1341902809090215
58,2010-10-28,0.133540794121958,0.1338564913525755,0.1335939742434416,0.1341238968816233,0.071810808413625,0.003936204752298084,-0.0003337895564460014,0.0003314122880916093,0.0022015392367226994,-0.0132321105347704,0.1338564913525755
59,2010-10-29,0.1332507094599008,0.1342736928990708,0.1339667449317659,0.1351399352528891,0.0594459464342615,-0.00029008466205718286,0.0004172015464952994,0.0003727706883243087,0.0010160383712657928,-0.012364861979363498,0.1342736928990708
60,2010-11-01,0.1338722412807081,0.1337312730701587,0.1339253477410759,0.134843597506795,0.0506223493894767,0.0006215318208072917,-0.0005424198289120941,-4.1397190690017904e-05,-0.00029633774609408303,-0.008823597044784803,0.1337312730701587
61,2010-11-02,0.1340379722666924,0.1354837744386865,0.134712415451308,0.1363677352541795,0.0550210077822417,0.00016573098598429703,0.001752501368527809,0.0007870677102320978,0.0015241377473844964,0.004398658392765001,0.1354837744386865
62,2010-11-03,0.1349909443897455,0.1371527812193532,0.1363693684619659,0.1374261453942554,0.0785024194263676,0.0009529721230530919,0.0016690067806666986,0.0016569530106579078,0.001058410140075905,0.0234814116441259,0.1371527812193532
63,2010-11-04,0.1378912993360431,0.1416591880248087,0.141878841514634,0.1407707883262924,0.1769745508539441,0.0029003549462976175,0.004506406805455498,0.005509473052668107,0.003344642932036984,0.09847213142757649,0.1416591880248087
64,2010-11-05,0.1383056504253626,0.1417009117193645,0.1408432343737521,0.1407707931647792,0.1225842692938165,0.0004143510893195035,4.1723694555795277e-05,-0.0010356071408819112,4.8384868056583485e-09,-0.054390281560127596,0.1417009117193645
65,2010-11-08,0.1387614277362635,0.1409498498182989,0.1410503579155288,0.1417445484015953,0.0775826103524511,0.0004557773109008789,-0.0007510619010656083,0.00020712354177671033,0.0009737552368161151,-0.04500165894136539,0.1409498498182989
66,2010-11-09,0.139672958306961,0.1411584918904524,0.1405532687425188,0.1422949351771304,0.0694423000482899,0.0009115305706975108,0.00020864207215351427,-0.0004970891730100013,0.0005503867755350944,-0.008140310304161208,0.1411584918904524
67,2010-11-10,0.1400873323205887,0.1413671457622933,0.1404704456084924,0.1408555015454776,0.0882852459339511,0.0004143740136277052,0.0002086538718409081,-8.282313402641073e-05,-0.0014394336316528034,0.018842945885661197,0.1413671457622933
68,2010-11-11,0.1386371331780388,0.1400736286332535,0.1395590914046874,0.1397547177746881,0.1099566047219055,-0.0014501991425499017,-0.0012935171290398007,-0.0009113542038050038,-0.0011007837707895096,0.021671358787954398,0.1400736286332535
69,2010-11-12,0.138347058065665,0.1399901340453925,0.1400975731236106,0.1404320693878596,0.0772705322738008,-0.00029007511237380545,-8.349458786099939e-05,0.0005384817189232061,0.0006773516131715063,-0.03268607244810469,0.1399901340453925
70,2010-11-15,0.1396315599325567,0.1402405470108512,0.1424174025184973,0.1420409357194199,0.0808216523056,0.0012845018668916908,0.00025041296545869063,0.002319829394886702,0.0016088663315602936,0.003551120031799193,0.1402405470108512
71,2010-11-16,0.1381451215111693,0.1384867948754618,0.139118903338292,0.1395317002025964,0.081941848356334,-0.001486438421387376,-0.0017537521353893915,-0.0032984991802053054,-0.002509235516823499,0.0011201960507340042,0.1384867948754618
72,2010-11-17,0.1381869597504669,0.1392034606878311,0.1393281473978257,0.1401305289802579,0.0682629734142327,4.1838239297598e-05,0.0007166658123692882,0.00020924405953370862,0.0005988287776615142,-0.013678874942101307,0.1392034606878311
73,2010-11-18,0.1396521691389557,0.1415221346559555,0.1415882300194936,0.1423548500913018,0.0589860418973033,0.0014652093884887918,0.0023186739681244073,0.002260082621667908,0.0022243211110438976,-0.009276931516929397,0.1415221346559555
74,2010-11-19,0.1405731124447081,0.1429554544810068,0.1427182133882605,0.1435525283356261,0.0726911970986593,0.000920943305752403,0.0014333198250512935,0.0011299833687668792,0.0011976782443242906,0.013705155201356005,0.1429554544810068
75,2010-11-22,0.1424987779900545,0.1435035145604838,0.1427600856068125,0.1432958836029493,0.0717122574414196,0.0019256655453464,0.0005480600794769974,4.187221855200818e-05,-0.00025664473267680843,-0.0009789396572397052,0.1435035145604838
76,2010-11-23,0.1409498538156312,0.1423230856352399,0.141713751243282,0.1431675509912008,0.0663050940997533,-0.0015489241744233162,-0.0011804289252438926,-0.0010463343635304934,-0.00012833261174849397,-0.005407163341666299,0.1423230856352399
77,2010-11-24,0.1424150718225811,0.1454849180643868,0.1451038556176103,0.1453490968661993,0.057067582971706,0.0014652180069499032,0.003161832429146888,0.0033901043743282955,0.0021815458749984973,-0.009237511128047299,0.1454849180643868
78,2010-11-26,0.1433778827012161,0.1445574508370745,0.1446016087360766,0.1461190290925146,0.0183239107653797,0.0009628108786350065,-0.0009274672273122953,-0.0005022468815336911,0.0007699322263153008,-0.038743672206326296,0.1445574508370745
79,2010-11-29,0.1424569265250434,0.1436721674921256,0.1431786274866208,0.1439375333256214,0.0683648094188449,-0.0009209561761726881,-0.0008852833449488895,-0.001422981249455807,-0.0021814957668931934,0.0500408986534652,0.1436721674921256
80,2010-11-30,0.1406987193494062,0.1416907639882225,0.1422160094900695,0.1433386668841263,0.0892510454615634,-0.0017582071756372109,-0.0019814035039031064,-0.0009626179965513126,-0.0005988664414950939,0.020886236042718498,0.1416907639882225
81,2010-12-01,0.1425824913241608,0.1454427341820235,0.145061976236875,0.145691270179934,0.0732726478346708,0.001883771974754589,0.0037519701938009964,0.0028459667468055116,0.0023526032958076926,-0.0159783976268926,0.1454427341820235
82,2010-12-02,0.1441732659289023,0.1494055411898295,0.1484939337337494,0.1469317543338205,0.1055743714911747,0.0015907746047415239,0.003962807007805991,0.0034319574968743882,0.0012404841538865008,0.0323017236565039,0.1494055411898295
83,2010-12-03,0.1474385492374599,0.1503330320165165,0.1494565719891201,0.1506532065220857,0.072635351547743,0.003265283308557576,0.0009274908266869997,0.0009626382553707125,0.003721452188265195,-0.032939019943431694,0.1503330320165165
84,2010-12-06,0.1489037079155721,0.1496163544044598,0.1488706237567004,0.1501826692092176,0.0652473136647493,0.0014651586781121995,-0.000716677612056682,-0.0005859482324196974,-0.00047053731286808564,-0.007388037882993706,0.1496163544044598
85,2010-12-07,0.1506618882777105,0.1502065157684886,0.1506284134776704,0.1519791680173698,0.0742253072326558,0.0017581803621384007,0.000590161364028785,0.0017577897209699878,0.0017964988081521915,0.008977993567906503,0.1502065157684886
86,2010-12-08,0.1491549172566144,0.1530732852151522,0.1523862959682004,0.1521931258786779,0.1137672423138454,-0.001506971021096093,0.002866769446663614,0.0017578824905300217,0.00021395786130809502,0.0395419350811896,0.1530732852151522
87,2010-12-09,0.1522761479997678,0.1506258766577734,0.1527071146490066,0.1521414682939982,0.0979071058535992,0.0031212307431534025,-0.002447408557378794,0.0003208186808061897,-5.165758467970405e-05,-0.0158601364602462,0.1506258766577734
88,2010-12-10,0.1495712646733945,0.1496469509938215,0.1502986112241184,0.1514504972406136,0.0873063062767114,-0.0027048833263733085,-0.0009789256639519128,-0.0024085034248882142,-0.000690971053384587,-0.010600799576887796,0.1496469509938215
89,2010-12-13,0.1489373468383089,0.1476465735926206,0.1493690392618956,0.1496367549855029,0.0991718433302344,-0.0006339178350855956,-0.0020003774012009035,-0.0009295719622227916,-0.0018137422551106896,0.011865537053523001,0.1476465735926206
90,2010-12-14,0.146739674565638,0.1472210060677768,0.1472986293936087,0.1490753863039197,0.0677964988124607,-0.0021976722726708975,-0.0004255675248437951,-0.00207040986828691,-0.0005613686815832131,-0.0313753445177737,0.1472210060677768
91,2010-12-15,0.146190157967177,0.1462845592783726,0.1467492345511697,0.1478661208189907,0.0723068483070585,-0.0005495165984610029,-0.0009364467894041884,-0.0005493948424389883,-0.0012092654849290008,0.00451034949459779,0.1462845592783726
92,2010-12-16,0.1456830705277869,0.1466251336550589,0.1464957757744431,0.1481252951839973,0.0514501775560015,-0.000507087439390097,0.00034057437668627566,-0.00025345877672661166,0.0002591743650066092,-0.020856670751056995,0.1466251336550589
93,2010-12-17,0.1450913640018495,0.1451354467234203,0.1454394003954898,0.1470024696018319,0.1368774452959978,-0.0005917065259374021,-0.0014896869316385897,-0.0010563753789532837,-0.001122825582165421,0.08542726773999629,0.1451354467234203
94,2010-12-20,0.1444151281800829,0.1440288484420778,0.1446788364622553,0.1458796440271412,0.0657137882665212,-0.0006762358217665965,-0.0011065982813424913,-0.0007605639332345093,-0.001122825574690678,-0.07116365702947659,0.1440288484420778
95,2010-12-21,0.1436121384388642,0.1467102565997775,0.1460309891811089,0.1464842498363929,0.0644687609843271,-0.0008029897412187015,0.002681408157699683,0.0013521527188536109,0.0006046058092517015,-0.0012450272821940972,0.1467102565997775
96,2010-12-22,0.1458521067325465,0.1461569456594189,0.145904211196308,0.1470888526690961,0.0309515753372907,0.0022399682936823095,-0.0005533109403585978,-0.00012677798480090208,0.0006046028327031938,-0.0335171856470364,0.1461569456594189
97,2010-12-23,0.1447532647102383,0.145731342735513,0.1456929505238955,0.1474775281454059,0.0273150444629136,-0.0010988420223081996,-0.0004256029239058934,-0.00021126067241250546,0.00038867547630980215,-0.003636530874377101,0.145731342735513
98,2010-12-27,0.1428513892310987,0.1473061172128081,0.1467493042707718,0.1459228529987662,0.0434544086777416,-0.0019018754791396142,0.0015747744772950933,0.001056353746876293,-0.0015546751466397057,0.016139364214828,0.1473061172128081
99,2010-12-28,0.146274717866015,0.146454840566872,0.1464534862251812,0.1480820744384957,0.0257875043937308,0.0034233286349163172,-0.0008512766459360943,-0.0002958180455905901,0.0021592214397294918,-0.017666904284010798,0.146454840566872
100,2010-12-29,0.1458520710493464,0.146454840566872,0.1463689756429976,0.1484707419491157,0.0242336840652933,-0.00042264681666862036,0.0,-8.451058218358898e-05,0.00038866751061999993,-0.0015538203284375003,0.146454840566872
101,2010-12-30,0.1452181552478581,0.1464974256386061,0.1457774480429471,0.1479093604622452,0.0188298057560337,-0.0006339158014882773,4.258507173410253e-05,-0.0005915276000505176,-0.0005613814868704881,-0.005403878309259601,0.1464974256386061
102,2010-12-31,0.1453449425181294,0.1456036347190603,0.145904207148127,0.1472615769283505,0.0318023987306634,0.00012678727027129466,-0.000893790919545806,0.00012675910517989664,-0.0006477835338946913,0.012972592974629701,0.1456036347190603
103,2011-01-03,0.1453026873959793,0.148072223715276,0.1477211462949297,0.1484275812530653,0.0558915413700556,-4.22551221501144e-05,0.002468588996215715,0.0018169391468026985,0.001166004324714781,0.0240891426393922,0.148072223715276
104,2011-01-04,0.1475426835934306,0.1477743170081354,0.147721170312096,0.1489890178912697,0.0601423733045126,0.0022399961974512994,-0.0002979067071406105,2.4017166311285365e-08,0.0005614366382044045,0.004250831934457001,0.1477743170081354
105,2011-01-05,0.145894381338248,0.1481999081323539,0.1477634140979779,0.1476934449369376,0.0505665038385603,-0.0016483022551825877,0.00042559112421849954,4.2243785881912466e-05,-0.0012955729543321082,-0.009575869465952298,0.1481999081323539
106,2011-01-06,0.1469932346474776,0.1490511493792279,0.1487352654548787,0.1501981825732007,0.0489798331860543,0.0010988533092295971,0.000851241246873996,0.0009718513569007825,0.0025047376362631046,-0.001586670652506006,0.1490511493792279
107,2011-01-07,0.1483456657137646,0.1488808916901032,0.1485662373496096,0.1493344844653782,0.0484837932926208,0.001352431066286991,-0.00017025768912468098,-0.00016902810526908674,-0.000863698107822497,-0.0004960398934334975,0.1488808916901032
108,2011-01-10,0.1484301440714774,0.1505833151854141,0.1500028337808458,0.1504140631552026,0.0436515106221522,8.447835771280277e-05,0.001702423495310884,0.0014365964312361978,0.0010795786898243898,-0.0048322826704685976,0.1505833151854141
109,2011-01-11,0.1497825616551291,0.1516047669226632,0.151228192881699,0.1517095957985756,0.0843333519485169,0.001352417583651705,0.0010214517372491017,0.001225359100853196,0.0012955326433730097,0.0406818413263647,0.1516047669226632
110,2011-01-12,0.1510505133819315,0.1521581014623966,0.1513549784257339,0.1530051764270019,0.0504055372506249,0.0012679517268024132,0.0005533345397334133,0.00012678554403489084,0.0012955806284263016,-0.033927814697892,0.1521581014623966
111,2011-01-13,0.1513040747236974,0.1532646879440517,0.1522423046322608,0.1531779104510292,0.0503529767321154,0.00025356134176587886,0.0011065864816550974,0.0008873262065269005,0.00017273402402728788,-5.256051850950627e-05,0.1532646879440517
112,2011-01-14,0.1522762160171769,0.1576060643218894,0.1566368377858613,0.1551645051083164,0.0941917342014578,0.0009721412934795004,0.004341376377837686,0.0043945331536004995,0.001986594657287205,0.0438387574693424,0.1576060643218894
113,2011-01-18,0.1567561213033396,0.1594787337066376,0.158580476958445,0.1599580103222133,0.0926839043267161,0.004479905286162711,0.001872669384748199,0.0019436391725836943,0.004793505213896904,-0.001507829874741698,0.1594787337066376
114,2011-01-19,0.1582353215863964,0.1570526943830939,0.1582001640836602,0.1585760616597583,0.0765806754683635,0.0014792002830567863,-0.002426039323543683,-0.0003803128747847939,-0.0013819486624550015,-0.016103228858352595,0.1570526943830939
115,2011-01-20,0.155065573708342,0.1549671940371743,0.1550733838294325,0.1558122419217566,0.0738343883762413,-0.0031697478780543797,-0.0020855003459196164,-0.00312678025422769,-0.0027638197380016882,-0.002746287092122199,0.1549671940371743
116,2011-01-21,0.1546851923462177,0.1552225628713302,0.1557916923421732,0.1572805158307937,0.0534573323565836,-0.0003803813621243157,0.0002553688341559168,0.0007183085127406841,0.0014682739090370878,-0.020377056019657704,0.1552225628713302
117,2011-01-24,0.1544316882910504,0.158244510006654,0.1576509623005958,0.157410151883472,0.0695868414741911,-0.0002535040551673029,0.003021947135323777,0.0018592699584226158,0.0001296360526782947,0.0161295091176075,0.158244510006654
118,2011-01-25,0.1563757687433028,0.1588403234209351,0.157693161705122,0.1593534419952824,0.0745998009270361,0.0019440804522524169,0.00059581341428111,4.219940452618309e-05,0.0019432901118104084,0.005012959452844995,0.1588403234209351
119,2011-01-26,0.1577282129899495,0.1593085114165751,0.1590875688735364,0.1605626292547836,0.0946582088032298,0.0013524442466466835,0.0004681879956399959,0.0013944071684144077,0.0012091872595011988,0.0200584078761937,0.1593085114165751
120,2011-01-27,0.1584044014655217,0.1612663155457294,0.1606509437887834,0.161728600939555,0.0765412550794813,0.0006761884755722147,0.001957804129154306,0.0015633749152469956,0.0011659716847713941,-0.018116953723748497,0.1612663155457294
121,2011-01-28,0.161362852746215,0.1570101329107346,0.1616227793134334,0.1582737759727522,0.1153243476746898,0.0029584512806933028,-0.004256182634994804,0.0009718355246500221,-0.0034548249668027997,0.0387830925952085,0.1570101329107346
122,2011-01-31,0.1554459405153244,0.1552225628713302,0.1563410030824685,0.1572805158307937,0.0936201385626669,-0.005916912230890609,-0.0017875700394043847,-0.005281776230964902,-0.0009932601419584963,-0.021704209112022893,0.1552225628713302
123,2011-02-01,0.1554037590024714,0.1582870714790134,0.1576509691600462,0.158662534293219,0.0708680041128605,-4.2181512853012304e-05,0.003064508607683203,0.00130996607757769,0.0013820184624253051,-0.022752134449806408,0.1582870714790134
124,2011-02-02,0.1562912590749144,0.157989105773436,0.1581579818685005,0.159698935270231,0.049134229709176,0.0008875000724430093,-0.0002979657055774132,0.0005070127084542964,0.001036400977011992,-0.0217337744036845,0.157989105773436
125,2011-02-03,0.15646033243537,0.1577337605386548,0.1568058590148993,0.1579283567006701,0.0587330944019762,0.00016907336045560162,-0.0002553452347812124,-0.0013521228536012009,-0.0017705785695608933,0.009598864692800205,0.1577337605386548
126,2011-02-04,0.1569674475076094,0.1600746061193556,0.1589607775183478,0.1597852765870909,0.0537595553380134,0.0005071150722394113,0.002340845580700801,0.0021549185034485108,0.0018569198864208103,-0.004973539063962799,0.1600746061193556
127,2011-02-07,0.158615772777252,0.1595213423777465,0.1593833735092754,0.1606490274608279,0.0558849713052419,0.001648325269642592,-0.000553263741609078,0.0004225959909275878,0.0008637508737369959,0.0021254159672284972,0.1595213423777465
128,2011-02-08,0.1582776551980943,0.1593936461609811,0.1586650251932782,0.1601307931017429,0.0524422573428686,-0.0003381175791576929,-0.00012769621676542164,-0.0007183483159972082,-0.0005182343590849903,-0.003442713962373299,0.1593936461609811
129,2011-02-09,0.1581508425941333,0.1584998434417479,0.1589185464917235,0.1602171384380393,0.0346012463412951,-0.00012681260396099625,-0.0008938027192331999,0.0002535212984453028,8.634533629639507e-05,-0.017841011001573502,0.1584998434417479
130,2011-02-10,0.1561644470224279,0.1602022905364336,0.15917205037882,0.1588352011326037,0.1184878338824812,-0.001986395571705407,0.0017024470946856995,0.0002535038870965234,-0.001381937305435621,0.08388658754118611,0.1602022905364336
131,2011-02-11,0.158658033150037,0.1616494159957128,0.1611157882040033,0.1609944880989091,0.0455436892884948,0.002493586127609082,0.0014471254592792193,0.0019437378251832838,0.002159286966305407,-0.0729441445939864,0.1616494159957128
132,2011-02-14,0.1602640655761797,0.1623729964248835,0.162256679920025,0.1637583623427495,0.0445516095016277,0.0016060324261427117,0.0007235804291707004,0.0011408917160216914,0.0027638742438404196,-0.000992079786867106,0.1623729964248835
133,2011-02-15,0.1604330979401296,0.1612238012721195,0.1608200051467509,0.1624196041727418,0.0353995092161584,0.0001690323639499114,-0.0011491951527640154,-0.0014366747732740826,-0.0013387581700077256,-0.009152100285469297,0.1612238012721195
134,2011-02-16,0.1604330773462123,0.1626708795326493,0.1617918321511861,0.163326468812924,0.0644096304010039,-2.0593917321454214e-08,0.0014470782605298105,0.0009718270044351829,0.00090686464018222,0.029010121184845507,0.1626708795326493
135,2011-02-17,0.1614474225996947,0.1630539445835706,0.1623411357595214,0.1642765577735855,0.0548009106109831,0.0010143452534824016,0.00038306505092128296,0.0005493036083352998,0.0009500889606614826,-0.009608719790020807,0.1630539445835706
136,2011-02-18,0.1617854915764189,0.1625431597165092,0.1619608297920369,0.1642333304253342,0.0487695911120163,0.00033806897672419844,-0.0005107848670613813,-0.00038030596748447887,-4.3227348251295705e-05,-0.006031319498966799,0.1625431597165092
137,2011-02-22,0.1597991154122551,0.1581593162638112,0.1612002581693172,0.1601739345016418,0.0793959482410294,-0.001986376164163778,-0.004383843452698016,-0.0007605716227196968,-0.004059395923692394,0.0306263571290131,0.1581593162638112
138,2011-02-23,0.1571365707834433,0.1545416501117053,0.1572284152847037,0.1549917793057672,0.1072990135047682,-0.002662544628811797,-0.003617666152105903,-0.0039718428846135245,-0.005182155195874588,0.0279030652637388,0.1545416501117053
139,2011-02-24,0.1533750448040587,0.1562866232796881,0.155580441509793,0.1552940178017967,0.0655528216785858,-0.0037615259793846167,0.001744973167982805,-0.0016479737749106882,0.0003022384960294777,-0.0417461918261824,0.1562866232796881
140,2011-02-25,0.156037653653929,0.1588828966929818,0.1579044325845218,0.1592670720624036,0.050678194940393,0.002662608849870296,0.002596273413293715,0.002323991074728804,0.003973054260606901,-0.014874626738192794,0.1588828966929818
141,2011-02-28,0.1582353404340447,0.1570952676551406,0.1584537146733465,0.1581442186068306,0.040885513335589,0.0021976867801156985,-0.0017876290378412152,0.0005492820888247096,-0.001122853455573003,-0.009792681604804003,0.1570952676551406
142,2011-03-01,0.1567139010579591,0.1549246679638771,0.1571861290976238,0.1567623341504042,0.0526295041900588,-0.0015214393760855927,-0.002170599691263486,-0.0012675855757227072,-0.0013818844564263966,0.011743990854469803,0.1549246679638771
143,2011-03-02,0.1532060342494035,0.1564994778402343,0.1568903808952429,0.1565464421454094,0.04213382565019,-0.0035078668085556097,0.0015748098763571916,-0.00029574820238090216,-0.00021589200499480543,-0.010495678539868804,0.1564994778402343
144,2011-03-03,0.1566293764288686,0.1599469571013397,0.158918561009931,0.1599580523087171,0.0546235188610135,0.0034233421794651053,0.0034474792611053906,0.002028180114688083,0.00341161016330771,0.0124896932108235,0.1599469571013397
145,2011-03-04,0.1583621671819285,0.1583295857526232,0.1587917817103795,0.1593966183282749,0.034561825952413,0.001732790753059904,-0.0016173713487164787,-0.00012677929955148826,-0.0005614339804421997,-0.0200616929086005,0.1583295857526232
146,2011-03-07,0.1580663446443839,0.1558610203557822,0.1583692509954452,0.1564168665896652,0.0525802287039561,-0.0002958225375445933,-0.0024685653968410104,-0.0004225307149343105,-0.002979751738609704,0.0180184027515431,0.1558610203557822
147,2011-03-08,0.1541780352839084,0.1566696647312347,0.1570170747053098,0.1570645961567773,0.0331722572443177,-0.003888309360475517,0.0008086443754524997,-0.0013521762901353984,0.0006477295671120931,-0.0194079714596384,0.1566696647312347
148,2011-03-09,0.1548120089152922,0.1528816700918799,0.1548621226134756,0.1541712065315778,0.0566241035967819,0.0006339736313838162,-0.003787994639354808,-0.0021549520918341947,-0.0028933896251994995,0.023451846352464195,0.1528816700918799
149,2011-03-10,0.1493177014182225,0.1503279463512581,0.1507634200780658,0.1513641336639232,0.0622645042393343,-0.005494307497069695,-0.002553723740621794,-0.004098702535409782,-0.002807072867654581,0.005640400642552404,0.1503279463512581
150,2011-03-11,0.1485992572994162,0.1515622880481155,0.1509747365834043,0.1516232991420328,0.0497189654775944,-0.0007184441188063106,0.001234341696857405,0.00021131650533848245,0.00025916547810958535,-0.012545538761739902,0.1515622880481155
151,2011-03-14,0.1491909336388001,0.1509238423633508,0.1513127655767968,0.1524437988094255,0.0433328624786883,0.0005916763393838953,-0.0006384456847647046,0.00033802899339249737,0.000820499667392699,-0.006386102998906101,0.1509238423633508
152,2011-03-15,0.1461056719929939,0.1495193019758057,0.1496648209211945,0.1480820874660172,0.0940504778079635,-0.003085261645806192,-0.001404540387545089,-0.0016479446556022792,-0.004361711343408292,0.0507176153292752,0.1495193019758057
153,2011-03-16,0.1490219088248324,0.1501152097875858,0.1525381636715189,0.1513642029577471,0.1202354711229226,0.0029162368318385035,0.0005959078117800942,0.002873342750324387,0.003282115491729909,0.026184993314959104,0.1501152097875858
154,2011-03-17,0.1518113179363526,0.1508387548176943,0.1518620983680789,0.1522710921981476,0.0588809208602842,0.0027894091115202024,0.0007235450301084911,-0.0006760653034399988,0.0009068892404004991,-0.0613545502626384,0.1508387548176943
155,2011-03-18,0.1513041537676017,0.1519453648987242,0.1521156263023948,0.152616577965033,0.0810548896064859,-0.0005071641687509065,0.0011066100810299129,0.0002535279343159058,0.000345485766885395,0.022173968746201693,0.1519453648987242
156,2011-03-21,0.1526565414136887,0.154328760152097,0.1542705395930664,0.1552076334428931,0.0522911458521538,0.001352387646087,0.0023833952533728053,0.002154913290671606,0.0025910554778600936,-0.02876374375433209,0.154328760152097
157,2011-03-22,0.1527833681756563,0.1535626890486912,0.153805780352025,0.1553372253303119,0.031960080286192,0.00012682676196759668,-0.0007660711034058187,-0.0004647592410414181,0.00012959188741881733,-0.0203310655659618,0.1535626890486912
158,2011-03-23,0.152402992657887,0.1561589388626102,0.1554959426346178,0.1548189895037197,0.0543935665925344,-0.000380375517769288,0.0025962498139190104,0.0016901622825928053,-0.0005182358265922171,0.0224334863063424,0.1561589388626102
159,2011-03-24,0.1561221806283383,0.1606704785320735,0.1596368570761007,0.1594397979411099,0.0846749953188288,0.0037191879704512876,0.004511539669463299,0.004140914441482901,0.004620808437390211,0.0302814287262944,0.1606704785320735
160,2011-03-25,0.1596300845277226,0.1605428059146829,0.1606509754510787,0.1626355183718427,0.0490816691906665,0.003507903899384296,-0.0001276726173906062,0.0010141183749780014,0.0031957204307327958,-0.0355933261281623,0.1605428059146829
161,2011-03-28,0.1601795258906083,0.1610961050553542,0.1612425420349167,0.1629378221499671,0.047294611561343,0.0005494413628857053,0.000553299140671315,0.0005915665838379935,0.000302303778124402,-0.0017870576293234977,0.1610961050553542
162,2011-03-29,0.160221738037575,0.1611386311286514,0.1606509393189249,0.1619445191705034,0.1643107509255578,4.22121469667025e-05,4.252607329718883e-05,-0.0005916027159917903,-0.000993302979463706,0.1170161393642148,0.1611386311286514
163,2011-03-30,0.1613206140118432,0.1625857565879306,0.1617918345727001,0.1629378036885694,0.0482965464454306,0.001098875974268193,0.0014471254592791916,0.0011408952537751982,0.00099328451806599,-0.1160142044801272,0.1625857565879306
164,2011-03-31,0.1611515158111221,0.1617770178149792,0.1620452943592095,0.1637582603199947,0.0433854229971978,-0.00016909820072108506,-0.0008087387729514006,0.0002534597865093968,0.0008204566314252981,-0.0049111234482327945,0.1617770178149792
165,2011-04-01,0.1622082297748901,0.161394082560619,0.1621721895518541,0.1632401646482999,0.0411844512846119,0.0010567139637679968,-0.0003829352543602005,0.00012689519264461047,-0.0005180956716947793,-0.002200971712585903,0.161394082560619
166,2011-04-04,0.1610670642707455,0.1616494159957128,0.1613693039048259,0.1615990785175956,0.070033605881522,-0.0011411655041446145,0.00025533343509381856,-0.000802885647028212,-0.0016410861307042945,0.028849154596910093,0.1616494159957128
167,2011-04-05,0.1608979767762972,0.1621175685922906,0.1639467917249091,0.1641901721859139,0.1046677025468856,-0.00016908749444830007,0.00046815259657778663,0.002577487820083213,0.0025910936683182784,0.0346340966653636,0.1621175685922906
168,2011-04-06,0.1619968429677349,0.1635220971801484,0.163017207929601,0.1646652126147223,0.0576128983512422,0.001098866191437703,0.0014045285878578062,-0.0009295837953081088,0.00047504042880841535,-0.047054804195643396,0.1635220971801484
169,2011-04-07,0.16186996942722,0.1624154281006817,0.1628903621123889,0.1634127654529127,0.0483786722556018,-0.00012687354051488242,-0.0011066690794666878,-0.00012684581721211785,-0.0012524471618096111,-0.009234226095640397,0.1624154281006817
170,2011-04-08,0.1618700244331935,0.1615642458522447,0.1624256173173467,0.1629809755105246,0.0401693762708969,5.500597349827885e-08,-0.0008511822484370268,-0.0004647447950421879,-0.0004317899423881,-0.0082092959847049,0.1615642458522447
171,2011-04-11,0.1608134431425265,0.1597341025407936,0.161580555358081,0.1613399446786814,0.0752009618574887,-0.0010565812906670191,-0.0018301433114510934,-0.0008450619592657027,-0.0016410308318431932,0.0350315855865918,0.1597341025407936
172,2011-04-12,0.1574323418893326,0.1578613859572959,0.1578621629569906,0.1583601475995952,0.0702964084740696,-0.00338110125319388,-0.001872716583497691,-0.003718392401090398,-0.0029797970790861883,-0.004904553383419108,0.1578613859572959
173,2011-04-13,0.1578972318185735,0.1593510256901849,0.1587072390973034,0.159742075708344,0.1643994468005427,0.00046488992924090256,0.0014896397328889865,0.0008450761403127893,0.0013819281087487922,0.0941030383264731,0.1593510256901849
174,2011-04-14,0.1573055629457275,0.1597341025407936,0.1590452860383105,0.1596125297160915,0.0634011254521025,-0.0005916688728460073,0.00038307685060870456,0.0003380469410071141,-0.00012954599225251107,-0.1009983213484402,0.1597341025407936
175,2011-04-15,0.1589538538871871,0.1604150978982302,0.1595523420122834,0.160303501004163,0.0368153581835084,0.0016482909414596014,0.0006809953574365979,0.0005070559739729086,0.0006909712880714958,-0.026585767268594095,0.1604150978982302
176,2011-04-18,0.157686004612833,0.1582870714790134,0.1578199742921116,0.1594830476913865,0.0681020068262973,-0.0012678492743541103,-0.0021280264192167775,-0.0017323677201718235,-0.0008204533127764979,0.0312866486427889,0.1582870714790134
177,2011-04-19,0.1572210275110842,0.1590956804554037,0.1582424535153377,0.1600875634796377,0.0358265634290482,-0.00046497710174880913,0.0008086089763902904,0.00042247922322610765,0.0006045157882512142,-0.0322754433972491,0.1590956804554037
178,2011-04-20,0.1606866070584739,0.1653947665648967,0.1646228046588683,0.1636287044945325,0.0668963999329853,0.0034655795473897133,0.006299086109493007,0.00638035114353061,0.0035411410148948053,0.031069836503937097,0.1653947665648967
179,2011-04-21,0.1648284517884618,0.1664162419015205,0.1654256505675256,0.1673426376375403,0.0315987267214391,0.004141844729987909,0.0010214753366237783,0.0008028459086572848,0.003713933143007775,-0.0352976732115462,0.1664162419015205
180,2011-04-25,0.1653356279963307,0.1666716343350512,0.1659327141508023,0.1678176939373663,0.0309548603696975,0.0005071762078688868,0.0002553924335307045,0.0005070635832767068,0.0004750562998260266,-0.0006438663517415975,0.1666716343350512
181,2011-04-26,0.1660963919749616,0.169353042492751,0.1686370041692097,0.1690268904895453,0.0492754861026704,0.0007607639786308962,0.002681408157699794,0.0027042900184074126,0.0012091965521789927,0.0183206257329729,0.169353042492751
182,2011-04-27,0.1689280405803273,0.1722472108134978,0.1712990020549274,0.1716611615771167,0.0978841106267513,0.002831648605365694,0.0028941683207468205,0.002661997885717693,0.002634271087571388,0.0486086245240809,0.1722472108134978
183,2011-04-28,0.1707877993392218,0.1734390972351822,0.1724400335617328,0.1739501362539853,0.0558455509163597,0.0018597587588945197,0.001191886421684385,0.00114103150680539,0.002288974676868616,-0.0420385597103916,0.1734390972351822
184,2011-04-29,0.1725204958544297,0.1746732737364163,0.1736230331836275,0.1753751386617875,0.0651421926277302,0.0017326965152078821,0.0012341765012341133,0.0011829996218947203,0.0014250024078021895,0.009296641711370505,0.1746732737364163
185,2011-05-02,0.1746337268104615,0.172928288768746,0.1746371891944301,0.1752888114875521,0.0709928353443206,0.002113230956031803,-0.00174498496767031,0.001014156010802597,-8.632717423540104e-05,0.005850642716590401,0.172928288768746
186,2011-05-03,0.1721824016085849,0.1725877497911219,0.1723554136984531,0.1735181805030378,0.0525605185095151,-0.002451325201876603,-0.00034053897762409413,-0.0022817754959769954,-0.0017706309845142987,-0.018432316834805507,0.1725877497911219
187,2011-05-04,0.1708299823338368,0.1730134117134647,0.1732427858287802,0.1745546516959688,0.0666894428913541,-0.001352419274748079,0.0004256619223428071,0.0008873721303270798,0.0010364711929309878,0.014128924381839006,0.1730134117134647
188,2011-05-05,0.1707877076438405,0.1725452119181373,0.1734540359577319,0.1733454524792307,0.0788407777642726,-4.227468999631889e-05,-0.0004681997953274175,0.00021125012895170658,-0.0012091992167380938,0.012151334872918501,0.1725452119181373
189,2011-05-06,0.1735770808369874,0.1755245031836028,0.1750174095809246,0.1752023858261166,0.0979202459832266,0.002789373193146899,0.0029792912654655057,0.0015633736231926987,0.001856933346885914,0.019079468218953996,0.1755245031836028
190,2011-05-09,0.1717597337094702,0.1726302994637938,0.1729469505588255,0.1727408242332108,0.0909921126371911,-0.0018173471275171882,-0.002894203719809002,-0.002070459022099097,-0.0024615615929058088,-0.006928133346035495,0.1726302994637938
191,2011-05-10,0.1717175495129277,0.175907627232961,0.1747639615014117,0.1742523733490806,0.1127883026566057,-4.218419654250516e-05,0.0032773277691671987,0.0018170109425862113,0.0015115491158698147,0.021796190019414588,0.175907627232961
192,2011-05-11,0.1737884077236218,0.1735666636553864,0.1753554635584853,0.1750296526549077,0.0919809073916514,0.00207085821069411,-0.0023409635775746007,0.0005915020570735896,0.0007772793058270777,-0.020807395264954287,0.1735666636553864
193,2011-05-12,0.1719287865861227,0.1758224216904307,0.1747216184951913,0.1752455681279013,0.0624156157300491,-0.0018596211374991012,0.0022557580350442974,-0.0006338450632940029,0.0002159154729935997,-0.029565291661602308,0.1758224216904307
194,2011-05-13,0.1739997556798797,0.1739497523056825,0.1745949170522923,0.1760229434832129,0.041900588349304,0.0020709690937569802,-0.001872669384748199,-0.0001267014428990021,0.0007773753553116103,-0.0205150273807451,0.1739497523056825
195,2011-05-16,0.1721401374120617,0.1715662862541854,0.1729892275629428,0.1737773063348223,0.065993016021103,-0.0018596182678179973,-0.002383466051497085,-0.0016056894893494988,-0.0022456371483906,0.024092427671798998,0.1715662862541854
196,2011-05-17,0.1698364385528998,0.1685010460658851,0.1697987034568841,0.1703596331847495,0.130465062037837,-0.002303698859161901,-0.0030652401883003166,-0.0031905241060586897,-0.0034176731500727975,0.06447204601673401,0.1685010460658851
197,2011-05-18,0.1674065703702304,0.1722789283731601,0.1717592465597156,0.1710130294058461,0.0675402662847269,-0.0024298681826693813,0.003777882307275021,0.0019605431028315023,0.000653396221096586,-0.06292479575311011,0.1722789283731601
198,2011-05-19,0.1717121440141073,0.1720642684604457,0.1718444766995469,0.1731909723059678,0.0543344360092112,0.004305573643876903,-0.00021465991271440998,8.523013983127714e-05,0.0021779429001217154,-0.013205830275515695,0.1720642684604457
199,2011-05-20,0.1706463676490262,0.1715919977729742,0.1712051320883868,0.1729731440284059,0.041371698131802,-0.0010657763650811225,-0.00047227068747149326,-0.0006393446111600809,-0.00021782827756189338,-0.012962737877409203,0.1715919977729742
200,2011-05-23,0.1677049380077793,0.1688015369045606,0.1683069852742864,0.1703596137359404,0.0361353564752916,-0.0029414296412468843,-0.0027904608684136134,-0.0028981468141004163,-0.002613530292465499,-0.0052363416565104,0.1688015369045606
201,2011-05-24,0.167918111854656,0.1666550557742903,0.1678808029819099,0.1690093050560548,0.0458163469782629,0.00021317384687669083,-0.0021464811302703,-0.0004261822923764813,-0.0013503086798856145,0.009680990502971304,0.1666550557742903
202,2011-05-25,0.1653176983431019,0.1672990119130587,0.1669005377966284,0.1683559250106303,0.0526656395465341,-0.0026004135115541005,0.0006439561387684145,-0.0009802651852815203,-0.0006533800454245065,0.006849292568271201,0.1672990119130587
203,2011-05-26,0.1654882483087335,0.1670843755997191,0.1664743704292152,0.1679639204097483,0.0627408339383268,0.00017054996563159452,-0.0002146363133396223,-0.0004261673674131883,-0.0003920046008819844,0.010075194391792698,0.1670843755997191
204,2011-05-27,0.1659997842025254,0.1679859071141825,0.1674972299549551,0.169401346777243,0.0480863043713926,0.000511535893791909,0.0009015315144633995,0.001022859525739911,0.001437426367494693,-0.0146545295669342,0.1679859071141825
205,2011-05-31,0.1679607345546586,0.1697030802187114,0.1690741460826937,0.1702725066889655,0.0805259993889839,0.0019609503521332006,0.0017171731045289018,0.0015769161277385813,0.0008711599117225133,0.0324396950175913,0.1697030802187114
206,2011-06-01,0.1675771049235577,0.1643368419939734,0.1682644068069625,0.1667442514058992,0.0852137406335513,-0.0003836296311008902,-0.005366238224738001,-0.0008097392757311916,-0.0035282552830663005,0.004687741244567403,0.1643368419939734
207,2011-06-02,0.1641666975114453,0.164594405569981,0.1648547732904393,0.1663957633577175,0.1046085719635624,-0.003410407412112404,0.0002575635760076189,-0.0034096335165232083,-0.0003484880481817165,0.01939483133001109,0.164594405569981
208,2011-06-03,0.1616941949206626,0.1604301778986946,0.1625959176352984,0.1625190136863803,0.0712326427100203,-0.002472502590782716,-0.004164227671286408,-0.00225885565514089,-0.003876749671337193,-0.03337592925354209,0.1604301778986946
209,2011-06-06,0.1588806907335519,0.1609883267108768,0.1608485432124935,0.1618656723376146,0.0906636093965067,-0.0028135041871106825,0.0005581488121821909,-0.0017473744228048982,-0.0006533413487657125,0.01943096668648639,0.1609883267108768
210,2011-06-07,0.1600742643568999,0.1604301778986946,0.1607206201815437,0.1627803576608469,0.0583027551566796,0.0011935736233479877,-0.0005581488121821909,-0.0001279230309498003,0.0009146853232323005,-0.0323608542398271,0.1604301778986946
211,2011-06-08,0.1593921333928898,0.1587129221963541,0.1595272033452645,0.160428120929663,0.0691893525529629,-0.000682130964010097,-0.0017172557023404922,-0.0011934168362792152,-0.0023522367311838988,0.010886597396283296,0.1587129221963541
212,2011-06-09,0.1577296868180745,0.1586700893311852,0.1585470483798526,0.1602539881585835,0.0429090932982053,-0.0016624465748152906,-4.283286516890139e-05,-0.0009801549654119002,-0.00017413277107949932,-0.02628025925475759,0.1586700893311852
213,2011-06-10,0.1570475484052915,0.1565235138034159,0.1574814791235441,0.1570305416007351,0.070753027978621,-0.000682138412783001,-0.002146575527769312,-0.0010655692563084906,-0.0032234465578483973,0.027843934680415697,0.1565235138034159
214,2011-06-13,0.1549160886415019,0.1551927096622731,0.1556062035688538,0.1563336185219067,0.0589400514436074,-0.002131459763789617,-0.001330804141142783,-0.0018752755546903033,-0.0006969230788284042,-0.011812976535013599,0.1551927096622731
215,2011-06-14,0.1550866014906131,0.1567381737161303,0.1566290849227024,0.157901739132075,0.0828419472358094,0.00017051284911120956,0.0015454640538571929,0.0010228813538485926,0.001568120610168311,0.023901895792201998,0.1567381737161303
216,2011-06-15,0.1540635044235686,0.1549351342865781,0.155350504804786,0.1565078708117588,0.0605891377118435,-0.0010230970670445094,-0.0018030394295522056,-0.0012785801179164002,-0.0013938683203162106,-0.022252809523965897,0.1549351342865781
217,2011-06-16,0.1537650658139522,0.1538618465226935,0.1540292413262645,0.1547219154562427,0.0515520135606137,-0.0002984386096163971,-0.0010732877638846006,-0.0013212634785214894,-0.0017859553555160945,-0.0090371241512298,0.1538618465226935
218,2011-06-17,0.1539782260252431,0.1532179021836124,0.1540718859214457,0.1547219308554343,0.0801942111158926,0.00021316021129091922,-0.0006439443390811039,4.264459518119046e-05,1.5399191588549854e-08,0.0286421975552789,0.1532179021836124
219,2011-06-20,0.1520172560554337,0.1544199481361261,0.1544128277758533,0.1552446243893052,0.0614399611052163,-0.0019609699698094063,0.0012020459525137195,0.0003409418544076115,0.0005226935338709104,-0.0187542500106763,0.1544199481361261
220,2011-06-21,0.1541914182287568,0.1581978540427758,0.1573110592022873,0.1561158686636007,0.0698562141315524,0.0021741621733230854,0.003777905906649698,0.0028982314264340003,0.0008712442742954962,0.008416253026336092,0.1581978540427758
221,2011-06-22,0.1561523654604606,0.1570387235532427,0.1576946123301474,0.1593392210955573,0.0502544257599101,0.0019609472317038135,-0.0011591304895331167,0.0003835531278600923,0.0032233524319565943,-0.019601788371642295,0.1570387235532427
222,2011-06-23,0.15474558600751,0.1598721234840115,0.1588879783110584,0.1568999115937736,0.1008110745012499,-0.0014067794529505906,0.0028333999307688096,0.001193365980910993,-0.0024393095017836985,0.050556648741339805,0.1598721234840115
223,2011-06-24,0.1581133212239642,0.1569099181658641,0.1584191436896532,0.1586858241890775,0.0677110879698828,0.0033677352164541985,-0.002962205318147393,-0.0004688346214051786,0.0017859125953039179,-0.0330999865313671,0.1569099181658641
224,2011-06-27,0.1559817711102266,0.158541201345995,0.1579928793621938,0.1579016898075113,0.0499423476812598,-0.0021315501137376125,0.0016312831801308936,-0.00042626432745940246,-0.000784134381566215,-0.017768740288623006,0.158541201345995
225,2011-06-28,0.1575591175382559,0.1591852164832004,0.1580355639129962,0.1598619079781491,0.073735837404036,0.0015773464280293137,0.0006440151372053837,4.2684550802390975e-05,0.0019602181706377952,0.0237934897227762,0.1591852164832004
226,2011-06-29,0.1581132931411184,0.1599579308105979,0.1592715219430061,0.1596005330784053,0.1482272322616462,0.0005541756028625,0.0007727143273975057,0.0012359580300098927,-0.00026137489974378814,0.0744913948576102,0.1599579308105979
227,2011-06-30,0.1598184644572987,0.1627483798793241,0.1622975447941283,0.1629545649006441,0.090867281405731,0.0017051713161802817,0.0027904490687262196,0.0030260228511222176,0.003354031822238812,-0.05735995085591519,0.1627483798793241
228,2011-07-01,0.1619073365245703,0.164637332832649,0.1640450003855685,0.1644791566053509,0.0470449490984228,0.0020888720672715966,0.0018889529533248905,0.0017474555914401835,0.0015245917047067847,-0.0438223323073082,0.164637332832649
229,2011-07-05,0.1637404133108294,0.1627054880157183,0.1638745172004029,0.1646533983563118,0.0511610947041992,0.0018330767862591024,-0.0019318448169307056,-0.00017048318516557637,0.00017424175096089622,0.004116145605776403,0.1627054880157183
230,2011-07-06,0.1610120969980542,0.1633923478177799,0.1623401661559466,0.1637386383334772,0.0481717152139705,-0.002728316312775203,0.0006868598020615957,-0.0015343510444563169,-0.000914760022834582,-0.002989379490228705,0.1633923478177799
231,2011-07-07,0.1634846010359067,0.1648090300836333,0.1644711680291139,0.1661779477559397,0.0510198383107049,0.002472504037852513,0.0014166822658533973,0.0021310018731673097,0.0024393094224624823,0.0028481230967343993,0.1648090300836333
232,2011-07-08,0.1617794270736658,0.162576659028965,0.1628942281935809,0.1637821855795088,0.0472289109132061,-0.0017051739622409023,-0.0022323710546682807,-0.0015769398355330033,-0.0023957621764308934,-0.0037909273974987973,0.162576659028965
233,2011-07-11,0.159775928928873,0.1609024839852283,0.1618714380788865,0.1625626374036242,0.0503135563432333,-0.002003498144792809,-0.0016741750437367087,-0.0010227901146944163,-0.0012195481758845994,0.0030846454300271983,0.1609024839852283
234,2011-07-12,0.1433208330402068,0.1413691871082091,0.1441413958584697,0.1401296365183353,0.5422800095922946,-0.0164550958886662,-0.019533296877019213,-0.017730042220416797,-0.022433000885288906,0.4919664532490613,0.1413691871082091
235,2011-07-13,0.1413172291457318,0.139136792454166,0.1435020645016942,0.140434543644699,0.2442355893840892,-0.0020036038944749868,-0.002232394654043096,-0.000639331356775491,0.0003049071263637182,-0.29804442020820543,0.139136792454166
236,2011-07-14,0.1389299703246418,0.137419583950575,0.1403908012775299,0.1385614990175287,0.1848060681118619,-0.0023872588210900048,-0.001717208503591,-0.0031112632241643012,-0.001873044627170306,-0.05942952127222731,0.137419583950575
237,2011-07-15,0.1372674417983778,0.1388363134151778,0.1381319626607784,0.1382130512157115,0.092391536442507,-0.001662528526264001,0.0014167294646028061,-0.0022588386167514962,-0.0003484478018171977,-0.0924145316693549,0.1388363134151778
238,2011-07-18,0.1366705772847549,0.1372478395008411,0.1371090191511628,0.1369497890998722,0.1042045129775205,-0.0005968645136228967,-0.0015884739143366966,-0.001022943509615598,-0.0012632621158392976,0.011812976535013495,0.1372478395008411
239,2011-07-19,0.1381200477021238,0.1410257572071782,0.1400498834593016,0.1408701695919217,0.1025784219361324,0.0014494704173688977,0.0037779177063370917,0.0029408643081388075,0.003920380492049486,-0.0016260910413880975,0.1410257572071782
240,2011-07-20,0.1400383559236451,0.1403818010684097,0.1402203553530836,0.1410879490602785,0.1008176445660636,0.0019183082215213088,-0.0006439561387684978,0.00017047189378199823,0.00021777946835679907,-0.0017607773700688,0.1403818010684097
241,2011-07-21,0.1398678333404131,0.1431722383374486,0.14290539741274,0.1419155661238709,0.1303927913248864,-0.00017052258323199676,0.002790437269038909,0.0026850420596563895,0.0008276170635924118,0.029575146758822807,0.1431722383374486
242,2011-07-22,0.1420419174634407,0.1464349226945841,0.1464428579982043,0.144921117825284,0.1045724366070871,0.002174084123027581,0.0032626843571355035,0.003537460585464308,0.0030055517014130895,-0.02582035471779931,0.1464349226945841
243,2011-07-25,0.1436618887756982,0.1447606886524105,0.1444823758808284,0.1453131917482056,0.0606482682951667,0.0016199713122574955,-0.0016742340421735946,-0.0019604821173759,0.00039207392292159304,-0.04392416831192039,0.1447606886524105
244,2011-07-26,0.1439176541826914,0.1469930597070789,0.1463576553605825,0.1470555440886719,0.1261419593904293,0.00025576540699320804,0.0022323710546683917,0.001875279479754105,0.0017423523404663244,0.0654936910952626,0.1469930597070789
245,2011-07-27,0.1444718533435418,0.1439879507256383,0.1447380937659897,0.145008286607772,0.1796978427192184,0.0005541991608503938,-0.003005108981440602,-0.001619561594592811,-0.0020472574808999,0.053555883328789106,0.1439879507256383
246,2011-07-28,0.1432781948480823,0.145361682129449,0.1471247945093494,0.1455309570345746,0.1230343187335543,-0.001193658495459493,0.0013737314038106962,0.0023867007433596987,0.0005226704268025961,-0.0566635239856641,0.145361682129449
247,2011-07-29,0.147114863525841,0.144889458640727,0.1470821768212222,0.1451825042912009,0.1439304098734934,0.003836668677758698,-0.00047222348872200115,-4.261768812718891e-05,-0.0003484527433737228,0.020896091139939094,0.144889458640727
248,2011-08-01,0.145963893218101,0.1447606886524105,0.1473379193300264,0.1449211590985925,0.1302581049962058,-0.0011509703077400013,-0.000128769988316485,0.00025574250880419647,-0.0002613451926083976,-0.0136723048772876,0.1447606886524105
249,2011-08-02,0.1419139997197907,0.1408110264963396,0.1440134758481598,0.1428302488766835,0.1252517156081744,-0.004049893498310281,-0.003949662156070927,-0.0033244434818666124,-0.0020909102219089926,-0.005006389388031385,0.1408110264963396
250,2011-08-03,0.1390578658929318,0.1420131432469775,0.1412006067834132,0.1393891361745136,0.1342001438844194,-0.0028561338268589254,0.001202116750637916,-0.0028128690647465926,-0.0034411127021699017,0.00894842827624498,0.1420131432469775
251,2011-08-04,0.1387168399457966,0.1363892824477951,0.1394531834169005,0.13838728142518,0.1606840751484013,-0.0003410259471351984,-0.005623860799182395,-0.001747423366512707,-0.0010018547493335916,0.026483931263981908,0.1363892824477951
252,2011-08-05,0.1367132514572368,0.1338564087547639,0.1385581573504857,0.1321583372468831,0.2391240789590389,-0.0020035884885597766,-0.002532873693031207,-0.0008950260664147835,-0.006228944178296891,0.07844000381063759,0.1338564087547639
253,2011-08-08,0.129764592846305,0.1297350729470833,0.1325486908419877,0.1311128882997865,0.1883801833705089,-0.006948658610931802,-0.004121335807680593,-0.0060094665084980126,-0.0010454489470966,-0.050743895588529986,0.1297350729470833
254,2011-08-09,0.1307877316347112,0.1352731028203046,0.1342961460791409,0.1284993688924315,0.2521590875493987,0.0010231387884061804,0.005538029873221301,0.0017474552371531948,-0.0026135194073550194,0.06377890417888979,0.1352731028203046
255,2011-08-10,0.1315550125059633,0.1318386268146857,0.1348075282742231,0.1322018405581226,0.2012246600812717,0.0007672808712521073,-0.003434476005618914,0.0005113821950822051,0.0037024716656910983,-0.050934427468126986,0.1318386268146857
256,2011-08-11,0.1319387469795867,0.1377201455873747,0.1381319732282874,0.1345105355700735,0.1225908393586302,0.00038373447362341495,0.005881518772688998,0.0033244449540643095,0.002308695011950912,-0.07863382072264151,0.1377201455873747
257,2011-08-12,0.1364574400069507,0.1375913048009341,0.137833594266117,0.1375160776784284,0.1080841362500041,0.00451869302736399,-0.00012884078644059827,-0.0002983789621704147,0.0030055421083549083,-0.014506703108626104,0.1375913048009341
258,2011-08-15,0.1374805867424944,0.1388363134151778,0.1385581578338257,0.1395633895800906,0.0845994395734714,0.001023146735543684,0.0012450086142437033,0.000724563567708697,0.0020473119016621855,-0.023484696676532704,0.1388363134151778
259,2011-08-16,0.1325078935350486,0.1360893343947388,0.1378206718075161,0.1353970122046633,0.1279651523762282,-0.004972693207445783,-0.0027469790204389943,-0.0007374860263096028,-0.004166377375427299,0.04336571280275679,0.1360893343947388
260,2011-08-17,0.1347917904078709,0.1347440756365624,0.1375191145478259,0.1356612172868558,0.1078903193380002,0.002283896872822294,-0.0013452587581763986,-0.00030155725969019387,0.0002642050821924924,-0.02007483303822799,0.1347440756365624
261,2011-08-18,0.1301378223497346,0.1289290009034784,0.130496650113169,0.1293646718376853,0.1439698302623755,-0.00465396805813631,-0.005815074733084014,-0.0070224644346569,-0.006296545449170493,0.03607951092437531,0.1289290009034784
262,2011-08-19,0.1269059384062847,0.1284516681501233,0.1307551583321867,0.12901243561809,0.102670402843524,-0.0032318839434498925,-0.0004773327533550975,0.00025850821901771126,-0.00035223621959529217,-0.04129942741885151,0.1284516681501233
263,2011-08-22,0.1300516619602386,0.1309686358645739,0.1308413348583711,0.1312580553690245,0.0835449441708742,0.0031457235539538997,0.0025169677144506186,8.617652618439497e-05,0.0022456197509344855,-0.019125458672649795,0.1309686358645739
264,2011-08-23,0.1306980269482326,0.1375647909034039,0.1366574419473769,0.1331073672678624,0.105314853931034,0.0006463649879940025,0.006596155038829987,0.00581610708900579,0.0018493118988379131,0.0217699097601598,0.1375647909034039
265,2011-08-24,0.1365585473111727,0.1377383761043681,0.1371744407873537,0.1376866584545872,0.0793006823012309,0.005860520362940103,0.0001735852009641936,0.0005169988399768011,0.004579291186724788,-0.0260141716298031,0.1377383761043681
266,2011-08-25,0.1372911025950647,0.1364798922471428,0.137605257627964,0.1382150232603392,0.1041650925886383,0.0007325552838919891,-0.0012584838572252954,0.0004308168406103041,0.0005283648057519963,0.024864410287407407,0.1364798922471428
267,2011-08-26,0.1342746853895339,0.1401251696677047,0.1391131707835258,0.1348246264496195,0.0755853106490895,-0.0030164172055307803,0.003645277420561893,0.001507913155561813,-0.003390396810719676,-0.028579781939548812,0.1401251696677047
268,2011-08-29,0.1408677619842912,0.1448553221451529,0.1439384036325061,0.143542869275963,0.0782691821254816,0.006593076594757302,0.004730152477448207,0.004825232848980288,0.00871824282634348,0.0026838714763921107,0.1448553221451529
269,2011-08-30,0.1433239555063438,0.1424685049824416,0.1454031567393431,0.1444674948346529,0.1365620821849407,0.002456193522052591,-0.002386817162711302,0.0014647531068369968,0.0009246255586899121,0.0582929000594591,0.1424685049824416
270,2011-08-31,0.142548345361069,0.1423817418811779,0.1437229759383017,0.1433667370372373,0.0793368176577062,-0.0007756101452748021,-8.676310126370934e-05,-0.0016801808010414032,-0.0011007577974156135,-0.057225264527234504,0.1423817418811779
271,2011-09-01,0.1425914413864202,0.1411232698236399,0.1428182602111915,0.1431906181059419,0.1077063575232169,4.309602535118584e-05,-0.0012584720575379849,-0.000904715727110178,-0.00017611893129537703,0.028369539865510704,0.1411232698236399
272,2011-09-02,0.1368601863090014,0.1360893343947388,0.1381222556746024,0.1370702073593975,0.0934985923636136,-0.005731255077418784,-0.0050339354289010985,-0.00469600453658911,-0.006120410746544402,-0.0142077651596033,0.1360893343947388
273,2011-09-06,0.1315167870868903,0.1365666907474686,0.1358388920489664,0.1342962311775991,0.0718403737052866,-0.005343399222111106,0.0004773563527298019,-0.002283363625635998,-0.002773976181798421,-0.021658218658326997,0.1365666907474686
274,2011-09-07,0.1377651500158714,0.1415572387258943,0.1405779889246792,0.1406368052899337,0.0679574654003961,0.006248362928981094,0.004990547978425686,0.004739096875712806,0.0063405741123346016,-0.003882908304890506,0.1415572387258943
275,2011-09-08,0.1402644568400159,0.1398647741667273,0.1419565957921959,0.1412972474226379,0.0723955441820433,0.0024993068241445093,-0.0016924645591669951,0.0013786068675167018,0.0006604421327042198,0.004438078781647203,0.1398647741667273
276,2011-09-09,0.1376358551693259,0.1391270577120821,0.1407072063526492,0.1399322765189335,0.0729375745291727,-0.0026286016706900117,-0.0007377164546452097,-0.001249389439546722,-0.00136497090370441,0.0005420303471293936,0.1391270577120821
277,2011-09-12,0.1356967078250062,0.1419477729789235,0.1409657026889762,0.1386553533933835,0.0969150260667321,-0.001939147344319686,0.0028207152668414115,0.00025849633632701874,-0.0012769231255500002,0.023977451537559397,0.1419477729789235
278,2011-09-13,0.1418157595349027,0.1459401854023518,0.145230840685989,0.1440712277042053,0.0852137406335513,0.006119051709896489,0.003992412423428293,0.00426513799701278,0.0054158743108218,-0.011701285433180789,0.1459401854023518
279,2011-09-14,0.1456509431007117,0.1494986407232132,0.1504007330821826,0.1480340553621417,0.1753714550394039,0.0038351835658090028,0.003558455320861409,0.005169892396193615,0.003962827657936402,0.0901577144058526,0.1494986407232132
280,2011-09-15,0.1503479549493763,0.1489344740704702,0.1504437918921753,0.1503677223878777,0.0836697754023343,0.004697011848664612,-0.0005641666527430034,4.305880999269651e-05,0.002333667025736008,-0.0917016796370696,0.1489344740704702
281,2011-09-16,0.1489690458676276,0.1499326096254675,0.1506161591966875,0.1512043494618301,0.0930452578914691,-0.0013789090817487026,0.0009981355549973092,0.00017236730451219984,0.0008366270739523785,0.009375482489134793,0.1499326096254675
282,2011-09-19,0.1466420483057303,0.1483703310171019,0.1485481787961878,0.1489146807907828,0.0690053907381796,-0.0023269975618973038,-0.0015622786083656082,-0.002067980400499686,-0.0022896686710472958,-0.0240398671532895,0.1483703310171019
283,2011-09-20,0.1481934024021746,0.1463741661042935,0.1488928859279942,0.148210216465256,0.0654444156091599,0.0015513540964443018,-0.001996164912808407,0.0003447071318063988,-0.000704464325526788,-0.0035609751290197056,0.1463741661042935
284,2011-09-21,0.1461249250503241,0.1440307245923703,0.1471264434133617,0.1460966407234727,0.0570840081337402,-0.002068477351850506,-0.0023434415119232,-0.0017664425146325102,-0.002113575741783308,-0.008360407475419697,0.1440307245923703
285,2011-09-22,0.1401351747205074,0.1393874060143101,0.1419134926390977,0.1397561301135555,0.1107614376615825,-0.00598975032981669,-0.0046433185780601904,-0.005212950774264008,-0.006340510609917194,0.0536774295278423,0.1393874060143101
286,2011-09-23,0.1379805687261414,0.1428590628348456,0.1422150619227234,0.1405046604733534,0.0610720374756496,-0.00215460599436601,0.0034716568205354903,0.0003015692836257078,0.0007485303597978832,-0.0496894001859329,0.1428590628348456
287,2011-09-26,0.1424190634287697,0.1410798587737897,0.1424735868875689,0.1404606521007338,0.0847505510641862,0.004438494702628304,-0.001779204061055889,0.00025852496484549126,-4.400837261958612e-05,0.023678513588536607,0.1410798587737897
288,2011-09-27,0.142936151858379,0.1440741710412827,0.1456185909347233,0.1448197636940361,0.0597514544480981,0.0005170884296092915,0.002994312267492999,0.0031450040471543983,0.004359111593302295,-0.024999096616088103,0.1440741710412827
289,2011-09-28,0.1433670632198311,0.140645878071848,0.1439383604531724,0.1423099483625741,0.0585655577492272,0.0004309113614520965,-0.0034282929694346986,-0.0016802304815508873,-0.0025098153314619953,-0.0011858966988709044,0.140645878071848
290,2011-09-29,0.1416865077735701,0.1389534725111179,0.1426459210347166,0.1393598637589405,0.1009194805706758,-0.0016805554462610006,-0.0016924055607301092,-0.0012924394184558041,-0.002950084603633607,0.042353922821448606,0.1389534725111179
291,2011-09-30,0.1365154477872686,0.1350044357384777,0.1377775855041049,0.1369381152120936,0.0885250532996508,-0.0051710599863014906,-0.003949036772640191,-0.004868335530611695,-0.0024217485468469024,-0.012394427271025008,0.1350044357384777
292,2011-10-03,0.1335851598009098,0.1320534873220855,0.1352787740547165,0.1335916856972457,0.0964682616594012,-0.002930287986358804,-0.0029509484163922073,-0.002498811449388405,-0.0033464295148478984,0.007943208359750403,0.1320534873220855
293,2011-10-04,0.129577607222478,0.1374779688037033,0.1366574136680783,0.1324028357745525,0.1482469424560873,-0.0040075525784318,0.00542448148161781,0.0013786396133617929,-0.0011888499226931915,0.0517786807966861,0.1374779688037033
294,2011-10-05,0.1370756992748792,0.1417308475262333,0.1410519196838636,0.1373784916431363,0.0827959567821136,0.007498092052401206,0.004252878722529996,0.00439450601578531,0.0049756558685838115,-0.0654509856739737,0.1417308475262333
295,2011-10-06,0.1406954002003154,0.1444647524930615,0.1435075795117171,0.1416054805192465,0.0886334593690766,0.0036197009254362034,0.00273390496682821,0.002455659827853507,0.004226988876110199,0.005837502586963,0.1444647524930615
296,2011-10-07,0.1437117983183205,0.1461571580537916,0.1467387321103937,0.1457444112175555,0.0902004198271416,0.003016398118005109,0.0016924055607300814,0.0032311525986765954,0.004138930698308979,0.0015669604580649948,0.1461571580537916
297,2011-10-10,0.1476331703157733,0.1490646718209589,0.1490220962457002,0.149575168912175,0.0706610470712293,0.003921371997452794,0.0029075137671673024,0.002283364135306498,0.0038307576946195188,-0.01953937275591229,0.1490646718209589
298,2011-10-11,0.147977946710992,0.1488911338187441,0.1487205533126148,0.1500155106453398,0.070943559858218,0.0003447763952186822,-0.00017353800221478477,-0.0003015429330854025,0.00044034173316478964,0.0002825127869886951,0.1488911338187441
299,2011-10-12,0.1489690629342772,0.1495420635727508,0.1500991918761771,0.1513804970430484,0.0857623410454944,0.00099111622328521,0.000650929754006685,0.0013786385635622955,0.0013649863977086008,0.014818781187276406,0.1495420635727508
300,2011-10-13,0.148107193497769,0.1532306930447262,0.1530718468263867,0.1509841858224522,0.1232445608075923,-0.0008618694365082058,0.003688629471975402,0.0029726549502095967,-0.0003963112205961905,0.037482219762097896,0.1532306930447262
301,2011-10-14,0.1508219984389499,0.1451590696975438,0.1518224734999613,0.1456123357528954,0.3372282867570488,0.0027148049411808983,-0.008071623347182394,-0.0012493733264253848,-0.005371850069556816,0.2139837259494565,0.1451590696975438
302,2011-10-17,0.1441427812317775,0.1448119346946774,0.1452308910084464,0.1462288147774552,0.0939190765116897,-0.006679217207172378,-0.0003471350028664,-0.006591582491514897,0.0006164790245598017,-0.24330921024535912,0.1448119346946774
303,2011-10-18,0.1438841739406684,0.146287344004593,0.1457047505152975,0.1455683015367604,0.0904303720956207,-0.0002586072911091031,0.001475409309915604,0.000473859506851082,-0.0006605132406947989,-0.003488704416068994,0.146287344004593
304,2011-10-19,0.1447890942213133,0.1451156468480061,0.146437152448503,0.146492952206667,0.0775431899635689,0.0009049202806448997,-0.0011716971565869094,0.0007324019332055065,0.0009246506699066015,-0.012887182132051797,0.1451156468480061
305,2011-10-20,0.1440996366153667,0.1432930435367873,0.1442830451162834,0.1436309086641465,0.1236223395343795,-0.0006894576059466029,-0.0018226033112188067,-0.0021541073322196014,-0.0028620435425205093,0.04607914957081059,0.1432930435367873
306,2011-10-21,0.14440127970233,0.1466779136566844,0.1461786662731775,0.1468011859991149,0.1144669542165033,0.000301643086963288,0.0033848701198971043,0.001895621156894095,0.0031702773349684132,-0.0091553853178762,0.1466779136566844
307,2011-10-24,0.1462542369006287,0.1505401401293113,0.1503576666163682,0.1489587392520613,0.0670967869098028,0.0018529571982986992,0.003862226472626906,0.004179000343190714,0.0021575532529463926,-0.0473701673067005,0.1505401401293113
308,2011-10-25,0.1484519065924851,0.1498457757260796,0.1513916035326845,0.1490467560078182,0.0688082887937689,0.0021976696918564187,-0.0006943644032317009,0.001033936916316286,8.801675575689782e-05,0.001711501883966099,0.1498457757260796
309,2011-10-26,0.14996017327455,0.1527967477418466,0.1522963847681778,0.1511162978040082,0.0683352441271833,0.001508266682064885,0.002950972015766995,0.0009047812354933127,0.002069541796190011,-0.00047304466658559807,0.1527967477418466
310,2011-10-27,0.1553035505032904,0.1577872367218354,0.1573800737557869,0.1575008375989282,0.0860317137028556,0.005343377228740398,0.0049904889799888,0.005083688987609081,0.006384539794919986,0.017696469575672308,0.1577872367218354
311,2011-10-28,0.1557344692177778,0.1582211938244023,0.1578539884236814,0.1586016316655485,0.0680264510809399,0.00043091871448741603,0.000433957102566912,0.0004739146678945094,0.0011007940666203087,-0.018005262621915707,0.1582211938244023
312,2011-10-31,0.1561223029538118,0.1570061210170273,0.1576385847733543,0.1577650435058942,0.0735945810105416,0.00038783373603398785,-0.0012150728073750117,-0.00021540365032710063,-0.000836588159654289,0.005568129929601706,0.1570061210170273
313,2011-11-01,0.1515545816047331,0.1496288620730766,0.1520379094888962,0.151116306535498,0.1213359569792156,-0.004567721349078707,-0.007377258943950693,-0.005600675284458095,-0.006648736970396196,0.047741375968674005,0.1496288620730766
314,2011-11-02,0.1496585070892746,0.1502363689775457,0.1509608162737875,0.1513804694479621,0.0738245332790208,-0.001896074515458479,0.0006075069044690906,-0.0010770932151087098,0.00026416291246408874,-0.0475114237001948,0.1502363689775457
315,2011-11-03,0.1501755806998778,0.1552268697572219,0.1544935471915855,0.1518207521722629,0.0899901777531035,0.0005170736106031859,0.004990500779676221,0.003532730917798016,0.00044028272430080007,0.016165644474082697,0.1552268697572219
316,2011-11-04,0.1598282675434147,0.1606514220369639,0.1637132571388321,0.1616838993699978,0.129216749723236,0.0096526868435369,0.005424552279741979,0.009219709947246607,0.0098631471977349,0.03922657197013249,0.1606514220369639
317,2011-11-07,0.1578459966330438,0.158655174526344,0.1587587277964106,0.1585135790112759,0.1198511223313218,-0.001982270910370898,-0.0019962475106198863,-0.004954529342421521,-0.0031703203587218898,-0.009365627391914197,0.158655174526344
318,2011-11-08,0.1583200066033834,0.1602174059359601,0.159577299695756,0.1597024281810142,0.067918045011514,0.0004740099703396117,0.0015622314096160883,0.0008185718993453939,0.0011888491697382986,-0.0519330773198078,0.1602174059359601
319,2011-11-09,0.1556052356273246,0.1538382589476321,0.1558291465603875,0.1554754330167821,0.0718338036404729,-0.0027147709760588223,-0.006379146988328005,-0.0037481531353684983,-0.004226995164232111,0.003915758628958904,0.1538382589476321
320,2011-11-10,0.1539676511544098,0.1551834351079968,0.1550535936754723,0.1552551774468146,0.0487137455610999,-0.0016375844729147881,0.0013451761603646972,-0.0007755528849151816,-0.0002202555699674924,-0.023120058079373,0.1551834351079968
321,2011-11-11,0.1553035670383925,0.1595230769317905,0.159404969710628,0.1586897082185004,0.0538186859213366,0.0013359158839826857,0.004339641823793705,0.004351376035155702,0.00343453077168579,0.005104940360236704,0.1595230769317905
322,2011-11-14,0.1578028675025078,0.1580909960739136,0.1594049425284314,0.1598785348060712,0.0390261849933149,0.0024993004641153116,-0.0014320808578768829,-2.7182196604691455e-08,0.0011888265875708015,-0.014792500928021701,0.1580909960739136
323,2011-11-15,0.1566394311238416,0.1600004568838951,0.1598358104895533,0.1597024549310901,0.0599781216841704,-0.0011634363786661994,0.0019094608099815003,0.00043086796112190573,-0.000176079874981111,0.020951936690855502,0.1600004568838951
324,2011-11-16,0.1570272571967388,0.1589155582276341,0.1610421270227585,0.1600546959641346,0.0709534149554385,0.00038782607289719606,-0.0010848986562610186,0.0012063165332051873,0.0003522410330445147,0.010975293271268095,0.1589155582276341
325,2011-11-17,0.1577942225982159,0.1524226032545803,0.1599339516467915,0.1545221046164593,0.0961266182890894,0.0007669654014771099,-0.006492954973053799,-0.0011081753759669966,-0.005532591347675309,0.025173203333650904,0.1524226032545803
326,2011-11-18,0.1518339772382592,0.1515025462309391,0.1525396621340619,0.1526550395160817,0.0538712464398461,-0.005960245359956706,-0.000920057023641202,-0.007394289512729607,-0.0018670651003775962,-0.0422553718492433,0.1515025462309391
327,2011-11-21,0.1490061060060281,0.1490052249959668,0.1493644616549716,0.1499433314083086,0.0450870697839434,-0.002827871232231105,-0.0024973212349722884,-0.0031752004790902844,-0.002711708107773103,-0.008784176655902705,0.1490052249959668
328,2011-11-22,0.1476139034529808,0.1454125977804693,0.1488424868132658,0.1473205148957896,0.0671953378820082,-0.0013922025530472837,-0.003592627215497496,-0.0005219748417057968,-0.0026228165125189995,0.0221082680980648,0.1454125977804693
329,2011-11-23,0.1434373917217434,0.1426086262700121,0.1435794925209821,0.1446532873630264,0.0609012157904937,-0.004176511731237398,-0.0028039715104571927,-0.005262994292283718,-0.002667227532763189,-0.006294122091514497,0.1426086262700121
330,2011-11-25,0.14043545833875,0.1415132730907374,0.1428400233236434,0.1434085146551322,0.0212344494778441,-0.003001933382993399,-0.0010953531792746996,-0.0007394691973386935,-0.0012447727078941928,-0.0396667663126496,0.1415132730907374
331,2011-11-28,0.1440464428810727,0.1448868391101298,0.1449278447456816,0.1458535247127836,0.0947239094513667,0.0036109845423226983,0.003373566019392399,0.0020878214220381996,0.002445010057651381,0.0734894599735226,0.1448868391101298
332,2011-11-29,0.1436114417755682,0.144448787516044,0.1451018954263405,0.1460313918552873,0.0381589364379079,-0.0004350011055045122,-0.0004380515940858032,0.00017405068065889928,0.0001778671425037015,-0.0565649730134588,0.144448787516044
333,2011-11-30,0.1465698282332897,0.1529483619249198,0.1519742345997105,0.1487875678430318,0.0962842998446179,0.002958386457721507,0.008499574408875804,0.00687233917336999,0.002756175987744497,0.05812536340670999,0.1529483619249198
334,2011-12-01,0.1512248706097156,0.1527292653297526,0.1521046943919092,0.1531440194398441,0.039975559358893,0.004655042376425889,-0.00021909659516722302,0.00013045979219872272,0.004356451596812305,-0.056308740485724894,0.1527292653297526
335,2011-12-02,0.1527910635090508,0.1518092083061114,0.1539750082901602,0.153633010810017,0.0488714271166285,0.0015661928993352114,-0.000920057023641202,0.001870313898250986,0.0004889913701729143,0.008895867757735501,0.1518092083061114
336,2011-12-05,0.1530086316625944,0.1529483619249198,0.1538880593530865,0.1545221218961206,0.0481848553435979,0.00021756815354359582,0.001139153618808425,-8.694893707369977e-05,0.0008891110861035945,-0.0006865717730306017,0.1529483619249198
337,2011-12-06,0.1515293733763551,0.1529044670878871,0.1524961060972213,0.1534995914143193,0.0498602218710887,-0.0014792582862392933,-4.389483703270969e-05,-0.0013919532558651915,-0.0010225304818013148,0.0016753665274907986,0.1529044670878871
338,2011-12-07,0.1515729583405478,0.15382460670934,0.1538880569520702,0.1530995926305934,0.0646658629287377,4.358496419268332e-05,0.0009201396214529034,0.001391950854848889,-0.00039999878372590225,0.014805641057649005,0.15382460670934
339,2011-12-08,0.1517034277733167,0.1518092083061114,0.1532355716881144,0.1536774573429787,0.0593736757213109,0.00013046943276889822,-0.0020153984032286187,-0.0006524852639557821,0.0005778647123853009,-0.005292187207426802,0.1518092083061114
340,2011-12-09,0.149223690486578,0.1525102749317718,0.1522352434192534,0.1505657458425847,0.091100518706617,-0.002479737286738698,0.0007010666256604126,-0.0010003282688610116,-0.0031117115003939932,0.031726842985306106,0.1525102749317718
341,2011-12-12,0.14991970881856,0.1518968209848661,0.1510172980764939,0.1510102274708412,0.064005571414962,0.0006960183319820179,-0.0006134539469057065,-0.0012179453427595133,0.00044448162825649895,-0.027094947291655,0.1518968209848661
342,2011-12-13,0.1514859327237411,0.1488738118776786,0.1521917115759688,0.1498544395782886,0.0643340746556464,0.0015662239051811022,-0.003023009107187502,0.001174413499474919,-0.0011557878925526066,0.00032850324068439685,0.1488738118776786
343,2011-12-14,0.1473093818722173,0.1476032215412072,0.1482770524777831,0.1492765164966053,0.0541044837407321,-0.004176550851523825,-0.0012705903364713944,-0.003914659098185697,-0.0005779230816832792,-0.0102295909149143,0.1476032215412072
344,2011-12-15,0.148092478903599,0.1480851561726383,0.1486685129891213,0.149587691070149,0.0340066554756562,0.0007830970313817132,0.0004819346314310913,0.0003914605113381764,0.00031117457354368216,-0.020097828265075904,0.1480851561726383
345,2011-12-16,0.147526952595374,0.1510644356384164,0.1515827712621358,0.150565717272893,0.1012414137465466,-0.0005655263082250117,0.002979279465778112,0.002914258273014503,0.000978026202744009,0.0672347582708904,0.1510644356384164
346,2011-12-19,0.1515294290519208,0.1490052249959668,0.1522351815577974,0.1507435047192739,0.0641928182621521,0.004002476456546805,-0.0020592106424495993,0.0006524102956615985,0.00017778744638088928,-0.0370485954843945,0.1490052249959668
347,2011-12-20,0.1509203835442953,0.1564095406230669,0.1556278918830839,0.1541220464955383,0.0819024279674519,-0.0006090455076254997,0.007404315627100089,0.003392710325286513,0.0033785417762643988,0.017709609705299792,0.1564095406230669
348,2011-12-21,0.1557929687505239,0.1553141992434795,0.1563672920096292,0.1542553838107191,0.0495875641813206,0.004872585206228602,-0.001095341379587389,0.0007394001265453032,0.00013333731518080927,-0.0323148637861313,0.1553141992434795
349,2011-12-22,0.1551838825108724,0.1589944273380443,0.1584985792592888,0.157767257744413,0.0480863043713926,-0.0006090862396515018,0.003680228094564808,0.002131287249659608,0.0035118739336938987,-0.0015012598099279975,0.1589944273380443
350,2011-12-23,0.1590558456885846,0.1603525595551461,0.1596294438681421,0.1606567227266193,0.0268518548935485,0.003871963177712212,0.0013581322171017929,0.0011308646088532825,0.0028894649822062968,-0.0212344494778441,0.1603525595551461
351,2011-12-27,0.1593168915102886,0.1608783418248603,0.1607168619706481,0.1620792733969511,0.020304785306707,0.0002610458217039979,0.0005257822697141978,0.0010874181025060103,0.0014225506703318125,-0.006547069586841502,0.1608783418248603
352,2011-12-28,0.1599694904366472,0.1589944273380443,0.1599774360969404,0.1611013078349235,0.0275220015045448,0.0006525989263586052,-0.0018839144868159907,-0.0007394258737077053,-0.0009779655620276162,0.0072172161978378,0.1589944273380443
353,2011-12-29,0.1585773471510105,0.1614041240945745,0.1603689283615842,0.1609679640833491,0.0302617185318533,-0.001392143285636721,0.0024096967565301886,0.00039149226464380016,-0.00013334375157439404,0.002739717027308502,0.1614041240945745
354,2011-12-30,0.1603174910696793,0.1604840080724965,0.1608908255253339,0.162834976405644,0.029378044814412,0.0017401439186688072,-0.0009201160220780047,0.0005218971637497016,0.0018670123222949142,-0.0008836737174413023,0.1604840080724965
355,2012-01-03,0.1586207529205048,0.1566723078612066,0.1604123400154436,0.1587007246448189,0.1015732020196379,-0.0016967381491745093,-0.0038117002112899034,-0.00047848550989029737,-0.004134251760825103,0.0721951572052259,0.1566723078612066
356,2012-01-04,0.155227388389498,0.1569352402949695,0.156062817869474,0.1576338752210181,0.046575189464244,-0.003393364531006776,0.000262932433762908,-0.004349522145969592,-0.0010668494238008086,-0.0549980125553939,0.1569352402949695
357,2012-01-05,0.1569240792120333,0.158249583872225,0.1572371871097601,0.1567003269128206,0.0674351452477078,0.0016966908225352906,0.0013143435772555168,0.0011743692402860773,-0.0009335483081975016,0.0208599557834638,0.158249583872225
358,2012-01-06,0.1568805305838739,0.1560589247124251,0.157324113388275,0.1576782694365229,0.0530138529816596,-4.354862815938998e-05,-0.002190659159799907,8.692627851492052e-05,0.0009779425237023132,-0.0144212922660482,0.1560589247124251
359,2012-01-09,0.1573591704555324,0.1576362597218804,0.1581941264245089,0.1595009774388611,0.0453794376681526,0.0004786398716584983,0.001577335009455283,0.0008700130362338798,0.0018227080023381914,-0.007634415313507004,0.1576362597218804
360,2012-01-10,0.1572286383947357,0.157680060161414,0.1574981736136655,0.1588341393043639,0.0517951059587202,-0.00013053206079671753,4.3800439533614455e-05,-0.0006959528108433921,-0.0006668381344971941,0.006415668290567604,0.157680060161414
361,2012-01-11,0.1568370748808632,0.1568476040168401,0.1568022280474635,0.1581228619337509,0.0405175897060224,-0.0003915635138724838,-0.0008324561445739176,-0.0006959455662020053,-0.0007112773706129949,-0.011277516252697802,0.1568476040168401
362,2012-01-12,0.1562714842339034,0.1566285310210477,0.1564977436013067,0.1583006663880577,0.0595017919851779,-0.000565590646959796,-0.00021907299579237982,-0.0003044844461567997,0.00017780445430679026,0.018984202279155503,0.1566285310210477
363,2012-01-13,0.154792312138855,0.1560151596719536,0.1558888020625799,0.1567447629427469,0.0596101980546038,-0.0014791720950484144,-0.0006133713490941162,-0.0006089415387267871,-0.0015559034453108134,0.00010840606942589398,0.1560151596719536
364,2012-01-17,0.156750068793705,0.1584686568680174,0.158194098015512,0.1591453086731383,0.0680855816642631,0.0019577566548500125,0.002453497196063803,0.002305295952932107,0.002400545730391418,0.008475383609659298,0.1584686568680174
365,2012-01-18,0.1625797957072808,0.1674501659083243,0.1669367545864527,0.1655911399758914,0.1991288094057048,0.005829726913575778,0.008981509040306895,0.008742656570940699,0.006445831302753086,0.1310432277414417,0.1674501659083243
366,2012-01-19,0.1672784009722258,0.1659605615744974,0.1672412342335929,0.1681250271344222,0.1957945015127574,0.004698605264945005,-0.0014896043338268883,0.00030447964714019893,0.002533887158530812,-0.0033343078929473913,0.1659605615744974
367,2012-01-20,0.1650596092459218,0.1637261255745385,0.1652839160669085,0.1655911452202491,0.1013629599455998,-0.002218791726303987,-0.0022344359999589003,-0.001957318166684402,-0.002533881914173114,-0.0944315415671576,0.1637261255745385
368,2012-01-23,0.1623622321741124,0.1628498335913689,0.1639354960371116,0.1648798363907372,0.060493871772045,-0.0026973770718094203,-0.0008762919831696026,-0.001348420029796904,-0.0007113088295118974,-0.04086908817355479,0.1628498335913689
369,2012-01-24,0.1607960446767992,0.1634632285398377,0.1630656046858683,0.1632350541338996,0.0432244564092624,-0.0015661874973131873,0.0006133949484687928,-0.000869891351243296,-0.0016447822568375903,-0.0172694153627826,0.1634632285398377
370,2012-01-25,0.1624058035079521,0.1611850392990948,0.1627176769233185,0.1621237504996717,0.0774347838941431,0.0016097588311529132,-0.002278189240742884,-0.00034792776254979896,-0.0011113036342279003,0.0342103274848807,0.1611850392990948
371,2012-01-26,0.162840793293211,0.1626745964341722,0.1647184197735893,0.1635906655345073,0.0737226972744086,0.00043498978525888243,0.0014895571350773962,0.002000742850270798,0.001466915034835592,-0.003712086619734503,0.1626745964341722
372,2012-01-27,0.158794844288192,0.1611850392990948,0.1615867941899209,0.1622571070789761,0.0469201178669627,-0.004045949005019006,-0.0014895571350773962,-0.003131625583668418,-0.0013335584555312086,-0.026802579407445896,0.1611850392990948
373,2012-01-30,0.158707817187381,0.1615355136134881,0.1610648185498558,0.1608345659470705,0.0541307639999868,-8.702710081098797e-05,0.00035047431439330645,-0.0005219756400650921,-0.001422541131905597,0.0072106461330241,0.1615355136134881
374,2012-01-31,0.1617966759254707,0.1616669385314637,0.1625436521589957,0.1627460660666101,0.0496795450887123,0.0030888587380897004,0.00013142491797557554,0.0014788336091398901,0.0019115001195396109,-0.0044512189112745,0.1616669385314637
375,2012-02-01,0.1627102839090093,0.1645585227206756,0.1638050144790107,0.1643908402265324,0.0581976341196605,0.0009136079835385946,0.0028915841892118987,0.0012613623200150026,0.0016447741599222854,0.008518089030948202,0.1645585227206756
376,2012-02-02,0.163275866876722,0.1651280936302361,0.1666757586202245,0.1668358310622994,0.080650830620444,0.0005655829677126967,0.0005695709095605017,0.002870744141213799,0.002444990835767019,0.022453196500783493,0.1651280936302361
377,2012-02-03,0.1665387803860539,0.1683263870933698,0.1691115337549389,0.1686584505779101,0.0730262704041575,0.003262913509331916,0.0031982934631337168,0.0024357751347144074,0.0018226195156106906,-0.007624560216286491,0.1683263870933698
378,2012-02-06,0.1655381568917856,0.1665739093242168,0.1664147838605494,0.1679916502222831,0.0565781131430861,-0.001000623494268299,-0.0017524777691529936,-0.002696749894389505,-0.0006668003556269952,-0.016448157261071406,0.1665739093242168
379,2012-02-07,0.1646245360356899,0.1634194163006167,0.1647184409182285,0.1655022095395979,0.0915177178222863,-0.0009136208560956982,-0.0031544930236001023,-0.0016963429423209053,-0.0024894406826851956,0.03493960467920021,0.1634194163006167
380,2012-02-08,0.1617531687014351,0.1633317800224873,0.1627611184865073,0.1641241197211239,0.0862386707444868,-0.002871367334254804,-8.763627812941044e-05,-0.001957322431721198,-0.0013780898184740098,-0.005279047077799512,0.1633317800224873
381,2012-02-09,0.1624492653086885,0.1635508648179671,0.163109103040471,0.1644353238574469,0.0648071193222321,0.0006960966072533936,0.00021908479547980142,0.00034798455396370387,0.0003112041363230178,-0.021431551422254697,0.1635508648179671
382,2012-02-10,0.1612746387157045,0.1607468933075099,0.161238805922526,0.1623904494185267,0.0458459122699245,-0.0011746265929840072,-0.0028039715104571927,-0.00187029711794498,-0.002044874438920208,-0.018961207052307597,0.1607468933075099
383,2012-02-13,0.1612310683642371,0.160571585352189,0.1611952452517338,0.1615902037155519,0.1112279122633544,-4.357035146740351e-05,-0.00017530795532091914,-4.3560670792225364e-05,-0.0008002457029747945,0.0653819999934299,0.160571585352189
384,2012-02-14,0.15849027192707,0.1618421756886604,0.160673334276383,0.1612790773515607,0.1282706603900647,-0.002740796437167098,0.0012705903364714222,-0.0005219109753507867,-0.00031112636399122096,0.017042748126710305,0.1618421756886604
385,2012-02-15,0.1616661670587015,0.1607906937470435,0.1626741528388447,0.1630572447720883,0.0610129068923264,0.0031758951316314954,-0.0010514819416169163,0.0020008185624617036,0.00177816742052761,-0.06725775349773831,0.1607906937470435
386,2012-02-16,0.1597922954823784,0.1642364266544176,0.1640602988735101,0.1632763060708994,0.0586772488510599,-0.0018738715763230995,0.0034457329073740994,0.0013861460346653864,0.00021906129881110736,-0.0023356580412665015,0.1642364266544176
387,2012-02-17,0.1632183225383879,0.1644133747662836,0.1641481572442558,0.1655652485546618,0.047527848862229,0.0034260270560095007,0.0001769481118659988,8.785837074570813e-05,0.0022889424837623795,-0.011149399988830896,0.1644133747662836
388,2012-02-21,0.1637893235846045,0.1620248112498408,0.1639285895359819,0.163635368783248,0.0373146831093488,0.0005710010462166015,-0.0023885635164427876,-0.00021956770827388783,-0.0019298797714137894,-0.010213165752880199,0.1620248112498408
389,2012-02-22,0.1602754290295746,0.1605650719247583,0.1616011213468682,0.1625133000771777,0.0360992211188163,-0.0035138945550299006,-0.0014597393250825041,-0.002327468189113724,-0.0011220687060702894,-0.0012154619905325043,0.1605650719247583
390,2012-02-23,0.1596166289826342,0.1606535931794408,0.1606789986682227,0.1615708617370698,0.0438880329554451,-0.0006588000469403832,8.852125468250538e-05,-0.0009221226786454984,-0.000942438340107904,0.007788811836628801,0.1606535931794408
391,2012-02-24,0.1597923380356864,0.1608747665195859,0.1601959615587863,0.1623787301588956,0.0363061781604475,0.00017570905305219764,0.0002211733401450977,-0.0004830371094363961,0.0008078684218257859,-0.0075818547949976015,0.1608747665195859
392,2012-02-27,0.1586502513542924,0.1607419964372496,0.160503276885676,0.1607180684037207,0.079297397268824,-0.0011420866813940111,-0.00013277008233630871,0.0003073153268897122,-0.0016606617551749026,0.0429912191083765,0.1607419964372496
393,2012-02-28,0.1603193774970764,0.1625998100155935,0.1622159386729523,0.1627377337782181,0.0450180841033996,0.0016691261427839998,0.0018578135783439143,0.001712661787276304,0.002019665374497409,-0.034279313165424395,0.1625998100155935
394,2012-02-29,0.1615492174159875,0.1595477500780903,0.1616889810660487,0.1617054756824341,0.0554447769627247,0.0012298399189110965,-0.00305205993750321,-0.0005269576069036053,-0.001032258095784,0.010426692859325098,0.1595477500780903
395,2012-03-01,0.1595287771002236,0.1598573974741683,0.1598446471540459,0.1617503853491012,0.0397784574144823,-0.0020204403157638995,0.00030964739607799996,-0.0018443339120028102,4.4909666667092285e-05,-0.0156663195482424,0.1598573974741683
396,2012-03-02,0.1578158226343621,0.1579112042373904,0.1591859850033855,0.1593717366739042,0.0486611850425904,-0.001712954465861477,-0.0019461932367778878,-0.0006586621506604051,-0.0023786486751969926,0.0088827276281081,0.1579112042373904
397,2012-03-05,0.1566298379499555,0.1555667951511025,0.157780699861927,0.1571725284878442,0.0609307810821553,-0.0011859846844066158,-0.002344409086287913,-0.00140528514145849,-0.002199208186060009,0.0122695960395649,0.1555667951511025
398,2012-03-06,0.1537309168119728,0.1562745403998168,0.1560241628413649,0.1570827689168513,0.0611574483182276,-0.0028989211379827073,0.0007077452487143088,-0.00175653702056211,-8.975957099288667e-05,0.00022666723607230044,0.1562745403998168
399,2012-03-07,0.1556195833486703,0.1577784105556793,0.1573415477990689,0.1580252320496997,0.0405701502245319,0.001888666536697503,0.00150387015586248,0.0013173849577040042,0.0009424631328484034,-0.0205872980936957,0.1577784105556793
400,2012-03-08,0.1570690995473138,0.1585746652593887,0.1584833503884292,0.1597756431622702,0.0551524090785155,0.0014495161986435023,0.0007962547037094203,0.0011418025893603079,0.001750411112570488,0.0145822588539836,0.1585746652593887
401,2012-03-09,0.1568933966545785,0.1598131722458892,0.1590542054476828,0.1597756196241989,0.0461645604133884,-0.00017570289273530215,0.0012385069865004927,0.000570855059253611,-2.3538071297624086e-08,-0.008987848665127099,0.1598131722458892
402,2012-03-12,0.1586941912806215,0.158618831489231,0.1589224011922697,0.1600897306486713,0.0545479631156561,0.0018007946260430174,-0.0011943407566581965,-0.00013180425541312046,0.00031411102447240213,0.0083834027022677,0.158618831489231
403,2012-03-13,0.1582549653218602,0.1618478395386001,0.1606789572213958,0.1613464195675703,0.047823501778845,-0.0004392259587613079,0.0032290080493690976,0.0017565560291261106,0.0012566889188989905,-0.006724461336811101,0.1618478395386001
404,2012-03-14,0.1607586274032972,0.1616267251968919,0.1624355445670594,0.1633212146730425,0.0593441104296493,0.002503662081436986,-0.00022111434170821176,0.001756587345663585,0.0019747951054722157,0.011520608650804301,0.1616267251968919
405,2012-03-15,0.1602315089088785,0.1631748205810336,0.1624794042232333,0.1635455685877715,0.0460068788578599,-0.0005271184944186935,0.0015480953841417178,4.38596561739002e-05,0.00022435391472899746,-0.013337231571789399,0.1631748205810336
406,2012-03-16,0.1617249340991721,0.1613613148287804,0.1623037856590085,0.1633660975863482,0.0882753908367306,0.0014934251902936069,-0.0018135057522531972,-0.00017561856422479427,-0.00017947100142329253,0.042268511978870695,0.1613613148287804
407,2012-03-19,0.1595288182772846,0.1625114185574721,0.1621281691242387,0.1627377931783505,0.0313424941937052,-0.002196115821887501,0.001150103728691676,-0.00017561653476980132,-0.0006283044079977151,-0.056932896643025394,0.1625114185574721
408,2012-03-20,0.1606268173633778,0.1618478395386001,0.1611180840450772,0.1627377128941994,0.0552739552775688,0.0010979990860932043,-0.0006635790188719848,-0.0010100850791615046,-8.028415110494791e-08,0.023931461083863598,0.1618478395386001
409,2012-03-21,0.1607147169977484,0.1628210187548007,0.1619964062547306,0.1635007474056972,0.0318878095732414,8.789963437058623e-05,0.0009731792162006037,0.0008783222096534204,0.0007630345114978121,-0.0233861457043274,0.1628210187548007
410,2012-03-22,0.1605389423676783,0.1623343760481072,0.1626989402907512,0.1636801950705133,0.0459608884041641,-0.00017577463007009686,-0.0004866427066935186,0.0007025340360205801,0.0001794476648160903,0.014073078830922701,0.1623343760481072
411,2012-03-23,0.1608465053194251,0.1617594480804788,0.1616451324612265,0.1630070805249327,0.0334022095127968,0.0003075629517468037,-0.0005749279676283969,-0.0010538078295246889,-0.0006731145455805831,-0.012558678891367303,0.1617594480804788
412,2012-03-26,0.1617688299167469,0.1635286932053907,0.1628307211479696,0.1643534261421506,0.0471303599410008,0.0009223245973218053,0.0017692451249119168,0.0011855886867430943,0.0013463456172178867,0.013728150428204001,0.1635286932053907
413,2012-03-27,0.1621202805477729,0.1633075906633699,0.1628307959212242,0.1652511211305771,0.047590264477959,0.0003514506310259846,-0.00022110254202081792,7.477325461580087e-08,0.0008976949884265117,0.0004599045369581972,0.1633075906633699
414,2012-03-28,0.1618566707665561,0.1618920765665666,0.1619524601125049,0.1627377246008607,0.0391575862895887,-0.0002636097812167837,-0.0014155140968032942,-0.0008783358087193216,-0.0025133965297164107,-0.008432678188370298,0.1618920765665666
415,2012-03-29,0.1599680429066929,0.1625114185574721,0.1614694785637618,0.1622441186993079,0.0417199115669276,-0.0018886278598632122,0.000619341990905492,-0.00048298154874309995,-0.0004936059015527849,0.002562325277338899,0.1625114185574721
416,2012-03-30,0.1626473300618253,0.1645460976498704,0.1643677336540511,0.1651613337237895,0.0490783841582597,0.0026792871551324093,0.0020346790923983227,0.00289825509028932,0.002917215024481584,0.007358472591332099,0.1645460976498704
417,2012-04-02,0.1632622357253152,0.165076871187344,0.1641481546671248,0.1645329897500778,0.0433624277703499,0.0006149056634899008,0.0005307735374735778,-0.0002195789869263165,-0.000628343973711698,-0.005715956387909803,0.165076871187344
418,2012-04-03,0.163262205578741,0.1623786366754484,0.1632698539137228,0.1642187952392261,0.0383067628962159,-3.014657420918887e-08,-0.0026982345118955753,-0.0008783007534019782,-0.00031419451085168415,-0.005055664874133996,0.1623786366754484
419,2012-04-04,0.1597923284201979,0.1599016463018222,0.1600642171858362,0.1613464641400352,0.0369139091557138,-0.0034698771585431054,-0.0024769903736262255,-0.003205636727886624,-0.0028723310991909112,-0.0013928537405021035,0.1599016463018222
420,2012-04-05,0.1587820920718923,0.1598573974741683,0.1591859400119697,0.1611669302345267,0.040123385817201,-0.0010102363483055765,-4.42488276538866e-05,-0.0008782771738664874,-0.000179533905508511,0.003209476661487201,0.1598573974741683
421,2012-04-09,0.157025152273783,0.1567610887090113,0.1573415785768964,0.1587882453204681,0.0648465397111142,-0.0017569397981093138,-0.003096308765157013,-0.0018443614350732995,-0.0023786849140585986,0.024723153893913205,0.1567610887090113
422,2012-04-10,0.1552243096215673,0.1551244838698745,0.1568146108148589,0.1573071756203874,0.0750399952695533,-0.001800842652215695,-0.0016366048391367738,-0.0005269677620375057,-0.0014810697000806894,0.01019345555843909,0.1551244838698745
423,2012-04-11,0.1558831550185186,0.1572476488178931,0.1579124366357466,0.1592819331699751,0.0448472624182437,0.0006588453969512964,0.002123164948018591,0.0010978258208877156,0.0019747575495877023,-0.030192732851309592,0.1572476488178931
424,2012-04-12,0.1561027799307901,0.1600343337863469,0.1591859410017515,0.1595063466455347,0.0425247445066045,0.00021962491227150993,0.002786684968453801,0.0012735043660049017,0.00022441347555959834,-0.0023225179116392047,0.1600343337863469
425,2012-04-13,0.1590895582644827,0.1583977289472102,0.1597129013772123,0.1607181348821688,0.0797868670974439,0.002986778333692597,-0.0016366048391367183,0.0005269603754607943,0.0012117882366340926,0.0372621225908394,0.1583977289472102
426,2012-04-16,0.1584307438327483,0.1579112042373904,0.1593177197683861,0.1598654282857196,0.0744881098252034,-0.0006588144317344058,-0.00048652470981977447,-0.0003951816088262061,-0.0008527065964492042,-0.005298757272240495,0.1579112042373904
427,2012-04-17,0.1582550018031934,0.160918991747865,0.1606350882696701,0.1605834743659746,0.0538679614074392,-0.00017574202955489282,0.003007787510474591,0.0013173685012839997,0.0007180460802549971,-0.020620148417764203,0.160918991747865
428,2012-04-18,0.1585624883846683,0.1602112936979002,0.1592737941874357,0.1605835007688909,0.0465291990105482,0.0003074865814748917,-0.0007076980499648167,-0.0013612940822343989,2.6402916325496406e-08,-0.007338762396890998,0.1602112936979002
429,2012-04-19,0.1591773751766387,0.158176520208003,0.1621281011387161,0.160493685603626,0.07953063456971,0.0006148867919704148,-0.002034773489897196,0.0028543069512803887,-8.981516526490596e-05,0.0330014355591618,0.158176520208003
430,2012-04-20,0.1580353369568259,0.1560533198609222,0.158351538711975,0.1582945087449419,0.068108576891111,-0.0011420382198128187,-0.0021232003470808003,-0.003776562426741098,-0.002199176858684121,-0.01142205767859901,0.1560533198609222
431,2012-04-23,0.1535113270160251,0.1534878908304252,0.1541359095595249,0.1556466077313716,0.0778486979774055,-0.004524009940800794,-0.0025654290304970018,-0.004215629152450107,-0.002647901013570292,0.009740121086294504,0.1534878908304252
432,2012-04-24,0.153203828233623,0.1529128212665482,0.15352108678596,0.1551080042333885,0.0691762124233355,-0.0003074987824021047,-0.0005750695638769843,-0.0006148227735648937,-0.0005386034979830978,-0.008672485554069992,0.1529128212665482
433,2012-04-25,0.1531160162399824,0.1544167740202223,0.1536528746167221,0.155422205161109,0.0547122147359983,-8.781199364060743e-05,0.0015039527536740982,0.00013178783076212008,0.00031420092772049824,-0.014463997687337207,0.1544167740202223
434,2012-04-26,0.153247789059074,0.1564072632834036,0.1560241926090073,0.1560056521610061,0.0563448758422001,0.00013177281909160232,0.0019904892631812943,0.0023713179922851824,0.000583446999897097,0.0016326611062017979,0.1564072632834036
435,2012-04-27,0.1559709838191526,0.1566283894247992,0.1565072077718468,0.15784572939752,0.0640548469010646,0.0027231947600785955,0.0002211261413956056,0.0004830151628394952,0.001840077236513915,0.0077099710588645,0.1566283894247992
436,2012-04-30,0.1554000177882193,0.1564514767119954,0.1561559321583188,0.1580252794807764,0.0591305833232044,-0.0005709660309332898,-0.0001769127128037895,-0.0003512756135279904,0.00017955008325640232,-0.004924263577860195,0.1564514767119954
437,2012-05-01,0.1550486104012851,0.1558322055192141,0.1569463595422406,0.1580701552334189,0.0708285837239784,-0.0003514073869342049,-0.0006192711927813233,0.0007904273839217935,4.487575264250365e-05,0.011698000400774004,0.1558322055192141
438,2012-05-02,0.1536869861675114,0.1544609638494394,0.1565950260326495,0.1559158607670674,0.1359050757035718,-0.0013616242337737006,-0.0013712416697747032,-0.00035133350959110077,-0.002154294466351514,0.06507649197959339,0.1544609638494394
439,2012-05-03,0.1536430726493922,0.1534436302030839,0.1551459131681802,0.1556914623694371,0.1114841447910883,-4.3913518119192974e-05,-0.0010173336463554783,-0.001449112864469304,-0.00022439839763030434,-0.0244209309124835,0.1534436302030839
440,2012-05-04,0.1509198797559976,0.1494627224748456,0.1513693974024367,0.1515175833278262,0.1115597005364457,-0.0027231928933945937,-0.003980907728238309,-0.0037765157657434767,-0.004173879041610901,7.555574535740572e-05,0.1494627224748456
441,2012-05-07,0.1474938801508015,0.1480030303485127,0.1476806727411271,0.1495428333768743,0.0767712073479604,-0.0034259996051961006,-0.001459692126332901,-0.0036887246613096225,-0.0019747499509518984,-0.0347884931884853,0.1480030303485127
442,2012-05-08,0.1457369637319195,0.1446413584139936,0.1460998042306514,0.1465358433977886,0.1393740699251998,-0.0017569164188820097,-0.0033616719345191115,-0.0015808685104757025,-0.003006989979085689,0.06260286257723939,0.1446413584139936
443,2012-05-09,0.1421791408931535,0.1415450142497744,0.1422353795675674,0.1431697311143358,0.1510490750991258,-0.0035578228387659894,-0.0030963441642191947,-0.003864424663083982,-0.0033661122834527935,0.011675005173926,0.1415450142497744
444,2012-05-10,0.1409492680771824,0.141235355054009,0.1417962216903958,0.1422720893174887,0.191678355906981,-0.001229872815971117,-0.0003096591957653938,-0.0004391578771716087,-0.0008976417968471206,0.04062928080785522,0.141235355054009
445,2012-05-11,0.1402465362964025,0.1411026911688591,0.1422353863979244,0.1431697379895617,0.1372782192496329,-0.0007027317807798972,-0.0001326638851499029,0.0004391647075286109,0.0008976486720730092,-0.05440013665734811,0.1411026911688591
446,2012-05-14,0.1390167026203001,0.1402180568067157,0.1395566937088018,0.1411052425405128,0.0909067017946132,-0.001229833676102382,-0.0008846343621433939,-0.0026786926891226026,-0.0020644954490489087,-0.0463715174550197,0.1402180568067157
447,2012-05-15,0.1387033176547924,0.1401732887928174,0.1410258947208025,0.1413190801024454,0.0776187457089264,-0.00031338496550770145,-4.476801389829976e-05,0.0014692010120007093,0.00021383756193260606,-0.013287956085686795,0.1401732887928174
448,2012-05-16,0.1401689692347031,0.1401285679776685,0.1409814969752784,0.1418636730514727,0.1062740833938326,0.0014656515799106873,-4.4720815148890924e-05,-4.439774552411624e-05,0.0005445929490273116,0.02865533768490619,0.1401285679776685
449,2012-05-17,0.1389253833196898,0.1386078478682354,0.1399157973463542,0.1405929642500486,0.0712293576776134,-0.0012435859150133066,-0.0015207201094331046,-0.0010656996289241938,-0.001270708801424103,-0.035044725716219194,0.1386078478682354
450,2012-05-18,0.137992727622537,0.1363715475176714,0.1385837157867316,0.1379154663718563,0.1057484782087375,-0.0009326556971527844,-0.002236300350564019,-0.001332081559622611,-0.0026774978781922976,0.0345191205311241,0.1363715475176714
451,2012-05-21,0.1360828805840823,0.1381605453192481,0.1382284206805687,0.1384146030709962,0.0749118790056864,-0.001909847038454704,0.0017889978015767083,-0.0003552951061628895,0.000499136699139896,-0.03083659920305111,0.1381605453192481
452,2012-05-22,0.1369711945975809,0.1384289528079527,0.1382284622101193,0.1395491909241598,0.1388583198373252,0.0008883140134985923,0.00026840748870460285,4.152955060399144e-08,0.0011345878531635878,0.06394644083163879,0.1384289528079527
453,2012-05-23,0.1369267712942924,0.1395023821680859,0.1389389189767854,0.1393222761792949,0.0963992759788575,-4.442330328849331e-05,0.001073429360133188,0.0007104567666660899,-0.00022691474486488672,-0.04245904385846769,0.1395023821680859
454,2012-05-24,0.1383479807582792,0.1380263828738016,0.1387612797117736,0.138959200978464,0.0648596798407416,0.0014212094639868,-0.001475999294284297,-0.0001776392650117975,-0.00036307520083089795,-0.0315395961381159,0.1380263828738016
455,2012-05-25,0.1374153564874413,0.1383395229773424,0.1384061062595552,0.1398668882715629,0.0456422402607001,-0.0009326242708379007,0.00031314010354080435,-0.00035517345221838803,0.0009076872930988966,-0.019217439580041504,0.1383395229773424
456,2012-05-29,0.1387921866021328,0.1402180568067157,0.1398270352153908,0.1408199261554048,0.0461481352513542,0.0013768301146915018,0.0018785338293733078,0.001420928955835593,0.0009530378838419062,0.0005058949906541002,0.1402180568067157
457,2012-05-30,0.1388809560196172,0.1399943583334725,0.1395161512608744,0.1398214595956378,0.1409246052212305,8.87694174843967e-05,-0.00022369847324318903,-0.0003108839545163944,-0.000998466559767014,0.09477646996987629,0.1399943583334725
458,2012-05-31,0.1386588404089442,0.1387419749146198,0.1388944601960698,0.1393222218642767,0.1771388024742864,-0.0002221156106730071,-0.001252383418852726,-0.0006216910648046137,-0.0004992377313610963,0.03621419725305591,0.1387419749146198
459,2012-06-01,0.1356387766860546,0.1359689657838329,0.1373403780125098,0.1376431359117076,0.0686637473678677,-0.003020063722889599,-0.0027730091307868743,-0.001554082183559985,-0.0016790859525691038,-0.1084750551064187,0.1359689657838329
460,2012-06-04,0.1353723054311086,0.1364609773482817,0.1365411274832226,0.1371893316740316,0.0499324925840393,-0.0002664712549459991,0.0004920115644487799,-0.0007992505292871988,-0.0004538042376759921,-0.018731254783828408,0.1364609773482817
461,2012-06-05,0.1355943653937278,0.1377133135683849,0.1372959766286447,0.13728008474257,0.0527050599354162,0.00022205996261920324,0.0012523362201032062,0.0007548491454220929,9.075306853839615e-05,0.0027725673513769034,0.1377133135683849
462,2012-06-06,0.1380815315376076,0.1417834505325482,0.1408926808039275,0.1405022053949847,0.0593901008833452,0.00248716614387981,0.004070136964163307,0.0035967041752827944,0.0032221206524147006,0.0066850409479289954,0.1417834505325482
463,2012-06-07,0.1422563861334578,0.1419623455928309,0.1427576345056298,0.1436335483674487,0.0808972080509574,0.004174854595850208,0.00017889506028270774,0.00186495370170231,0.0031313429724640074,0.021507107167612206,0.1419623455928309
464,2012-06-08,0.1402577985917625,0.1431699727974727,0.1424468249531085,0.1433158913110717,0.0596134830870106,-0.0019985875416953236,0.0012076272046417924,-0.0003108095525213017,-0.00031765705637701314,-0.0212837249639468,0.1431699727974727
465,2012-06-11,0.1430558641151469,0.1412467535520127,0.1431573016589797,0.1430890049434928,0.0738770937975303,0.0027980655233844076,-0.0019232192454600172,0.0007104767058711825,-0.00022688636757889347,0.014263610710519695,0.1412467535520127
466,2012-06-12,0.1405686991919936,0.1442881465721294,0.1433348915056229,0.1436335705922142,0.0457407912329055,-0.00248716492315329,0.003041393020116717,0.00017758984664320576,0.0005445656487214068,-0.028136302564624793,0.1442881465721294
467,2012-06-13,0.1427005637705667,0.1424991015718033,0.1436013299556692,0.1439966357289811,0.0523732716623249,0.0021318645785730894,-0.0017890450003261171,0.0002664384500463135,0.0003630651367668991,0.006632480429419399,0.1424991015718033
468,2012-06-14,0.1417678494542442,0.1423648919276073,0.1432016698491724,0.1429528283145737,0.0559211066617172,-0.0009327143163224971,-0.00013420964419599835,-0.0003996601064968075,-0.001043807414407405,0.003547834999392298,0.1423648919276073
469,2012-06-15,0.1417678386604417,0.1452721107025902,0.1442229400626404,0.1440419807151226,0.0681414272151794,-1.0793802490693949e-08,0.0029072187749829004,0.001021270213467984,0.0010891524005488817,0.012220320553462206,0.1452721107025902
470,2012-06-18,0.1437220556448636,0.1469717494716808,0.146487555685586,0.146583383489972,0.0576917391290065,0.001954216984421886,0.0016996387690906,0.0022646156229456094,0.002541402774849405,-0.010449688086172908,0.1469717494716808
471,2012-06-19,0.1467421407757415,0.1478215157576329,0.14786402333383,0.1485801621758763,0.0516768447920738,0.0030200851308778975,0.0008497662859520971,0.0013764676482440064,0.00199677868590431,-0.006014894336932697,0.1478215157576329
472,2012-06-20,0.147630457204061,0.148671376441084,0.1484413187136135,0.1494424549444072,0.0508457315931421,0.0008883164283195188,0.0008498606834511091,0.0005772953797834879,0.0008622927685308923,-0.0008311131989316989,0.148671376441084
473,2012-06-21,0.1474527756899738,0.1454510293622476,0.1478196471425472,0.1469464329010408,0.0671657725903466,-0.00017768151408720234,-0.003220347078836394,-0.0006216715710662957,-0.0024960220433663804,0.0163200409972045,0.1454510293622476
474,2012-06-22,0.1454097747509181,0.1484924577814265,0.1478196627305623,0.1478994631780706,0.0737259823068154,-0.0020430009390557113,0.0030414284191788987,1.558801510093133e-08,0.0009530302770297816,0.006560209716468798,0.1484924577814265
475,2012-06-25,0.1457206682352822,0.1436619725622341,0.1464875578587176,0.1448134961198786,0.0655791019378406,0.0003108934843641109,-0.00483048521919241,-0.0013321048718447082,-0.003085967058192002,-0.008146880368974804,0.1436619725622341
476,2012-06-26,0.1430558562511723,0.1447801463368909,0.1451554433542561,0.1445865980003255,0.0946220734467545,-0.0026648119841099216,0.001118173774656811,-0.0013321145044614957,-0.0002268981195530928,0.029042971508913898,0.1447801463368909
477,2012-06-27,0.1445659160327744,0.1453168787164885,0.1456882993989283,0.1468102996347245,0.0639990013501483,0.0015100597816021244,0.0005367323795975876,0.0005328560446722086,0.002223701634399,-0.030623072096606196,0.1453168787164885
478,2012-06-28,0.1436332408938984,0.1441987167415191,0.1441341665247128,0.1444504538322825,0.0482866913482101,-0.0009326751388760157,-0.0011181619749693894,-0.0015541328742154914,-0.002359845802442001,-0.0157123100019382,0.1441987167415191
479,2012-06-29,0.1456762509118639,0.1479557490012036,0.1473756224771956,0.1476271719646395,0.0664299253312133,0.002043010017965502,0.0037570322596844896,0.0032414559524827913,0.0031767181323570093,0.018143233983003194,0.1479557490012036
480,2012-07-02,0.1476748081654914,0.1467480745978124,0.1479528209514719,0.1478086502128367,0.0407344018448742,0.001998557253627492,-0.0012076744033912012,0.0005771984742762859,0.0001814782481971977,-0.025695523486339092,0.1467480745978124
481,2012-07-03,0.1454541887153388,0.1478662955712186,0.1468427856238633,0.1482625170905123,0.0180381129459842,-0.002220619450152589,0.0011182209734062198,-0.0011100353276085884,0.0004538668776755961,-0.022696288898890003,0.1478662955712186
482,2012-07-05,0.1468309911177961,0.1480451670321265,0.1479972672062649,0.1478086833316053,0.0370617356140218,0.0013768024024573,0.0001788714609078923,0.001154481582401612,-0.0004538337589070074,0.019023622668037598,0.1480451670321265
483,2012-07-06,0.1463868406938785,0.1440197744824869,0.1470203767671199,0.1455849770192528,0.067198622914415,-0.00044415042391759973,-0.0040253925496396,-0.0009768904391450062,-0.002223706312352497,0.030136887300393204,0.1440197744824869
484,2012-07-09,0.1424340472077337,0.1420965316376521,0.1429352391791399,0.1432704970139535,0.0561740541570442,-0.003952793486144801,-0.001923242844834805,-0.0040851375879800145,-0.0023144800052992964,-0.011024568757370803,0.1420965316376521
485,2012-07-10,0.1413681176459889,0.1405310907130702,0.1423579973747259,0.1414098349589572,0.0691072267427918,-0.0010659295617448106,-0.0015654409245818846,-0.000577241804413986,-0.0018606620549962982,0.012933172585747596,0.1405310907130702
486,2012-07-11,0.1397692264772318,0.1403969046682489,0.1408482622255492,0.1408198716800215,0.0867609908971752,-0.0015988911687570828,-0.00013418604482132168,-0.0015097351491767108,-0.0005899632789357068,0.01765376415438341,0.1403969046682489
487,2012-07-12,0.1380370947369294,0.1387867429285181,0.1385836682019011,0.1389592079908455,0.0823820426988512,-0.0017321317403024006,-0.0016101617397308032,-0.002264594023648092,-0.0018606636891760064,-0.004378948198324004,0.1387867429285181
488,2012-07-13,0.1379038627403906,0.1414703458280695,0.1410702883139595,0.1407291088374276,0.0610326170867675,-0.00013323199653880735,0.0026836028995514127,0.002486620112058413,0.001769900846582101,-0.0213494256120837,0.1414703458280695
489,2012-07-16,0.1403466436519673,0.1411125675071914,0.1412035281878003,0.1418183067265055,0.0523437063706633,0.0024427809115767085,-0.0003577783208781049,0.00013323987384078473,0.0010891978890779086,-0.008688910716104198,0.1411125675071914
490,2012-07-17,0.141146082180491,0.1413809277971465,0.1413367363837722,0.1413644806808471,0.0460955747328447,0.0007994385285236827,0.00026836028995511074,0.00013320819597190114,-0.000453826045658412,-0.0062481316378186005,0.1413809277971465
491,2012-07-18,0.1405686783045272,0.1456746570373666,0.1454662417897631,0.1431797290316402,0.0427809770343384,-0.0005774038759637778,0.00429372924022009,0.004129505405990913,0.0018152483507931083,-0.003314597698506304,0.1456746570373666
492,2012-07-19,0.1450544607090389,0.1467928426117107,0.1463543370948777,0.1476271678699785,0.0609012157904937,0.004485782404511696,0.0011181855743440938,0.0008880953051145779,0.0044474388383383134,0.018120238756155302,0.1467928426117107
493,2012-07-20,0.1456762748161687,0.1448696233662506,0.1456439077442715,0.1458119320390689,0.05554332793493,0.0006218141071298033,-0.0019232192454601005,-0.0007104293506061954,-0.0018152358309096173,-0.005357887855563702,0.1448696233662506
494,2012-07-23,0.1419011134589642,0.1422307294821608,0.1418695851710023,0.1422721228408544,0.0440719947702284,-0.003775161357204515,-0.002638893884089777,-0.0037743225732692065,-0.0035398091982145052,-0.0114713331647016,0.1422307294821608
495,2012-07-24,0.1414125774629807,0.1407547655869386,0.1416031724812459,0.1416367861210342,0.0736208612697964,-0.0004885359959835023,-0.0014759638952221987,-0.00026641268975638455,-0.0006353367198201898,0.029548866499568005,0.1407547655869386
496,2012-07-25,0.1398580623974531,0.1427674264626963,0.1432904731979879,0.1425443850796669,0.0653951401230573,-0.0015545150655275897,0.002012660875757688,0.0016873007167420018,0.0009075989586327105,-0.008225721146739098,0.1427674264626963
497,2012-07-26,0.1448324285279171,0.1452274488858782,0.1465763840907705,0.1465380453118233,0.043444553580521,0.0049743661304640086,0.0024600224231819123,0.003285910892782601,0.0039936602321563874,-0.0219505865425363,0.1452274488858782
498,2012-07-27,0.1456762393298667,0.1471506563316509,0.1465763442337291,0.1473548801928538,0.0933770461645604,0.0008438108019495905,0.0019232074457726789,-3.985704141729052e-08,0.0008168348810305148,0.049932492584039395,0.1471506563316509
499,2012-07-30,0.1461647630756788,0.1492080498222447,0.1483524680850779,0.1483078671970337,0.1083337987129243,0.0004885237458120972,0.0020573934905938063,0.0017761238513488153,0.0009529870041798949,0.0149567525483639,0.1492080498222447
500,2012-07-31,0.1482078358029763,0.1492975622506667,0.1497734396216497,0.1505770169960462,0.092687189359123,0.002043072727297507,8.951242842200613e-05,0.0014209715365718079,0.002269149799012493,-0.0156466093538013,0.1492975622506667
501,2012-08-01,0.1495402016623794,0.1502367819666038,0.1502618464104462,0.1510761842016083,0.0755885956814964,0.0013323658594031063,0.0009392197159371063,0.0004884067887964971,0.0004991672055620899,-0.017098593677626603,0.1502367819666038
502,2012-08-02,0.1462536114866338,0.1493869802815896,0.1494181820711235,0.1492155273475193,0.0594229512074136,-0.0032865901757456184,-0.0008498016850142232,-0.0008436643393227028,-0.0018606568540889823,-0.016165644474082794,0.1493869802815896
503,2012-08-03,0.1510058546388691,0.1552014414309301,0.1544801933534213,0.1517569013520322,0.0854239827075894,0.004752243152235297,0.005814461149340505,0.005062011282297801,0.002541374004512903,0.026001031500175797,0.1552014414309301
504,2012-08-06,0.1541147842761744,0.1549330575416002,0.1542581608140466,0.156158928322568,0.0635095315215284,0.003108929637305302,-0.00026838388932989843,-0.0002220325393746947,0.004402026970535794,-0.021914451186061,0.1549330575416002
505,2012-08-07,0.154070415729915,0.1560512785150065,0.1559899541321168,0.1571573899681437,0.0672446133681108,-4.436854625938791e-05,0.0011182209734063031,0.0017317933180701905,0.00099846164557571,0.0037350818465824026,0.1560512785150065
506,2012-08-08,0.1546921333413699,0.1562301027771649,0.1555458216234786,0.1576565059894191,0.0571365686522497,0.0006217176114548806,0.0001788242621584002,-0.00044413250863820086,0.000499116021275392,-0.010108044715861103,0.1562301027771649
507,2012-08-09,0.1543812857302298,0.1559170806704979,0.1557679160413494,0.1572481322136331,0.0709041394693358,-0.00031084761114008597,-0.0003130221066670047,0.00022209441787079953,-0.0004083737757860084,0.0137675708170861,0.1559170806704979
508,2012-08-10,0.1546034113237894,0.1568116621690978,0.1559011664497462,0.1577019893127685,0.0444891938858976,0.00022212559355960781,0.0008945814985999168,0.00013325040839679003,0.0004538570991353963,-0.026414945583438196,0.1568116621690978
509,2012-08-13,0.1552695626355185,0.1565432546803932,0.1559011252093306,0.1575204160194564,0.042557594830673,0.0006661513117290907,-0.00026840748870460285,-4.124041558251079e-08,-0.00018157329331208727,-0.0019315990552246018,0.1565432546803932
510,2012-08-14,0.1554472631321721,0.157661463854112,0.1568336400826137,0.15870039730774,0.0564598519764397,0.00017770049665360999,0.0011182091737187982,0.0009325148732830801,0.001179981288283588,0.013902257145766699,0.157661463854112
511,2012-08-15,0.1561134098777564,0.158108660205913,0.1575884475192886,0.1593356768078332,0.0373442484010104,0.0006661467455842951,0.00044719635180098805,0.0007548074366749147,0.0006352795000932054,-0.019115603575429296,0.158108660205913
512,2012-08-16,0.1570461280960653,0.1592716019944681,0.1585653550533412,0.1603794971809183,0.0315395961381159,0.0009327182183088978,0.0011629417885551108,0.0009769075340526068,0.0010438203730850915,-0.005804652262894505,0.1592716019944681
513,2012-08-17,0.1586449987926085,0.1598082989750036,0.1593646037428343,0.1611509623178579,0.0483491069639402,0.0015988706965431865,0.0005366969805354893,0.0007992486894930761,0.0007714651369395975,0.016809510825824305,0.1598082989750036
514,2012-08-20,0.1586490006842071,0.1584125021558028,0.1586137512682124,0.1600914780991575,0.0442231062609432,4.001891598603979e-06,-0.0013957968192007952,-0.0007508524746218936,-0.0010594842187003906,-0.004126000702996999,0.1584125021558028
515,2012-08-21,0.157976236981366,0.1581866915385197,0.1587483332921093,0.1604581640485447,0.0500836040747542,-0.0006727637028410838,-0.00022581061728310647,0.00013458202389690643,0.0003666859493872132,0.005860497813810997,0.1581866915385197
516,2012-08-22,0.1568100294360664,0.1576446610992909,0.157313330880693,0.1584874093708517,0.0634569710030189,-0.0011662075452996135,-0.0005420304392287911,-0.0014350024114163085,-0.001970754677693004,0.013373366928264706,0.1576446610992909
517,2012-08-23,0.1569894170816457,0.155928148777255,0.1569545364001059,0.1581665353650995,0.0527641905187394,0.0001793876455793153,-0.0017165123220359013,-0.0003587944805870935,-0.00032087400575220304,-0.010692780484279504,0.155928148777255
518,2012-08-24,0.1550607382598935,0.1568767728440295,0.1562370806803139,0.1567458019713878,0.0814458084629004,-0.001928678821752211,0.0009486240667745116,-0.0007174557197920095,-0.0014207333937117095,0.028681617944160992,0.1568767728440295
519,2012-08-27,0.1560923450666038,0.1560636681867496,0.156685479164937,0.1577082353903052,0.0363751638409912,0.0010316068067103001,-0.0008131046572799061,0.00044839848462310816,0.0009624334189174133,-0.04507064462190919,0.1560636681867496
520,2012-08-28,0.1544327154058829,0.1570122096557125,0.156326702515599,0.1576623784259568,0.0970267171685648,-0.0016596296607208905,0.0009485414689628935,-0.0003587766493380051,-4.585696434841746e-05,0.0606515533275736,0.1570122096557125
521,2012-08-29,0.1553298468117036,0.1569219302476112,0.1567303466500074,0.1584874039851266,0.0499193524544119,0.0008971314058206781,-9.027940810130142e-05,0.00040364413440840963,0.0008250255591698008,-0.0471073647141529,0.1569219302476112
522,2012-08-30,0.154746716965774,0.1555667833514151,0.155474677001331,0.1572040716035202,0.0313786295501805,-0.0005831298459295919,-0.001355146896196091,-0.0012556696486764052,-0.0012833323816063835,-0.0185407229042314,0.1555667833514151
523,2012-08-31,0.1558232044441284,0.1569670522521308,0.1567751425338285,0.157479051296523,0.0411516009605434,0.0010764874783543987,0.0014002689007157065,0.0013004655324974912,0.00027497969300280256,0.009772971410362902,0.1569670522521308
524,2012-09-04,0.1560026194715129,0.1554764331451897,0.155967958041524,0.1556916142751764,0.0539665123796446,0.00017941502738449966,-0.0014906191069411212,-0.0008071844923044913,-0.0017874370213466217,0.012814911419101203,0.1554764331451897
525,2012-09-05,0.1535805216394964,0.1539406684343542,0.1547123388974411,0.1561499399478173,0.0497123954127807,-0.0024220978320164954,-0.0015357647108354966,-0.0012556191440828979,0.0004583256726409246,-0.004254116966863904,0.1539406684343542
526,2012-09-06,0.1543878581193962,0.1577801215103486,0.1569096877428552,0.1561040933266752,0.0919644822296172,0.0008073364798998062,0.003839453075994398,0.0021973488454140877,-4.584662114212601e-05,0.0422520868168365,0.1577801215103486
527,2012-09-07,0.1559129974148626,0.1566057812237899,0.1559232096554938,0.1580749744947103,0.0732200873161613,0.0015251392954663823,-0.0011743402865586894,-0.000986478087361381,0.0019708811680351213,-0.018744394913455906,0.1566057812237899
528,2012-09-10,0.1555092133425387,0.1542116600545938,0.1558334229550872,0.1562415863327421,0.0887090151144341,-0.00040378407232388724,-0.0023941211691961006,-8.97867004066022e-05,-0.001833388161968208,0.015488927798272809,0.1542116600545938
529,2012-09-11,0.1534011118374166,0.1538954992310851,0.1539500072847185,0.1538583461156003,0.0741464664548915,-0.002108101505122112,-0.00031616082350871544,-0.0018834156703687044,-0.0023832402171418132,-0.01456254865954261,0.1538954992310851
530,2012-09-12,0.1535805201119476,0.1527210645470274,0.1535912334647318,0.1544999802605187,0.0602639195035659,0.00017940827453100106,-0.0011744346840576736,-0.00035877381998669633,0.0006416341449184126,-0.01388254695132559,0.1527210645470274
531,2012-09-13,0.151382588321776,0.155160177924182,0.1543535021825377,0.1546832389510109,0.0729441445939864,-0.002197931790171581,0.002439113377154578,0.0007622687178059084,0.00018325869049221066,0.0126802250904205,0.155160177924182
532,2012-09-14,0.1541635377459376,0.155160177924182,0.1558782034343201,0.1565165287764419,0.0649220954564716,0.0027809494241615995,0.0,0.00152470125178239,0.0018332898254309893,-0.008022049137514808,0.155160177924182
533,2012-09-17,0.1539393825125008,0.154437565069376,0.1548469029023813,0.1557374876335017,0.0568540558652611,-0.00022415523343680133,-0.0007226128548059874,-0.0010313005319388113,-0.0007790411429401956,-0.008068039591210496,0.154437565069376
534,2012-09-18,0.1530422414646346,0.1550247293128117,0.1542638856413314,0.1559665886378174,0.0440982750294831,-0.0008971410478662012,0.0005871642434356894,-0.0005830172610498952,0.00022910100431569602,-0.012755780835777997,0.1550247293128117
535,2012-09-19,0.1536254122624525,0.1545279152756015,0.1542639483905607,0.155370847286158,0.0634996764243079,0.000583170797817889,-0.0004968140372101915,6.274922931259752e-08,-0.0005957413516594068,0.019401401394824797,0.1545279152756015
536,2012-09-20,0.1534908392016106,0.1546182418824522,0.1539051706520678,0.155645812376587,0.0768828984497932,-0.00013457306084188603,9.032660685071026e-05,-0.0003587777384929103,0.0002749650904290135,0.013383222025485295,0.1546182418824522
537,2012-09-21,0.1539393565496908,0.1538954992310851,0.1543087516640983,0.1558749520618023,0.0963631406223822,0.0004485173480801852,-0.0007227426513671253,0.0004035810120305017,0.0002291396852152905,0.019480242172589007,0.1538954992310851
538,2012-09-24,0.1524143166335731,0.1524500493274131,0.1525149794752119,0.1544083274174879,0.0593736757213109,-0.0015250399161176875,-0.001445449903671986,-0.0017937721888864055,-0.001466624644314407,-0.0369894649010713,0.1524500493274131
539,2012-09-25,0.1520554760992151,0.1487912258657454,0.1523355993801412,0.1506959224955906,0.050382542023777,-0.00035884053435800145,-0.0036588234616677096,-0.0001793800950706803,-0.003712404921897283,-0.008991133697533904,0.1487912258657454
540,2012-09-26,0.1476149247746371,0.147797503393826,0.1476269635961203,0.1484043321406467,0.0833642673884977,-0.00444055132457799,-0.0009937224719193949,-0.00470863578402092,-0.0022915903549439176,0.0329817253647207,0.147797503393826
541,2012-09-27,0.1472560909290161,0.1487008874592073,0.1484790037438075,0.149458458364855,0.0688969846687537,-0.0003588338456210205,0.0009033840653812908,0.0008520401476872219,0.0010541262242083071,-0.014467282719743998,0.1487008874592073
542,2012-09-28,0.1468972316169478,0.1478878182009894,0.1477166259701519,0.1486334609537777,0.0661802628682931,-0.0003588593120683048,-0.0008130692582178911,-0.0007623777736556203,-0.0008249974110773051,-0.002716721800460606,0.1478878182009894
543,2012-10-01,0.147211179472899,0.148610513653607,0.1487480094817164,0.1501917224359477,0.0899638974938487,0.00031394785595120767,0.0007226954526176055,0.0010313835115645098,0.0015582614821700036,0.023783634625555605,0.148610513653607
544,2012-10-02,0.1504855903922679,0.1507335724044393,0.15045215476296,0.151337587873453,0.0748461783575495,0.003274410919368892,0.0021230587508322962,0.001704145281243602,0.0011458654375053057,-0.015117719136299196,0.1507335724044393
545,2012-10-03,0.1499025193066698,0.1501012271580472,0.1504073556028097,0.1517501152576946,0.0327222078045799,-0.0005830710855980747,-0.0006323452463921075,-4.479916015029395e-05,0.0004125273842416066,-0.042123970552969604,0.1501012271580472
546,2012-10-04,0.149319352453616,0.1497849601373521,0.1496000836188775,0.1512000585120604,0.0425050343121634,-0.0005831668530538181,-0.0003162670206950935,-0.0008072719839322118,-0.0005500567456342143,0.009782826507583504,0.1497849601373521
547,2012-10-05,0.1491399324557993,0.150191494766461,0.1500036822150576,0.1517041973467743,0.0820863897822352,-0.00017941999781670437,0.00040653462910889004,0.0004035985961801103,0.0005041388347138964,0.0395813554700718,0.150191494766461
548,2012-10-08,0.1481980111531072,0.1490170836817781,0.1489722799019914,0.1508792296072581,0.0344008593644776,-0.0009419213026920781,-0.001174411084682886,-0.0010314023130661987,-0.0008249677395161803,-0.0476855304177576,0.1490170836817781
549,2012-10-09,0.1471663479740667,0.1466230215110189,0.1476269210689307,0.1483584475158101,0.0567949252819379,-0.0010316631790405206,-0.0023940621707592147,-0.0013453588330607225,-0.002520782091448015,0.0223940659174603,0.1466230215110189
550,2012-10-10,0.1454618869296075,0.1447710369782378,0.145653784801124,0.1466626653496688,0.0543278659443975,-0.0017044610444592045,-0.001851984532781098,-0.00197313626780668,-0.001695782166141302,-0.002467059337540399,0.1447710369782378
551,2012-10-11,0.144744221820326,0.1447710369782378,0.1453398771462666,0.1467084897398276,0.0306723475827089,-0.000717665109281479,0.0,-0.00031390765485742045,4.582439015882178e-05,-0.0236555183616886,0.1447710369782378
552,2012-10-12,0.1437574545898595,0.1432352722674024,0.1448914714646652,0.1452419022344927,0.0613939706515204,-0.0009867672304665065,-0.0015357647108353856,-0.00044840568160139926,-0.0014665875053349042,0.030721623068811498,0.1432352722674024
553,2012-10-15,0.1429500930366508,0.1454486340257106,0.1446224058785099,0.1456085641621329,0.0357477226512839,-0.0008073615532087075,0.002213361758308191,-0.000269065586155276,0.00036666192764017724,-0.025646248000236502,0.1454486340257106
554,2012-10-16,0.1442957115242846,0.1473909687647171,0.1476269631154268,0.1455169047156988,0.1166777810263098,0.001345618487633815,0.0019423347390065127,0.003004557236916894,-9.165944643407808e-05,0.0809300583750259,0.1473909687647171
555,2012-10-17,0.1455965125568649,0.1468941193284448,0.1467301211385433,0.1483585175931887,0.0613939706515204,0.00130080103258029,-0.0004968494362723175,-0.0008968419768835001,0.0028416128774898797,-0.0552838103747894,0.1468941193284448
556,2012-10-18,0.1458207378020639,0.1432804414706715,0.1458780289943981,0.145287733133558,0.1032485685471287,0.00022422524519899456,-0.0036136778577732787,-0.0008520921441451945,-0.0030707844596306877,0.0418545978956083,0.1432804414706715
557,2012-10-19,0.1424566906552426,0.1416091455506541,0.1425595744721382,0.1427669661963546,0.0741070460660094,-0.0033640471468212862,-0.0016712959200174127,-0.0033184545222599005,-0.002520766937203406,-0.0291415224811193,0.1416091455506541
558,2012-10-22,0.140393389522162,0.1413381185313524,0.1413039278935582,0.1423086363277204,0.0503464066673017,-0.0020633011330806195,-0.00027102701930170614,-0.0012556465785800164,-0.00045832986863419967,-0.0237606393987077,0.1413381185313524
559,2012-10-23,0.1392720491700691,0.142919087844519,0.1425147350045923,0.1420794922550522,0.0613315550357904,-0.001121340352092881,0.0015809693131666192,0.0012108071110341068,-0.00022914407266819148,0.010985148368488698,0.142919087844519
560,2012-10-24,0.1423669740059158,0.1423318646026464,0.1426044047368813,0.1437752714086557,0.0731149662791423,0.0030949248358466963,-0.0005872232418726031,8.966973228899389e-05,0.0016957791536034994,0.011783411243351895,0.1423318646026464
561,2012-10-25,0.1420978533660921,0.1418801607702685,0.1429183226871748,0.1436836068298207,0.052392981856766,-0.0002691206398237056,-0.00045170383237791434,0.00031391795029350744,-9.166457883499901e-05,-0.0207219844223763,0.1418801607702685
562,2012-10-26,0.1409764763125957,0.1433255870745658,0.1426043820915402,0.143729415445255,0.0621462430726879,-0.0011213770534964085,0.0014454263042973092,-0.00031394059563460974,4.580861543429515e-05,0.009753261215921905,0.1433255870745658
563,2012-10-31,0.1424567047546904,0.1415639881470724,0.1430977137112774,0.1433628024825732,0.0601390882721058,0.001480228442094722,-0.0017615989274933908,0.0004933316197372195,-0.00036661296268181154,-0.0020071548005820977,0.1415639881470724
564,2012-11-01,0.1411559132803855,0.1468037337231572,0.1457883381661707,0.1437752740080249,0.0684830705854913,-0.0013007914743049243,0.005239745576084781,0.0026906244548932923,0.0004124715254517075,0.008343982313385498,0.1468037337231572
565,2012-11-02,0.1455516332958968,0.1451776070064089,0.1457883479130922,0.1464335447392543,0.0652801639888177,0.004395720015511306,-0.0016261267167483051,9.746921492137517e-09,0.0026582707312294007,-0.0032029065966736048,0.1451776070064089
566,2012-11-05,0.1433986346765156,0.1463068724871975,0.1455641364329246,0.1456085715303087,0.096304010039059,-0.0021529986193812023,0.0011292654807886215,-0.00022421148016760206,-0.0008249732089455897,0.031023846050241305,0.1463068724871975
567,2012-11-06,0.1460001341751796,0.149739790934083,0.1495103868672333,0.1487709397103246,0.0664200702339928,0.002601499498664006,0.00343291844688548,0.003946250434308712,0.00316236818001589,-0.029883939805066206,0.149739790934083
568,2012-11-07,0.146986949910051,0.1450420875969143,0.1469542916259091,0.1467543540623681,0.0627309788411062,0.0009868157348714157,-0.004697703337168679,-0.002556095241324219,-0.002016585647956509,-0.00368909139288659,0.1450420875969143
569,2012-11-08,0.1442060262851676,0.1441387035315331,0.1455641439367631,0.1461127261755416,0.0493543268804346,-0.0027809236248834135,-0.0009033840653812075,-0.0013901476891459985,-0.0006416278868264791,-0.013376651960671608,0.1441387035315331
570,2012-11-09,0.1394066103347862,0.138311711114201,0.1412142459966648,0.1391920698838265,0.1692941450867413,-0.004799415950381386,-0.005826992417332089,-0.004349897940098296,-0.006920656291715094,0.1199398182063067,0.138311711114201
571,2012-11-12,0.1372984681595163,0.1370921072268743,0.1380751586762305,0.1374962770704542,0.1190988499101543,-0.002108142175269917,-0.0012196038873267256,-0.003139087320434303,-0.0016957928133723155,-0.05019529517658698,0.1370921072268743
572,2012-11-13,0.1354145907599815,0.1360983493558928,0.1368643604233522,0.1374504399084893,0.0967212091547283,-0.0018838773995348002,-0.0009937578709814932,-0.0012107982528782868,-4.5837161964906725e-05,-0.022377640755426004,0.1360983493558928
573,2012-11-14,0.1355043271734018,0.1351046386836608,0.1369092406387375,0.1366713289855273,0.1019247004871703,8.973641342030492e-05,-0.000993710672232001,4.488021538529008e-05,-0.0007791109229619841,0.005203491332441995,0.1351046386836608
574,2012-11-15,0.1341138246053233,0.1337495035871521,0.1346221601782559,0.1352963422759759,0.0825528643840071,-0.0013905025680784888,-0.0013551350965086972,-0.002287080460481594,-0.0013749867095514123,-0.019371836103163204,0.1337495035871521
575,2012-11-16,0.1327233646633954,0.1326654309090073,0.1330077832971023,0.1325464303541693,0.1225415638725276,-0.0013904599419279073,-0.0010840726781448096,-0.0016143768811535952,-0.002749911921806597,0.039988699488520504,0.1326654309090073
576,2012-11-19,0.1326990115209839,0.1368806568291257,0.1363005841041532,0.1355459080850943,0.0834726734579236,-2.4353142411503992e-05,0.004215225920118415,0.003292800807050883,0.0029994777309250154,-0.039068890414604,0.1368806568291257
577,2012-11-20,0.1352412836902501,0.1354176371909532,0.1362551599641947,0.136334470476118,0.0625174517346613,0.0025422721692661965,-0.001463019638172497,-4.5424139958477605e-05,0.0007885623910236783,-0.020955221723262293,0.1354176371909532
578,2012-11-21,0.1347418844068707,0.1344575320283634,0.1353473777261409,0.1364272323352566,0.0855750941983042,-0.000499399283379387,-0.0009601051625897916,-0.0009077822380538225,9.276185913861812e-05,0.02305764246364289,0.1344575320283634
579,2012-11-23,0.134696508195544,0.1371092167735671,0.1361189994220767,0.1370303052782138,0.0281724379211,-4.537621132671976e-05,0.002651684745203692,0.0007716216959358091,0.0006030729429571946,-0.0574026562772042,0.1371092167735671
580,2012-11-26,0.1357406787301146,0.1357834039001837,0.1365728961695674,0.1368911516943901,0.063962865993673,0.001044170534570621,-0.001325812873383403,0.00045389674749068964,-0.00013915358382371457,0.035790428072573,0.1357834039001837
581,2012-11-27,0.1349689348569964,0.1359662990544863,0.1362552070944104,0.1371231150778146,0.0609209259849348,-0.000771743873118208,0.00018289515430258696,-0.00031768907515697387,0.00023196338342451606,-0.0030419400087381976,0.1359662990544863
582,2012-11-28,0.1348327445337549,0.1383436528679234,0.1380253406939166,0.1358706428858363,0.1233726770714593,-0.00013619032324149738,0.002377353813437122,0.001770133599506174,-0.0012524721919782988,0.062451751086524496,0.1383436528679234
583,2012-11-29,0.1375111924306166,0.1379321387707425,0.1381614596839565,0.1393960789546098,0.0600733876239689,0.0026784478968616965,-0.0004115140971809039,0.0001361189900399018,0.00352543606877348,-0.06329928944749039,0.1379321387707425
584,2012-11-30,0.1371026498040702,0.1390751390876349,0.1385246067720794,0.1395816781368534,0.0734336144226062,-0.0004085426265464098,0.0011430003168924063,0.00036314708812290597,0.0001855991822436176,0.013360226798637291,0.1390751390876349
585,2012-12-03,0.1387369856750638,0.1367435090627735,0.1392054327440318,0.1386075298142498,0.0533456412547509,0.0016343358709935973,-0.0023316300248614197,0.0006808259719524035,-0.0009741483226035907,-0.020087973167855294,0.1367435090627735
586,2012-12-04,0.1358314534866363,0.1363319949655926,0.1359828217885148,0.1371230644414284,0.0577278744854818,-0.0029055321884274843,-0.0004115140971809039,-0.0032226109555169857,-0.001484465372821403,0.004382233230730899,0.1363319949655926
587,2012-12-05,0.1353774914798931,0.1368349212408627,0.1359374632255508,0.1373086430426575,0.0561412038329758,-0.0004539620067432193,0.0005029262752700991,-4.535856296400409e-05,0.0001855786012290861,-0.001586670652505999,0.1368349212408627
588,2012-12-06,0.1359676608771013,0.1394865705870042,0.1385699620697658,0.1387930467991436,0.0603493303461438,0.0005901693972082123,0.0026516493461415103,0.0026324988442149866,0.0014844037564860912,0.004208126513168001,0.1394865705870042
589,2012-12-07,0.1393271712144471,0.141041037802328,0.1402493616756823,0.1412052715023015,0.0655199713545174,0.0033595103373458,0.0015544672153237904,0.0016793996059165095,0.0024122247031579114,0.005170641008373597,0.141041037802328
590,2012-12-10,0.1395995200087863,0.1416810528455135,0.1414748049522305,0.1423185450877347,0.0790345946762764,0.0002723487943392111,0.0006400150431855045,0.0012254432765481937,0.0011132735854331999,0.013514623321758998,0.1416810528455135
591,2012-12-11,0.1414608630600748,0.1438755469037101,0.1442435008601969,0.1440813042943411,0.0848326768743573,0.0018613430512884888,0.0021944940581966055,0.002768695907966412,0.0017627592066064013,0.005798082198080909,0.1438755469037101
592,2012-12-12,0.1438215856247343,0.1449270878437638,0.1452420497491679,0.1464471094022615,0.0869745180036201,0.0023607225646594954,0.0010515409400536913,0.000998548888970996,0.0023658051079203934,0.0021418411292628003,0.1449270878437638
593,2012-12-13,0.1450472880973458,0.1451556241888305,0.1458320484003386,0.1460295640446743,0.102479870963927,0.0012257024726115007,0.00022853634506669884,0.0005899986511706812,-0.00041754535758720124,0.01550535296030689,0.1451556241888305
594,2012-12-14,0.1436853732093789,0.1446527569119972,0.1448335410588238,0.1461223795219834,0.0574092263420178,-0.0013619148879668863,-0.0005028672768332965,-0.0009985073415147983,9.2815477309105e-05,-0.0450706446219092,0.1446527569119972
595,2012-12-17,0.1439123546631679,0.1456585504641006,0.1450150827888452,0.1453801563111618,0.0979925166961772,0.0002269814537889936,0.0010057935521033956,0.00018154173002141172,-0.0007422232108215965,0.040583290354159404,0.1456585504641006
596,2012-12-18,0.1445025472788338,0.1477616087448332,0.1473752876717982,0.1472356965913198,0.1312698949775139,0.0005901926156658965,0.0021030582807326226,0.002360204882952993,0.0018555402801579968,0.0332773782813367,0.1477616087448332
597,2012-12-19,0.1471356056197437,0.1484016237880187,0.1488730484338248,0.1495086714614327,0.0764295639776486,0.002633058340909905,0.0006400150431854768,0.0014977607620265954,0.0022729748701129093,-0.054840330999865294,0.1484016237880187
598,2012-12-20,0.147408037591542,0.1491788809950553,0.1484645913354465,0.149276771693797,0.0562134745459263,0.00027243197179829814,0.0007772572070366135,-0.0004084570983782787,-0.00023189976763571263,-0.02021608943172231,0.1491788809950553
599,2012-12-21,0.1467724245575886,0.1489959622413779,0.148282993539847,0.1489056174712852,0.1047958188107525,-0.0006356130339534027,-0.0001829187536774024,-0.0001815977955995085,-0.0003711542225117992,0.04858234426482621,0.1489959622413779
600,2012-12-24,0.1474988318754553,0.1488588498740879,0.1479199342881819,0.1489056544548798,0.0214906820055779,0.0007264073178666897,-0.00013711236728999876,-0.00036305925166510433,3.6983594603468006e-08,-0.08330513680517461,0.1488588498740879
601,2012-12-26,0.1476350210005827,0.1488588498740879,0.1486007632463669,0.1502973103079626,0.0353797990217173,0.0001361891251274172,0.0,0.000680828958184998,0.0013916558530827905,0.013889117016139398,0.1488588498740879
602,2012-12-27,0.1477712163039081,0.1477616087448332,0.1481468776967478,0.1484417871738457,0.0462499712559664,0.0001361953033253982,-0.001097241129254689,-0.00045388554961908745,-0.001855523134116882,0.010870172234249104,0.1477616087448332
603,2012-12-28,0.1457282683025268,0.1468015035822435,0.1473298651209284,0.1482098255553641,0.0294141801708873,-0.0020429480013813006,-0.0009601051625897083,-0.000817012575819398,-0.00023196161848160202,-0.016835791085079103,0.1468015035822435
604,2012-12-31,0.1451380775307678,0.1489959622413779,0.14791989754941,0.147513979659482,0.0528693115557585,-0.0005901907717590082,0.002194458659134396,0.0005900324284816016,-0.000695845895882119,0.023455131384871198,0.1489959622413779
605,2013-01-02,0.1505859031471607,0.1542993317317853,0.1531849655410973,0.1535908663254723,0.081941848356334,0.005447825616392898,0.005303369490407411,0.0052650679916873,0.006076886665990322,0.029072536800575505,0.1542993317317853
606,2013-01-03,0.1531735846242374,0.1526991643272606,0.1533210911166722,0.1545185974877121,0.0487268856907273,0.00258768147707672,-0.001600167404524705,0.00013612557557488025,0.0009277311622397921,-0.0332149626656067,0.1526991643272606
607,2013-01-04,0.1520839858688399,0.15183047134276,0.1520501951001561,0.1530805273982403,0.0789491838336985,-0.0010895987553975195,-0.0008686929845005964,-0.0012708960165160876,-0.0014380700894718046,0.030222298142971206,0.15183047134276
608,2013-01-07,0.150222677633545,0.1516476115875195,0.1518232756255917,0.1529877669852459,0.0565715430782724,-0.0018613082352949006,-0.00018285975524051645,-0.00022691947456440764,-9.276041299438598e-05,-0.022377640755426108,0.1516476115875195
609,2013-01-08,0.1500411182676686,0.1489502856515518,0.1503708947809889,0.1502045290950583,0.0691367920344534,-0.00018155936587638255,-0.0026973259359676927,-0.0014523808446028075,-0.002783237890187612,0.012565248956181004,0.1489502856515518
610,2013-01-09,0.1486791626762144,0.1505961178462153,0.1502347060606354,0.1515961545683657,0.0797737269678165,-0.001361955591454217,0.0016458321946634935,-0.00013618872035348062,0.0013916254733074007,0.010636934933363096,0.1505961178462153
611,2013-01-10,0.1503134905095378,0.1533849267583965,0.1522771644977158,0.1533588945002387,0.076294877648968,0.0016343278333234013,0.0027888089121811954,0.0020424584370803966,0.0017627399318730086,-0.0034788493188484954,0.1533849267583965
612,2013-01-11,0.1519023685906709,0.1535677511145748,0.1527763838749239,0.1545185423128767,0.0739000890243782,0.001588878081133116,0.00018282435617830717,0.0004992193772080933,0.0011596478126379983,-0.0023947886245898053,0.1535677511145748
613,2013-01-14,0.1515392330234749,0.1513733160548151,0.1522771530905491,0.152987770158445,0.0919710522944308,-0.00036313556719599904,-0.0021944350597596918,-0.0004992307843748045,-0.0015307721544317032,0.0180709632700526,0.1513733160548151
614,2013-01-15,0.1500865371505951,0.1509618963551332,0.1503255079313113,0.1516889565401406,0.0902431252484305,-0.0014526958728798,-0.00041141969968189196,-0.0019516451592377915,-0.0012988136183043897,-0.001727927046000291,0.1509618963551332
615,2013-01-16,0.149950257575635,0.1525162455735833,0.1519594095622607,0.1522919319957298,0.066436495396027,-0.00013627957496012422,0.001554349218450074,0.001633901630949397,0.0006029754555891831,-0.023806629852403505,0.1525162455735833
616,2013-01-17,0.1520840560973644,0.1536592812895378,0.1530034120745567,0.1547969513531378,0.0821980808840679,0.002133798521729402,0.0011430357159545046,0.0010440025122959995,0.002505019357408017,0.015761585488040894,0.1536592812895378
617,2013-01-18,0.1519024239936761,0.1532934909809325,0.1524587240828452,0.1540547075594469,0.064005571414962,-0.00018163210368829508,-0.00036579030860528494,-0.0005446879917115066,-0.0007422437936909221,-0.01819250946910589,0.1532934909809325
618,2013-01-22,0.1524926740732391,0.1519220133174103,0.1528218886871842,0.1534981248060955,0.0697970835482292,0.0005902500795630095,-0.0013714776635222192,0.00036316460433899467,-0.0005565827533513812,0.005791512133267188,0.1519220133174103
619,2013-01-23,0.1512668434543362,0.1515561994094303,0.1513240125719576,0.1529877761570206,0.0515027380745111,-0.0012258306189029122,-0.00036581390797998936,-0.0014978761152265874,-0.0005103486490748987,-0.018294345473718096,0.1515561994094303
620,2013-01-24,0.1507674851700683,0.1519676899072365,0.1515509746945544,0.1528950231170502,0.044797986932141,-0.0004993582842678923,0.0004114904978061995,0.00022696212259679105,-9.275303997041684e-05,-0.006704751142370097,0.1519676899072365
621,2013-01-25,0.1510852330190069,0.1522419500408788,0.1521409867021055,0.1540546854175171,0.0599321312304745,0.0003177478489385932,0.00027426013364229007,0.0005900120075510995,0.001159662300466907,0.015134144298333499,0.1522419500408788
622,2013-01-28,0.1522656631805077,0.1541621957651205,0.1540927451706812,0.154796961543788,0.0451527704320803,0.001180430161500795,0.0019202457242417093,0.001951758468575704,0.0007422761262708966,-0.014779360798394203,0.1541621957651205
623,2013-01-29,0.1525379861378293,0.1535220863244361,0.1528672078113324,0.1543794122690234,0.0252487590790083,0.0002723229573216024,-0.0006401094406844055,-0.0012255373593487995,-0.00041754927476458925,-0.019904011353071998,0.1535220863244361
624,2013-01-30,0.1524018244979728,0.1543907557095619,0.1538203820004044,0.15553914144558,0.0434149882888594,-0.00013616163985649687,0.0008686693851258087,0.0009531741890720091,0.001159729176556601,0.018166229209851104,0.1543907557095619
625,2013-01-31,0.1531736155518616,0.1529277832701389,0.1540019510584393,0.1551216607044152,0.0575669078975464,0.000771791053888804,-0.0014629724394230048,0.00018156905803490275,-0.0004174807411648218,0.014151919608686996,0.1529277832701389
626,2013-02-01,0.1539907412767237,0.1578196150639906,0.1566798250125313,0.1562813353951138,0.0798032922594781,0.0008171257248621167,0.004891831793851692,0.002677873954091997,0.0011596746906986088,0.022236384361931705,0.1578196150639906
627,2013-02-04,0.1583035998316447,0.1554422848499282,0.1582684271585118,0.1574874590338958,0.0581417885687442,0.004312858554920973,-0.0023773302140623898,0.0015886021459805,0.001206123638782003,-0.021661503690733906,0.1554422848499282
628,2013-02-05,0.1550349012309801,0.1564480548026568,0.1560897601245615,0.1573482439579974,0.0420681250020531,-0.003268698600664588,0.001005769952728608,-0.00217866703395031,-0.00013921507589839677,-0.0160736635666911,0.1564480548026568
629,2013-02-06,0.1542177766319445,0.1574996193420853,0.1564075208539517,0.1571163527089696,0.0577508697123297,-0.0008171245990356013,0.0010515645394285067,0.00031776072939021516,-0.00023189124902781022,0.0156827447102766,0.1574996193420853
630,2013-02-07,0.1578496215357893,0.155167965717849,0.1578145497297891,0.1569771845957263,0.066945675419088,0.0036318449038447997,-0.0023316536242363184,0.0014070288758373795,-0.0001391681132432987,0.009194805706758298,0.155167965717849
631,2013-02-08,0.167973438397551,0.1663689723538988,0.1696154735564258,0.1664403676040853,0.1984553777623016,0.010123816861761697,0.01120100663604981,0.011800923826636722,0.009463183008358994,0.1315097023432136,0.1663689723538988
632,2013-02-11,0.1642961712921564,0.166597555897715,0.1654397684581087,0.1671825712751438,0.1165989402485455,-0.0036772671053945938,0.00022858354381619095,-0.004175705098317106,0.0007422036710585111,-0.0818564375137561,0.166597555897715
633,2013-02-12,0.1646593563806853,0.1674204778948904,0.1662567472225757,0.1680639288247791,0.0965700976640134,0.00036318508852889453,0.000822921997175402,0.0008169787644669857,0.0008813575496353088,-0.02002884258453211,0.1674204778948904
634,2013-02-13,0.1656127074914595,0.1681062521257136,0.1673460453015,0.1692236226782778,0.0732989280939256,0.0009533511107742143,0.000685774230823194,0.0010892980789243,0.0011596938534987056,-0.02327116957008779,0.1681062521257136
635,2013-02-14,0.1658851007723494,0.170620753705503,0.1707955508373314,0.1693163985861547,0.0982487492239111,0.0002723932808898766,0.0025145015797894132,0.0034495055358313986,9.277590787687418e-05,0.02494982112998549,0.170620753705503
636,2013-02-15,0.1690629566000624,0.169523500776561,0.169933142052981,0.1706152351853176,0.0696623972195485,0.0031778558277130164,-0.0010972529289419997,-0.0008624087843503991,0.0012988365991629114,-0.02858635200436259,0.169523500776561
637,2013-02-19,0.1684420086762877,0.1714759832467094,0.1705125005222665,0.1709437644627125,0.0861598299667226,-0.0006209479237747062,0.0019524824701483978,0.0005793584692855014,0.00032852927739490667,0.016497432747174093,0.1714759832467094
638,2013-02-20,0.1699546005871735,0.168244981050174,0.1706500287467262,0.1705223017514316,0.0594032410129725,0.001512591910885791,-0.0032310021965354097,0.0001375282244596987,-0.0004214627112809066,-0.026756588953750098,0.168244981050174
639,2013-02-21,0.167433704340728,0.1668141037604093,0.1673965030960281,0.1678059629178826,0.0796718909632043,-0.0025208962464454976,-0.0014308772897646815,-0.003253525650698086,-0.0027163388335489924,0.020268649950231803,0.1668141037604093
640,2013-02-22,0.1675253341797232,0.1701835752882828,0.1694127457085927,0.1702412692269103,0.065697363104487,9.162983899521637e-05,0.00336947152787348,0.002016242612564584,0.0024353063090276905,-0.013974527858717306,0.1701835752882828
641,2013-02-25,0.1695878972917426,0.166675599030009,0.1706958269949955,0.1690235994753528,0.0669916658727838,0.0020625631120193832,-0.0035079762582737872,0.0012830812864028096,-0.0012176697515574875,0.0012943027682967984,0.166675599030009
642,2013-02-26,0.1662878163362174,0.1681988088734781,0.1674423135363139,0.1687426032047375,0.1129591243417616,-0.0033000809555251975,0.0015232098434690977,-0.003253513458681606,-0.0002809962706153135,0.045967458468977804,0.1681988088734781
643,2013-02-27,0.1667919311004384,0.1695373182104764,0.1691835583596357,0.169726059563545,0.0720111953904425,0.0005041147642210198,0.0013385093369983059,0.0017412448233218025,0.0009834563588075051,-0.0409479289513191,0.1695373182104764
644,2013-02-28,0.1685795053364862,0.1683372546054415,0.1699626114626,0.1707564230989323,0.0532339501529182,0.0017875742360477787,-0.0012000636050349123,0.0007790531029643055,0.0010303635353872964,-0.018777245237524297,0.1683372546054415
645,2013-03-01,0.1667919323693855,0.1682910588293709,0.1679921337605176,0.1685083694543628,0.075956519311063,-0.0017875729671006924,-4.619577607059555e-05,-0.0019704777020823905,-0.0022480536445695087,0.022722569158144794,0.1682910588293709
646,2013-03-04,0.1678003321601791,0.1677372051033931,0.1679005169955271,0.169445085407007,0.0516505645328191,0.0010083997907935904,-0.0005538537259777987,-9.16167649905042e-05,0.0009367159526442181,-0.024305954778243898,0.1677372051033931
647,2013-03-05,0.1674336677807866,0.170414365373638,0.1694127505963181,0.1709906160650543,0.0596430483786722,-0.0003666643793924784,0.0026771602702448938,0.001512233600791002,0.0015455306580473005,0.007992483845853104,0.170414365373638
648,2013-03-06,0.1693587243537889,0.169768155494581,0.1695502138131011,0.1712716216038134,0.0459346081449093,0.0019250565730022928,-0.0006462098790570026,0.0001374632167829848,0.00028100553875909373,-0.0137084402337629,0.169768155494581
649,2013-03-07,0.169129540105207,0.1696758229408766,0.1695501988598255,0.1711779365353493,0.053808830824116,-0.00022918424858189845,-9.233255370438842e-05,-1.4953275589979498e-08,-9.368506846410551e-05,0.007874222679206698,0.1696758229408766
650,2013-03-08,0.169450380123286,0.1700912427345784,0.1704666893983655,0.1721614438280206,0.0595510674712806,0.0003208400180789994,0.00041541979370179893,0.0009164905385400102,0.0009835072926712984,0.0057422366471645975,0.1700912427345784
651,2013-03-11,0.1678920199447428,0.1705528465046635,0.1694585632537511,0.1713184658283573,0.0447290012515973,-0.0015583601785432166,0.00046160377008511166,-0.0010081261446144019,-0.0008429779996632913,-0.014822066219683294,0.1705528465046635
652,2013-03-12,0.1686711862792923,0.1699989455799362,0.1702375738272972,0.1712247827674292,0.0685750514928829,0.0007791663345495248,-0.0005539009247273186,0.0007790105735460962,-9.368306092810696e-05,0.023846050241285596,0.1699989455799362
653,2013-03-13,0.1686711370739481,0.169075738039766,0.1692751992079682,0.1712715588529408,0.0625174517346613,-4.9205344215819125e-08,-0.0009232075401701956,-0.0009623746193289928,4.677608551159618e-05,-0.0060575997582215935,0.169075738039766
654,2013-03-14,0.1687628227954889,0.1695834903871723,0.1712914972126496,0.1719272453460434,0.053999362703713,9.168572154080734e-05,0.0005077523474062984,0.002016298004681394,0.000655686493102603,-0.008518089030948306,0.1695834903871723
655,2013-03-15,0.1674795293112385,0.1674602900400915,0.1688170460282853,0.1691172875216489,0.0874541327350194,-0.0012832934842504085,-0.0021232003470808003,-0.002474451184364318,-0.002809957824394499,0.0334547700313064,0.1674602900400915
656,2013-03-18,0.1640877346850158,0.1662601674366198,0.1659759099137812,0.1669160584524214,0.0458721925291793,-0.0033917946262226883,-0.0012001226034716872,-0.0028411361145040948,-0.002201229069227484,-0.0415819402058401,0.1662601674366198
657,2013-03-19,0.1658294398295858,0.1663063042142536,0.165838411713152,0.1666350531791329,0.0577837200363981,0.001741705144570005,4.613677763379287e-05,-0.0001374982006291936,-0.0002810052732885038,0.0119115275072188,0.1663063042142536
658,2013-03-20,0.1664711873515199,0.167829584855847,0.1671215728755529,0.1689299721254786,0.0449983739089586,0.0006417475219340774,0.0015232806415934053,0.0012831611624009032,0.002294918946345703,-0.0127853461274395,0.167829584855847
659,2013-03-21,0.1649585892202006,0.16492157550181,0.165563476379729,0.1670565409345974,0.0394105337849157,-0.0015125981313192927,-0.002908009354037011,-0.0015580964958238908,-0.0018734311908812085,-0.005587840124042898,0.16492157550181
660,2013-03-22,0.1648669070190191,0.1670909834246487,0.1660675362526867,0.1674312096195907,0.0329915804619412,-9.168220118149772e-05,0.0021694079228387064,0.0005040598729576795,0.00037466868499330674,-0.006418953322974499,0.1670909834246487
661,2013-03-25,0.1667461263296937,0.1671833041786657,0.1670756637573083,0.1684147205383969,0.0584867169714629,0.0018792193106746125,9.232075401699458e-05,0.0010081275046216198,0.0009835109188061908,0.025495136509521697,0.1671833041786657
662,2013-03-26,0.1667002915830858,0.1694450328555215,0.1687711879067313,0.1701475977130133,0.0320389210639563,-4.583474660790898e-05,0.002261728676855812,0.0016955241494229778,0.0017328771746163985,-0.0264477959075066,0.1694450328555215
663,2013-03-27,0.1667002791597473,0.1684757121370923,0.1676255659960538,0.1696792352644567,0.05947879675833,-1.2423338496825309e-08,-0.0009693207184292008,-0.0011456219106774912,-0.00046836244855660847,0.027439875694373707,0.1684757121370923
664,2013-03-28,0.1672503166576397,0.1697219833178851,0.1685878839464414,0.1701007515215685,0.0517425454402107,0.0005500374978923972,0.0012462711807927906,0.0009623179503875923,0.00042151625711181473,-0.007736251318119301,0.1697219833178851
665,2013-04-01,0.1688086899270715,0.1674140942640209,0.168862816549271,0.1692577372807213,0.0473241768530046,0.0015583732694317842,-0.0023078890538641983,0.0002749326028295973,-0.0008430142408472063,-0.004418368587206102,0.1674140942640209
666,2013-04-02,0.166379459172264,0.1665832664763046,0.1664799771886727,0.1680869025073893,0.0636047974613269,-0.0024292307548074987,-0.000830827787716315,-0.002382839360598299,-0.0011708347733319913,0.016280620608322298,0.1665832664763046
667,2013-04-03,0.1655543920496111,0.1632598609279406,0.1655176083597678,0.1650426655735875,0.0854009874807415,-0.0008250671226529005,-0.0033234055483639946,-0.0009623688289048804,-0.0030442369338018194,0.021796190019414602,0.1632598609279406
668,2013-04-04,0.1618876218026476,0.1645984292633757,0.1637762851984956,0.1641996441440669,0.0760977757045573,-0.003666770246963491,0.0013385683354351086,-0.0017413231612722069,-0.0008430214295205851,-0.009303211776184206,0.1645984292633757
669,2013-04-05,0.1608793126273077,0.1640445991367726,0.1631806208512923,0.1622326681905081,0.0553823613469946,-0.0010083091753398943,-0.0005538301266030943,-0.0005956643472032896,-0.001966975953558797,-0.020715414357562696,0.1640445991367726
670,2013-04-08,0.162575199897251,0.1647831179701592,0.1639138060148278,0.1649021954966707,0.0459148979504682,0.001695887269943297,0.0007385188333866033,0.000733185163535488,0.0026695273061626,-0.009467463396526397,0.1647831179701592
671,2013-04-09,0.1638127111793697,0.1657985518668474,0.1658842313974376,0.165604687029674,0.0606745485544214,0.001237511282118714,0.0010154338966881782,0.001970425382609803,0.0007024915330033077,0.014759650603953199,0.1657985518668474
672,2013-04-10,0.1653710756638361,0.1695834903871723,0.1684962078904971,0.1686957126263162,0.0673135990486546,0.0015583644844663902,0.0037849385203249097,0.002611976493059498,0.0030910255966421774,0.0066390504942331965,0.1695834903871723
673,2013-04-11,0.1676170694118649,0.169398966876012,0.169550278001434,0.170897024281189,0.0502478556950964,0.0022459937480288072,-0.00018452351116030052,0.0010540701109368888,0.0022013116548728062,-0.017065743353558198,0.169398966876012
674,2013-04-12,0.1679836728334729,0.1675987357720549,0.1679463493940658,0.1687894117576641,0.0430569197565134,0.00036660342160799164,-0.0018002311039571062,-0.001603928607368188,-0.002107612523524899,-0.0071909359385829985,0.1675987357720549
675,2013-04-15,0.1653252728280323,0.1655677971805543,0.1669840372390061,0.1676185771373842,0.044968808617297,-0.0026584000054405976,-0.0020309385915005806,-0.000962312155059708,-0.0011708346202798925,0.0019118888607835977,0.1655677971805543
676,2013-04-16,0.1650043800045692,0.1675525281962969,0.1669381676665368,0.1676185240386911,0.0441344103859584,-0.00032089282346309256,0.0019847310157425913,-4.5869572469298125e-05,-5.3098693109099315e-08,-0.0008343982313385942,0.1675525281962969
677,2013-04-17,0.1645460626810984,0.1612289459358148,0.1645095030268382,0.1625136493994404,0.1108008580504646,-0.0004583173234708193,-0.006323582260482102,-0.0024286646396985967,-0.005104874639250689,0.0666664476645062,0.1612289459358148
678,2013-04-18,0.1617960100672476,0.157997931939592,0.1618058956033592,0.1599846451933761,0.0896748146420464,-0.0027500526138508063,-0.0032310139962228035,-0.0027036074234789986,-0.002529004206064306,-0.021126043408418213,0.157997931939592
679,2013-04-19,0.1562500112505371,0.1585056488879361,0.1578191409843173,0.1579239385647425,0.0705920613906856,-0.0055459988167104735,0.0005077169483441168,-0.00398675461904191,-0.002060706628633613,-0.019082753251360787,0.1585056488879361
680,2013-04-22,0.1576250063773984,0.1602134412410024,0.1600645043206553,0.159422583573063,0.0580465226289457,0.0013749951268612892,0.0017077923530662842,0.002245363336338013,0.0014986450083205038,-0.01254553876173991,0.1602134412410024
681,2013-04-23,0.1600542732205428,0.1633983774580282,0.1629056521382186,0.1631693338382635,0.0455404042560879,0.002429266843144401,0.0031849362170258133,0.002841147817563283,0.0037467502652004936,-0.012506118372857797,0.1633983774580282
682,2013-04-24,0.1627127610287715,0.1650139670539513,0.1644179406801831,0.1656984454645871,0.0360565156975273,0.0026584878082286933,0.0016155895959230893,0.0015122885419645016,0.0025291116263236046,-0.009483888558560603,0.1650139670539513
683,2013-04-25,0.1646836105322891,0.1675064504171,0.1665258194439798,0.1674312563234611,0.0560755031848389,0.0019708495035176132,0.0024924833631486953,0.0021078787637967,0.001732810858874001,0.020018987487311603,0.1675064504171
684,2013-04-26,0.1662419453861851,0.1643215142000741,0.1662050089323568,0.166494533113447,0.0656283774239432,0.001558334853896004,-0.0031849362170258966,-0.0003208105116229987,-0.0009367232100140899,0.009552874239104302,0.1643215142000741
685,2013-04-29,0.1634001941286296,0.165983181575194,0.1651968534146811,0.1664008493756567,0.0355506207068732,-0.002841751257555508,0.001661667375119913,-0.0010081555176756907,-9.368373779031214e-05,-0.030077756717070005,0.165983181575194
686,2013-04-30,0.1646377312403703,0.168106452720399,0.1668923700329007,0.1674312207999299,0.0455075539320195,0.001237537111740683,0.002123271145204997,0.0016955166182195947,0.001030371424273202,0.009956933225146306,0.168106452720399
687,2013-05-01,0.1664253021177294,0.1666294150536258,0.1670298634280518,0.1687425729699573,0.0345421157579719,0.0017875708773591181,-0.0014770376667732066,0.00013749339515109482,0.0013113521700273967,-0.010965438174047604,0.1666294150536258
688,2013-05-02,0.1654169313579841,0.1689834644844985,0.1679921663148776,0.1686020720704647,0.0763868585563596,-0.0010083707597453029,0.0023540494308726956,0.0009623028868258054,-0.00014050089949257938,0.0418447427983877,0.1689834644844985
689,2013-05-03,0.1728421323777463,0.1733222921298634,0.1737202205403796,0.1743158217672822,0.1365916474766023,0.007425201019762184,0.00433882764536489,0.005728054225502016,0.005713749696817483,0.0602047889202427,0.1733222921298634
690,2013-05-06,0.1710087326211612,0.1726760586514316,0.1735368906859874,0.1746904554339776,0.0964616915945875,-0.0018333997565850857,-0.0006462334784317902,-0.00018332985439220573,0.00037463366669540643,-0.04012995588201479,0.1726760586514316
691,2013-05-07,0.1713296248166979,0.1715221672230927,0.171795628994793,0.173098154249886,0.0640384217390304,0.00032089219553668724,-0.0011538914283389101,-0.0017412616911944012,-0.0015923011840915935,-0.0324232698555571,0.1715221672230927
692,2013-05-08,0.170367027427127,0.1729068369370994,0.1721621562295887,0.1735664449041437,0.0494265975933852,-0.000962597389570885,0.00138466971400672,0.00036652723479568827,0.0004682906542576859,-0.014611824145645207,0.1729068369370994
693,2013-05-09,0.1711920643608682,0.1712451695619795,0.1716580989707376,0.173238622755796,0.1634073670136756,0.0008250369337411967,-0.001661667375119913,-0.0005040572588510817,-0.0003278221483477006,0.1139807694202904,0.1712451695619795
694,2013-05-10,0.1701837186714544,0.1717529101096984,0.1709707465496429,0.173051285573652,0.1518933284276849,-0.0010083456894137977,0.0005077405477189045,-0.0006873524210947168,-0.00018733718214400397,-0.011514038585990677,0.1717529101096984
695,2013-05-13,0.1695879062888816,0.1715221672230927,0.1712915579572072,0.1726766482790777,0.1423338841237668,-0.0005958123825728079,-0.00023074288660571152,0.0003208114075643198,-0.0003746372945742926,-0.009559444303918113,0.1715221672230927
696,2013-05-14,0.1709170861664176,0.1726299336734852,0.1715206494664377,0.1734259630208077,0.0548271908702379,0.001329179877536002,0.001107766450392511,0.00022909150923047794,0.0007493147417300117,-0.08750669325352889,0.1726299336734852
697,2013-05-15,0.1709628820258248,0.1736915279471819,0.1739951385318174,0.1743157871272667,0.0738902339271577,4.5795859407199435e-05,0.0010615942736967032,0.002474489065379698,0.0008898241064589918,0.019063043056919797,0.1736915279471819
698,2013-05-16,0.1721546204080658,0.1734607732608889,0.1738576840268334,0.1758613274301119,0.0472387660104266,0.0011917383822410144,-0.00023075468629299434,-0.00013745450498398037,0.0015455403028452053,-0.0266514679167311,0.1734607732608889
699,2013-05-17,0.1733705988185218,0.1727757896091197,0.1736096205509337,0.1740303150729436,0.0984721314275765,0.0012159784104559812,-0.0006849836517691943,-0.00024806347589970135,-0.0018310123571683157,0.05123336541714991,0.1727757896091197
700,2013-05-20,0.1712422546192524,0.1709120171886518,0.1723606798479771,0.1731320733408487,0.0663707947478901,-0.002128344199269383,-0.001863772420467924,-0.0012489407029566135,-0.0008982417320948788,-0.03210133667968641,0.1709120171886518
701,2013-05-21,0.1696228484734743,0.1708654202232104,0.1712042156013438,0.172942983516094,0.0653130143128861,-0.0016194061457781017,-4.659696544137559e-05,-0.001156464246633293,-0.00018908982475471237,-0.0010577804350039993,0.1708654202232104
702,2013-05-22,0.1697616247387261,0.169234561831825,0.1714354983564977,0.170862713539909,0.0758546833064508,0.00013877626525179987,-0.0016308583913854091,0.00023128275515391095,-0.0020802699761849897,0.010541668993564707,0.169234561831825
703,2013-05-23,0.167216812518359,0.1693277439630203,0.1690300224967013,0.1700116970910868,0.0648465397111142,-0.002544812220367121,9.318213119530183e-05,-0.0024054758597964188,-0.0008510164488222116,-0.011008143595336597,0.1693277439630203
704,2013-05-24,0.1673556251235999,0.169234561831825,0.1682898915869201,0.1693025486951423,0.0475179937650084,0.0001388126052409011,-9.318213119530183e-05,-0.0007401309097812003,-0.0007091483959444922,-0.017328545946105806,0.169234561831825
705,2013-05-28,0.1694377771273645,0.1697937372168086,0.1706491233480334,0.1715719265544631,0.0351367066236108,0.0020821520037646035,0.0005591753849835956,0.0023592317611133007,0.002269377859320798,-0.0123812871413976,0.1697937372168086
706,2013-05-29,0.1699004720027482,0.1704926680990543,0.1709266754888478,0.1716664770350539,0.0666401674052514,0.0004626948753836957,0.0006989308822457074,0.00027755214081440216,9.455048059078819e-05,0.0315034607816406,0.1704926680990543
707,2013-05-30,0.1698540990491504,0.1735212820577446,0.1728694456871674,0.1732265463910944,0.0534671874538042,-4.6372953597800803e-05,0.003028613958690307,0.0019427701983195933,0.0015600693560405,-0.0131729799514472,0.1735212820577446
708,2013-05-31,0.1712422152584915,0.1699800660801372,0.1721756180557728,0.1724701444214022,0.0584801469066492,0.0013881162093411226,-0.003541215977607426,-0.0006938276313945835,-0.0007564019696921775,0.005012959452844995,0.1699800660801372
709,2013-06-03,0.1688825123563148,0.171657521436964,0.1705565636099935,0.1718082729417681,0.0553560810877399,-0.0023597029021767135,0.0016774553568268125,-0.001619054445779311,-0.0006618714796341185,-0.003124065818909297,0.171657521436964
710,2013-06-04,0.1767945294371628,0.1728223983742485,0.1774028701190617,0.1736993918169226,0.1585389489867317,0.007912017080848016,0.0011648769372845091,0.006846306509068201,0.0018911188751545016,0.10318286789899181,0.1728223983742485
711,2013-06-05,0.1707333265129478,0.1697937372168086,0.1715743051162427,0.1721392577037753,0.0587987950501131,-0.006061202924215026,-0.0030286611574399103,-0.005828565002819003,-0.001560134113147288,-0.09974015393661861,0.1697937372168086
712,2013-06-06,0.1691601002127135,0.1687219716125953,0.1692150352903805,0.1689715662728882,0.069209062747404,-0.0015732263002342928,-0.0010717656042132928,-0.0023592698258621814,-0.003167691430887104,0.0104102676972909,0.1687219716125953
713,2013-06-07,0.1684661462472967,0.1710052465185966,0.1699089995376288,0.1706263807667242,0.0423374976594144,-0.0006939539654167992,0.0022832749060013036,0.0006939642472482965,0.0016548144938360043,-0.026871565087989602,0.1710052465185966
714,2013-06-10,0.1698078752063235,0.1715643039067065,0.1713892007066774,0.1731320265410462,0.0648826750675895,0.0013417289590268167,0.0005590573881098793,0.001480201169048595,0.002505645774321996,0.022545177408175104,0.1715643039067065
715,2013-06-11,0.1687899714292269,0.1713313544785619,0.1716205157653481,0.1708627087718621,0.087398287184103,-0.0010179037770966237,-0.0002329494281445854,0.00023131505867068913,-0.0022693177691840982,0.022515612116513498,0.1713313544785619
716,2013-06-12,0.1717049285948455,0.1693277439630203,0.1716667783485138,0.1718082662827305,0.0654444156091599,0.0029149571656186257,-0.0020036105155415984,4.626258316570153e-05,0.0009455575108683889,-0.021953871574943107,0.1693277439630203
717,2013-06-13,0.1682810130469179,0.1735679380216228,0.1726382228121622,0.1709572724699508,0.0505599337737466,-0.0034239155479276195,0.004240194058602487,0.0009714444636484132,-0.000850993812779699,-0.014884481835413292,0.1735679380216228
718,2013-06-14,0.1722139263999307,0.1725894607457912,0.1731470959052078,0.1742194709382249,0.0419268686085588,0.003932913353012796,-0.0009784772758315852,0.000508873093045592,0.003262198468274108,-0.008633065165187803,0.1725894607457912
719,2013-06-17,0.1726765683517776,0.1749657761867394,0.174951147072136,0.1761105549461537,0.0532569453797661,0.0004626419518469205,0.0023763154409481846,0.0018040511669281944,0.0018910840079288116,0.0113300767712073,0.1749657761867394
720,2013-06-18,0.1734631509993163,0.1772489566952417,0.1762001368236781,0.1772452323129081,0.0450673595895023,0.0007865826475386972,0.0022831805085023194,0.0012489897515421122,0.0011346773667543775,-0.008189585790263798,0.1772489566952417
721,2013-06-19,0.175869122355133,0.1743134304702477,0.1765239373505885,0.1767251610728459,0.0439931539924641,0.0024059713558166884,-0.0029355262249940173,0.0003238005269103894,-0.0005200712400622032,-0.0010742055970382053,0.1743134304702477
722,2013-06-20,0.1706870474365183,0.1697937372168086,0.1713892652333259,0.1714773683570557,0.0626389979337146,-0.005182074918614693,-0.004519693253439094,-0.005134672117262595,-0.005247792715790178,0.018645843941250496,0.1697937372168086
723,2013-06-21,0.1690676152221109,0.1712381841470539,0.170787876713212,0.1719974115758868,0.0840705493559694,-0.0016194322144074125,0.0014444469302453133,-0.0006013885201139046,0.00052004321883109,0.021431551422254808,0.1712381841470539
724,2013-06-24,0.1689750207836185,0.1691413325018801,0.1694463277212191,0.1709099649079791,0.0498076613525792,-9.259443849238269e-05,-0.002096851645173814,-0.0013415489919929025,-0.0010874466679076933,-0.0342628880033902,0.1691413325018801
725,2013-06-25,0.1698079243352915,0.171517765939702,0.1707416284057756,0.1721865127752448,0.0470482341308297,0.000832903551672981,0.002376433437821901,0.001295300684556494,0.0012765478672656927,-0.0027594272217494956,0.171517765939702
726,2013-06-26,0.171982529628852,0.1721700644574442,0.1725919571073993,0.1731320418497616,0.0365197052668924,0.0021746052935605054,0.0006522985177422058,0.0018503287016237158,0.0009455290745168099,-0.010528528863937306,0.1721700644574442
727,2013-06-27,0.1718900077395353,0.1728223983742485,0.1730082888432308,0.1743612809765773,0.1008373547605047,-9.252188931668792e-05,0.0006523339168043041,0.00041633173583149885,0.00122923912681569,0.06431764949361231,0.1728223983742485
728,2013-06-28,0.1707332917396357,0.1735679380216228,0.1736559243145542,0.1740303501368335,0.0927824552989215,-0.0011567159998996102,0.0007455396473742826,0.0006476354713234045,-0.0003309308397438093,-0.008054899461583206,0.1735679380216228
729,2013-07-01,0.1738333184455078,0.1741270780075444,0.1746273569598574,0.175779631271688,0.0434314134508936,0.0031000267058721165,0.0005591399859216084,0.0009714326453031941,0.0017492811348545079,-0.049351041848027896,0.1741270780075444
730,2013-07-02,0.172306471680094,0.17449987733045,0.1759226282412247,0.1759214871791486,0.0466014697234988,-0.001526846765413814,0.00037279932290559814,0.001295271281367305,0.00014185590746060295,0.0031700562726052,0.17449987733045
731,2013-07-03,0.1727228970191187,0.1761307121224607,0.1755988192386466,0.1758269309428739,0.0237047938477913,0.00041642533902469525,0.0016308347920107047,-0.0003238090025781126,-9.45562362746899e-05,-0.0228966758757075,0.1761307121224607
732,2013-07-05,0.1761467895544301,0.1781342990386275,0.1773103938224025,0.178238101907121,0.0294765957866174,0.003423892535311418,0.0020035869161668107,0.0017115745837558982,0.002411170964247089,0.0057718019388261,0.1781342990386275
733,2013-07-08,0.1777661563055609,0.1744532095668844,0.1779579679290955,0.1761578106516736,0.0593112601055809,0.0016193667511307797,-0.0036810894717431153,0.0006475741066929996,-0.0020802912554473973,0.029834664318963502,0.1744532095668844
734,2013-07-09,0.1745736540533398,0.1761307121224607,0.175182488340151,0.1773398259770564,0.0377417373222386,-0.003192502252221091,0.0016775025555763046,-0.0027754795889445016,0.0011820153253827848,-0.0215695227833423,0.1761307121224607
735,2013-07-10,0.1742497499980323,0.1772023833291751,0.1759688776496956,0.1778598654557464,0.0542358850370058,-0.00032390405530749455,0.0010716712067143919,0.0007863893095446106,0.0005200394786900042,0.016494147714767197,0.1772023833291751
736,2013-07-11,0.178367726506528,0.1813493952565823,0.180594790258726,0.1811220818364709,0.0621166777810263,0.004117976508495685,0.004147011927407213,0.0046259126090303915,0.0032622163807245197,0.007880792744020503,0.1813493952565823
737,2013-07-12,0.1801721711804527,0.1837723076629718,0.1829076840648673,0.1835332007759753,0.0605464322905545,0.00180444467392471,0.0024229124063895047,0.002312893806141303,0.002411118939504381,-0.0015702454904718,0.1837723076629718
738,2013-07-15,0.182346886342857,0.1834461997030066,0.1832315533838865,0.1855189454009836,0.0347425027347894,0.002174715162404306,-0.0003261079599652106,0.00032386931901920435,0.0019857446250083066,-0.025803929555765104,0.1834461997030066
739,2013-07-16,0.1825319727383271,0.1845645032742244,0.1835091009812566,0.1862281103292999,0.0602113589850563,0.00018508639547010208,0.0011183035712178102,0.0002775475973701147,0.0007091649283162971,0.025468856250266902,0.1845645032742244
740,2013-07-17,0.1840125100302513,0.1863350581644349,0.1855906794710304,0.18707903934448,0.0868036963184641,0.0014805372919241833,0.0017705548902104962,0.0020815784897737777,0.0008509290151801074,0.026592337333407802,0.1863350581644349
741,2013-07-18,0.1857244489460048,0.1865214106271382,0.1856831837736239,0.18712631171775,0.056410576490337,0.001711938915753497,0.0001863524627032931,9.250430259349907e-05,4.7272373269985346e-05,-0.030393119828127105,0.1865214106271382
742,2013-07-19,0.1847065781715888,0.1857759417778881,0.1851743899300395,0.1869845228004262,0.0551819743701771,-0.0010178707744159798,-0.0007454688492501138,-0.0005087938435843764,-0.0001417889173237763,-0.0012286021201598982,0.1857759417778881
743,2013-07-22,0.185446888888247,0.1853565690889159,0.1856832275004049,0.1874100122769526,0.0402416469838474,0.000740310716658199,-0.00041937268897218605,0.000508837570365378,0.00042548947652637503,-0.0149403273863297,0.1853565690889159
744,2013-07-23,0.1852618336761071,0.1864282874943798,0.1868397260062692,0.1883556021817607,0.0497518158016628,-0.00018505521213990628,0.0010717184054639117,0.0011564985058643007,0.000945589904808114,0.009510168817815405,0.1864282874943798
745,2013-07-24,0.1863259822355421,0.1839586955247373,0.1862845834115337,0.1856607164115887,0.0578757009437898,0.0010641485594349853,-0.002469591969642526,-0.0005551425947354915,-0.0026948857701719897,0.008123885142126995,0.1839586955247373
746,2013-07-25,0.1830870933224392,0.1848905640354402,0.183832824384464,0.1860861755312474,0.0495284335979974,-0.003238888913102894,0.0009318685107029268,-0.0024517590270697054,0.00042545911965868877,-0.0083472673457924,0.1848905640354402
747,2013-07-26,0.1818379010153258,0.1830734239794757,0.1831390119015802,0.1842896851915243,0.0796686059307975,-0.0012491923071134003,-0.0018171400559645057,-0.0006938124828838044,-0.0017964903397230947,0.0301401723328001,0.1830734239794757
748,2013-07-29,0.1808662602436705,0.1827006600556322,0.1823526092958011,0.1845260797176436,0.0547286398980325,-0.0009716407716552911,-0.0003727639238434999,-0.0007864026057790852,0.0002363945261192879,-0.024939966032765,0.1827006600556322
749,2013-07-30,0.1819304161401506,0.1828870125183355,0.1824450958053708,0.184998836777552,0.0716596969229101,0.0010641558964800957,0.0001863524627032931,9.248650956969473e-05,0.0004727570599084019,0.016931057024877606,0.1828870125183355
750,2013-07-31,0.182069226926361,0.1851702048265252,0.1844805077159856,0.1854716186679275,0.1019279855195771,0.00013881078621039156,0.0022831923081896854,0.0020354119106147928,0.000472781890375501,0.030268288596666998,0.1851702048265252
751,2013-08-01,0.1897035771549587,0.1942562236979068,0.193269615251657,0.1920431858656846,0.1248673668165736,0.007634350228597708,0.009086018871381607,0.008789107535671414,0.006571567197757117,0.02293938129699649,0.1942562236979068
752,2013-08-02,0.1906752353476045,0.1932777346223878,0.1918818622588551,0.1940288809133314,0.0996416029644132,0.0009716581926458023,-0.0009784890755190068,-0.001387752992801916,0.001985695047646785,-0.025225763852160396,0.1932777346223878
753,2013-08-05,0.1909991105065753,0.1942096385321528,0.1928995557478444,0.1951635348387634,0.0522090200419827,0.00032387515897081,0.000931903909765025,0.0010176934889893074,0.0011346539254319943,-0.0474325829224305,0.1942096385321528
754,2013-08-06,0.1920170810821257,0.1924856570080089,0.1928070793187864,0.1944544196481736,0.0448374073210232,0.001017970575550392,-0.0017239815241439083,-9.247642905799158e-05,-0.0007091151905898041,-0.0073716127209595,0.1924856570080089
755,2013-08-07,0.1909991683932468,0.1910877952435177,0.1910030000391428,0.1931306383805951,0.0445910298905098,-0.001017912688878908,-0.0013978617644911928,-0.0018040792796436,-0.0013237812675784832,-0.0002463774305133948,0.1910877952435177
756,2013-08-08,0.1912305502182482,0.1903422909952054,0.1913730838808131,0.1930361202557386,0.0514238972967468,0.00023138182500140325,-0.0007455042483123231,0.0003700838416702823,-9.45181248565019e-05,0.006832867406236995,0.1903422909952054
757,2013-08-09,0.1889633525829807,0.1892240110233623,0.1897077606858285,0.1914759374951526,0.0335960264248006,-0.002267197635267504,-0.001118279971843078,-0.0016653231949845804,-0.0015601827605860041,-0.0178278708719462,0.1892240110233623
758,2013-08-12,0.1873901398130641,0.1899228711074837,0.1894301581291071,0.1914758764208417,0.0424031983075513,-0.0015732127699165932,0.0006988600841213999,-0.0002776025567214069,-6.107431088642201e-08,0.008807171882750701,0.1899228711074837
759,2013-08-13,0.1891946404952592,0.19048203469278,0.1896614549279593,0.1910031096127568,0.0442428164553843,0.0018045006821950926,0.0005591635852962851,0.00023129679885219856,-0.0004727668080849179,0.001839618147832997,0.19048203469278
760,2013-08-14,0.1887781820657126,0.1880124309234501,0.1887362383998738,0.1906248414689259,0.0378961338453603,-0.00041645842954660117,-0.0024696037693298922,-0.0009252165280854985,-0.00037826814383090657,-0.006346682610023996,0.1880124309234501
761,2013-08-15,0.1851229851362248,0.1836325403660225,0.1850818536000342,0.1858025561034084,0.066817559155221,-0.0036551969294877917,-0.0043798905574276015,-0.003654384799839594,-0.004822285365517487,0.0289214253098607,0.1836325403660225
762,2013-08-16,0.1816065108735435,0.1840984628216866,0.1843416872522784,0.185424316653065,0.0511610947041992,-0.003516474262681313,0.0004659224556640973,-0.0007401663477558107,-0.0003782394503434039,-0.015656464451021798,0.1840984628216866
763,2013-08-19,0.1819878767756477,0.1829889382178753,0.1839545597307741,0.1855741917380402,0.0378698535861056,0.0003813659021042193,-0.0011095246038113071,-0.0003871275215042991,0.00014987508497521507,-0.013291241118093607,0.1829889382178753
764,2013-08-20,0.1820812093519346,0.183882221750864,0.183394394299193,0.1856695411742712,0.0293189142310888,9.333257628688085e-05,0.0008932835329887034,-0.0005601654315811055,9.534943623099035e-05,-0.008550939355016798,0.183882221750864
765,2013-08-21,0.1819411121636755,0.1826127287853184,0.1821340695602641,0.1834750548091462,0.041266577094783,-0.00014009718825908068,-0.0012694929655455989,-0.0012603247389288974,-0.002194486365125009,0.0119476628636942,0.1826127287853184
766,2013-08-22,0.1814275470613521,0.1836471011802425,0.1826941898646776,0.1835704678588683,0.0206891340983078,-0.0005135651023233934,0.001034372394924099,0.0005601203044134917,9.541304972210396e-05,-0.0205774429964752,0.1836471011802425
767,2013-08-23,0.1823613667281317,0.183741203687053,0.1827409436009981,0.1845723447141743,0.0635588070076311,0.0009338196667795784,9.410250681049503e-05,4.675373632051505e-05,0.0010018768553060053,0.042869672909323295,0.183741203687053
768,2013-08-26,0.1827349081043928,0.1841643876750471,0.1839079226682849,0.1856219217077564,0.033694577397006,0.0003735413762611106,0.00042318398799409684,0.0011669790672867997,0.001049576993582102,-0.029864229610625098,0.1841643876750471
769,2013-08-27,0.1811008276019832,0.1812023239531482,0.1819941358803794,0.1838090841754724,0.0502117203386211,-0.0016340805024095961,-0.0029620637218988888,-0.0019137867879054915,-0.0018128375322840062,0.016517142941615097,0.1812023239531482
770,2013-08-28,0.1801670094264307,0.1832709861451846,0.182740903760623,0.183856733934298,0.0355670458689075,-0.0009338181755524921,0.0020686621920364134,0.0007467678802435818,4.764975882559641e-05,-0.014644674469713598,0.1832709861451846
771,2013-08-29,0.18161428653565,0.1835060241179946,0.1832542953006959,0.1851924379825973,0.0389900496368396,0.001447277109219297,0.00023503797280999272,0.000513391540072905,0.0013357040482993021,0.0034230037679321007,0.1835060241179946
772,2013-08-30,0.1794667358379596,0.1824717579202569,0.1826475940369324,0.1833797155348794,0.0498733620007161,-0.0021475506976904035,-0.0010342661977376932,-0.0006067012637634983,-0.0018127224477179071,0.010883312363876498,0.1824717579202569
773,2013-09-03,0.1829682211099023,0.1842583013868597,0.1855881618938808,0.185383275500931,0.0694488701131036,0.003501485271942689,0.0017865434666027857,0.002940567856948406,0.0020035599660516157,0.019575508112387507,0.1842583013868597
774,2013-09-04,0.1802137730824101,0.1860450572478352,0.1860550612256424,0.1840953432633493,0.076485409528565,-0.0027544480274921956,0.001786755860975514,0.00046689933176158327,-0.001287932237581696,0.007036539415461396,0.1860450572478352
775,2013-09-05,0.1841821499448912,0.183882221750864,0.1846079914889438,0.1855741463202672,0.0901642844706663,0.00396837686248111,-0.002162835496971216,-0.0014470697366985863,0.0014788030569178878,0.013678874942101293,0.183882221750864
776,2013-09-06,0.1839487468802444,0.182894906509189,0.183954545531632,0.1844769362290196,0.0671329222662781,-0.00023340306464680882,-0.000987315241675002,-0.0006534459573117879,-0.001097210091247608,-0.0230313622043882,0.182894906509189
777,2013-09-09,0.1824547351482168,0.1830829463271868,0.1830676732985673,0.1849539881484932,0.0401496660764558,-0.0014940117320275947,0.00018803981799780933,-0.0008868722330647172,0.00047705191947361447,-0.026983256189822294,0.1830829463271868
778,2013-09-10,0.1833417491314583,0.1853867290898448,0.1842812283969845,0.1867667571399271,0.0361714918317669,0.0008870139832414803,0.0023037827626579965,0.0012135550984171961,0.0018127689914338996,-0.003978174244688902,0.1853867290898448
779,2013-09-11,0.18348180588226,0.1853867290898448,0.1849347050889394,0.1871483910993237,0.0326499370916294,0.00014005675080172586,0.0,0.0006534766919548962,0.00038163395939661005,-0.003521554740137496,0.1853867290898448
780,2013-09-12,0.1841821177478181,0.1855747925072174,0.1849813846295545,0.1866713364908874,0.0313950547122147,0.0007003118655580787,0.00018806341737259702,4.6679540615102155e-05,-0.00047705460843630587,-0.0012548823794146999,0.1855747925072174
781,2013-09-13,0.1844622861653062,0.1861860517122715,0.1849814397114461,0.1875777888859155,0.0162773355759154,0.00028016841748809695,0.0006112592050541155,5.508189160341459e-08,0.0009064523950280956,-0.015117719136299303,0.1861860517122715
782,2013-09-16,0.1871235450873636,0.1883958971637422,0.1874087075834319,0.1898200064932456,0.0458820476263998,0.0026612589220574023,0.0022098454514706822,0.0024272678719858,0.0022422176073300937,0.029604712050484403,0.1883958971637422
783,2013-09-17,0.1879171348343922,0.1893831534069803,0.1889956410426974,0.1919666642854804,0.0290955320274234,0.0007935897470286168,0.000987256243238116,0.0015869334592654993,0.002146657792234802,-0.0167865155989764,0.1893831534069803
784,2013-09-18,0.1880104518554633,0.1900883499232218,0.1887621808994712,0.1903923154602827,0.0277158184165486,9.331702107109874e-05,0.0007051965162414853,-0.00023346014322619957,-0.0015743488251976911,-0.0013797136108747998,0.1900883499232218
785,2013-09-19,0.1890843516886229,0.190182476029407,0.1894157655112405,0.1919666944192798,0.0331722572443177,0.0010738998331595861,9.412610618519945e-05,0.0006535846117693145,0.0015743789589970913,0.005456438827769101,0.190182476029407
786,2013-09-20,0.1888509366886068,0.1891951489880446,0.1895558101561188,0.1919667136404871,0.0716334166636553,-0.00023341500001608506,-0.0009873270413623958,0.0001400446448782955,1.9221207292474674e-08,0.0384611594193376,0.1891951489880446
787,2013-09-23,0.1883372987516085,0.1896182267788524,0.1891823116789543,0.191203353564376,0.0419925692566957,-0.0005136379369982957,0.00042307779080780206,-0.00037349847716450224,-0.0007633600761110804,-0.029640847406959603,0.1896182267788524
788,2013-09-24,0.1912785983327363,0.1924862115933155,0.1919829320573291,0.193254653236109,0.0551228437868539,0.002941299581127793,0.002867984814463098,0.0028006203783748074,0.0020512996717329812,0.0131302745301582,0.1924862115933155
789,2013-09-25,0.1911852046399253,0.1897122112887892,0.1913294388415301,0.1920620010282664,0.0483983824500428,-9.339369281100018e-05,-0.0027740003045262918,-0.0006534932157990225,-0.0011926522078425927,-0.006724461336811101,0.1897122112887892
790,2013-09-26,0.1900647526294112,0.1908406743908364,0.1906293305627857,0.1923960115394492,0.0424426186964334,-0.0011204520105141114,0.0011284631020472002,-0.0007001082787443935,0.000334010511182814,-0.0059557637536094,0.1908406743908364
791,2013-09-27,0.1884307080057712,0.189477196915354,0.1889022926643368,0.1917758462991393,0.0302157280781574,-0.001634044623640002,-0.0013634774754824053,-0.0017270378984488854,-0.0006201652403099167,-0.012226890618275997,0.189477196915354
792,2013-09-30,0.1867032514898123,0.1894301633614798,0.1890889628685915,0.189533660317407,0.062290784498589,-0.0017274565159589028,-4.7033553874198386e-05,0.00018667020425469638,-0.0022421859817322864,0.0320750564204316,0.1894301633614798
793,2013-10-01,0.1881972741232987,0.189477196915354,0.1896491258022274,0.1912510836189595,0.0448604025478711,0.0014940226334864137,4.7033553874198386e-05,0.0005601629336358938,0.001717423301552501,-0.017430381950717895,0.189477196915354
794,2013-10-02,0.18656315779054,0.187549470189317,0.1877819902344014,0.1894382278439285,0.0327583431610552,-0.0016341163327587005,-0.001927726726036999,-0.0018671355678260004,-0.0018128557750310137,-0.012102059386815904,0.187549470189317
795,2013-10-03,0.1855827242388711,0.1857158223707158,0.1861949671702309,0.1868621298750655,0.0453170220524225,-0.0009804335516689078,-0.0018336478186012084,-0.0015870230641704952,-0.0025760979688629893,0.012558678891367303,0.1857158223707158
796,2013-10-04,0.1840887674007496,0.1851986774721596,0.1851681064395166,0.1875777602908986,0.060598992809064,-0.0014939568381215074,-0.0005171448985561988,-0.001026860730714313,0.0007156304158330851,0.015281970756641498,0.1851986774721596
797,2013-10-07,0.182641446692449,0.1856218260610916,0.1850747656874898,0.1851924864584608,0.0485724891676056,-0.0014473207083005868,0.0004231485889319986,-9.334075202679926e-05,-0.0023852738324378064,-0.012026503641458401,0.1856218260610916
798,2013-10-08,0.1841822095864444,0.1828479083543769,0.184748094770721,0.1845723781393319,0.0608125199155089,0.0015407628939954066,-0.0027739177067147014,-0.0003266709167688009,-0.0006201083191288981,0.0122400307479033,0.1828479083543769
799,2013-10-09,0.1822679739962298,0.1825187442753816,0.1828342665270528,0.1834751060491716,0.0454254281218484,-0.0019142355902146135,-0.0003291640789953032,-0.0019138282436681753,-0.0010972720901602784,-0.015387091793660497,0.1825187442753816
800,2013-10-10,0.1824080290374376,0.1866091885015161,0.1856815718667034,0.1860512022396811,0.0440621396730078,0.00014005504120781498,0.004090444226134499,0.00284730533965058,0.002576096190509497,-0.0013632884488406008,0.1866091885015161
801,2013-10-11,0.1847892016965145,0.18853697422599,0.187735478686165,0.1881980529801637,0.0274497307915942,0.002381172659076891,0.0019277857244739127,0.002053906819461604,0.0021468507404825976,-0.016612408881413604,0.18853697422599
802,2013-10-14,0.1866098038609665,0.189900251106787,0.1890422221482733,0.1906785265150267,0.0279983312035373,0.001820602164452012,0.0013632768807969875,0.0013067434621082952,0.002480473534862998,0.0005486004119431009,0.189900251106787
803,2013-10-15,0.1871700996850301,0.185997929296462,0.188108728235382,0.1884364180335581,0.0536380091389601,0.0005602958240635836,-0.003902321810324988,-0.0009334939128912978,-0.0022421084814686076,0.0256396779354228,0.185997929296462
804,2013-10-16,0.1854893675338607,0.187643525497378,0.1864283696227355,0.1882456121760504,0.0625043116050339,-0.0016807321511694007,0.0016455962009160052,-0.001680358612646482,-0.00019080585750769208,0.008866302466073804,0.187643525497378
805,2013-10-17,0.1849290944689989,0.1889599576192988,0.1880620504096264,0.1876254260539784,0.033904819471044,-0.0005602730648617826,0.0013164321219207853,0.0016336807868908843,-0.000620186122072014,-0.028599492133989907,0.1889599576192988
806,2013-10-18,0.1879638224309625,0.189477196915354,0.1881087724395057,0.1901061452078235,0.0397029016691249,0.003034727961963579,0.0005172392960552108,4.6722029879292526e-05,0.0024807191538451234,0.005798082198080902,0.189477196915354
807,2013-10-21,0.1887575576601985,0.1904175730006539,0.189602477545317,0.1921098222212938,0.0244603513013655,0.0007937352292360089,0.0009403760852998988,0.001493705105811316,0.0020036770134702897,-0.0152425503677594,0.1904175730006539
808,2013-10-22,0.1894578500001978,0.1905115811099654,0.1896491373535897,0.1910125717255162,0.0487925863388642,0.0007002923399992977,9.400810931151082e-05,4.665980827270322e-05,-0.0010972504957776075,0.0243322350374987,0.1905115811099654
809,2013-10-23,0.1878704837412316,0.1830829463271868,0.1882955058374605,0.1849062725187799,0.0876249544201753,-0.0015873662589661885,-0.007428634782778609,-0.0013536315161292167,-0.006106299206736304,0.0388323680813111,0.1830829463271868
810,2013-10-24,0.1826414237888722,0.1833179960996841,0.1833943637224282,0.1857172258354039,0.0890835088088144,-0.005229059952359422,0.0002350497724973033,-0.0049011421150322865,0.0008109533166240079,0.001458554388639094,0.1833179960996841
811,2013-10-25,0.1828281770670606,0.1827537822481916,0.1829275810296441,0.1839044136137418,0.0688739894419058,0.0001867532781884007,-0.0005642138514924955,-0.0004667826927841068,-0.0018128122216621023,-0.020209519366908596,0.1827537822481916
812,2013-10-28,0.1815209669560619,0.1852927209805332,0.1851681144415136,0.1854787358147191,0.0625700122531708,-0.0013072101109986856,0.0025389387323415946,0.0022405334118694997,0.0015743222009773072,-0.006303977188735002,0.1852927209805332
813,2013-10-29,0.1845556378792457,0.189477196915354,0.1886222235604129,0.1885795727917614,0.1016191924733337,0.0030346709231837965,0.004184475934820797,0.00345410911889929,0.003100836977042304,0.039049180220162905,0.189477196915354
814,2013-10-30,0.1886175134995018,0.1878316715125622,0.1895091338534502,0.1896768471301402,0.0890178081606775,0.004061875620256089,-0.0016455254027918087,0.0008869102930373074,0.0010972743383788064,-0.0126013843126562,0.1878316715125622
815,2013-10-31,0.1984218458537652,0.201983650164379,0.2058460915704666,0.1994564421734907,0.3468435766118832,0.009804332354263423,0.014151978651816804,0.016336957717016404,0.009779595043350492,0.2578257684512057,0.201983650164379
816,2013-11-01,0.2013164797763167,0.2000089724822794,0.2019252271657416,0.2017463153712913,0.1361678782961194,0.002894633922551487,-0.001974677682099607,-0.003920864404725,0.002289873197800607,-0.2106756983157638,0.2000089724822794
817,2013-11-04,0.1987485800836085,0.2003850049195256,0.1989378030937177,0.2015553970053149,0.0663050940997533,-0.0025678996927082087,0.00037603243724620983,-0.002987424072023903,-0.00019091836597640022,-0.0698627841963661,0.2003850049195256
818,2013-11-05,0.1980950207663741,0.2005731391350225,0.2001047937584877,0.2012215239961006,0.0555761782589985,-0.0006535593172343757,0.00018813421549690457,0.0011669906647699957,-0.0003338730092143083,-0.010728915840754798,0.2005731391350225
819,2013-11-06,0.1993088852691297,0.2020306601188785,0.2011783628840159,0.2027957914317669,0.0377581624842729,0.001213864502755596,0.0014575209838559866,0.0010735691255281954,0.001574267435666299,-0.017818015774725603,0.2020306601188785
820,2013-11-07,0.2010363673116226,0.1982223346181777,0.2010383693507068,0.2009353145223867,0.0480698792093584,0.0017274820424929005,-0.0038083255007007877,-0.00013999353330909625,-0.0018604769093802098,0.010311716725085504,0.1982223346181777
821,2013-11-08,0.1971146232884684,0.2016545568835081,0.2004782553783872,0.2007922105551445,0.0506354895191041,-0.0039217440231542056,0.003432222265330409,-0.0005601139723195869,-0.00014310396724218077,0.0025656103097456973,0.2016545568835081
822,2013-11-11,0.1994956560588488,0.201983650164379,0.2008983282584383,0.2030343500117258,0.0352779630171051,0.0023810327703804035,0.00032909328087088463,0.0004200728800511089,0.002242139456581277,-0.015357526501999001,0.201983650164379
823,2013-11-12,0.1995423403975857,0.2045225416979712,0.2034655529048928,0.2037499072557183,0.0690645213215028,4.668433873689093e-05,0.0025388915335922135,0.00256722464645448,0.0007155572439924984,0.0337865583043977,0.2045225416979712
824,2013-11-13,0.2015965598491029,0.2042404111728502,0.2028587215522406,0.2045131694401498,0.08026976686125,0.0020542194515172085,-0.00028213052512102155,-0.0006068313526521874,0.0007632621844315124,0.011205245539747194,0.2042404111728502
825,2013-11-14,0.2023436211190299,0.2041464384626008,0.2030454967158325,0.2050857107643104,0.0767449270887057,0.0007470612699269907,-9.39727102493848e-05,0.00018677516359189017,0.000572541324160597,-0.0035248397725442943,0.2041464384626008
826,2013-11-15,0.2028571419713776,0.2050397219955895,0.2035589033078123,0.2053718867430354,0.0504449576395071,0.0005135208523477097,0.0008932835329887034,0.0005134065919797925,0.00028617597872498957,-0.0262999694491986,0.2050397219955895
827,2013-11-18,0.1990754680974586,0.2038172979829803,0.203932330561319,0.2032251581257098,0.0885743287857534,-0.003781673873919006,-0.001222424012609219,0.00037342725350669737,-0.002146728617325594,0.0381293711462463,0.2038172979829803
828,2013-11-19,0.2023149138343265,0.2016082313108763,0.2023640874964769,0.2041768620951771,0.0480468839825104,0.0032394457368679075,-0.002209066672103993,-0.001568243064842073,0.0009517039694673102,-0.040527444803243,0.2016082313108763
829,2013-11-20,0.198737547415337,0.2027934155101321,0.20236417723606,0.2029744971087932,0.0611147428969386,-0.0035773664189895082,0.001185184199255812,8.973958309788088e-08,-0.0012023649863839025,0.013067858914428201,0.2027934155101321
830,2013-11-21,0.2021267139200216,0.2077708304365101,0.2063643944689647,0.2055236992570787,0.0545840984721314,0.0033891665046845987,0.004977414926377988,0.004000217232904696,0.0025492021482854954,-0.0065306444248071985,0.2077708304365101
831,2013-11-22,0.2032092838287017,0.2076759373506454,0.206599633117068,0.2076399310911854,0.0595806327629422,0.0010825699086801088,-9.489308586468903e-05,0.00023523864810329198,0.0021162318341066966,0.004996534290810796,0.2076759373506454
832,2013-11-25,0.2068808362356805,0.207818076384757,0.2070231203542181,0.2083132546799028,0.057658888804938,0.0036715524069787786,0.00014213903411158801,0.0004234872371501053,0.0006733235887174116,-0.0019217439580042003,0.207818076384757
833,2013-11-26,0.2059865475519693,0.2061590403399216,0.2066937625014157,0.2090829144469795,0.0709566999878453,-0.0008942886837111919,-0.001659036044835388,-0.00032935785280241436,0.0007696597670766858,0.013297811182907307,0.2061590403399216
834,2013-11-27,0.2040096593261888,0.2057325288400878,0.2048584925710637,0.2062452429992277,0.0406424209374825,-0.0019768882257804876,-0.00042651149983380376,-0.0018352699303519904,-0.002837671447751794,-0.030314279050362804,0.2057325288400878
835,2013-11-29,0.2037741557948688,0.2052109354593915,0.2054701476670021,0.2079766318315547,0.0261981334445864,-0.00023550353132001378,-0.0005215933806962947,0.0006116550959384126,0.0017313888323270132,-0.014444287492896099,0.2052109354593915
836,2013-12-02,0.204574400438051,0.2026511584791468,0.2045289470906501,0.2053312475498888,0.0554152116710631,0.0008002446431822074,-0.0025597769802447046,-0.0009412005763520248,-0.0026453842816659134,0.0292170782264767,0.2026511584791468
837,2013-12-03,0.2014676495698158,0.2021297066946989,0.2023641185444651,0.2034554129734256,0.0960477775113251,-0.0031067508682351974,-0.0005214517844479016,-0.0021648285461849937,-0.0018758345764632034,0.040632565840261994,0.2021297066946989
838,2013-12-04,0.2006203396335902,0.2010868031258032,0.2017993717789014,0.2023972501298381,0.0608059498506952,-0.0008473099362256153,-0.0010429035688956922,-0.0005647467655637006,-0.001058162843587479,-0.035241827660629894,0.2010868031258032
839,2013-12-05,0.200761554586749,0.2006601736290958,0.2011875553798387,0.2023010385300488,0.0617980296375623,0.0001412149531588025,-0.00042662949670740913,-0.0006118163990626868,-9.621159978931426e-05,0.0009920797868670991,0.2006601736290958
840,2013-12-06,0.2021266834517294,0.2064908947476382,0.2051878276119311,0.2052350723845576,0.061804599702376,0.0013651288649804139,0.005830721118542409,0.0040002722320924,0.0029340338545087996,6.570064813700427e-06,0.2064908947476382
841,2013-12-09,0.2043860897715,0.2053057577471319,0.2057995887556534,0.2076399402558496,0.0682071278633163,0.0022594063197705905,-0.00118513700050632,0.0006117611437223003,0.002404867871291988,0.0064025281609403,0.2053057577471319
842,2013-12-10,0.2035859058115501,0.2038836594247737,0.2043877792162748,0.2062932261531954,0.0279096353285525,-0.0008001839599499072,-0.0014220983223581785,-0.0014118095393786112,-0.0013467141026541896,-0.0402974925347638,0.2038836594247737
843,2013-12-11,0.2024091452293626,0.1998069854338051,0.2028347801437602,0.2018201274714426,0.0790115994494285,-0.0011767605821874916,-0.004076673990968616,-0.0015529990725146048,-0.004473098681752802,0.051101964120875996,0.1998069854338051
844,2013-12-12,0.2007145649458368,0.1989537264403902,0.2008111477651896,0.2018201383129651,0.0533390711899372,-0.0016945802835257873,-0.0008532589934149015,-0.002023632378570589,1.0841522513072022e-08,-0.025672528259491297,0.1989537264403902
845,2013-12-13,0.1976548499639731,0.196867895703224,0.1979403625794319,0.1987418022374044,0.0776121756441127,-0.0030597149818637204,-0.0020858307371662,-0.0028707851857577016,-0.0030783360755607114,0.0242731044541755,0.196867895703224
846,2013-12-16,0.1958660612179104,0.1979581278181783,0.197281435048318,0.1997518070940291,0.0603723255729917,-0.0017887887460626972,0.0010902321149542926,-0.0006589275311139065,0.0010100048566246966,-0.017239850071121,0.1979581278181783
847,2013-12-17,0.1962897801826001,0.1988114694094049,0.1985521675796402,0.1997999882436493,0.0702077125990847,0.0004237189646897066,0.0008533415912266029,0.001270732531322205,4.818114962021336e-05,0.009835387026093004,0.1988114694094049
848,2013-12-18,0.1972782139332446,0.201703029999242,0.2002933807226024,0.1994632298094524,0.1089645249350384,0.0009884337506445018,0.002891560589837111,0.001741213142962189,-0.0003367584341968932,0.0387568123359537,0.201703029999242
849,2013-12-19,0.2009498727278176,0.2023667388146751,0.201752331815058,0.2040807117940935,0.0713147685201914,0.003671658794573013,0.000663708815433095,0.0014589510924556126,0.0046174819846410975,-0.037649756414847,0.2023667388146751
850,2013-12-20,0.2006674727963949,0.2058272331309545,0.2048113520404719,0.2048022126012489,0.3651182118911603,-0.0002823999314227055,0.0034604943162794,0.0030590202254139054,0.0007215008071553841,0.29380344337096886,0.2058272331309545
851,2013-12-23,0.2057040901963235,0.2089558258407678,0.2079643851160053,0.2087461903499415,0.0682859686410806,0.0050366173999285835,0.003128592709813305,0.0031530330755333846,0.003943977748692595,-0.2968322432500797,0.2089558258407678
852,2013-12-24,0.2073987093954478,0.210614979882477,0.2094703781238188,0.2109106239938627,0.0347490727996031,0.0016946191991243087,0.0016591540417091877,0.0015059930078135109,0.0021644336439212153,-0.033536895841477496,0.210614979882477
853,2013-12-26,0.2105054260570656,0.2102357143308902,0.210505708441383,0.2124497381621343,0.0376103360259649,0.0031067166616177977,-0.00037926555158679376,0.0010353303175641981,0.0015391141682715992,0.0028612632263618,0.2102357143308902
854,2013-12-27,0.2089992156805765,0.2099039779200474,0.209376332840309,0.2123536474777798,0.0257513690372555,-0.0015062103764890977,-0.00033173641084280336,-0.001129375601074012,-9.609068435451062e-05,-0.011858966988709398,0.2099039779200474
855,2013-12-30,0.2081517930696604,0.2107571189165885,0.2104115437401284,0.2123054093612973,0.0230313622043881,-0.0008474226109161098,0.0008531409965411019,0.001035210899819422,-4.823811648249632e-05,-0.0027200068328674006,0.2107571189165885
856,2013-12-31,0.2101759756123669,0.2121319240919503,0.2115411168918163,0.2143737257390881,0.0267894392778184,0.002024182542706504,0.0013748051753618151,0.0011295731516878793,0.002068316377790813,0.0037580770734302986,0.2121319240919503
857,2014-01-02,0.2097522871301142,0.2093824553374753,0.2097056833343575,0.2116801781378918,0.0377877277759345,-0.0004236884822526876,-0.002749468754475015,-0.0018354335574587988,-0.0026935476011963055,0.010998288498116099,0.2093824553374753
858,2014-01-03,0.208669612925915,0.2111363844681753,0.2101292134439037,0.2125459236027047,0.0372227022019572,-0.0010826742041992188,0.0017539291306999938,0.00042353010954621073,0.0008657454648128837,-0.0005650255739773,0.2111363844681753
859,2014-01-06,0.2095170125178966,0.2107098729683416,0.2103175683506115,0.213219438362471,0.0447651366080726,0.0008473995919816013,-0.00042651149983369274,0.00018835490670779387,0.0006735147597663194,0.007542434406115406,0.2107098729683416
860,2014-01-07,0.2104112913048718,0.2118948683725993,0.2120587550009752,0.2138446016821289,0.0498700769683092,0.0008942787869752056,0.0011849954042577049,0.001741186650363713,0.0006251633196578954,0.0051049403602366,0.2118948683725993
861,2014-01-08,0.2106466331409861,0.2146916774728203,0.2135176333176853,0.2142293819129966,0.0640876972251331,0.0002353418361143167,0.0027968091002210094,0.0014588783167100994,0.0003847802308676873,0.014217620256823903,0.2146916774728203
862,2014-01-09,0.213141524708723,0.2143599410619775,0.2141295251705552,0.2158167020651362,0.0470318089687954,0.0024948915677368844,-0.00033173641084280336,0.0006118918528698891,0.0015873201521396096,-0.017055888256337706,0.2143599410619775
863,2014-01-10,0.2136121985335293,0.2136488211026741,0.2139882906378928,0.2159128442256696,0.0515717237550548,0.00047067382480631137,-0.0007111199593033968,-0.00014123453266240427,9.614216053338565e-05,0.004539914786259404,0.2136488211026741
864,2014-01-13,0.2116822318359141,0.2140280394555114,0.215729537511863,0.2162014193165619,0.0732726478346708,-0.0019299666976152208,0.00037921835283730165,0.0017412468739702036,0.0002885750908923068,0.021700924079615998,0.2140280394555114
865,2014-01-14,0.2137534610824811,0.2185788720839314,0.2170943972347697,0.2176925263377205,0.0620509771328894,0.0020712292465670246,0.004550832628419987,0.0013648597229067028,0.0014911070211585942,-0.0112216707017814,0.2185788720839314
866,2014-01-15,0.217001351302437,0.2196690923991983,0.2183649938219619,0.221107448680504,0.0401693762708969,0.00324789021995589,0.0010902203152668988,0.0012705965871921965,0.0034149223427835107,-0.0218816008619925,0.2196690923991983
867,2014-01-16,0.217989915503614,0.219337308789606,0.2181767849825812,0.221251779147795,0.1932354612678254,0.000988564201176989,-0.00033178360959229547,-0.0001882088393806991,0.0001443304672910095,0.1530660849969285,0.219337308789606
868,2014-01-17,0.2165307215006408,0.2190055251800136,0.2199180944084999,0.2210113335613523,0.079211986426246,-0.001459194002973202,-0.0003317836095924065,0.0017413094259187134,-0.00024044558644270575,-0.1140234748415794,0.2190055251800136
869,2014-01-21,0.2193550448592174,0.2192425572999898,0.2194475040059248,0.2212518379291276,0.0464897786216661,0.0028243233585766025,0.00023703211997619378,-0.0004705904025751051,0.00024050436777528494,-0.03272220780457989,0.2192425572999898
870,2014-01-22,0.217942910507714,0.2183419107620795,0.2188357193699523,0.2213480559243057,0.0760287900240135,-0.0014121343515033913,-0.0009006465379102768,-0.000611784635972501,9.621799517811613e-05,0.029539011402347395,0.2183419107620795
871,2014-01-23,0.2164365066740168,0.2132696027498369,0.2170002212625226,0.2160090453304663,0.1173512126697129,-0.0015064038336972119,-0.005072308012242621,-0.001835498107429695,-0.0053390105938393995,0.04132242264569941,0.2132696027498369
872,2014-01-24,0.2107407792098583,0.2089558258407678,0.2113057592039241,0.211824472140686,0.0669423903866811,-0.005695727464158501,-0.004313776909069089,-0.005694462058598498,-0.0041845731897803,-0.05040882228303181,0.2089558258407678
873,2014-01-27,0.2079636194307632,0.2088610979505264,0.2092821989196727,0.2110068758791307,0.0440260043165325,-0.0027771597790950953,-9.472789024139727e-05,-0.0020235602842514078,-0.000817596261555309,-0.022916386070148592,0.2088610979505264
874,2014-01-28,0.2078693652000466,0.2135539516161843,0.2120587137182267,0.2117282461810603,0.0754769045796636,-9.425423071660055e-05,0.004692853665657887,0.0027765147985540084,0.0007213703019295914,0.031450900263131104,0.2135539516161843
875,2014-01-29,0.2102700920839157,0.2114682624752666,0.2135176765235097,0.2140851181605631,0.0660324364099851,0.0024007268838691087,-0.002085689140917696,0.0014589628052829873,0.0023568719795028226,-0.009444468169678505,0.2114682624752666
876,2014-01-30,0.2119646688951176,0.2150235318805369,0.2147883231019788,0.2152875593126167,0.0961528985483441,0.0016945768112018866,0.003555269405270317,0.0012706465784690923,0.0012024411520535905,0.030120462138359005,0.2150235318805369
877,2014-01-31,0.2112115052432013,0.2126533286776487,0.2130470411294362,0.212016883877123,0.0946089333171271,-0.0007531636519162999,-0.0023702032028882214,-0.0017412819725425854,-0.0032706754354936973,-0.0015439652312170121,0.2126533286776487
878,2014-02-03,0.2115881518535516,0.2067753144121098,0.2117293901926915,0.2088424470824837,0.2015203129978877,0.00037664661035030633,-0.005878014265538883,-0.0013176509367447131,-0.0031744367946393015,0.1069113796807606,0.2067753144121098
879,2014-02-04,0.2057982962196695,0.2067279032682396,0.2060819995040484,0.2076880847777893,0.215008656060392,-0.005789855633882096,-4.74111438702185e-05,-0.005647390688643089,-0.0011543623046944007,0.013488343062504293,0.2067279032682396
880,2014-02-05,0.2046685811283207,0.2071545563643218,0.2064584998549705,0.2074957058729906,0.0461777005430158,-0.001129715091348793,0.00042665309608222457,0.00037650035092209877,-0.00019237890479870123,-0.1688309555173762,0.2071545563643218
881,2014-02-06,0.2059865331780212,0.2072018967100678,0.2073996765593092,0.2094676759502033,0.2122098084497603,0.0013179520497005048,4.734034574599422e-05,0.0009411767043386865,0.001971970077212698,0.1660321079067445,0.2072018967100678
882,2014-02-07,0.20730460178385,0.2106624146257219,0.2092821847511045,0.210718284049912,0.2310790345946762,0.0013180686058287816,0.0034605179156541044,0.0018825081917953068,0.0012506080997087,0.0188692261449159,0.2106624146257219
883,2014-02-10,0.2099876054989394,0.2121792408383215,0.2112116096223273,0.213748364192578,0.0416969163400796,0.0026830037150894215,0.0015168262125995757,0.0019294248712228013,0.0030300801426660084,-0.1893821182545966,0.2121792408383215
884,2014-02-11,0.2092816314248758,0.2126059883319027,0.2114470253545285,0.2124498235821597,0.0617191888597981,-0.0007059740740636145,0.0004267474935812088,0.00023541573220120515,-0.001298540610418314,0.020022272519718505,0.2126059883319027
885,2014-02-12,0.2211908243468335,0.2159242492165715,0.2211416790805666,0.2157686044354524,0.060789524688661,0.01190919292195769,0.0033182608846688,0.009694653726038088,0.0033187808532927077,-0.0009296641711371012,0.2159242492165715
886,2014-02-13,0.2133768836096144,0.2171567501621985,0.2157766530871269,0.2174520270208118,0.0471106497465597,-0.007813940737219083,0.0012325009456269909,-0.005365025993439687,0.0016834225853593898,-0.0136788749421013,0.2171567501621985
887,2014-02-14,0.2154009127363321,0.2169196708434728,0.2161531073908492,0.2190392305621776,0.0450147990709928,0.0020240291267177024,-0.00023707931872568588,0.0003764543037222956,0.0015872035413658225,-0.0020958506755668974,0.2169196708434728
888,2014-02-18,0.2134709791346053,0.2156871934972206,0.2145530311684135,0.217403903828497,0.0546432290554546,-0.001929933601726802,-0.0012324773462522032,-0.0016000762224356868,-0.0016353267336806088,0.009628429984461798,0.2156871934972206
889,2014-02-19,0.2122557059092587,0.2145167117084333,0.2151492939214025,0.2164473069726356,0.0567883552171242,-0.0012152732253465914,-0.0011704817887872865,0.0005962627529889908,-0.0009565968558614135,0.0021451261616695985,0.2145167117084333
890,2014-02-20,0.213157089914319,0.2159499961344224,0.2146275361657881,0.2162049015795212,0.0774117886672952,0.0009013840050602906,0.0014332844259890842,-0.0005217577556143882,-0.00024240539311437548,0.020623433450171,0.2159499961344224
891,2014-02-21,0.2146752476522678,0.2162366577394951,0.2157184724414494,0.2182894039694693,0.0461349951217268,0.0015181577379488054,0.00028666160507270777,0.0010909362756612861,0.0020845023899480897,-0.0312767935455684,0.2162366577394951
892,2014-02-24,0.2154342510772142,0.2162843756752371,0.2166195955532185,0.2193558217719243,0.0730722608578533,0.0007590034249463917,4.771793574198657e-05,0.0009011231117690977,0.0010664178024550053,0.026937265736126502,0.2162843756752371
893,2014-02-25,0.2154343139827488,0.2166188732129255,0.2159556206784288,0.2172713974723513,0.1077589180417264,6.290553458687675e-08,0.00033449753768841073,-0.0006639748747896967,-0.0020844242995730067,0.03468665718387309,0.2166188732129255
894,2014-02-26,0.2152919256371633,0.217526552364511,0.2183745684056174,0.2187256178453429,0.075785697625907,-0.00014238834558549796,0.0009076791515854887,0.0024189477271885917,0.0014542203729915881,-0.03197322041581939,0.217526552364511
895,2014-02-27,0.21567149367227,0.2179088150366908,0.2168568037364844,0.2133447726549195,0.0617191888597981,0.0003795680351067199,0.00038226267217980614,-0.0015177646691330038,-0.0053808451904233945,-0.014066508766108904,0.2179088150366908
896,2014-02-28,0.2167626625372202,0.2176221534316181,0.2174734043625112,0.2191619525336219,0.0348903291930974,0.0010911688649501983,-0.00028666160507270777,0.0006166006260268087,0.005817179878702394,-0.026828859666700705,0.2176221534316181
897,2014-03-03,0.2142482567921354,0.2147555845796399,0.2148646921671455,0.2158171018305638,0.0375347802806074,-0.0025144057450847968,-0.0028665688519781962,-0.002608712195365709,-0.0033448507030580943,0.0026444510875100052,0.2147555845796399
898,2014-03-04,0.2132520261511419,0.221253247627956,0.2198450454250875,0.2171260166092992,0.1019641208760524,-0.0009962306409935229,0.006497663048316116,0.004980353257942022,0.0013089147787354038,0.064429340595445,0.221253247627956
899,2014-03-05,0.2189450019780423,0.2223997996507481,0.2211256236511377,0.2233794073857829,0.0714264596220241,0.005692975826900398,0.0011465520227920967,0.001280578226050183,0.006253390776483708,-0.030537661254028306,0.2223997996507481
900,2014-03-06,0.2207477326094538,0.2228775217937866,0.2227856826346241,0.2250275335843749,0.0403500530532733,0.0018027306314115088,0.0004777221430384837,0.0016600589834863955,0.0016481261985920037,-0.031076406568750797,0.2228775217937866
901,2014-03-07,0.2222184965079051,0.2225431422529719,0.2223114116031476,0.225221499075972,0.0493017663619251,0.0014707638984512994,-0.00033437954081469434,-0.0004742710314764864,0.00019396549159708676,0.008951713308651799,0.2225431422529719
902,2014-03-10,0.2208901275066426,0.2222086919140329,0.2215999522531765,0.2239611222192895,0.0277322435785829,-0.001328369001262486,-0.0003344503389390019,-0.0007114593499711053,-0.0012603768566825102,-0.021569522783342197,0.2222086919140329
903,2014-03-11,0.2210799407880806,0.2207276895523019,0.2216000112822199,0.2231855594890931,0.0217403444684981,0.00018981328143799492,-0.0014810023617309875,5.90290434032692e-08,-0.000775562730196383,-0.005991899110084801,0.2207276895523019
904,2014-03-12,0.2184705358968967,0.2217786641073616,0.2210781648358544,0.2220220192835753,0.0350512957810328,-0.002609404891183914,0.0010509745550597027,-0.0005218464463654926,-0.0011635402055178157,0.013310951312534697,0.2217786641073616
905,2014-03-13,0.2213645787785293,0.220536558216212,0.2221691634182969,0.2230885833985738,0.1038168791535128,0.0028940428816326136,-0.0012421058911496197,0.0010909985824424928,0.0010665641149985028,0.06876558337248001,0.220536558216212
906,2014-03-14,0.2190398257315874,0.2201064832107912,0.2197975030415301,0.2226522083853657,0.0617487541514597,-0.0023247530469419075,-0.0004300750054207769,-0.00237166037676681,-0.00043637501320809013,-0.0420681250020531,0.2201064832107912
907,2014-03-17,0.2190398088578839,0.223068605931127,0.2221690601856968,0.2238156149195263,0.0353042432763599,-1.6873703490016823e-08,0.0029621227203358025,0.0023715571441667027,0.0011634065341606104,-0.026444510875099803,0.223068605931127
908,2014-03-18,0.221981297807936,0.2264130385223921,0.2248253010976664,0.2259001741648857,0.0342103274848806,0.0029414889500520847,0.0033444325912651007,0.002656240911969615,0.0020845592453593853,-0.0010939157914792996,0.2264130385223921
909,2014-03-19,0.224163687748134,0.2258397861103708,0.2261534383085132,0.2278877687761681,0.0385432852295087,0.0021823899401980096,-0.0005732524120213023,0.0013281372108467915,0.001987594611282395,0.004332957744628101,0.2258397861103708
910,2014-03-20,0.2237840133197383,0.2297573295174088,0.2281928627734713,0.2279361238400338,0.0397981676089234,-0.0003796744283957043,0.003917543407037982,0.0020394244649581117,4.8355063865718195e-05,0.0012548823794146999,0.2297573295174088
911,2014-03-21,0.2299516290896709,0.2266997709255891,0.2299005373046771,0.229875307769482,0.0684436501966092,0.006167615769932605,-0.0030575585918196924,0.001707674531205794,0.001939183929448196,0.028645482587685796,0.2266997709255891
912,2014-03-24,0.2260613262439293,0.2271297043347614,0.2262008110694133,0.2280816277923759,0.0404913094467676,-0.0038903028457416,0.0004299334091723006,-0.003699726235263795,-0.0017936799771061107,-0.027952340749841598,0.2271297043347614
913,2014-03-25,0.2262036093799656,0.2277029803461575,0.2276711566116926,0.2299721680272183,0.0401628062060832,0.0001422831360362864,0.00057327601139609,0.0014703455422792888,0.0018905402348423916,-0.00032850324068439685,0.2277029803461575
914,2014-03-26,0.2269626884051623,0.2252663921021011,0.2281454715608208,0.2281785526451373,0.0441771158072474,0.0007590790251967017,-0.0024365882440564035,0.00047431494912819616,-0.0017936153820809764,0.0040143096011641954,0.2252663921021011
915,2014-03-27,0.2233571014618308,0.2219220303089601,0.2240189364111705,0.2242519548193013,0.0563711561014549,-0.00360558694333149,-0.0033443617931409875,-0.004126535149650307,-0.003926597825836015,0.012194040294207502,0.2219220303089601
916,2014-03-28,0.221079933359006,0.2241675816144256,0.2241612914317441,0.2253185088620637,0.025803929555765,-0.0022771681028248003,0.0022455513054654985,0.00014235502057360905,0.001066554042762402,-0.0305672265456899,0.2241675816144256
917,2014-03-31,0.2242585442413522,0.2281807968866949,0.2271494655005889,0.2291481363230265,0.0499587728432941,0.0031786108823461945,0.004013215272269305,0.002988174068844801,0.003829627460962798,0.0241548432875291,0.2281807968866949
918,2014-04-01,0.2276268219958817,0.2286106830971177,0.2278608421515487,0.2307962315769454,0.0477446610010807,0.0033682777545294973,0.0004298862104228085,0.0007113766509597996,0.001648095253918902,-0.002214111842213401,0.2286106830971177
919,2014-04-02,0.2270101477561695,0.2306173851307514,0.2290467070051894,0.2307478231932312,0.0569066163837706,-0.0006166742397121783,0.0020067020336336783,0.0011858648536406946,-4.840838371419909e-05,0.0091619553826899,0.2306173851307514
920,2014-04-03,0.2300938558973303,0.2320506459573657,0.232556595757402,0.2340926768828698,0.0551458390137018,0.003083708141160796,0.0014332608266142965,0.0035098887522126143,0.003344853689638605,-0.0017607773700688,0.2320506459573657
921,2014-04-04,0.2325134657178014,0.2254097819030743,0.2324618047313337,0.2277908175355369,0.0555663231617779,0.002419609820471097,-0.006640864054291373,-9.479102606829715e-05,-0.006301859347332905,0.00042048414807609874,0.2254097819030743
922,2014-04-07,0.223784155568586,0.224119840079309,0.2252996826889771,0.2260456901484848,0.0510691137968076,-0.008729310149215408,-0.0012899418237653226,-0.007162122042356611,-0.0017451273870520978,-0.004497209364970299,0.224119840079309
923,2014-04-08,0.222550531965465,0.2273685064078438,0.2263904647260597,0.2271120184481739,0.0365722657854019,-0.0012336236031209868,0.0032486663285348216,0.0010907820370825994,0.0010663282996891121,-0.014496848011405696,0.2273685064078438
924,2014-04-09,0.2271998710199465,0.230808445668717,0.22937867633552,0.231426458666507,0.0422882221733117,0.004649339054481477,0.003439939260873187,0.002988211609460306,0.0043144402183330766,0.005715956387909796,0.230808445668717
925,2014-04-10,0.229239920152323,0.2243586421523913,0.2297107358476602,0.2276453251640094,0.0464864935892592,0.0020400491323765146,-0.006449803516325708,0.00033205951214018703,-0.003781133502497591,0.004198271415947502,0.2243586421523913
926,2014-04-11,0.2209375912378144,0.2219698426422011,0.2232126537834527,0.2245913511690067,0.0529580074307433,-0.008302328914508605,-0.0023887995101901927,-0.006498082064207489,-0.0030539739950027067,0.006471513841484096,0.2219698426422011
927,2014-04-14,0.2228353121184563,0.222638743320079,0.2252522420878914,0.2238157424665171,0.043868322761004,0.0018977208806419121,0.0006689006778778928,0.0020395883044387053,-0.0007756087024896052,-0.0090896846697393,0.222638743320079
928,2014-04-15,0.2214119776213481,0.2253619459704587,0.2243035489985521,0.2249306575332428,0.0396470561182086,-0.001423334497108214,0.0027232026503797024,-0.0009486930893393142,0.0011149150667257024,-0.004221266642795395,0.2253619459704587
929,2014-04-16,0.2240687211027064,0.2219220303089601,0.2240189364111705,0.2213918447379757,0.0615122318181668,0.0026567434813583035,-0.0034399156614985937,-0.0002846125873816052,-0.0035388127952670767,0.021865175699958196,0.2219220303089601
930,2014-04-17,0.2208426442182572,0.2261263533179446,0.2257264554803761,0.2254153797365496,0.0441574056128063,-0.0032260768844492027,0.00420432300898449,0.0017075190692056041,0.0040235349985738855,-0.017354826205360496,0.2261263533179446
931,2014-04-21,0.2242110620238566,0.2274163423404595,0.2265802621733166,0.227645329512344,0.032508680698135,0.003368417805599405,0.001289989022514898,0.0008538066929404953,0.0022299497757944098,-0.011648724914671303,0.2274163423404595
932,2014-04-22,0.2271997954622659,0.2288495323689496,0.2279556595208832,0.2307961832165592,0.0349396046792001,0.0029887334384093023,0.0014331900284901,0.0013753973475666148,0.003150853704215195,0.0024309239810650987,0.2288495323689496
933,2014-04-23,0.2273896700283549,0.2295185038449517,0.2288569538010479,0.2316203773557817,0.0346143864709225,0.00018987456608898778,0.000668971476002117,0.0009012942801646939,0.000824194139222495,-0.0003252182082775987,0.2295185038449517
934,2014-04-24,0.2291924113954354,0.2311906139433979,0.2298529496468723,0.2320566042154275,0.0801317955001626,0.0018027413670805015,0.0016721100984462,0.00099599584582441,0.00043622685964581076,0.0455174090292401,0.2311906139433979
935,2014-04-25,0.2286231488984886,0.2253141572365925,0.2292364083651051,0.2280331258469085,0.0842840764624143,-0.0005692624969468041,-0.005876456706805394,-0.0006165412817672189,-0.004023478368519018,0.004152280962251703,0.2253141572365925
936,2014-04-28,0.224780305659272,0.2242630174859095,0.2267224763886828,0.2257546773790801,0.0572613998837098,-0.0038428432392165757,-0.0010511397506830222,-0.002513931976422301,-0.0022784484678284034,-0.027022676578704503,0.2242630174859095
937,2014-04-29,0.2239263827862833,0.2259830107157208,0.2262482041492159,0.2275483352069321,0.0493871772045031,-0.000853922872988716,0.0017199932298113119,-0.00047427223946688857,0.0017936578278520132,-0.007874222679206698,0.2259830107157208
938,2014-04-30,0.2240687511671844,0.2271297043347614,0.2256316381505322,0.227257537256276,0.0484410878713318,0.00014236838090109227,0.0011466936190406007,-0.0006165659986837047,-0.00029079795065609093,-0.0009460893331713002,0.2271297043347614
939,2014-05-01,0.2256817040466182,0.222925286928278,0.226580194244039,0.2257062155814293,0.0683648094188449,0.0016129528794338044,-0.004204417406483391,0.0009485560935068027,-0.0015513216748467007,0.019923721547513103,0.222925286928278
940,2014-05-02,0.2207003783004221,0.2234509158020563,0.2236395315949215,0.225512390372519,0.0473635972418867,-0.004981325746196086,0.0005256288737782999,-0.0029406626491174925,-0.0001938252089103143,-0.021001212176958203,0.2234509158020563
941,2014-05-05,0.2204156244487459,0.2234030326706912,0.2221216292051266,0.2236701840695575,0.0549224568100364,-0.0002847538516762005,-4.78831313651118e-05,-0.0015179023897949062,-0.0018422063029615021,0.007558859568149702,0.2234030326706912
942,2014-05-06,0.2221711286726407,0.2214443317652965,0.2237344195355233,0.2240096550592949,0.063667213077057,0.0017555042238947827,-0.0019587009053947113,0.0016127903303967128,0.0003394709897374115,0.0087447562670206,0.2214443317652965
943,2014-05-07,0.2205580443236106,0.2240242154128271,0.2227383077284292,0.2217796887312409,0.0693174688168298,-0.0016130843490300972,0.0025798836475306175,-0.0009961118070941077,-0.0022299663280540005,0.005650255739772805,0.2240242154128271
944,2014-05-08,0.2216017642843124,0.2249319889619116,0.2264379844190928,0.2259486726425191,0.0421469657798174,0.0010437199607018222,0.0009077735490845007,0.0036996766906635947,0.004168983911278207,-0.027170503037012406,0.2249319889619116
945,2014-05-09,0.2236417222165732,0.2239764030795862,0.2238766278405711,0.2249790886777007,0.0525079579910055,0.0020399579322607775,-0.000955585882325416,-0.0025613565785216896,-0.0009695839648184157,0.010360992211188101,0.2239764030795862
946,2014-05-12,0.2233097086395627,0.2277508162787732,0.2264380128328911,0.2279847026995038,0.0445220442099661,-0.00033201357701048706,0.0037744131991870045,0.002561384992320004,0.0030056140218031047,-0.007985913781039404,0.2277508162787732
947,2014-05-13,0.2263934128708274,0.2240242154128271,0.2267225542387941,0.2273059993277444,0.0494627329498605,0.0030837042312646945,-0.003726600865946089,0.00028454140590297716,-0.0006787033717594038,0.004940688739894401,0.2240242154128271
948,2014-05-14,0.2229775565085375,0.2219220303089601,0.2229280142573228,0.2251245320300305,0.0429945041407833,-0.0034158563622898874,-0.0021021851038670047,-0.003794539981471279,-0.0021814672977139016,-0.0064682288090772005,0.2219220303089601
949,2014-05-15,0.2199887379521957,0.219055461456982,0.2202244552842699,0.2203254105251705,0.0498470817414613,-0.00298881855634181,-0.002866568851978113,-0.002703558973052911,-0.0047991215048600044,0.006852577600677999,0.219055461456982
950,2014-05-16,0.2174742179803293,0.2216830866396293,0.2204140867040909,0.2214402669778019,0.05886449569825,-0.0025145199718664135,0.0026276251826473085,0.00018963141982100695,0.001114856452631402,0.009017413956788706,0.2216830866396293
951,2014-05-19,0.2214505668412318,0.2233971564263787,0.2225963194195973,0.2243248785550837,0.0531649644723745,0.003976348860902507,0.0017140697867494004,0.0021822327155063825,0.002884611577281815,-0.0056995312258755,0.2233971564263787
952,2014-05-20,0.221833064243648,0.221471329450009,0.2223095414519798,0.2241295058401931,0.0366313963687251,0.0003824974024161931,-0.001925826976369699,-0.00028677796761750196,-0.00019537271489061814,-0.0165335681036494,0.221471329450009
953,2014-05-21,0.2205900551084991,0.2231083236788291,0.2223573812767434,0.2249111567232709,0.0325710963138651,-0.0012430091351488814,0.0016369942288201045,4.783982476361248e-05,0.0007816508830778002,-0.004060300054860001,0.2231083236788291
954,2014-05-22,0.2220719942706725,0.2235896329268293,0.2251773338426499,0.2261322934481296,0.0571497087818771,0.0014819391621734013,0.00048130924800018904,0.002819952565906503,0.0012211367248587124,0.024578612468011997,0.2235896329268293
955,2014-05-23,0.2217852227000064,0.2246489380611754,0.2232654869880529,0.2256927212314093,0.0327024976101389,-0.0002867715706661167,0.0010593051343461002,-0.001911846854596999,-0.00043957221672030755,-0.024447211171738197,0.2246489380611754
956,2014-05-27,0.2240800938148898,0.2273451666262173,0.2258466445042729,0.2279399233361903,0.0374263742111815,0.0022948711148834122,0.002696228565041897,0.002581157516219984,0.002247202104780993,0.0047238766010425995,0.2273451666262173
957,2014-05-28,0.2258968364366398,0.2275377375241669,0.2269938111529906,0.2296008675990643,0.0353929391513447,0.001816742621749995,0.00019257089794960658,0.0011471666487177234,0.0016609442628740256,-0.0020334350598368023,0.2275377375241669
958,2014-05-29,0.226805143929733,0.2277784275472291,0.2273283430198643,0.2301381793447556,0.118366287683428,0.0009083074930932022,0.00024069002306220666,0.00033453186687368297,0.000537311745691299,0.0829733485320833,0.2277784275472291
959,2014-05-30,0.226613984155979,0.2291747081536123,0.2279497688585028,0.2303824945652161,0.0314279050362831,-0.00019115977375400162,0.0013962806063831934,0.0006214258386385008,0.00024431522046047816,-0.0869383826471449,0.2291747081536123
960,2014-06-02,0.2249406275645478,0.2274895712003048,0.2269459743203407,0.2287215150244937,0.0393382630719652,-0.0016733565914311965,-0.0016851369533074922,-0.0010037945381621005,-0.0016609795407223904,0.007910358035682102,0.2274895712003048
961,2014-06-03,0.2248928147576735,0.2283561874398275,0.2276151344371828,0.2297962360742816,0.0441771158072474,-4.7812806874297786e-05,0.000866616239522694,0.0006691601168420935,0.0010747210497878967,0.004838852735282194,0.2283561874398275
962,2014-06-04,0.2254186897734627,0.2299449681460359,0.2283798797447457,0.2301381675283086,0.0297689636708266,0.0005258750157891845,0.0015887807062084092,0.0007647453075629029,0.0003419314540270002,-0.014408152136420795,0.2299449681460359
963,2014-06-05,0.2290044139684645,0.2324004830886408,0.2312478455289058,0.2320434246591901,0.0437336364323234,0.003585724195001805,0.0024555149426049028,0.002867965784160098,0.0019052571308814936,0.013964672761496797,0.2324004830886408
964,2014-06-06,0.2318728816763481,0.2342299774172863,0.2339244780977844,0.2360980299187841,0.0793433877225198,0.0028684677078835985,0.0018294943286454868,0.002676632568878623,0.004054605259594002,0.0356097512901964,0.2342299774172863
965,2014-06-09,0.2322076027421805,0.2373595141020895,0.2357886855308171,0.2366354396451642,0.0534244820325152,0.00033472106583240513,0.0031295366848032025,0.0018642074330326996,0.0005374097263801114,-0.025918905690004594,0.2373595141020895
966,2014-06-10,0.2349326495615966,0.2379372031965636,0.2365533997155526,0.2396153112403334,0.1227058154928698,0.0027250468194160993,0.0005776890944741153,0.0007647141847354766,0.0029798715951691868,0.06928133346035459,0.2379372031965636
967,2014-06-11,0.2359366839329338,0.2381298448926374,0.2376528100316734,0.2402992796045119,0.0470383790336091,0.001004034371337198,0.00019264169607377535,0.001099410316120819,0.0006839683641784999,-0.07566743645926069,0.2381298448926374
968,2014-06-12,0.2353150632420943,0.2366853507636427,0.2368401111263674,0.2392244441311104,0.0382344921832653,-0.0006216206908394861,-0.0014444941289946944,-0.0008126989053059974,-0.0010748354734014809,-0.0088038868503438,0.2366853507636427
969,2014-06-13,0.2357453990328617,0.2365891125134174,0.2367445683586614,0.2393710482896821,0.0329653002026865,0.0004303357907673999,-9.623825022528343e-05,-9.554276770601389e-05,0.0001466041585716782,-0.005269191980578798,0.2365891125134174
970,2014-06-16,0.2338330794992593,0.2352892117535081,0.2352150684642152,0.237465895155909,0.0513384864541688,-0.001912319533602408,-0.0012999007599093226,-0.0015294998944462013,-0.0019051531337730965,0.0183731862514823,0.2352892117535081
971,2014-06-17,0.2331159011123847,0.2375520378012896,0.2362187879775675,0.2381986134257436,0.0316611423371691,-0.0007171783868746007,0.0022628260477815243,0.0010037195133523191,0.0007327182698346202,-0.0196773441169997,0.2375520378012896
972,2014-06-18,0.2361278628725481,0.2369261351842039,0.2363143862678867,0.237661265157913,0.0428992382009848,0.003011961760163412,-0.0006259026170856996,9.559829031918765e-05,-0.0005373482678306118,0.011238095863815696,0.2369261351842039
973,2014-06-19,0.2357931875329223,0.2368298261358544,0.2357407978417158,0.2387848262232839,0.0907161699150162,-0.0003346753396258062,-9.630904834950771e-05,-0.0005735884261708901,0.0011235610653708983,0.0478169317140314,0.2368298261358544
974,2014-06-20,0.2357454168192342,0.2376483468496392,0.2364100001272397,0.2401038423741655,0.0729704248532411,-4.7770713688111144e-05,0.0008185207137847983,0.0006692022855238899,0.0013190161508815912,-0.017745745061775106,0.2376483468496392
975,2014-06-23,0.2359845411882089,0.2382261775403617,0.2374138427103118,0.2400062228859391,0.0330244307860097,0.00023912436897471911,0.0005778306907225084,0.0010038425830720954,-9.761948822639699e-05,-0.03994599406723139,0.2382261775403617
976,2014-06-24,0.2365103726687623,0.2347595945853972,0.2370313972213258,0.2379055480981006,0.057849420684535,0.0005258314805533792,-0.00346658295496452,-0.0003824454889859996,-0.0021006747878384857,0.024824989898525295,0.2347595945853972
977,2014-06-25,0.2327335052548574,0.2351448071794206,0.2337333623201268,0.2362934846320553,0.0275745620230543,-0.0037768674139048997,0.0003852125940234097,-0.0032980349011990095,-0.0016120634660453104,-0.0302748586614807,0.2351448071794206
978,2014-06-26,0.2334505219096539,0.2332188386068024,0.2335898316932528,0.234632417348565,0.0315067458140474,0.0007170166547965096,-0.001925968572618203,-0.00014353062687399998,-0.0016610672834903029,0.003932183790993103,0.2332188386068024
979,2014-06-27,0.2307732155679933,0.2342780493436494,0.2327772655438764,0.2353163260426665,0.0274135954351189,-0.002677306341660607,0.001059210736847005,-0.0008125661493763869,0.0006839086941015093,-0.0040931503789285,0.2342780493436494
980,2014-06-30,0.2325900882796033,0.2350003790059584,0.2337333660908302,0.2372705171604134,0.0300317662633741,0.001816872711610018,0.000722329662309007,0.0009561005469538031,0.0019541911177468896,0.0026181708282552,0.2350003790059584
981,2014-07-01,0.2348370937804149,0.2396223873486206,0.2391823634574175,0.2380521381335505,0.0577804350039913,0.002247005500811583,0.004622008342662187,0.005448997366587299,0.0007816209731371093,0.027748668740617197,0.2396223873486206
982,2014-07-02,0.2373231266076122,0.2388038666348358,0.2383697540249683,0.2418136561865602,0.0262868293195712,0.0024860328271973098,-0.0008185207137847983,-0.0008126094324492072,0.003761518053009699,-0.0314936056844201,0.2388038666348358
983,2014-07-03,0.2375620545500482,0.2399111256986713,0.2387520353723494,0.2426928649721998,0.0163430362240523,0.00023892794243599025,0.0011072590638354918,0.0003822813473811082,0.0008792087856396014,-0.009943793095518901,0.2399111256986713
984,2014-07-07,0.2384227464950777,0.2381298448926374,0.2387521671550941,0.241276308281,0.053808830824116,0.0008606919450294959,-0.0017812808060339025,1.3178274468894635e-07,-0.001416556691199805,0.037465794600063704,0.2381298448926374
985,2014-07-08,0.2364625878360818,0.2373595141020895,0.2368880426709673,0.2398596212819488,0.0357444376188771,-0.001960158658995903,-0.0007703307905478907,-0.001864124484126789,-0.0014166869990512032,-0.0180643932052389,0.2373595141020895
986,2014-07-09,0.2360322684143163,0.2389964375327854,0.2373181882670834,0.2402992435504923,0.0330704212397055,-0.000430319421765496,0.001636923430695908,0.0004301455961160938,0.0004396222685434936,-0.002674016379171598,0.2389964375327854
987,2014-07-10,0.2339764591425852,0.2372150151305031,0.2372703520188089,0.2376612628860861,0.0369960349658849,-0.0020558092717311016,-0.0017814224022822955,-4.783624827450761e-05,-0.002637980664406181,0.003925613726179396,0.2372150151305031
988,2014-07-11,0.2352194828412358,0.2363002325671182,0.235693003899082,0.2383451605997255,0.0406982664883989,0.0012430236986506193,-0.0009147825633848972,-0.0015773481197269013,0.0006838977136393865,0.0037022315225140046,0.2363002325671182
989,2014-07-14,0.2361278441831465,0.2363002325671182,0.2366011634167979,0.2392244842488355,0.0340592159941657,0.0009083613419106906,0.0,0.0009081595177159174,0.0008793236491100032,-0.0066390504942332035,0.2363002325671182
990,2014-07-15,0.2350283427778788,0.2339893109935988,0.2353107092106608,0.2356584465506994,0.0479319078482709,-0.001099501405267711,-0.00231092157351942,-0.0012904542061371038,-0.0035660376981360986,0.013872691854105203,0.2339893109935988
991,2014-07-16,0.2334506280023774,0.2347114754602845,0.2347371033574118,0.2380032718129495,0.0394203888821363,-0.0015777147755013932,0.0007221644666857152,-0.000573605853249004,0.0023448252622501053,-0.008511518966134599,0.2347114754602845
992,2014-07-17,0.2322075610310914,0.2318226995966678,0.2335421208572388,0.2351698636825631,0.0298083840597087,-0.001243066971286011,-0.002888775863616716,-0.0011949825001729975,-0.0028334081303864056,-0.009612004822427602,0.2318226995966678
993,2014-07-18,0.2313948150575592,0.2337003838485501,0.2334943080293987,0.2361957307935386,0.0392955576506762,-0.0008127459735321751,0.0018776842518823111,-4.7812827840110206e-05,0.0010258671109754924,0.009487173590967502,0.2337003838485501
994,2014-07-21,0.2310123403582456,0.2337485265730375,0.2330163379542003,0.2360491879575462,0.0239905916671867,-0.0003824746993136008,4.814272448738777e-05,-0.0004779700751983973,-0.00014654283599238593,-0.015304965983489502,0.2337485265730375
995,2014-07-22,0.2334983822038841,0.2353373308786207,0.2344502606070166,0.2374658577187096,0.0335861713275801,0.002486041845638498,0.0015888043055831969,0.0014339226528163052,0.0014166697611633916,0.0095955796603934,0.2353373308786207
996,2014-07-23,0.232350941820722,0.2268154786599822,0.23239491556237,0.2298450383578638,0.0552772403099756,-0.0011474403831621127,-0.008521852218638493,-0.002055345044646606,-0.007620819360845799,0.0216910689823955,0.2268154786599822
997,2014-07-24,0.225657746440673,0.2272006676546309,0.2271371503180293,0.2301381839609709,0.045898472788434,-0.006693195380049005,0.00038518899464870526,-0.005257765244340684,0.00029314560310711446,-0.009378767521541598,0.2272006676546309
998,2014-07-25,0.2237931797409516,0.2209898314070107,0.2244604185723646,0.2216380359240835,0.1064317649493612,-0.0018645666997214039,-0.0062108362476201995,-0.002676731745664712,-0.008500148036887423,0.0605332921609272,0.2209898314070107
999,2014-07-28,0.2198250833606043,0.2220972320670947,0.2206844012737082,0.221149577303742,0.0610260470219538,-0.003968096380347286,0.0011074006600839958,-0.003776017298656398,-0.0004884586203414976,-0.0454057179274074,0.2220972320670947
1000,2014-07-29,0.220924651492864,0.2226749447609435,0.2231220874913243,0.2253018916140374,0.0529087319446406,0.0010995681322596984,0.000577712693848792,0.002437686217616114,0.0041523143102954185,-0.008117315077313197,0.2226749447609435
1001,2014-07-30,0.2221676915809868,0.2226749447609435,0.2227875014173991,0.2249599344583229,0.0391477311923682,0.0012430400881227877,0.0,-0.0003345860739252249,-0.0003419571557145007,-0.0137610007522724,0.2226749447609435
1002,2014-07-31,0.224701520932422,0.2167529648602478,0.2246515956423046,0.2187557928291362,0.121940402942075,0.0025338293514352017,-0.005921979900695679,0.0018640942249055215,-0.006204141629186699,0.08279267174970681,0.2167529648602478
1003,2014-08-01,0.2254187103123691,0.2216639003479586,0.2253686256735846,0.2231035981978594,0.0977264290712227,0.0007171893799471085,0.004910935487710794,0.000717030031279986,0.004347805368723201,-0.024213973870852307,0.2216639003479586
1004,2014-08-04,0.2197772214070037,0.2226267784370813,0.2213535301876171,0.2224685012108973,0.0543081557499564,-0.005641488905365394,0.0009628780891227096,-0.004015095485967485,-0.000635096986962097,-0.0434182733212663,0.2226267784370813
1005,2014-08-05,0.220398768404453,0.2224823738629939,0.2224529325871435,0.2243248805713713,0.0460003087930462,0.0006215469974492904,-0.00014440457408740337,0.0010994023995263835,0.0018563793604739753,-0.008307846956910198,0.2224823738629939
1006,2014-08-06,0.2200162958221574,0.224600795336688,0.2237912654871837,0.224715687881445,0.0643702100121217,-0.00038247258229559544,0.002118421473694093,0.0013383329000402067,0.0003908073100737097,0.018369901219075502,0.224600795336688
1007,2014-08-07,0.2224544685973838,0.2194009563033033,0.2241735892858649,0.2219799419059727,0.0662032580951411,0.0024381727752263993,-0.0051998390333846956,0.0003823237986811945,-0.002735745975472298,0.0018330480830194007,0.2194009563033033
1008,2014-08-08,0.2188210587486599,0.2213268540777973,0.22015859266884,0.2223708144976166,0.0457703565245671,-0.003633409848723901,0.0019258977744940065,-0.004014996617024896,0.0003908725916438871,-0.020432901570574,0.2213268540777973
1009,2014-08-11,0.2209246897488768,0.2227712774086678,0.2230265274853801,0.2246180161981691,0.0306329271938267,0.0021036310002169045,0.001444423330870498,0.002867934816540102,0.002247201700552509,-0.015137429330740405,0.2227712774086678
1010,2014-08-12,0.22111584792028,0.2242637254671519,0.2229308465689368,0.225204142791492,0.0376793217065086,0.00019115817140319402,0.001492448058484086,-9.568091644329701e-05,0.000586126593322911,0.007046394512681905,0.2242637254671519
1011,2014-08-13,0.2229326888928378,0.226382241338345,0.2247472847051034,0.2271094583743874,0.0338719691469756,0.0018168409725577983,0.002118515871193105,0.0018164381361666093,0.0019053155828953894,-0.0038073525595330032,0.226382241338345
1012,2014-08-14,0.225609853239364,0.2266710032877704,0.22565532473093,0.2287214184271206,0.0329981505267549,0.0026771643465262063,0.0002887619494253979,0.0009080400258265897,0.0016119600527332023,-0.0008738186202206996,0.2266710032877704
1013,2014-08-15,0.2262314588801027,0.2280673074935283,0.2279019326357573,0.2288680528973725,0.0267040284352405,0.0006216056407387094,0.0013963042057578978,0.002246607904827308,0.00014663447025189957,-0.0062941220915143994,0.2280673074935283
1014,2014-08-18,0.2264226906705871,0.2264303368640829,0.2267547592581485,0.2283306968701432,0.0697116727056512,0.00019123179048438632,-0.0016369706294454,-0.0011471733776088067,-0.000537356027229291,0.043007644270410705,0.2264303368640829
1015,2014-08-19,0.2251629886473419,0.2282544741346605,0.2269431342054055,0.2297769507829738,0.0417231965993344,-0.001259702023245185,0.0018241372705775916,0.00018837494725698622,0.0014462539128305973,-0.027988476106316808,0.2282544741346605
1016,2014-08-20,0.2263672836431104,0.2308741463280175,0.2294475589863576,0.2311059534664216,0.0483491069639402,0.00120429499576849,0.0026196721933570144,0.0025044247809521136,0.0013290026834477942,0.006625910364605803,0.2308741463280175
1017,2014-08-21,0.2297875720687598,0.2318443874220619,0.2303144650823969,0.2331733198927083,0.0384085989008281,0.003420288425649398,0.000970241094044394,0.0008669060960392883,0.0020673664262866875,-0.0099405080631121,0.2318443874220619
1018,2014-08-22,0.2293058141340577,0.2317473467930951,0.2310850569461798,0.2332225420782085,0.0339409548275193,-0.0004817579347020928,-9.7040628966788e-05,0.0007705918637829212,4.9222185500213955e-05,-0.004467644073308803,0.2317473467930951
1019,2014-08-25,0.231232795635203,0.231456295704319,0.231181419194319,0.2342070574790482,0.0355637608365006,0.0019269815011452862,-0.00029105108877611197,9.636224813919236e-05,0.0009845154008396861,0.0016228060089812993,0.231456295704319
1020,2014-08-26,0.2306064929633768,0.2319899011667625,0.2311813770513584,0.234650011271034,0.0208829510103117,-0.000626302671826201,0.0005336054624434927,-4.21429605934609e-08,0.0004429537919858062,-0.014680809826188898,0.2319899011667625
1021,2014-08-27,0.2305584008382764,0.2312137649300264,0.2308924671015179,0.2329764929636216,0.0236390931996544,-4.809212510040184e-05,-0.0007761362367360858,-0.00028890994984051566,-0.001673518307412386,0.002756142189342701,0.2312137649300264
1022,2014-08-28,0.2285831899857379,0.2329601422608068,0.2315666626308377,0.2331240587049132,0.0294273203005147,-0.0019752108525384893,0.0017463773307803965,0.0006741955293197988,0.00014756574129159983,0.005788227100860299,0.2329601422608068
1023,2014-08-29,0.2326298402342663,0.2368897921470909,0.2354197591767602,0.2374558393099268,0.0701157316916931,0.004046650248528405,0.003929649886284109,0.003853096545922502,0.004331780605013602,0.0406884113911784,0.2368897921470909
1024,2014-09-02,0.2354720566823267,0.236647190574674,0.2359976867156996,0.2384402800969448,0.0665054810765708,0.002842216448060403,-0.0002426015724169006,0.000577927538939399,0.0009844407870179817,-0.0036102506151223096,0.236647190574674
1025,2014-09-03,0.2345567354639725,0.2356284055667715,0.2352270697008358,0.2387848322273141,0.0366018310770635,-0.0009153212183542203,-0.0010187850079025063,-0.0007706170148638058,0.00034455213036929666,-0.029903649999507294,0.2356284055667715
1026,2014-09-04,0.2343640946872735,0.2358710071391884,0.2359495584061233,0.2385387567220315,0.0305179510595872,-0.00019264077669897683,0.0002426015724169006,0.0007224887052875162,-0.00024607550528257804,-0.0060838800174763015,0.2358710071391884
1027,2014-09-05,0.2347013091612618,0.2369868091766829,0.235275265226223,0.2385387581753856,0.0224893318572587,0.0003372144739882954,0.0011158020374945066,-0.0006742931799003093,1.4533541037309305e-09,-0.008028619202328502,0.2369868091766829
1028,2014-09-08,0.2347494295770494,0.2375689349536097,0.236431135160394,0.2393755274514838,0.0384053138684213,4.812041578758364e-05,0.0005821257769267896,0.0011558699341709944,0.0008367692760981871,0.015915982011162597,0.2375689349536097
1029,2014-09-09,0.2360020500400442,0.2358225576228293,0.2360940964932855,0.2389818283439729,0.0242303990328864,0.001252620462994819,-0.0017463773307803965,-0.0003370386671084913,-0.00039369910751088644,-0.014174914835534895,0.2358225576228293
1030,2014-09-10,0.2334969371559957,0.2342700491556096,0.2336376948609272,0.2358314155527235,0.0420024243539162,-0.002505112884048505,-0.0015525084672197154,-0.0024564016323583016,-0.0031504127912494184,0.017772025321029797,0.2342700491556096
1031,2014-09-11,0.2319554030470388,0.2347066847872105,0.2338785399204152,0.2364221129530409,0.0229656615562512,-0.0015415341089569101,0.00043663563160090124,0.00024084505948801516,0.0005906974003174192,-0.019036762797665,0.2347066847872105
1032,2014-09-12,0.232967091519774,0.2312622852445098,0.2333487957277947,0.2340102047849221,0.0319305149945304,0.001011688472735195,-0.003444399542700677,-0.0005297441926205015,-0.002411908168118815,0.008964853438279203,0.2312622852445098
1033,2014-09-15,0.2303656571546435,0.2295157663174808,0.2308924217473094,0.2325334318823592,0.029506161078279,-0.002601434365130495,-0.0017465189270290116,-0.0024563739804853157,-0.0014767729025629006,-0.0024243539162514018,0.2295157663174808
1034,2014-09-16,0.2267044964558096,0.2331542707174899,0.2318075438720369,0.2314012842953766,0.034624241568143,-0.003661160698833904,0.003638504400009096,0.0009151221247274965,-0.0011321475869826014,0.005118080489863997,0.2331542707174899
1035,2014-09-17,0.2319072229890405,0.2348522221312859,0.2347936301923409,0.2360283357694417,0.0429485136870875,0.0052027265332309225,0.0016979514137960006,0.0029860863203040044,0.004627051474065114,0.0083242721189445,0.2348522221312859
1036,2014-09-18,0.2339786591849117,0.2386362166766208,0.237394399459664,0.2383910517961174,0.0356130363226033,0.00207143619587119,0.003783994545334901,0.002600769267323111,0.0023627160266756764,-0.0073354773644842,0.2386362166766208
1037,2014-09-19,0.2379770347267103,0.2349491919621285,0.2379241598175833,0.2381941186187066,0.0458262020754834,0.0039983755417986044,-0.0036870247144923096,0.0005297603579192955,-0.00019693317741079075,0.010213165752880102,0.2349491919621285
1038,2014-09-22,0.2334486680846726,0.2328630780324653,0.2336857825696234,0.2354375485871332,0.0391411611275545,-0.004528366642037707,-0.0020861139296631803,-0.00423837724795989,-0.0027565700315733965,-0.006685040947928898,0.2328630780324653
1039,2014-09-23,0.2307510785800111,0.2304375342957913,0.232674483147355,0.2337640528576181,0.0672511834329245,-0.0026975895046615073,-0.002425543736674002,-0.001011299422268408,-0.001673495729515112,0.02811002230536999,0.2304375342957913
1040,2014-09-24,0.2294503155315703,0.231795819908829,0.2310850251468406,0.2337639751149077,0.0265989073982214,-0.0013007630484407895,0.0013582856130376908,-0.0015894580005144099,-7.774271038041292e-08,-0.040652276034703096,0.231795819908829
1041,2014-09-25,0.2301248361092932,0.2297098475754144,0.230410843982274,0.2310075289838922,0.0406062855810072,0.0006745205777229091,-0.002085972333414593,-0.0006741811645666063,-0.0027564461310154997,0.014007378182785801,0.2297098475754144
1042,2014-09-26,0.2290168610287708,0.2309226902418756,0.2301218739541218,0.2325334886264877,0.0259648961437004,-0.0011079750805224053,0.0012128426664611835,-0.0002889700281522023,0.001525959642595498,-0.0146413894373068,0.2309226902418756
1043,2014-09-29,0.2272826390463784,0.2305346221235076,0.2299774189856698,0.2322381665868907,0.0493806071396894,-0.0017342219823923977,-0.00038806811836800126,-0.0001444549684519736,-0.00029532203959700687,0.023415710995989,0.2305346221235076
1044,2014-09-30,0.2286795909874758,0.2291276510003633,0.2301218166388713,0.2311059348299627,0.0848523870687984,0.0013969519410974018,-0.0014069711231442794,0.00014439765320148346,-0.0011322317569280038,0.035471779929109,0.2291276510003633
1045,2014-10-01,0.2271380597770125,0.2235001440977822,0.2276173684538235,0.2259374544218169,0.0990930025524701,-0.0015415312104632983,-0.0056275069025810975,-0.002504448185047803,-0.005168480408145798,0.014240615483671698,0.2235001440977822
1046,2014-10-02,0.2220798171027693,0.2245189055063099,0.223330871966192,0.2226886709232672,0.0880815739247267,-0.005058242674243207,0.0010187614085276908,-0.0042864964876314915,-0.0032487834985497066,-0.011011428627743403,0.2245189055063099
1047,2014-10-03,0.2237659473405537,0.2237912659846825,0.2253055929108416,0.2269219530416428,0.0698036536130428,0.0016861302377843834,-0.0007276395216274101,0.001974720944649594,0.00423328211837562,-0.01827792031168389,0.2237912659846825
1048,2014-10-06,0.2240549238513475,0.2230635084661812,0.224438608097387,0.2247560573465157,0.0553100906340441,0.00028897651079382025,-0.000727757518501293,-0.0008669848134545965,-0.0021658956951271235,-0.014493562978998703,0.2230635084661812
1049,2014-10-07,0.2195748534184976,0.2179696778241678,0.2215488961249621,0.2211135330135104,0.0691729273909287,-0.0044800704328498975,-0.005093830642013408,-0.0028897119724249076,-0.003642524333005298,0.0138628367568846,0.2179696778241678
1050,2014-10-08,0.2160099000517008,0.2241307429904429,0.2232344775930779,0.2200797288726907,0.0781213556671736,-0.0035649533667968247,0.006161065166275098,0.0016855814681158154,-0.0010338041408196885,0.008948428276244896,0.2241307429904429
1051,2014-10-09,0.2223688203199293,0.2209288978214095,0.222993689366532,0.2239192222871015,0.0859265926658366,0.006358920268228513,-0.0032018451690333793,-0.0002407882265459127,0.0038394934144108106,0.007805236998663007,0.2209288978214095
1052,2014-10-10,0.1941392246662651,0.1938586214321403,0.1978046278444346,0.1920714672051439,0.4515736947744989,-0.028229595653664202,-0.027070276389269204,-0.025189061522097406,-0.03184775508195761,0.36564710210866225,0.1938586214321403
1053,2014-10-13,0.1915859779909137,0.187697391070242,0.1929401357394647,0.1876412575617591,0.2057218694462421,-0.002553246675351395,-0.006161230361898307,-0.004864492104969892,-0.004430209643384808,-0.24585182532825678,0.187697391070242
1054,2014-10-14,0.1882138621228391,0.1853687935650357,0.1909654948471205,0.18650914350921,0.2224722496887431,-0.0033721158680745933,-0.002328597505206309,-0.0019746408923441983,-0.0011321140525490936,0.016750380242501,0.1853687935650357
1055,2014-10-15,0.1804578643264095,0.1830401016623305,0.1849450823841818,0.1823742777811842,0.1569227130425641,-0.007755997796429603,-0.0023286919027051822,-0.00602041246293869,-0.004134865728025794,-0.06554953664617899,0.1830401016623305
1056,2014-10-16,0.1780974188122641,0.1901230646034771,0.1918805644376398,0.1817344085607011,0.2038953914280364,-0.0023604455141454095,0.007082962941146603,0.006935482053457981,-0.0006398692204830914,0.04697267838547228,0.1901230646034771
1057,2014-10-17,0.1909597717111261,0.1862420530285502,0.1927475349410636,0.1886257916295346,0.1197985618128122,0.012862352898862006,-0.0038810115749269014,0.0008669705034237973,0.006891383068833495,-0.08409682961522419,0.1862420530285502
1058,2014-10-20,0.1841672096704829,0.1897834106024061,0.1885572754401648,0.1870505298483988,0.1201270650534967,-0.006792562040643213,0.0035413575738559022,-0.004190259500898796,-0.0015752617811358172,0.000328503240684494,0.1897834106024061
1059,2014-10-21,0.1907189639712251,0.1969150118549099,0.1958300089300687,0.1942865990488723,0.1301135635703046,0.006551754300742202,0.007131601252503783,0.007272733489903899,0.0072360692004735105,0.009986498516807898,0.1969150118549099
1060,2014-10-22,0.1963069850608237,0.1939070945478742,0.1966486797460822,0.1966984512563134,0.0702799833120353,0.005588021089598605,-0.0030079173070357013,0.0008186708160135003,0.002411852207441112,-0.05983358025826929,0.1939070945478742
1061,2014-10-23,0.1937056223224049,0.195702086590637,0.1967449996279695,0.197781392221494,0.0637624790168555,-0.0026013627384187943,0.0017949920427628163,9.631988188732454e-05,0.0010829409651805788,-0.0065175042951798046,0.195702086590637
1062,2014-10-24,0.1940910436299926,0.1990980366169786,0.1982380778507212,0.1983228825249947,0.0576523187401243,0.0003854213075877022,0.0033959500263416043,0.001493078222751687,0.0005414903035007024,-0.006110160276731197,0.1990980366169786
1063,2014-10-27,0.1972704591183311,0.1997286591090141,0.1987196633271073,0.1995042090301802,0.1041158171025357,0.0031794154883384995,0.000630622492035493,0.00048158547638610383,0.0011813265051855149,0.0464634983624114,0.1997286591090141
1064,2014-10-28,0.1988120541730978,0.2031731530492138,0.2018021427272945,0.2019654463714638,0.06157136240149,0.001541595054766698,0.003444493940199689,0.003082479400187188,0.0024612373412835897,-0.0425444547010457,0.2031731530492138
1065,2014-10-29,0.2008834298672113,0.2048225133504023,0.20358407359243,0.2028513898503486,0.1441275118179041,0.002071375694113503,0.0016493603011885072,0.001781930865135506,0.0008859434788847931,0.08255614941641409,0.2048225133504023
1066,2014-10-30,0.2017506472069096,0.1993406145900208,0.2017058212549027,0.1991596947355697,0.1175253193872757,0.0008672173396983007,-0.005481898760381493,-0.0018782523375273086,-0.0036916951147789034,-0.02660219243062839,0.1993406145900208
1067,2014-10-31,0.217455129925924,0.2091402077556796,0.2174068146746342,0.2093981952608529,0.2441600336387318,0.015704482719014395,0.009799593165658788,0.015700993419731524,0.010238500525283217,0.1266347142514561,0.2091402077556796
1068,2014-11-03,0.2076277651107331,0.2096253637017639,0.2104714119952909,0.2113179538612342,0.0724678148949939,-0.009827364815190892,0.0004851559460843091,-0.006935402679343311,0.0019197586003812939,-0.17169221874373788,0.2096253637017639
1069,2014-11-04,0.2080131758083237,0.2080244529169346,0.2094118386488859,0.2096935720847558,0.0511348144449445,0.0003854106975905991,-0.0016009107848292958,-0.0010595733464049961,-0.0016243817764783897,-0.021333000450049405,0.2080244529169346
1070,2014-11-05,0.2073387890905018,0.2114689232577596,0.2100861547332458,0.2105796427577573,0.0420385597103915,-0.0006743867178219121,0.0034444703408249844,0.0006743160843598883,0.0008860706730015044,-0.009096254734553,0.2114689232577596
1071,2014-11-06,0.2105182389345344,0.2110808079406421,0.2118681907330423,0.212450153425167,0.0613644053598588,0.0031794498440325947,-0.00038811531711749336,0.0017820359997965107,0.001870510667409675,0.0193258456494673,0.2110808079406421
1072,2014-11-07,0.2097474300286464,0.2092857922985045,0.2098934829138776,0.2102350426650094,0.0686538922706472,-0.0007708089058879875,-0.001795015642137604,-0.0019747078191647005,-0.002215110760157596,0.007289486910788394,0.2092857922985045
1073,2014-11-10,0.208205905820316,0.21098379091105,0.2101824745644608,0.2117610154778909,0.0434478386129279,-0.001541524208330397,0.0016979986125454927,0.0002889916505831869,0.0015259728128814987,-0.025206053657719295,0.21098379091105
1074,2014-11-11,0.2100846177549512,0.2104500910511076,0.2102787504072654,0.2127454437023573,0.0380965208221779,0.00187871193463518,-0.0005336998599423937,9.627584280461066e-05,0.0009844282244663993,-0.0053513177907500015,0.2104500910511076
1075,2014-11-12,0.2083985343788756,0.2104500910511076,0.2098452845417412,0.2117117287856329,0.1234219525575619,-0.0016860833760755922,0.0,-0.00043346586552420185,-0.001033714916724382,0.08532543173538401,0.2104500910511076
1076,2014-11-13,0.2097956055940566,0.208072973231418,0.210615924051041,0.2108257525387765,0.0538022607593023,0.0013970712151810116,-0.002377117819689606,0.0007706395092997864,-0.000885976246856407,-0.06961969179825961,0.208072973231418
1077,2014-11-14,0.2061826155313039,0.2103531212202651,0.2089302564141441,0.2097428449794124,0.047061374260457,-0.0036129900627527023,0.0022801479888470977,-0.0016856676368968981,-0.0010829075593641047,-0.0067408864988453,0.2103531212202651
1078,2014-11-17,0.2087357597118867,0.2118084474622695,0.2102787443190027,0.2117117226558807,0.0537529852731997,0.002553144180582806,0.0014553262420044233,0.001348487904858614,0.001968877676468306,0.006691611012742703,0.2118084474622695
1079,2014-11-18,0.2099882494782512,0.2136034159056576,0.2129758540381872,0.2141236857656321,0.1253765468396345,0.0012524897663644952,0.0017949684433880841,0.002697109719184493,0.0024119631097513916,0.0716235615664348,0.2136034159056576
1080,2014-11-19,0.2117533153079527,0.2110454324778937,0.2127259671749205,0.2135415590163601,0.048628334718522,0.0017650658297014843,-0.0025579834277638935,-0.0002498868632666851,-0.0005821267492719939,-0.0767482121211125,0.2110454324778937
1081,2014-11-20,0.2089850628439568,0.211485702413206,0.2115606851594016,0.2124002406440684,0.042853247747289,-0.002768252463995896,0.00044026993531229297,-0.0011652820155189092,-0.0011413183722916997,-0.0057750869712330025,0.211485702413206
1082,2014-11-21,0.2132589789180502,0.2141268028388348,0.2136000568887367,0.2147822860690602,0.0488024414360847,0.0042739160740934146,0.0026411004256288173,0.0020393717293351044,0.002382045424991791,0.0059491936887956995,0.2141268028388348
1083,2014-11-24,0.2136960251162695,0.2154962273567539,0.2148624572693546,0.216419899568301,0.05622004461074,0.0004370461982192986,0.0013694245179190767,0.0012624003806178952,0.0016376134992407976,0.007417603174655299,0.2154962273567539
1084,2014-11-25,0.2151046335999531,0.2157898271780028,0.2155909652996849,0.2179088370025417,0.0546366589906409,0.0014086084836835988,0.0002935998212489077,0.0007285080303303104,0.0014889374342407224,-0.0015833856200990967,0.2157898271780028
1085,2014-11-26,0.2139874556648919,0.2203382998689479,0.2189412236379487,0.2186531033990117,0.0471829204595103,-0.0011171779350611921,0.0045484726909451045,0.0033502583382638007,0.0007442663964699892,-0.007453738531130599,0.2203382998689479
1086,2014-11-28,0.2195240412658309,0.220827326112491,0.2198637084940293,0.2218787133409487,0.0246673083429968,0.005536585600938976,0.0004890262435431059,0.0009224848560805965,0.003225609941936991,-0.0225156121165135,0.220827326112491
1087,2014-12-01,0.2187956054295044,0.2187731893356124,0.2212719321467677,0.2215810498607704,0.0627178387114788,-0.0007284358363264798,-0.002054136776878601,0.001408223652738405,-0.0002976634801782896,0.03805053036848201,0.2187731893356124
1088,2014-12-02,0.2169987054622967,0.2183820060997776,0.2170961552266557,0.2184546779990991,0.0864784781101865,-0.0017968999672077213,-0.0003911832358348133,-0.0041757769201120065,-0.0031263718616713065,0.023760639398707692,0.2183820060997776
1089,2014-12-03,0.2182613561157783,0.2278703943106249,0.227001593185706,0.2229705714017631,0.1049403602366537,0.0012626506534816062,0.009488388210847298,0.0099054379590503,0.004515893402664006,0.01846188212646721,0.2278703943106249
1090,2014-12-04,0.226420648515674,0.2250825293734337,0.226370341261327,0.2274865435016288,0.0519462174494351,0.008159292399895712,-0.0027878649371911868,-0.0006312519243790171,0.004515972099865706,-0.052994142787218604,0.2250825293734337
1091,2014-12-05,0.2237495309073017,0.2264031739837472,0.2249622966382652,0.2275858785659857,0.0398868634839082,-0.0026711176083722976,0.0013206446103135039,-0.0014080446230617938,9.933506435688688e-05,-0.012059353965526903,0.2264031739837472
1092,2014-12-08,0.2243322887293953,0.2215121563683243,0.2249136851033978,0.2234172304080121,0.0525605185095151,0.0005827578220936047,-0.004891017615422905,-4.861153486740433e-05,-0.0041686481579736034,0.012673655025606897,0.2215121563683243
1093,2014-12-09,0.2184556796196725,0.2220990964176998,0.2211263128202332,0.2223254761631091,0.1602734460975457,-0.005876609109722819,0.0005869400493754839,-0.003787372283164586,-0.0010917542449029871,0.10771292758803061,0.2220990964176998
1094,2014-12-10,0.2204470018782541,0.2175505529286305,0.2207379160063203,0.2196457193396227,0.0731379615059902,0.001991322258581618,-0.004548543489069301,-0.0003883968139128946,-0.0026797568234863955,-0.08713548459155551,0.2175505529286305
1095,2014-12-11,0.2235552257174874,0.2185775741183202,0.223505555116884,0.2213329321576123,0.0446041700201372,0.0031082238392332873,0.0010270211896897252,0.0027676391105636855,0.0016872128179895862,-0.028533791485852993,0.2185775741183202
1096,2014-12-12,0.2150559065143187,0.2137354780067515,0.216513382140301,0.2168169029539533,0.044249386520198,-0.00849931920316871,-0.004842096111568717,-0.006992172976583,-0.004516029203658983,-0.0003547834999392055,0.2137354780067515
1097,2014-12-15,0.2140360812771095,0.2109477074670593,0.2178244942000553,0.2138890389530255,0.0713246236174119,-0.0010198252372091987,-0.0027877705396922026,0.0013111120597543158,-0.0029278640009278156,0.027075237097213906,0.2109477074670593
1098,2014-12-16,0.2093249781132337,0.2108008957567474,0.2149595883504095,0.2132934588739596,0.0603591854433643,-0.004711103163875796,-0.00014681171031188933,-0.002864905849645827,-0.0005955800790659049,-0.010965438174047604,0.2108008957567474
1099,2014-12-17,0.2093250318735201,0.2137844467093551,0.2125803667324979,0.2118047306835305,0.0798361425835465,5.3760286417015024e-08,0.0029835509526076887,-0.0023792216179115977,-0.0014887281904290839,0.019476957140182202,0.2137844467093551
1100,2014-12-18,0.2169500528173449,0.2208763184144694,0.2205435868362299,0.218950857092785,0.0733810539040967,0.0076250209438247785,0.0070918717051143,0.007963220103732016,0.007146126409254494,-0.0064550886794498,0.2208763184144694
1101,2014-12-19,0.2195726487821949,0.2214631876657207,0.2208834572182985,0.2219780169361911,0.0955615927151121,0.002622595964850011,0.0005868692512513152,0.0003398703820685911,0.0030271598434060965,0.022180538811015393,0.2214631876657207
1102,2014-12-22,0.2207383381895086,0.2232240078138473,0.2225344456222807,0.2236157583277797,0.040251502081068,0.001165689407313708,0.0017608201481265906,0.001650988403982201,0.001637741391588593,-0.055310090634044094,0.2232240078138473
1103,2014-12-23,0.2237495325143411,0.2239576887754105,0.2259334135430758,0.2269903707768403,0.0570150224531965,0.003011194324832489,0.0007336809615632045,0.0033989679207951096,0.003374612449060621,0.0167635203721285,0.2239576887754105
1104,2014-12-24,0.2232638822665186,0.2242022490959315,0.224331073875281,0.2263948579410915,0.0181366639181895,-0.0004856502478224889,0.0002445603205210034,-0.0016023396677947999,-0.0005955128357488237,-0.038878358535007,0.2242022490959315
1105,2014-12-26,0.2227296329200949,0.2235664111420766,0.2237483948431699,0.2266926159442033,0.0158502813630256,-0.0005342493464237097,-0.0006358379538549119,-0.0005826790321110942,0.00029775800311182543,-0.002286382555163901,0.2235664111420766
1106,2014-12-29,0.2211268620052698,0.2226370913638465,0.2226801042861855,0.2251045362091128,0.029420750235701,-0.001602770914825108,-0.0009293197782301033,-0.0010682905569844026,-0.0015880797350905085,0.0135704688726754,0.2226370913638465
1107,2014-12-30,0.2199612779565038,0.2211698238382193,0.2212234336767388,0.224260901546916,0.0397883125117029,-0.0011655840487659885,-0.0014672675256272028,-0.0014566706094467086,-0.0008436346621968072,0.010367562276001902,0.2211698238382193
1108,2014-12-31,0.2209812018180764,0.2206318288920726,0.2223402462515253,0.2237646622040549,0.0369401894149685,0.001019923861572597,-0.0005379949461466749,0.001116812574786491,-0.00049623934286111,-0.0028481230967343993,0.2206318288920726
1109,2015-01-02,0.2203012242870273,0.2194579487933214,0.2214176222492646,0.2204396567329667,0.0323345739805723,-0.0006799775310490919,-0.0011738800987512177,-0.0009226240022607024,-0.0033250054710881882,-0.0046056154343962,0.2194579487933214
1110,2015-01-05,0.2169014413178374,0.2145669075785238,0.2174359216886857,0.2175612765934089,0.0329160247165838,-0.003399782969189913,-0.004891041214797581,-0.0039817005605788935,-0.0028783801395577957,0.000581450736011499,0.2145669075785238
1111,2015-01-06,0.2125304560072289,0.2104096653221631,0.2138428295339666,0.2123506056416808,0.0461481352513542,-0.004370985310608505,-0.004157242256360716,-0.003593092154719091,-0.0052106709517281136,0.0132321105347704,0.2104096653221631
1112,2015-01-07,0.2109762668975986,0.2115834510234152,0.211317851972638,0.2122016765990965,0.0342825981978312,-0.0015541891096302884,0.0011737857012520947,-0.0025249775613286063,-0.0001489290425842893,-0.011865537053523001,0.2115834510234152
1113,2015-01-08,0.211364829396452,0.2183330137977992,0.216804756409789,0.2158244224482793,0.0499029272923777,0.00038856249885338423,0.006749562774384016,0.005486904437150997,0.00362274584918279,0.015620329094546498,0.2183330137977992
1114,2015-01-09,0.2178728414501525,0.2177460973477984,0.2182128757068302,0.2192486195522293,0.0336781522349717,0.006508012053700524,-0.0005869164500008073,0.0014081192970412104,0.003424197103950005,-0.016224775057406,0.2177460973477984
1115,2015-01-12,0.2148616959713952,0.2153495336433158,0.2157850720911754,0.2162214385144347,0.0349100393875385,-0.0030111454787573044,-0.0023965637044826016,-0.002427803615654811,-0.0030271810377945907,0.0012318871525668004,0.2153495336433158
1116,2015-01-13,0.2180184988597707,0.2150560282195659,0.2210291221810886,0.2166183979450433,0.0775661851904169,0.0031568028883754984,-0.00029350542374989574,0.005244050089913216,0.0003969594306086066,0.0426561458028784,0.2150560282195659
1117,2015-01-14,0.21233610340648,0.2201425902541567,0.219329599943894,0.2161717276763426,0.101231558649326,-0.005682395453290717,0.005086562034590791,-0.0016995222371946062,-0.0004466702687007107,0.023665373458909095,0.2201425902541567
1118,2015-01-15,0.2217096202280787,0.2174525919240485,0.2225343778981505,0.2203403614471825,0.0561116385413142,0.009373516821598704,-0.00268999833010819,0.003204777954256499,0.004168633770839897,-0.045119920108011795,0.2174525919240485
1119,2015-01-16,0.215153021356308,0.2193111606823844,0.2184070599494251,0.2190997006411526,0.055628738777508,-0.00655659887177068,0.001858568758335899,-0.004127317948725395,-0.0012406608060298863,-0.00048289976380620075,0.2193111606823844
1120,2015-01-20,0.219621252090941,0.221365391856762,0.2204950222095298,0.2219284249873832,0.0435595297147606,0.004468230734632983,0.0020542311743775854,0.0020879622601046866,0.0028287243462305767,-0.012069209062747402,0.221365391856762
1121,2015-01-21,0.2194755712351585,0.2258162103349969,0.2247680329484097,0.2232187323225352,0.04945287785264,-0.0001456808557824818,0.004450818478234919,0.0042730107388798955,0.0012903073351520078,0.005893348137879402,0.2258162103349969
1122,2015-01-22,0.2264206455180401,0.2276258339901039,0.2266131169959265,0.2258985033325738,0.0588349304065884,0.006945074282881575,0.0018096236551069789,0.0018450840475168206,0.0026797710100386063,0.009382052553948403,0.2276258339901039
1123,2015-01-23,0.2265664327075151,0.2275280853798947,0.2265160930621186,0.2284295049911351,0.0372128471047366,0.00014578718947499958,-9.774861020919734e-05,-9.702393380792151e-05,0.0025310016585612938,-0.0216220833018518,0.2275280853798947
1124,2015-01-26,0.2248665053439112,0.2288485883939596,0.2272929347419205,0.2283301883649476,0.0324824004388803,-0.001699927363603887,0.0013205030140649165,0.0007768416798019095,-9.93166261875067e-05,-0.0047304466658563,0.2288485883939596
1125,2015-01-27,0.2246723044741004,0.2239576887754105,0.2258362983096023,0.2264940971479721,0.056390866295896,-0.0001942008698108122,-0.004890899618549105,-0.0014566364323181924,-0.0018360912169754773,0.023908465857015698,0.2239576887754105
1126,2015-01-28,0.2241380890169602,0.2235664111420766,0.2268074414709172,0.2267422338436838,0.0694751503723584,-0.0005342154571401914,-0.0003912776333339085,0.0009711431613148858,0.0002481366957116926,0.013084284076462394,0.2235664111420766
1127,2015-01-29,0.2211268125680655,0.2242510526029119,0.2247679849447662,0.2109113871534688,0.0636540729474296,-0.0030112764488947064,0.0006846414608353002,-0.002039456526150979,-0.015830846690215006,-0.005821077424928794,0.2242510526029119
1128,2015-01-30,0.2272462646715188,0.2205827893913447,0.2298663766685862,0.2235164139491152,0.1112673326522366,0.006119452103453299,-0.0036682632115671854,0.005098391723819984,0.012605026795646401,0.047613259704806996,0.2205827893913447
1129,2015-02-02,0.2194269807305865,0.2189688281522794,0.2204464760908628,0.2189012252480384,0.0866263045684945,-0.007819283940932287,-0.0016139612390653202,-0.009419900577723406,-0.0046151887010768,-0.024641028083742092,0.2189688281522794
1130,2015-02-03,0.2186985335518002,0.2229794946920758,0.2216604587632999,0.2224247524168233,0.089260900558784,-0.0007284471787863123,0.004010666539796426,0.0012139826724371083,0.0035235271687849012,0.0026345959902894928,0.2229794946920758
1131,2015-02-04,0.2202040472503306,0.2265987420022898,0.2266131246175328,0.225005237632754,0.1187440664102151,0.001505513698530414,0.0036192473102139855,0.004952665854232902,0.0025804852159307112,0.029483165851431098,0.2265987420022898
1132,2015-02-05,0.2306460313236142,0.2398532836311621,0.238752258747449,0.2356748921513907,0.5969035284533082,0.010441984073283589,0.013254541628872296,0.012139134129916185,0.01066965451863669,0.4781594620430931,0.2398532836311621
1133,2015-02-06,0.2381740118190907,0.2378969426632423,0.2402575725903428,0.2400916779535758,0.9162283885930534,0.007527980495476511,-0.0019563409679198007,0.0015053138428938184,0.0044167858021851025,0.31932486013974526,0.2378969426632423
1134,2015-02-09,0.234337185231089,0.2341798051465705,0.2365672805326707,0.23686595979007,0.1126174809714497,-0.0038368265880016905,-0.003717137516671798,-0.003690292057672101,-0.0032257181635058085,-0.8036109076216037,0.2341798051465705
1135,2015-02-10,0.234337136175061,0.2390707283644944,0.2374897976742052,0.2374118015716062,0.120692090627474,-4.905602801752451e-08,0.004890923217923893,0.0009225171415344902,0.000545841781536216,0.0080746096560243,0.2390707283644944
1136,2015-02-11,0.2373968788113254,0.2390218068606403,0.238218151122485,0.2407863841960826,0.0824346032173607,0.0030597426362644065,-4.89215038540769e-05,0.0007283534482798171,0.0033745826244763744,-0.03825748741011331,0.2390218068606403
1137,2015-02-12,0.240408051804693,0.2444507958228351,0.2429281249234817,0.24277142810116,0.1468080982618893,0.003011172993367589,0.005428988962194792,0.004709973800996692,0.0019850439050774216,0.06437349504452862,0.2444507958228351
1138,2015-02-13,0.2501700803111449,0.2480212160266941,0.250939966333694,0.2482799534858438,0.1264967428903686,0.009762028506451914,0.003570420203859004,0.008011841410212273,0.005508525384683799,-0.020311355371520706,0.2480212160266941
1139,2015-02-17,0.245216252613105,0.2489994337094035,0.247783806102506,0.2490243737341923,0.1099171843330234,-0.004953827698039898,0.0009782176827093925,-0.0031561602311879766,0.0007444202483485041,-0.016579558557345206,0.2489994337094035
1140,2015-02-18,0.2460904275741647,0.2480212160266941,0.2467641048218092,0.2497191182984517,0.0716925472469785,0.0008741749610596816,-0.0009782176827093925,-0.0010197012806968109,0.0006947445642593864,-0.0382246370860449,0.2480212160266941
1141,2015-02-19,0.246416765593927,0.2488930477280362,0.2473400343608429,0.2498903098874292,0.0829207880135737,0.00032633801976231225,0.0008718317013420851,0.0005759295390337094,0.00017119158897749287,0.011228240766595204,0.2488930477280362
1142,2015-02-20,0.2460743831757114,0.2508633123270579,0.2490515507944335,0.2498403376304133,0.1029989060842085,-0.0003423824182156032,0.0019702645990216927,0.0017115164335906041,-4.997225701589003e-05,0.020078118070634796,0.2508633123270579
1143,2015-02-23,0.2475907094574351,0.2493364327808153,0.2483670213451041,0.2515896413167078,0.0625995775448324,0.0015163262817237122,-0.0015268795462425877,-0.0006845294493293963,0.001749303686294501,-0.0403993285393761,0.2493364327808153
1144,2015-02-24,0.2481287000599668,0.253818732824965,0.252425734546253,0.2528890217520829,0.0918922115166666,0.0005379906025316794,0.0044823000441496785,0.004058713201148895,0.001299380435375086,0.029292633971834195,0.253818732824965
1145,2015-02-25,0.2512589845902586,0.2529320571169059,0.2520344811190367,0.2550380225452027,0.0722411476589216,0.0031302845302917937,-0.0008866757080590593,-0.0003912534272162982,0.002149000793119804,-0.019651063857744996,0.2529320571169059
1146,2015-02-26,0.2517970409725897,0.253523174255612,0.2521323104774752,0.2552379652829276,0.0665087661089776,0.0005380563823311202,0.0005911171387060765,9.782935843849483e-05,0.00019994273772488969,-0.005732381549944002,0.253523174255612
1147,2015-02-27,0.2513568604017954,0.2525380655554759,0.2526702280625132,0.2551380320390312,0.0538449661805913,-0.00044018057079431294,-0.0009851087001360725,0.0005379175850380169,-9.993324389639957e-05,-0.012663799928386302,0.2525380655554759
1148,2015-03-02,0.2524328736265709,0.2581532535844382,0.2564355396087207,0.2573869993547974,0.0635062464891216,0.0010760132247755183,0.00561518802896227,0.0037653115462074616,0.002248967315766237,0.009661280308530307,0.2581532535844382
1149,2015-03-03,0.2543404706803719,0.2533261666752096,0.2551641752627295,0.255837719825752,0.0864390577213044,0.0019075970538010023,-0.004827086909228617,-0.0012713643459911772,-0.001549279529045433,0.022932811232182798,0.2533261666752096
1150,2015-03-04,0.2508188083798451,0.2535724261507125,0.2520345103723365,0.2541384454781782,0.0770668602645765,-0.0035216623005268066,0.00024625947550294125,-0.0031296648903930135,-0.001699274347573776,-0.009372197456727904,0.2535724261507125
1151,2015-03-05,0.2527264152431471,0.2506171000503044,0.2529636745721226,0.2527891110172516,0.146052540808315,0.0019076068633019916,-0.0029553261004081066,0.0009291641997861144,-0.00134933446092661,0.0689856805437385,0.2506171000503044
1152,2015-03-06,0.2471503928209099,0.2499766602183735,0.2502740358894762,0.2523891762905808,0.0838044617310149,-0.0055760224222372035,-0.0006404398319309057,-0.002689638682646378,-0.0003999347266708253,-0.06224807907730011,0.2499766602183735
1153,2015-03-09,0.2493514969862479,0.2528336241248289,0.2514477217626727,0.2535387482513446,0.0600799576887826,0.0022011041653380026,0.002856963906455401,0.001173685873196495,0.0011495719607638177,-0.0237245040422323,0.2528336241248289
1154,2015-03-10,0.2479819475417878,0.243967409829857,0.2489048685941535,0.2475413463343024,0.0949670018494732,-0.0013695494444601053,-0.008866214294971891,-0.00254285316851921,-0.0059974019170422055,0.0348870441606906,0.243967409829857
1155,2015-03-11,0.24118329553617,0.2414553979841036,0.242694531422132,0.2438930116372261,0.1861562164310751,-0.0067986520056178,-0.00251201184575342,-0.006210337172021518,-0.0036483346970762887,0.09118921458160191,0.2414553979841036
1156,2015-03-12,0.2376615894937856,0.2447555109495907,0.243379075627683,0.2427934434589416,0.1327547296254077,-0.003521706042384387,0.003300112965487101,0.000684544205551002,-0.0010995681782844935,-0.05340148680566739,0.2447555109495907
1157,2015-03-13,0.2433353592236378,0.2439181815341311,0.2440148126757789,0.243743041753449,0.1025094362555886,0.005673769729852202,-0.0008373294154595812,0.0006357370480959135,0.0009495982945073866,-0.030245293369819112,0.2439181815341311
1158,2015-03-16,0.2443134860449761,0.2484004107801566,0.247095436529376,0.2483908922996889,0.0703456839601722,0.0009781268213382988,0.004482229246025482,0.0030806238535970865,0.004647850546239896,-0.0321637522954164,0.2484004107801566
1159,2015-03-17,0.2459276008128238,0.2449524949306183,0.2458729594077834,0.2468915962996405,0.0657926290442855,0.001614114767847702,-0.0034479158495382967,-0.0012224771215925967,-0.001499296000048389,-0.004553054915886701,0.2449524949306183
1160,2015-03-18,0.2424548981396799,0.2473168218891941,0.2461174959480323,0.2438429496389363,0.0785221296208087,-0.003472702673143896,0.002364326958575802,0.0002445365402489186,-0.0030486466607042018,0.012729500576523209,0.2473168218891941
1161,2015-03-19,0.2452428406781401,0.2477601125444742,0.2471932813704404,0.2486907897442394,0.0693306089464572,0.002787942538460181,0.00044329065528009304,0.0010757854224080765,0.004847840105303092,-0.0091915206743515,0.2477601125444742
1162,2015-03-20,0.2477373664005541,0.2505677537577048,0.2505185568837434,0.2515895492466037,0.137274934217226,0.002494525722414015,0.0028076412132305995,0.0033252755133030276,0.0028987595023643176,0.0679443252707688,0.2505677537577048
1163,2015-03-23,0.2494492678530689,0.2481541985034031,0.2504696665379423,0.2517394795332702,0.0601489433693263,0.0017119014525147913,-0.0024135552543017025,-4.8890345801133606e-05,0.00014993028666648867,-0.0771259908478997,0.2481541985034031
1164,2015-03-24,0.2467102875626964,0.2444107712832613,0.2480247064740464,0.2478412745708015,0.1403990000361353,-0.002738980290372506,-0.0037434272201417873,-0.0024449600638958846,-0.0038982049624687043,0.08025005666680901,0.2444107712832613
1165,2015-03-25,0.2427483512782069,0.2368744289541295,0.2436724349401011,0.2401445419093455,0.0968230451593405,-0.003961936284489487,-0.007536342329131807,-0.0043522715339452955,-0.007696732661455985,-0.04357595487679482,0.2368744289541295
1166,2015-03-26,0.2331127545695585,0.2374654988940861,0.2370219276691979,0.234347085934032,0.0841559601985473,-0.009635596708648414,0.0005910699399566122,-0.006650507270903189,-0.0057974559753135035,-0.01266708496079319,0.2374654988940861
1167,2015-03-27,0.2352648717286765,0.2423911603916401,0.2420098193229351,0.2395448210536021,0.0561839092542647,0.0021521171591180055,0.004925661497553996,0.0049878916537371976,0.005197735119570113,-0.02797205094428261,0.2423911603916401
1168,2015-03-30,0.2411833006823371,0.2457407140472257,0.245335164110742,0.2458421588329048,0.0674647105393694,0.005918428953660598,0.003349553655585591,0.003325344787806883,0.006297337779302692,0.011280801285104697,0.2457407140472257
1169,2015-03-31,0.2428462710963256,0.2408643044447723,0.2431835107500314,0.2440429378385042,0.0966456534093708,0.001662970413988496,-0.004876409602453391,-0.0021516533607106036,-0.0017992209944006077,0.029180942870001406,0.2408643044447723
1170,2015-04-01,0.2386887130131078,0.237958112242591,0.2389779837714741,0.239195000584726,0.0713147685201914,-0.004157558083217799,-0.0029061922021813014,-0.004205526978557278,-0.0048479372537781895,-0.025330884889179395,0.237958112242591
1171,2015-04-02,0.2366344280527541,0.237317766808159,0.238391174112999,0.2401945597402844,0.0434182733212663,-0.0020542849603537028,-0.0006403454344320048,-0.0005868096584751015,0.0009995591555583827,-0.027896495198925106,0.237317766808159
1172,2015-04-06,0.2341399342605491,0.2380073641376915,0.2371686647240902,0.2357964945838365,0.0515355883985795,-0.0024944937922049826,0.0006895973295324986,-0.0012225093889088046,-0.004398065156447889,0.008117315077313204,0.2380073641376915
1173,2015-04-07,0.2368300928109816,0.2410120365306993,0.2403961372099223,0.2410442106283742,0.0551129886896334,0.002690158550432503,0.0030046723930078068,0.0032274724858321058,0.0052477160445376925,0.0035774002910538977,0.2410120365306993
1174,2015-04-08,0.2382485494478239,0.2409627846355987,0.2398093483595536,0.2422936774882465,0.0674187200856736,0.0014184566368422857,-4.92518951006049e-05,-0.0005867888503687246,0.0012494668598723169,0.012305731396040194,0.2409627846355987
1175,2015-04-09,0.2382485248391453,0.2433270879947998,0.2420098614477493,0.2434431456481983,0.0462434011911527,-2.4608678594884026e-08,0.0023643033592010976,0.0022005130881957158,0.0011494681599517886,-0.021175318894520893,0.2433270879947998
1176,2015-04-10,0.2426016711030881,0.2462824848933322,0.2450417179429686,0.2465917838162238,0.0610983177349044,0.004353146263942814,0.002955396898532414,0.0030318564952193094,0.0031486381680254916,0.0148549165437517,0.2462824848933322
1177,2015-04-13,0.2447537809722485,0.243967409829857,0.2452373117012387,0.2464918115598121,0.0661112771877494,0.0021521098691603957,-0.002315075063475197,0.00019559375827007952,-9.997225641170115e-05,0.005012959452844995,0.243967409829857
1178,2015-04-14,0.2411832376130762,0.2403716910962674,0.2417164542212513,0.2435431081340348,0.0655856720026543,-0.0035705433591723124,-0.0035957187335896035,-0.0035208574799873993,-0.0029487034257772993,-0.0005256051850950905,0.2403716910962674
1179,2015-04-15,0.2391289208488369,0.2468242793388134,0.2457262957226519,0.2434931193720743,0.0603723255729917,-0.0020543167642392834,0.006452588242545992,0.004009841501400602,-4.998876196049551e-05,-0.005213346429662605,0.2468242793388134
1180,2015-04-16,0.2432374644399825,0.2475630813646971,0.2463130656709088,0.2481910160927612,0.0573763760179494,0.004108543591145597,0.0007388020258836947,0.0005867699482569044,0.004697896720686906,-0.0029959495550423015,0.2475630813646971
1181,2015-04-17,0.2433354345301814,0.242342050092788,0.2436725842410194,0.2445927354602174,0.0559309617589377,9.797009019887892e-05,-0.0052210312719090934,-0.002640481429889402,-0.0035982806325438044,-0.0014454142590117,0.242342050092788
1182,2015-04-20,0.2423571044640232,0.2443614721894112,0.2437213828530786,0.2463418848657221,0.0314081948418421,-0.0009783300661581895,0.0020194220966232024,4.8798612059197666e-05,0.0017491494055046908,-0.024522766917095595,0.2443614721894112
1183,2015-04-21,0.2439222662035452,0.2424897113805908,0.2440147853096996,0.2446925907470391,0.077943963917204,0.0015651617395220085,-0.0018717608088203996,0.00029340245662101694,-0.0016492941186829757,0.046535769075361895,0.2424897113805908
1184,2015-04-22,0.2419169538216108,0.2428345690437939,0.2418632035218632,0.2429933996093126,0.0544691223378918,-0.00200531238193441,0.0003448576632031075,-0.0021515817878364207,-0.0016991911377265134,-0.0234748415793122,0.2428345690437939
1185,2015-04-23,0.2352159989795813,0.23923877951208,0.2390757942997807,0.2390450792832943,0.0748691735843974,-0.006700954842029511,-0.003595789531713911,-0.002787409222082482,-0.003948320326018301,0.020400051246505603,0.23923877951208
1186,2015-04-24,0.2363409810063748,0.2331310017339876,0.2363862733617101,0.2349968662299872,0.0834069728097867,0.0011249820267935084,-0.006107777778092405,-0.002689520938070622,-0.004048213053307104,0.008537799225389303,0.2331310017339876
1187,2015-04-27,0.2320367833665046,0.2332295291235636,0.2345769815868231,0.2358965042216362,0.0473701673067004,-0.004304197639870194,9.852738957599749e-05,-0.0018092917748869786,0.0008996379916489938,-0.03603680550308631,0.2332295291235636
1188,2015-04-28,0.2315476617836406,0.2361356505276206,0.2348703613535866,0.235246771033207,0.0606022778414709,-0.0004891215828639883,0.002906121404056994,0.0002933797667634963,-0.0006497331884292024,0.013232110534770504,0.2361356505276206
1189,2015-04-29,0.2322812544223911,0.2345593538906542,0.2346257710762394,0.2366960486345196,0.045898472788434,0.0007335926387504743,-0.001576296636966401,-0.0002445902773472175,0.0014492776013126096,-0.014703805053036902,0.2345593538906542
1190,2015-04-30,0.2320367988051028,0.2347565030673051,0.2340879783070742,0.2365462402360708,0.0872997362118977,-0.0002444556172882806,0.00019714917665092369,-0.0005377927691651851,-0.000149808398448803,0.041401263423463695,0.2347565030673051
1191,2015-05-01,0.2352159413423886,0.2393372361035317,0.2383422357453341,0.2391949487559904,0.0475442740242632,0.003179142537285795,0.004580733036226581,0.004254257438259912,0.002648708519919607,-0.0397554621876345,0.2393372361035317
1192,2015-05-04,0.239031114786594,0.2405687222760445,0.2393692207054953,0.2431432942266418,0.0530335631761007,0.0038151734442053997,0.0012314861725128134,0.0010269849601611813,0.003948345470651399,0.005489289151837502,0.2405687222760445
1193,2015-05-05,0.2376615995142275,0.234165385928599,0.2387335099367749,0.2374957718381351,0.0574650718929342,-0.001369515272366506,-0.0064033363474454985,-0.0006357107687204044,-0.005647522388506687,0.004431508716833496,0.234165385928599
1194,2015-05-06,0.2335530326551662,0.2320473656442756,0.2342835521456116,0.2335475106597705,0.0702142826638984,-0.004108566859061302,-0.0021180202843233964,-0.004449957791163278,-0.003948261178364609,0.0127492107709642,0.2320473656442756
1195,2015-05-07,0.2310095861577344,0.2335250168947923,0.2345769233208391,0.2360463737061815,0.0520809037781157,-0.002543446497431795,0.0014776512505166872,0.0002933711752274859,0.002498863046411004,-0.018133378885782696,0.2335250168947923
1196,2015-05-08,0.2347757910975907,0.2412090441111017,0.2444548860526644,0.2390950463875258,0.1352644943842371,0.003766204939856299,0.007684027216309397,0.009877962731825313,0.003048672681344289,0.0831835906061214,0.2412090441111017
1197,2015-05-11,0.2395202989162605,0.2432778832984487,0.2421077085690905,0.2426435595427288,0.0768139127692494,0.0047445078186698075,0.0020688391873470158,-0.002347177483573909,0.0035485131552029925,-0.0584505816149877,0.2432778832984487
1198,2015-05-12,0.2404984158968054,0.2418000904516835,0.2414719107104071,0.2419937377180878,0.0682925387058943,0.0009781169805448964,-0.001477792846765219,-0.0006357978586833957,-0.0006498218246409893,-0.008521374063355097,0.2418000904516835
1199,2015-05-13,0.2415744768827902,0.2446077080655394,0.2443570551468185,0.2437429805330815,0.0496335546350164,0.0010760609859848114,0.002807617613855895,0.0028851444364113854,0.0017492428149936956,-0.018658984070877904,0.2446077080655394
1200,2015-05-14,0.2435309862834793,0.2455436120693244,0.245139503880101,0.247341444464615,0.0547746303517284,0.001956509400689088,0.0009359040037850153,0.0007824487332825092,0.003598463931533513,0.005141075716712004,0.2455436120693244
1201,2015-05-15,0.2444113382628343,0.242637419867143,0.2446993374781635,0.2453422553095627,0.0683023938031148,0.0008803519793549874,-0.0029061922021814124,-0.0004401664019375029,-0.0019991891550523166,0.013527763451386399,0.242637419867143
1202,2015-05-18,0.2406940495945232,0.2412582488074528,0.2414229822098511,0.2439928500937792,0.0675764016412022,-0.003717288668311086,-0.0013791710596901818,-0.0032763552683124086,-0.0013494052157835001,-0.0007259921619126031,0.2412582488074528
1203,2015-05-19,0.2401997735311945,0.2397597593090329,0.2409838293597049,0.2424161835046668,0.0619261459014293,-0.0004942760633286913,-0.0014984894984199082,-0.00043915285014620165,-0.001576666589112402,-0.005650255739772896,0.2397597593090329
1204,2015-05-20,0.2389187543593321,0.241546090381263,0.2414764870682367,0.2429700124580816,0.0554250667682836,-0.0012810191718624075,0.001786331072230113,0.000492657708531824,0.0005538289534148255,-0.006501079133145703,0.241546090381263
1205,2015-05-21,0.2399534451517959,0.2401071185059594,0.2399001311140708,0.2413589288574281,0.1124926497399896,0.0010346907924637938,-0.0014389718753036185,-0.0015763559541659145,-0.0016110836006535123,0.057067582971706,0.2401071185059594
1206,2015-05-22,0.2373913580770126,0.2401567951898055,0.2392597821162349,0.2425169329526587,0.0306854877123362,-0.002562087074783309,4.967668384611712e-05,-0.00064034899783591,0.0011580040952305914,-0.0818071620276534,0.2401567951898055
1207,2015-05-26,0.2372928288960483,0.236981168926118,0.2380282783676361,0.2396472261767171,0.0440687097378215,-9.85291809642852e-05,-0.0031756262636875032,-0.001231503748598789,-0.0028697067759415884,0.013383222025485302,0.236981168926118
1208,2015-05-27,0.2355682085563981,0.2406528776463984,0.2395552525592554,0.2399995288460842,0.0811501555462844,-0.0017246203396502069,0.0036717087202803866,0.0015269741916192903,0.0003523026693670883,0.03708144580846289,0.2406528776463984
1209,2015-05-28,0.2387216299968325,0.2425384440894469,0.2412794061447862,0.2436244829407675,0.0450607895246886,0.0031534214404344008,0.001885566443048492,0.0017241535855308243,0.0036249540946833025,-0.03608936602159579,0.2425384440894469
1210,2015-05-29,0.2411359338233821,0.2437789216237389,0.2434961446090648,0.2455376364286475,0.0635029614567147,0.002414303826549613,0.0012404775342920171,0.0022167384642785837,0.001913153487880015,0.018442171932026102,0.2437789216237389
1211,2015-06-01,0.2426633987138136,0.2435804744814769,0.2438410027813325,0.2458397539214614,0.0473471720798525,0.0015274648904314847,-0.00019844714226199822,0.00034485817226770354,0.00030211749281389144,-0.016155789376862205,0.2435804744814769
1212,2015-06-02,0.2398056243025662,0.2396109416518675,0.2401956911313116,0.242718281635636,0.0498832170979366,-0.0028577744112474046,-0.003969532829609407,-0.0036453116500209104,-0.003121472285825405,0.0025360450180840974,0.2396109416518675
1213,2015-06-03,0.2391158295204229,0.2382712287467571,0.2398016212445775,0.2415099941477757,0.0275942722174954,-0.0006897947821432882,-0.0013397129051103962,-0.0003940698867340997,-0.00120828748786031,-0.022288944880441197,0.2382712287467571
1214,2015-06-04,0.2348784969078655,0.2347483140842673,0.2383238428075826,0.2373313049276053,0.0613578352950451,-0.004237332612557404,-0.003522914662489801,-0.0014777784369948976,-0.004178689220170395,0.0337635630775497,0.2347483140842673
1215,2015-06-05,0.2322669838044225,0.2354924731682189,0.234333593206615,0.2364753135517282,0.0360893660215958,-0.002611513103442986,0.0007441590839515899,-0.0039902496009675825,-0.0008559913758770799,-0.0252684692734493,0.2354924731682189
1216,2015-06-08,0.233400298171019,0.2315230111367337,0.2343336600532256,0.2342098051288363,0.0443939279460991,0.0011333143665964995,-0.0039694620314851825,6.68466105802068e-08,-0.0022655084228919153,0.008304561924503302,0.2315230111367337
1217,2015-06-09,0.2261573356232352,0.2324161294740992,0.2325602398564351,0.2228315611898801,0.0495777090841001,-0.00724296254778381,0.000893118337365495,-0.0017734201967904983,-0.0113782439389562,0.005183781138000998,0.2324161294740992
1218,2015-06-10,0.2315772137460273,0.235740596994327,0.2345306725974041,0.2363746511412507,0.0338029834664318,0.005419878122792099,0.003324467520227803,0.0019704327409690026,0.013543089951370602,-0.015774725617668302,0.235740596994327
1219,2015-06-11,0.2343364726725722,0.2363856859030834,0.2352203552166313,0.2387409367951732,0.0406062855810072,0.002759258926544911,0.0006450889087563916,0.0006896826192271943,0.0023662856539224952,0.006803302114575402,0.2363856859030834
1220,2015-06-12,0.2337451862408716,0.2349963435128764,0.2345799475758307,0.237431936044393,0.0434938290666237,-0.0005912864317006161,-0.0013893423902069935,-0.0006404076408005888,-0.0013090007507801926,0.0028875434856164978,0.2349963435128764
1221,2015-06-15,0.231084570920395,0.2361872387608213,0.2356144846624711,0.2355188269327573,0.0541636143240553,-0.0026606153204765948,0.0011908952479448842,0.0010345370866403913,-0.0019131091116356969,0.010669785257431605,0.2361872387608213
1222,2015-06-16,0.2334495770929233,0.2368818863565501,0.2360085248663864,0.2384892078675741,0.0423834881131102,0.0023650061725283,0.0006946475957288201,0.00039404020391531347,0.002970380934816802,-0.011780126210945104,0.2368818863565501
1223,2015-06-17,0.2360115941312665,0.2376756749255982,0.2369936278369198,0.239697403129544,0.0718403737052866,0.0025620170383431895,0.0007937885690481039,0.0009851029705333914,0.0012081952619698855,0.029456885592176407,0.2376756749255982
1224,2015-06-18,0.2370464189064631,0.2431835093988285,0.241870560244599,0.2420134409619341,0.08494436797619,0.0010348247751966189,0.0055078344732302775,0.0048769324076791964,0.002316037832390122,0.01310399427090339,0.2431835093988285
1225,2015-06-19,0.2422199471550701,0.2464583710333344,0.2454173420863877,0.2456383600536806,0.1594291927689866,0.005173528248606979,0.00327486163450591,0.003546781841788721,0.0036249190917464758,0.0744848247927966,0.2464583710333344
1226,2015-06-22,0.2459646158343378,0.2501302213498634,0.248717849796957,0.2503205677927643,0.0782626120606679,0.003744668679267704,0.0036718503165290017,0.003300507710569278,0.004682207739083705,-0.0811665807083187,0.2501302213498634
1227,2015-06-23,0.2491672553059181,0.2490881909578335,0.249801542374911,0.2522840278395605,0.0709172795989632,0.0032026394715803097,-0.0010420303920299079,0.0010836925779540152,0.001963460046796206,-0.007345332461704698,0.2490881909578335
1228,2015-06-24,0.2473934872010133,0.2455156232108724,0.2473877914308846,0.2490115454613724,0.0582600497353906,-0.0017737681049047882,-0.003572567746961103,-0.002413750944026405,-0.003272482378188085,-0.012657229863572601,0.2455156232108724
1229,2015-06-25,0.2446342513415207,0.2448209284163941,0.2457128935266291,0.2483570307264005,0.0738672387003097,-0.0027592358594926147,-0.0006946947944782844,-0.0016748979042555123,-0.0006545147349719116,0.015607188964919104,0.2448209284163941
1230,2015-06-26,0.2423184768248804,0.2402559597624996,0.2433976335579202,0.2431210416352041,0.0694094497242215,-0.0023157745166403065,-0.004564968653894497,-0.002315259968708877,-0.005235989091196408,-0.004457788976088201,0.2402559597624996
1231,2015-06-29,0.2354697318050491,0.2342024605463293,0.2373385825517902,0.2372305703919711,0.0623433450170985,-0.006848745019831293,-0.006053499216170322,-0.006059051006130023,-0.0058904712432329975,-0.007066104707123003,0.2342024605463293
1232,2015-06-30,0.2348784843819756,0.2353437263091777,0.2369445144889269,0.2378851019302927,0.0601193780776647,-0.0005912474230735099,0.001141265762848398,-0.0003940680628632953,0.0006545315383215955,-0.0022239669394337955,0.2353437263091777
1233,2015-07-01,0.2360116952288591,0.2314237521665406,0.2362548097838591,0.2335552826189674,0.0809497685694669,0.0011332108468835034,-0.003919974142637089,-0.0006897047050677951,-0.004329819311325284,0.020830390491802193,0.2314237521665406
1234,2015-07-02,0.2308382009501372,0.2308779930261015,0.2312302602716385,0.231440812866723,0.0653425796045478,-0.00517349427872188,-0.0005457591404390838,-0.0050245495122205885,-0.0021144697522444134,-0.015607188964919097,0.2308779930261015
1235,2015-07-06,0.2267979515825695,0.2271069781368784,0.2267475604971696,0.2274131470088832,0.0921517290768073,-0.004040249367567722,-0.003771014889223101,-0.004482699774468912,-0.004027665857839785,0.0268091494722595,0.2271069781368784
1236,2015-07-07,0.2272413062916627,0.2266106832859127,0.227190816699531,0.2247447209741755,0.0816823307961933,0.00044335470909320773,-0.0004962948509657228,0.0004432562023614084,-0.0026684260347077104,-0.010469398280613995,0.2266106832859127
1237,2015-07-08,0.222659056123541,0.2217480321189378,0.2240381525806004,0.2228315901793649,0.0975129019647778,-0.004582250168121693,-0.004862651166974902,-0.003152664118930615,-0.0019131307948105913,0.015830571168584495,0.2217480321189378
1238,2015-07-09,0.2233981481510529,0.2192174711646319,0.2251219046106806,0.2223784831392359,0.0578724159113829,0.0007390920275119062,-0.0025305609543058993,0.0010837520300802095,-0.00045310704012901937,-0.039640486053394895,0.2192174711646319
1239,2015-07-10,0.2198998039174244,0.2225418914861102,0.2224125092329742,0.2244929720194196,0.0563875812634891,-0.0034983442336285198,0.003324420321478311,-0.0027093953777063973,0.0021144888801837014,-0.0014848346478938054,0.2225418914861102
1240,2015-07-13,0.2220184880454471,0.2230380919395769,0.2228065834170246,0.2249964222398926,0.0485396388435371,0.002118684128022713,0.0004962004534667108,0.00039407418405040806,0.0005034502204730174,-0.007847942419952,0.2230380919395769
1241,2015-07-14,0.2223141234560296,0.224377828444062,0.2235455199574917,0.2262550903807706,0.0528036109076216,0.000295635410582501,0.0013397365044851006,0.0007389365404670833,0.0012586681408779943,0.004263972064084499,0.224377828444062
1242,2015-07-15,0.2222156495637484,0.2231374217078943,0.2231514966926032,0.2246944481384473,0.0484673681305866,-9.847389228120895e-05,-0.0012404067361677096,-0.0003940232648884934,-0.0015606422423233013,-0.004336242777034996,0.2231374217078943
1243,2015-07-16,0.2219199718871706,0.2208548665828228,0.2259593015552637,0.2218246654543705,0.0925229377387808,-0.000295677676577788,-0.0022825551250715004,0.0028078048626604957,-0.0028697826840768104,0.0440555696081942,0.2208548665828228
1244,2015-07-17,0.2183231872691328,0.2200114013299286,0.2188658036699958,0.2208681299333753,0.0741169011632299,-0.003596784618037807,-0.0008434652528941933,-0.007093497885267891,-0.0009565355209951998,-0.0184060365755509,0.2200114013299286
1245,2015-07-20,0.2194071860324352,0.2182747705409193,0.219654008764307,0.220566098843937,0.0677472233263581,0.0010839987633023962,-0.0017366307890093191,0.000788205094311184,-0.00030203108943829826,-0.006369677836871798,0.2182747705409193
1246,2015-07-21,0.2167464827154391,0.217331951920333,0.2197032187266076,0.2200625840519209,0.0848261068095436,-0.0026607033169961103,-0.0009428186205862887,4.920996230062258e-05,-0.000503514792016102,0.017078883483185495,0.217331951920333
1247,2015-07-22,0.2095526978666307,0.2088469855244267,0.2111810060647124,0.2098422481966122,0.1829303146075536,-0.007193784848808393,-0.00848496639590629,-0.008522212661895207,-0.010220335855308682,0.09810420779801,0.2088469855244267
1248,2015-07-23,0.2087643933347043,0.2117249292750338,0.21482635663974,0.2121582041207193,0.1090433657128027,-0.0007883045319263815,0.002877943750607098,0.0036453505750276005,0.002315955924107105,-0.0738869488947509,0.2117249292750338
1249,2015-07-24,0.2104889833457357,0.2077554672435486,0.2125111611576235,0.2059657097451891,0.1225514189697481,0.001724590011031396,-0.00396946203148521,-0.0023151954821165055,-0.006192494375530211,0.013508053256945401,0.2077554672435486
1250,2015-07-27,0.2051675560177441,0.2073088254770543,0.2069938865662565,0.2071739550945638,0.0881144242487952,-0.005321427327991596,-0.0004466417664943101,-0.005517274591367,0.0012082453493746925,-0.03443699472095289,0.2073088254770543
1251,2015-07-28,0.2032952536498244,0.2116753469886867,0.2112303488949908,0.2071236281755109,0.084586299443844,-0.0018723023679197148,0.004366521511632415,0.004236462328734286,-5.032691905290654e-05,-0.0035281248049511965,0.2116753469886867
1252,2015-07-29,0.2098977088830094,0.2122212005266247,0.2118707655208522,0.2136686502428474,0.0821258101711173,0.006602455233185006,0.0005458535379379847,0.000640416625861423,0.006545022067336509,-0.0024604892727267125,0.2122212005266247
1253,2015-07-30,0.2104889893394522,0.2129158717217282,0.212314119425695,0.2142728225840223,0.1210534441922269,0.0005912804564427998,0.0006946711951035245,0.00044335390484279147,0.0006041723411749078,0.0389276340211096,0.2129158717217282
1254,2015-07-31,0.2116221643274403,0.2125684653260522,0.211673668930618,0.2149272329732795,0.0576851690641928,0.0011331749879880948,-0.0003474063956760143,-0.000640450495076994,0.000654410389257204,-0.0633682751280341,0.2125684653260522
1255,2015-08-03,0.2078774928425901,0.2123203650993189,0.2110332650707479,0.2115036925940559,0.0977986997841733,-0.0037446714848501927,-0.0002481002267332999,-0.0006404038598701034,-0.0034235403792235997,0.0401135307199805,0.2123203650993189
1256,2015-08-04,0.2073847828931942,0.2123203650993189,0.210836217363477,0.2086339700268208,0.2343542119043004,-0.0004927099493959031,0.0,-0.00019704770727091425,-0.002869722567235111,0.1365555121201271,0.2123203650993189
1257,2015-08-05,0.21250910291201,0.217480816776248,0.217584996739929,0.2168404343616785,0.1613345115649566,0.005124320018815798,0.0051604516769291064,0.006748779376452019,0.008206464334857694,-0.0730197003393438,0.217480816776248
1258,2015-08-06,0.2161551608912746,0.2145036140554477,0.2161071344735046,0.2159341622942003,0.0849377979113764,0.003646057979264594,-0.0029772027208002927,-0.0014778622664244068,-0.0009062720674782032,-0.0763967136535802,0.2145036140554477
1259,2015-08-07,0.2124597809827912,0.2161410566723881,0.2147770918933551,0.2157831316635639,0.0699087746500619,-0.0036953799084833983,0.0016374426169403766,-0.0013300425801495153,-0.00015103063063640065,-0.0150290232613145,0.2161410566723881
1260,2015-08-10,0.2167957306444378,0.2204083192138274,0.2198509981633052,0.2208177666481278,0.0607632444294062,0.004335949661646604,0.004267262541439304,0.005073906269950107,0.005034634984563913,-0.009145530220655701,0.2204083192138274
1261,2015-08-11,0.2167464611526318,0.2169349868376847,0.2169446036393491,0.2188542678119237,0.0890408033875254,-4.926949180600326e-05,-0.003473332376142696,-0.0029063945239561073,-0.001963498836204114,0.028277558958119203,0.2169349868376847
1262,2015-08-12,0.2130510624639519,0.2175800049483169,0.2171416340364739,0.2157831387002437,0.0781837712829037,-0.0036953986886799073,0.000645018110632195,0.00019703039712481996,-0.0030711291116799766,-0.010857032104621703,0.2175800049483169
1263,2015-08-13,0.2156624044434351,0.2152974734226201,0.2159593115472709,0.2178976078293401,0.0544526971758576,0.002611341979483206,-0.002282531525696796,-0.001182322489202997,0.00211446912909638,-0.0237310741070461,0.2152974734226201
1264,2015-08-14,0.2130017329994211,0.2148012965685282,0.2137425791670903,0.2145244401278693,0.0593638206240904,-0.0026606714440139956,-0.0004961768540918954,-0.0022167323801806083,-0.0033731677014707806,0.0049111234482328014,0.2148012965685282
1265,2015-08-17,0.212410458123042,0.215942515132627,0.2147277793313963,0.2154809882698115,0.0567620749578694,-0.0005912748763791109,0.0011412185640987949,0.0009852001643060049,0.0009565481419421817,-0.0026017456662210045,0.215942515132627
1266,2015-08-18,0.2135438756095329,0.2130151542912961,0.2142846018766032,0.2156825484920153,0.06956713127975,0.0011334174864909008,-0.002927360841330884,-0.0004431774547931089,0.00020156022220380043,0.012805056321880608,0.2130151542912961
1267,2015-08-19,0.211523688463755,0.2117746295582546,0.2126096876371616,0.2121582747759789,0.0806705408148851,-0.0020201871457778964,-0.0012405247330415092,-0.001674914239441605,-0.0035242737160363913,0.011103409535135098,0.2117746295582546
1268,2015-08-20,0.2076311923412793,0.2060683951415117,0.2095554998274647,0.2090368023828661,0.0775366198987553,-0.0038924961224756915,-0.005706234416742895,-0.0030541878096969066,-0.0031214723931128063,-0.0031339209161298093,0.2060683951415117
1269,2015-08-21,0.2038372774934485,0.2026446922504656,0.2061565048064262,0.2054118936325517,0.1052163029588287,-0.003793914847830815,-0.0034237028910460987,-0.0033989950210384923,-0.003624908750314404,0.0276796830600734,0.2026446922504656
1270,2015-08-24,0.1872326668500282,0.1991713126755734,0.2054668214589045,0.1901570132920933,0.1699610066653307,-0.01660461064342028,-0.003473379574892216,-0.0006896833475217024,-0.015254880340458382,0.06474470370650201,0.1991713126755734
1271,2015-08-25,0.2037387583352734,0.1963430810078745,0.2046294582958477,0.1992193574133941,0.1296700841953806,0.016506091485245206,-0.002828231667698883,-0.0008373631630567979,0.009062344121300803,-0.04029092246995011,0.1963430810078745
1272,2015-08-26,0.1999447745395594,0.2038851225860081,0.2030530382457819,0.2004779346092433,0.1532993222978144,-0.0037939837957140232,0.007542041578133596,-0.00157642005006578,0.001258577195849181,0.02362923810243381,0.2038851225860081
1273,2015-08-27,0.206103763878211,0.2120226825862385,0.2105407035457976,0.2095905957955044,0.0943691259514275,0.00615898933865161,0.008137560000230387,0.007487665300015683,0.009112661186261112,-0.058930196346386896,0.2120226825862385
1274,2015-08-28,0.2094049592060679,0.2145532671399191,0.2133485647672437,0.213718966686979,0.0777764272644549,0.0033011953278568873,0.0025305845536806038,0.0028078612214461063,0.004128370891474609,-0.016592698686972607,0.2145532671399191
1275,2015-08-31,0.2119671160851612,0.2108814640221396,0.2129544927528275,0.2138700222452332,0.0681907027012821,0.002562156879093308,-0.0036718031177795096,-0.00039407201441621353,0.00015105555825417616,-0.009585724563172804,0.2108814640221396
1276,2015-09-01,0.2042314641341853,0.2001637371818816,0.2056639077102997,0.2021897527752327,0.1132350670639365,-0.007735651950975891,-0.010717726840257985,-0.007290585042527803,-0.011680269470000476,0.04504436436265441,0.2001637371818816
1277,2015-09-02,0.201225831795201,0.2038851225860081,0.2025604189353802,0.2024917839403163,0.1242793460157484,-0.003005632338984293,0.0037213854041265038,-0.0031034887749194773,0.00030203116508359384,0.011044278951811898,0.2038851225860081
1278,2015-09-03,0.2034430903614384,0.207110401934167,0.2061564816990262,0.2071236369972466,0.0825232990923455,0.00221725856623739,0.003225279348158888,0.0035960627636459908,0.004631853056930285,-0.0417560469234029,0.207110401934167
1279,2015-09-04,0.2025069147462797,0.2034385752170127,0.204284584255528,0.2056635968053221,0.0622776443689617,-0.0009361756151587131,-0.0036718267171542973,-0.0018718974434981939,-0.0014600401919244999,-0.0202456547233838,0.2034385752170127
1280,2015-09-08,0.2144306596739452,0.2225915445705815,0.2216736129864754,0.2146251762137131,0.1849900299266452,0.011923744927665514,0.019152969353568805,0.017389028730947387,0.008961579408391013,0.1227123855576835,0.2225915445705815
1281,2015-09-09,0.2236555770799987,0.2219313284626111,0.2271812009479353,0.2247256928544299,0.1894215386434787,0.009224917406053496,-0.0006602161079704016,0.00550758796145992,0.010100516640716789,0.004431508716833482,0.2219313284626111
1282,2015-09-10,0.2196821240157354,0.2210810193910398,0.2216196052017862,0.2201073404811473,0.109989455045974,-0.003973453064263305,-0.000850309071571298,-0.005561595746149117,-0.0046183523732825915,-0.07943208359750469,0.2210810193910398
1283,2015-09-11,0.2177947082122933,0.2195304224731748,0.2217188996003154,0.2214268568460645,0.0974997618351505,-0.001887415803442094,-0.0015505969178649937,9.92943985292094e-05,0.0013195163649172004,-0.012489693210823508,0.2195304224731748
1284,2015-09-14,0.21878811742624,0.2196805144965767,0.2200802498820768,0.2221374121523176,0.0882064051561868,0.0009934092139466943,0.0001500920234018821,-0.0016386497182385995,0.0007105553062531078,-0.009293356678963693,0.2196805144965767
1285,2015-09-15,0.2193840749944931,0.2201306253711591,0.2202291601890233,0.2221880992893176,0.0993525201126109,0.0005959575682531193,0.00045011087458241006,0.0001489103069464981,5.068713699998839e-05,0.011146114956424105,0.2201306253711591
1286,2015-09-16,0.2183908085367296,0.2196305310208589,0.2186402158829492,0.2218329255234173,0.0981140628952304,-0.0009932664577635142,-0.000500094350300212,-0.0015889443060740915,-0.0003551737659003018,-0.0012384572173805009,0.2196305310208589
1287,2015-09-17,0.2179933656981442,0.2167293890848738,0.2184911617942943,0.2186862756364314,0.1045724366070871,-0.0003974428385853934,-0.002901141935985091,-0.0001490540886549263,-0.0031466498869859028,0.006458373711856688,0.2167293890848738
1288,2015-09-18,0.2126293548678058,0.2140785421174737,0.215114616309927,0.2156921008982565,0.0829207880135737,-0.0053640108303384115,-0.002650846967400089,-0.003376545484367277,-0.0029941747381748984,-0.021651648593513387,0.2140785421174737
1289,2015-09-21,0.2145663926139314,0.2137283981943268,0.2153628809748487,0.2159965971963617,0.0407672521689426,0.0019370377461256083,-0.0003501439231469172,0.0002482646649216991,0.00030449629810519463,-0.04215353584463111,0.2137283981943268
1290,2015-09-22,0.2088048390999786,0.2100270014606125,0.2129296428280653,0.2119364452984883,0.0440128641869052,-0.0057615535139528,-0.0037013967337142795,-0.0024332381467833952,-0.004060151897873399,0.0032456120179625986,0.2100270014606125
1291,2015-09-23,0.2082087655206521,0.2068257698753226,0.2099998305745185,0.2093481068605615,0.0641041223871673,-0.000596073579326506,-0.0032012315852898987,-0.0029298122535468263,-0.0025883384379268015,0.0200912582002621,0.2068257698753226
1292,2015-09-24,0.2035399983156211,0.2064756731509252,0.2061265947928799,0.2034610147066158,0.0502905611163854,-0.0046687672050309825,-0.0003500967243974251,-0.00387323578163859,-0.0058870921539457,-0.013813561270781899,0.2064756731509252
1293,2015-09-25,0.2066193168721668,0.2069757675012255,0.2083114180374807,0.2081807641550701,0.0311256820548534,0.003079318556545696,0.000500094350300323,0.0021848232446008142,0.0047197494484543245,-0.019164879061531997,0.2069757675012255
1294,2015-09-28,0.2060234202777295,0.2043749276089179,0.2072687401656356,0.2072166174350928,0.0892477604291566,-0.0005958965944373174,-0.0026008398923076104,-0.0010426778718451157,-0.0009641467199773268,0.05812207837430319,0.2043749276089179
1295,2015-09-29,0.2036393720008487,0.2084264210670297,0.207417725683841,0.2067598772723076,0.0638544599242471,-0.002384048276880796,0.004051493458111788,0.0001489855182054134,-0.00045674016278518526,-0.025393300504909497,0.2084264210670297
1296,2015-09-30,0.2095499377207255,0.2155291012857789,0.2143201255033845,0.2115305356467191,0.0656053821970953,0.005910565719876804,0.007102680218749213,0.006902399819543492,0.004770658374411485,0.0017509222728482043,0.2155291012857789
1297,2015-10-01,0.2140200157693289,0.211027378956211,0.2148166254314439,0.2110229699506784,0.0836434951430795,0.0044700780486033875,-0.004501722329567914,0.0004964999280593907,-0.0005075656960406849,0.018038112945984203,0.211027378956211
1298,2015-10-02,0.206669170824481,0.2169796132553345,0.2154622121811733,0.2098557163108036,0.0885710437533466,-0.00735084494484789,0.0059522342991235044,0.000645586749729421,-0.001167253639874799,0.004927548610267091,0.2169796132553345
1299,2015-10-05,0.217049692253543,0.2254826095735489,0.2259893874225324,0.2217313451709758,0.0971449783352112,0.010380521429062012,0.008502996318214412,0.010527175241359099,0.01187562886017221,0.008573934581864603,0.2254826095735489
1300,2015-10-06,0.2229602361955292,0.2268831616667615,0.22584046717332,0.225943736858806,0.0730065602097164,0.005910543941986202,0.0014005520932126037,-0.0001489202492124253,0.0042123916878301915,-0.024138418125494804,0.2268831616667615
1301,2015-10-07,0.2259899638932263,0.2299842611049926,0.2299123156159167,0.2289887611935485,0.0619787064199388,0.0030297276976970766,0.0031010994382310864,0.004071848442596726,0.003045024334742491,-0.011027853789777595,0.2299842611049926
1302,2015-10-08,0.2279270784914193,0.2333355611143096,0.2318986685856484,0.2314248713083238,0.0697412379973128,0.0019371145981930127,0.003351300009316993,0.0019863529697316806,0.0024361101147752917,0.007762531577373999,0.2333355611143096
1303,2015-10-09,0.2309568229215098,0.2314348438726725,0.2338849261275959,0.2341654185555655,0.0395846405024785,0.003029744430090492,-0.0019007172416370954,0.001986257541947506,0.002740547247241709,-0.0301565974948343,0.2314348438726725
1304,2015-10-12,0.2289204506909505,0.2314848745471397,0.2311041614372317,0.2321861508492096,0.0461678454457953,-0.0020363722305593024,5.003067446721077e-05,-0.0027807646903642014,-0.001979267706355897,0.006583204943316802,0.2314848745471397
1305,2015-10-13,0.2285727272934766,0.2303844357026067,0.2294654198174844,0.2322876065912881,0.0548830364211542,-0.00034772339747388137,-0.0011004388445330082,-0.0016387416197473081,0.00010145574207851005,0.008715190975358895,0.2303844357026067
1306,2015-10-14,0.2283243764295723,0.2366367124522856,0.2391981907172034,0.2333026173559994,0.1189313132574052,-0.0002483508639043175,0.006252276749678903,0.009732770899719023,0.0010150107647112772,0.064048276836251,0.2366367124522856
1307,2015-10-15,0.2370660041514431,0.2367367974005949,0.2401913829701853,0.2395957841999075,0.0883410914848675,0.008741627721870815,0.00010008494830929249,0.0009931922529818893,0.006293166843908127,-0.0305902217725377,0.2367367974005949
1308,2015-10-16,0.2351786402294138,0.23478609668324,0.2354739853046093,0.2369060145485642,0.0596627585731133,-0.001887363922029317,-0.0019507007173548974,-0.004717397665575995,-0.002689769651343321,-0.0286783329117542,0.23478609668324
1309,2015-10-19,0.2328441332293215,0.2362365142552967,0.2358711324617014,0.2374133979873961,0.0476526800936891,-0.0023345070000923007,0.001450417572056717,0.0003971471570921037,0.0005073834388319154,-0.012010078479424202,0.2362365142552967
1310,2015-10-20,0.2334401797192712,0.2370868705256175,0.2361691165691243,0.2382762109920247,0.0385334301322882,0.0005960464899497087,0.0008503562703207901,0.0002979841074228773,0.0008628130046285931,-0.0091192499614009,0.2370868705256175
1311,2015-10-21,0.2368176798939708,0.2358864883290236,0.2395458670923935,0.2389867895545696,0.0673530194375367,0.0033775001746995936,-0.0012003821965939077,0.0033767505232692174,0.000710578562544889,0.0288195893052485,0.2358864883290236
1312,2015-10-22,0.2380592843432102,0.2443895082466127,0.243170732138619,0.2411689868399136,0.1158171025357165,0.001241604449239403,0.008503019917589116,0.0036248650462255005,0.002182197285344023,0.0484640830981798,0.2443895082466127
1313,2015-10-23,0.2453109211888272,0.2456400627139224,0.2460509296524911,0.2465994444032271,0.075299512829694,0.007251636845616999,0.0012505544673097058,0.0028801975138720848,0.005430457563313479,-0.04051758970602251,0.2456400627139224
1314,2015-10-26,0.2434235059074606,0.242638930227127,0.2462991903168868,0.2454321511665321,0.0525933688335835,-0.0018874152813666,-0.003001132486795427,0.00024826066439570527,-0.0011672932366949829,-0.02270614399611049,0.242638930227127
1315,2015-10-27,0.2390527769088325,0.2397379298873904,0.2445612537054118,0.2425393957728369,0.0712457828396477,-0.004370728998628087,-0.002901000339736587,-0.001737936611475005,-0.002892755393695212,0.018652414006064204,0.2397379298873904
1316,2015-10-28,0.2382083319604531,0.2428890128013392,0.2413334564773701,0.2412197793245563,0.0622086586884179,-0.0008444449483794025,0.003151082913948805,-0.003227797228041701,-0.0013196164482806028,-0.009037124151229807,0.2428890128013392
1317,2015-10-29,0.2385560599380584,0.2370369106492744,0.239496202213183,0.2395450572535205,0.0633157146095246,0.0003477279776052944,-0.005852102152064803,-0.0018372542641870993,-0.0016747220710358057,0.0011070559211067074,0.2370369106492744
1318,2015-10-30,0.2354766341569157,0.2415385621807181,0.2404396736592628,0.2406108184070098,0.0839358630272887,-0.003079425781142703,0.00450165153144369,0.0009434714460798133,0.001065761153489303,0.020620148417764092,0.2415385621807181
1319,2015-11-02,0.2394003449271355,0.2445395766706398,0.2430714351594756,0.2440618146155625,0.0551688342405497,0.0039237107702198015,0.0030010144899217106,0.002631761500212798,0.0034509962085527146,-0.028767028786739,0.2445395766706398
1320,2015-11-03,0.242976466583211,0.2441894799462425,0.2432700979411041,0.2454828680712262,0.0461415651865405,0.003576121656075515,-0.0003500967243973141,0.00019866278162850026,0.0014210534556637067,-0.009027269054009197,0.2441894799462425
1321,2015-11-04,0.2421320352730804,0.2450397182196896,0.2439155436304242,0.2457365360197225,0.0717451077654881,-0.0008444313101306222,0.0008502382734471015,0.0006454456893200955,0.0002536679484962945,0.025603542578947605,0.2450397182196896
1322,2015-11-05,0.2470989876822365,0.2396378685384557,0.2474910006948471,0.2401540665990976,0.0883805118737496,0.004966952409156122,-0.005401849681233889,0.0035754570644229156,-0.005582469420624903,0.01663540410826149,0.2396378685384557
1323,2015-11-06,0.2363209677946053,0.2393377080910267,0.2391982111809377,0.2405600407023539,0.0970891327842949,-0.010778019887631218,-0.0003001604474290043,-0.00829278951390941,0.0004059741032562958,0.008708620910545306,0.2393377080910267
1324,2015-11-09,0.2361222947422781,0.2391876632663743,0.2377581739000426,0.2381239767445987,0.09558458794196,-0.0001986730523271807,-0.00015004482465239,-0.00144003728089509,-0.002436063957755197,-0.0015045448423349067,0.2391876632663743
1325,2015-11-10,0.2359733117084438,0.2358864883290236,0.2362684991357553,0.2382255157600925,0.0529284421390817,-0.00014898303383431566,-0.003301174937350715,-0.0014896747642873243,0.00010153901549378452,-0.0426561458028783,0.2358864883290236
1326,2015-11-11,0.2345328362997131,0.2355862570834703,0.2364669983792217,0.238935931037637,0.0352286875310024,-0.0014404754087306848,-0.00030023124555328407,0.00019849924346640457,0.0007104152775445072,-0.017699754608079293,0.2355862570834703
1327,2015-11-12,0.2323972163976143,0.2319350326204717,0.2353249997372153,0.2352311995124382,0.0616830535033228,-0.0021356199020988176,-0.00365122446299862,-0.0011419986420063977,-0.00370473152519879,0.0264543659723204,0.2319350326204717
1328,2015-11-13,0.2302117764030232,0.2282836665612246,0.2331897126307983,0.2310695833972049,0.050425247445066,-0.0021854399945910874,-0.0036513660592470965,-0.002135287106417,-0.004161616115233302,-0.011257806058256804,0.2282836665612246
1329,2015-11-16,0.2185894538299992,0.2298342634790896,0.2283233412114959,0.2233554406342049,0.0578757009437898,-0.011622322573024008,0.0015505969178650214,-0.004866371419302407,-0.007714142763000004,0.007450453498723801,0.2298342634790896
1330,2015-11-17,0.2277284280306415,0.2304845442502908,0.2299620715478093,0.2315771647683734,0.0470745143900844,0.009138974200642302,0.0006502807712011893,0.0016387303363133987,0.008221724134168495,-0.010801186553705398,0.2304845442502908
1331,2015-11-18,0.2286654982366354,0.2368312184989646,0.2355712219941148,0.233600016284669,0.0548961765507816,0.0009370702059939007,0.0063466742486738,0.0056091504463055,0.0020228515162956096,0.007821662160697199,0.2368312184989646
1332,2015-11-19,0.2356236080607647,0.2378394781857291,0.2381236640483607,0.237487427854388,0.0375150700861664,0.0069581098241293105,0.00100825968676449,0.0025524420542459014,0.0038874115697190015,-0.0173811064646152,0.2378394781857291
1333,2015-11-20,0.2370251932570962,0.2388476670743694,0.2382737624826341,0.2405563570737707,0.0356754519383333,0.0014015851963314896,0.0010081888886403212,0.00015009843427341019,0.0030689292193827045,-0.0018396181478331011,0.2388476670743694
1334,2015-11-23,0.2377260190516759,0.2349155864524862,0.2376731999144473,0.2374873875702864,0.039341548104372,0.0007008257945796958,-0.003932080621883216,-0.0006005625681868021,-0.0030689695034843145,0.0036660961660387043,0.2349155864524862
1335,2015-11-24,0.2326700985452974,0.2380914487099213,0.23662215806213,0.2333953871929485,0.0519002269957393,-0.005055920506378486,0.0031758622574351025,-0.0010510418523173026,-0.0040920003773378955,0.012558678891367296,0.2380914487099213
1336,2015-11-25,0.2362243025323192,0.2376882533923393,0.237322895913624,0.239789164456962,0.035872553882744,0.0035542039870218034,-0.0004031953175820113,0.0007007378514939933,0.006393777264013495,-0.0160276731129953,0.2376882533923393
1337,2015-11-27,0.2360741151407484,0.24041041767023,0.2392246681371086,0.2397891450401016,0.0236817986209433,-0.0001501873915708274,0.0027221642778907096,0.0019017722234846157,-1.941686039730328e-08,-0.012190755261800697,0.24041041767023
1338,2015-11-30,0.2388273067127553,0.2433846704691867,0.2428780955386138,0.2437788030188393,0.0711866522563245,0.0027531915720069022,0.002974252798956689,0.003653427401505205,0.0039896579787377096,0.047504853635381206,0.2433846704691867
1339,2015-12-01,0.2430321401460885,0.2444432676222903,0.2436287583096179,0.2451086327965622,0.0553396559257057,0.004204833433333222,0.0010585971531036076,0.0007506627710040792,0.0013298297777228907,-0.015846996330618805,0.2444432676222903
1340,2015-12-02,0.2407295950363178,0.2352181540361397,0.2422275729692547,0.2378455281806256,0.0988236298951089,-0.0023025451097707095,-0.009225113586150607,-0.0014011853403631813,-0.0072631046159366,0.0434839739694032,0.2352181540361397
1341,2015-12-03,0.2355234882953224,0.2340586459566105,0.2373228923966676,0.2356460392053606,0.0599715516193567,-0.005206106740995392,-0.0011595080795291923,-0.004904680572587111,-0.002199488975265007,-0.0388520782757522,0.2340586459566105
1342,2015-12-04,0.2327202241600209,0.2387972588099061,0.2376732173604495,0.2360552235884332,0.0936267086274806,-0.0028032641353015197,0.004738612853295604,0.0003503249637819006,0.0004091843830726083,0.033655157008123895,0.2387972588099061
1343,2015-12-07,0.2364745579293257,0.2353188761675672,0.237623134057364,0.2381011685877243,0.0472781863993088,0.003754333769304813,-0.0034783826423389064,-5.008330308550746e-05,0.0020459449992910883,-0.0463485222281718,0.2353188761675672
1344,2015-12-08,0.2311184118331262,0.2329496405390437,0.2319679086106002,0.2340092994207947,0.0551195587544471,-0.005356146096199499,-0.0023692356285234806,-0.005655225446763779,-0.004091869166929579,0.0078413723551383,0.2329496405390437
1345,2015-12-09,0.230317305725961,0.2294206844366182,0.2316174033626098,0.2317585474288174,0.058082657985421,-0.0008011061071651893,-0.0035289561024255123,-0.00035050524799040694,-0.002250751991977301,0.0029630992309738965,0.2294206844366182
1346,2015-12-10,0.2276643702202218,0.2286142466027048,0.2285646728942843,0.2301730439923925,0.0499357776164461,-0.0026529355057392234,-0.0008064378339134037,-0.003052730468325493,-0.001585503436424912,-0.008146880368974894,0.2286142466027048
1347,2015-12-11,0.2246608731178994,0.2250350474314393,0.2273134805362968,0.2280247543834555,0.071091386316526,-0.0030034971023223944,-0.003579199171265507,-0.0012511923579875128,-0.002148289608936982,0.021155608700079903,0.2250350474314393
1348,2015-12-14,0.2243605197702209,0.2248838226380494,0.2251114215452095,0.2258764649514895,0.0551918294673976,-0.0003003533476785003,-0.00015122479338988692,-0.0022020589910873023,-0.002148289431966016,-0.01589955684912841,0.2248838226380494
1349,2015-12-15,0.2247609205974856,0.2322437596409345,0.2317175489234605,0.2296614661768795,0.1094112893423693,0.0004004008272646964,0.007359937002885092,0.006606127378251003,0.0037850012253899945,0.0542194598749717,0.2322437596409345
1350,2015-12-16,0.2322196254304538,0.2374865731357367,0.2367223059630032,0.234418433159279,0.1064481901113954,0.007458704832968205,0.005242813494802212,0.005004757039542701,0.0047569669823994964,-0.0029630992309738896,0.2374865731357367
1351,2015-12-17,0.2380264244285228,0.2341090778204486,0.2397251954228386,0.2375385972789208,0.0774643491858047,0.0058067989980689905,-0.0033774953152881093,0.0030028894598354006,0.003120164119641805,-0.028983840925590698,0.2341090778204486
1352,2015-12-18,0.2304675810375012,0.2323446233686106,0.2318677420845363,0.2328839128696704,0.2023645663264468,-0.007558843391021586,-0.00176445445183801,-0.00785745333830229,-0.004654684409250404,0.1249002171406421,0.2323446233686106
1353,2015-12-21,0.231268494517385,0.2361758402628177,0.2346203071764327,0.2363109271406697,0.0626324278689009,0.0008009134798837858,0.0038312168942071234,0.0027525650918963918,0.0034270142709993123,-0.1397321384575459,0.2361758402628177
1354,2015-12-22,0.2356235747528853,0.2377890227225163,0.2365221088550967,0.2391241785431212,0.0376267611879991,0.004355080235500325,0.0016131824596986033,0.0019018016786639946,0.0028132514024515054,-0.025005666680901803,0.2377890227225163
1355,2015-12-23,0.2369751380922735,0.2384947856237517,0.2380235258384316,0.2407609544485341,0.0300481914254084,0.0013515633393881843,0.0007057629012353905,0.0015014169833348912,0.0016367759054128905,-0.007578569762590696,0.2384947856237517
1356,2015-12-24,0.2360240932222116,0.2382427679008101,0.2382237523319611,0.241170213925027,0.0121907552618006,-0.0009510448700618956,-0.0002520177229416165,0.0002002264935295206,0.00040925947649289585,-0.017857436163607802,0.2382427679008101
1357,2015-12-28,0.2358738286686165,0.2396037910413186,0.2380235009276196,0.2379988488802561,0.0589006310547253,-0.0001502645535950975,0.0013610231405085105,-0.00020025140434151711,-0.0031713650447708908,0.0467098757929247,0.2396037910413186
1358,2015-12-29,0.2389775143863971,0.2425781146383995,0.2419772685423467,0.2431138739403501,0.0342497478737627,0.0031036857177806076,0.0029743235970809134,0.0039537676147270995,0.005115025060094008,-0.024650883180962604,0.2425781146383995
1359,2015-12-30,0.2403290658276561,0.2406625061912959,0.2411264773654994,0.2434719180879829,0.0327484880638347,0.0013515514412589802,-0.0019156084471036172,-0.0008507911768473042,0.0003580441476327967,-0.0015012598099279975,0.2406625061912959
1360,2015-12-31,0.2385269528154336,0.2346131368657066,0.2394748804206475,0.2380500404047964,0.0380439603036684,-0.0018021130122224949,-0.006049369325589304,-0.0016515969448518963,-0.005421877683186499,0.005295472239833697,0.2346131368657066
1361,2016-01-04,0.2285653541227313,0.231790085260765,0.2306665925835501,0.2315028593294485,0.0811468705138776,-0.0099615986927023,-0.00282305160494159,-0.00880828783709739,-0.006547181075347908,0.043102910210209205,0.231790085260765
1362,2016-01-05,0.230167237566121,0.2300761334708893,0.231767657998191,0.2324235783350191,0.0591765737769003,0.0016018834433897122,-0.0017139517898757117,0.0011010654146408894,0.0009207190055705861,-0.021970296736977306,0.2300761334708893
1363,2016-01-06,0.2240600999375586,0.2264969107002491,0.2269130517236461,0.2276666265813401,0.0600471073647141,-0.006107137628562409,-0.0035792227706401836,-0.004854606274544898,-0.00475695175367899,0.0008705335878138043,0.2264969107002491
1364,2016-01-07,0.2202056910262252,0.2150536446827163,0.2237601357126215,0.2168229761514107,0.1107220172727004,-0.0038544089113334012,-0.011443266017532816,-0.0031529160110246035,-0.010843650429929408,0.050674909907986294,0.2150536446827163
1365,2016-01-08,0.2152499450825318,0.2093572040064941,0.2152021197900665,0.2120149410345181,0.0924835173498986,-0.004955745943693385,-0.005696440676222186,-0.008558015922554979,-0.004808035116892595,-0.0182384999228018,0.2093572040064941
1366,2016-01-11,0.2097434900919019,0.2092059084149801,0.2109480629560495,0.2100200424380951,0.0860284286704488,-0.005506454990629905,-0.00015129559151400018,-0.004254056834017,-0.0019948985964229893,-0.0064550886794498,0.2092059084149801
1367,2016-01-12,0.2101940415127025,0.2109703156680685,0.2111983218746448,0.2113499498616531,0.0687031677567499,0.0004505514208005823,0.001764407253088407,0.00025025891859528637,0.0013299074235579855,-0.017325260913698903,0.2109703156680685
1368,2016-01-13,0.2108448023469217,0.2082481513901778,0.2195561806926079,0.2110430646021661,0.1655360680133109,0.0006507608342192217,-0.0027221642778907096,0.00835785881796311,-0.0003068852594869942,0.096832900256561,0.2082481513901778
1369,2016-01-14,0.2075408840949175,0.2119280726928708,0.2127997583193981,0.2097131008325827,0.1378169645643554,-0.003303918252004212,0.003679921302693012,-0.006756422373209808,-0.0013299637695833866,-0.02771910344895548,0.2119280726928708
1370,2016-01-15,0.2050881677165842,0.2042657097025808,0.2067441992728543,0.2027568792444377,0.1384115554299943,-0.002452716378333303,-0.0076623629902900225,-0.006055559046543785,-0.006956221588145017,0.0005945908656388998,0.2042657097025808
1371,2016-01-19,0.2111451932279991,0.2102142153004941,0.220757353960341,0.2094063153185326,0.1674873772629767,0.006057025511414904,0.005948505597913323,0.014013154687486679,0.0066494360740949054,0.02907582183298238,0.2102142153004941
1372,2016-01-20,0.2143988565594356,0.2160113545087691,0.2181547823723643,0.2124751793274855,0.2892569585198958,0.003253663331436507,0.005797139208274987,-0.002602571587976693,0.0030688640089528985,0.12176958125691911,0.2160113545087691
1373,2016-01-21,0.2168518223291226,0.2198427365985994,0.2222587658598619,0.2190736050514363,0.1483520634931063,0.002452965769686982,0.003831382089830304,0.004103983487497603,0.006598425723950807,-0.1409048950267895,0.2198427365985994
1374,2016-01-22,0.2217073678965124,0.2174733121750779,0.2229593211112565,0.216720613112075,0.1342034289168262,0.0048555455673898185,-0.0023694244235215045,0.0007005552513945912,-0.0023529919393613097,-0.0141486345762801,0.2174733121750779
1375,2016-01-25,0.2153500090410501,0.217775808960607,0.2194560519174195,0.2177947918697232,0.0890473734523391,-0.0063573588554623195,0.0003024967855290994,-0.0035032691938370053,0.0010741787576482031,-0.045156055464487116,0.217775808960607
1376,2016-01-26,0.2158006172626353,0.2230690543192472,0.2241605690779596,0.2205057980304735,0.1210961496135159,0.00045060822158521363,0.005293245358640203,0.0047045171605401,0.00271100616075029,0.03204877616117681,0.2230690543192472
1377,2016-01-27,0.2206060888134284,0.2184311399980044,0.2231094805327853,0.2206079948127917,0.0955451675530779,0.004805471550793111,-0.004637914321242803,-0.0010510885451743002,0.00010219678231820906,-0.025550982060438,0.2184311399980044
1378,2016-01-28,0.2186538834225654,0.2175741995021287,0.2195561879721125,0.2181528766821019,0.0777501470052002,-0.001952205390863021,-0.0008569404958757021,-0.0035532925606727994,-0.0024551181306897985,-0.01779502054787771,0.2175741995021287
1379,2016-01-29,0.2168017160767572,0.2258920115266898,0.2247610577074834,0.2215287241727405,0.1323243903801111,-0.0018521673458082033,0.008317812024561111,0.005204869735370904,0.0033758474906386005,0.0545742433749109,0.2258920115266898
1380,2016-02-01,0.222558382228641,0.2239763794802115,0.2252615139926619,0.2246488245388154,0.0837289059856575,0.005756666151883805,-0.0019156320464782939,0.0005004562851785022,0.003120100366074907,-0.04859548439445359,0.2239763794802115
1381,2016-02-02,0.2186037829429761,0.2176749924316805,0.2196062138562199,0.2206080212165879,0.0788210675698315,-0.003954599285664884,-0.006301387048531004,-0.005655300136441999,-0.004040803322227504,-0.00490783841582601,0.2176749924316805
1382,2016-02-03,0.2105444503900252,0.2133396456940911,0.2163031213195748,0.2137028282393159,0.1940797145963844,-0.00805933255295091,-0.004335346737589396,-0.003303092536645097,-0.00690519297727199,0.1152586470265529,0.2133396456940911
1383,2016-02-04,0.2124466586994997,0.2154569343977972,0.2192058511535026,0.2073091473060782,0.1977228155355752,0.0019022083094744902,0.0021172887037060883,0.0029027298339278085,-0.006393680933237722,0.003643100939190791,0.2154569343977972
1384,2016-02-05,0.2134478317127969,0.2128355630494583,0.2187053957423317,0.2151350495860607,0.1113100380735255,0.0010011730132972185,-0.0026213713483388967,-0.0005004554111709136,0.007825902279982505,-0.08641277746204969,0.2128355630494583
1385,2016-02-08,0.2090927781993485,0.2077944534106335,0.2101973996436113,0.2085878906560846,0.1158203875681233,-0.00435505351344842,-0.0050411096388248144,-0.008507996098720383,-0.0065471589299760935,0.00451034949459779,0.2077944534106335
1386,2016-02-09,0.2049379249758108,0.2079960628691119,0.2104476103638319,0.2087924732702054,0.0881472745728636,-0.004154853223537702,0.00020160945847841338,0.00025021072022057833,0.0002045826141207907,-0.027673112995259694,0.2079960628691119
1387,2016-02-10,0.2068902150293401,0.2030053850941251,0.2089462118466527,0.2058258167535355,0.101740738672387,0.0019522900535293153,-0.004990677774986796,-0.0015013985171791755,-0.0029666565166698855,0.013593464099523403,0.2030053850941251
1388,2016-02-11,0.1986305977045144,0.1998798839024039,0.200137928599102,0.1995343842118361,0.0971745436268728,-0.008259617324825691,-0.0031255011917211972,-0.008808283247550702,-0.006291432541699393,-0.004566195045514199,0.1998798839024039
1389,2016-02-12,0.2002324636358312,0.2037111243959858,0.2029405558393097,0.2013757789745703,0.0573895161475767,0.0016018659313167816,0.0038312404935818833,0.002802627240207689,0.0018413947627341776,-0.0397850274792961,0.2037111243959858
1390,2016-02-16,0.205388449163959,0.2098612866511269,0.2105477070236288,0.2087413326780937,0.1267562604505093,0.005155985528127821,0.006150162255141117,0.007607151184319094,0.007365553703523403,0.0693667443029326,0.2098612866511269
1391,2016-02-17,0.2090927816324688,0.2150536446827163,0.2137507355652468,0.2136517089761916,0.0744815397603897,0.003704332468509791,0.005192358031589378,0.003203028541617997,0.0049103762980979015,-0.05227472069011961,0.2150536446827163
1392,2016-02-18,0.2141487002411213,0.2134217243194671,0.2157162330805895,0.2161355308014891,0.0661309873821905,0.005055918608652482,-0.0016319203632491897,0.0019654975153426957,0.002483821825297494,-0.008350552378199191,0.2134217243194671
1393,2016-02-19,0.2117759785504622,0.2154044021896066,0.2150600587498539,0.2151038174222058,0.0667781387663389,-0.00237272169065908,0.0019826778701395043,-0.0006561743307355872,-0.0010317133792832889,0.0006471513841483922,0.2154044021896066
1394,2016-02-22,0.2154612432184146,0.2189631407029649,0.2190978053995334,0.2196431958482938,0.0732956430615188,0.0036852646679523815,0.003558738513358306,0.004037746649679513,0.004539378426088009,0.006517504295179902,0.2189631407029649
1395,2016-02-23,0.2160166385925272,0.214845262203685,0.2185931765067748,0.2176314973370209,0.0520414833892336,0.0005553953741126161,-0.0041178784992799145,-0.000504628892758624,-0.002011698511272919,-0.021254159672285194,0.214845262203685
1396,2016-02-24,0.2097566810279758,0.222064334538695,0.2221261196992113,0.2142269139442502,0.1284480521400343,-0.006259957564551416,0.007219072335010013,0.0035329431924365218,-0.0034045833927706937,0.0764065687508007,0.222064334538695
1397,2016-02-25,0.2214687851958471,0.2227253058266573,0.2216719330887722,0.2222224562187723,0.0583290354159343,0.011712104167871301,0.0006609712879623031,-0.00045418661043911124,0.007995542274522094,-0.0701190167241,0.2227253058266573
1398,2016-02-26,0.2223269476549347,0.228165008904988,0.2268704775782047,0.2262459170441867,0.0846947055132699,0.0008581624590875969,0.005439703078330693,0.005198544489432494,0.00402346082541441,0.026365670097335592,0.228165008904988
1399,2016-02-29,0.2255578900304461,0.2261823310348486,0.228031361900074,0.2282577131042221,0.0949834270115074,0.003230942375511414,-0.0019826778701393932,0.00116088432186931,0.0020117960600354035,0.010288721498237507,0.2261823310348486
1400,2016-03-01,0.2251539240014549,0.2298934743103342,0.2284855139671948,0.2273807062777099,0.0968821757426637,-0.00040396602899120393,0.003711143275485579,0.00045415206712079437,-0.0008770068265122055,0.001898748731156294,0.2298934743103342
1401,2016-03-02,0.226668520595765,0.2325371942665602,0.2314129589685259,0.2309916401509481,0.0821520904303721,0.001514596594310108,0.002643719956226004,0.0029274450013311026,0.0036109338732382146,-0.0147300853122916,0.2325371942665602
1402,2016-03-03,0.2311614585201496,0.2344690154841161,0.2329775468847877,0.2346540517068596,0.0544428420786371,0.004492937924384599,0.001931821217555918,0.0015645879162617948,0.003662411555911488,-0.027709248351734994,0.2344690154841161
1403,2016-03-04,0.2331808524658848,0.2380786814481822,0.2388323572392838,0.2367690693603533,0.0959722217659677,0.002019393945735193,0.003609665964066089,0.005854810354496115,0.0021150176534937004,0.0415293796873306,0.2380786814481822
1404,2016-03-07,0.2365631296867378,0.2426032479725069,0.2417091518135651,0.2414630888694766,0.0933540509377125,0.0033822772208529917,0.004524566524324702,0.0028767945742812773,0.004694019509123293,-0.0026181708282552035,0.2426032479725069
1405,2016-03-08,0.2386834207299234,0.2372651638018441,0.2406997295144322,0.240328258489913,0.076124055963812,0.002120291043185618,-0.00533808417066281,-0.001009422299132895,-0.001134830379563606,-0.0172299949739005,0.2372651638018441
1406,2016-03-09,0.2374213731131755,0.241535659457624,0.2397912632264531,0.2411020479644903,0.0792809721067898,-0.0012620476167479189,0.004270495655779916,-0.0009084662879790817,0.0007737894745773188,0.003156916142977806,0.241535659457624
1407,2016-03-10,0.2400968684056185,0.2394511502854438,0.2412548330764418,0.2401218308780853,0.0670278012292591,0.002675495292443014,-0.002084509172180199,0.0014635698499886884,-0.0009802170864049997,-0.012253170877530709,0.2394511502854438
1408,2016-03-11,0.2402988362896102,0.2471278852949558,0.2458478110511004,0.2441454195949601,0.0722378626265148,0.0002019678839917105,0.007676735009511992,0.004592977974658602,0.004023588716874804,0.0052100613972557025,0.2471278852949558
1409,2016-03-14,0.2453471571588279,0.2445351163888123,0.245343127240724,0.2465698636676254,0.0540946286435115,0.005048320869217693,-0.002592768906143489,-0.0005046838103764106,0.0024244440726652883,-0.0181432339830033,0.2445351163888123
1410,2016-03-15,0.2409046450221307,0.2444842597362288,0.2427185684001248,0.2439390797319785,0.0646330126046693,-0.004442512136697219,-5.0856652583503026e-05,-0.0026245588405992004,-0.002630783935646891,0.010538383961157805,0.2444842597362288
1411,2016-03-16,0.2422171881478309,0.2441792142182268,0.2438289475609928,0.2444549031925326,0.0739822148345493,0.0013125431257001996,-0.0003050455180020062,0.001110379160868008,0.0005158234605540934,0.009349202229879991,0.2441792142182268
1412,2016-03-17,0.2423181973966343,0.246212819539074,0.2447374817388331,0.245280282309318,0.0886728797579588,0.00010100924880340756,0.002033605320847204,0.0009085341778403144,0.0008253791167854019,0.014690664923409508,0.246212819539074
1413,2016-03-18,0.2446404104999253,0.24966986834664,0.2485733272950285,0.2485300598663395,0.1603227215836484,0.0023222131032910043,0.0034570488075660044,0.0038358455561953997,0.0032497775570214937,0.0716498418256896,0.24966986834664
1414,2016-03-21,0.2468112041295183,0.2478396896361269,0.2472610954199338,0.2486848296179165,0.0709829802471001,0.002170793629592993,-0.0018301787105131084,-0.001312231875094716,0.00015476975157699413,-0.0893397413365483,0.2478396896361269
1415,2016-03-22,0.2445899048673243,0.2456027285030699,0.2468572558744734,0.2482721139012545,0.0601095229804442,-0.0022212992621939986,-0.0022369611330569916,-0.00040383954546038825,-0.0004127157166619877,-0.010873457266655909,0.2456027285030699
1416,2016-03-23,0.2441861540357828,0.2438234772432645,0.2450403927810274,0.2470342210874755,0.0450575044922818,-0.00040375083154148284,-0.0017792512598054089,-0.0018168630934460028,-0.0012378928137790068,-0.0150520184881624,0.2438234772432645
1417,2016-03-24,0.2401474746100164,0.2446368532933541,0.2436271438751311,0.2441455019528114,0.0388685034377864,-0.004038679425766412,0.0008133760500896037,-0.0014132489058963082,-0.0028887191346640972,-0.006189001054495394,0.2446368532933541
1418,2016-03-28,0.2440850658920473,0.2440775481118093,0.2442832079511818,0.2473436087479265,0.054656369185082,0.003937591282030889,-0.0005593051815448169,0.0006560640760507053,0.003198106795115091,0.0157878657472956,0.2440775481118093
1419,2016-03-29,0.2413590360945875,0.2481447115547541,0.2469077570452111,0.2455897994345231,0.0571956992355729,-0.0027260297974597836,0.0040671634429448045,0.002624549094029288,-0.0017538093134033816,0.0025393300504908956,0.2481447115547541
1420,2016-03-30,0.2475684264749977,0.2482972107143804,0.2497341701582158,0.2515218968085795,0.0566076784347477,0.006209390380410185,0.00015249915962631255,0.0028264131130047165,0.005932097374056394,-0.0005880208008251994,0.2482972107143804
1421,2016-03-31,0.2465587572365327,0.2450435177190241,0.246503975598051,0.2484784540392869,0.0915965586000505,-0.0010096692384649886,-0.0032536929953563,-0.0032301945601647952,-0.003043442769292609,0.034988880165302806,0.2450435177190241
1422,2016-04-01,0.2418638976387499,0.2454502765421931,0.2439299826885855,0.2452287556062666,0.0699744752981988,-0.004694859597782791,0.0004067588231689845,-0.0025739929094655,-0.0032496984330202816,-0.02162208330185171,0.2454502765421931
1423,2016-04-04,0.2432268706024173,0.2459586070742807,0.2453431154799458,0.2467761911780169,0.0754998998065115,0.001362972963667386,0.0005083305320875975,0.0014131327913602942,0.0015474355717502997,0.005525424508312712,0.2459586070742807
1424,2016-04-05,0.2423182270290212,0.2473313119052898,0.2487752476092521,0.2470341576235557,0.1238161564463833,-0.0009086435733960951,0.001372704831009125,0.0034321321293062923,0.00025796644553879866,0.048316256639871796,0.2473313119052898
1425,2016-04-06,0.2450947325939873,0.2472804080539568,0.2469077250945419,0.2451255140043376,0.1645275630644096,0.002776505564966114,-5.090385133302289e-05,-0.0018675225147102015,-0.0019086436192181089,0.0407114066180263,0.2472804080539568
1426,2016-04-07,0.2447918820551344,0.2434166948207207,0.2447374929896787,0.246569885054731,0.0770241548432875,-0.00030285053885290014,-0.003863713233236088,-0.0021702321048631956,0.0014443710503933838,-0.0875034082211221,0.2434166948207207
1427,2016-04-08,0.24332786985611,0.2463145092448662,0.2463525854878099,0.2481689837925615,0.0619984166143799,-0.0014640121990244226,0.002897814424145495,0.0016150924981311876,0.0015990987378305122,-0.015025738228907605,0.2463145092448662
1428,2016-04-11,0.2462558969191267,0.2460603439788224,0.2479172227876407,0.2495101760004865,0.0660127262155441,0.0029280270630167027,-0.00025416526604379874,0.0015646372998308067,0.0013411922079250016,0.004014309601164202,0.2460603439788224
1429,2016-04-12,0.2452461581771202,0.2455518482511117,0.2456963777658623,0.2472919812452802,0.0482144206352595,-0.001009738742006494,-0.000508495727710695,-0.0022208450217783837,-0.002218194755206293,-0.017798305580284605,0.2455518482511117
1430,2016-04-13,0.2442365831227967,0.2502291263294354,0.248573354035496,0.249252254726129,0.0382673425073338,-0.0010095750543235027,0.004677278078323688,0.00287697626963368,0.00196027348084879,-0.009947078127925696,0.2502291263294354
1431,2016-04-14,0.2479216952113541,0.2504831735986054,0.2496331131812932,0.2510059563252845,0.0558324107867324,0.003685112088557402,0.0002540472691699991,0.001059759145797201,0.0017537015991554994,0.017565068279398598,0.2504831735986054
1432,2016-04-15,0.2482751228207357,0.2478904282918366,0.2483209055981061,0.2507996661731508,0.0858083314991902,0.00035342760938159024,-0.0025927453067687845,-0.0013122075831870916,-0.0002062901521336924,0.029975920712457804,0.2478904282918366
1433,2016-04-18,0.2457006415399175,0.2486023506298814,0.2475639828630921,0.2502324055735251,0.0736668517234922,-0.0025744812808181916,0.0007119223380447903,-0.0007569227350139873,-0.0005672605996256963,-0.012141479775698003,0.2486023506298814
1434,2016-04-19,0.2477703598088099,0.2466703642167023,0.2487752108888603,0.2497164735870457,0.0679279001087345,0.0020697182688924065,-0.0019319864131790987,0.001211228025768174,-0.0005159319864793954,-0.005738951614757695,0.2466703642167023
1435,2016-04-20,0.2446403462694618,0.252110067295033,0.2509454394246495,0.2493553321190841,0.0744026989826254,-0.0031300135393481088,0.005439703078330693,0.002170228535789187,-0.00036114146796162316,0.006474798873890894,0.252110067295033
1436,2016-04-21,0.2497391796547202,0.2512966912449434,0.2523586872985929,0.254616912139162,0.0634306907437641,0.005098833385258406,-0.0008133760500895759,0.001413247873943424,0.0052615800200778995,-0.010972008238861297,0.2512966912449434
1437,2016-04-22,0.2492848631246502,0.2527202055297866,0.255084197285721,0.2546685186256433,0.0688641343446853,-0.00045431653006999806,0.0014235142848431637,0.0027255099871281163,5.160648648133703e-05,0.005433443600921198,0.2527202055297866
1438,2016-04-25,0.2508498305923202,0.2520084719867398,0.2518035342990363,0.2553391198698191,0.0512892109680662,0.0015649674676699865,-0.0007117335430467664,-0.0032806629866847237,0.0006706012441757836,-0.017574923376619103,0.2520084719867398
1439,2016-04-26,0.2512031838062573,0.2546012408928833,0.2557907803468378,0.2560612614885887,0.0884724927811412,0.00035335321393709096,0.002592768906143461,0.003987246047801485,0.0007221416187696006,0.037183281813074995,0.2546012408928833
1440,2016-04-27,0.2506479317335617,0.2559230890713089,0.2549832783151724,0.2544106310335334,0.0765872455331771,-0.0005552520726955779,0.001321848178425622,-0.0008075020316653525,-0.001650630455055313,-0.011885247247964095,0.2559230890713089
1441,2016-04-28,0.2524148279143677,0.2517034500681125,0.255588934002582,0.2548233098836078,0.0986002476914434,0.001766896180805999,-0.004219639003196385,0.0006056556874095564,0.0004126788500743994,0.022013002158266307,0.2517034500681125
1442,2016-04-29,0.2490828922689417,0.2470262191885383,0.2490275498057122,0.2482721216569414,0.0761010607369641,-0.0033319356454259985,-0.0046772308795742235,-0.006561384196869774,-0.0065511882266663934,-0.022499186954479306,0.2470262191885383
1443,2016-05-02,0.2466596787216728,0.2508899324217744,0.2494817617156777,0.2495100837861778,0.0562956003560975,-0.0024232135472689043,0.003863713233236088,0.00045421190996550176,0.0012379621292364085,-0.0198054603808666,0.2508899324217744
1444,2016-05-03,0.2477197558187703,0.2480937369052969,0.2479675534601335,0.2505416997765302,0.0696164067658527,0.0010600770970974893,-0.0027961955164774732,-0.0015142082555442138,0.0010316159903523692,0.013320806409755206,0.2480937369052969
1445,2016-05-04,0.2449432831772426,0.2461619392871157,0.2468572550567265,0.2489426863612698,0.0645574568593119,-0.002776472641527694,-0.0019317976181812135,-0.001110298403406984,-0.0015990134152603919,-0.005058949906540808,0.2461619392871157
1446,2016-05-05,0.2465082983071238,0.2431116493027187,0.2464535278798554,0.2434748683001033,0.0919579121648035,0.0015650151298812198,-0.003050289984396992,-0.0004037271768711215,-0.005467818061166502,0.02740045530549161,0.2431116493027187
1447,2016-05-06,0.2395921085102438,0.2437725497925567,0.2420119985013895,0.2428042645580525,0.0818728626757903,-0.0069161897968800234,0.0006609004898379955,-0.004441529378465897,-0.0006706037420507738,-0.010085049489013204,0.2437725497925567
1448,2016-05-09,0.2417123944919082,0.2418406577768766,0.2432233012154855,0.2450223549840493,0.048585629297233,0.002120285981664416,-0.0019318920156800867,0.001211302714096002,0.0022180904259967993,-0.0332872333785573,0.2418406577768766
1449,2016-05-10,0.2413590806191991,0.2457553220601952,0.244081396791594,0.2452803356498784,0.0507931710746326,-0.0003533138727090934,0.003914664283318603,0.0008580955761084974,0.0002579806658290773,0.0022075417773995964,0.2457553220601952
1450,2016-05-11,0.242621075486106,0.2456535615562787,0.2464534947010254,0.2471372700036047,0.0386615463961552,0.0012619948669068959,-0.00010176050391649816,0.0023720979094314087,0.0018569343537263028,-0.0121316246784774,0.2456535615562787
1451,2016-05-12,0.2442870763494953,0.2406205937017422,0.2455955390285219,0.2434749087309501,0.0759433791814356,0.0016660008633893053,-0.005032967854536496,-0.0008579556725034909,-0.003662361272654596,0.0372818327852804,0.2406205937017422
1452,2016-05-13,0.2390368348760389,0.2397563138003196,0.2412549570574647,0.2423400534242417,0.0832460062218513,-0.005250241473456402,-0.0008642799014226266,-0.004340581971057217,-0.0011348553067083988,0.0073026270404157045,0.2397563138003196
1453,2016-05-16,0.238027149173344,0.2437725497925567,0.2440308565605924,0.2425979252136881,0.0548633262267132,-0.0010096857026949124,0.004016235992237105,0.0027758995031277045,0.00025787178944639,-0.028382679995138098,0.2437725497925567
1454,2016-05-17,0.2424191997019902,0.2429083170898837,0.2433242940978884,0.2456414008618209,0.0498700769683092,0.004392050528646191,-0.0008642327026729957,-0.0007065624627040079,0.003043475648132815,-0.004993249258403998,0.2429083170898837
1455,2016-05-18,0.2400464408704651,0.2457044182088622,0.2459487726913153,0.2452802623085064,0.0570117374207896,-0.0023727588315251014,0.0027961011189785168,0.0026244785934269044,-0.0003611385533144884,0.0071416604524803945,0.2457044182088622
1456,2016-05-19,0.2416953642470911,0.2440141601912342,0.2442350310567901,0.2449902426703192,0.0380702405629231,0.0016489233766260047,-0.0016902580176280102,-0.001713741634525201,-0.0002900196381872,-0.018941496857866495,0.2440141601912342
1457,2016-05-20,0.2437298474765115,0.2500581960581303,0.2492692634899068,0.2490439795927276,0.0574585018281205,0.002034483229420403,0.006044035866896086,0.005034232433116709,0.004053736922408374,0.019388261265197396,0.2500581960581303
1458,2016-05-23,0.2477478927227692,0.2502630386309493,0.2513540900596891,0.2529417439162605,0.0450246541682133,0.0040180452462577065,0.00020484257281899731,0.0020848265697823165,0.0038977643235329207,-0.012433847659907196,0.2502630386309493
1459,2016-05-24,0.2494770962461282,0.2558971769578348,0.2548626674375787,0.2548125938711187,0.0664266402988065,0.0017292035233590075,0.005634138326885529,0.0035085773778895657,0.0018708499548582003,0.0214019861305932,0.2558971769578348
1460,2016-05-25,0.2549702614020968,0.2569728836576312,0.2572527296476293,0.2601136967542616,0.0669062550302058,0.005493165155968566,0.001075706699796397,0.002390062210050614,0.005301102883142894,0.00047961473139929156,0.2569728836576312
1461,2016-05-26,0.254665090893986,0.2594827007615329,0.2580155024893659,0.2602176481716876,0.057977536948402,-0.00030517050811079693,0.0025098171039016903,0.000762772841736592,0.00010395141742597369,-0.008928718081803795,0.2594827007615329
1462,2016-05-27,0.2581745936410798,0.2611730295772851,0.2595919008752653,0.262504400409926,0.0491013793851076,0.003509502747093829,0.0016903288157522067,0.0015763983858994024,0.002286752238238432,-0.0088761575632944,0.2611730295772851
1463,2016-05-31,0.2600563942552049,0.2647071303434058,0.2631004972693972,0.2616208053387049,0.0854042725131483,0.0018818006141250732,0.003534100766120707,0.0035085963941319243,-0.0008835950712210994,0.036302893128040706,0.2647071303434058
1464,2016-06-01,0.2613279397972636,0.2648607858723947,0.2633038850477572,0.2658304445394041,0.0465094888161071,0.0012715455420587163,0.00015365552898888302,0.0002033877783599869,0.004209639200699167,-0.038894783697041205,0.2648607858723947
1465,2016-06-02,0.2621417540431685,0.264912043714349,0.2641175186797239,0.2675454960487342,0.0544724073702987,0.0008138142459048758,5.125784195431082e-05,0.0008136336319666815,0.001715051509330101,0.007962918554191602,0.264912043714349
1466,2016-06-03,0.2629555710814384,0.2653730575000653,0.2643718157958282,0.2667659758017225,0.0580859430178278,0.0008138170382699372,0.00046101378571627993,0.0002542971161043073,-0.0007795202470116669,0.003613535647529101,0.2653730575000653
1467,2016-06-06,0.2634641752473904,0.2651169334859174,0.2654396656356808,0.2688447884187831,0.0607008288136762,0.000508604165951998,-0.0002561240141478738,0.001067849839852586,0.0020788126170606103,0.0026148857958483984,0.2651169334859174
1468,2016-06-07,0.2640237226886747,0.2704951601930278,0.2692026581900284,0.2696244236782877,0.0691597872613013,0.0005595474412842805,0.005378226707110356,0.003762992554347644,0.0007796352595045852,0.0084589584476251,0.2704951601930278
1469,2016-06-08,0.2690590156819477,0.2714170933669615,0.2703721816739592,0.2730544579505415,0.0545840984721314,0.005035292993272988,0.0009219331739337422,0.00116952348393079,0.0034300342722538013,-0.0145756887891699,0.2714170933669615
1470,2016-06-09,0.2684486691306155,0.2702902468220846,0.2684907272460152,0.2696243968302285,0.0515125931717316,-0.000610346551332186,-0.001126846544876936,-0.0018814544279440182,-0.0034300611203130216,-0.0030715053003998044,0.2702902468220846
1471,2016-06-10,0.2662107955333937,0.2676268213879434,0.2678805661269544,0.2704559685077241,0.0942508647847811,-0.0022378735972217734,-0.0026634254341411645,-0.0006101611190608147,0.0008315716774955906,0.04273827161304951,0.2676268213879434
1472,2016-06-13,0.264532208711102,0.2658851875314875,0.2666091646624055,0.2694164090464302,0.0470679443252707,-0.0016785868222917166,-0.0017416338564559264,-0.0012714014645489047,-0.0010395594612938597,-0.047182920459510405,0.2658851875314875
1473,2016-06-14,0.2627013113058146,0.2673706973737955,0.2658973732050386,0.267441627769733,0.0548830364211542,-0.0018308974052874127,0.001485509842307997,-0.0007117914573668838,-0.0019747812766972017,0.007815092095883498,0.2673706973737955
1474,2016-06-15,0.2662106910263652,0.2668584021467501,0.266761743650956,0.2691565932258943,0.0515848638846822,0.0035093797205505983,-0.0005122952270453784,0.0008643704459174173,0.0017149654561612881,-0.0032981725364720008,0.2668584021467501
1475,2016-06-16,0.2636676452505852,0.2666023489307265,0.2650328704431817,0.2661943061732598,0.0618505901560718,-0.002543045775779962,-0.00025605321602362174,-0.0017288732077743174,-0.0029622870526345157,0.010265726271389601,0.2666023489307265
1476,2016-06-17,0.2642780024745869,0.2622998525227873,0.264219283886967,0.2650509637690271,0.1207052307571014,0.0006103572240016564,-0.004302496407939171,-0.0008135865562146627,-0.0011433424042326945,0.05885464060102961,0.2622998525227873
1477,2016-06-20,0.2637184173150113,0.265680297759919,0.265948099336975,0.2680131927664156,0.0579414015919267,-0.0005595851595756041,0.003380445237131713,0.00172881545000797,0.0029622289973885163,-0.0627638291651747,0.265680297759919
1478,2016-06-21,0.26463393463762,0.2658851875314875,0.2652870408411701,0.2686368397498479,0.0458919027236203,0.0009155173226087499,0.00020488977156846166,-0.0006610584958048893,0.0006236469834323133,-0.012049498868306398,0.2658851875314875
1479,2016-06-22,0.2637693213434214,0.2642461637564389,0.26569388232136,0.2673895810274893,0.049262345973043,-0.000864613294198624,-0.001639023775048598,0.000406841480189879,-0.0012472587223586462,0.0033704432494226985,0.2642461637564389
1480,2016-06-23,0.2639220201718679,0.2706488393213915,0.2687958879891375,0.2689488218627776,0.0496532648294575,0.00015269882844648475,0.006402675564952609,0.0031020056677775187,0.0015592408352883003,0.00039091885641449886,0.2706488393213915
1481,2016-06-24,0.257869357095039,0.2585094861462702,0.2627445481714298,0.2607373141944236,0.1037084730840869,-0.00605266307682889,-0.012139353175121326,-0.006051339817707724,-0.00821150766835399,0.0540552082546294,0.2585094861462702
1482,2016-06-27,0.2537495442323223,0.2465239064970117,0.2542525235648972,0.2484722308591206,0.1061426820975589,-0.004119812862716676,-0.011985579649258477,-0.008492024606532589,-0.01226508333530299,0.002434209013471994,0.2465239064970117
1483,2016-06-28,0.2481547793724308,0.252824042778681,0.2519134313746052,0.2526299144774409,0.0649319505536922,-0.005594764859891521,0.006300136281669283,-0.0023390921902919914,0.004157683618320279,-0.04121073154386669,0.252824042778681
1484,2016-06-29,0.2525797483787169,0.2545655350388884,0.2543542504093025,0.2566316629728905,0.089894911813305,0.004424969006286084,0.0017414922602074223,0.0024408190346972836,0.004001748495449597,0.024962961259612795,0.2545655350388884
1485,2016-06-30,0.2531901208978959,0.259994925190454,0.2583714822799489,0.2572553434618947,0.11028510796259,0.0006103725191790033,0.005429390151565572,0.004017231870646398,0.0006236804890042413,0.020390196149285,0.259994925190454
1486,2016-07-01,0.2573098914047248,0.2582533857314971,0.2579137830624618,0.2600617259925669,0.0476625351909096,0.004119770506828935,-0.0017415394589568867,-0.000457699217487062,0.002806382530672169,-0.0626225727716804,0.2582533857314971
1487,2016-07-05,0.2551228701896577,0.255282649239378,0.2550661857343992,0.2566316944619705,0.0705460709369898,-0.002187021215067142,-0.002970736492119097,-0.002847597328062612,-0.0034300315305964,0.022883535746080194,0.255282649239378
1488,2016-07-06,0.2522745355161279,0.2534898755378415,0.252828703912648,0.2545008269101097,0.0825725745784482,-0.0028483346735297954,-0.0017927737015364653,-0.0022374818217512082,-0.00213086755186076,0.012026503641458408,0.2534898755378415
1489,2016-07-07,0.2526306434203741,0.2581510116438371,0.264575238009489,0.258138842886465,0.0643143644612054,0.00035610790424622785,0.004661136105995556,0.01174653409684101,0.003638015976355269,-0.018258210117242796,0.2581510116438371
1490,2016-07-08,0.2587339633930504,0.265680297759919,0.2640666363517568,0.26385553616366,0.0512793558708456,0.006103319972676269,0.007529286116081946,-0.0005086016577321995,0.005716693277194984,-0.013035008590359803,0.265680297759919
1491,2016-07-11,0.2675331044684567,0.2681389278199907,0.267473662646251,0.269832214051968,0.072254287788549,0.008799141075406303,0.002458630060071687,0.0034070262944941865,0.005976677888308024,0.0209749319177034,0.2681389278199907
1492,2016-07-12,0.2679400758197847,0.2719805284390873,0.2706264763374806,0.27378207250947,0.0600142570406457,0.00040697135132800044,0.003841600619096608,0.0031528136912296056,0.003949858457502009,-0.012240030747903308,0.2719805284390873
1493,2016-07-13,0.2712969186706958,0.272748806084032,0.2731181041593557,0.2761726864159996,0.0584275863881397,0.0033568428509110904,0.0007682776449446926,0.0024916278218751198,0.002390613906529615,-0.001586670652505999,0.272748806084032
1494,2016-07-14,0.2736365794275496,0.2745927668293985,0.2747962024658295,0.2774200159550519,0.0497353906396286,0.002339660756853823,0.0018439607453664686,0.001678098306473752,0.0012473295390522665,-0.0086921957485111,0.2745927668293985
1495,2016-07-15,0.2731787612597801,0.2754122315181733,0.2744401890862154,0.2774719160248486,0.1920068591476655,-0.0004578181677695192,0.0008194646887748069,-0.0003560133796140508,5.1900069796717574e-05,0.1422714685080369,0.2754122315181733
1496,2016-07-18,0.2777054994385082,0.2767952256765728,0.2779997495081147,0.2799665511903595,0.0510723988292144,0.004526738178728118,0.0013829941583994865,0.003559560421899255,0.0024946351655109056,-0.14093446031845108,0.2767952256765728
1497,2016-07-19,0.2735856834577792,0.2751049204601953,0.2743385042245828,0.2777837664683356,0.0440555696081941,-0.004119815980728969,-0.0016903052163774746,-0.0036612452835319,-0.002182784722023934,-0.0070168292210202945,0.2751049204601953
1498,2016-07-20,0.2743994866308318,0.2783318281652118,0.277236996866767,0.2787712191695046,0.048966693056427,0.0008138031730525741,0.0032269077050164907,0.002898492642184225,0.0009874527011690115,0.004911123448232899,0.2783318281652118
1499,2016-07-21,0.2754166936934741,0.2755658870471622,0.2762708109247732,0.2787192236398743,0.056453281911626,0.0010172070626423002,-0.0027659411180496196,-0.0009661859419938246,-5.1995529630310955e-05,0.007486588855198997,0.2755658870471622
1500,2016-07-22,0.2741959759961221,0.2774610112369838,0.2757114263196725,0.2771600785581743,0.0530828386622034,-0.0012207176973519918,0.0018951241898216287,-0.0005593846051006879,-0.0015591450816999641,-0.0033704432494225944,0.2774610112369838
1501,2016-07-25,0.273026142033865,0.2779732120665302,0.2772877643903571,0.2789790321085554,0.0569657469670938,-0.0011698339622571163,0.0005122008295463942,0.0015763380706846353,0.001818953550381086,0.003882908304890395,0.2779732120665302
1502,2016-07-26,0.2784684404142678,0.2936979710484758,0.2986959328943849,0.2822532839904896,0.2036424439327094,0.005442298380402832,0.015724758981945586,0.02140816850402777,0.003274251881934198,0.14667669696561558,0.2936979710484758
1503,2016-07-27,0.292658901610918,0.2923662583314053,0.2925938772154099,0.2929072988144354,0.105863454342977,0.014190461196650184,-0.001331712717070499,-0.0061020556789749825,0.01065401482394579,-0.09777898958973238,0.2923662583314053
1504,2016-07-28,0.2899123324046553,0.2903686184576751,0.2914242911098836,0.2925434783125692,0.0548206208054242,-0.0027465692062627056,-0.001997639873730195,-0.0011695861055263101,-0.00036382050186617443,-0.051042833537552804,0.2903686184576751
1505,2016-07-29,0.2890986491440209,0.2849905805455628,0.2895429133281333,0.2891654752167207,0.1222689061827595,-0.0008136832606344124,-0.005378037912112277,-0.001881377781750293,-0.003378003095848514,0.0674482853773353,0.2849905805455628
1506,2016-08-01,0.2850295537007569,0.285861185079418,0.2859832383743519,0.2887495643770195,0.0709271346961837,-0.004069095443264004,0.0008706045338551793,-0.0035596749537814,-0.0004159108397012168,-0.0513417714865758,0.285861185079418
1507,2016-08-02,0.2826899104423446,0.2816098757153088,0.283491550234197,0.2832926134932071,0.0595576375360942,-0.002339643258412294,-0.004251309364109168,-0.002491688140154935,-0.005456950883812373,-0.011369497160089496,0.2816098757153088
1508,2016-08-03,0.2792822293426675,0.28340267301622,0.2816101574539926,0.2849037854400338,0.0520611935836747,-0.0034076810996770956,0.0017927973009111975,-0.0018813927802043828,0.001611171946826695,-0.007496443952419503,0.28340267301622
1509,2016-08-04,0.2817744894828695,0.2855539448195643,0.2838984573117298,0.2876582532617452,0.0587232393047557,0.002492260140201985,0.00215127180334429,0.0022882998577372082,0.002754467821711404,0.006662045721081006,0.2855539448195643
1510,2016-08-05,0.2846736135493361,0.2897028092978893,0.2876613867700746,0.2902048320772495,0.0657827739470649,0.0028991240664666407,0.004148864478324965,0.003762929458344777,0.0025465788155042968,0.007059534642309198,0.2897028092978893
1511,2016-08-08,0.2878778277465763,0.2900612838003225,0.2905089557305164,0.2937387787956066,0.0641632529704905,0.0032042141972401517,0.00035847450243320367,0.002847568960441804,0.003533946718357106,-0.001619520976574404,0.2900612838003225
1512,2016-08-09,0.3032890188479525,0.3105495057771741,0.3151206541308342,0.3090182281342773,0.2703745922453525,0.015411191101376231,0.02048822197685163,0.024611698400317794,0.015279449338670703,0.206211339274862,0.3105495057771741
1513,2016-08-10,0.3082734082241607,0.3091152537768203,0.3094253157802875,0.3127600630310378,0.1163624179152527,0.004984389376208209,-0.0014342520003537973,-0.005695338350546697,0.0037418348967604986,-0.15401217433009978,0.3091152537768203
1514,2016-08-11,0.3070527666713388,0.3112665727789142,0.309476227869439,0.3126561703651611,0.0845764443466234,-0.0012206415528219217,0.0021513190020938655,5.091208915153356e-05,-0.00010389266587673696,-0.031785973568629305,0.3112665727789142
1515,2016-08-12,0.3129018889968434,0.3099348364624688,0.3128323669147426,0.3133318019109273,0.048309686575058,0.005849122325504608,-0.0013317363164453977,0.0033561390453035744,0.0006756315457662199,-0.0362667577715654,0.3099348364624688
1516,2016-08-15,0.3091381478782865,0.3135203130674174,0.3115611461198034,0.3145791318601094,0.0780392298570025,-0.003763741118556929,0.003585476604948623,-0.0012712207949391874,0.0012473299491820855,0.0297295432819445,0.3135203130674174
1517,2016-08-16,0.3096975648747667,0.311573883836892,0.3116119215472541,0.3148908964249183,0.0459116129180614,0.0005594169964802109,-0.0019464292305254038,5.077542745068886e-05,0.000311764564808914,-0.032127616938941096,0.311573883836892
1518,2016-08-17,0.3090364085874357,0.3121885767509721,0.3101881663496618,0.3133837927671097,0.0367036670816757,-0.0006611562873309884,0.0006146929140801172,-0.0014237551975923024,-0.001507103657808595,-0.009207945836385699,0.3121885767509721
1519,2016-08-18,0.3110260622846181,0.3154861409839863,0.3136680411272433,0.3162913665285902,0.0570544428420786,0.001989653697182403,0.003297564233014194,0.003479874777581493,0.0029075737614804864,0.020350775760402895,0.3154861409839863
1520,2016-08-19,0.3135842137312937,0.3158467630295216,0.3162256237642455,0.3191666883311047,0.0560327977635499,0.002558151446675594,0.0003606220455352749,0.0025575826370022314,0.0028753218025144855,-0.001021645078528699,0.3158467630295216
1521,2016-08-22,0.3118445588975462,0.3156921163267931,0.3137190770670371,0.3184869690977204,0.0405635801597182,-0.0017396548337474949,-0.00015464670272846703,-0.0025065466972084005,-0.0006797192333842794,-0.0154692176038317,0.3156921163267931
1522,2016-08-23,0.3150168325616908,0.31636205537716,0.3166860313194655,0.3208396659836329,0.0571891291707592,0.003172273664144576,0.0006699390503668856,0.0029669542524283776,0.0023526968859124975,0.016625549011040998,0.31636205537716
1523,2016-08-24,0.3128679306434045,0.3144040860523825,0.3143329914758239,0.3182779555254396,0.0478760622973545,-0.002148901918286261,-0.0019579693247774865,-0.0023530398436416022,-0.0025617104581933114,-0.009313066873404698,0.3144040860523825
1524,2016-08-25,0.3123051573986159,0.3149708958350974,0.315253774912126,0.3183825516873901,0.0581582137307784,-0.0005627732447885947,0.0005668097827148944,0.0009207834363020861,0.0001045961619505209,0.010282151433423904,0.3149708958350974
1525,2016-08-26,0.3132261311856812,0.3172895344041597,0.3183741098286902,0.3198986642469046,0.0504909480932029,0.0009209737870652934,0.0023186385690622813,0.003120334916564216,0.0015161125595145042,-0.007667265637575506,0.3172895344041597
1526,2016-08-29,0.3155284990452891,0.3173925692743126,0.3171464402408752,0.3218330252569674,0.0366741017900141,0.0023023678596079122,0.00010303487015289603,-0.0012276695878150057,0.0019343610100627795,-0.013816846303188794,0.3173925692743126
1527,2016-08-30,0.3160401246369841,0.3165166312817641,0.3183740859579155,0.3202123248207448,0.049810946384986,0.0005116255916949863,-0.0008759379925484811,0.0012276457170403154,-0.0016207004362225885,0.0131368445949719,0.3165166312817641
1528,2016-08-31,0.3150168215924301,0.3189897985566811,0.3170952508130832,0.3196895180504793,0.0743961289178117,-0.0010233030445540026,0.0024731672749169764,-0.001278835144832291,-0.0005228067702655048,0.02458518253282569,0.3189897985566811
1529,2016-09-01,0.317728496469194,0.3235754874616049,0.3212385908638322,0.3218329675438343,0.1121083009483888,0.002711674876763881,0.004585688904923835,0.0041433400507490115,0.0021434494933549875,0.03771217203057711,0.3235754874616049
1530,2016-09-02,0.321002952006007,0.3230086540795153,0.3222615898701769,0.3255447530565045,0.0612987047117219,0.0032744555368129924,-0.0005668333820896265,0.0010229990063446714,0.003711785512670207,-0.05080959623666691,0.3230086540795153
1531,2016-09-06,0.3213611840111538,0.3208447094119309,0.3228243579065484,0.3231399846277835,0.090509212873385,0.0003582320051468413,-0.0021639446675844054,0.0005627680363715082,-0.0024047684287210047,0.029210508161663096,0.3208447094119309
1532,2016-09-07,0.3145563521623553,0.313167502414924,0.3164302684779746,0.3165527399858633,0.1662587751428167,-0.006804831848798543,-0.007677206997006858,-0.006394089428573779,-0.006587244641920176,0.0757495622694317,0.313167502414924
1533,2016-09-08,0.3108725485200502,0.3125492223958822,0.3117753901168163,0.3152457626843892,0.0575439126706985,-0.0036838036423050835,-0.0006182800190418503,-0.004654878361158299,-0.0013069773014741104,-0.1087148624721182,0.3125492223958822
1534,2016-09-09,0.3078026752433868,0.3015228865320351,0.3088596504709984,0.3048943717602659,0.0968033349648994,-0.003069873276663415,-0.011026335863847103,-0.0029157396458179274,-0.010351390924123294,0.0392594222942009,0.3015228865320351
1535,2016-09-12,0.2986955196246942,0.308427237605396,0.3068647331441085,0.3040056611109705,0.0641763931001179,-0.009107155618692575,0.006904351073360904,-0.001994917326889889,-0.00088871064929541,-0.0326269418647815,0.308427237605396
1536,2016-09-13,0.304835195043849,0.3046659220591945,0.3067112517007881,0.3077697657438901,0.0800135343335162,0.0061396754191547775,-0.0037613155462014602,-0.00015348144332039126,0.003764104632919596,0.0158371412333983,0.3046659220591945
1537,2016-09-14,0.3022770077917359,0.3061086226357084,0.3046651711007305,0.3063582287699887,0.0463156719041033,-0.0025581872521130977,0.0014427005765139111,-0.0020460806000576204,-0.001411536973901395,-0.033697862429412896,0.3061086226357084
1538,2016-09-15,0.3043236092221911,0.3114157208273261,0.3114685167621072,0.3101747079548945,0.0964058460436712,0.0020466014304552083,0.005307098191617676,0.006803345661376692,0.0038164791849057966,0.05009017413956789,0.3114157208273261
1539,2016-09-16,0.3090817579877766,0.310745805376334,0.3107011310977138,0.3116906924939788,0.1111227912263354,0.0047581487655855015,-0.0006699154509920979,-0.000767385664393383,0.001515984539084303,0.014716945182664198,0.310745805376334
1540,2016-09-19,0.3107190652445401,0.3121885531515974,0.3135145834582496,0.3152457652460265,0.0404814543495471,0.0016373072567635316,0.0014427477752633755,0.0028134523605358175,0.0035550727520476944,-0.0706413368767883,0.3121885531515974
1541,2016-09-20,0.3110260795654563,0.3101791135904929,0.3112127336157034,0.3140433610988599,0.0488648570518148,0.00030701432091617686,-0.002009439561104498,-0.002301849842546222,-0.0012024041471666025,0.0083834027022677,0.3101791135904929
1542,2016-09-21,0.3096446674666729,0.3149194019993956,0.3129007799430875,0.3153503694065889,0.0467920016030958,-0.0013814120987833967,0.004740288408902726,0.0016880463273841184,0.0013070083077290073,-0.002072855448718998,0.3149194019993956
1543,2016-09-22,0.3149144809314314,0.3152284830104797,0.3163279430021079,0.3166572836399648,0.05554332793493,0.005269813464758466,0.00030908101108406694,0.0034271630590204105,0.001306914233375922,0.008751326331834196,0.3152284830104797
1544,2016-09-23,0.3133283844990625,0.3124461167276049,0.3137702862372817,0.316814091062712,0.0323378590129791,-0.0015860964323688997,-0.0027823662828747597,-0.0025576567648262216,0.00015680742274720716,-0.023205468921950897,0.3124461167276049
1545,2016-09-26,0.3095423068086951,0.3115702731325555,0.3107523474196292,0.3142001817413781,0.0314081948418421,-0.003786077690367373,-0.0008758435950494414,-0.003017938817652499,-0.0026139093213339293,-0.0009296641711369971,0.3115702731325555
1546,2016-09-27,0.3085701266177743,0.3159497978996745,0.3140260417484256,0.3136773220068635,0.0502511407275032,-0.0009721801909208239,0.004379524767119003,0.0032736943287963727,-0.0005228597345146024,0.0188429458856611,0.3159497978996745
1547,2016-09-28,0.3141981913009032,0.3176501564496949,0.3160210235352211,0.3193235557360463,0.0438551826313766,0.0056280646831289305,0.001700358550020431,0.0019949817867955244,0.005646233729182826,-0.0063959580961266,0.3176501564496949
1548,2016-09-29,0.3154260926422434,0.3192989031671399,0.3190901498181118,0.3183301874390737,0.0647742689981636,0.0012279013413402096,0.001648746717444971,0.0030691262828906885,-0.0009933682969726076,0.020919086366787,0.3192989031671399
1549,2016-09-30,0.3177797054089298,0.3201748883584379,0.3208805582588728,0.3233490941707512,0.0864817631425934,0.002353612766686386,0.000875985191298001,0.0017904084407610044,0.005018906731677486,0.021707494144429795,0.3201748883584379
1550,2016-10-03,0.3175239097685,0.3185261180416182,0.31934600337599,0.3223035396933632,0.0399722743264862,-0.0002557956404298234,-0.0016487703168197032,-0.0015345548828827882,-0.001045554477388022,-0.0465094888161072,0.3185261180416182
1551,2016-10-04,0.31609122221337,0.3159497978996745,0.3181694124536591,0.3195326264335995,0.0421042603585284,-0.0014326875551299856,-0.0025763201419437,-0.0011765909223309112,-0.0027709132597636965,0.0021319860320421977,0.3159497978996745
1552,2016-10-05,0.3154772910468316,0.3200718062895354,0.3202155381785483,0.3215192870985328,0.0460528693115557,-0.0006139311665384062,0.004122008389860932,0.002046125724889214,0.001986660664933304,0.003948608953027302,0.3200718062895354
1553,2016-10-06,0.3178308329252422,0.3224419622936742,0.3202155402505835,0.3230354011826076,0.0498306565794271,0.0023535418784106366,0.0023701560041388126,2.072035210076706e-09,0.0015161140840748155,0.0037777872678713964,0.3224419622936742
1554,2016-10-07,0.3202867797548966,0.3197627488778261,0.3202156168614116,0.3216239276383678,0.038917778923889,0.0024559468296543874,-0.0026792134158481473,7.66108280703115e-08,-0.0014114735442398163,-0.010912877655538097,0.3197627488778261
1555,2016-10-10,0.3187518467724903,0.315898374862097,0.3200110048259891,0.3201077990244687,0.0447552815108521,-0.0015349329824063118,-0.0038643740157290885,-0.00020461203542249118,-0.0015161286138991037,0.0058375025869630975,0.315898374862097
1556,2016-10-11,0.3126120633015818,0.307551252414098,0.3140772003415535,0.3088676077522871,0.0799675438798203,-0.006139783470908489,-0.008347122447999011,-0.00593380448443559,-0.011240191272181566,0.035212262368968204,0.307551252414098
1557,2016-10-12,0.3044771062747658,0.3039961718038257,0.3048186866785023,0.3056786728773509,0.0952133792799865,-0.008134957026815992,-0.0035550806102722654,-0.009258513663051193,-0.003188934874936211,0.015245835400166191,0.3039961718038257
1558,2016-10-13,0.2994629257221589,0.3009561003486949,0.2993963895750778,0.3007120005398003,0.0664463504932476,-0.005014180552606939,-0.0030400714551307995,-0.0054222971034245115,-0.004966672337550604,-0.028767028786738896,0.3009561003486949
1559,2016-10-14,0.3007421347662622,0.3039961718038257,0.3055859843459146,0.3057309436759393,0.0666467374700651,0.0012792090441033355,0.0030400714551307995,0.006189594770836804,0.005018943136138987,0.00020038697681749873,0.3039961718038257
1560,2016-10-17,0.3013560739498814,0.3024503891584095,0.3038978937455251,0.3066719336603513,0.0442625266498254,0.0006139391836191832,-0.001545782645416216,-0.0016880906003894913,0.0009409899844119995,-0.022384210820239697,0.3024503891584095
1561,2016-10-18,0.3039654790551006,0.3032748333152562,0.3050233072365927,0.3073516229202825,0.0571759890411318,0.002609405105219176,0.000824444156846682,0.001125413491067595,0.0006796892599312265,0.012913462391306404,0.3032748333152562
1562,2016-10-19,0.3004350703232547,0.3092000699296672,0.3082969737378292,0.3054171647344655,0.1012644089733945,-0.0035304087318458466,0.0059252366144110225,0.003273666501236505,-0.0019344581858170007,0.0440884199322627,0.3092000699296672
1563,2016-10-20,0.3060119280448109,0.3076543108836257,0.3073250603843369,0.3089721559383003,0.0427448416778631,0.005576857721556194,-0.0015457590460414838,-0.0009719133534923374,0.0035549912038347897,-0.058519567295531406,0.3076543108836257
1564,2016-10-21,0.3039653907430628,0.3065723267501462,0.3051766703034831,0.3073515336244579,0.0329850103971275,-0.0020465373017481414,-0.001081984133479541,-0.002148390080853768,-0.0016206223138424125,-0.009759831280735598,0.3065723267501462
1565,2016-10-24,0.3066258926190018,0.3124461167276049,0.3104965204860242,0.313311370497484,0.0380833806925505,0.0026605018759390253,0.005873789977458743,0.005319850182541108,0.005959836873026092,0.005098370295423003,0.3124461167276049
1566,2016-10-25,0.310360945002578,0.3138373706671666,0.3129519277360361,0.3167619042296296,0.0543508611712454,0.0037350523835761873,0.0013912539395616874,0.002455407250011865,0.0034505337321455998,0.016267480478694897,0.3138373706671666
1567,2016-10-26,0.3096957445352929,0.3119824126131673,0.3108034432308783,0.314252423686986,0.0509837029542296,-0.0006652004672850764,-0.0018549580539993227,-0.0021484845051578105,-0.0025094805426435496,-0.003367158217015803,0.3119824126131673
1568,2016-10-27,0.3108213494850709,0.3110034397504658,0.3141795071995434,0.3144092463586436,0.0529908577548117,0.0011256049497779808,-0.0009789728627014882,0.003376063968665133,0.0001568226716575638,0.0020071548005821047,0.3110034397504658
1569,2016-10-28,0.3093375923599695,0.3106942879412576,0.3121334171261053,0.3141478564217986,0.034919894484759,-0.0014837571251014037,-0.00030915180920820795,-0.0020460900734380894,-0.00026138993684499123,-0.018070963270052705,0.3106942879412576
1570,2016-10-31,0.3105143679099687,0.3119824126131673,0.3131053160162917,0.3164481555318536,0.0792021313290255,0.0011767755499992316,0.0012881246719096962,0.0009718988901863956,0.0023002991100550263,0.0442822368442665,0.3119824126131673
1571,2016-11-01,0.3110772047276887,0.3100760315215904,0.3114684626637929,0.3110633970716873,0.0654904060628558,0.0005628368177199583,-0.0019063810915768697,-0.0016368533524988016,-0.005384758460166339,-0.013711725266169691,0.3100760315215904
1572,2016-11-02,0.3081096989948779,0.308427237605396,0.3103942587072135,0.3125272153608679,0.0677735035856128,-0.0029675057328107934,-0.0016487939161944354,-0.0010742039565794226,0.0014638182891806295,0.0022830975227569883,0.308427237605396
1573,2016-11-03,0.3068817314966214,0.3072421478036392,0.3078366037541519,0.3104360220117714,0.0398047376737371,-0.001227967498256488,-0.0011850898017568001,-0.0025576549530615944,-0.0020911933490965207,-0.027968765911875693,0.3072421478036392
1574,2016-11-04,0.3045281142201987,0.310282030463772,0.3095757156068566,0.3108018982408122,0.0692879035251682,-0.0023536172764226926,0.003039882660132831,0.0017391118527047,0.00036587622904082906,0.029483165851431098,0.310282030463772
1575,2016-11-07,0.3127144171624621,0.3206385688735008,0.3188344211328233,0.3183825087084485,0.1130905256380354,0.008186302942263413,0.010356538409728777,0.009258705525966693,0.007580610467636251,0.0438026221128672,0.3206385688735008
1576,2016-11-08,0.3337429051976684,0.3295524067067157,0.3356125392031986,0.3303545691875778,0.1671523039574785,0.021028488035206294,0.008913837833214922,0.016778118070375325,0.011972060479129298,0.05406177831944309,0.3295524067067157
1577,2016-11-09,0.3182912696924574,0.3313556821300153,0.3310598729887264,0.3217806424312243,0.1091024962961259,-0.015451635505211003,0.0018032754232996107,-0.004552666214472201,-0.00857392675635349,-0.05804980766135259,0.3313556821300153
1578,2016-11-10,0.3302125591402073,0.3217206238051046,0.3346406098083379,0.3247083703836413,0.1658448610595543,0.011921289447749894,-0.009635058324910739,0.003580736819611463,0.002927727952417025,0.05674236476342839,0.3217206238051046
1579,2016-11-11,0.3194681115342936,0.3253789044811531,0.3233358868166627,0.3249697716451677,0.0791594259077365,-0.010744447605913698,0.0036582806760485087,-0.011304722991675176,0.0002614012615264061,-0.08668543515181779,0.3253789044811531
1580,2016-11-14,0.3258123593971018,0.3273367322096821,0.3264049584964288,0.3298839435254097,0.0792941122364172,0.006344247862808183,0.001957827728529038,0.003069071679766111,0.004914171880241958,0.00013468632868070263,0.3273367322096821
1581,2016-11-15,0.3255566975704491,0.335890018795486,0.3338222523821496,0.3317661676819303,0.0754309141259678,-0.00025566182665270887,0.008553286585803899,0.007417293885720766,0.0018822241565206177,-0.0038631981104494117,0.335890018795486
1582,2016-11-16,0.3313893019757508,0.3382600804021258,0.3362263606476796,0.3372031750136049,0.0601719385961742,0.0058326044053017,0.002370061606639773,0.002404108265530003,0.005437007331674626,-0.015258975529793592,0.3382600804021258
1583,2016-11-17,0.3359996928260296,0.3390941059051205,0.3389597518667008,0.3408023474370034,0.0518608066068571,0.004610390850278812,0.0008340255029947174,0.0027333912190212195,0.0035991724233984668,-0.0083111319893171,0.3390941059051205
1584,2016-11-18,0.3352280684803776,0.3345349190980394,0.3366451801527702,0.3378059860510979,0.1007979343716225,-0.0007716243456519778,-0.004559186807081117,-0.0023145717139306243,-0.002996361385905477,0.0489371277647654,0.3345349190980394
1585,2016-11-21,0.3338905664836339,0.3377990430170347,0.3374682965861326,0.3396985905336093,0.0956995640761996,-0.0013375019967437063,0.0032641239189952764,0.0008231164333624141,0.0018926044825113841,-0.005098370295422899,0.3377990430170347
1586,2016-11-22,0.3353310093510465,0.3397159494297494,0.3377254244845443,0.340855001120519,0.076505119723006,0.0014404428674125724,0.0019169064127147473,0.00025712789841170203,0.0011564105869096841,-0.019194444353193604,0.3397159494297494
1587,2016-11-23,0.3369772888790612,0.3425136553062108,0.3400914317167167,0.3431680132020305,0.0562496099024016,0.0016462795280147158,0.002797705876461387,0.0023660072321723957,0.002313012081511523,-0.020255509820604402,0.3425136553062108
1588,2016-11-25,0.3393438394220793,0.3423582298241157,0.3407600760585,0.3461118408113012,0.0205610178344409,0.0023665505430180978,-0.0001554254820951284,0.0006686443417833199,0.0029438276092706994,-0.0356885920679607,0.3423582298241157
1589,2016-11-28,0.3394467072452846,0.3414256061334209,0.3436404019810787,0.3450604354748671,0.0668044190255936,0.0001028678232052882,-0.0009326236906948004,0.002880325922578697,-0.001051405336434108,0.0462434011911527,0.3414256061334209
1590,2016-11-29,0.3383148837800231,0.3420991322887495,0.341171535998597,0.3442719131354229,0.0638117545029581,-0.0011318234652614723,0.0006735261553286187,-0.002468865982481694,-0.0007885223394442087,-0.0029926645226354964,0.3420991322887495
1591,2016-11-30,0.3396010782017545,0.3428763068979745,0.3433832850702334,0.3445347943175183,0.1067569831576388,0.0012861944217313903,0.0007771746092249954,0.002211749071636404,0.0002628811820954424,0.0429452286546807,0.3428763068979745
1592,2016-12-01,0.3412474170674204,0.3172305595666626,0.3414801974029802,0.3194595929797845,0.2894901958207818,0.0016463388656658973,-0.02564574733131192,-0.0019030876672532226,-0.025075201337733832,0.18273321266314296,0.3172305595666626
1593,2016-12-02,0.314803654055822,0.3214789190089282,0.3225004782527079,0.319880100501045,0.0897602254846244,-0.026443763011598398,0.004248359442265648,-0.0189797191502723,0.0004205075212604936,-0.1997299703361574,0.3214789190089282
1594,2016-12-05,0.3227265015986802,0.327592478633834,0.3276954718360222,0.3279756927217624,0.0964748317242149,0.007922847542858213,0.006113559624905784,0.005194993583314322,0.008095592220717429,0.006714606239590498,0.327592478633834
1595,2016-12-06,0.3252473993078579,0.3289395309444913,0.3276440351026412,0.3310772328352942,0.0706347668119746,0.002520897709177683,0.001347052310657293,-5.143673338103838e-05,0.003101540113531809,-0.025840064912240293,0.3289395309444913
1596,2016-12-07,0.3267907732265233,0.3341722675062757,0.3322217403107227,0.3313926218320078,0.0535000377778726,0.0015433739186653805,0.005232736561784412,0.0045777052080815395,0.00031538899671357257,-0.017134729034102,0.3341722675062757
1597,2016-12-08,0.3321413778643136,0.3377472895882107,0.3357194969105552,0.3374381650043203,0.0598434353554897,0.005350604637790302,0.0035750220819349976,0.00349775659983248,0.006045543172312484,0.006343397577617101,0.3377472895882107
1598,2016-12-09,0.3360512633620067,0.3343277401871203,0.3361823444939789,0.33717521311811,0.0478202167464382,0.003909885497693111,-0.003419549401090405,0.0004628475834236867,-0.0002629518862102831,-0.012023218609051499,0.3343277401871203
1599,2016-12-12,0.3311637701217639,0.329561209273497,0.3321703308686728,0.3309195011887001,0.0548764663563406,-0.004887493240242791,-0.004766530913623279,-0.004012013625306066,-0.0062557119294098795,0.0070562496099024,0.329561209273497
1600,2016-12-13,0.3301863005106747,0.3372808715456769,0.3363880734236945,0.3364918175870885,0.0435463895851332,-0.0009774696110891878,0.00771966227217985,0.004217742555021664,0.005572316398388399,-0.011330076771207405,0.3372808715456769
1601,2016-12-14,0.3341991280389992,0.3370218212090601,0.3374167416186178,0.3411703964524216,0.0525867987687698,0.004012827528324492,-0.0002590503366167729,0.00102866819492331,0.004678578865333072,0.009040409183636605,0.3370218212090601
1602,2016-12-15,0.3360512532429855,0.3410630017404067,0.3409658360637911,0.3411704302333463,0.103770888699817,0.00185212520398631,0.004041180531346611,0.0035490944451733175,3.378092472416938e-08,0.0511840899310472,0.3410630017404067
1603,2016-12-16,0.3405271593124544,0.3343277401871203,0.3407086532002162,0.3386471284436575,0.0946516387384161,0.004475906069468905,-0.006735261553286409,-0.0002571828635749007,-0.002523301789688792,-0.0091192499614009,0.3343277401871203
1604,2016-12-19,0.3321927186733732,0.3368145950993916,0.3368509654534049,0.3389625411126391,0.0330704212397055,-0.008334440639081231,0.002486854912271297,-0.003857687746811278,0.00031541266898160725,-0.0615812174987106,0.3368145950993916
1605,2016-12-20,0.3362570929361423,0.3383171436902682,0.3383426629439092,0.3417487364869438,0.0364080141650597,0.0040643742627691215,0.0015025485908766179,0.0014916974905042624,0.0027861953743046897,0.0033375929253541964,0.3383171436902682
1606,2016-12-21,0.336771461379457,0.3376434995380658,0.3379825227942105,0.34043442655095,0.0342628880033901,0.0005143684433147055,-0.0006736441522023906,-0.00036014014969870667,-0.001314309935993796,-0.0021451261616695985,0.3376434995380658
1607,2016-12-22,0.3371316156441748,0.3387315251114811,0.3370567100821255,0.3408024330926078,0.0391181659007066,0.00036015426471780465,0.0010880255734152522,-0.0009258127120849724,0.000368006541657806,0.004855277897316504,0.3387315251114811
1608,2016-12-23,0.3349708616357225,0.3388351735653775,0.3364909235914201,0.341065259224825,0.0170920236128129,-0.002160754008452337,0.00010364845389643218,-0.0005657864907054333,0.00026282613221717543,-0.022026142287893704,0.3388351735653775
1609,2016-12-27,0.336257034491258,0.3388351735653775,0.339782791395583,0.343325711933827,0.0295028760458721,0.0012861728555355056,0.0,0.003291867804162907,0.002260452709001992,0.0124108524330592,0.3388351735653775
1610,2016-12-28,0.3370287620051791,0.3350530669700224,0.3377254194329951,0.3399087991336254,0.0277158184165486,0.0007717275139211277,-0.003782106595355106,-0.002057371962587873,-0.003416912800201566,-0.0017870576293234977,0.3350530669700224
1611,2016-12-29,0.3326042464584368,0.3355192962175582,0.3343305805487006,0.3385945043415,0.040800102493011,-0.004424515546742336,0.00046622924753580985,-0.0033948388842945376,-0.0013142947921254144,0.013084284076462397,0.3355192962175582
1612,2016-12-30,0.3346622362873832,0.3323590095474574,0.334587879384196,0.3354404811138113,0.0330605661424849,0.002057989828946394,-0.0031602866701008203,0.000257298835495412,-0.003154023227688707,-0.0077395363505260995,0.3323590095474574
1613,2017-01-03,0.3318840542515121,0.3308046603290074,0.3342277886186152,0.3320760278677088,0.0838898725735929,-0.002778182035871102,-0.0015543492184499907,-0.00036009076558080055,-0.0033644532461025167,0.050829306431108,0.3308046603290074
1614,2017-01-04,0.3296203511193348,0.3306492112475375,0.3298557147654578,0.3335479364891745,0.0732660777698572,-0.002263703132177275,-0.0001554490814699161,-0.00437207385315741,0.001471908621465734,-0.010623794803735695,0.3306492112475375
1615,2017-01-05,0.3268936698840432,0.3242766248853896,0.3283126726427302,0.3270294167484447,0.0891032190032554,-0.0027266812352915726,-0.006372586362147881,-0.0015430421227276003,-0.006518519740729811,0.01583714123339819,0.3242766248853896
1616,2017-01-06,0.3228294118475843,0.3299239316633849,0.3288270731134632,0.3286591048703554,0.0449589535200764,-0.004064258036458934,0.005647306777995298,0.0005144004707330341,0.0016296881219106663,-0.04414426548317899,0.3299239316633849
1617,2017-01-09,0.3272538994439957,0.3337578860850629,0.3334048787803539,0.3343891373937092,0.0641796781325247,0.004424487596411397,0.0038339544216779986,0.0045778056668907,0.005730032523353801,0.019220724612448302,0.3337578860850629
1618,2017-01-10,0.3314209588453704,0.3359855726638436,0.3342277354035027,0.3370700181408815,0.038050530368482,0.004167059401374684,0.0022276865787806965,0.0008228566231487933,0.0026808807471723206,-0.026129147764042703,0.3359855726638436
1619,2017-01-11,0.3328100840032076,0.3444306089176751,0.3420973945778437,0.3390676487416237,0.1067077076715361,0.0013891251578372343,0.008445036253831473,0.007869659174341015,0.0019976306007422062,0.0686571773030541,0.3444306089176751
1620,2017-01-12,0.3414017088280066,0.3444306089176751,0.3427145952338868,0.3441668120467449,0.0801843560186721,0.008591624824798971,0.0,0.0006172006560430932,0.005099163305121168,-0.026523351652864,0.3444306089176751
1621,2017-01-13,0.342739337092391,0.3437052349360235,0.3430746395995776,0.3481620365156149,0.0453925777977799,0.0013376282643844384,-0.000725373981651567,0.00036004436569081477,0.003995224468870018,-0.0347917782208922,0.3437052349360235
1622,2017-01-17,0.3396524681418527,0.3365036733370771,0.3401427958717523,0.3400138603381,0.0488122965333053,-0.003086868950538335,-0.0072015615989464155,-0.002931843727825345,-0.008148176177514899,0.0034197187355253997,0.3365036733370771
1623,2017-01-18,0.3354852825121158,0.3445341865734472,0.3428174640286311,0.3418537555184519,0.1037971689590717,-0.0041671856297368914,0.008030513236370107,0.0026746681568788344,0.0018398951803518804,0.054984872425766405,0.3445341865734472
1624,2017-01-19,0.3410930262780269,0.3403376277587551,0.3455949950295843,0.3448501759779651,0.0524061219863934,0.005607743765911111,-0.0041965588146921085,0.0027775310009531817,0.002996420459513205,-0.05139104697267831,0.3403376277587551
1625,2017-01-20,0.3393438581087004,0.3467620619472259,0.3444634560946493,0.3461644397334033,0.0641271176140152,-0.0017491681693265204,0.006424434188470829,-0.0011315389349350058,0.0013142637554381942,0.0117209956276218,0.3467620619472259
1626,2017-01-23,0.3432538232764811,0.3472801390210847,0.3456464387224431,0.3488980194210641,0.0577574397771434,0.0039099651677806935,0.0005180770738587581,0.001182982627793816,0.002733579687660803,-0.006369677836871798,0.3472801390210847
1627,2017-01-24,0.3464434627696,0.3517875487999671,0.3495555020024837,0.3525251828064198,0.0575669078975464,0.003189639493118901,0.004507409778882421,0.003909063280040592,0.003627163385355736,-0.00019053187959700013,0.3517875487999671
1628,2017-01-25,0.351896866855939,0.3565540325148409,0.3550076552287032,0.3587808671495902,0.0699022045852482,0.005453404086339042,0.004766483714873815,0.005452153226219503,0.006255684343170365,0.012335296687701808,0.3565540325148409
1629,2017-01-26,0.3546749819298802,0.3503886486629868,0.3545961784963442,0.3552587561142302,0.0871814750452513,0.0027781150739411564,-0.0061653838518541115,-0.000411476732358973,-0.003522111035359987,0.01727927046000309,0.3503886486629868
1630,2017-01-27,0.3495817962784592,0.3562432523487749,0.3537732793864647,0.3565730596810519,0.046660600306822,-0.005093185651420973,0.005854603685788107,-0.000822899109879538,0.0013143035668217173,-0.040520874738429295,0.3562432523487749
1631,2017-01-30,0.3531830463423272,0.3577974599709765,0.3553677088062984,0.3562575623068464,0.0542720203934811,0.0036012500638680223,0.0015542076222015977,0.0015944294198337317,-0.00031549737420549784,0.007611420086659097,0.3577974599709765
1632,2017-01-31,0.3541090493379749,0.348937971497808,0.3541846717870678,0.351421215687545,0.0787980723429836,0.0009260029956476568,-0.00885948847316853,-0.001183037019230615,-0.004836346619301435,0.024526051949502498,0.348937971497808
1633,2017-02-01,0.3483471523135643,0.3544299943899566,0.3524360176397265,0.3541549795685081,0.0636639280446501,-0.0057618970244106005,0.005492022892148618,-0.001748654147341322,0.002733763880963136,-0.015134144298333499,0.3544299943899566
1634,2017-02-02,0.3489644346009898,0.3563468300045471,0.3540304484029326,0.3545228619778319,0.0578329955225008,0.0006172822874255246,0.0019168356145904952,0.0015944307632060895,0.00036788240932378313,-0.0058309325221493,0.3563468300045471
1635,2017-02-03,0.3561156411836796,0.3597145551786893,0.3586597390006194,0.3600426336938223,0.0607566743645926,0.007151206582689806,0.0033677251741421887,0.004629290597686853,0.005519771715990385,0.002923678842091805,0.3597145551786893
1636,2017-02-06,0.3557554307068366,0.358367408470533,0.3571165745175174,0.3618299034778328,0.0737194122420017,-0.000360210476843037,-0.0013471467081562771,-0.0015431644831020441,0.0017872697840105034,0.012962737877409092,0.358367408470533
1637,2017-02-07,0.3564242911197046,0.3606989322982081,0.3582482264365106,0.3628813258831496,0.0762850225517474,0.0006688604128680109,0.002331523827675097,0.0011316519189932261,0.0010514224053168042,0.002565610309745711,0.3606989322982081
1638,2017-02-08,0.3935688263071989,0.3823552289276227,0.3934813812478464,0.3838560552940577,0.3879426170539172,0.03714453518749433,0.021656296629414595,0.035233154811335765,0.02097472941090811,0.3116575945021698,0.3823552289276227
1639,2017-02-09,0.37093218773643,0.3674858528828194,0.3780507466481266,0.3712396259221379,1.0,-0.02263663857076892,-0.014869376044803317,-0.015430634599719772,-0.012616429371919813,0.6120573829460828,0.3674858528828194
1640,2017-02-10,0.3629065500136965,0.3673304981988485,0.3652947989661432,0.3667187890161411,0.5794731465025903,-0.008025637722733514,-0.00015535468397087637,-0.012755947681983404,-0.004520836905996806,-0.4205268534974097,0.3673304981988485
1641,2017-02-13,0.3654787949021331,0.3660869763452139,0.3679179181177265,0.3701356559301615,0.2462427441846713,0.0025722448884366034,-0.0012435218536345771,0.0026231191515833086,0.0034168669140204333,-0.333230402317919,0.3660869763452139
1642,2017-02-14,0.3633694644607459,0.3667086782735943,0.3668377894150518,0.3689265716235267,0.1772899139650012,-0.0021093304413871694,0.0006217019283804026,-0.0010801287026747097,-0.0012090843066348,-0.06895283021967008,0.3667086782735943
1643,2017-02-15,0.3650672815872181,0.3725114341330595,0.3706440642134068,0.3717653428703255,0.1852232672275312,0.0016978171264721564,0.0058027558594651585,0.0038062747983549916,0.002838771246798766,0.007933353262530002,0.3725114341330595
1644,2017-02-16,0.3699601434983982,0.3734017913435794,0.3709118287242184,0.3749621460251164,0.1071413319492396,0.004892861911180102,0.0008903572105199431,0.0002677645108116189,0.003196803154790928,-0.07808193527829162,0.3734017913435794
1645,2017-02-17,0.3699084051800388,0.3732455634827428,0.3706533170085284,0.3754376106488758,0.0753882087046788,-5.173831835936227e-05,-0.00015622786083663298,-0.00025851171569002407,0.000475464623759414,-0.031753123244560796,0.3732455634827428
1646,2017-02-21,0.3717182295437056,0.3774113723121374,0.3749441187618759,0.3790832683023225,0.1281491141910115,0.0018098243636667788,0.004165808829394602,0.004290801753347506,0.0036456576534466545,0.05276090548633269,0.3774113723121374
1647,2017-02-22,0.3749240884157639,0.3803273818542142,0.3780458535151051,0.3816721589879548,0.1420086659154892,0.0032058588720583203,0.002916009542076825,0.003101734753229224,0.002588890685632339,0.013859551724477698,0.3803273818542142
1648,2017-02-23,0.3776644725866895,0.378608969782511,0.3778907188412218,0.382200433547528,0.1404745557814928,0.0027403841709255916,-0.0017184120717032014,-0.00015513467388333924,0.0005282745595731608,-0.0015341101339964025,0.378608969782511
1649,2017-02-24,0.3735279314871289,0.3792338340271077,0.3769085366935118,0.3795587351366442,0.0917706653176133,-0.004136541099560631,0.000624864244596679,-0.0009821821477099535,-0.002641698410883797,-0.04870389046387949,0.3792338340271077
1650,2017-02-27,0.3759581486945957,0.3807959474398501,0.378149210754528,0.3826231154033161,0.1096740919349169,0.002430217207466834,0.0015621134127424274,0.0012406740610161893,0.00306438026667194,0.017903426617303597,0.3807959474398501
1651,2017-02-28,0.3771474929565353,0.3776196839930444,0.378511151517783,0.380932509689675,0.1861759266255161,0.0011893442619396177,-0.003176263446805716,0.00036194076325496427,-0.0016906057136411023,0.07650183469059921,0.3776196839930444
1652,2017-03-01,0.3786985886422406,0.3834515850803242,0.3815093964747864,0.3816192990209056,0.1815440309318651,0.0015510956857052727,0.005831901087279767,0.002998244957003404,0.000686789331230564,-0.004631895693650995,0.3834515850803242
1653,2017-03-02,0.3790605901591044,0.3801711775927524,0.3816645330825381,0.3843667024536364,0.1013333946539382,0.0003620015168638302,-0.0032804074875718015,0.000155136607751738,0.0027474034327308328,-0.0802106362779269,0.3801711775927524
1654,2017-03-03,0.3780782493577299,0.3816813015829233,0.3792866224108502,0.3841554194057481,0.0779735292088656,-0.0009823408013745483,0.0015101239901709196,-0.0023779106716879106,-0.00021128304788831098,-0.023359865445072597,0.3816813015829233
1655,2017-03-06,0.3767855038308006,0.38490960165105,0.3835771984301149,0.3836798500073596,0.1179326634057245,-0.001292745526929262,0.0032283000681266882,0.004290576019264691,-0.0004755693983884979,0.0399591341968589,0.38490960165105
1656,2017-03-07,0.3818526770784811,0.384492978289236,0.3850246476993175,0.3878008429636078,0.1451064514751438,0.005067173247680468,-0.0004166233618139725,0.0014474492692025942,0.004120992956248182,0.027173788069419308,0.384492978289236
1657,2017-03-08,0.3832487694646874,0.3828787810564232,0.3858000357802265,0.3877479918345975,0.1161554608736215,0.0013960923862063046,-0.0016141972328128085,0.0007753880809089897,-5.285112901026734e-05,-0.028950990601522314,0.3828787810564232
1658,2017-03-09,0.3796809901727475,0.3826184327541952,0.3805788490339307,0.3857931062244105,0.056348160874607,-0.00356777929193991,-0.0002603483022279862,-0.005221186746295792,-0.0019548856101870293,-0.0598072999990145,0.3826184327541952
1659,2017-03-10,0.3831971233985252,0.3850658295118865,0.3845594377290043,0.3896500881814023,0.0502905611163854,0.0035161332257777067,0.002447396757691289,0.003980588695073617,0.0038569819569918007,-0.0060575997582216,0.3850658295118865
1660,2017-03-13,0.3830419390959051,0.3879296844357687,0.3855415847305685,0.3902840372594078,0.0530992638242376,-0.00015518430262007055,0.002863854923882192,0.000982147001564182,0.0006339490780055135,0.0028087027078522037,0.3879296844357687
1661,2017-03-14,0.3842311665681041,0.3852740467952946,0.3841457961959613,0.3894386750090927,0.0586706787862462,0.0011892274721989615,-0.0026556376404741067,-0.0013957885346072008,-0.0008453622503151181,0.0055714149620085945,0.3852740467952946
1662,2017-03-15,0.383507344622483,0.3880338756752843,0.385903514558993,0.3892802469875817,0.0738278183114276,-0.0007238219456210948,0.002759828879989712,0.001757718363031735,-0.00015842802151100344,0.015157139525181398,0.3880338756752843
1663,2017-03-16,0.3865062882334908,0.3859510184593365,0.3871958458283024,0.3901783685884652,0.0557404298793407,0.0029989436110078316,-0.0020828572159478087,0.001292331269309388,0.0008981216008835391,-0.018087388432086897,0.3859510184593365
1664,2017-03-17,0.3851102880707479,0.3867841943848403,0.386989119932886,0.391710616335222,0.1118356432586207,-0.0013960001627429386,0.000833175925503804,-0.00020672589541642639,0.0015322477467567541,0.05609521337928001,0.3867841943848403
1665,2017-03-20,0.384696481816133,0.3871485451315858,0.3865754048818677,0.3920803048204066,0.0469956736123201,-0.0004138062546149013,0.00036435074674551204,-0.0004137150510182819,0.00036968848518464936,-0.06483996964630061,0.3871485451315858
1666,2017-03-21,0.3858858073901782,0.3766823404273998,0.3867822877628046,0.3816193135859765,0.0847308408697451,0.001189325574045219,-0.010466204704186022,0.00020688288093689833,-0.010460991234430117,0.037735167257425,0.3766823404273998
1667,2017-03-22,0.3749238105150312,0.3827223644005886,0.3809405205217866,0.3822530518961261,0.0734730348114884,-0.010961996875146984,0.006040023973188813,-0.005841767241017981,0.0006337383101495675,-0.0112578060582567,0.3827223644005886
1668,2017-03-23,0.3794224035420231,0.378817187065919,0.3793381016045228,0.3829400726013662,0.0586838189158736,0.004498593026991904,-0.0039051773346696073,-0.0016024189172638148,0.0006870207052401267,-0.014789215895614799,0.378817187065919
1669,2017-03-24,0.3805083827288087,0.3809001858781152,0.3832153768294146,0.3854233806772591,0.0662163982247684,0.0010859791867856017,0.0020829988121962018,0.0038772752248917852,0.0024833080758929205,0.007532579308894796,0.3809001858781152
1670,2017-03-27,0.375389391355874,0.379181773806412,0.3795449772289369,0.3797700976206032,0.0624057606328286,-0.0051189913729347,-0.0017184120717032014,-0.003670399600477714,-0.005653283056655911,-0.0038106375919397945,0.379181773806412
1671,2017-03-28,0.3764749817131536,0.3827223644005886,0.3827498378850142,0.3836267438404205,0.0667255782478294,0.0010855903572795644,0.003540590594176607,0.003204860656077335,0.0038566462198172946,0.004319817615000804,0.3827223644005886
1672,2017-03-29,0.3781815534555454,0.3836598967612312,0.3819229492120067,0.3857403596359943,0.0836270699810453,0.0017065717423918048,0.00093753236064259,-0.0008268886730075087,0.0021136157955737866,0.016901491733215895,0.3836598967612312
1673,2017-03-30,0.3807151495061541,0.384701289970143,0.3844560216468589,0.3883291966426484,0.0435562446823537,0.0025335960506087107,0.0010413932089118338,0.0025330724348521794,0.002588837006654132,-0.0400708252986916,0.384701289970143
1674,2017-03-31,0.3811288410300359,0.3841806169650619,0.3842492668352649,0.3856875316184998,0.0779571040468314,0.0004136915238818206,-0.0005206730050811292,-0.0002067548115939899,-0.002641665024148643,0.0344008593644777,0.3841806169650619
1675,2017-04-03,0.3823180666129941,0.3812125236029146,0.3849212459090314,0.3828344536633037,0.0690415260946549,0.0011892255829581977,-0.002968093362147317,0.0006719790737664821,-0.0028530779551960705,-0.008915577952176498,0.3812125236029146
1676,2017-04-04,0.3813873100682797,0.3824621812939839,0.3856449353659407,0.3869554535750736,0.0722345775941079,-0.0009307565447144173,0.001249657691069328,0.0007236894569093155,0.004120999911769896,0.003193051499452995,0.3824621812939839
1677,2017-04-05,0.3801979927543868,0.3802230726178248,0.3849728635399363,0.384683543810186,0.0639070204427566,-0.0011893173138928792,-0.0022391086761591183,-0.0006720718260043723,-0.002271909764887614,-0.008327557151351292,0.3802230726178248
1678,2017-04-06,0.3769405424252234,0.382826673636978,0.3815610193323354,0.3810380791397613,0.0678359192013429,-0.003257450329163414,0.00260360101915319,-0.0034118442076009337,-0.003645464670424703,0.003928898758586291,0.382826673636978
1679,2017-04-07,0.3803532433964537,0.3856386099364129,0.3838874114187169,0.3871140377896884,0.0817644566063644,0.003412700971230309,0.002811936299434936,0.0023263920863815235,0.0060759586499271045,0.013928537405021507,0.3856386099364129
1680,2017-04-10,0.3829384196595862,0.3822538696130769,0.3844559090854652,0.3871667309434137,0.0626882734198172,0.0025851762631324826,-0.003384740323336022,0.0005684976667482688,5.269315372530281e-05,-0.019076183186547205,0.3822538696130769
1681,2017-04-11,0.3776644559827177,0.378348621480283,0.3780457810236244,0.3772340575089168,0.1153374878043171,-0.005273963676868498,-0.003905248132793915,-0.00641012806184077,-0.009932673434496886,0.052649214384499904,0.378348621480283
1682,2017-04-12,0.3755444454852332,0.3756929602404342,0.3758228688198211,0.3788718712333873,0.1061525371947794,-0.0021200104974845035,-0.0026556612398487833,-0.002222912203803329,0.0016378137244704716,-0.009184950609537695,0.3756929602404342
1683,2017-04-13,0.3723904300953496,0.3761616674223186,0.3768051735951416,0.379928660619459,0.0894185821143125,-0.00315401538988358,0.0004687071818844091,0.0009823047753205194,0.0010567893860717326,-0.016733955080466906,0.3761616674223186
1684,2017-04-17,0.3751307764521457,0.3802230726178248,0.3783042004772366,0.3823060348614421,0.0470120987743544,0.0027403463567960973,0.004061405195506185,0.0014990268820950226,0.002377374241983088,-0.0424064833399581,0.3802230726178248
1685,2017-04-18,0.375389371355035,0.3860030550806574,0.3841458122028804,0.3833627843756053,0.0765543952091087,0.00025859490288926423,0.005779982462832622,0.005841611725643792,0.00105674951416318,0.029542296434754298,0.3860030550806574
1686,2017-04-19,0.3854203707983379,0.3898041827720599,0.3899355904532636,0.3934539982318694,0.1077194976528443,0.010030999443302935,0.003801127691402506,0.005789778250383182,0.010091213856264103,0.031165102443735604,0.3898041827720599
1687,2017-04-20,0.3904359623686039,0.3938136929424937,0.39267547414193,0.3970467586453953,0.1054232600004599,0.005015591570265987,0.004009510170433772,0.0027398836886664,0.0035927604135259084,-0.002296237652384403,0.3938136929424937
1688,2017-04-21,0.3865580351286782,0.3875652392915241,0.3877128177349229,0.3902840885736252,0.0973650755064698,-0.0038779272399256937,-0.006248453650969599,-0.004962656407007104,-0.006762670071770116,-0.008058184493990095,0.3875652392915241
1689,2017-04-24,0.3902808798383201,0.3954799975947517,0.3933992324346927,0.3968354494538931,0.0529514373659296,0.0037228447096419037,0.007914758303227631,0.005686414699769826,0.00655136088026792,-0.0444136381405402,0.3954799975947517
1690,2017-04-25,0.3929695931359618,0.3995415679858811,0.3970178999534394,0.400269652329516,0.0900493083364267,0.0026887132976416983,0.0040615703911293655,0.0036186675187466766,0.003434202875622905,0.0370978709704971,0.3995415679858811
1691,2017-04-26,0.3967441193651998,0.3965213672042887,0.3970694990547439,0.4002167390669546,0.0761864715795421,0.0037745262292380177,-0.003020200781592375,5.15991013045336e-05,-5.291326256140483e-05,-0.0138628367568846,0.3965213672042887
1692,2017-04-27,0.3958135103216829,0.399645735626022,0.3997060674503654,0.4039680527253911,0.0680133109513125,-0.000930609043516939,0.0031243684217333034,0.002636568395621486,0.003751313658436506,-0.008173160628229606,0.399645735626022
1693,2017-04-28,0.3966925014329686,0.39355341543839,0.3966043623400989,0.3984205061192174,0.0728423085893742,0.0008789911112856985,-0.0060923201876320054,-0.0031017051102665283,-0.005547546606173681,0.004828997638061702,0.39355341543839
1694,2017-05-01,0.3925559363638241,0.3965735218224834,0.3942263681422524,0.3965184550777358,0.0407409719096878,-0.004136565069144504,0.0030201063840933906,-0.002377994197846456,-0.0019020510414816116,-0.0321013366796864,0.3965735218224834
1695,2017-05-02,0.393486771747817,0.3941262902604153,0.3936578359604854,0.3968884081262274,0.0720703259737657,0.0009308353839929118,-0.0024472315620681084,-0.0005685321817670008,0.00036995304849157806,0.0313293540640779,0.3941262902604153
1696,2017-05-03,0.3905394029175862,0.3918350505654362,0.3916416342245468,0.396095792351799,0.0805522796482387,-0.0029473688302307788,-0.0022912396949790748,-0.0020162017359386386,-0.0007926157744284068,0.008481953674473006,0.3918350505654362
1697,2017-05-04,0.3895569567390337,0.3905853456756175,0.3910729760773744,0.3953561112499397,0.0757824125935002,-0.0009824461785525318,-0.0012497048898187368,-0.000568658147172385,-0.0007396811018592908,-0.0047698670547385025,0.3905853456756175
1698,2017-05-05,0.3897120271765714,0.3914183800048728,0.3896254390398366,0.3938766852347078,0.070562496099024,0.00015507043753770766,0.0008330343292553,-0.001447537037537805,-0.0014794260152318772,-0.005219916494476201,0.3914183800048728
1699,2017-05-08,0.3895052534657055,0.3929285039950437,0.3920034630418819,0.3955145809742516,0.0727470426495757,-0.0002067737108658596,0.0015101239901709196,0.002378024002045287,0.0016378957395437599,0.002184546550551697,0.3929285039950437
1700,2017-05-09,0.3901775822637253,0.3980836930114039,0.3953638085246295,0.3972054252111077,0.1260893988719198,0.0006723287980197612,0.0051551890163601954,0.0033603454827476065,0.001690844236856115,0.05334235622234411,0.3980836930114039
1701,2017-05-10,0.4130833857096668,0.4088101752196936,0.4145941381701671,0.41036086426321,0.2147852738567266,0.02290580344594151,0.0107264822082897,0.019230329645537614,0.013155439052102313,0.0886958749848068,0.4088101752196936
1702,2017-05-11,0.4053274041747026,0.4115699333015591,0.4112856557231066,0.4119458936996363,0.1217433009976643,-0.007755981534964207,0.0027597580818655154,-0.003308482447060501,0.0015850294364262996,-0.09304197285906231,0.4115699333015591
1703,2017-05-12,0.408481552951024,0.4113616924187764,0.4097865431615188,0.4153801537353069,0.0631481779567755,0.0031541487763214193,-0.00020824088278270647,-0.001499112561587801,0.0034342600356706,-0.05859512304088879,0.4113616924187764
1704,2017-05-15,0.4087916525828108,0.4172455829286277,0.4142838969996945,0.4172292027331546,0.0745505254409334,0.00031009963178679767,0.005883890509851275,0.004497353838175677,0.0018490489978477131,0.011402347484157888,0.4172455829286277
1705,2017-05-16,0.4132386209290172,0.4250564567842114,0.422503635850139,0.4211391082844785,0.0850462039808022,0.0044469683462063925,0.007810873855583711,0.008219738850444525,0.003909905551323867,0.01049567853986881,0.4250564567842114
1706,2017-05-17,0.4183057338058596,0.4079249154741194,0.4198670319293318,0.4133723735264173,0.0952527996688687,0.005067112876842417,-0.01713154131009198,-0.0026366039208072234,-0.007766734758061167,0.010206595688066492,0.4079249154741194
1707,2017-05-18,0.4053274779748768,0.4131321175124258,0.4122679490009061,0.4114704425934208,0.0859463028602777,-0.012978255830982832,0.00520720203830638,-0.007599082928425704,-0.0019019309329965095,-0.009306496808590997,0.4131321175124258
1708,2017-05-19,0.4128470180746287,0.4194196045292298,0.4176368676302424,0.4212646346793602,0.0580366675317252,0.00751954009975192,0.006287487016803983,0.005368918629336306,0.009794192085939402,-0.0279096353285525,0.4194196045292298
1709,2017-05-22,0.4170544429438416,0.4242844268386815,0.4223107661493487,0.4255637955722043,0.0555170476756753,0.0042074248692128835,0.004864822309451733,0.004673898519106323,0.0042991608928441005,-0.0025196198560498984,0.4242844268386815
1710,2017-05-23,0.4221449479670238,0.4255399135753138,0.4255306262463889,0.4280053533149589,0.0631547480215892,0.005090505023182201,0.001255486736632283,0.0032198600970401725,0.0024415577427546187,0.007637700345913899,0.4255399135753138
1711,2017-05-24,0.4234955619402731,0.4271616154092967,0.4248555568529601,0.4303407855411708,0.0614695263968779,0.001350613973249315,0.0016217018339829137,-0.0006750693934287622,0.002335432226211853,-0.0016852216247112972,0.4271616154092967
1712,2017-05-25,0.4259368960668711,0.4277369681656706,0.4277118138624477,0.4329945708047218,0.0782987474171432,0.0024413341265979716,0.0005753527563738814,0.002856257009487606,0.002653785263551034,0.016829221020265295,0.4277369681656706
1713,2017-05-26,0.4232877641536627,0.4273708002670694,0.4247516913240206,0.4302345914873014,0.0593473954620562,-0.002649131913208369,-0.0003661678986011663,-0.0029601225384271457,-0.0027599793174203913,-0.018951351955086994,0.4273708002670694
1714,2017-05-30,0.425001917509827,0.4316079264069546,0.4303084195437618,0.4336314642919106,0.0818860028054176,0.0017141533561643163,0.0042371261398851945,0.005556728219741236,0.0033968728046091523,0.02253860734336139,0.4316079264069546
1715,2017-05-31,0.431598737480644,0.4357404129192039,0.4362286723839609,0.4377714415685509,0.0846388599623535,0.006596819970816958,0.004132486512249289,0.005920252840199092,0.004139977276640339,0.002752857156935906,0.4357404129192039
1716,2017-06-01,0.4343517104834212,0.4364203581044642,0.4361247584157781,0.4416989911021912,0.0662065431275479,0.002752973002777215,0.0006799451852603222,-0.00010391396818282272,0.003927549533640273,-0.018432316834805604,0.4364203581044642
1717,2017-06-02,0.4349750686191037,0.4411805879850297,0.4395003671317642,0.4399475333360961,0.0755623154222416,0.0006233581356824835,0.004760229880565459,0.0033756087159861337,-0.001751457766095088,0.009355772294693698,0.4411805879850297
1718,2017-06-05,0.4391823558003528,0.4420697180280626,0.4442779725572727,0.4480149498825506,0.0860185735732283,0.004207287181249131,0.0008891300430329263,0.00477760542550848,0.008067416546454487,0.010456258150986705,0.4420697180280626
1719,2017-06-06,0.4379877520218306,0.4456268989826876,0.444537724604224,0.4435035690410046,0.106477755403057,-0.0011946037785222074,0.0035571809546249833,0.0002597520469513337,-0.004511380841546009,0.0204591818298287,0.4456268989826876
1720,2017-06-07,0.44442869386709,0.4514332419471145,0.449263509721803,0.4528449232007215,0.0909067017946132,0.006440941845259396,0.005806342964426892,0.0047257851175789845,0.00934135415971693,-0.015571053608443797,0.4514332419471145
1721,2017-06-08,0.4497270572532167,0.4543626795334233,0.451288956613271,0.4545434592861629,0.057024877550417,0.005298363386126714,0.002929437586308814,0.002025446891467997,0.0016985360854414044,-0.0338818242441962,0.4543626795334233
1722,2017-06-09,0.4532070573329146,0.4366817919779306,0.4543527175329738,0.4337374518375722,0.1414994858924283,0.003480000079697898,-0.017680887555492686,0.003063760919702785,-0.020806007448590735,0.08447460834201131,0.4366817919779306
1723,2017-06-12,0.4250537642428892,0.4345894714127086,0.4315546665190161,0.4262007389034028,0.1353696154212561,-0.0281532930900254,-0.0020923205652220167,-0.02279805101395771,-0.007536712934169354,-0.006129870471172194,0.4345894714127086
1724,2017-06-13,0.434403592549516,0.4369434146463949,0.4388251705216375,0.4354890686130986,0.1073285787964298,0.009349828306626784,0.0023539432336863175,0.007270504002621414,0.009288329709695786,-0.028041036624826307,0.4369434146463949
1725,2017-06-14,0.4358061768105022,0.4305094227111509,0.4367479710649575,0.4319330283980529,0.07424173239469,0.0014025842609862171,-0.006433991935244021,-0.002077199456680001,-0.003556040215045686,-0.03308684640173981,0.4305094227111509
1726,2017-06-15,0.4210541644545885,0.4266907606843101,0.4250113006235554,0.4283769101640109,0.0809793338611285,-0.014752012355913724,-0.00381866202684078,-0.011736670441402086,-0.003556118234042005,0.006737601466438509,0.4266907606843101
1727,2017-06-16,0.4249498508993921,0.4249121702069977,0.4267769306010516,0.4286952753155917,0.13359569792156,0.003895686444803592,-0.0017785904773124361,0.0017656299774961859,0.0003183651515807906,0.052616364060431506,0.4249121702069977
1728,2017-06-19,0.4257291374964864,0.4321310301476349,0.4312432108241001,0.4342153183725983,0.0812749867777445,0.0007792865970943086,0.007218859940637201,0.004466280223048513,0.005520043057006596,-0.05232071114381551,0.4321310301476349
1729,2017-06-20,0.4296248611681236,0.4203089705660102,0.4302045064828906,0.4260415582163663,0.0765675353387361,0.003895723671637208,-0.011822059581624689,-0.0010387043412095065,-0.008173760156232002,-0.0047074514390084005,0.4203089705660102
1730,2017-06-21,0.4190283707975126,0.4228198496417756,0.4215838110589249,0.424024674988067,0.1574910236489483,-0.010596490370611,0.0025108790757654154,-0.008620695423965707,-0.0020168832282992932,0.08092348831021219,0.4228198496417756
1731,2017-06-22,0.4195997081494076,0.4188442517728558,0.4212202440707405,0.4247146041594858,0.0902825456373127,0.0005713373518950182,-0.003975597868919822,-0.000363566988184405,0.0006899291714188016,-0.0672084780116356,0.4188442517728558
1732,2017-06-23,0.4166910566818123,0.4267954947094449,0.424336330446578,0.4235471404167127,0.0891163591328828,-0.0029086514675953357,0.007951242936589109,0.00311608637583749,-0.0011674637427731005,-0.0011661865044299002,0.4267954947094449
1733,2017-06-26,0.4238591713319786,0.4200474894937943,0.4295294498082747,0.4257762466015534,0.0550275778470554,0.007168114650166313,-0.00674800521565061,0.005193119361696696,0.002229106184840679,-0.034088781285827395,0.4200474894937943
1734,2017-06-27,0.4158078585139481,0.4117301258573534,0.4176369299785987,0.4174963022153296,0.0814490934953073,-0.00805131281803051,-0.008317363636440867,-0.011892519829675985,-0.008279944386223814,0.026421515648251896,0.4117301258573534
1735,2017-06-28,0.4106135788784966,0.4175889066324721,0.4153520227979305,0.4116049284906987,0.106139397065152,-0.005194279635451493,0.005858780775118699,-0.0022849071806682053,-0.005891373724630888,0.02469030356984471,0.4175889066324721
1736,2017-06-29,0.4116523794613125,0.4047729357839301,0.4120282852826567,0.4050234136345189,0.1068982395511331,0.001038800582815913,-0.012815970848542024,-0.0033237375152737614,-0.006581514856179804,0.0007588424859810983,0.4047729357839301
1737,2017-06-30,0.4042764757419058,0.4037268227000686,0.4064716320180922,0.4084734327432719,0.0796554658011701,-0.007375903719406718,-0.0010461130838614885,-0.005556653264564504,0.003450019108753033,-0.027242773749963006,0.4037268227000686
1738,2017-07-03,0.4037571280373909,0.3965604477688726,0.4050176226497035,0.4023167089863835,0.0371997069751093,-0.0005193477045148942,-0.0071663749311959846,-0.0014540093683887423,-0.006156723756888416,-0.0424557588260608,0.3965604477688726
1739,2017-07-05,0.3948747131387793,0.4077024205689885,0.4056407846469778,0.4034843127290577,0.1019411256492045,-0.00888241489861158,0.011141972800115862,0.0006231619972743019,0.001167603742674217,0.0647414186740952,0.4077024205689885
1740,2017-07-06,0.400484648952413,0.4034130454134096,0.4060043321833827,0.4060320073855202,0.0544329869814165,0.005609935813633671,-0.004289375155578867,0.0003635475364049401,0.0025476946564624847,-0.047508138667788004,0.4034130454134096
1741,2017-07-07,0.4024584171968629,0.4098993335630968,0.4103145835760864,0.4098002906715407,0.0608125199155089,0.001973768244449947,0.006486288149687214,0.00431025139270369,0.003768283286020524,0.006379532934092401,0.4098993335630968
1742,2017-07-10,0.4071853197674507,0.4119917957245673,0.4106781691666353,0.413727971907819,0.0580563777261662,0.0047269025705877765,0.0020924621614704653,0.00036358559054888717,0.003927681236278291,-0.0027561421893426974,0.4119917957245673
1743,2017-07-11,0.4091070632628177,0.4138224464225755,0.4135342214214897,0.417230827213926,0.0454287131542552,0.001921743495367001,0.001830650698008196,0.002856052254854413,0.003502855306107,-0.012627664571911001,0.4138224464225755
1744,2017-07-12,0.4151844695015309,0.4193150121003434,0.4219472399627169,0.4221669274175988,0.1028773598851552,0.006077406238713168,0.005492565677767902,0.008413018541227169,0.0049361002036728,0.0574486467309,0.4193150121003434
1745,2017-07-13,0.4175219998639301,0.4158103161551597,0.4184678961227118,0.4211585585354929,0.0735518755892526,0.002337530362399254,-0.003504695945183711,-0.003479343840005089,-0.0010083688821059256,-0.029325484295902607,0.4158103161551597
1746,2017-07-14,0.4149249354391379,0.4228722402537178,0.4207529894002789,0.4231755886739629,0.0465653343670235,-0.002597064424792239,0.007061924098558103,0.0022850932775670962,0.0020170301384699885,-0.026986541222229092,0.4228722402537178
1747,2017-07-17,0.4202231170870161,0.4238660571231361,0.422466673229688,0.426519284789712,0.0478169317140313,0.0052981816478782084,0.0009938168694182958,0.0017136838294091183,0.0033436961157491396,0.0012515973470077976,0.4238660571231361
1748,2017-07-18,0.4197555764422023,0.4266907606843101,0.4238168872844388,0.426678477725934,0.0392002917108777,-0.000467540644813802,0.0028247035611740356,0.0013502140547507757,0.0001591929362219635,-0.008616640003153597,0.4266907606843101
1749,2017-07-19,0.426300423917908,0.4305616245280951,0.4283349363299195,0.4336844685740606,0.0689626853168906,0.006544847475705717,0.0038708638437849885,0.004518049045480699,0.007005990848126642,0.029762393606012905,0.4305616245280951
1750,2017-07-20,0.4285861224917768,0.4343804281511844,0.4330089552749636,0.4354892496192666,0.0562266146755537,0.0022856985738687885,0.003818803623089284,0.0046740189450441005,0.0018047810452059831,-0.01273607064133691,0.4343804281511844
1751,2017-07-21,0.4259369194680438,0.4230814251114905,0.4261019584832697,0.4281116058065866,0.0865080434018481,-0.0026492030237330044,-0.011299003039693889,-0.006906996791693876,-0.007377643812680024,0.030281428726294406,0.4230814251114905
1752,2017-07-24,0.4207425119667891,0.4213551780473707,0.421895385724608,0.4266253862204295,0.0592159941657824,-0.005194407501254716,-0.0017262470641197791,-0.0042065727586617085,-0.0014862195861570782,-0.0272920492360657,0.4213551780473707
1753,2017-07-25,0.4181454231528649,0.4233953439943981,0.4226744614629358,0.4252455263835524,0.0493576119128415,-0.0025970888139241755,0.0020401659470273836,0.0007790757383278057,-0.0013798598368771064,-0.009858382252940903,0.4233953439943981
1754,2017-07-26,0.4235994503697447,0.4325494942606792,0.4322818110550707,0.4320391969323367,0.0732135172513476,0.00545402721687982,0.00915415026628108,0.009607349592134884,0.006793670548784325,0.023855905338506102,0.4325494942606792
1755,2017-07-27,0.4310274133651049,0.4233430005812054,0.4320222125449909,0.4235470711347582,0.068446935229016,0.007427962995360193,-0.009206493679473793,-0.00025959851007978374,-0.00849212579757852,-0.0047665820223316,0.4233430005812054
1756,2017-07-28,0.4190283367709299,0.4221397628602669,0.4201296878566303,0.4249800112565453,0.0411351757985092,-0.01199907659417504,-0.0012032377209384992,-0.011892524688360606,0.001432940121787074,-0.027311759430506802,0.4221397628602669
1757,2017-07-31,0.4207425536726932,0.4186874103282758,0.4225186256172554,0.4243431559202288,0.0609012157904937,0.0017142169017633213,-0.0034523525319911097,0.0023889377606250983,-0.0006368553363164664,0.0197660399919845,0.4186874103282758
1758,2017-08-01,0.4187168331640634,0.4202044725346229,0.4196105211468242,0.4247678490593776,0.0393382630719652,-0.0020257205086298136,0.0015170622063471195,-0.0029081044704312164,0.0004246931391487796,-0.021562952718528497,0.4202044725346229
1759,2017-08-02,0.4190802892189545,0.4175365160205299,0.421168309338216,0.4200439338818718,0.0604248860915012,0.0003634560548911314,-0.0026679565140930173,0.0015577881913917957,-0.004723915177505811,0.021086623019535997,0.4175365160205299
1760,2017-08-03,0.4148728422172911,0.422035123232631,0.4206489621450395,0.4223261705639184,0.101592912214079,-0.0042074470016634224,0.004498607212101102,-0.0005193471931764782,0.0022822366820466344,0.0411680261225778,0.422035123232631
1761,2017-08-04,0.4229760467413087,0.4367341825898728,0.4353457495833233,0.4289076198776667,0.1648659214023146,0.008103204524017582,0.014699059357241806,0.014696787438283787,0.006581449313748267,0.0632730091882356,0.4367341825898728
1762,2017-08-07,0.4341439854516392,0.4445284424856334,0.4416295899982678,0.4406375001737121,0.0768336229636905,0.011167938710330505,0.007794259895760602,0.006283840414944508,0.011729880296045436,-0.08803229843862409,0.4445284424856334
1763,2017-08-08,0.4411563254020618,0.4426452595794346,0.4463034481845389,0.4470597117825595,0.0864554828833386,0.007012339950422608,-0.001883182906198766,0.004673858186271085,0.006422211608847372,0.00962185991964809,0.4426452595794346
1764,2017-08-09,0.4359100544785648,0.4373096769424952,0.4373192341327984,0.4411152141659358,0.0453728676033389,-0.005246270923496998,-0.005335582636939451,-0.008984214051740491,-0.00594449761662369,-0.0410826152799997,0.4373096769424952
1765,2017-08-10,0.4308715190975288,0.4249645608189398,0.4323857043679897,0.4304999932467725,0.0751286911445381,-0.005038535381035991,-0.012345116123555377,-0.004933529764808708,-0.010615220919163282,0.029755823541199204,0.4249645608189398
1766,2017-08-11,0.4228202968720256,0.4300386151849138,0.4295813727972805,0.4318799826465176,0.0462269760291185,-0.008051222225503196,0.005074054365974023,-0.0028043315707091954,0.0013799893997450963,-0.0289017151154196,0.4300386151849138
1767,2017-08-14,0.4331051058539085,0.4395066843341025,0.4386694833941302,0.440637515094521,0.067832634168936,0.010284808981882887,0.009468069149188685,0.009088110596849719,0.008757532448003369,0.021605658139817505,0.4395066843341025
1768,2017-08-15,0.4366372097690335,0.4409190125153148,0.438513636090942,0.442070533504776,0.0554546320599452,0.0035321039151249845,0.0014123281812122856,-0.00015584730318818352,0.0014330184102550048,-0.012378002108990808,0.4409190125153148
1769,2017-08-16,0.4383514695115953,0.440239114528804,0.4402274758435326,0.4440344779900108,0.0438978880526656,0.001714259742561841,-0.0006798979865108024,0.0017138397525905957,0.001963944485234792,-0.011556744007279601,0.440239114528804
1770,2017-08-17,0.4350280184473852,0.4289541295177109,0.4357137142017409,0.4349714375061026,0.0589761868000827,-0.0033234510642101145,-0.011284985011093096,-0.004513761641791736,-0.009063040483908158,0.015078298747417104,0.4289541295177109
1771,2017-08-18,0.4273595906838789,0.4285866400541237,0.4296116965075632,0.433532473580047,0.0443150871683349,-0.007668427763506291,-0.0003674894635871673,-0.006102017694177675,-0.0014389639260556364,-0.014661099631747804,0.4285866400541237
1772,2017-08-21,0.4269942152009573,0.4283237430194229,0.4272644360632375,0.4313467307548906,0.0299726356800509,-0.0003653754829215927,-0.0002628970347008375,-0.002347260444325705,-0.002185742825156378,-0.014342451488284,0.4283237430194229
1773,2017-08-22,0.4272030390677088,0.4345231099709152,0.4325323832985872,0.4365175051191988,0.043677790881407,0.00020882386675147302,0.006199366951492313,0.005267947235349679,0.005170774364308184,0.013705155201356099,0.4345231099709152
1774,2017-08-23,0.4278289898164067,0.4355212219265378,0.4335232865728259,0.4360376964467267,0.0408165276550453,0.0006259507486979232,0.0009981119556226048,0.0009909032742387303,-0.000479808672472104,-0.002861263226361696,0.4355212219265378
1775,2017-08-24,0.4327328146152415,0.4344180455545338,0.4354531140245741,0.4389695356425564,0.0478530670705066,0.004903824798834777,-0.0011031763720040222,0.0019298274517481895,0.002931839195829733,0.007036539415461299,0.4344180455545338
1776,2017-08-25,0.4320545533754302,0.4341027107091414,0.434044817723971,0.439502486682868,0.0253046046299246,-0.0006782612398112953,-0.00031533484539236767,-0.0014082963006030735,0.0005329510403115911,-0.022548462440582,0.4341027107091414
1777,2017-08-28,0.4333066196422728,0.4400393222221813,0.4377479592351534,0.4408884854567372,0.0379815446879383,0.0012520662668425997,0.005936611513039869,0.003703141511182395,0.0013859987738691903,0.012676940058013703,0.4400393222221813
1778,2017-08-29,0.432419844806126,0.440407142077015,0.4381131227994406,0.4416881452575734,0.0499292075516325,-0.0008867748361467975,0.0003678198548336953,0.0003651635642871742,0.0007996598008361833,0.011947662863694197,0.440407142077015
1779,2017-08-30,0.4382105470015549,0.4501263085735301,0.4472405412087817,0.4477116970784983,0.0937679650209749,0.005790702195428876,0.009719166496515108,0.009127418409341115,0.0060235518209248995,0.0438387574693424,0.4501263085735301
1780,2017-08-31,0.4478093463117711,0.4560102462821309,0.4536035396911837,0.4560272799678103,0.0692649082983203,0.009598799310216233,0.005883937708600795,0.006362998482402016,0.008315582889312001,-0.024503056722654598,0.4560102462821309
1781,2017-09-01,0.4536521043017738,0.4615264113346475,0.4589755711691631,0.4622106155665921,0.0558751162080213,0.005842757990002667,0.0055161650525166195,0.005372031477979378,0.006183335598781814,-0.013389792090299002,0.4615264113346475
1782,2017-09-05,0.4538085651680854,0.4543815118344728,0.4577759216158396,0.4556540446442074,0.0694784354047652,0.00015646086631160294,-0.007144899500174717,-0.001199649553323523,-0.006556570922384708,0.013603319196743902,0.4543815118344728
1783,2017-09-06,0.4494265844692233,0.4524378201314183,0.4513608220630013,0.4530954753222361,0.0707694531406552,-0.004381980698862087,-0.0019436917030544731,-0.006415099552838255,-0.0025585693219712935,0.0012910177358900071,0.4524378201314183
1784,2017-09-07,0.4496354396248684,0.459110024155376,0.4563680056751233,0.4568803318991733,0.0495809941165069,0.0002088551556451157,0.006672204023957684,0.00500718361212199,0.0037848565769372233,-0.021188459024148308,0.459110024155376
1785,2017-09-08,0.4554258538697756,0.4548018638974971,0.4569414982113809,0.4603982737522571,0.0532766555742072,0.005790414244907172,-0.00430816025787889,0.0005734925362576027,0.0035179418530837947,0.003695661457700304,0.4548018638974971
1786,2017-09-11,0.4580342838987755,0.4643108543625002,0.4614791470163688,0.4631168520392095,0.0639267306371977,0.0026084300289999085,0.009508990465003087,0.004537648804987859,0.002718578286952378,0.010650075062990497,0.4643108543625002
1787,2017-09-12,0.4623120750542737,0.4646786270185843,0.4636175595169053,0.4677544562283593,0.0507833159774121,0.004277791155498201,0.0003677726560841199,0.002138412500536535,0.004637604189149824,-0.0131434146597856,0.4646786270185843
1788,2017-09-13,0.4592341423257173,0.4641007255297375,0.4617920910520023,0.4681809036389722,0.0472749013669019,-0.0030779327285563873,-0.0005779014888467882,-0.0018254684649030017,0.0004264474106128735,-0.0035084146105101993,0.4641007255297375
1789,2017-09-14,0.4601731706260355,0.4688289546581437,0.4679987105802234,0.4700465871184054,0.1047563984218704,0.0009390283003182232,0.004728229128406203,0.006206619528221102,0.0018656834794332222,0.0574814970549685,0.4688289546581437
1790,2017-09-15,0.4683635133760068,0.4708253201656374,0.472379804256063,0.4761766920544438,0.1339274861946513,0.008190342749971269,0.001996365507493658,0.004381093675839609,0.006130104936038383,0.029171087772780907,0.4708253201656374
1791,2017-09-18,0.4695111983196168,0.4781277690916345,0.4758742525485377,0.4793749890300551,0.0764886945609718,0.0011476849436100056,0.007302448925997129,0.0034944482924746945,0.0031982969756113033,-0.0574387916336795,0.4781277690916345
1792,2017-09-19,0.4753018907066926,0.4779702196658121,0.4789515476031975,0.4818803986531487,0.0721590218487505,0.005790692387075802,-0.00015754942582241194,0.003077295054659812,0.0025054096230935907,-0.0043296727122213025,0.4779702196658121
1793,2017-09-20,0.473788936177052,0.4639956139146067,0.4741530949617007,0.4625304512413126,0.1085341856897418,-0.00151295452964062,-0.013974605751205404,-0.004798452641496809,-0.0193499474118361,0.03637516384099129,0.4639956139146067
1794,2017-09-21,0.4615295244552644,0.4643108543625002,0.4629916453125677,0.4658354361935735,0.0581976341196605,-0.012259411721787572,0.0003152404478934945,-0.011161449649133015,0.003304984952260892,-0.050336551570081295,0.4643108543625002
1795,2017-09-22,0.4595471929158279,0.471193140020471,0.4683116883676076,0.4695668705305127,0.0425904451547414,-0.0019823315394364993,0.0068822856579708325,0.005320043055039914,0.003731434336939232,-0.015607188964919104,0.471193140020471
1796,2017-09-25,0.4645552277847253,0.4626822143123411,0.4661731388058943,0.4669014815428186,0.0527280551622641,0.005008034868897393,-0.008510925708129946,-0.002138549561713332,-0.0026653889876941395,0.010137610007522703,0.4626822143123411
1797,2017-09-26,0.4632509847955843,0.4610535742621821,0.4657037055074019,0.46476925488736,0.0585162822631245,-0.0013042429891410023,-0.0016286400501590026,-0.00046943329849236104,-0.002132226655458591,0.005788227100860396,0.4610535742621821
1798,2017-09-27,0.4616337428386877,0.467147688002295,0.4669032683296135,0.4703662808530789,0.0581483586335579,-0.001617241956896609,0.0060941137401129275,0.001199562822211564,0.005597025965718927,-0.0003679236295665994,0.467147688002295
1799,2017-09-28,0.4623641472701225,0.4683035381787381,0.4656515854447676,0.4706328818288254,0.0635850872668858,0.0007304044314347946,0.0011558501764430962,-0.001251682884845895,0.00026660097574648933,0.005436728633327906,0.4683035381787381
1800,2017-09-29,0.4648683306586583,0.471665929894187,0.4693547864823507,0.4737247098627745,0.0720768960385794,0.002504183388535808,0.003362391715448887,0.0037032010375830926,0.0030918280339490845,0.008491808771693601,0.471665929894187
1801,2017-10-02,0.4714413944306506,0.475711098719866,0.475822093670018,0.4805476816567491,0.0642125284565932,0.0065730637719922935,0.004045168825679013,0.006467307187667304,0.006822971793974619,-0.007864367581986206,0.475711098719866
1802,2017-10-03,0.4723805088048307,0.4766042878553558,0.4743617742068447,0.4811341358141882,0.0565321226893903,0.0009391143741800945,0.0008931891354898025,-0.0014603194631732652,0.0005864541574390758,-0.0076804057672029,0.4766042878553558
1803,2017-10-04,0.47300648493067,0.4812274053686312,0.4778040973129899,0.4798547644331343,0.0840705493559694,0.0006259761258393115,0.004623117513275377,0.003442323106145173,-0.0012793713810538843,0.027538426666579102,0.4812274053686312
1804,2017-10-05,0.4789535175522162,0.4796512503279133,0.4788992687570854,0.483745965366153,0.0602507793739385,0.005947032621546222,-0.001576155040717897,0.0010951714440954885,0.0038912009330187014,-0.0238197699820309,0.4796512503279133
1805,2017-10-06,0.4742585372896738,0.4809647443276779,0.4776997560516642,0.4812940253473323,0.0443315123303691,-0.004694980262542392,0.0013134939997646033,-0.0011995127054211796,-0.0024519400188207086,-0.015919267043569406,0.4809647443276779
1806,2017-10-09,0.479162295527626,0.4806495038797844,0.4797860182500207,0.4864646522505369,0.0360860809891889,0.004903758237952194,-0.0003152404478934945,0.0020862621983565033,0.005170626903204634,-0.0082454313411802,0.4806495038797844
1807,2017-10-10,0.4799449040965213,0.4829086248257304,0.4815594361283474,0.4856118299437238,0.0360400905354931,0.0007826085688952822,0.0022591209459459916,0.0017734178783266885,-0.0008528223068131058,-4.5990453695798905e-05,0.4829086248257304
1808,2017-10-11,0.4785364197860073,0.4829612042326706,0.4805163178521206,0.487051130169872,0.0368580636047974,-0.001408484310513991,5.25794069402008e-05,-0.0010431182762267732,0.001439300226148188,0.000817973069304305,0.4829612042326706
1809,2017-10-12,0.4771799162730757,0.4821730323148126,0.481924433733457,0.4875840466844092,0.0367759377946263,-0.001356503512931595,-0.0007881719178579605,0.0014081158813363803,0.000532916514537185,-8.212581017110615e-05,0.4821730323148126
1810,2017-10-13,0.4811968175937812,0.4820679678984313,0.4824981458933147,0.4872642169134715,0.0345848211792609,0.004016901320705479,-0.00010506441638130637,0.0005737121598576866,-0.00031982977093769627,-0.0021911166153653974,0.4820679678984313
1811,2017-10-16,0.481144693990782,0.4827509338036594,0.4813507161026727,0.4882770067795213,0.027390600208271,-5.212360299916563e-05,0.0006829659052280945,-0.001147429790641974,0.0010127898660498014,-0.007194220970989901,0.4827509338036594
1812,2017-10-17,0.4788493255914814,0.4817527746492873,0.4791601926589767,0.4859849081264121,0.031536311105709,-0.0022953683993006124,-0.0009981591543721247,-0.002190523443696024,-0.002292098653109198,0.004145710897438003,0.4817527746492873
1813,2017-10-18,0.4778058131734605,0.4839591745920447,0.481715710312428,0.4818269657049057,0.0546202338286067,-0.0010435124180209199,0.0022063999427573977,0.0025555176534513002,-0.004157942421506411,0.0230839227228977,0.4839591745920447
1814,2017-10-19,0.477857993301076,0.4888450003450229,0.4856274348864968,0.4826798717574314,0.0506354895191041,5.2180127615486516e-05,0.00488582575297819,0.003911724574068798,0.0008529060525256926,-0.0039847443095026025,0.4888450003450229
1815,2017-10-20,0.4898045598631398,0.4871639696829216,0.4937117919868792,0.4930745093289725,0.0594262362398205,0.011946566562063832,-0.0016810306621012905,0.008084357100382411,0.010394637571541132,0.008790746720716398,0.4871639696829216
1816,2017-10-23,0.4857353370634258,0.4865333943896356,0.4870877843335095,0.4919549684008528,0.0554217817358768,-0.004069222799714001,-0.0006305752932859732,-0.006624007653369679,-0.0011195409281197222,-0.004004454503943697,0.4865333943896356
1817,2017-10-24,0.4832313587707535,0.4902109793542286,0.4871922185535979,0.4932343856697185,0.0288130192404348,-0.002503978292672293,0.0036775849645929726,0.00010443422008837855,0.0012794172688657124,-0.026608762495442,0.4902109793542286
1818,2017-10-25,0.4844833782289813,0.4850099131533569,0.4860968615566498,0.4881170376772772,0.0537956906944887,0.0012520194582277822,-0.005201066200871685,-0.001095356996948127,-0.00511734799244129,0.024982671454053904,0.4850099131533569
1819,2017-10-26,0.4843269196116856,0.489212867398606,0.4883918314518794,0.4948868787833028,0.0412337267707145,-0.000156458617295685,0.00420295424524908,0.0022949698952296482,0.006769841106025576,-0.012561963923774205,0.489212867398606
1820,2017-10-27,0.4893871759290619,0.4976185398953566,0.4944940736507353,0.4943005189616433,0.0646954282203993,0.005060256317376277,0.008405672496750616,0.006102242198855856,-0.000586359821659499,0.023461701449684798,0.4976185398953566
1821,2017-10-30,0.4914738804875342,0.5001927596929476,0.4980406849463761,0.5008570338231499,0.0652374585675287,0.0020867045584723187,0.0025742197975910375,0.0035466112956408224,0.006556514861506657,0.0005420303471294075,0.5001927596929476
1822,2017-10-31,0.4967950590734053,0.4980388447596314,0.4990838647712079,0.5043752361046049,0.0405011645439882,0.005321178585871111,-0.0021539149333162366,0.0010431798248318191,0.0035182022814549407,-0.024736294023540502,0.4980388447596314
1823,2017-11-01,0.4919435426008593,0.4885299486921273,0.4962153530706549,0.4931811814168529,0.0967934798676788,-0.0048515164725460025,-0.009508896067504102,-0.0028685117005530225,-0.011194054687751975,0.056292315323690605,0.4885299486921273
1824,2017-11-02,0.4819272863960029,0.4909991512720865,0.489800162116185,0.4911022914099178,0.0459871686634188,-0.01001625620485641,0.0024692025799591955,-0.006415190954469907,-0.002078890006935119,-0.050806311204260005,0.4909991512720865
1825,2017-11-03,0.488917574127498,0.4920496538396513,0.49037360943974,0.4932342769202782,0.0457440762653123,0.006990287731495071,0.0010505025675648372,0.0005734473235550208,0.0021319855103604235,-0.00024309239810649946,0.4920496538396513
1826,2017-11-06,0.4919955381103307,0.5009807900145571,0.4987187288611699,0.501976427429274,0.1008472098577252,0.003077963982832721,0.008931136174905763,0.008345119421429903,0.008742150508995739,0.0551031335924129,0.5009807900145571
1827,2017-11-07,0.4955951902819193,0.4803868428388311,0.5002834487461393,0.4824134277231962,0.1558977829316286,0.0035996521715885854,-0.02059394717572599,0.0015647198849693678,-0.019562999706077777,0.05505057307390339,0.4803868428388311
1828,2017-11-08,0.4765538604275718,0.4875841801496974,0.4856796683091426,0.4845989330789651,0.1512790273676049,-0.019041329854347477,0.007197337310866303,-0.014603780436996672,0.0021855053557689463,-0.004618755564023691,0.4875841801496974
1829,2017-11-09,0.4816663790340846,0.4770770777290718,0.4821330827872229,0.4775093575149804,0.1089678099674453,0.005112518606512795,-0.01050710242062558,-0.0035465855219197207,-0.007089575563984707,-0.0423112174001596,0.4770770777290718
1830,2017-11-10,0.4741020715908589,0.481017323734618,0.4781170882822445,0.4816672338030058,0.0600109720082388,-0.007564307443225726,0.003940246005546155,-0.004015994504978415,0.004157876288025386,-0.0489568379592065,0.481017323734618
1831,2017-11-13,0.474780240478533,0.4781803484985747,0.4763437523688733,0.4822535558040906,0.0459510333069435,0.0006781688876741354,-0.00283697523604326,-0.001773335913371199,0.0005863220010847714,-0.0140599387012953,0.4781803484985747
1832,2017-11-14,0.4730064387993219,0.4781277690916345,0.4752484021754772,0.4798014415681856,0.0495777090841001,-0.0017738016792110955,-5.25794069402008e-05,-0.0010953501933960719,-0.0024521142359049675,0.003626675777156599,0.4781277690916345
1833,2017-11-15,0.4719109300867919,0.4706676763423159,0.4730578191649113,0.4759101460759529,0.0489929733156817,-0.0010955087125300023,-0.007460092749318636,-0.002190583010565905,-0.003891295492232716,-0.0005847357684184012,0.4706676763423159
1834,2017-11-16,0.4682591376194076,0.4769193867070008,0.4749353946159738,0.4777757695109257,0.0586641087214325,-0.0036517924673843405,0.006251710364684915,0.0018775754510624854,0.0018656234349728185,0.009671135405750798,0.4769193867070008
1835,2017-11-17,0.4748322483285698,0.4796512503279133,0.4776996560385789,0.4831596033667548,0.0689594002844838,0.006573110709162222,0.002731863620912489,0.0027642614226051077,0.005383833855829079,0.010295291563051305,0.4796512503279133
1836,2017-11-20,0.4791370494638899,0.4820406398224723,0.48117751673849,0.4877642143942041,0.0479778983019667,0.004304801135320113,0.0023893894945590244,0.0034778606999111283,0.004604611027449301,-0.020981501982517102,0.4820406398224723
1837,2017-11-21,0.4815463366407105,0.4845724279442651,0.4850001327796347,0.4902795617523834,0.0515093081393247,0.002409287176820596,0.0025317881217927773,0.0038226160411446997,0.0025153473581793206,0.0035314098373580016,0.4845724279442651
1838,2017-11-22,0.4800798233609371,0.4768188533705713,0.4831150197276391,0.4837503563895837,0.0537004247546902,-0.0014665132797734293,-0.0077535745736938,-0.0018851130519956238,-0.006529205362799717,0.0021911166153655015,0.4768188533705713
1839,2017-11-24,0.4729044861958486,0.4798255553098074,0.4767267542620756,0.4828407723924387,0.0239117508894225,-0.007175337165088502,0.003006701939236134,-0.006388265465563481,-0.0009095839971449693,-0.029788673865267703,0.4798255553098074
1840,2017-11-27,0.4738471090063977,0.4690653259956269,0.4745273031272579,0.4743312149327326,0.0844713233096044,0.0009426228105491319,-0.010760229314180525,-0.0021994511348177315,-0.008509557459706107,0.060559572420181895,0.4690653259956269
1841,2017-11-28,0.4669335662350493,0.4777684450117105,0.4748415878097811,0.4755087309297671,0.0712227876127998,-0.006913542771348424,0.008703119016083616,0.00031428468252320263,0.0011775159970344728,-0.013248535696804592,0.4777684450117105
1842,2017-11-29,0.472485247866599,0.4566700848001053,0.4728515701614827,0.4599882851534734,0.1442063525956683,0.005551681631549732,-0.021098360211605216,-0.00199001764829837,-0.01552044577629369,0.0729835649828685,0.4566700848001053
1843,2017-11-30,0.4566677248872659,0.458832684303329,0.4647351124956671,0.4638416545788582,0.1204095778404854,-0.015817522979333087,0.0021625995032237277,-0.00811645766581559,0.0038533694253847783,-0.02379677475518291,0.458832684303329
1844,2017-12-01,0.4525299684734088,0.4588854053065176,0.4571945732861535,0.4554392737792236,0.1018162944177444,-0.004137756413857108,5.272100318859385e-05,-0.007540539209513641,-0.008402380799634568,-0.018593283422740997,0.4588854053065176
1845,2017-12-04,0.4579246542625779,0.4551931887295805,0.4604935114918683,0.4587038312976594,0.0826021398701098,0.005394685789169074,-0.003692216576937135,0.0032989382057148076,0.0032645575184357956,-0.0192141545476346,0.4551931887295805
1846,2017-12-05,0.4502779801360682,0.4547186997008826,0.4640545455816773,0.4579012938489034,0.0799576887825998,-0.007646674126509712,-0.00047448902869789977,0.003561034089809012,-0.0008025374487560244,-0.0026444510875099914,0.4547186997008826
1847,2017-12-06,0.4508540271387632,0.4552460513290177,0.454681193663083,0.4564562264305781,0.0496598348942712,0.0005760470026950348,0.0005273516281351087,-0.009373351918594286,-0.0014450674183252854,-0.030297853888328605,0.4552460513290177
1848,2017-12-07,0.4525825351101738,0.4609426572008631,0.458975169420164,0.4609518171942985,0.0601325182072921,0.0017285079714106089,0.005696605871845395,0.004293975757080959,0.004495590763720414,0.010472683313020904,0.4609426572008631
1849,2017-12-08,0.4614338207916512,0.4610479104122423,0.4633211739817519,0.4669991307312164,0.0609997667626991,0.008851285681477361,0.00010525321137921928,0.004346004561587902,0.006047313536917898,0.0008672485554069992,0.4610479104122423
1850,2017-12-11,0.458082009360464,0.4609426572008631,0.4630595968661761,0.4651797559985463,0.0534244820325152,-0.0033518114311871794,-0.00010525321137921928,-0.000261577115575784,-0.0018193747326701315,-0.007575284730183901,0.4609426572008631
1851,2017-12-12,0.4545726584210836,0.452766937011664,0.45578077218781,0.4584363401767206,0.0623564851467259,-0.003509350939380429,-0.008175720189199098,-0.007278824678366103,-0.0067434158218256934,0.008932003114210697,0.452766937011664
1852,2017-12-13,0.4525825388728978,0.455720870748962,0.455257295915782,0.4599350039201926,0.0487006054314725,-0.001990119548185787,0.00295393373729802,-0.0005234762720279784,0.0014986637434720174,-0.013655879715253401,0.455720870748962
1853,2017-12-14,0.4527917829299466,0.4508153159186939,0.453686117911026,0.4568842434264838,0.0650994872064412,0.00020924405704880744,-0.004905554830268111,-0.0015711780047560353,-0.0030507604937087818,0.016398881774968697,0.4508153159186939
1854,2017-12-15,0.4516397674053118,0.4575669554380558,0.4568805850507516,0.4568309426325522,0.1062543731993916,-0.0011520155246347863,0.006751639519361918,0.0031944671397255986,-5.3300793931621016e-05,0.041154885992950405,0.4575669554380558
1855,2017-12-18,0.4571915730653219,0.4692763988033795,0.4680865354168102,0.4671598902281343,0.0716859771821649,0.005551805660010067,0.011709443365323702,0.011205950366058648,0.010328947595582116,-0.034568396017226694,0.4692763988033795
1856,2017-12-19,0.4673000543479699,0.4725464697648114,0.4704428018085572,0.4732073036664248,0.0577804350039913,0.010108481282648019,0.0032700709614318924,0.002356266391746964,0.006047413438290461,-0.013905542178173608,0.4725464697648114
1857,2017-12-20,0.471699764187755,0.4758695921206785,0.4759412253304554,0.4788268578053614,0.0589203412491664,0.004399709839785104,0.0033231223558670697,0.005498423521898221,0.005619554138936611,0.0011399062451750985,0.4758695921206785
1858,2017-12-21,0.4730613488665366,0.4718607191333629,0.4746842801453859,0.478344964048333,0.0464799235244455,0.0013615846787816133,-0.004008872987315559,-0.0012569451850695246,-0.00048189375702839543,-0.012440417724720897,0.4718607191333629
1859,2017-12-22,0.4678762187239713,0.4690125577936888,0.4692384638405962,0.4716018079076959,0.0305278061568077,-0.005185130142565331,-0.002848161339674138,-0.005445816304789686,-0.0067431561406370855,-0.0159521173676378,0.4690125577936888
1860,2017-12-26,0.4619053458599169,0.4674829407199753,0.4656253050668057,0.4697286464856527,0.0193028504226194,-0.0059708728640543995,-0.001529617073713463,-0.0036131587737904813,-0.0018731614220431902,-0.011224955734188299,0.4674829407199753
1861,2017-12-27,0.4658861143198813,0.4662700272553899,0.4666728290574336,0.4725118245692919,0.0269109854768717,0.003980768459964423,-0.0012129134645854078,0.0010475239906279077,0.002783178083639204,0.007608135054252299,0.4662700272553899
1862,2017-12-28,0.4656240323036877,0.4673774515148486,0.4660442148589854,0.4719228934295941,0.0381457963082805,-0.00026208201619359883,0.0011074242594587003,-0.0006286141984482296,-0.0005889311396978236,0.0112348108314088,0.4673774515148486
1863,2017-12-29,0.4645765414408265,0.4635270719283455,0.4660442712639759,0.470049823850429,0.029696692957876,-0.0010474908628612112,-0.003850379586503083,5.640499051162706e-08,-0.0018730695791651097,-0.0084491033504045,0.4635270719283455
1864,2018-01-02,0.4639480162194512,0.4768716687712589,0.4741083752286574,0.4723510679383597,0.0536478642361806,-0.0006285252213752979,0.013344596842913392,0.00806410396468149,0.0023012440879306983,0.0239511712783046,0.4768716687712589
1865,2018-01-03,0.474056585370991,0.484044981918631,0.482696121943684,0.4836968548050206,0.0831113198931707,0.010108569151539792,0.0071733131473720735,0.0085877467150266,0.011345786866660934,0.029463455656990094,0.484044981918631
1866,2018-01-04,0.4830653593324533,0.4852054575725248,0.4862046044596653,0.4893698743721938,0.0540814885138841,0.009008773961462324,0.0011604756538938221,0.0035084825159812927,0.005673019567173199,-0.029029831379286594,0.4852054575725248
1867,2018-01-05,0.4848985420835387,0.486629632639861,0.4863617167919505,0.4900656208192409,0.0486513299453699,0.0018331827510854048,0.0014241750673361642,0.00015711233228521415,0.0006957464470470631,-0.005430158568514198,0.486629632639861
1868,2018-01-08,0.4815463440648315,0.4885283439346444,0.4863092530994639,0.4888345570031852,0.035619606387417,-0.003352198018707231,0.0018987112947834173,-5.246369248662619e-05,-0.0012310638160556997,-0.013031723557952901,0.4885283439346444
1869,2018-01-09,0.4856841946789516,0.4879482713033208,0.4871471948341023,0.4906543257983756,0.073036125501378,0.004137850614120087,-0.0005800726313235915,0.0008379417346384144,0.001819768795190413,0.037416519113961,0.4879482713033208
1870,2018-01-10,0.481598697866573,0.4797198301109331,0.4831150210099353,0.4820913087648344,0.0654444156091599,-0.004085496812378575,-0.008228441192387692,-0.004032173824166985,-0.008563017033541176,-0.007591709892218107,0.4797198301109331
1871,2018-01-11,0.4775658220111553,0.4858383928032857,0.4835339778746291,0.4855165371079562,0.0353995092161584,-0.0040328758554176725,0.006118562692352614,0.0004189568646937869,0.003425228343121811,-0.030044906393001496,0.4858383928032857
1872,2018-01-12,0.4835890833303234,0.4928535429410919,0.4903937523746291,0.4912429709657176,0.0417626169882165,0.006023261319168083,0.007015150137806181,0.0068597745000000265,0.005726433857761393,0.006363107772058098,0.4928535429410919
1873,2018-01-16,0.4924929561042286,0.4922732815147702,0.49416394589166,0.4960060231167022,0.0577672948743639,0.008903872773905197,-0.0005802614263217265,0.0037701935170308953,0.0047630521509846035,0.0160046778861474,0.4922732815147702
1874,2018-01-17,0.4943260792650069,0.5064617447999485,0.5046891498120877,0.5026422249436736,0.0937318296644996,0.0018331231607782716,0.014188463285178365,0.010525203920427662,0.0066362018269713885,0.0359645347901357,0.5064617447999485
1875,2018-01-18,0.5029157994573304,0.5131604745211239,0.5110776621682452,0.51307831958606,0.0793860931438088,0.008589720192323569,0.006698729721175356,0.006388512356157561,0.010436094642386373,-0.014345736520690794,0.5131604745211239
1876,2018-01-19,0.5125007464575184,0.5140044825596373,0.5139054525596488,0.5188048605166702,0.1236781850852958,0.009584947000187971,0.0008440080385133664,0.002827790391403573,0.005726540930610202,0.04429209194148699,0.5140044825596373
1877,2018-01-22,0.5112435506145607,0.5205447660787496,0.5168900478303449,0.52035670915742,0.0574157964068315,-0.0012571958429576924,0.006540283519112289,0.0029845952706960555,0.0015518486407498644,-0.06626238867846429,0.5205447660787496
1878,2018-01-23,0.5169003927365654,0.519648273030795,0.5192990202615491,0.5248524238576847,0.0535788785556369,0.005656842122004679,-0.000896493047954583,0.0024089724312041927,0.004495714700264664,-0.003836917851194596,0.519648273030795
1879,2018-01-24,0.5073154643601583,0.5029806482295135,0.5121250242023001,0.5078335723118613,0.1078607540463386,-0.00958492837640712,-0.016667624801281478,-0.007173996059248955,-0.017018851545823388,0.0542818754907017,0.5029806482295135
1880,2018-01-25,0.5044348029431399,0.4877900138962558,0.5045321880284468,0.4937048304529998,0.0894974228920768,-0.002880661417018371,-0.01519063433325768,-0.007592836173853312,-0.014128741858861538,-0.01836333115426181,0.4877900138962558
1881,2018-01-26,0.4919167869846028,0.511156132424965,0.508302319874583,0.500287461060307,0.1068358239354031,-0.012518015958537132,0.023366118528709234,0.003770131846136171,0.006582630607307183,0.017338401043326304,0.511156132424965
1882,2018-01-29,0.5035443111251879,0.5109978750179002,0.5094543582327833,0.5104558850798695,0.064343929752867,0.011627524140585155,-0.0001582574070648768,0.0011520383582003246,0.010168424019562528,-0.0424918941825361,0.5109978750179002
1883,2018-01-30,0.5046441965976578,0.5010289799377939,0.5053699236460218,0.5078334993101394,0.067198622914415,0.0010998854724698637,-0.009968895080106233,-0.004084434586761443,-0.0026223857697300623,0.0028546931615480026,0.5010289799377939
1884,2018-01-31,0.5017112729443465,0.5022422709923754,0.5037991007716031,0.505853442941714,0.0638610299890608,-0.0029329236533113257,0.0012132910545814557,-0.0015708228744187869,-0.0019800563684254646,-0.0033375929253541964,0.5022422709923754
1885,2018-02-01,0.4971020564426306,0.4986554492230661,0.5021233077186268,0.5036590902138193,0.0634832512622737,-0.004609216501715863,-0.0035868217693093007,-0.001675793052976271,-0.0021943527278946995,-0.0003777787267871119,0.4986554492230661
1886,2018-02-02,0.4923359054906453,0.4921678395083929,0.4971487938184749,0.499003097704398,0.0639037354103498,-0.004766150951985293,-0.006487609714673215,-0.004974513900151911,-0.004655992509421281,0.0004204841480761057,0.4921678395083929
1887,2018-02-05,0.4876220976122297,0.4720718863386146,0.4924884095426194,0.4788268315755287,0.1157678270496138,-0.004713807878415632,-0.020095953169778302,-0.004660384275855467,-0.020176266128869302,0.051864091639264004,0.4720718863386146
1888,2018-02-06,0.4616434700109883,0.4848362217552063,0.4813346829767747,0.4704244296835317,0.1799573602793591,-0.025978627601241366,0.012764335416591721,-0.011153726565844735,-0.00840240189199698,0.0641895332297453,0.4848362217552063
1889,2018-02-07,0.4585532550525263,0.4373125560662145,0.4660442105685003,0.4431836375337211,0.4475922354974032,-0.003090214958462012,-0.0475236656889918,-0.015290472408274358,-0.027240792149810622,0.2676348752180441,0.4373125560662145
1890,2018-02-08,0.4347220471209639,0.4214361239027588,0.4357251084166582,0.4240776257594239,0.266619800204329,-0.023831207931562404,-0.01587643216345569,-0.030319102151842137,-0.01910601177429716,-0.18097243529307416,0.4214361239027588
1891,2018-02-09,0.4230421494489204,0.4274491029924857,0.4292842971204221,0.4192074988522855,0.1877987326344974,-0.011679897672043527,0.0060129790897268665,-0.006440811296236082,-0.00487012690713845,-0.07882106756983162,0.4274491029924857
1892,2018-02-12,0.4269181485123547,0.4378928174925362,0.4372961997001063,0.4362264029895731,0.1649053417911967,0.003875999063434332,0.01044371450005055,0.008011902579684205,0.017018904137287627,-0.022893390843300693,0.4378928174925362
1893,2018-02-13,0.4300606356460293,0.4262360007329022,0.4331069459085876,0.4288407983061289,0.1411414173600822,0.0031424871336745985,-0.011656816759634037,-0.004189253791518688,-0.00738560468344418,-0.023763924431114497,0.4262360007329022
1894,2018-02-14,0.4192186951715606,0.4336202922905279,0.4313788275032137,0.4281449982176892,0.1211224298727706,-0.010841940474468736,0.007384291557625711,-0.0017281184053739018,-0.0006958000884397242,-0.02001898748731161,0.4336202922905279
1895,2018-02-15,0.4352981539413271,0.4350971411623032,0.436091624318809,0.4334967936300424,0.1176205853270742,0.01607945876976652,0.0014768488717752937,0.004712796815595277,0.0053517954123532,-0.003501844545696395,0.4350971411623032
1896,2018-02-16,0.4306891467282947,0.4399498333931341,0.4389193933756488,0.440079621675993,0.116736911609633,-0.004609007213032368,0.004852692230830902,0.0028277690568397906,0.006582828045950617,-0.0008836737174412052,0.4399498333931341
1897,2018-02-20,0.4347284728803932,0.44955435412712,0.4550381088553017,0.4442070187519238,0.1322718298616015,0.004039326152098455,0.009604520733985933,0.016118715479652934,0.004127397075930794,0.015534918251968496,0.44955435412712
1898,2018-02-21,0.4483533304451461,0.4457931801771671,0.4514618746332265,0.449367329834992,0.1062970786206806,0.013624857564752901,-0.0037611739499529007,-0.003576234222075203,0.005160311083068192,-0.0259747512409209,0.4457931801771671
1899,2018-02-22,0.4428297146110176,0.4445746500613914,0.4503573528823834,0.4474859510594791,0.07221158236726,-0.00552361583412847,-0.0012185301157757178,-0.0011045217508431349,-0.0018813787755129208,-0.0340854962534206,0.4445746500613914
1900,2018-02-23,0.4461437017205223,0.4511435832214487,0.4482009237967566,0.4497434074308815,0.0677964988124607,0.0033139871095047013,0.0065689331600573,-0.0021564290856267987,0.0022574563714024,-0.00441508355479929,0.4511435832214487
1901,2018-02-26,0.449510498776944,0.4576066967851327,0.4547225693982912,0.4582363178217876,0.0727503276819825,0.0033667970564216776,0.006463113563684009,0.00652164560153462,0.008492910390906105,0.004953828869521795,0.4576066967851327
1902,2018-02-27,0.4616623474153672,0.4691025658089804,0.4852793717960991,0.4709218533352137,0.2006662045721081,0.012151848638423224,0.011495869023847693,0.030556802397807892,0.012685535513426105,0.1279158768901256,0.4691025658089804
1903,2018-02-28,0.4703947257297622,0.4711155924750467,0.4760229130416931,0.4767807611938199,0.1351955087036933,0.008732378314394995,0.0020130266660662866,-0.009256458754406005,0.0058589078586062104,-0.06547069586841481,0.4711155924750467
1904,2018-03-01,0.4682904571588298,0.471592299844971,0.4733405807250547,0.4706529724264329,0.1260926839043267,-0.0021042685709324327,0.00047670736992427853,-0.0026823323166383917,-0.00612778876738701,-0.009102824799366582,0.471592299844971
1905,2018-03-02,0.4860184398597801,0.4836179276331781,0.4930631600080596,0.4783933347846061,0.2801672738501565,0.01772798270095033,0.01202562778820715,0.019722579283004915,0.007740362358173214,0.1540745899458298,0.4836179276331781
1906,2018-03-05,0.4825467030379995,0.5004644828938044,0.4991641986105103,0.4896276766424026,0.1293448659871029,-0.003471736821780591,0.016846555260626284,0.0061010386024507035,0.011234341857796482,-0.1508224078630536,0.5004644828938044
1907,2018-03-06,0.4996956880088959,0.5115891809516042,0.508893716831203,0.5038717315279929,0.157073824533279,0.017148984970896397,0.011124698057799809,0.009729518220692679,0.01424405488559033,0.027728958546176102,0.5115891809516042
1908,2018-03-07,0.5001692129701203,0.5062916405067598,0.5053174231863852,0.5064519071688965,0.0986856585340214,0.0004735249612243808,-0.0052975404448444285,-0.0035762936448178184,0.002580175640903626,-0.0583881659992576,0.5062916405067598
1909,2018-03-08,0.5102695542240085,0.5050733463847316,0.5109976940126343,0.5082796302687806,0.1279158768901255,0.010100341253888256,-0.0012182941220282295,0.005680270826249112,0.0018277230998841043,0.029230218356104107,0.5050733463847316
1910,2018-03-09,0.5097959969452082,0.5243035328924781,0.5213584306429383,0.5184386368278593,0.1404154251981695,-0.000473557278800385,0.01923018650774655,0.010360736630304013,0.010159006559078643,0.012499548308043978,0.5243035328924781
1911,2018-03-12,0.523578330739254,0.5310312898445944,0.5285635647322495,0.5337578288795664,0.0960182122196635,0.013782333794045809,0.006727756952116248,0.007205134089311227,0.015319192051707065,-0.04439721297850599,0.5310312898445944
1912,2018-03-13,0.5312587550499619,0.519323687230501,0.5337178227674781,0.5239750448231375,0.1205738294608276,0.007680424310707923,-0.011707602614093315,0.0051542580352286205,-0.00978278405642885,0.024555617241164104,0.519323687230501
1913,2018-03-14,0.5183179685405884,0.5151916255069972,0.5190968843455617,0.5201049504457622,0.0770537201349491,-0.01294078650937347,-0.004132061723503888,-0.014620938421916474,-0.0038700943773752883,-0.043520109325878506,0.5151916255069972
1914,2018-03-15,0.5125841199339932,0.5166750350049526,0.5144687667287808,0.5206425514166916,0.0557929903978502,-0.005733848606595204,0.0014834094979554457,-0.004628117616780836,0.0005376009709293639,-0.021260729737098902,0.5166750350049526
1915,2018-03-16,0.5134257174391639,0.5201184197745391,0.5196228748726482,0.5226850509195288,0.0876216693877685,0.0008415975051706548,0.0034433847695864994,0.0051541081438674086,0.0020424995028371917,0.0318286789899183,0.5201184197745391
1916,2018-03-19,0.5115319132894278,0.5137083104065407,0.5126279245800538,0.5100533067984652,0.0870106533600953,-0.0018938041497360558,-0.006410109367998351,-0.0069949502925944484,-0.012631744121063604,-0.000611016027673203,0.5137083104065407
1917,2018-03-20,0.5120053713063879,0.5220255324467331,0.5202013789054297,0.5214487497160838,0.0741530365197052,0.00047345801696008216,0.008317222040192362,0.007573454325375928,0.011395442917618626,-0.012857616840390093,0.5220255324467331
1918,2018-03-21,0.5158454847339664,0.5255748784089415,0.5273540083216735,0.5270389323222676,0.0826087099349235,0.0038401134275785065,0.00354934596220835,0.007152629416243728,0.0055901826061838245,0.008455673415218301,0.5255748784089415
1919,2018-03-22,0.513688774898601,0.5114833613552309,0.519780664793303,0.5187074258137576,0.0721294565570889,-0.0021567098353654224,-0.01409151705371059,-0.007573343528370469,-0.00833150650851,-0.010479253377834605,0.5114833613552309
1920,2018-03-23,0.5086911897151994,0.4980273754635035,0.5097878320677723,0.5053230967183362,0.1181100551556941,-0.004997585183401543,-0.013455985891727362,-0.009992832725530643,-0.013384329095421421,0.045980598598605205,0.4980273754635035
1921,2018-03-26,0.5049564282914425,0.519112000839005,0.5158362803893038,0.5085484083505362,0.0561017834440936,-0.0037347614237569493,0.021084625375501487,0.006048448321531508,0.0032253116321999675,-0.062008271711600504,0.519112000839005
1922,2018-03-27,0.5190544655596052,0.5000935007227545,0.5211480529565755,0.5038181107141935,0.0919743373268377,0.014098037268162722,-0.019018500116250503,0.0053117725672716665,-0.004730297636342695,0.0358725538827441,0.5000935007227545
1923,2018-03-28,0.4948561900517699,0.4829293450767598,0.4964292280986302,0.48876757604119,0.1207413661135767,-0.02419827550783532,-0.017164155645994716,-0.0247188248579453,-0.01505053467300349,0.028767028786739007,0.4829293450767598
1924,2018-03-29,0.4835985263009569,0.4839886738104806,0.4870674304362631,0.4861872824905743,0.1402511735778273,-0.011257663750812996,0.0010593287337208324,-0.00936179766236711,-0.0025802935506156754,0.019509807464250586,0.4839886738104806
1925,2018-04-02,0.4786537085267409,0.4642286813396251,0.4812296336564057,0.4688792279515201,0.1434277999152461,-0.004944817774216015,-0.019759992470855525,-0.005837796779857407,-0.017308054539054207,0.003176626337418803,0.4642286813396251
1926,2018-04-03,0.4649764143698932,0.4716453512394061,0.4691331565862325,0.4695242480050535,0.0787947873105768,-0.013677294156847708,0.007416669899781014,-0.012096477070173195,0.0006450200535333961,-0.06463301260466929,0.4716453512394061
1927,2018-04-04,0.4585060339330469,0.4777376242282886,0.4754970183089043,0.4671592091692689,0.0694948605667994,-0.006470380436846279,0.006092272988882486,0.006363861722671782,-0.002365038835784594,-0.0092999267437774,0.4777376242282886
1928,2018-04-05,0.4767073107267973,0.4747708996298768,0.4781791714356233,0.475383187124341,0.0654345605119394,0.018201276793750387,-0.0029667245984117963,0.002682153126718989,0.008223977955072126,-0.004060300054860008,0.4747708996298768
1929,2018-04-06,0.4649764807257633,0.4570240282225866,0.4718154988084572,0.4616227542970427,0.0808676427592958,-0.011730830001033976,-0.0177468714072902,-0.006363672627166084,-0.01376043282729833,0.0154330822473564,0.4570240282225866
1930,2018-04-09,0.45834826403748,0.4566532348465347,0.4682391831771695,0.4629128710731544,0.1216940255115616,-0.006628216688283284,-0.0003707933760518922,-0.0035763156312876854,0.0012901167761116827,0.0408263827522658,0.4566532348465347
1931,2018-04-10,0.4632929398086027,0.4700559805488289,0.4693434203544394,0.4674278066928943,0.0752666625056256,0.004944675771122675,0.013402745702294216,0.0011042371772698734,0.004514935619739924,-0.046427363005936,0.4700559805488289
1932,2018-04-11,0.4609257565937621,0.4688375448305522,0.473340559524483,0.4701692025657484,0.0693338939788641,-0.0023671832148405847,-0.0012184357182767336,0.003997139170043629,0.002741395872854102,-0.0059327685267615005,0.4688375448305522
1933,2018-04-12,0.469027025677123,0.471804269428964,0.4728673202908253,0.4759207530501375,0.1002591890569,0.008101269083360896,0.0029667245984117963,-0.00047323923365771847,0.0057515504843890786,0.030925295078035903,0.471804269428964
1934,2018-04-13,0.4711837263217342,0.4626393578477974,0.4716575669556093,0.4676428441046352,0.0805391395186113,0.002156700644611209,-0.009164911581166557,-0.0012097533352160017,-0.008277908945502288,-0.019720049538288695,0.4626393578477974
1935,2018-04-16,0.4639769162173187,0.4568121058373431,0.4638738275419337,0.4620527261642958,0.1246439846129082,-0.00720681010441554,-0.005827252010454309,-0.0077837394136756055,-0.0055901179403393675,0.04410484509429689,0.4568121058373431
1936,2018-04-17,0.4568226219823417,0.4718572736246497,0.4713946881149745,0.4662991458863276,0.0977362841684433,-0.007154294234976988,0.01504516778730658,0.0075208605730408,0.004246419722031769,-0.026907700444464902,0.4718572736246497
1937,2018-04-18,0.4664494138319441,0.4661888926050038,0.4693962033390607,0.4703306009320908,0.0738048230845797,0.009626791849602412,-0.005668381019645896,-0.0019984847759138002,0.004031455045763188,-0.023931461083863598,0.4661888926050038
1938,2018-04-19,0.4539819491068796,0.4510376692275764,0.4560899944448338,0.4540436490091101,0.1049732105607221,-0.012467464725064492,-0.015151223377427414,-0.0133062088942269,-0.016286951922980686,0.03116838747614241,0.4510376692275764
1939,2018-04-20,0.4550340895061961,0.4538984326333664,0.4607182547562211,0.4539361764322959,0.1179720837946066,0.0010521403993165035,0.002860763405790001,0.0046282603113873,-0.00010747257681420486,0.01299887323388449,0.4538984326333664
1940,2018-04-23,0.4515094345731827,0.4471173882930676,0.4555113943475189,0.4532910543445074,0.108888969189681,-0.0035246549330134047,-0.006781044340298803,-0.005206860408702163,-0.0006451220877884967,-0.009083114604925599,0.4471173882930676
1941,2018-04-24,0.4489317945122416,0.4367341353911232,0.4497261669161578,0.4368966993160369,0.1425999717487213,-0.002577640060941133,-0.010383252901944362,-0.005785227431361117,-0.016394355028470475,0.033711002559040304,0.4367341353911232
1942,2018-04-25,0.4348337237883319,0.4395948987969133,0.4422579287770506,0.4384018048526311,0.0888831218319968,-0.014098070723909673,0.002860763405790112,-0.007468238139107186,0.0015051055365941646,-0.0537168499167245,0.4395948987969133
1943,2018-04-26,0.4413566926049992,0.4497662293136141,0.4489372613137006,0.4478621269293568,0.0813176921990335,0.006522968816667307,0.010171330516700772,0.0066793325366499845,0.009460322076725702,-0.007565429632963305,0.4497662293136141
1944,2018-04-27,0.4501943689097508,0.4484948365984012,0.4525662388147755,0.4489909351159741,0.0511512396069787,0.008837676304751574,-0.0012713927152128712,0.0036289775010748815,0.0011288081866173139,-0.030166452592054797,0.4484948365984012
1945,2018-04-30,0.445828196739533,0.4431972961535568,0.4487795677823859,0.4483997194641782,0.0588480705362158,-0.004366172170217786,-0.0052975404448444285,-0.0037866710323895547,-0.0005912156517958733,0.007696830929237106,0.4431972961535568
1946,2018-05-01,0.4376217690949865,0.4504019492705952,0.4476224599680839,0.4461420963160473,0.0554579170923521,-0.008206427644546488,0.007204653117038384,-0.0011571078143020053,-0.0022576231481309383,-0.0033901534438637027,0.4504019492705952
1947,2018-05-02,0.4479849985028587,0.4491305565553824,0.450409923998199,0.4516785720375311,0.0763375830702569,0.01036322940787221,-0.0012713927152127602,0.0027874640301150944,0.005536475721483802,0.020879665977904797,0.4491305565553824
1948,2018-05-03,0.4417774694219045,0.4561762442841134,0.4539335426769656,0.4442069115773912,0.1038267342507333,-0.006207529080954233,0.007045687728730987,0.0035236186787666046,-0.007471660460139917,0.0274891511804764,0.4561762442841134
1949,2018-05-04,0.4496157291325743,0.4635930085813934,0.4615597256513066,0.4594188673648319,0.0719027893210166,0.007838259710669815,0.0074167642972799985,0.007626182974340978,0.015211955787440723,-0.0319239449297167,0.4635930085813934
1950,2018-05-07,0.4656076796848796,0.4701090319432641,0.4718154210897576,0.4711368158785541,0.1204424281645538,0.01599195055230529,0.006516023361870682,0.010255695438451007,0.01171794851372221,0.04853963884353721,0.4701090319432641
1951,2018-05-08,0.4729198623431928,0.4802275470592771,0.4783896755681233,0.4650628836264253,0.1474585346784446,0.007312182658313182,0.010118515116013027,0.006574254478365682,-0.006073932252128822,0.027016106513890803,0.4802275470592771
1952,2018-05-09,0.478706385573414,0.486637609228526,0.4834386082534503,0.4789308974691727,0.0898916267808982,0.005786523230221219,0.006410062169248887,0.005048932685327023,0.01386801384274744,-0.05756690789754641,0.486637609228526
1953,2018-05-10,0.4820730300372225,0.4935244259664487,0.4904334613987053,0.492583846819846,0.0581417885687442,0.0033666444638085213,0.006886816737922685,0.006994853145254998,0.013652949350673294,-0.031749838212154,0.4935244259664487
1954,2018-05-11,0.4918576838562149,0.4924119986395432,0.4955351325655819,0.497260395785317,0.0473307469178183,0.009784653818992406,-0.001112427326905474,0.005101671166876598,0.0046765489654709835,-0.010811041650925897,0.4924119986395432
1955,2018-05-14,0.4950139448110859,0.4951137494582763,0.4980595566238969,0.5009155006213446,0.0544986876295534,0.003156260954870982,0.002701750818733084,0.002524424058314989,0.0036551048360276006,0.007167940711735099,0.4951137494582763
1956,2018-05-15,0.4981177545797501,0.4945840850914159,0.4982174588087024,0.496400393826362,0.0982783145155727,0.0031038097686642008,-0.0005296643668604162,0.00015790218480549179,-0.004515106794982626,0.0437796268860193,0.4945840850914159
1957,2018-05-16,0.4897008955753111,0.495378723237955,0.4942203377186705,0.5002167758780997,0.048309686575058,-0.008416859004439003,0.0007946381465391283,-0.003997121090031863,0.0038163820517376768,-0.0499686279405147,0.495378723237955
1958,2018-05-17,0.4903320576941047,0.4946369476908531,0.4943779970299199,0.4979590833184051,0.0536872846250628,0.0006311621187936045,-0.0007417755471019194,0.0001576593112493918,-0.0022576925596945463,0.005377598050004803,0.4946369476908531
1959,2018-05-18,0.4885015063906334,0.4935413703175182,0.4939896752559748,0.4960766287103599,0.0471369300058145,-0.0018305513034713172,-0.0010955773733348773,-0.0003883217739450995,-0.0018824546080452031,-0.0065503546192483,0.4935413703175182
1960,2018-05-21,0.4960006211878259,0.4989128240040757,0.4996391582688816,0.5017426662362922,0.0428696729093232,0.007499114797192508,0.0053714536865575035,0.0056494830129067974,0.005666037525932255,-0.0042672570964913045,0.4989128240040757
1961,2018-05-22,0.4940466020309613,0.5016783403333799,0.5015927048649046,0.5040630124100015,0.0559605270505993,-0.001954019156864606,0.002765516329304163,0.0019535465960229814,0.0023203461737093534,0.013090854141276101,0.5016783403333799
1962,2018-05-23,0.4924095220984566,0.5003488459575357,0.497052055914966,0.5003936548292008,0.0513417714865757,-0.0016370799325046703,-0.0013294943758441757,-0.004540648949938608,-0.0036693575808006695,-0.004618755564023601,0.5003488459575357
1963,2018-05-24,0.4963176156127658,0.5044439982589325,0.5014344554985088,0.5042789685616278,0.044883397774719,0.003908093514309152,0.004095152301396787,0.004382399583542862,0.0038853137324269538,-0.006458373711856695,0.5044439982589325
1964,2018-05-25,0.500700837337264,0.5095495341908214,0.5065559291518826,0.5115098963513647,0.0452677465663198,0.004383221724498232,0.005105535931888894,0.005121473653373787,0.007230927789736885,0.00038434879160079843,0.5095495341908214
1965,2018-05-29,0.5009648375115007,0.5064648599174154,0.5067670593133985,0.5091354642055816,0.0622874994661822,0.0002640001742366671,-0.003084674273405974,0.00021113016151586006,-0.002374432145783034,0.0170197528998624,0.5064648599174154
1966,2018-05-30,0.5103653137234276,0.5185907850483046,0.5231877176084265,0.5142080767462659,0.103685477857239,0.009400476211926967,0.01212592513088917,0.016420658295028034,0.0050726125406842515,0.0413979783910568,0.5185907850483046
1967,2018-05-31,0.5134810839248629,0.5178992761694174,0.5213396519081787,0.5235434549263448,0.085157895082635,0.003115770201435275,-0.0006915088788871371,-0.0018480657002478695,0.009335378180078902,-0.018527582774604007,0.5178992761694174
1968,2018-06-01,0.5194487294330576,0.537417611042846,0.5337474853828684,0.5269971088143118,0.0968986009046979,0.00596764550819473,0.019518334873428578,0.012407833474689767,0.003453653887967034,0.011740705822062908,0.537417611042846
1969,2018-06-04,0.5336550945948176,0.539332417111208,0.5371268756762746,0.5417290327665232,0.14097716573974,0.014206365161759993,0.0019148060683620294,0.0033793902934061704,0.014731923952211345,0.044078564835042106,0.539332417111208
1970,2018-06-05,0.5426326824672375,0.5432145142573734,0.5427761299438496,0.5472329587591149,0.0653951401230573,0.008977587872419868,0.0038820971461653864,0.00564925426757501,0.005503925992591752,-0.0755820256166827,0.5432145142573734
1971,2018-06-06,0.5401506607049706,0.5494370557948689,0.5457857857677763,0.548744001746565,0.0723922591496365,-0.0024820217622668617,0.006222541537495463,0.003009655823926649,0.0015110429874500841,0.006997119026579193,0.5494370557948689
1972,2018-06-07,0.5440585812149381,0.543640010984093,0.5460496770511232,0.5464774674171742,0.0807592366898699,0.003907920509967466,-0.00579704481077592,0.0002638912833469176,-0.0022665343293908347,0.008366977540233397,0.543640010984093
1973,2018-06-08,0.5353449679400434,0.543267896043055,0.550168179790929,0.5438874609762777,0.0504613828015413,-0.008713613274894727,-0.00037211494103794873,0.004118502739805852,-0.002590006440896464,-0.030297853888328598,0.543267896043055
1974,2018-06-11,0.5389360281547934,0.5445973904188993,0.5434626035234025,0.5489058797563557,0.0411088955392544,0.003591060214749975,0.0013294943758442868,-0.006705576267526547,0.005018418780078027,-0.0093524872622869,0.5445973904188993
1975,2018-06-12,0.5414182424962221,0.546139845552476,0.5439379102903067,0.5494996040981983,0.1023418996028395,0.0024822143414287012,0.0015424551335766479,0.00047530676690421547,0.0005937243418425719,0.0612330040635851,0.546139845552476
1976,2018-06-13,0.5433722451988253,0.5428956395057687,0.5443074850354105,0.5491218500248148,0.0874869830590878,0.0019540027026032636,-0.0032442060467072764,0.0003695747451037956,-0.0003777540733834739,-0.014854916543751706,0.5428956395057687
1977,2018-06-14,0.5420519353421482,0.5455015768630219,0.5452578378278004,0.5508486108675076,0.0521104690697773,-0.0013203098566770821,0.0026059373572532296,0.0009503527923898636,0.0017267608426927428,-0.03537651398931049,0.5455015768630219
1978,2018-06-15,0.5414708478334619,0.5423636152014334,0.5413505411748509,0.5441031414452935,0.0839358630272887,-0.000581087508686351,-0.0031379616615885286,-0.003907296652949421,-0.006745469422214101,0.0318253939575114,0.5423636152014334
1979,2018-06-18,0.5346583442715659,0.5405554783069355,0.5379186997447869,0.5423224893405617,0.0540026477361199,-0.0068125035618959995,-0.0018081368944978804,-0.003431841430064031,-0.0017806521047317725,-0.029933215291168797,0.5405554783069355
1980,2018-06-19,0.5289019859628156,0.5339607746296526,0.5354371883817939,0.5371421197576731,0.0595576375360942,-0.00575635830875032,-0.006594703677282876,-0.0024815113629930163,-0.005180369582888589,0.005554989799974298,0.5339607746296526
1981,2018-06-20,0.5346055234443307,0.5383749432789028,0.5363347075626987,0.541513005195461,0.0444530585294223,0.005703537481515086,0.00441416864925015,0.0008975191809048599,0.0043708854377878525,-0.015104579006671899,0.5383749432789028
1982,2018-06-21,0.5370345809833043,0.5249192877784219,0.5369152599963015,0.53223121982847,0.0481782852787842,0.0024290575389736,-0.01345565550048089,0.0005805524336027768,-0.00928178536699098,0.003725226749361897,0.5249192877784219
1983,2018-06-22,0.522722979057186,0.515452823386716,0.5248243960611655,0.5200359054866469,0.0934788821691726,-0.014311601926118245,-0.009466464391705842,-0.012090863935136031,-0.012195314341823082,0.04530059689038841,0.515452823386716
1984,2018-06-25,0.507038101156262,0.4958813427213534,0.5084566275185523,0.5003395983200681,0.1049436452690605,-0.015684877900923988,-0.01957148066536263,-0.016367768542613237,-0.019696307166578775,0.011464763099887892,0.4958813427213534
1985,2018-06-26,0.4951556705257945,0.4953495544107656,0.4976856162353414,0.5002316876392497,0.0580859430178278,-0.011882430630467511,-0.0005317883105878107,-0.01077101128321084,-0.0001079106808183905,-0.046857702251232695,0.4953495544107656
1986,2018-06-27,0.4928321431103378,0.4802456713790842,0.498002568708476,0.4866333400556735,0.0923028405675221,-0.0023235274154567165,-0.01510388303168142,0.00031695247313456854,-0.013598347583576254,0.03421689754969429,0.4802456713790842
1987,2018-06-28,0.4749290780735933,0.480990090056158,0.4818458644190293,0.4852841326261917,0.0848096816475094,-0.017903065036744492,0.0007444186770738104,-0.016156704289446655,-0.0013492074294818024,-0.007493158920012691,0.480990090056158
1988,2018-06-29,0.4791539744680341,0.4837024133947785,0.4855417975247461,0.4878743498862261,0.1043326292413874,0.004224896394440791,0.0027123233386204815,0.0036959331057167533,0.0025902172600343887,0.019522947593878,0.4837024133947785
1989,2018-07-02,0.4764606570445082,0.4864680241215817,0.4832714828722914,0.481344913641983,0.053618298944519,-0.0026933174235259094,0.0027656107268032026,-0.002270314652454697,-0.00652943624424307,-0.05071433029686841,0.4864680241215817
1990,2018-07-03,0.4849104198888468,0.4791819059629106,0.4848026801045613,0.4852842039009991,0.0348213435125537,0.008449762844338626,-0.007286118158671084,0.0015311972322699097,0.0039392902590160706,-0.0187969554319653,0.4791819059629106
1991,2018-07-05,0.4817944352126238,0.4899779591279596,0.4875480651591343,0.4901406726467195,0.0565288376569834,-0.003115984676223038,0.010796053165049002,0.002745385054573002,0.0048564687457204325,0.021707494144429698,0.4899779591279596
1992,2018-07-06,0.4842238952645449,0.496785623562975,0.4956265454582975,0.4931627185469961,0.0549257418424432,0.0024294600519211285,0.006807664435015404,0.008078480299163193,0.0030220459002766042,-0.001603095814540198,0.496785623562975
1993,2018-07-09,0.4951029965807415,0.4966260917896737,0.4963657840036488,0.4983971341553666,0.0480665941769515,0.010879101316196571,-0.00015953177330130242,0.0007392385453512951,0.005234415608370457,-0.006859147665491699,0.4966260917896737
1994,2018-07-10,0.4951555302058804,0.5031141734918418,0.5003254362844065,0.5031455210873825,0.0511643797366061,5.253362513890636e-05,0.006488081702168136,0.003959652280757731,0.004748386932015958,0.003097785559654599,0.5031141734918418
1995,2018-07-11,0.4932545469284615,0.4893399264322531,0.4974216791321802,0.4942419295916103,0.0737621176632907,-0.0019009832774188884,-0.01377424705958874,-0.002903757152226294,-0.008903591495772245,0.022597737926684604,0.4893399264322531
1996,2018-07-12,0.4899274198498967,0.5014125169762103,0.4982664765696016,0.4977494863489793,0.0721425966867163,-0.0033271270785648066,0.012072590543957151,0.0008447974374213851,0.0035075567573690236,-0.001619520976574404,0.5014125169762103
1997,2018-07-13,0.4982186423787881,0.500082833805368,0.4991111440274081,0.5053041347163792,0.0487498809175752,0.008291222528891418,-0.0013296831708422552,0.0008446674578064806,0.007554648367399941,-0.0233927157691411,0.500082833805368
1998,2018-07-16,0.4964229685960195,0.500508188935839,0.5006950158503922,0.5064372180053168,0.0354947751559569,-0.0017956737827686253,0.000425355130471039,0.0015838718229841398,0.0011330832889375753,-0.0132551057616183,0.500508188935839
1999,2018-07-17,0.4925151528965369,0.5055076220788576,0.5022791555530738,0.5025521051985107,0.0490422488017844,-0.003907815699482564,0.004999433143018539,0.001584139702681564,-0.003885112806806146,0.0135474736458275,0.5055076220788576
2000,2018-07-18,0.5002255792996443,0.5092836636349022,0.5066615315782586,0.5111321828356155,0.0364704297807897,0.007710426403107373,0.003776041556044607,0.004382376025184764,0.008580077637104777,-0.012571819020994697,0.5092836636349022
2001,2018-07-19,0.505084192047964,0.5041780805042639,0.5061863703005879,0.5081642451128053,0.0373212531741625,0.004858612748319668,-0.005105583130638247,-0.00047516127767066596,-0.002967937722810121,0.0008508233933728002,0.5041780805042639
2002,2018-07-20,0.5007537048605551,0.5018912066936134,0.5019624260766106,0.5058438702673265,0.045369582570932,-0.004330487187408805,-0.0022868738106505138,-0.004223944223977316,-0.0023203748454788675,0.008048329396769499,0.5018912066936134
2003,2018-07-23,0.4958422437610449,0.5009870202494907,0.4994808164019121,0.5004475878332192,0.0364474345539418,-0.004911461099510239,-0.0009041864441227121,-0.0024816096746984595,-0.00539628243410728,-0.008922148016990199,0.5009870202494907
2004,2018-07-24,0.5010176507602768,0.4959877287027207,0.5048662746214422,0.5018505361560182,0.0476296848668412,0.005175406999231913,-0.004999291546770035,0.00538545821953007,0.0014029483227989692,0.011182250312899399,0.4959877287027207
2005,2018-07-25,0.4907724252759118,0.4942327847989064,0.4951513107893553,0.4901947476888211,0.0925984934841382,-0.010245225484365017,-0.0017549439038142545,-0.009714963832086865,-0.011655788467197059,0.044968808617297004,0.4942327847989064
2006,2018-07-26,0.4944163408365585,0.5034866188241263,0.5001672077192413,0.5015807693037148,0.0712490678720545,0.0036439155606466933,0.009253834025219843,0.005015896929885966,0.01138602161489366,-0.02134942561208371,0.5034866188241263
2007,2018-07-27,0.5048201702447398,0.5068904510416339,0.5116775464219061,0.5119416901974435,0.0775924654496716,0.010403829408181298,0.0034038322175076186,0.011510338702664824,0.010360920893728753,0.0063433975776171075,0.5068904510416339
2008,2018-07-30,0.503605488076935,0.495721905345551,0.5047607651085471,0.5008253475807415,0.0659108902109319,-0.001214682167804848,-0.011168545696082888,-0.006916781313359044,-0.011116342616702024,-0.011681575238739708,0.495721905345551
2009,2018-07-31,0.4958423319807019,0.4968920095443423,0.5014873025832665,0.5035235344273904,0.0577968601660255,-0.00776315609623307,0.0011701041987913219,-0.0032734625252806016,0.002698186846648909,-0.0081140300449064,0.4968920095443423
2010,2018-08-01,0.4932545917421515,0.4977429086002823,0.4983721124260441,0.5022824077998957,0.0447388563488178,-0.002587740238550351,0.0008508990559399909,-0.003115190157222336,-0.0012411266274946486,-0.013058003817207696,0.4977429086002823
2011,2018-08-02,0.4895577694912264,0.5031676024762729,0.5013288275545921,0.4995842559190022,0.0406818413263646,-0.0036968222509251025,0.005424693875990594,0.0029567151285479487,-0.0026981518808935623,-0.004057015022453203,0.5031676024762729
2012,2018-08-03,0.4994861800022841,0.5057202996440932,0.5024375671697539,0.507246831386253,0.0555564680645574,0.009928410511057695,0.0025526971678202504,0.00110873961516178,0.007662575467250854,0.0148746267381928,0.5057202996440932
2013,2018-08-06,0.5001728100074965,0.5084327645789621,0.5075591627910071,0.5097831759659774,0.1332540545512481,0.000686630005212352,0.0027124649348689855,0.00512159562125325,0.0025363445797244033,0.07769758648669071,0.5084327645789621
2014,2018-08-07,0.5073022157779754,0.5172611490762119,0.5146870237807935,0.5153952047516617,0.090824575984442,0.007129405770478936,0.008828384497249764,0.00712786098978635,0.005612028785684231,-0.04242947856680611,0.5172611490762119
2015,2018-08-08,0.5143260023513652,0.5199202322253993,0.5169573095419085,0.5224641861194887,0.0607862396562542,0.007023786573389756,0.002659083149187391,0.0022702857611150984,0.007068981367827076,-0.030038336328187802,0.5199202322253993
2016,2018-08-09,0.5120023803539536,0.5216221719335279,0.5188053490504467,0.5211691742240234,0.1026802579407445,-0.00232362199741154,0.001701939708128597,0.0018480395085381796,-0.0012950118954653256,0.04189401828449029,0.5216221719335279
2017,2018-08-10,0.4668489996910219,0.4648755402014877,0.4745067673282679,0.4574394931977,0.6320238099148848,-0.04515338066293173,-0.0567466317320402,-0.04429858172217882,-0.06372968102632343,0.5293435519741403,0.4648755402014877
2018,2018-08-13,0.4630466398792096,0.4628545841455058,0.4678012785188672,0.4687176993442231,0.177739963404739,-0.003802359811812317,-0.002020956055981904,-0.006705488809400695,0.011278206146523084,-0.45428384651014586,0.4628545841455058
2019,2018-08-14,0.4595610633890334,0.4471654838188055,0.4635773302912885,0.4505862863562918,0.2376918048296546,-0.0034855764901761677,-0.01568910032670029,-0.004223948227578711,-0.018131412987931306,0.05995184142491561,0.4471654838188055
2020,2018-08-15,0.4430841145248098,0.4379116025948362,0.4477376079604309,0.4389844040408543,0.1604639779771427,-0.01647694886422363,-0.009253881223969307,-0.01583972233085762,-0.011601882315437462,-0.0772278268525119,0.4379116025948362
2021,2018-08-16,0.438911910900876,0.4349864128959821,0.4448335001182347,0.4401714523131619,0.1259612826080529,-0.004172203623933779,-0.0029251896988540804,-0.0029041078421961908,0.0011870482723075892,-0.034502695369089814,0.4349864128959821
2022,2018-08-17,0.4304095198482767,0.4414749665856453,0.4393953668263686,0.4304044446992561,0.1499223089835781,-0.008502391052599312,0.006488553689663168,-0.0054381332918660985,-0.00976700761390581,0.02396102637552522,0.4414749665856453
2023,2018-08-20,0.4395720710046534,0.4406949600514504,0.4412244228249376,0.4412971846778225,0.1474782448728856,0.009162551156376708,-0.0007800065341948548,0.0018290559985690291,0.01089273997856638,-0.0024440641106925065,0.4406949600514504
2024,2018-08-21,0.4408981748059337,0.454156185004372,0.4561263965903412,0.45051124097315,0.1663146206937331,0.0013261038012802873,0.013461224952921569,0.014901973765403587,0.00921405629532751,0.01883637582084749,0.454156185004372
2025,2018-08-22,0.4467860836543623,0.4562929667916206,0.4532097024666796,0.4520289072078605,0.0897010949013012,0.005887908848428602,0.0021367817872486317,-0.002916694123661634,0.0015176662347105019,-0.0766135257924319,0.4562929667916206
2026,2018-08-23,0.4535754700447046,0.4576282194149035,0.4620658135590343,0.4622725354738088,0.0966160881177092,0.006789386390342322,0.0013352526232828787,0.008856111092354735,0.010243628265948324,0.006914993216408011,0.4576282194149035
2027,2018-08-24,0.4584025116108156,0.4646260476116441,0.4619068243662285,0.4652536157449018,0.0817907368656191,0.004827041566110968,0.0069978281967406075,-0.00015898919280582513,0.0029810802710930062,-0.014825351252090113,0.4646260476116441
2028,2018-08-27,0.4641842205041344,0.4720510244913367,0.4711342812677252,0.472949998693305,0.0907555903038983,0.005781708893318804,0.007424976879692569,0.009227456901496733,0.007696382948403191,0.008964853438279213,0.4720510244913367
2029,2018-08-28,0.4720878075805756,0.4674037884170681,0.4719829167874179,0.4720828851021968,0.0943231354977316,0.007903587076441232,-0.00464723607426859,0.0008486355196926643,-0.0008671135911081929,0.003567545193833288,0.4674037884170681
2030,2018-08-29,0.461213699060239,0.4637712310594958,0.463868899029839,0.4668253069077067,0.091291050586214,-0.0108741085203366,-0.003632557357572286,-0.008114017757578862,-0.005257578194490131,-0.003032084911517588,0.4637712310594958
2031,2018-08-30,0.4584025330955806,0.4569873547942271,0.4639220797691435,0.461947469501163,0.0949604317846595,-0.002811165964658413,-0.006783876265268718,5.318073930449252e-05,-0.004877837406543684,0.0036693811984454955,0.4569873547942271
2032,2018-08-31,0.4544243160546725,0.4595514268606762,0.4571340283097558,0.4609177059002864,0.073860668635496,-0.003978217040908116,0.002564072066449097,-0.006788051459387712,-0.0010297636008765876,-0.02109976314916351,0.4595514268606762
2033,2018-09-04,0.4517190173365736,0.4598718119722649,0.4569218301143474,0.4599962066726852,0.07085814901564,-0.002705298718098881,0.00032038511158871685,-0.00021219819540840845,-0.000921499227601208,-0.003002519619855995,0.4598718119722649
2034,2018-09-05,0.4553260199656132,0.4547972384200464,0.4565506481023942,0.4599962865560384,0.0766266659220593,0.003607002629039624,-0.00507457355221852,-0.0003711820119531861,7.988335321007511e-08,0.005768516906419302,0.4547972384200464
2035,2018-09-06,0.4495442796918535,0.4481734603130731,0.4507701924142745,0.4477470416758164,0.1388024742864088,-0.005781740273759717,-0.006623778106973288,-0.00578045568811969,-0.012249244880221999,0.062175808364349494,0.4481734603130731
2036,2018-09-07,0.4434441795602808,0.4436328934126687,0.4509291987698337,0.4480721470423391,0.1151173906330585,-0.006100100131572694,-0.004540566900404386,0.00015900635555915477,0.0003251053665226933,-0.0236850836533503,0.4436328934126687
2037,2018-09-10,0.4438155386054627,0.4488144193312485,0.4458382089480094,0.4482347969777876,0.0602146440174632,0.0003713590451818738,0.005181525918579788,-0.0050909898218242655,0.00016264993544851114,-0.05490274661559529,0.4488144193312485
2038,2018-09-11,0.4431790481514993,0.4445944735361803,0.445095773715896,0.4462294263307909,0.1209516081876147,-0.000636490453963412,-0.004219945795068181,-0.0007424352321134253,-0.0020053706469967403,0.0607369641701515,0.4445944735361803
2039,2018-09-12,0.4352755290574202,0.4458764859700301,0.4436639354169352,0.4391833989734477,0.1772964840298149,-0.007903519094079103,0.0012820124338497885,-0.0014318382989607636,-0.007046027357343165,0.0563448758422002,0.4458764859700301
2040,2018-09-13,0.4468921203784296,0.447479025111717,0.4529445347057415,0.451215864377571,0.1180542096047777,0.01161659132100945,0.0016025391416868984,0.009280599288806257,0.012032465404123283,-0.05924227442503721,0.447479025111717
2041,2018-09-14,0.4471041900958009,0.4465708267738871,0.4519368071331472,0.4522997392024711,0.102269628889889,0.0002120697173712549,-0.0009081983378299019,-0.0010077275725942636,0.0010838748249000774,-0.015784580714888696,0.4465708267738871
2042,2018-09-17,0.4373442168617255,0.4320413053248402,0.4391031903899812,0.4382619989709357,0.1230671690576227,-0.009759973234075403,-0.0145295214490469,-0.01283361674316602,-0.014037740231535367,0.020797540167733705,0.4320413053248402
2043,2018-09-18,0.4298119409256591,0.4294237570752105,0.4346483996202805,0.4356602759734417,0.0920696032666362,-0.007532275936066368,-0.0026175482496296754,-0.004454790769700678,-0.002601722997494005,-0.030997565790986503,0.4294237570752105
2044,2018-09-19,0.4284859609587494,0.4346588063757203,0.4326863195272707,0.4361482091719945,0.0760813505425231,-0.001325979966909696,0.005235049300509775,-0.0019620800930097992,0.0004879331985527813,-0.015988252724113097,0.4346588063757203
2045,2018-09-20,0.4365487090452257,0.4453958139051481,0.4452019288215335,0.4429233257520635,0.0895729786374342,0.008062748086476279,0.0107370075294278,0.012515609294262764,0.006775116580069018,0.013491628094911098,0.4453958139051481
2046,2018-09-21,0.4435503408336301,0.4420304014697313,0.4439290572686328,0.4464462209268225,0.1347290341019214,0.0070016317884044055,-0.0033654124354167703,-0.0012728715529006784,0.003522895174759011,0.04515605546448721,0.4420304014697313
2047,2018-09-24,0.4342677056293007,0.4396266163565756,0.4380425153574548,0.4407551833718325,0.0573369556290672,-0.00928263520432937,-0.002403785113155754,-0.005886541911177989,-0.005691037554990008,-0.0773920784728542,0.4396266163565756
2048,2018-09-25,0.4281677523297449,0.4207702439448488,0.4300347702671389,0.4259044332674014,0.1665084376057369,-0.006099953299555816,-0.018856372411726774,-0.008007745090315932,-0.014850750104431099,0.10917148197666968,0.4207702439448488
2049,2018-09-26,0.4171346320107579,0.4208770547149615,0.42287543920045,0.4261753611778266,0.1206231049469303,-0.01103312031898701,0.00010681077011270856,-0.007159331066688868,0.0002709279104252116,-0.04588533265880658,0.4208770547149615
2050,2018-09-27,0.4177712014565916,0.419915568988949,0.4207541919883489,0.424657797594391,0.0824214630877333,0.000636569445833679,-0.000961485726012512,-0.0021212472121011072,-0.0015175635834356327,-0.038201641859197014,0.419915568988949
2051,2018-09-28,0.4159676013519891,0.4215180137331369,0.4195874282358749,0.4220561168473936,0.16035228687531,-0.0018036001046024541,0.0016024447441879142,-0.0011667637524739871,-0.0026016807469974035,0.07793082378757671,0.4215180137331369
2052,2018-10-01,0.4206355885514813,0.4121700654014192,0.4226633689923444,0.418099619168606,0.1695208123228135,0.004667987199492185,-0.009347948331717704,0.0030759407564694974,-0.003956497678787585,0.00916852544750349,0.4121700654014192
2053,2018-10-02,0.412679008747824,0.4147874720548004,0.4173071434848117,0.4192919843135229,0.1371993784718686,-0.007956579803657327,0.0026174066533811713,-0.00535622550753273,0.0011923651449168848,-0.03232143385094488,0.4147874720548004
2054,2018-10-03,0.41092854663032,0.4012728181174477,0.4117918182503966,0.4066633364980867,0.1706081580494791,-0.0017504621175039592,-0.013514653937352683,-0.005515325234415058,-0.012628647815436156,0.03340877957761049,0.4012728181174477
2055,2018-10-04,0.3981450048913366,0.3815616999516968,0.399276291863524,0.3828152636509129,0.3125576933816452,-0.01278354173898344,-0.019711118165750885,-0.012515526386872644,-0.02384807284717383,0.1419495353321661,0.3815616999516968
2056,2018-10-05,0.3789962580652909,0.3700768990346062,0.3809272843394369,0.3718126353508236,0.2010111329748267,-0.01914874682604567,-0.011484800917090587,-0.01834900752408708,-0.011002628300089301,-0.11154656040681848,0.3700768990346062
2057,2018-10-08,0.363984982994195,0.3616369366463457,0.3690481600046617,0.3621650483105207,0.1591631051440322,-0.015011275071095898,-0.008439962388260502,-0.011879124334775226,-0.009647587040302885,-0.0418480278307945,0.3616369366463457
2058,2018-10-09,0.3569832675802543,0.3599276103339208,0.3599267615937703,0.35912989033627,0.226726366655607,-0.0070017154139407345,-0.0017093263124249303,-0.00912139841089138,-0.0030351579742506907,0.0675632615115748,0.3599276103339208
2059,2018-10-10,0.3521033072416638,0.3549064657661334,0.353456956458636,0.3530053317023545,0.3194661165332396,-0.0048799603385905055,-0.005021144567787406,-0.006469805135134288,-0.006124558633915533,0.09273974987763259,0.3549064657661334
2060,2018-10-11,0.3571423577754996,0.3616369366463457,0.3678814947602629,0.3605390288518348,0.2543107837758819,0.005039050533835798,0.006730470880212336,0.014424538301626877,0.007533697149480323,-0.06515533275735769,0.3616369366463457
2061,2018-10-12,0.3704031998487757,0.3646282989919951,0.3723891378713597,0.3646581984979651,0.1776709777241952,0.013260842073276102,0.0029913623456493954,0.004507643111096804,0.004119169646130294,-0.07663980605168669,0.3646282989919951
2062,2018-10-15,0.3593171738384234,0.3644147246505192,0.3643814291528731,0.3637369075083672,0.1390751319761769,-0.011086026010352301,-0.00021357434147589727,-0.008007708718486606,-0.0009212909895979227,-0.038595845748018304,0.3644147246505192
2063,2018-10-16,0.3661066955438554,0.3693825110319997,0.368995159546696,0.3702408534269366,0.1027361034916609,0.006789521705432011,0.004967786381480488,0.004613730393822901,0.006503945918569398,-0.036339028484516006,0.3693825110319997
2064,2018-10-17,0.3689710724436599,0.368848362783937,0.3700557984068104,0.370728695216659,0.1082451028379394,0.0028643768998045105,-0.0005341482480626936,0.0010606388601144268,0.00048784178972244296,0.0055089993462784925,0.368848362783937
2065,2018-10-18,0.3641441158873287,0.3608357142742517,0.3643283432013752,0.3639536701023426,0.1403464395176258,-0.004826956556331197,-0.008012648509685305,-0.005727455205435217,-0.006775025114316435,0.0321013366796864,0.3608357142742517
2066,2018-10-19,0.3578318666996073,0.3580579262700782,0.3643282908559139,0.3622733868778077,0.1059357250559276,-0.006312249187721386,-0.002777788004173498,-5.2345461298841656e-08,-0.0016802832245348953,-0.03441071446169819,0.3580579262700782
2067,2018-10-22,0.3592641755258882,0.3569897005720772,0.3606161930539022,0.360484925663464,0.0966719336686256,0.0014323088262808703,-0.001068225698001024,-0.0037120978020117046,-0.0017884612143436729,-0.009263791387302003,0.3569897005720772
2068,2018-10-23,0.34706406747094,0.3590729117786462,0.3584948421782427,0.3506746086017346,0.1709859367762663,-0.0122001080549482,0.0020832112065690134,-0.002121350875659511,-0.009810317061729412,0.0743140031076407,0.3590729117786462
2069,2018-10-24,0.3494509643035015,0.3274496552178548,0.3526082631022547,0.3320839493021473,0.2250444300633025,0.0023868968325614914,-0.0316232565607914,-0.005886579075987997,-0.01859065929958731,0.054058493287036186,0.3274496552178548
2070,2018-10-25,0.3299840284499439,0.333913217169659,0.3407822424682578,0.3366367997233462,0.2793460157484453,-0.019466935853557576,0.006463561951804198,-0.011826020633996903,0.004552850421198906,0.05430158568514282,0.333913217169659
2071,2018-10-26,0.3228762602684351,0.3331654473813709,0.3364867344928638,0.3289946590204164,0.2707819362638012,-0.007107768181508822,-0.0007477697882881107,-0.004295507975393964,-0.007642140702929789,-0.008564079484644105,0.3331654473813709
2072,2018-10-29,0.3377814338683954,0.3327380391052967,0.3425322549711773,0.3318671801033193,0.1228996324048736,0.014905173599960297,-0.0004274082760741815,0.006045520478313471,0.002872521082902868,-0.1478823038589276,0.3327380391052967
2073,2018-10-30,0.3311509968316095,0.3464129327971933,0.3444414114728647,0.3360947898307743,0.1076505119723006,-0.006630437036785897,0.013674893691896617,0.0019091565016874368,0.004227609727455006,-0.015249120432572996,0.3464129327971933
2074,2018-10-31,0.3500875704669753,0.351380789976798,0.3513886240467415,0.3527342601338548,0.1631971249396375,0.018936573635365828,0.004967857179604684,0.00694721257387676,0.016639470303080495,0.0555466129673369,0.351380789976798
2075,2018-11-01,0.3514136387169781,0.3758994547694855,0.3763665677783441,0.3559320248773382,0.1830847111306753,0.0013260682500028098,0.024518664792687495,0.024977943731602614,0.0031977647434834333,0.01988758619103778,0.3758994547694855
2076,2018-11-02,0.3766093725444619,0.3725341603309425,0.376525695620037,0.3713249122622135,0.1151798062487886,0.0251957338274838,-0.0033652944385429984,0.00015912784169291871,0.015392887384875265,-0.06790490488188669,0.3725341603309425
2077,2018-11-05,0.3685466798220365,0.3703439731586375,0.3702678552541714,0.3674766228745383,0.0983210199368616,-0.008062692722425435,-0.0021901871723050137,-0.00625784036586563,-0.0038482893876751745,-0.016858786311927,0.3703439731586375
2078,2018-11-06,0.3653111707550152,0.3740833412863226,0.3732377764157317,0.3727341512834615,0.0704475199647844,-0.0032355090670213027,0.0037393681276851054,0.002969921161560307,0.005257528408923184,-0.027873499972077193,0.3740833412863226
2079,2018-11-07,0.3745406975572161,0.3755255934747162,0.3764196710978529,0.3743059142087738,0.1096116763191868,0.009229526802200905,0.0014422521883936112,0.0031818946821212113,0.0015717629253123033,0.03916415635440239,0.3755255934747162
2080,2018-11-08,0.3766094151819352,0.3976938785393044,0.4030416353077579,0.3810267786691294,0.2377246551537231,0.0020687176247191075,0.022168285064588178,0.02662196420990498,0.00672086446035558,0.12811297883453632,0.3976938785393044
2081,2018-11-09,0.3894989310692297,0.3853009264831334,0.391692758602312,0.3863382911748577,0.1431748524199191,0.012889515887294534,-0.01239295205617097,-0.011348876705445876,0.005311512505728311,-0.094549802733804,0.3853009264831334
2082,2018-11-12,0.3782007156086346,0.3721068700517421,0.3796015687826233,0.3768533240981686,0.092897431433161,-0.011298215460595118,-0.013194056431391321,-0.012091189819688708,-0.00948496707668911,-0.050277420986758095,0.3721068700517421
2083,2018-11-13,0.3724719227725941,0.3785168850222414,0.3860713740589282,0.3803762606911076,0.1242497807240868,-0.005728792836040497,0.0064100149704993115,0.0064698052763049185,0.0035229365929390077,0.0313523492909258,0.3785168850222414
2084,2018-11-14,0.3817014454069938,0.3847132548531406,0.384427314621542,0.385362612545658,0.1179129532112834,0.00922952263439969,0.006196369830899218,-0.0016440594373862139,0.00498635185455043,-0.0063368275128034,0.3847132548531406
2085,2018-11-15,0.3800041373446396,0.4025014015668663,0.3997005798480622,0.3875849218596563,0.1640380932357897,-0.0016973080623541859,0.017788146713725694,0.015273265226520172,0.0022223093139983052,0.046125140024506295,0.4025014015668663
2086,2018-11-16,0.3954397916950665,0.4038902247708288,0.4041021421534311,0.402489904235224,0.1557433864085069,0.015435654350426875,0.001388823203962497,0.004401562305368922,0.014904982375567699,-0.008294706827282783,0.4038902247708288
2087,2018-11-19,0.4006912384690366,0.3946491108085986,0.4021931405968219,0.3978830487507274,0.0914980076278452,0.005251446773970103,-0.009241113962230207,-0.0019090015566092244,-0.00460685548449663,-0.06424537878066171,0.3946491108085986
2088,2018-11-20,0.3887675037208632,0.3918844204574106,0.3943836989226054,0.3891824842917372,0.0977921297193596,-0.011923734748173376,-0.0027646903511879817,-0.0078094416742164885,-0.008700564458990201,0.006294122091514406,0.3918844204574106
2089,2018-11-21,0.3956441036609238,0.3918844204574106,0.3973149453816725,0.3971894647174964,0.0875034082211221,0.006876599940060568,0.0,0.002931246459067116,0.008006980425759203,-0.010288721498237507,0.3918844204574106
2090,2018-11-23,0.3841296300261024,0.3990240808963911,0.3993932892283539,0.3923415496775214,0.0512563606439977,-0.011514473634821387,0.007139660438980455,0.002078343846681374,-0.004847915039975004,-0.036247047577124394,0.3990240808963911
2091,2018-11-26,0.4023606864705309,0.4065933915520469,0.4040299947574821,0.406830434082355,0.0777567170700139,0.018231056444428517,0.007569310655655803,0.0046367055291282044,0.01448888440483359,0.026500356426016197,0.4065933915520469
2092,2018-11-27,0.3988424309196868,0.3956958138768288,0.4016317535406032,0.3984966748191716,0.0909592623131227,-0.0035182555508441182,-0.010897577675218095,-0.0023982412168788714,-0.00833375926318336,0.013202545243108793,0.3956958138768288
2093,2018-11-28,0.3971898239446123,0.4073985550197239,0.4046694644669349,0.3972437597258372,0.1724444911649053,-0.001652606975074522,0.011702741142895101,0.003037710926331705,-0.0012529150933344169,0.0814852288517826,0.4073985550197239
2094,2018-11-29,0.400334986015563,0.3995072544949965,0.4069612289978623,0.405141849346645,0.0900066029151377,0.0031451620709507244,-0.007891300524727363,0.002291764530927387,0.007898089620807791,-0.08243788824976758,0.3995072544949965
2095,2018-11-30,0.3987358921598287,0.4026209559993434,0.4003527403509458,0.4018737961691814,0.0939289316089103,-0.0015990938557343126,0.0031137015043468663,-0.006608488646916488,-0.0032680531774635924,0.003922328693772598,0.4026209559993434
2096,2018-12-03,0.4163271364519195,0.4174373986465853,0.4296117134951507,0.4188681833718084,0.1647213799764134,0.017591244292090802,0.014816442647241912,0.02925897314420489,0.016994387202627026,0.07079244836750309,0.4174373986465853
2097,2018-12-04,0.4097170713672018,0.3998294331590661,0.4110117220464038,0.4051963850238583,0.1003577400291053,-0.006610065084717676,-0.017607965487519195,-0.01859999144874691,-0.013671798347950126,-0.0643636399473081,0.3998294331590661
2098,2018-12-06,0.3854622845992808,0.3940315623701739,0.3937439651098282,0.389944873574716,0.1062116677781026,-0.024254786767921033,-0.005797870788892212,-0.017267756936575618,-0.015251511449142274,0.0058539277489973035,0.3940315623701739
2099,2018-12-07,0.3880210739481121,0.3771752133690269,0.3912391708522674,0.3810119694535102,0.0876446646146164,0.002558789348831303,-0.01685634900114702,-0.002504794257560783,-0.008932904121205842,-0.01856700316348621,0.3771752133690269
2100,2018-12-10,0.3732551356815007,0.3859792905102855,0.3836180774879416,0.3788333378881974,0.1079888703102056,-0.014765938266611378,0.008804077141258637,-0.007621093364325815,-0.002178631565312783,0.0203442056955892,0.3859792905102855
2101,2018-12-11,0.3904199130810846,0.3875896882437638,0.3968351741471995,0.3914701297015217,0.084776831323441,0.017164777399583886,0.0016103977334782638,0.01321709665925791,0.012636791813324277,-0.023212038986764605,0.3875896882437638
2102,2018-12-12,0.3939916437071065,0.394998074763008,0.3971018025807387,0.3949018101187291,0.0732168022837545,0.003571730626021896,0.007408386519244248,0.0002666284335391955,0.0034316804172074278,-0.01156002903968649,0.394998074763008
2103,2018-12-13,0.3934051257687102,0.3888244075306171,0.3981142418794469,0.3924505740942967,0.0694258748862557,-0.0005865179383963137,-0.006173667232390934,0.001012439298708201,-0.002451236024432424,-0.0037909273974987973,0.3888244075306171
2104,2018-12-14,0.3793320731248057,0.3845834346926479,0.3888408808171386,0.3875483099515605,0.0933606210025261,-0.01407305264390446,-0.0042409728379692035,-0.009273361062308305,-0.004902264142736201,0.02393474611627039,0.3845834346926479
2105,2018-12-17,0.3819440185149405,0.382274991053477,0.3918253076392101,0.385423931657263,0.0808807828889232,0.0026119453901347622,-0.0023084436391708762,0.0029844268220715064,-0.0021243782942974576,-0.012479838113602898,0.382274991053477
2106,2018-12-18,0.3834368817200908,0.3872677691728164,0.3948634092402983,0.3904898484027641,0.1104197942912706,0.001492863205150352,0.004992778119339403,0.0030381016010881945,0.005065916745501053,0.02953901140234741,0.3872677691728164
2107,2018-12-19,0.3829037323407444,0.3683176600445877,0.384470791750629,0.3714255361627377,0.1187440664102151,-0.0005331493793464537,-0.018950109128228698,-0.010392617489669298,-0.01906431224002636,0.008324272118944487,0.3683176600445877
2108,2018-12-20,0.3653123990249234,0.3688544514226222,0.3730656165714379,0.3672313556921054,0.1100781509209588,-0.017591333315820967,0.0005367913780344735,-0.011405175179191096,-0.004194180470632303,-0.008665915489256298,0.3688544514226222
2109,2018-12-21,0.3667517000273286,0.3649892750281517,0.3741314929499463,0.3684841566616682,0.1733347349471602,0.001439301002405191,-0.003865176394470482,0.0010658763785084124,0.0012528009695628173,0.0632565840262014,0.3649892750281517
2110,2018-12-24,0.3601949374029972,0.3528570016654551,0.3640587326403626,0.3576992441763066,0.050954137662568,-0.006556762624331414,-0.012132273362696622,-0.010072760309583706,-0.01078491248536162,-0.1223805972845922,0.3528570016654551
2111,2018-12-26,0.3542245112268764,0.3778194291009176,0.3754638409373019,0.359496702156685,0.0996350328995995,-0.005970426176120758,0.02496242743546251,0.011405108296939304,0.0017974579803783919,0.04868089523703151,0.3778194291009176
2112,2018-12-27,0.3676045861671456,0.3837782476255961,0.3812730519842214,0.3741489549391578,0.075871108468485,0.01338007494026916,0.0059588185246785,0.005809211046919505,0.014652252782472786,-0.02376392443111451,0.3837782476255961
2113,2018-12-28,0.3813044031926232,0.3845834346926479,0.3880414465219279,0.3835176013736086,0.0625437319939161,0.013699817025477623,0.0008051870670517935,0.006768394537706501,0.00936864643445079,-0.0133273764745689,0.3845834346926479
2114,2018-12-31,0.3850892169506547,0.3860865732678932,0.3866558311024075,0.3862955275438778,0.0517096951161423,0.003784813758031469,0.0015031385752453108,-0.001385615419520425,0.0027779261702692293,-0.010834036877773796,0.3860865732678932
2115,2019-01-02,0.3745877677970296,0.3830266783379734,0.3852701698574398,0.3812843935158476,0.0871354845915555,-0.010501449153625053,-0.0030598949299198153,-0.0013856612449676953,-0.0050111340280302175,0.0354257894754132,0.3830266783379734
2116,2019-01-03,0.3734150323472702,0.356024226551732,0.3741847653242158,0.3603682244310374,0.1572249360239938,-0.0011727354497594322,-0.027002451786241388,-0.011085404533223986,-0.0209161690848102,0.07008945143243829,0.356024226551732
2117,2019-01-04,0.3591288311946357,0.3704649671529743,0.3696547497733122,0.3653794381481253,0.122850356918771,-0.014286201152634515,0.014440740601242286,-0.004530015550903599,0.005011213717087903,-0.03437457910522279,0.3704649671529743
2118,2019-01-07,0.3682975732172212,0.3813088562506389,0.3826587476622152,0.3742578868418239,0.0949538617198458,0.009168742022585497,0.010843889097664594,0.013003997888902996,0.008878448693698582,-0.027896495198925203,0.3813088562506389
2119,2019-01-08,0.3827969327265083,0.391669500951574,0.3890540073006889,0.3860231209738691,0.1510063696778368,0.014499359509287102,0.010360644700935118,0.006395259638473705,0.011765234132045221,0.056052507957990994,0.391669500951574
2120,2019-01-09,0.3958039985293983,0.4071839895045084,0.4083470082504642,0.4038891759175985,0.145165582058467,0.013007065802890017,0.015514488552934413,0.01929300094977532,0.017866054943729393,-0.005840787619369792,0.4071839895045084
2121,2019-01-10,0.4021476037378826,0.4113176559854952,0.4096794536283821,0.4098263676061344,0.0947337645485872,0.006343605208484315,0.004133666480986786,0.001332445377917879,0.005937191688535903,-0.050431817509879795,0.4113176559854952
2122,2019-01-11,0.4071582601149787,0.4140552778538464,0.4195388652237704,0.4136390661878266,0.1494492643169925,0.005010656377096079,0.002737621868351192,0.009859411595388279,0.0038126985816921977,0.054715499768405285,0.4140552778538464
2123,2019-01-14,0.4076380889563881,0.3985410016952846,0.4084535245974138,0.4041070023806017,0.106773408319673,0.0004798288414094021,-0.015514276158561768,-0.011085340626356577,-0.009532063807224878,-0.04267585599731949,0.3985410016952846
2124,2019-01-15,0.39841599391844,0.402674620977522,0.4034971018757089,0.4053597925577766,0.0778651231394397,-0.009222095037948075,0.004133619282237377,-0.004956422721704878,0.0012527901771748895,-0.028908285180233292,0.402674620977522
2125,2019-01-16,0.4010813119799628,0.4030503702222712,0.4058953763547505,0.4080832236598382,0.0730558356958191,0.002665318061522759,0.0003757492447492017,0.002398274479041562,0.00272343110206158,-0.004809287443620608,0.4030503702222712
2126,2019-01-17,0.397296601296328,0.4087945052348605,0.4079739597100281,0.3989869541391951,0.0715710010479253,-0.0037847106836347844,0.005744135012589302,0.002078583355277608,-0.009096269520643074,-0.0014848346478937985,0.4087945052348605
2127,2019-01-18,0.4092906156050194,0.4167931829146946,0.4158615633725164,0.4125497284039012,0.0802631967964364,0.011994014308691403,0.007998677679834088,0.007887603662488307,0.01356277426470609,0.0086921957485111,0.4167931829146946
2128,2019-01-22,0.4099303006865645,0.4035872087990552,0.410905105812212,0.4051963817785891,0.0767712073479604,0.000639685081545105,-0.013205974115639396,-0.004956457560304384,-0.007353346625312118,-0.0034919894484759934,0.4035872087990552
2129,2019-01-23,0.4102500278010222,0.3991851230296764,0.4101588764302009,0.4016557760856487,0.0808545026296684,0.00031972711445771296,-0.004402085769378783,-0.0007462293820111321,-0.0035406056929404017,0.004083295281707991,0.3991851230296764
2130,2019-01-24,0.4020408003030911,0.4210877499327182,0.4241222451057618,0.4082465860183645,0.1658612862215885,-0.008209227497931126,0.02190262690304179,0.013963368675560917,0.006590809932715824,0.0850067835919201,0.4210877499327182
2131,2019-01-25,0.4211779140786553,0.4328441560537918,0.4338218524244536,0.4277464731176031,0.0961463284835305,0.019137113775564207,0.011756406121073593,0.009699607318691794,0.01949988709923861,-0.069714957738058,0.4328441560537918
2132,2019-01-28,0.4168600271707533,0.430804226100512,0.4295582313540182,0.4249685337792433,0.0869055323230763,-0.004317886907901969,-0.0020399299532797843,-0.004263621070435375,-0.0027779393383597917,-0.009240796160454201,0.430804226100512
2133,2019-01-29,0.4318927125265783,0.4267244605914513,0.4355807392213803,0.4318862811684795,0.0671099270394302,0.01503268535582497,-0.0040797655090606955,0.006022507867362081,0.006917747389236173,-0.0197956052836461,0.4267244605914513
2134,2019-01-30,0.4266685756817663,0.4320926575642934,0.4351009800486111,0.4260035171864315,0.0910545282529212,-0.0052241368448119885,0.005368196972842076,-0.00047975917276921187,-0.0058827639820480115,0.023944601213491,0.4320926575642934
2135,2019-01-31,0.4283210757063784,0.4314484890311522,0.4335021101345564,0.434718577576115,0.0733843389365036,0.0016525000246120913,-0.0006441685331411984,-0.001598869914054668,0.008715060389683504,-0.01767018931641759,0.4314484890311522
2136,2019-02-01,0.4293340324836606,0.4395010204841629,0.4365400825827927,0.4352634165808933,0.1132514922259708,0.0010129567772821924,0.008052531453010714,0.0030379724482362813,0.000544839004778308,0.0398671532894672,0.4395010204841629
2137,2019-02-04,0.4357309551553055,0.4433126026985791,0.4419762723096985,0.439947837934973,0.0978873956591581,0.0063969226716449334,0.003811582214416187,0.0054361897269057935,0.004684421354079704,-0.015364096566812702,0.4433126026985791
2138,2019-02-05,0.4385561483988398,0.4468555768296052,0.4463997058882384,0.4481181504970641,0.1123119729576132,0.002825193243534252,0.003542974131026111,0.004423433578539915,0.008170312562091109,0.014424577298455088,0.4468555768296052
2139,2019-02-06,0.4717664293751356,0.4794410742964011,0.4889825165688268,0.4793835477675834,0.3330727207623903,0.0332102809762958,0.0325854974667959,0.04258281068058839,0.0312653972705193,0.2207607478047771,0.4794410742964011
2140,2019-02-07,0.4671817763243027,0.4727841626672806,0.475232114525823,0.4713763118058112,0.1548695677882862,-0.0045846530508328875,-0.0066569116291204655,-0.013750402043003818,-0.008007235961772219,-0.1782031529741041,0.4727841626672806
2141,2019-02-08,0.4623309814200588,0.4692412357350039,0.4676643388535499,0.4685984863538084,0.0931832292525565,-0.004850794904243894,-0.003542926932276702,-0.007567775672273069,-0.00277782545200278,-0.061686338535729704,0.4692412357350039
2142,2019-02-11,0.4677684107374008,0.4775621864764066,0.4765647511555909,0.4738821476802385,0.0988433400895499,0.00543742931734198,0.008320950741402655,0.008900412302040972,0.0052836613264301,0.005660110836993401,0.4775621864764066
2143,2019-02-12,0.4807751033801821,0.4912510981969039,0.4892487925138994,0.4911486593392923,0.136407685661819,0.013006692642781315,0.013688911720497299,0.012684041358308529,0.017266511659053796,0.03756434557226909,0.4912510981969039
2144,2019-02-13,0.4868522780118001,0.4895334413051926,0.4893555550157167,0.4934910279439102,0.1077556330093196,0.006077174631617999,-0.0017176568917112722,0.00010676250181729241,0.002342368604617895,-0.028652052652499385,0.4895334413051926
2145,2019-02-14,0.4832273448163321,0.4863660748226672,0.4889824305111209,0.4896781393592408,0.1373242097033287,-0.003624933195467972,-0.0031673664825254133,-0.00037312450459581203,-0.0038128885846693827,0.0295685766940091,0.4863660748226672
2146,2019-02-15,0.4869589138953764,0.4890503149053368,0.4879699111610862,0.4906586875500344,0.0750662755288081,0.0037315690790442613,0.002684240082669598,-0.001012519350034713,0.0009805481907935731,-0.06225793417452061,0.4890503149053368
2147,2019-02-19,0.4830673439936461,0.4868491540237736,0.4869038381182639,0.4905495371159404,0.052264865592899,-0.003891569901730285,-0.002201160881563191,-0.001066073042822302,-0.00010915043409398528,-0.022801409935909095,0.4868491540237736
2148,2019-02-20,0.483146289950774,0.4832111216112595,0.489513744220751,0.489469447844382,0.1035934969498474,7.89459571279294e-05,-0.0036380324125140917,0.002609906102487125,-0.0010800892715583932,0.0513286313569484,0.4832111216112595
2149,2019-02-21,0.4798812970876965,0.4797074640385648,0.481968581738481,0.4838362860842705,0.0685257760067803,-0.0032649928630775205,-0.0035036575726947183,-0.007545162482269996,-0.005633161760111527,-0.03506772094306711,0.4797074640385648
2150,2019-02-22,0.48014897880907,0.4799231623237681,0.4815941050716857,0.4837816803465766,0.0526722096113478,0.00026768172137348056,0.00021569828520329182,-0.0003744766667952981,-5.460573769389132e-05,-0.015853566395432492,0.4799231623237681
2151,2019-02-25,0.4830926967964193,0.4840733955658285,0.4876942660562828,0.4905084566109725,0.0776318858385538,0.0029437179873493258,0.00415023324206043,0.006100160984597092,0.006726776264395884,0.02495967622720599,0.4840733955658285
2152,2019-02-26,0.4777404160247677,0.4800308698701213,0.4817545558317528,0.4862973090801495,0.0565945383051203,-0.0053522807716516185,-0.004042525695707233,-0.005939710224529993,-0.004211147530822967,-0.021037347533433497,0.4800308698701213
2153,2019-02-27,0.4733516556190144,0.469304906848076,0.4750122980315692,0.4737735226204418,0.1298901813666391,-0.004388760405753311,-0.01072596302204526,-0.006742257800183615,-0.012523786459707698,0.07329564306151881,0.469304906848076
2154,2019-02-28,0.462111889106317,0.4682268874095542,0.4673067788604401,0.4720781254798248,0.0937942452802296,-0.011239766512697369,-0.0010780194385218156,-0.007705519171129105,-0.0016953971406170054,-0.0360959360864095,0.4682268874095542
2155,2019-03-01,0.4704078721259614,0.4777671234467245,0.4757614434998737,0.4765079498485536,0.0677340831967307,0.008295983019644404,0.009540236037170302,0.008454664639433618,0.004429824368728796,-0.0260601620834989,0.4777671234467245
2156,2019-03-04,0.478168490602873,0.4773897222457429,0.4792930068500573,0.479023547980006,0.0538318260509639,0.007760618476911563,-0.00037740120098161967,0.0035315633501836197,0.0025155981314524123,-0.013902257145766803,0.4773897222457429
2157,2019-03-05,0.4731910417762741,0.4703828318890988,0.4735674803127753,0.4770548611437995,0.0598861407767787,-0.004977448826598896,-0.007006890356644091,-0.005725526537282033,-0.00196868683620649,0.006054314725814802,0.4703828318890988
2158,2019-03-06,0.4677317938965966,0.4661248439019357,0.4712665835789907,0.4725156928616505,0.0595806327629422,-0.005459247879677498,-0.004257987987163092,-0.0023008967337845854,-0.004539168282149009,-0.00030550801383650433,0.4661248439019357
2159,2019-03-07,0.459970992101849,0.455183088197188,0.4603503679081425,0.4607574038844961,0.0700927364648452,-0.007760801794747585,-0.010941755704747702,-0.010916215670848217,-0.011758288977154419,0.01051210370190301,0.455183088197188
2160,2019-03-08,0.4466438957175427,0.4584170993140039,0.4569256978273845,0.4541946991238682,0.0592061390685619,-0.013327096384306292,0.0032340111168158714,-0.0034246700807579744,-0.006562704760627924,-0.01088659739628331,0.4584170993140039
2161,2019-03-11,0.4580976569854396,0.4678495334073221,0.4662900098152159,0.466281014522059,0.0443085171035212,0.011453761267896878,0.009432434093318232,0.009364311987831386,0.012086315398190828,-0.0148976219650407,0.4678495334073221
2162,2019-03-12,0.4662331065446898,0.4651545792085166,0.4661295165778307,0.4703827441470839,0.0366281113363183,0.008135449559250219,-0.0026949541988054992,-0.00016049323738520638,0.004101729625024919,-0.0076804057672029,0.4651545792085166
2163,2019-03-13,0.4644133894321754,0.4584710474846795,0.4659690556584288,0.4647498158922623,0.081899142935045,-0.0018197171125143852,-0.006683531723837122,-0.00016046091940191687,-0.005632928254821645,0.045271031598726696,0.4584710474846795
2164,2019-03-14,0.4551004137931306,0.4527575916592635,0.4573537699352856,0.4589526206662849,0.0656218073591295,-0.009312975639044818,-0.005713455825415992,-0.008615285723143185,-0.005797195225977381,-0.0162773355759155,0.4527575916592635
2165,2019-03-15,0.4532805713716079,0.4640764181737463,0.4649521379101042,0.4612494569652764,0.0990831474552496,-0.0018198424215227216,0.011318826514482794,0.0075983679748186095,0.0022968362989915225,0.033461340096120104,0.4640764181737463
2166,2019-03-18,0.4600245692295922,0.4599263737266839,0.4625444004768779,0.4635466550127385,0.0752896577324735,0.006743997857984296,-0.0041500444470624065,-0.002407737433226309,0.00229719804746209,-0.023793489722776104,0.4599263737266839
2167,2019-03-19,0.4586862966513718,0.4640764181737463,0.462009047835663,0.4673199715608025,0.0560820732496526,-0.0013382725782203897,0.0041500444470624065,-0.0005353526412149034,0.0037733165480640096,-0.019207584482820894,0.4640764181737463
2168,2019-03-20,0.4616836735841753,0.4542667716744445,0.4640425699206791,0.457585382674824,0.0528036109076216,0.002997376932803497,-0.009809646499301772,0.002033522085016115,-0.009734588885978501,-0.0032784623420310036,0.4542667716744445
2169,2019-03-21,0.450765267960743,0.4709758369777848,0.4692332514458392,0.4605934700137385,0.0569361816754322,-0.01091840562343227,0.016709065303340265,0.005190681525160112,0.0030080873389145,0.004132570767810602,0.4709758369777848
2170,2019-03-22,0.4640922627723674,0.4604114352752692,0.4674138143083993,0.4670467514227467,0.066268958743278,0.013326994811624415,-0.010564401702515602,-0.0018194371374399276,0.006453281409008194,0.009332777067845799,0.4604114352752692
2171,2019-03-25,0.4542976443857339,0.4517874685620929,0.4562301296225523,0.4539759895336145,0.0632795792530493,-0.009794618386633536,-0.008623966713176279,-0.011183684685846962,-0.013070761889132199,-0.0029893794902286913,0.4517874685620929
2172,2019-03-26,0.4531200978079602,0.4541050687586663,0.4570327045020397,0.4582416588720663,0.0427415566454563,-0.0011775465777736915,0.0023176001965733994,0.0008025748794873722,0.004265669338451794,-0.020538022607593007,0.4541050687586663
2173,2019-03-27,0.4511933873901406,0.4385820608314475,0.4532870463849784,0.4438037820016079,0.1135241499157389,-0.0019267104178196104,-0.01552300792721878,-0.00374565811706129,-0.014437876870458388,0.0707825932702826,0.4385820608314475
2174,2019-03-28,0.4364747215739975,0.4373962394490735,0.440872601751634,0.4376785430328416,0.0983473001961164,-0.014718665816143062,-0.0011858213823739971,-0.012414444633344401,-0.006125238968766322,-0.015176849719622507,0.4373962394490735
2175,2019-03-29,0.4392578690531291,0.4471520793739482,0.4454209855869551,0.4481788842776745,0.0858444668556655,0.0027831474791315536,0.009755839924874665,0.004548383835321079,0.0105003412448329,-0.012502833340450895,0.4471520793739482
2176,2019-04-01,0.4503370342965737,0.471406997554444,0.4689121140213699,0.4599918381410982,0.1350608223750127,0.0110791652434446,0.0242549181804958,0.02349112843441481,0.01181295386342368,0.04921635551934721,0.471406997554444
2177,2019-04-02,0.467945772275352,0.4728082812282738,0.4701962743209545,0.4731171614749143,0.1335332823058299,0.01760873797877832,0.0014012836738298007,0.0012841602995846135,0.013125323333816108,-0.00152754006918282,0.4728082812282738
2178,2019-04-03,0.4791855323003269,0.4867144959914574,0.4888714868968021,0.484820747581023,0.1395613167723899,0.011239760024974899,0.0139062147631836,0.01867521257584759,0.011703586106108721,0.0060280344665600005,0.4867144959914574
2179,2019-04-04,0.4829856278063117,0.4919427486720396,0.4906373558497503,0.4932429207694244,0.115192946378416,0.003800095505984813,0.0052282526805821905,0.001765868952948224,0.008422173188401383,-0.024368370393973895,0.4919427486720396
2180,2019-04-05,0.4901041184102715,0.5008362202448463,0.4987174139519413,0.4994228071546909,0.0944151164051233,0.007118490603959804,0.008893471572806733,0.008080058102190979,0.006179886385266509,-0.020777829973292694,0.5008362202448463
2181,2019-04-08,0.497222511559481,0.506980695050673,0.5042824161613872,0.5028681292277897,0.0911333690306854,0.007118393149209479,0.006144474805826694,0.005565002209445946,0.0034453220730987777,-0.003281747374437899,0.506980695050673
2182,2019-04-09,0.5012903365439466,0.5007284654997437,0.5017140537914572,0.5062042972168004,0.0815279342730716,0.004067824984465618,-0.0062522295509293,-0.0025683623699300773,0.0033361679890107077,-0.009605434757613801,0.5007284654997437
2183,2019-04-10,0.4970618692336557,0.5080047191197697,0.5054060473690839,0.5045087419464557,0.0741004760011957,-0.004228467310290918,0.007276253620026041,0.0036919935776267288,-0.0016955552703447063,-0.007427458271875909,0.5080047191197697
2184,2019-04-11,0.5035916578457938,0.5064956335020877,0.5050850970839513,0.5087198992440549,0.0619458560958703,0.006529788612138154,-0.0015090856176820377,-0.00032095028513257073,0.004211157297599244,-0.012154619905325396,0.5064956335020877
2185,2019-04-12,0.510496033543373,0.5139876798048162,0.513111653143856,0.5175795707749389,0.0685783365252898,0.006904375697579179,0.007492046302728483,0.008026556059904655,0.008859671530883961,0.006632480429419503,0.5139876798048162
2186,2019-04-15,0.5102284876460343,0.5152813031310424,0.5140213625024742,0.518235899379077,0.1046479923524445,-0.0002675458973386835,0.0012936233262261787,0.000909709358618227,0.0006563286041381122,0.0360696558271547,0.5152813031310424
2187,2019-04-16,0.5145636445949165,0.5269773892502583,0.5237601205246439,0.5254547438675076,0.1620572186944624,0.004335156948882202,0.01169608611921591,0.009738758022169725,0.007218844488430576,0.05740922634201791,0.5269773892502583
2188,2019-04-17,0.5367221226409058,0.5350625822379211,0.5366028710774359,0.5307598474905496,0.1487232721550798,0.02215847804598925,0.00808519298766286,0.012842750552791937,0.00530510362304204,-0.013333946539382607,0.5350625822379211
2189,2019-04-18,0.5337783347867543,0.5320441278100602,0.5345694051430209,0.5360645928418588,0.0792284115882803,-0.002943787854151503,-0.0030184544278609726,-0.002033465934415002,0.0053047453513092035,-0.0694948605667995,0.5320441278100602
2190,2019-04-22,0.5269274938796766,0.5260613087212622,0.5282552236969591,0.5331114606438213,0.0829175029811669,-0.00685084090707766,-0.0059828190887979416,-0.006314181446061773,-0.0029531321980375003,0.0036890913928866037,0.5260613087212622
2191,2019-04-23,0.5230202867915614,0.5290796215528747,0.5310911711928129,0.5335488428734011,0.0756970017509222,-0.0039072070881152055,0.0030183128316124685,0.002835947495853808,0.0004373822295797858,-0.0072205012302447025,0.5290796215528747
2192,2019-04-24,0.5216823507166227,0.5327448876438489,0.5349440552664297,0.5328380219082212,0.0743140031076406,-0.001337936074938706,0.003665266090974173,0.0038528840736168357,-0.0007108209651799369,-0.001382998643281605,0.5327448876438489
2193,2019-04-25,0.5218962393389273,0.5254143554619006,0.5259005675431374,0.5228296607497238,0.0728488786541879,0.00021388862230453665,-0.007330532181948235,-0.009043487723292332,-0.010008361158497348,-0.0014651244534526903,0.5254143554619006
2194,2019-04-26,0.5138144229596426,0.5304270986522774,0.5269173473093222,0.520040562482269,0.0485724891676056,-0.008081816379284623,0.005012743190376812,0.00101677976618475,-0.0027890982674547704,-0.024276389486582305,0.5304270986522774
2195,2019-04-29,0.5258570000612722,0.5320980287819862,0.5312517322911314,0.5367755702162712,0.0425411696686387,0.012042577101629592,0.0016709301297087586,0.0043343849818092695,0.01673500773400216,-0.006031319498966903,0.5320980287819862
2196,2019-04-30,0.5341529472121054,0.5384042537023407,0.5352114619974379,0.5390177778380736,0.0646297275722625,0.00829594715083315,0.006306224920354486,0.003959729706306425,0.0022422076218023834,0.022088557903623803,0.5384042537023407
2197,2019-05-01,0.5388094864707805,0.5333916993069618,0.5413118129638727,0.5408226573837766,0.0853122916057567,0.004656539258675152,-0.005012554395378843,0.006100350966434798,0.0018048795457029643,0.020682564033494194,0.5333916993069618
2198,2019-05-02,0.5296571065380608,0.5396440232553903,0.5423284193950402,0.5366115344653009,0.064511466405616,-0.009152379932719779,0.006252323948428451,0.0010166064311675216,-0.004211122918475696,-0.02080082520014069,0.5396440232553903
2199,2019-05-03,0.5388093747579012,0.5430396428904855,0.5396528491162159,0.5442679565205566,0.0452414663070651,0.009152268219840498,0.0033956196350951595,-0.0026755702788242575,0.0076564220552557405,-0.019270000098550906,0.5430396428904855
2200,2019-05-06,0.5177216285432314,0.5227194956605942,0.5210847451780415,0.5244157812614906,0.1237208905065848,-0.0210877462146698,-0.020320147229891283,-0.01856810393817443,-0.01985217525906602,0.0784794241995197,0.5227194956605942
2201,2019-05-07,0.5124764067173463,0.5074658509967573,0.5125765888785092,0.5069698640940424,0.1876541912085962,-0.00524522182588516,-0.01525364466383683,-0.008508156299532277,-0.017445917167448144,0.06393330070201139,0.5074658509967573
2202,2019-05-08,0.4814333011387742,0.493397886119046,0.5033191253941962,0.4908364005144561,0.1388353246104773,-0.031043105578572094,-0.014067964877711336,-0.009257463484313,-0.016133463579586338,-0.048818866598118904,0.493397886119046
2203,2019-05-09,0.4793996370758111,0.4817557009717562,0.4822362129237852,0.4745391408642024,0.1484046240116159,-0.00203366406296307,-0.011642185147289819,-0.021082912470410997,-0.016297259650253693,0.009569299401138598,0.4817557009717562
2204,2019-05-10,0.4782756520736094,0.4810010873647909,0.4813264834015858,0.4755782305883606,0.1091550568146354,-0.0011239850022017328,-0.0007546136069652709,-0.0009097295221994206,0.001039089724158171,-0.03924956719698049,0.4810010873647909
2205,2019-05-13,0.458847092633143,0.4506555953503945,0.463721617621518,0.4533744198783235,0.15899885352369,-0.019428559440466397,-0.030345492014396402,-0.017604865780067813,-0.022203810710037075,0.0498437967090546,0.4506555953503945
2206,2019-05-14,0.4507117396921353,0.4563151502038844,0.454838929761671,0.4566558378010696,0.1389075953234278,-0.0081353529410077,0.005659554853489901,-0.008882687859846972,0.0032814179227461104,-0.020091258200262196,0.4563151502038844
2207,2019-05-15,0.4480355792148255,0.4624596722084606,0.4625978863105554,0.4562182696628656,0.1115629855688526,-0.002676160477309786,0.006144522004576214,0.007758956548884366,-0.0004375681382040031,-0.027344609754575214,0.4624596722084606
2208,2019-05-16,0.453976480991639,0.4585788022297822,0.4576748511373322,0.4584057676349434,0.1030908869916001,0.005940901776813501,-0.003880869978678425,-0.004923035173223178,0.00218749797207779,-0.008472098577252493,0.4585788022297822
2209,2019-05-17,0.4479819702252069,0.4487690613329814,0.4567651893885643,0.4542493746656039,0.0757068568481428,-0.005994510766432093,-0.009809740896800812,-0.0009096617487678871,-0.004156392969339506,-0.027384030143457305,0.4487690613329814
2210,2019-05-20,0.4326496894966373,0.4306112776125664,0.4393793757198307,0.4324700249278086,0.1264573225014864,-0.015332280728569625,-0.01815778372041499,-0.017385813668733596,-0.021779349737795273,0.050750465653343596,0.4306112776125664
2211,2019-05-21,0.4341011875686102,0.4436584751348963,0.4421205025231546,0.4404899461815204,0.0963598555899754,0.0014514980719729231,0.013047197522329912,0.00274112680332389,0.00801992125371176,-0.030097466911510995,0.4436584751348963
2212,2019-05-22,0.4353913666867997,0.4430088315468135,0.446527713943807,0.4431815251450676,0.0899967478179172,0.0012901791181894606,-0.0006496435880828377,0.004407211420652424,0.0026915789635472143,-0.006363107772058202,0.4430088315468135
2213,2019-05-23,0.4327572041116058,0.4417094971718981,0.438895690553939,0.437963118149265,0.0951082582429675,-0.002634162575193888,-0.0012993343749153619,-0.0076320233898680145,-0.005218406995802616,0.0051115104250503,0.4417094971718981
2214,2019-05-24,0.4415735546926951,0.4353753305918412,0.4450764631989838,0.4414786184600309,0.0586509685918051,0.008816350581089316,-0.006334166580056921,0.006180772645044796,0.0035155003107659177,-0.03645728965116239,0.4353753305918412
2215,2019-05-28,0.4329722142278593,0.4282833408898531,0.4345959074376647,0.4265924195979995,0.1255670787192315,-0.008601340464835794,-0.0070919897019880995,-0.010480555761319121,-0.014886198862031408,0.0669161101274264,0.4282833408898531
2216,2019-05-29,0.4223817289174071,0.4360791583443472,0.4364770096617794,0.4295037199084594,0.0969643015528348,-0.010590485310452202,0.007795817454494092,0.0018811022241146946,0.002911300310459941,-0.028602777166396712,0.4360791583443472
2217,2019-05-30,0.4335097937312432,0.4403560258313092,0.4403468050334594,0.4424674114289862,0.1053838396115777,0.011128064813836103,0.004276867486961988,0.0038697953716800293,0.012963691520526788,0.008419538058742904,0.4403560258313092
2218,2019-05-31,0.4294240662427568,0.4332639417318222,0.4403467453579716,0.4370291752786391,0.1343545404075411,-0.0040857274884864014,-0.007092084099486973,-5.96754878290362e-08,-0.005438236150347109,0.02897070079596341,0.4332639417318222
2219,2019-06-03,0.4321658297634984,0.4317481538917115,0.4405080410691391,0.4358207531808243,0.0883312363876469,0.002741763520741569,-0.001515787840110694,0.0001612957111675195,-0.0012084220978147986,-0.04602330401989421,0.4317481538917115
2220,2019-06-04,0.4351225156198913,0.4561642086029916,0.4533534428104756,0.4419180151245399,0.0809924739907559,0.0029566858563929155,0.02441605471128011,0.012845401741336526,0.006097261943715571,-0.007338762396890991,0.4561642086029916
2221,2019-06-05,0.4568409665779541,0.4457155854329933,0.4575993892589804,0.4448842348707602,0.0647118533824336,0.021718450958062796,-0.010448623169998339,0.004245946448504789,0.0029662197462203,-0.016280620608322305,0.4457155854329933
2222,2019-06-06,0.4439389447003117,0.4500466370843784,0.4487849952726711,0.4482900184902206,0.0638511748918403,-0.012902021877642389,0.004331051651385143,-0.008814393986309343,0.003405783619460423,-0.0008606784905932918,0.4500466370843784
2223,2019-06-07,0.4501749297005814,0.452970080429501,0.4568470041020255,0.4568592081480362,0.0623302048874712,0.006235985000269728,0.002923443345122567,0.008062008829354428,0.008569189657815612,-0.0015209700043691057,0.452970080429501
2224,2019-06-10,0.4556045916759831,0.464230758084603,0.4657690044063499,0.4647143373083098,0.0758973887277398,0.005429661975401678,0.011260677655102025,0.008922000304324385,0.007855129160273588,0.013567183840268594,0.464230758084603
2225,2019-06-11,0.4689904876908035,0.4620110952932368,0.4698537274925864,0.4595508757039936,0.0720900361682068,0.013385896014820375,-0.002219662791366206,0.00408472308623653,-0.0051634616043161885,-0.0038073525595329893,0.4620110952932368
2226,2019-06-12,0.4562497240047087,0.4537280451476806,0.4561483521949301,0.4570240343455551,0.0472157707835787,-0.01274076368609478,-0.008283050145556192,-0.013705375297656308,-0.002526841358438503,-0.024874265384628107,0.4537280451476806
2227,2019-06-13,0.4528091003029988,0.4552979699534649,0.4572769544567937,0.4594409277724295,0.0857557709806807,-0.0034406237017098884,0.001569924805784273,0.0011286022618636204,0.0024168934268744002,0.038540000197102,0.4552979699534649
2228,2019-06-14,0.4376492526391055,0.4503715532759189,0.4488925323786082,0.4402701916288714,0.1124466592862938,-0.015159847663893333,-0.004926416677546008,-0.008384422078185516,-0.01917073614355813,0.0266908883056131,0.4503715532759189
2229,2019-06-17,0.4446379466595513,0.4397606608051483,0.4485164009555497,0.4455985770905096,0.0640909822575399,0.006988694020445829,-0.010610892470770572,-0.0003761314230585344,0.005328385461638219,-0.0483556770287539,0.4397606608051483
2230,2019-06-18,0.4429712781991452,0.4601703912615857,0.4608242364171471,0.4496083359483236,0.1005515569411092,-0.0016666684604060844,0.020409730456437403,0.012307835461597416,0.004009758857814016,0.03646057468356931,0.4601703912615857
2231,2019-06-19,0.4609805306159047,0.4588170615172453,0.4608781076922237,0.464659468938513,0.0601522284017331,0.01800925241675949,-0.0013533297443404368,5.387127507661127e-05,0.015051132990189398,-0.040399328539376105,0.4588170615172453
2232,2019-06-20,0.4677002913562658,0.4633104296681522,0.4684563424427584,0.4681750054332133,0.0529612924631501,0.006719760740361069,0.004493368150906951,0.007578234750534707,0.0035155364947002665,-0.0071909359385829985,0.4633104296681522
2233,2019-06-21,0.4584000322342522,0.460711808117071,0.4621142351909588,0.4642748897733272,0.1079198846296618,-0.009300259122013599,-0.002598621551081204,-0.006342107251799622,-0.003900115659886072,0.0549585921665117,0.460711808117071
2234,2019-06-24,0.457539919461011,0.4608742190140917,0.4600180801563692,0.4651538067359431,0.0597186041240296,-0.0008601127732411618,0.00016241089702068168,-0.0020961550345895974,0.0008789169626158833,-0.0482012805056322,0.4608742190140917
2235,2019-06-25,0.4668399622690395,0.4544316841051886,0.4667362374679881,0.4606493056383011,0.0727700378764236,0.009300042808028486,-0.006442534908903119,0.0067181573116189,-0.004504501097642,0.013051433752393996,0.4544316841051886
2236,2019-06-26,0.4609803652041632,0.4719182072102509,0.4704986063253298,0.4672410547625648,0.0816199151804632,-0.005859597064876321,0.017486523105062324,0.0037623688573417136,0.0065917491242636905,0.008849877304039605,0.4719182072102509
2237,2019-06-27,0.473022379984924,0.4717558907107291,0.4790444030963536,0.4778977272757767,0.0755853106490895,0.012042014780760835,-0.0001623164995218085,0.008545796771023795,0.010656672513211896,-0.006034604531373708,0.4717558907107291
2238,2019-06-28,0.473076148317031,0.4693738170223422,0.4764645822061752,0.4757554286561032,0.2030182877754089,5.3768332106962635e-05,-0.0023820736883868876,-0.002579820890178386,-0.002142298619673466,0.1274329771263194,0.4693738170223422
2239,2019-07-01,0.4852255780233819,0.4948185212801698,0.491889823485527,0.4943769192536839,0.1333493204910466,0.012149429706350912,0.025444704257827577,0.015425241279351798,0.01862149059758067,-0.06966896728436228,0.4948185212801698
2240,2019-07-02,0.4913540596722349,0.4858316433821076,0.4917285888670732,0.4905317811382055,0.0709107095341495,0.00612848164885299,-0.008986877898062184,-0.00016123461845379827,-0.003845138115478375,-0.06243861095689711,0.4858316433821076
2241,2019-07-03,0.4809787365878435,0.4859941486766273,0.4845804068573007,0.4860275586138266,0.0306723475827089,-0.010375323084391375,0.0001625052945197214,-0.007148182009772519,-0.004504222524378876,-0.04023836195144061,0.4859941486766273
2242,2019-07-05,0.4764628981858156,0.4830706581327552,0.4810867716333418,0.4824020162658357,0.0416607809836044,-0.004515838402027905,-0.0029234905438721426,-0.003493635223958902,-0.003625542347990951,0.0109884334008955,0.4830706581327552
2243,2019-07-08,0.4746889576865183,0.4760328053964407,0.477754525319774,0.482292237960318,0.0446008849877304,-0.0017739404992972996,-0.007037852736314465,-0.003332246313567766,-0.00010977830551767154,0.002940104004125997,0.4760328053964407
2244,2019-07-09,0.4685606061908898,0.4830167099620795,0.4800120127588662,0.4786119790122014,0.058844785503809,-0.0061283514956285146,0.006983904565638799,0.002257487439092154,-0.003680258948116577,0.0142439005160786,0.4830167099620795
2245,2019-07-10,0.4838816235115973,0.4837744386865116,0.4910299094211012,0.4897078241430608,0.0453433023116773,0.015321017320707508,0.0007577287244320829,0.011017896662235016,0.011095845130859372,-0.013501483192131701,0.4837744386865116
2246,2019-07-11,0.4797960997593976,0.485777695211432,0.4839892504840942,0.4850388638098645,0.0602277841470906,-0.004085523752199727,0.0020032565249203937,-0.007040658937007005,-0.004668960333196304,0.014884481835413306,0.485777695211432
2247,2019-07-12,0.4854944759986134,0.4964969088122992,0.493341138904849,0.4934981383073829,0.0519823528059104,0.005698376239215819,0.010719213600867195,0.009351888420754795,0.008459274497518432,-0.0082454313411802,0.4964969088122992
2248,2019-07-15,0.4951170798960493,0.5013149571609989,0.4989305992785339,0.5032756478662266,0.0493904622369099,0.00962260389743591,0.004818048348699755,0.005589460373684907,0.009777509558843656,-0.002591890569000506,0.5013149571609989
2249,2019-07-16,0.4918916946212138,0.4912996185113873,0.492964837901136,0.4955854588871027,0.0528463163289105,-0.0032253852748355127,-0.010015338649611627,-0.005965761377397905,-0.00769018897912388,0.003455854092000603,0.4912996185113873
2250,2019-07-17,0.4880748228109999,0.4913537554770609,0.4909761825510887,0.4945417483728012,0.0388389381461248,-0.0038168718102138954,5.413696567357906e-05,-0.001988655350047275,-0.0010437105143015213,-0.014007378182785697,0.4913537554770609
2251,2019-07-18,0.4899564020313758,0.5029392549262043,0.4997369576632751,0.499430619082069,0.047209200718765,0.0018815792203759063,0.011585499449143388,0.00876077511218637,0.004888870709267801,0.008370262572640196,0.5029392549262043
2252,2019-07-19,0.5040411077206447,0.4997450323552148,0.5045203344211896,0.5067363447699735,0.0633321397715588,0.014084705689268895,-0.0031942225709895022,0.004783376757914515,0.007305725687904552,0.0161229390527938,0.4997450323552148
2253,2019-07-22,0.4998479430502373,0.5065122474619108,0.5061327144262724,0.5094279442019056,0.0501558747877047,-0.004193164670407423,0.006767215106696034,0.0016123800050827919,0.00269159943193209,-0.013176264983854095,0.5065122474619108
2254,2019-07-23,0.5064065403327133,0.5173940135560472,0.5137648143257066,0.5147563132755419,0.0580038172076567,0.006558597282475986,0.01088176609413638,0.007632099899434253,0.005328369073636319,0.007847942419951993,0.5173940135560472
2255,2019-07-24,0.5238781373508277,0.5405108282899109,0.5377896359115871,0.5310158521375005,0.1335694176623052,0.017471597018114404,0.023116814733863733,0.024024821585880485,0.016259538861958522,0.07556560045464851,0.5405108282899109
2256,2019-07-25,0.5303828787519236,0.5308201226393428,0.5322536376060913,0.5332679410786594,0.0549815873933596,0.006504741401095915,-0.009690705650568177,-0.005535998305495782,0.002252088941158914,-0.07858783026894561,0.5308201226393428
2257,2019-07-26,0.5302754415457365,0.5311450388308832,0.5306413641217951,0.5351356712082735,0.0384217390304555,-0.00010743720618711095,0.0003249161915404031,-0.0016122734842962672,0.0018677301296141646,-0.016559848362904098,0.5311450388308832
2258,2019-07-29,0.5288775624294519,0.5326065953078213,0.5304262294997591,0.5350806265173634,0.0564237166199644,-0.0013978791162845283,0.0014615564769381306,-0.00021513462203592848,-5.5044690910110994e-05,0.018001977589508895,0.5326065953078213
2259,2019-07-30,0.5205451401772895,0.5250816042779436,0.5233318106029158,0.5269509998014783,0.0691630722937081,-0.008332422252162464,-0.007524991029877692,-0.007094418896843369,-0.00812962671588513,0.012739355673743707,0.5250816042779436
2260,2019-07-31,0.5203838226597598,0.5111681681060869,0.5202682012202124,0.5101421465707415,0.0864949032722207,-0.00016131751752967993,-0.013913436171856697,-0.003063609382703336,-0.016808853230736776,0.017331830978512597,0.5111681681060869
2261,2019-08-01,0.5077505710993365,0.4959014021898898,0.5196232932411461,0.4967940303238344,0.0862025353880116,-0.012633251560423275,-0.015266765916197078,-0.0006449079790663559,-0.013348116246907127,-0.00029236788420909654,0.4959014021898898
2262,2019-08-02,0.4900639908472579,0.4767366331489467,0.4899551060172059,0.4826218623696955,0.1163919832069143,-0.017686580252078643,-0.019164769040943108,-0.029668187223940212,-0.014172167954138892,0.03018944781890269,0.4767366331489467
2263,2019-08-05,0.4611954479708077,0.4526993956011332,0.4610929772957308,0.4552661895169081,0.1466471316739539,-0.028868542876450187,-0.024037237547813506,-0.02886212872147509,-0.027355672852787394,0.03025514846703961,0.4526993956011332
2264,2019-08-06,0.4587226199119431,0.4604952602543767,0.464855295867567,0.4614734583408196,0.1391178373974659,-0.002472828058864618,0.0077958646532435005,0.0037623185718362318,0.006207268823911483,-0.007529294276488019,0.4604952602543767
2265,2019-08-07,0.4623243809623827,0.4786854695156964,0.4773782285089674,0.469438344098713,0.1308494108294378,0.0036017610504396336,0.0181902092613197,0.012522932641400364,0.007964885757893392,-0.008268426568028092,0.4786854695156964
2266,2019-08-08,0.4769468212589177,0.4915703505385047,0.488181410745855,0.4834457892020706,0.067136207298685,0.014622440296534978,0.01288488102280827,0.010803182236887643,0.014007445103357608,-0.0637132035307528,0.4915703505385047
2267,2019-08-09,0.4826450882884531,0.4755995680748036,0.4825378518266947,0.4788314455372002,0.061699478665357,0.005698267029535409,-0.015970782463701094,-0.005643558919160352,-0.004614343664870402,-0.005436728633327996,0.4755995680748036
2268,2019-08-12,0.4674851673702807,0.4726220349627569,0.4724335021462439,0.4753158950487415,0.0584045911612918,-0.01515992091817242,-0.002977533112046682,-0.010104349680450764,-0.0035155504884586963,-0.0032948875040652026,0.4726220349627569
2269,2019-08-13,0.4667326374141503,0.4892965035827155,0.4894712883010578,0.4750962563216013,0.0918330809333434,-0.0007525299561303989,0.016674468619958582,0.017037786154813883,-0.00021963872714020338,0.0334284897720516,0.4892965035827155
2270,2019-08-14,0.4681841336670672,0.4705107876989864,0.4742609904917019,0.4749315017708031,0.065887894984084,0.0014514962529169062,-0.01878571588372907,-0.0152102978093559,-0.00016475455079817403,-0.025945185949259403,0.4705107876989864
2271,2019-08-15,0.4710334691793406,0.4701318761380208,0.4729711734038171,0.4720202696149824,0.0412797172244104,0.0028493355122733988,-0.0003789115609655891,-0.0012898170878847814,-0.002911232155820731,-0.024608177759673597,0.4701318761380208
2272,2019-08-16,0.4729148491412181,0.4784689216530021,0.4774319945428653,0.4806442338387968,0.0521334642966252,0.0018813799618775384,0.008337045514981267,0.004460821139048166,0.008623964223814395,0.0108537470722148,0.4784689216530021
2273,2019-08-19,0.4849568578148151,0.4875100309142369,0.4888801113096079,0.4914107433420564,0.0949111562985568,0.012042008673597004,0.009041109261234803,0.011448116766742622,0.010766509503259636,0.0427776920019316,0.4875100309142369
2274,2019-08-20,0.4837512383620722,0.483193894067693,0.4851547989465671,0.4880661098558441,0.0683648094188449,-0.0012056194527429454,-0.0043161368465439165,-0.0037253123630408003,-0.003344633486212334,-0.0265463468797119,0.483193894067693
2275,2019-08-21,0.4845069400542729,0.4839005537451688,0.4860722243387485,0.487569747995265,0.0676289621597117,0.0007557016922007387,0.0007066596774758516,0.0009174253921814257,-0.0004963618605791087,-0.0007358472591331988,0.4839005537451688
2276,2019-08-22,0.4782453928305805,0.4869445898952574,0.4854785190745942,0.4854737576403866,0.0470088137419475,-0.006261547223692432,0.0030440361500885804,-0.0005937052641543095,-0.0020959903548783965,-0.020620148417764203,0.4869445898952574
2277,2019-08-23,0.4787313231501641,0.4597653787921481,0.4798122160688836,0.4658387164060427,0.0868398316749394,0.0004859303195836051,-0.02717921110310928,-0.005666303005710638,-0.019635041234343897,0.0398310179329919,0.4597653787921481
2278,2019-08-26,0.4655605886876995,0.4605806899909671,0.4663206246457114,0.4636324327358769,0.1213195318171813,-0.013170734462464584,0.0008153111988189465,-0.013491591423172189,-0.0022062836701657873,0.0344797001422419,0.4605806899909671
2279,2019-08-27,0.4609725122539345,0.4585150839179606,0.4660508271495527,0.4637979397963629,0.0606679784896078,-0.00458807643376502,-0.0020656060730064874,-0.00026979749615868576,0.00016550706048601427,-0.0606515533275735,0.4585150839179606
2280,2019-08-28,0.453253660601385,0.461396095587285,0.4596828419561318,0.4586685805535741,0.0530565584029486,-0.0077188516525494855,0.002881011669324418,-0.006367985193420911,-0.005129359242788789,-0.007611420086659201,0.461396095587285
2281,2019-08-29,0.4669639956964,0.4705826241957215,0.4715013262673374,0.4751046367358379,0.0442592416174185,0.013710335095015014,0.009186528608436495,0.01181848431120558,0.016436056182263792,-0.008797316785530099,0.4705826241957215
2282,2019-08-30,0.4714441634141995,0.4692780507596119,0.4724727388022187,0.4752701170763526,0.039679906442277,0.004480167717799466,-0.001304573436109624,0.0009714125348813107,0.00016548034051466765,-0.004579335175141502,0.4692780507596119
2283,2019-09-03,0.4601628466295892,0.4614504685467061,0.4649175584250901,0.4637979531878761,0.0694028796594078,-0.011281316784610307,-0.007827582212905748,-0.007555180377128601,-0.011472163888476494,0.029722973217130806,0.4614504685467061
2284,2019-09-04,0.4663163302297694,0.4703109009948646,0.4691268935320887,0.4555247005403632,0.2470212968650935,0.006153483600180254,0.008860432448158484,0.004209335106998613,-0.008273252647512885,0.1776184172056857,0.4703109009948646
2285,2019-09-05,0.4740892052819552,0.4828677979074151,0.4860182769877216,0.4844259477770777,0.1250874639878322,0.007772875052185768,0.012556896912550464,0.016891383455632902,0.0289012472367145,-0.12193383287726131,0.4828677979074151
2286,2019-09-06,0.4812683359019547,0.4920544209133505,0.4907133797307865,0.4891141512385885,0.0990043066774853,0.00717913061999953,0.009186623005935424,0.004695102743064894,0.004688203461510776,-0.026083157310346883,0.4920544209133505
2287,2019-09-09,0.4916860254004721,0.4993928352864648,0.5045826193276359,0.5014688137952275,0.0921878644332826,0.010417689498517402,0.007338414373114277,0.013869239596849436,0.012354662556638973,-0.006816442244202706,0.4993928352864648
2288,2019-09-10,0.4923877474223155,0.5031979040734503,0.4998336020081499,0.500806962010536,0.0626389979337146,0.0007017220218433762,0.003805068786985555,-0.004749017319486015,-0.0006618517846914695,-0.029548866499568005,0.5031979040734503
2289,2019-09-11,0.5015100348080366,0.5186900912172473,0.5150520113519672,0.5063775658386125,0.0903712415122975,0.009122287385721073,0.015492187143796965,0.015218409343817296,0.0055706038280765036,0.027732243578582907,0.5186900912172473
2290,2019-09-12,0.520510154323941,0.5189617672193546,0.5220674388140321,0.5209383345191242,0.0913797464611988,0.019000119515904412,0.0002716760021073128,0.007015427462064849,0.014560768680511704,0.0010085049489012982,0.5189617672193546
2291,2019-09-13,0.5177573987042732,0.5164070405053061,0.5179122075456173,0.5236410936118079,0.0504449576395071,-0.0027527556196678127,-0.0025547267140485497,-0.004155231268414772,0.002702759092683693,-0.0409347888216917,0.5164070405053061
2292,2019-09-16,0.5063679655353398,0.5134172357183899,0.5126774307793096,0.5141543724361545,0.0379946848175657,-0.011389433168933372,-0.002989804786916128,-0.0052347767663076805,-0.009486721175653412,-0.012450272821941395,0.5134172357183899
2293,2019-09-17,0.5057202766473119,0.5096665398908256,0.5079284549207176,0.5110105638863623,0.0420319896455778,-0.0006476888880279086,-0.0037506958275643765,-0.004748975858592019,-0.0031438085497921264,0.004037304828012095,0.5096665398908256
2294,2019-09-18,0.5059362178552996,0.5086337368543223,0.5071729577102195,0.5085285903885713,0.0604051758970602,0.00021594120798773542,-0.001032803036503216,-0.0007554972104980573,-0.0024819734977910013,0.018373186251482404,0.5086337368543223
2295,2019-09-19,0.5056663791236463,0.5027630619943303,0.5072809398690961,0.5093559914562777,0.042725131483422,-0.00026983873165331573,-0.005870674859992042,0.00010798215887652951,0.0008274010677064014,-0.0176800444136382,0.5027630619943303
2296,2019-09-20,0.4989730750498371,0.4916738573961526,0.5032334479052599,0.4981595052573519,0.0880815739247267,-0.006693304073809192,-0.011089204598177693,-0.004047491963836136,-0.011196486198925826,0.04535644244130469,0.4916738573961526
2297,2019-09-23,0.487367716177743,0.4996645112885721,0.5002112895913537,0.4967805595095202,0.0501985802089937,-0.01160535887209413,0.007990653892419486,-0.003022158313906176,-0.0013789457478317058,-0.037882993715733,0.4996645112885721
2298,2019-09-24,0.4981092864963899,0.4927065660351568,0.4996715481997031,0.4960635127632218,0.0468872675428943,0.01074157031864692,-0.00695794525341531,-0.0005397413916506388,-0.0007170467462984109,-0.0033113126660993947,0.4927065660351568
2299,2019-09-25,0.4868279275140923,0.5055896063067347,0.5036650961298285,0.4920923811768975,0.0570774380689265,-0.011281358982297596,0.012883040271577884,0.003993547930125352,-0.0039711315863242835,0.010190170526032195,0.5055896063067347
2300,2019-09-26,0.5026974657875853,0.5021106808787765,0.502585773989877,0.5038955584645246,0.0827072609071288,0.015869538273493022,-0.003478925427958135,-0.001079322139951433,0.011803177287627087,0.025629822838202296,0.5021106808787765
2301,2019-09-27,0.4979474331596181,0.496239958820035,0.5025857941869823,0.5000347494128615,0.0494922982415221,-0.004750032627967249,-0.0058707220587415065,2.0197105321528852e-08,-0.0038608090516630833,-0.033214962665606695,0.496239958820035
2302,2019-09-30,0.4940069653184906,0.5050460183087725,0.5037730001094303,0.5035646088028621,0.0472256258807993,-0.003940467841127504,0.008806059488737472,0.0011872059224479203,0.0035298593900006114,-0.002266672360722796,0.5050460183087725
2303,2019-10-01,0.5120897807579241,0.5051004856656925,0.518505890143707,0.5094111586318616,0.088097999086761,0.01808281543943352,5.446735692005156e-05,0.014732890034276691,0.005846549828999459,0.040872373205961696,0.5051004856656925
2304,2019-10-02,0.4960581734909998,0.4921630252359442,0.497351085528352,0.4976078818125928,0.0532043848612566,-0.01603160726692432,-0.01293746042974836,-0.02115480461535496,-0.011803276819268793,-0.034893614225504396,0.4921630252359442
2305,2019-10-03,0.4893109965623866,0.4984686837713047,0.4976209701351451,0.492974923261237,0.0756411562000059,-0.006747176928613208,0.0063056585353605255,0.00026988460679311377,-0.004632958551355815,0.0224367713387493,0.4984686837713047
2306,2019-10-04,0.4994048092619779,0.5095577939719834,0.5061475600730122,0.5074254787064815,0.053427767064922,0.010093812699591309,0.011089110200678709,0.00852658993786709,0.014450555445244484,-0.022213389135083902,0.5095577939719834
2307,2019-10-07,0.5046947547878556,0.5019476563980123,0.5072809219992364,0.5087492656746803,0.0733284933855872,0.005289945525877748,-0.00761013757397111,0.0011333619262241523,0.0013237869681987924,0.019900726320665196,0.5019476563980123
2308,2019-10-08,0.4922258356844029,0.4853682932582911,0.4931957751598475,0.4913754443310734,0.0671263522014644,-0.012468919103452714,-0.016579363139721193,-0.014085146839388829,-0.017373821343606877,-0.006202141184122795,0.4853682932582911
2309,2019-10-09,0.4891491571027191,0.4956965124183214,0.4946529510025016,0.4976080505117,0.0483983824500428,-0.0030766785816838116,0.010328219160030294,0.0014571758426540904,0.006232606180626599,-0.018727969751421603,0.4956965124183214
2310,2019-10-10,0.4941149823536865,0.5023281255177113,0.5028016482624771,0.5028476062378874,0.0581187933418963,0.004965825250967393,0.006631613099389921,0.008148697259975468,0.005239555726187395,0.0097204108918535,0.5023281255177113
2311,2019-10-11,0.5082032181759145,0.5192335848177104,0.5227150957953971,0.5166914722504847,0.0947074842893325,0.014088235822228012,0.016905459299999093,0.019913447532920014,0.01384386601259735,0.0365886909474362,0.5192335848177104
2312,2019-10-14,0.5126834719080519,0.5201034105721989,0.5169407982480593,0.5202214528284339,0.0354126493457857,0.00448025373213734,0.0008698257544884624,-0.0057742975473378255,0.0035299805779491766,-0.059294834943546794,0.5201034105721989
2313,2019-10-15,0.519322683575627,0.5262458558317973,0.5252515095799892,0.5247992582210773,0.0529974278196254,0.0066392116675751955,0.006142445259598395,0.008310711331929954,0.004577805392643408,0.0175847784738397,0.5262458558317973
2314,2019-10-16,0.5214277926422175,0.5222776681665485,0.5254133698251892,0.5291013052562824,0.0425477397334524,0.0021051090665904493,-0.003968187665248757,0.0001618602451999296,0.004302047035205092,-0.010449688086173005,0.5222776681665485
2315,2019-10-17,0.5242887209734082,0.52015778353162,0.5264927737349516,0.5253508672678662,0.0349757400356754,0.002860928331190671,-0.002119884634928515,0.0010794039097624664,-0.003750437988416233,-0.007571999697776999,0.52015778353162
2316,2019-10-18,0.5158681309258824,0.5164613662659776,0.5162931650438143,0.5144853076612088,0.0459378931773162,-0.008420590047525822,-0.0036964172656424044,-0.01019960869113734,-0.01086555960665736,0.010962153141640799,0.5164613662659776
2317,2019-10-21,0.5204022373259455,0.5315186169331555,0.5281116711317039,0.5279430559454731,0.0481487199871226,0.0045341064000631315,0.01505725066717789,0.011818506087889591,0.01345774828426427,0.0022108268098064016,0.5315186169331555
2318,2019-10-22,0.5253683351174356,0.5238542007972624,0.5279499088570294,0.5309215575346735,0.0528890217501995,0.004966097791490154,-0.007664416135893082,-0.00016176227467445958,0.002978501589200433,0.004740301763076903,0.5238542007972624
2319,2019-10-23,0.5068538161159252,0.505480907586642,0.5091156789631509,0.5058259912359434,0.1083042334212627,-0.018514519001510465,-0.018373293210620423,-0.018834229893878507,-0.02509556629873011,0.055415211671063204,0.505480907586642
2320,2019-10-24,0.4999445312805032,0.5118951232458466,0.5114900937634169,0.5108450070224427,0.044311802135928,-0.006909284835421969,0.006414215659204636,0.0023744148002660115,0.005019015786499326,-0.0639924312853347,0.5118951232458466
2321,2019-10-25,0.5075554783607678,0.510427525328973,0.5103029009417656,0.5137131120657537,0.0540289279953746,0.007610947080264552,-0.0014675979168736752,-0.0011871928216513616,0.00286810504331092,0.009717125859446597,0.510427525328973
2322,2019-10-28,0.5163000718263939,0.5196142427324073,0.5196391821845338,0.52507515525,0.0588940609899116,0.008744593465626171,0.009186717403434352,0.009336281242768196,0.011362043184246384,0.0048651329945370025,0.5196142427324073
2323,2019-10-29,0.5191068267829205,0.5153741902700533,0.5229850063870621,0.5208833230639135,0.0507340404913094,0.0028067549565266026,-0.004240052462354038,0.00334582420252838,-0.0041918321860865415,-0.008160020498602205,0.5153741902700533
2324,2019-10-30,0.5252603897263964,0.5185814396959041,0.5260071614576844,0.5239168890360597,0.0509607077273817,0.00615356294347591,0.003207249425850822,0.003022155070622312,0.0030335659721462127,0.00022666723607230044,0.5185814396959041
2325,2019-10-31,0.5132771802565744,0.51254755156015,0.5148361133146112,0.5174085264421483,0.0429222334278327,-0.01198320946982201,-0.006033888135754117,-0.011171048143073237,-0.00650836259391141,-0.008038474299549,0.51254755156015
2326,2019-11-01,0.515922148185895,0.5272243803063784,0.5256833151383112,0.5263988239394469,0.0571365686522497,0.002644967929320563,0.014676828746228443,0.010847201823700026,0.008990297497298627,0.014214335224417,0.5272243803063784
2327,2019-11-04,0.5330871014732536,0.5423903768923984,0.5386350674249771,0.5438828644330805,0.0916556891833738,0.017164953287358564,0.015165996586020025,0.012951752286665896,0.017484040493633612,0.0345191205311241,0.5423903768923984
2328,2019-11-05,0.5384850235807621,0.5436950919247565,0.5481332231817074,0.5447103167575259,0.1262240852006005,0.005397922107508557,0.0013047150323580725,0.009498155756730298,0.0008274523244453658,0.034568396017226694,0.5436950919247565
2329,2019-11-06,0.5262859635628349,0.5197773144119211,0.5282737035857653,0.5146508334128636,0.1855714806626567,-0.012199060017927255,-0.023917777512835414,-0.01985951959594212,-0.030059483344662352,0.059347395462056196,0.5197773144119211
2330,2019-11-07,0.5187289983032937,0.5183639478582198,0.5229310451120883,0.5218761300444223,0.1321667088245825,-0.007556965259541193,-0.0014133665537012785,-0.005342658473676987,0.007225296631558797,-0.05340477183807418,0.5183639478582198
2331,2019-11-08,0.5085271958314894,0.5229844694402729,0.5206645265273483,0.5171328465555592,0.0583980210964781,-0.010201802471804244,0.004620521582053061,-0.0022665185847400293,-0.004743283488863104,-0.07376868772810441,0.5229844694402729
2332,2019-11-11,0.5143028536611279,0.5140696640326933,0.5179662320061877,0.5210488514632339,0.0657630637526239,0.005775657829638514,-0.008914805407579607,-0.002698294521160549,0.003916004907674631,0.0073650426561458066,0.5140696640326933
2333,2019-11-12,0.5119816976271976,0.509231650612956,0.5180740465975854,0.5140992169093603,0.0624517510865244,-0.0023211560339303494,-0.004838013419737219,0.00010781459139763694,-0.0069496345538735405,-0.0033113126660995057,0.509231650612956
2334,2019-11-13,0.5002684223193773,0.5114602811667267,0.509871174078968,0.5101831694241463,0.0408033875254179,-0.011713275307820292,0.0022286305537706497,-0.008202872518617399,-0.003916047485214014,-0.0216483635611065,0.5114602811667267
2335,2019-11-14,0.5048566868805427,0.5089056016514276,0.5063095359016863,0.5118931008558782,0.0439405934739546,0.004588264561165456,-0.0025546795152990853,-0.003561638177281723,0.0017099314317319259,0.0031372059485366977,0.5089056016514276
2336,2019-11-15,0.5131152381675814,0.5142326413147079,0.5146202295836497,0.5190631769056335,0.0613052747765356,0.008258551287038673,0.005327039663280297,0.008310693681963466,0.007170076049755281,0.017364681302581002,0.5142326413147079
2337,2019-11-18,0.5077174299966112,0.5024368242378039,0.5099251644970002,0.5088043498959323,0.051292496000473,-0.005397808170970242,-0.011795817076904025,-0.004695065086649519,-0.010258827009701266,-0.010012778776062603,0.5024368242378039
2338,2019-11-19,0.5027514828630025,0.5035783731931492,0.5044206685689779,0.5046677519037106,0.0778651231394397,-0.00496594713360865,0.0011415489553453506,-0.005504495928022268,-0.004136597992221658,0.026572627138966708,0.5035783731931492
2339,2019-11-20,0.4971099216883206,0.4974496155709052,0.5023091556571131,0.5009160319553811,0.0629018005262622,-0.005641561174681953,-0.006128757622244019,-0.0021115129118648435,-0.003751719948329457,-0.01496332261317751,0.4974496155709052
2340,2019-11-21,0.4944545578297396,0.4966310948571204,0.4971079247687583,0.4999747896280412,0.0530532733705418,-0.0026553638585809503,-0.0008185207137847983,-0.00520123088835478,-0.0009412423273399417,-0.009848527155720398,0.4966310948571204
2341,2019-11-22,0.4939668556193335,0.5002330674250184,0.4996002447767217,0.5047369978853354,0.0395485051460032,-0.0004877022104061157,0.0036019725678979597,0.0024923200079634,0.0047622082572942315,-0.013504768224538596,0.5002330674250184
2342,2019-11-25,0.5002530876637102,0.5109296256261268,0.5076730516153182,0.5108834447466011,0.0653622897989888,0.006286232044376727,0.010696558201108375,0.008072806838596458,0.006146446861265642,0.025813784652985595,0.5109296256261268
2343,2019-11-26,0.5059974305022726,0.5204801037919381,0.5184549211480496,0.5109940588805976,0.1156495658829674,0.0057443428385624,0.009550478165811338,0.010781869532731414,0.00011061413399648945,0.05028727608397861,0.5204801037919381
2344,2019-11-27,0.5200876291343905,0.5217354017335724,0.5205680643842677,0.5266650979669741,0.052921872074268,0.014090198632117912,0.0012552979416342591,0.00211314323621814,0.01567103908637657,-0.0627276938086994,0.5217354017335724
2345,2019-11-29,0.5146684075959812,0.5159505342001667,0.5166670997884175,0.5220136857932082,0.024069432444951,-0.005419221538409347,-0.00578486753340568,-0.0039009645958502093,-0.0046514121737659675,-0.028852439629317002,0.5159505342001667
2346,2019-12-02,0.5156438955228458,0.5141495715155925,0.5167754600747329,0.5186912522580214,0.0776351708709606,0.0009754879268646377,-0.0018009626845741922,0.00010836028631533434,-0.0033224335351867973,0.0535657384260096,0.5141495715155925
2347,2019-12-03,0.4972725825403926,0.5013791002615661,0.5006296574325663,0.5029096009019772,0.0827269711015699,-0.01837131298245326,-0.012770471254026416,-0.016145802642166585,-0.015781651356044146,0.005091800230609303,0.5013791002615661
2348,2019-12-04,0.518299197361119,0.5268653866177008,0.5252816952047916,0.5232871990908555,0.1419593904293865,0.021026614820726375,0.025486286356134702,0.024652037772225355,0.0203775981888783,0.05923241932781659,0.5268653866177008
2349,2019-12-05,0.5237185868742202,0.5277932668340712,0.5293995571158546,0.5312058455617107,0.0608158049479158,0.00541938951310128,0.0009278802163704691,0.004117861911063003,0.007918646470855162,-0.08114358548147069,0.5277932668340712
2350,2019-12-06,0.5311429513092302,0.5389810696199491,0.5363888159386555,0.5408409091304561,0.0527280551622641,0.007424364435009934,0.011187802785877832,0.006989258822800881,0.009635063568745439,-0.008087749785651702,0.5389810696199491
2351,2019-12-09,0.5352615890808124,0.5404000056260909,0.5384476874542043,0.5448832730760038,0.0587232393047557,0.004118637771582279,0.0014189360061418466,0.0020588715155488435,0.004042363945547689,0.0059951841424916025,0.5404000056260909
2352,2019-12-10,0.5380795510031995,0.5373437449998825,0.5395853935015971,0.5439971795734643,0.0479351928806777,0.0028179619223870356,-0.0030562606262084513,0.001137706047392717,-0.0008860935025395422,-0.010788046424078004,0.5373437449998825
2353,2019-12-11,0.5352616190023511,0.5422010155094147,0.5406691458306935,0.5443849126993743,0.0488287216953395,-0.0028179320008483444,0.004857270509532219,0.0010837523290964102,0.00038773312591000586,0.0008935288146618009,0.5422010155094147
2354,2019-12-12,0.5383504578551026,0.5629939054142724,0.5605532990942483,0.5475410993371432,0.0870336485869433,0.003088838852751463,0.020792889904857725,0.01988415326355486,0.003156186637768954,0.038204926891603805,0.5629939054142724
2355,2019-12-13,0.5578057354799631,0.5571544289276982,0.5670008840080479,0.563931958661004,0.0853714221890798,0.019455277624860545,-0.0058394764865742355,0.006447584913799598,0.01639085932386075,-0.0016622263978635088,0.5571544289276982
2356,2019-12-16,0.5582393299708964,0.5635397589522104,0.56862632332831,0.5696909356639875,0.0803190423473527,0.0004335944909332756,0.006385330024512248,0.0016254393202620454,0.005758977002983556,-0.0050523798417271,0.5635397589522104
2357,2019-12-17,0.5608948568727372,0.5592284363781153,0.5614204177611647,0.5670884740775315,0.0563120255181317,0.002655526901840788,-0.004311322574095167,-0.007205905567145288,-0.0026024615864560507,-0.024007016829220997,0.5592284363781153
2358,2019-12-18,0.5551502876325421,0.5561175195999887,0.5555145479243987,0.5613847294403783,0.0928842913035337,-0.005744569240195063,-0.0031109167781265823,-0.005905869836765998,-0.005703744637153174,0.03657226578540201,0.5561175195999887
2359,2019-12-19,0.554066447596743,0.5586825828401772,0.555514587297728,0.5617170438354513,0.0446534455062399,-0.0010838400357991995,0.00256506324018857,3.937332926362558e-08,0.00033231439507297456,-0.04823084579729381,0.5586825828401772
2360,2019-12-20,0.5641463355676691,0.5712348070765274,0.5705226985453928,0.5672545124403255,0.1240099733583871,0.010079887970926182,0.012552224236350162,0.01500811124766488,0.005537468604874252,0.0793565278521472,0.5712348070765274
2361,2019-12-23,0.5686984907227705,0.5729265990535141,0.5719855028435442,0.5773879235480872,0.0545611032452835,0.004552155155101323,0.0016917919769866563,0.0014628042981513767,0.01013341110776167,-0.06944887011310359,0.5729265990535141
2362,2019-12-24,0.5679939165305548,0.5733085785331969,0.5697098815355809,0.5759481790051918,0.0150684436501966,-0.0007045741922157012,0.00038197947968288126,-0.002275621307963327,-0.0014397445428954159,-0.0394926595950869,0.5733085785331969
2363,2019-12-26,0.5703785466478344,0.5781112872883101,0.5739361060624504,0.5801013914419466,0.0305672265456898,0.002384630117279629,0.0048027087551131276,0.004226224526869493,0.004153212436754816,0.015498782895493198,0.5781112872883101
2364,2019-12-27,0.5747680566087069,0.5756553475569597,0.5751821917503875,0.5819286223763876,0.0211161883111976,0.004389509960872506,-0.0024559397313503872,0.0012460856879371596,0.0018272309344410376,-0.009451038234492198,0.5756553475569597
2365,2019-12-30,0.5718415601263652,0.5729810664104341,0.5720396177356495,0.5774986177221075,0.0372292722667709,-0.0029264964823416673,-0.00267428114652557,-0.003142574014738053,-0.0044300046542801175,0.016113083955573298,0.5729810664104341
2366,2019-12-31,0.5692403838984884,0.5715076158486226,0.5704142321038541,0.5745638380315696,0.0508161663014805,-0.0026011762278768114,-0.0014734505618114735,-0.001625385631795373,-0.002934779690537903,0.013586894034709605,0.5715076158486226
2367,2020-01-02,0.5746055231057661,0.5872252242200194,0.5856390634306514,0.5825931679208749,0.1596164396161768,0.005365139207277658,0.015717608371396796,0.015224831326797306,0.00802932988930527,0.1088002733146963,0.5872252242200194
2368,2020-01-03,0.5711913714598492,0.5743455350596559,0.5789206445958363,0.5806550504638474,0.3289927105130892,-0.003414151645916852,-0.012879689160363528,-0.006718418834815165,-0.001938117457027544,0.1693762708969124,0.5743455350596559
2369,2020-01-06,0.56176190475868,0.5661048221923989,0.5647253876150726,0.5704108684223301,0.0662196832571753,-0.009429466701169176,-0.008240712867257027,-0.014195256980763626,-0.010244182041517225,-0.2627730272559139,0.5661048221923989
2370,2020-01-07,0.58473961988927,0.6040889126267133,0.60032210917075,0.5917853662127018,0.2201431617122903,0.022977715130589993,0.03798409043431439,0.03559672155567739,0.021374497790371705,0.153923478455115,0.6040889126267133
2371,2020-01-08,0.5993715464612909,0.5964483318593163,0.6001052859525474,0.6026386318538944,0.0789426137688848,0.014631926572020837,-0.007640580767396932,-0.00021682321820259975,0.0108532656411926,-0.14120054794340547,0.5964483318593163
2372,2020-01-09,0.5982335794316709,0.6020696085269639,0.599455178261845,0.5997038756039944,0.0726189263857088,-0.0011379670296199906,0.005621276667647557,-0.000650107690702395,-0.002934756249900028,-0.006323687383175999,0.6020696085269639
2373,2020-01-10,0.5993715103649434,0.6048528243873296,0.6022182931185984,0.6054626548107435,0.1036066370794747,0.001137930933272524,0.002783215860365673,0.0027631148567534014,0.005758779206749054,0.030987710693765907,0.6048528243873296
2374,2020-01-13,0.602894129673468,0.6069267374402476,0.6051982902008047,0.6122737985254406,0.0790181695142422,0.0035226193085245994,0.0020739130529180416,0.0029799970822063093,0.006811143714697154,-0.024588467565232502,0.6069267374402476
2375,2020-01-14,0.5995341082795409,0.6009780430473363,0.609370168334422,0.6083975553308428,0.1101635617635368,-0.003360021393927104,-0.005948694392911347,0.004171878133617302,-0.0038762431945977838,0.031145392249294593,0.6009780430473363
2376,2020-01-15,0.5921098014090358,0.5871161007111814,0.5927367699081874,0.5920621787037431,0.2028836014467282,-0.007424306870505104,-0.013861942336154898,-0.01663339842623468,-0.016335376627099718,0.09272003968319141,0.5871161007111814
2377,2020-01-16,0.5871782372579818,0.5938833630166269,0.5924116519083338,0.5952185072663907,0.0801317955001626,-0.004931564151054002,0.006767262305445554,-0.0003251179998535747,0.003156328562647581,-0.12275180594656561,0.5938833630166269
2378,2020-01-17,0.5911342869493996,0.5971032617073431,0.5958250236766562,0.5987070778077309,0.0771325609127134,0.003956049691417829,0.0032198986907161498,0.0034133717683224596,0.003488570541340219,-0.002999234587449204,0.5971032617073431
2379,2020-01-21,0.5907008465449133,0.5961755702859706,0.5940913553215242,0.6007560135556071,0.0675435513171337,-0.00043344040448634047,-0.0009276914213725007,-0.001733668355132001,0.002048935747876235,-0.009589009595579692,0.5961755702859706
2380,2020-01-22,0.5948735223624972,0.5967757495845802,0.6012430573205884,0.6024724975744086,0.0445286142747798,0.0041726758175839596,0.000600179298609671,0.0071517019990641195,0.001716484018801423,-0.023014937042353904,0.5967757495845802
2381,2020-01-23,0.59471082803002,0.6017419548079526,0.5984255150622703,0.6005896251168156,0.0602212140822769,-0.0001626943324772867,0.004966205223372322,-0.0028175422583180953,-0.001882872457592999,0.015692599807497105,0.6017419548079526
2382,2020-01-24,0.6032734933387733,0.5851514055646004,0.6034103750557905,0.5885736143026316,0.0937843901830091,0.008562665308753381,-0.016590549243352126,0.004984859993520274,-0.01201601081418402,0.0335631761007322,0.5851514055646004
2383,2020-01-27,0.5575347333389871,0.5620116050397315,0.5660797999651925,0.5666453079682094,0.087378576989662,-0.04573875999978627,-0.02313980052486897,-0.037330575090598006,-0.02192830633442211,-0.0064058131933470985,0.5620116050397315
2384,2020-01-28,0.564417276813906,0.568669743836339,0.5697641328477572,0.5735671415639366,0.0650534967527454,0.006882543474918901,0.006658138796607482,0.003684332882564645,0.006921833595727178,-0.02232508023691661,0.568669743836339
2385,2020-01-29,0.5653927460512012,0.5591737330274477,0.5690055636473381,0.5670329694339186,0.0566241035967819,0.0009754692372951901,-0.009496010808891286,-0.000758569200419057,-0.006534172130018057,-0.0084293931559635,0.5591737330274477
2386,2020-01-30,0.5503813893648322,0.5542620423597449,0.5531306730231442,0.551805085858618,0.0806836809445125,-0.015011356686368993,-0.004911690667702806,-0.015874890624193894,-0.015227883575300583,0.024059577347730607,0.5542620423597449
2387,2020-01-31,0.5451788158990873,0.5319954658993282,0.5469540011024437,0.5367431898187098,0.12763007907073,-0.00520257346574482,-0.02226657646041663,-0.006176671920700483,-0.015061896039908151,0.04694639812621751,0.5319954658993282
2388,2020-02-03,0.5329313945113732,0.5323776341740092,0.5346009582154577,0.5386260439264178,0.0693864544973736,-0.012247421387714175,0.0003821682746809607,-0.012353042886986021,0.001882854107707943,-0.05824362457335641,0.5323776341740092
2389,2020-02-04,0.5457749533462979,0.5550806102722792,0.5536182579330313,0.5541861203313676,0.1120163200409972,0.012843558834924718,0.02270297609826999,0.0190172997175736,0.01556007640494983,0.042629865543623593,0.5550806102722792
2390,2020-02-05,0.5852272634148671,0.5921915238408908,0.6043855876653121,0.5827592541749387,0.2023744214236673,0.039452310068569196,0.037110913568611625,0.05076732973228082,0.028573133843571075,0.0903581013826701,0.5921915238408908
2391,2020-02-06,0.5882079592778876,0.5920278857763831,0.5905153830775024,0.5904563598098015,0.0695014306316131,0.0029806958630205216,-0.00016363806450769847,-0.013870204587809742,0.007697105634862811,-0.1328729907920542,0.5920278857763831
2392,2020-02-07,0.5834389388172944,0.5796392996045405,0.5850972387717545,0.5863585969846484,0.0822506414025774,-0.004769020460593243,-0.012388586171842575,-0.005418144305747941,-0.004097762825153062,0.012749210770964303,0.5796392996045405
2393,2020-02-10,0.5702159435095907,0.5902268758930593,0.5860725377935749,0.5814857172808404,0.066035721442392,-0.013222995307703655,0.010587576288518807,0.0009752990218204749,-0.0048728797038080085,-0.016214919960185398,0.5902268758930593
2394,2020-02-11,0.590700763007134,0.5941016572330526,0.6002136743640933,0.5988178360299717,0.094464391891226,0.020484819497543327,0.003874781339993305,0.014141136570518409,0.01733211874913132,0.028428670448834,0.5941016572330526
2395,2020-02-12,0.5934104998281916,0.5986860245729906,0.6004305035634243,0.6053521091689011,0.0657827739470649,0.0027097368210575734,0.004584367339937945,0.0002168291993309701,0.006534273138929403,-0.028681617944161103,0.5986860245729906
2396,2020-02-13,0.5908091258819128,0.6023424644978086,0.6011889239615548,0.5987624454326824,0.0599846917489841,-0.0026013739462787955,0.0036564399248180113,0.0007584203981304549,-0.0065896637362187205,-0.005798082198080805,0.6023424644978086
2397,2020-02-14,0.6001845451085515,0.5968304529352477,0.6011347905098234,0.6016419922967738,0.0360532306651205,0.009375419226638648,-0.00551201156256087,-5.413345173133077e-05,0.00287954686409142,-0.023931461083863598,0.5968304529352477
2398,2020-02-18,0.5864736338673145,0.5837323279622101,0.5894316253888835,0.5916744406775593,0.0360400905354931,-0.013710911241236912,-0.01309812497303764,-0.01170316512093994,-0.009967551619214587,-1.3140129627400854e-05,0.5837323279622101
2399,2020-02-19,0.5854982428075403,0.5993408128247687,0.5957708360263837,0.5968243338465347,0.053069698532576,-0.0009753910597742887,0.015608484862558614,0.006339210637500203,0.005149893168975406,0.017029607997082905,0.5993408128247687
2400,2020-02-20,0.5914308300691427,0.5920964183606534,0.5954853483670125,0.5949919350914215,0.0419564339002204,0.005932587261602396,-0.007244394464115289,-0.00028548765937119747,-0.001832398755113207,-0.011113264632355603,0.5920964183606534
2401,2020-02-21,0.5827307609990889,0.5753951408509802,0.5860804740441438,0.5811573433557752,0.0664759157849092,-0.008700069070053718,-0.016701277509673207,-0.00940487432286874,-0.013834591735646273,0.024519481884688804,0.5753951408509802
2402,2020-02-24,0.5491817823684283,0.5482900317845819,0.5588450025358175,0.5552664518321874,0.113501154688891,-0.03354897863066064,-0.027105109066398292,-0.02723547150832628,-0.02589089152358781,0.0470252389039818,0.5482900317845819
2403,2020-02-25,0.5487468784356967,0.5321365901603257,0.5495491053658849,0.5348760059538309,0.0893693066282098,-0.00043490393273160066,-0.01615344162425625,-0.009295897169932621,-0.020390445878356478,-0.024131848060681207,0.5321365901603257
2404,2020-02-26,0.5350443712685351,0.5189397726020888,0.5405248074732925,0.5230971533362666,0.1224725781919838,-0.013702507167161593,-0.013196817558236873,-0.009024297892592403,-0.011778852617564284,0.033103271563774,0.5189397726020888
2405,2020-02-27,0.5008973904258068,0.4921633556271906,0.5097558552153645,0.4987064807140893,0.1354747364582751,-0.03414698084272827,-0.026776416974898187,-0.030768952257927973,-0.024390672622177312,0.013002158266291294,0.4921633556271906
2406,2020-02-28,0.4719157564797398,0.4967082176137992,0.5023081896725343,0.4778158666045212,0.1798358140803059,-0.02898163394606701,0.004544861986608584,-0.007447665542830162,-0.020890614109568106,0.044361077622030815,0.4967082176137992
2407,2020-03-02,0.4980698138389365,0.5214039721146012,0.5179644980016398,0.5005398454728505,0.1519360338489739,0.02615405735919668,0.024695754500802025,0.015656308329105473,0.022723978868329275,-0.027899780231332022,0.5214039721146012
2408,2020-03-03,0.5125876899689253,0.4895896078170946,0.5271516585370158,0.495594925514615,0.1862974728245694,0.014517876129988838,-0.031814364297506614,0.009187160535376049,-0.004944919958235483,0.034361438975595515,0.4895896078170946
2409,2020-03-04,0.4937742325087932,0.5106714484663758,0.5088316250594571,0.494650505085525,0.1479677147015055,-0.018813457460132132,0.021081840649281203,-0.018320033477558728,-0.0009444204290899871,-0.03832975812306391,0.5106714484663758
2410,2020-03-05,0.4895332126505707,0.4855925345171535,0.497796256311891,0.4893725032238163,0.1365522270877202,-0.004241019858222506,-0.025078913949222292,-0.01103536874756611,-0.005278001861708681,-0.011415487613785302,0.4855925345171535
2411,2020-03-06,0.4643034095656629,0.476174118452436,0.4821941785476333,0.4718710340777404,0.1787156180295718,-0.025229803084907798,-0.009418416064717494,-0.015602077764257705,-0.01750146914607592,0.04216339094185162,0.476174118452436
2412,2020-03-09,0.437061649735159,0.4268919217546683,0.4477283044515178,0.4330899910163115,0.2002194401647772,-0.02724175983050392,-0.04928219669776773,-0.03446587409611551,-0.03878104306142888,0.02150382213520538,0.4268919217546683
2413,2020-03-10,0.4403243032453898,0.4461668526769384,0.4457714130543668,0.422533777913825,0.2105968575379996,0.0032626535102308063,0.019274930922270117,-0.001956891397150995,-0.0105562131024865,0.010377417373222397,0.4461668526769384
2414,2020-03-11,0.4292862010800778,0.4019224617055306,0.4354968738934865,0.4068102377866478,0.3091149794192719,-0.01103810216531198,-0.04424439097140781,-0.01027453916088028,-0.015723540127177194,0.09851812188127232,0.4019224617055306
2415,2020-03-12,0.3793160945071204,0.3412507583659075,0.382765377709907,0.3435829450252241,0.3398103222288288,-0.04997010657295742,-0.06067170333962307,-0.05273149618357953,-0.06322729276142375,0.03069534280955688,0.3412507583659075
2416,2020-03-13,0.3629493730553126,0.3831404981223865,0.3804821231444873,0.3466387362558497,0.2170847965415178,-0.016366721451807786,0.04188973975647897,-0.002283254565419668,0.003055791230625604,-0.12272552568731099,0.3831404981223865
2417,2020-03-16,0.3341309475753055,0.3053844050234195,0.3571606911427056,0.3098580536708463,0.2175611262405103,-0.028818425480007126,-0.07775609309896697,-0.023321432001781717,-0.03678068258500339,0.00047632969899250033,0.3053844050234195
2418,2020-03-17,0.3180904735007163,0.3422364098516628,0.3423197795834546,0.3048020863821398,0.2452440943329906,-0.016040474074589195,0.0368520048282433,-0.014840911559250991,-0.005055967288706498,0.027682968092480303,0.3422364098516628
2419,2020-03-18,0.3062368691877254,0.3173216295538179,0.3307406186346033,0.3031908666992058,0.2239078088505343,-0.011853604312990873,-0.02491478029784494,-0.011579160948851308,-0.0016112196829339842,-0.021336285482456308,0.3173216295538179
2420,2020-03-19,0.3021587715997793,0.3316134109016462,0.3427003265184199,0.2953013442808525,0.2171603522868753,-0.004078097587946139,0.014291781347828325,0.011959707883816617,-0.007889522418353334,-0.006747456563658993,0.3316134109016462
2421,2020-03-20,0.3377739983719893,0.3265756523740357,0.3499848334288025,0.3238591473754802,0.1674479568740945,0.03561522677221002,-0.005037758527610514,0.007284506910382571,0.028557803094627743,-0.0497123954127808,0.3265756523740357
2422,2020-03-23,0.34941015561129,0.3587185199680445,0.3731432196672444,0.3464720690162036,0.3192394492971673,0.011636157239300726,0.032142867594008806,0.023158386238441908,0.02261292164072337,0.1517914924230728,0.3587185199680445
2423,2020-03-24,0.38002289490145,0.4146261939277676,0.4130994846363561,0.3883086747991616,0.2912969636445464,0.030612739290160007,0.055907673959723125,0.0399562649691117,0.041836605782958,-0.02794248565262092,0.4146261939277676
2424,2020-03-25,0.4118865170920982,0.4103005229338252,0.4258205052135241,0.4099772756190131,0.2887674886912759,0.0318636221906482,-0.004325670993942432,0.012721020577168007,0.021668600819851502,-0.002529474953270494,0.4103005229338252
2425,2020-03-26,0.410255113065481,0.4080552784202314,0.4136975220096046,0.4016431245230366,0.1470380505303684,-0.0016314040266172114,-0.002245244513593758,-0.012122983203919524,-0.008334151095976516,-0.1417294381609075,0.4080552784202314
2426,2020-03-27,0.3884510111833557,0.3734483529099586,0.3910828211561664,0.3774745573764664,0.1531909162283886,-0.021804101882125337,-0.034606925510272835,-0.022614700853438197,-0.024168567146570175,0.0061528656980202046,0.3734483529099586
2427,2020-03-30,0.3773585834926112,0.3777741890995243,0.3841244082319867,0.3740853581757986,0.1121280111428299,-0.011092427690744477,0.004325836189565724,-0.006958412924179702,-0.003389199200667825,-0.041062905085558696,0.3777741890995243
2428,2020-03-31,0.3703443108065949,0.3712580713401547,0.3855922092736865,0.37436316735532,0.1761664328818603,-0.007014272686016287,-0.006516117759369611,0.001467801041699801,0.0002778091795214155,0.06403842173903039,0.3712580713401547
2429,2020-04-01,0.3539776161091814,0.3438244117785046,0.3640647442246299,0.3444719329778646,0.1286615792464792,-0.01636669469741353,-0.027433659561650114,-0.02152746504905656,-0.02989123437745539,-0.047504853635381095,0.3438244117785046
2430,2020-04-02,0.3358165486631169,0.35581638685832,0.3544969541423929,0.3423606447729965,0.1316411036394874,-0.018161067446064494,0.01199197507981542,-0.009567790082237015,-0.0021112882048681114,0.0029795243930081927,0.35581638685832
2431,2020-04-03,0.3498995197662821,0.3506691272318755,0.3588459490123709,0.3501390412971861,0.102460160769486,0.014082971103165198,-0.0051472596264445225,0.0043489948699779735,0.007778396524189601,-0.029180942870001392,0.3506691272318755
2432,2020-04-06,0.369093559994613,0.4050982767642161,0.4044558222589471,0.3736407808691099,0.156607349931507,0.019194040228330933,0.054429149532340626,0.04560987324657623,0.023501739571923808,0.05414718916202099,0.4050982767642161
2433,2020-04-07,0.4165081924139238,0.4015938640115293,0.4185901531705021,0.4027543176371979,0.1423043188321053,0.047414632419310765,-0.003504412752686814,0.014134330911554971,0.029113536768087978,-0.014303031099401703,0.4015938640115293
2434,2020-04-08,0.4098744469058401,0.435434140233715,0.4350618800046866,0.4133106653932231,0.2192463478652216,-0.0066337455080837104,0.03384027622218572,0.01647172683418452,0.010556347756025208,0.07694202903311631,0.435434140233715
2435,2020-04-09,0.4322767958420438,0.4295751234648489,0.4560458225399563,0.4325900526156906,0.1993456215445565,0.022402348936203742,-0.005859016768866132,0.020983942535269695,0.019279387222467526,-0.019900726320665085,0.4295751234648489
2436,2020-04-13,0.4248274742821759,0.4356532368288822,0.4351706881789086,0.4250894546263473,0.0804307334491854,-0.0074493215598679385,0.0060781133640333,-0.02087513436104771,-0.007500597989343327,-0.11891488809537111,0.4356532368288822
2437,2020-04-14,0.4437497855097439,0.4486856139438699,0.4534364316759359,0.4478134562275565,0.0915275729195068,0.018922311227568045,0.013032377114987725,0.01826574349702731,0.022724001601209187,0.011096839470321404,0.4486856139438699
2438,2020-04-15,0.4321679624038467,0.4302321300578534,0.4329417171611641,0.4295897060987914,0.0831507402820528,-0.011581823105897227,-0.01845348388601653,-0.020494714514771806,-0.018223750128765093,-0.008376832637454007,0.4302321300578534
2439,2020-04-16,0.4291773900030258,0.4247016165854895,0.4331048355732235,0.4259228073333098,0.0921977195305031,-0.002990572400820901,-0.005530513472363885,0.00016311841205940425,-0.0036668987654815965,0.009046979248450299,0.4247016165854895
2440,2020-04-17,0.4382034927908333,0.4399242516709065,0.442890043618165,0.4343678742453963,0.1038562995423949,0.009026102787807522,0.015222635085416991,0.009785208044941485,0.008445066912086518,0.011658580011891809,0.4399242516709065
2441,2020-04-20,0.4293406263465226,0.4255231108204926,0.4352250852469751,0.4309232915184887,0.0715578609182979,-0.008862866444310724,-0.014401140850413885,-0.007664958371189856,-0.003444582726907619,-0.03229843862409701,0.4255231108204926
2442,2020-04-21,0.4159101410488272,0.4098623769422403,0.4191338397793626,0.4143664470107513,0.0761536212554736,-0.013430485297695416,-0.015660733878252286,-0.016091245467612536,-0.016556844507737367,0.004595760337175708,0.4098623769422403
2443,2020-04-22,0.4241750088376048,0.4327510801197828,0.4323438236578159,0.4264784555194223,0.0608092348831021,0.008264867788777608,0.02288870317754249,0.01320998387845329,0.012112008508671002,-0.015344386372371503,0.4327510801197828
2444,2020-04-23,0.4295580689894793,0.4314916758869423,0.4402807252784348,0.4361458833732526,0.0555991734858464,0.005383060151874508,-0.0012594042328404886,0.007936901620618941,0.00966742785383029,-0.0052100613972557025,0.4314916758869423
2445,2020-04-24,0.4308086371439112,0.4490688677897892,0.4480544794335458,0.4378126366736039,0.0747114920288688,0.0012505681544319192,0.0175771919028469,0.007773754155111001,0.0016667533003513202,0.0191123185430224,0.4490688677897892
2446,2020-04-27,0.4491328753086223,0.4638535456786193,0.4613733636863239,0.4589254857001585,0.1087214325369319,0.01832423816471107,0.014784677888830089,0.013318884252778107,0.02111284902655458,0.034009940508063094,0.4638535456786193
2447,2020-04-28,0.4764290262168089,0.4783097674696968,0.4881197969398781,0.4795383951306429,0.1186717956972645,0.0272961509081866,0.014456221791077473,0.02674643325355419,0.020612909430484383,0.009950363160332612,0.4783097674696968
2448,2020-04-29,0.4896419374543982,0.505250530490345,0.5040478888771572,0.4975397821226476,0.1217892914513601,0.013212911237589331,0.026940763020648184,0.01592809193727912,0.01800138699200471,0.0031174957540955894,0.505250530490345
2449,2020-04-30,0.4974173537778903,0.4803903827450434,0.4979591568486238,0.4838163282374961,0.0969215961315458,0.007775416323492101,-0.024860147745301542,-0.006088732028533439,-0.013723453885151504,-0.024867695319814295,0.4803903827450434
2450,2020-05-01,0.4647382795834769,0.4463857132783581,0.4654504653066184,0.4520359859552806,0.1068949545187263,-0.032679074194413404,-0.034004669466685344,-0.03250869154200542,-0.03178034228221549,0.009973358387180498,0.4463857132783581
2451,2020-05-04,0.4442935888145705,0.4491237127367052,0.4465868307777346,0.4451466681296132,0.0752600924408119,-0.020444690768906426,0.002737999458347129,-0.018863634528883788,-0.006889317825667429,-0.0316348620779144,0.4491237127367052
2452,2020-05-05,0.4548420612606745,0.457063439178417,0.4706147962300616,0.4609810715439097,0.0718765090617618,0.010548472446104018,0.007939726441711814,0.024027965452326994,0.01583440341429654,-0.0033835833790501063,0.457063439178417
2453,2020-05-06,0.4621826683120458,0.4586514883040082,0.465015550189426,0.4630924034186216,0.0481257247602747,0.007340607051371295,0.0015880491255911844,-0.005599246040635608,0.002111331874711908,-0.023750784301487096,0.4586514883040082
2454,2020-05-07,0.4646839085005765,0.4681793582688103,0.4733873788399187,0.469815177151219,0.0974767666083026,0.0025012401885307067,0.009527869964802094,0.00837182865049274,0.006722773732597387,0.049351041848027896,0.4681793582688103
2455,2020-05-08,0.4613127078811494,0.4911776569426859,0.4883370568209667,0.4639258622299763,0.1111884918744723,-0.003371200619427084,0.022998298673875595,0.01494967798104796,-0.005889314921242728,0.013711725266169705,0.4911776569426859
2456,2020-05-11,0.4784951372557924,0.4835116832480594,0.4873042475947843,0.4840942092116769,0.0637591939844486,0.017182429374642982,-0.007665973694626516,-0.001032809226182374,0.020168346981700613,-0.0474292978900237,0.4835116832480594
2457,2020-05-12,0.4789844033386331,0.4708625127802414,0.4887719689607069,0.4777602895126903,0.0617487541514597,0.0004892660828407225,-0.012649170467817994,0.001467721365922603,-0.006333919698986612,-0.002010439832988896,0.4708625127802414
2458,2020-05-13,0.4736558068430007,0.4596919847366796,0.4748552528187935,0.4587032861578975,0.0734007640985378,-0.005328596495632443,-0.011170528043561778,-0.013916716141913421,-0.019057003354792768,0.011652009947078094,0.4596919847366796
2459,2020-05-14,0.4501661265849653,0.469822299540067,0.4671902628353539,0.4505360394875241,0.0769256038710821,-0.023489680258035384,0.010130314803387386,-0.007664989983439563,-0.00816724667037344,0.003524839772544308,0.469822299540067
2460,2020-05-15,0.4492416671316256,0.4575016795675009,0.4565894694999342,0.4563141795398667,0.0834266830042278,-0.0009244594533396877,-0.012320619972566116,-0.010600793335419745,0.005778140052342617,0.006501079133145696,0.4575016795675009
2461,2020-05-18,0.4665870582139288,0.4874541475948319,0.4865974873322822,0.4753712289617772,0.0746195111214772,0.017345391082303208,0.029952468027331036,0.030008017832348022,0.0190570494219105,-0.008807171882750597,0.4874541475948319
2462,2020-05-19,0.480996304833395,0.4826354856623887,0.4920880676671387,0.489427910575841,0.0661342724145973,0.014409246619466187,-0.004818661932443236,0.0054905803348564985,0.014056681614063815,-0.008485238706879908,0.4826354856623887
2463,2020-05-20,0.4889100444389883,0.5020350684820816,0.5027765156052939,0.4966686748018436,0.1335694176623052,0.007913739605593273,0.019399582819692895,0.01068844793815521,0.007240764226002616,0.06743514524770791,0.5020350684820816
2464,2020-05-21,0.493988139297992,0.4818547239482018,0.499392013781879,0.4880208632674528,0.0770110147136601,0.0050780948590037345,-0.02018034453387979,-0.0033845018234149316,-0.008647811534390815,-0.0565584029486451,0.4818547239482018
2465,2020-05-22,0.4746042448906404,0.4828444817251633,0.4813771832471133,0.4822183748847588,0.0596397633462654,-0.01938389440735161,0.0009897577769615307,-0.018014830534765658,-0.005802488382693982,-0.01737125136739471,0.4828444817251633
2466,2020-05-26,0.4993937829983701,0.5160569201815339,0.5195358193581348,0.5077157803065936,0.1694518266422698,0.024789538107729714,0.03321243845637062,0.03815863611102144,0.025497405421834762,0.1098120632960044,0.5160569201815339
2467,2020-05-27,0.5207431870840965,0.5320031120967469,0.5417538963044986,0.5304233388354004,0.3407498414971863,0.021349404085726387,0.01594619191521296,0.022218076946363796,0.022707558528806793,0.1712980148549165,0.5320031120967469
2468,2020-05-28,0.5271316762463318,0.5247447940015298,0.5389152379572905,0.5300886123408304,0.2008665915489256,0.0063884891622353335,-0.007258318095217042,-0.0028386583472080895,-0.0003347264945700035,-0.13988324994826068,0.5247447940015298
2469,2020-05-29,0.5222721281216474,0.5279890944457362,0.5342751371273398,0.5307581643281191,0.2358916070707037,-0.004859548124684476,0.003244300444206316,-0.0046401008299507,0.0006695519872886857,0.035025015521778086,0.5279890944457362
2470,2020-06-01,0.5186137934760502,0.5264494712371293,0.5275605313132805,0.5247325773315299,0.0806639707500714,-0.003658334645597172,-0.0015396232086068995,-0.006714605814059249,-0.006025586996589172,-0.1552276363206323,0.5264494712371293
2471,2020-06-02,0.5255482894686975,0.5324980853827266,0.5360766100337327,0.5352216411672631,0.1152093715404502,0.006934495992647283,0.00604861414559732,0.008516078720452236,0.010489063835733226,0.03454540079037881,0.5324980853827266
2472,2020-06-03,0.5626780602401322,0.5982081844330783,0.5993468911176723,0.5735515146628023,0.2866355026592337,0.037129770771434756,0.06571009905035174,0.0632702810839395,0.03832987349553918,0.17142613111878352,0.5982081844330783
2473,2020-06-04,0.5901975489737303,0.5875405118666625,0.5937239970065196,0.5899545128015072,0.1280177128947377,0.027519488733598108,-0.010667672566415876,-0.0056228941111526876,0.01640299813870494,-0.158617789764496,0.5875405118666625
2474,2020-06-05,0.5960400484498575,0.6048615561559866,0.6183987898491603,0.6090357303362279,0.1295156876722588,0.005842499476127139,0.017321044289324128,0.024674792842640736,0.019081217534720696,0.0014979747775210883,0.6048615561559866
2475,2020-06-08,0.6064690739193738,0.5964484734555648,0.6093368081270385,0.5939715965901905,0.1134880145592636,0.010429025469516295,-0.008413082700421737,-0.009061981722121804,-0.015064133746037434,-0.01602767311299519,0.5964484734555648
2476,2020-06-09,0.5840273717631023,0.581381830237237,0.5922499155737618,0.5874437283007622,0.1512527471083502,-0.022441702156271504,-0.015066643218327846,-0.017086892553276667,-0.006527868289428307,0.037764732549086605,0.581381830237237
2477,2020-06-10,0.5815157655337051,0.5737936400817822,0.5814411634473481,0.5783495956906801,0.0953414955438535,-0.0025116062293971675,-0.007588190155454755,-0.010808752126413745,-0.009094132610082073,-0.05591125156449671,0.5737936400817822
2478,2020-06-11,0.5542144526507171,0.5358522173170135,0.5566570642520197,0.5421398485515805,0.1236913252149232,-0.027301312882987983,-0.03794142276476875,-0.024784099195328424,-0.036209747139099635,0.028349829671069693,0.5358522173170135
2479,2020-06-12,0.5539962765142101,0.5478397085156267,0.5600418758906435,0.5404105141272739,0.0636310777205817,-0.00021817613650698675,0.011987491198613198,0.003384811638623808,-0.0017293344243065611,-0.060060247494341495,0.5478397085156267
2480,2020-06-15,0.527568479854783,0.5567474341107816,0.5532178373984153,0.5384575252028524,0.0855750941983042,-0.026427796659427183,0.008907725595154958,-0.006824038492228124,-0.0019529889244215282,0.021944016477722497,0.5567474341107816
2481,2020-06-16,0.5732162168029545,0.5706593599226545,0.5784932836055834,0.5690879485399358,0.0937186895348722,0.04564773694817159,0.013911925811872838,0.02527544620716804,0.030630423337083434,0.008143595336568,0.5706593599226545
2482,2020-06-17,0.5723971154607425,0.5751132699189815,0.578165697916398,0.5794095757959334,0.0788177825374247,-0.0008191013422120808,0.004453909996326999,-0.00032758568918533904,0.010321627255997612,-0.014900906997447491,0.5751132699189815
2483,2020-06-18,0.5672645693320799,0.5734637680215445,0.5723791946524681,0.5757273600283703,0.055861976078394,-0.005132546128662541,-0.0016495018974369557,-0.005786503263929932,-0.003682215767563113,-0.022955806459030705,0.5734637680215445
2484,2020-06-19,0.5836451032958062,0.5688446152032269,0.5872821683271604,0.5767314439943244,0.1513512980805555,0.016380533963726296,-0.004619152818317596,0.014902973674692288,0.0010040839659540834,0.09548932200216151,0.5688446152032269
2485,2020-06-22,0.5665546255718807,0.5702743597230038,0.5693766257353043,0.5693110355540427,0.0470055287095407,-0.017090477723925468,0.0014297445197768432,-0.01790554259185606,-0.0074204084402816894,-0.10434576937101481,0.5702743597230038
2486,2020-06-23,0.5734344995851424,0.5723089090188409,0.57625497114559,0.5801906396123461,0.0375939108639306,0.006879874013261622,0.002034549295837129,0.006878345410285647,0.01087960405830335,-0.0094116178456101,0.5723089090188409
2487,2020-06-24,0.5626779299149212,0.5558127572744836,0.5681757041312985,0.5609979715975006,0.0950195623679827,-0.010756569670221205,-0.016496151744357257,-0.008079267014291514,-0.019192668014845427,0.0574256515040521,0.5558127572744836
2488,2020-06-25,0.5458602911300424,0.5607615461592914,0.5578580574360096,0.5523499645812671,0.0550538581063102,-0.01681763878487874,0.004948788884807764,-0.010317646695288896,-0.008648007016233583,-0.0399657042616725,0.5607615461592914
2489,2020-06-26,0.5553065583483727,0.550149048931038,0.5564933744209453,0.5551396846055863,0.1464697399239843,0.009446267218330306,-0.010612497228253415,-0.0013646830150643163,0.002789720024319209,0.0914158818176741,0.550149048931038
2490,2020-06-29,0.5506107824787748,0.5640058938022472,0.5635901225348702,0.5546376041727756,0.0646592928639241,-0.004695775869597907,0.013856844871209195,0.007096748113924911,-0.0005020804328106365,-0.08181044706006019,0.5640058938022472
2491,2020-06-30,0.5616405953006297,0.5790725370205752,0.5773470019405046,0.5704270751526245,0.0944578218264123,0.01102981282185489,0.015066643218327957,0.013756879405634415,0.01578947097984884,0.02979852896248819,0.5790725370205752
2492,2020-07-01,0.5740351124197361,0.5670301064775469,0.5758182634979713,0.5752808602758958,0.0513154912273209,0.01239451711910644,-0.012042430543028226,-0.0015287384425333173,0.004853785123271281,-0.043142330599091394,0.5670301064775469
2493,2020-07-02,0.5755094733785059,0.57522329020406,0.580185533866871,0.5799117564630166,0.069800368580636,0.0014743609587697382,0.00819318372651312,0.004367270368899723,0.00463089618712087,0.018484877353315096,0.57522329020406
2494,2020-07-06,0.5828261451013212,0.5924893007514702,0.5943244064712235,0.5914608593314863,0.0505599337737466,0.00731667172281536,0.01726601054741017,0.014138872604352537,0.011549102868469663,-0.019240434806889396,0.5924893007514702
2495,2020-07-07,0.5858292607157438,0.5773127316455627,0.5888653444097502,0.5847098862481537,0.0762488871952721,0.003003115614422569,-0.015176569105907478,-0.005459062061473285,-0.006750973083332612,0.025688953421525502,0.5773127316455627
2496,2020-07-08,0.5731068513578136,0.5717589963884461,0.5753815010598131,0.5720448303208812,0.1557236762140658,-0.012722409357930231,-0.005553735257116665,-0.01348384334993713,-0.012665055927272517,0.07947478901879369,0.5717589963884461
2497,2020-07-09,0.5668823414360481,0.5913896642856785,0.596890210460496,0.5668562478554017,0.1661536541057977,-0.0062245099217654865,0.019630667897232446,0.021508709400682835,-0.005188582465479485,0.01042997789173189,0.5913896642856785
2498,2020-07-10,0.5929823888599759,0.5862209292282127,0.5928506371135903,0.5870534024649164,0.064977941007388,0.026100047423927797,-0.005168735057465845,-0.004039573346905634,0.020197154609514767,-0.10117571309840968,0.5862209292282127
2499,2020-07-13,0.5936375313387909,0.5750033912301514,0.601148282888434,0.5828130266891943,0.1125090749020239,0.0006551424788150406,-0.011217537998061244,0.00829764577484371,-0.004240375775722116,0.047531133894635896,0.5750033912301514
2500,2020-07-14,0.5672098681440391,0.5914995429745086,0.5887561915959783,0.5763967595526025,0.1112541925226092,-0.02642766319475187,0.016496151744357146,-0.012392091292455776,-0.0064162671365918245,-0.0012548823794147068,0.5914995429745086
2501,2020-07-15,0.5917263218815244,0.5932040786138596,0.5942151591973055,0.5953663039095336,0.0537694104352339,0.024516453737485344,0.0017045356393510236,0.005458967601327247,0.0189695443569311,-0.05748478208737529,0.5932040786138596
2502,2020-07-16,0.5795500052994705,0.5808869513487562,0.5832425410288049,0.5859373252581772,0.0618078847347829,-0.01217631658205387,-0.012317127265103367,-0.010972618168500592,-0.00942897865135639,0.008038474299549,0.5808869513487562
2503,2020-07-17,0.581352040713252,0.5810520525744983,0.5847166485760528,0.5871091614728342,0.0670705066505481,0.0018020354137814332,0.00016510122574209252,0.0014741075472478604,0.001171836214656996,0.005262621915765202,0.5810520525744983
2504,2020-07-20,0.5793315520873579,0.592104347750569,0.5890837018557072,0.5857699142900179,0.0675993968680501,-0.0020204886258941013,0.011052295176070648,0.004367053279654476,-0.0013392471828163055,0.0005288902175019927,0.592104347750569
2505,2020-07-21,0.5882864173385743,0.5866606799772804,0.593123444808677,0.593525201695508,0.0626685632253762,0.00895486525121647,-0.00544366777328853,0.004039742952969716,0.007755287405490141,-0.004930833642673896,0.5866606799772804
2506,2020-07-22,0.5850103561196183,0.5745634988848352,0.5862451329165053,0.5823109279464649,0.0724710999274007,-0.0032760612189560723,-0.012097181092445286,-0.006878311892171696,-0.011214273749043158,0.009802536702024495,0.5745634988848352
2507,2020-07-23,0.5699946593399741,0.558287198915637,0.5728158956808426,0.562560192079792,0.0983900056174054,-0.015015696779644205,-0.016276299969198105,-0.013429237235662694,-0.019750735866672864,0.025918905690004698,0.558287198915637
2508,2020-07-24,0.5496279045543875,0.551028786422921,0.559877905534551,0.5541911754879936,0.0779143986255424,-0.020366754785586583,-0.007258412492716082,-0.0129379901462916,-0.00836901659179845,-0.020475606991862988,0.551028786422921
2509,2020-07-27,0.5559071976196781,0.5668651940468028,0.5697588248330391,0.5649034574121066,0.0922995555351153,0.006279293065290625,0.015836407623881832,0.009880919298488111,0.010712281924112999,0.0143851569095729,0.5668651940468028
2510,2020-07-28,0.5600022204844003,0.5527332748635224,0.5598777964341846,0.55831973152987,0.0502609958247238,0.0040950228647221865,-0.014131919183280384,-0.009881028398854519,-0.006583725882236546,-0.042038559710391506,0.5527332748635224
2511,2020-07-29,0.551484370151594,0.5646656851214721,0.5633171235176972,0.5617790208917351,0.0606187030035051,-0.008517850332806276,0.011932410257949666,0.003439327083512689,0.0034592893618651255,0.010357707178781303,0.5646656851214721
2512,2020-07-30,0.548863440092144,0.5622462300234833,0.5588952865944903,0.5565344760420601,0.0703883893814612,-0.0026209300594499663,-0.0024194550979887985,-0.004421836923206968,-0.00524454484967507,0.009769686377956104,0.5622462300234833
2513,2020-07-31,0.5579821482134859,0.5593869769776771,0.5603693212726604,0.5602726658738565,0.0511972300606745,0.009118708121341856,-0.0028592530458061427,0.0014740346781700886,0.0037381898317964124,-0.019191159320786702,0.5593869769776771
2514,2020-08-03,0.5597292994064338,0.5766528931275883,0.5740713675957221,0.5705942237413216,0.0627211237438857,0.0017471511929478822,0.01726591614991113,0.013702046323061712,0.010321557867465136,0.011523893683211203,0.5766528931275883
2515,2020-08-04,0.5690663927458487,0.5901248793953954,0.5876644241230715,0.5813065860393791,0.0911990696788223,0.009337093339414904,0.013471986267807101,0.013593056527349434,0.010712362298057498,0.02847794593493659,0.5901248793953954
2516,2020-08-05,0.5464064366356471,0.5416260403430367,0.5500517767220086,0.5459897041016798,0.2435063121897697,-0.02265995611020155,-0.04849883905235863,-0.03761264740106296,-0.03531688193769933,0.1523072425109474,0.5416260403430367
2517,2020-08-06,0.5351583714132875,0.5454202062188883,0.5414811234587312,0.5440369804965658,0.073650426561458,-0.01124806522235966,0.003794165875851574,-0.008570653263277328,-0.001952723605114004,-0.16985588562831172,0.5454202062188883
2518,2020-08-07,0.5415467769308268,0.5442104078717697,0.5448110660975035,0.5449295768760439,0.0716925472469785,0.006388405517539275,-0.0012097983471186513,0.0033299426387722875,0.0008925963794781389,-0.0019578793144794937,0.5442104078717697
2519,2020-08-10,0.5383797586463983,0.5513037191387437,0.5477042753066123,0.5492255871852872,0.0550505730739033,-0.0031670182844284467,0.0070933112669739895,0.002893209209108738,0.004296010309243314,-0.016641974173075204,0.5513037191387437
2520,2020-08-11,0.5493003169749869,0.5533933021764949,0.5630988103640756,0.560607427214076,0.0863667870083538,0.010920558328588625,0.002089583037751197,0.015394535057463354,0.011381840028788726,0.031316213934450506,0.5533933021764949
2521,2020-08-12,0.5561801720075211,0.5613663981341013,0.5591136395207508,0.5637317558044234,0.0563875812634891,0.006879855032534188,0.007973095957606424,-0.003985170843324837,0.0031243285903473916,-0.029979205744864706,0.5613663981341013
2522,2020-08-13,0.5585280829882429,0.5530633357187581,0.5585131487049956,0.5584872124913655,0.0586871039482804,0.0023479109807217347,-0.008303062415343176,-0.0006004908157551947,-0.005244543313057903,0.0022995226847913053,0.5530633357187581
2523,2020-08-14,0.5481535816746311,0.550973752681007,0.5517439307338544,0.5575387077219334,0.039765317284855,-0.010374501313611728,-0.002089583037751086,-0.0067692179711411615,-0.0009485047694320903,-0.0189217866634254,0.550973752681007
2524,2020-08-17,0.5493002647831952,0.5683498307122452,0.5654461406102511,0.5603841971221016,0.0665481864978598,0.0011466831085640283,0.017376078031238196,0.013702209876396698,0.0028454894001682662,0.026782869213004802,0.5683498307122452
2525,2020-08-18,0.5673736443812921,0.5902897446273899,0.5877189361779889,0.5776241436596625,0.1853185331673296,0.01807337959809696,0.021939913915144715,0.022272795567737758,0.01723994653756089,0.1187703466694698,0.5902897446273899
2526,2020-08-19,0.5879043113652777,0.5945239916435558,0.6058976639068481,0.5970402946618794,0.1690543377210416,0.020530666983985535,0.004234247016165926,0.0181787277288592,0.01941615100221683,-0.016264195446288016,0.5945239916435558
2527,2020-08-20,0.5836660573773206,0.5788981848399316,0.5880280648253325,0.583235836643495,0.0684206549697612,-0.004238253987957075,-0.015625806803624243,-0.01786959908151553,-0.013804458018384369,-0.10063368275128039,0.5788981848399316
2528,2020-08-21,0.5730918737892416,0.5955060088255998,0.5937249254326897,0.579373038260564,0.1275380981633384,-0.010574183588078934,0.01660782398566818,0.00569686060735719,-0.003862798382931021,0.05911744319357719,0.5955060088255998
2529,2020-08-24,0.5938568292823316,0.5926920193805617,0.599366878897769,0.5897299318984367,0.0969971518769032,0.020764955493089987,-0.0028139894450380787,0.00564195346507923,0.010356893637872733,-0.03054094628643518,0.5926920193805617
2530,2020-08-25,0.5889805857870541,0.6014096756114905,0.5981070019697876,0.6001988217178199,0.0541373340648005,-0.004876243495277488,0.008717656230928794,-0.0012598769279813515,0.01046888981938321,-0.042859817812102706,0.6014096756114905
2531,2020-08-26,0.5907339187425134,0.5938507486807242,0.594930033003614,0.5997510351416319,0.0541603292916484,0.001753332955459208,-0.007558926930766319,-0.003176968966173588,-0.0004477865761880473,2.2995226847899453e-05,0.5938507486807242
2532,2020-08-27,0.5989523105237748,0.5926369856386478,0.5988192323508044,0.5957203167293089,0.0430832000157681,0.008218391781261492,-0.0012137630420764323,0.003889199347190342,-0.004030718412322942,-0.011077129275880303,0.5926369856386478
2533,2020-08-28,0.5900764308770068,0.6097963742109431,0.6055567251995496,0.6015984941886163,0.0543902815601275,-0.008875879646768059,0.017159388572295375,0.006737492848745252,0.00587817745930741,0.011307081544359401,0.6097963742109431
2534,2020-08-31,0.6026779761256778,0.6052720908791154,0.6049542598198724,0.6110597991211323,0.0660718567988673,0.012601545248670964,-0.00452428333182775,-0.0006024653796772306,0.009461304932515957,0.011681575238739805,0.6052720908791154
2535,2020-09-01,0.6022395408232316,0.6198934138959349,0.6156355896143233,0.6113955706434278,0.0615188018829805,-0.0004384353024461385,0.01462132301681951,0.010681329794450911,0.00033577152229546936,-0.004553054915886805,0.6198934138959349
2536,2020-09-02,0.6191145401814645,0.6328044430259647,0.6305348743922439,0.6242158017586505,0.0798525677455808,0.01687499935823289,0.012911029130029839,0.014899284777920574,0.012820231115222791,0.018333765862600306,0.6328044430259647
2537,2020-09-03,0.6211416682346352,0.601464850949653,0.6213323068519571,0.6058531528377484,0.0793598128845541,0.0020271280531707347,-0.03133959207631176,-0.00920256754028681,-0.018362648920902114,-0.0004927548610267063,0.601464850949653
2538,2020-09-04,0.5953360971384047,0.5967197718676762,0.6009005641816343,0.585923041593659,0.0726452066449635,-0.025805571096230495,-0.004745079081976744,-0.020431742670322772,-0.019930111244089388,-0.006714606239590595,0.5967197718676762
2539,2020-09-08,0.575118980130296,0.5676424158547774,0.5820026103598448,0.57545411361684,0.0718765090617618,-0.020217117008108687,-0.029077356012898847,-0.018897953821789493,-0.010468927976819087,-0.0007686975832017079,0.5676424158547774
2540,2020-09-09,0.558791948480925,0.559752436895036,0.5657887841326876,0.5645373875571208,0.1126470462631113,-0.016327031649371104,-0.007889978959741417,-0.01621382622715717,-0.010916726059719162,0.0407705372013495,0.559752436895036
2541,2020-09-10,0.5618053345483894,0.5550625331512217,0.5698422297130874,0.5594428932237943,0.0776778762922496,0.0030133860674644852,-0.004689903743814283,0.004053445580399773,-0.005094494333326538,-0.03496916997086169,0.5550625331512217
2542,2020-09-11,0.5561072469896038,0.5556142393340974,0.5610231363756925,0.5574274470641515,0.0415556599465853,-0.005698087558785647,0.0005517061828756997,-0.008819093337394945,-0.0020154461596427753,-0.03612221634566431,0.5556142393340974
2543,2020-09-14,0.564599551069728,0.563945715396638,0.5660625936353436,0.5687360992527486,0.0436318004277112,0.008492304080124247,0.008331476062540588,0.005039457259651159,0.011308652188597113,0.0020761404811259,0.563945715396638
2544,2020-09-15,0.5669007205755534,0.5717254852763028,0.5708282296132008,0.5742225452288927,0.0375249251833869,0.0023011695058253734,0.007779769879664888,0.004765635977857174,0.0054864459761441164,-0.0061068752443243016,0.5717254852763028
2545,2020-09-16,0.5708454025308771,0.5714494669892418,0.5774560813862601,0.5782532356514715,0.0519790677735035,0.0039446819553237145,-0.0002760182870610306,0.006627851773059357,0.004030690422578753,0.014454142590116605,0.5714494669892418
2546,2020-09-17,0.5482177177862726,0.5711737318946777,0.5688015080086349,0.5588831155113273,0.0486743251722178,-0.022627684744604526,-0.0002757350945641335,-0.008654573377625208,-0.019370120140144165,-0.003304742601285701,0.5711737318946777
2547,2020-09-18,0.5686539403068164,0.5594765602042233,0.5713759650872389,0.5587710701037488,0.1542585517606131,0.02043622252054378,-0.011697171690454367,0.002574457078603931,-0.00011204540757847603,0.1055842265883953,0.5594765602042233
2548,2020-09-21,0.5451494685170104,0.5434757121370923,0.5467811978300582,0.5383371044993864,0.0769485990979301,-0.02350447178980597,-0.01600084806713098,-0.024594767257180683,-0.020433965604362392,-0.07730995266268299,0.5434757121370923
2549,2020-09-22,0.5424100970516049,0.5473380330072183,0.5448640944875585,0.548582121674267,0.051926507254994,-0.0027393714654054824,0.003862320870125946,-0.0019171033424997264,0.010245017174880577,-0.0250220918429361,0.5473380330072183
2550,2020-09-23,0.5437796781798281,0.5387857611945286,0.5494651765465574,0.5447191489228256,0.0586148332353298,0.001369581128223163,-0.008552271812689693,0.0046010820589988954,-0.003862972751441429,0.0066883259803358006,0.5387857611945286
2551,2020-09-24,0.5304660337237502,0.5393375617749033,0.5428372569546902,0.5391768120177346,0.0478957724917956,-0.013313644456077856,0.0005518005803747394,-0.0066279195918671485,-0.005542336905090983,-0.010719060743534202,0.5393375617749033
2552,2020-09-25,0.533369977743072,0.5465104973322795,0.5437685933578718,0.5348102478811034,0.0470580892280502,0.0029039440193218136,0.007172935557376192,0.0009313364031815485,-0.004366564136631168,-0.0008376832637453993,0.5465104973322795
2553,2020-09-28,0.5539705468631946,0.5686908416773643,0.5646932309724709,0.5626899715581426,0.0642618039426959,0.020600569120122536,0.022180344345084757,0.020924637614599173,0.02787972367703917,0.0172037147146457,0.5686908416773643
2554,2020-09-29,0.5629011746760199,0.5668701027167505,0.5698970980650762,0.5710875469081571,0.0457605014273465,0.008930627812825276,-0.0018207389606137436,0.00520386709260523,0.008397575350014508,-0.0185013025153494,0.5668701027167505
2555,2020-09-30,0.5645448352591308,0.5669804533930756,0.5733479933943498,0.5734388194616138,0.0791331456484818,0.0016436605831109397,0.00011035067632503281,0.0034508953292736733,0.0023512725534566847,0.0333726442211353,0.5669804533930756
2556,2020-10-01,0.5812006693718212,0.5906506262660475,0.5916434454249521,0.5878825717596162,0.0802993321529116,0.01665583411269045,0.023670172872971906,0.018295452030602233,0.014443752298002432,0.001166186504429803,0.5906506262660475
2557,2020-10-02,0.5711742059637356,0.5724978928118287,0.5879185392695929,0.5808845503545932,0.0546662242823025,-0.010026463408085662,-0.01815273345421875,-0.0037249061553591423,-0.006998021405023036,-0.0256331078706091,0.5724978928118287
2558,2020-10-05,0.5738587845867482,0.592084996263275,0.5883566959889819,0.5863708401635238,0.0439208832795135,0.0026845786230126345,0.01958710345144632,0.00043815671938896017,0.005486289808930622,-0.010745341002788997,0.592084996263275
2559,2020-10-06,0.5881039204411306,0.5875606657326978,0.6019413319878235,0.5948803854745078,0.0422619419140569,0.014245135854382363,-0.004524330530577214,0.013584635998841632,0.008509545310984024,-0.0016589413654566065,0.5875606657326978
2560,2020-10-07,0.5938020787160673,0.6002510879075765,0.5980522996693478,0.6031100731425587,0.0443577925896239,0.005698158274936693,0.012690422174878702,-0.0038890323184757047,0.008229687668050878,0.0020958506755670014,0.6002510879075765
2561,2020-10-08,0.6015273642943124,0.6156450072549198,0.6125133833072222,0.6118995093488793,0.058611548202923,0.007725285578245145,0.015393919347343243,0.01446108363787435,0.008789436206320556,0.014253755613299099,0.6156450072549198
2562,2020-10-09,0.6259083373338199,0.6288869940164258,0.6384774679636208,0.6338449525497869,0.0526524994169067,0.02438097303950748,0.013241986761506008,0.025964084656398656,0.021945443200907633,-0.005959048786016295,0.6288869940164258
2563,2020-10-12,0.6320446971921276,0.629714576890114,0.6326711371521079,0.6360842886128757,0.0665120511413845,0.006136359858307738,0.0008275828736882263,-0.005806330811512939,0.0022393360630887926,0.013859551724477802,0.629714576890114
2564,2020-10-13,0.6177996749905752,0.6156450072549198,0.618977039014603,0.6218645628647296,0.0619984166143799,-0.014245022201552437,-0.014069569635194235,-0.013694098137504884,-0.014219725748146117,-0.004513634527004602,0.6156450072549198
2565,2020-10-14,0.611334440673299,0.6110653125911821,0.6151425416435352,0.6183934276060807,0.0391871515812503,-0.006465234317276192,-0.0045796946637376434,-0.00383449737106778,-0.0034711352586488387,-0.0228112650331296,0.6110653125911821
2566,2020-10-15,0.5992809797633964,0.6143207519402698,0.6105413978810497,0.6094362025373752,0.0324134147583365,-0.012053460909902558,0.0032554393490876743,-0.004601143762485549,-0.008957225068705554,-0.006773736822913802,0.6143207519402698
2567,2020-10-16,0.6123207039649792,0.6113964118189067,0.6153616736447172,0.6199050676404361,0.0472223408483924,0.013039724201582725,-0.0029243401213631115,0.004820275763667503,0.010468865103060887,0.0148089260900559,0.6113964118189067
2568,2020-10-19,0.6300174709961422,0.616086315562721,0.6301513909289939,0.6214165803597573,0.0508358764959216,0.017696767031163074,0.004689903743814283,0.014789717284276693,0.0015115127193212619,0.003613535647529198,0.616086315562721
2569,2020-10-20,0.6147862084431389,0.6137138232204821,0.6232495561743376,0.6226482672734712,0.0404683142199197,-0.015231262553003333,-0.0023724923422389077,-0.006901834754656222,0.001231686913713892,-0.010367562276001899,0.6137138232204821
2570,2020-10-21,0.6101291033152305,0.6095756256595435,0.615197313379205,0.6149224620578609,0.0365854059150293,-0.004657105127908401,-0.0041381975609385835,-0.008052242795132614,-0.007725805215610282,-0.003882908304890402,0.6095756256595435
2571,2020-10-22,0.605472027463104,0.6208313002471987,0.6183195556633876,0.6132989501178416,0.0588809208602842,-0.004657075852126491,0.011255674587655196,0.0031222422841825637,-0.0016235119400193065,0.022295514945254905,0.6208313002471987
2572,2020-10-23,0.6210868525561813,0.6208313002471987,0.6209488564216947,0.6254473532369453,0.0313392091612983,0.015614825093077322,0.0,0.0026293007583071404,0.012148403119103701,-0.0275417116989859,0.6208313002471987
2573,2020-10-26,0.6098003728864496,0.6054374752973545,0.6110890490073752,0.6049574000819569,0.0330145756887891,-0.01128647966973173,-0.015393824949844204,-0.009859807414319577,-0.02048995315498847,0.0016753665274907986,0.6054374752973545
2574,2020-10-27,0.6007055027794596,0.5956163595019248,0.6057210608155968,0.6027182015229249,0.0349494597764206,-0.00909487010699006,-0.009821115795429658,-0.005367988191778306,-0.002239198559031985,0.001934884087631497,0.5956163595019248
2575,2020-10-28,0.5810363099843403,0.5657665959535002,0.5834816835671142,0.5732708797782704,0.0696426870251075,-0.01966919279511925,-0.029849763548424613,-0.022239377248482683,-0.029447321744654475,0.0346932272486869,0.5657665959535002
2576,2020-10-29,0.5614218431889721,0.5867883053959215,0.5891784364844,0.5729909143847944,0.0582239143789153,-0.019614466795368157,0.02102170944242132,0.0056967529172858855,-0.00027996539347596716,-0.011418772646192198,0.5867883053959215
2577,2020-10-30,0.575283345773706,0.5797809902505319,0.58282427519928,0.5807165793672686,0.054570958342504,0.013861502584733842,-0.007007315145389659,-0.006354161285120008,0.0077256649824741785,-0.0036529560364112965,0.5797809902505319
2578,2020-11-02,0.5855288904904492,0.5799465162650195,0.5860013420346569,0.5821721260837869,0.043825617339715,0.010245544716743216,0.00016552601448760473,0.003177066835376885,0.0014555467165182634,-0.010745341002788997,0.5799465162650195
2579,2020-11-03,0.5823511736966611,0.6012441967957524,0.6005719775858795,0.5946005139036087,0.0530499883381349,-0.003177716793788088,0.021297680530732888,0.014570635551222622,0.012428387819821807,0.009224370998419898,0.6012441967957524
2580,2020-11-04,0.6145670486721942,0.6252454216976994,0.6248928754506626,0.6076446938481017,0.0662722437756848,0.03221587497553313,0.024001224901947005,0.024320897864783086,0.013044179944493028,0.013222255437549901,0.6252454216976994
2581,2020-11-05,0.6317707458987486,0.6531640484104358,0.649816246225643,0.6382676508290599,0.0854929683881331,0.01720369722655435,0.027918626712736483,0.024923370774980413,0.030622956980958183,0.019220724612448295,0.6531640484104358
2582,2020-11-06,0.6701777180535748,0.6912348901463266,0.6945140143660143,0.672081621221643,0.1156659910450016,0.03840697215482625,0.038070841735890704,0.0446977681403713,0.03381397039258316,0.030173022656868498,0.6912348901463266
2583,2020-11-09,0.717679717191417,0.6980214567403166,0.7211354594459881,0.7070152955132404,0.0807460965602425,0.047501999137842144,0.006786566593990018,0.02662144507997377,0.03493367429159733,-0.0349198944847591,0.6980214567403166
2584,2020-11-10,0.6826148298736281,0.6726960709212186,0.6885981710933858,0.6787996725769345,0.0813209772314403,-0.035064887317788895,-0.025325385819097934,-0.03253728835260228,-0.028215622936305862,0.0005748806711978055,0.6726960709212186
2585,2020-11-11,0.6779578290285359,0.69658699234559,0.6956096330019906,0.6886528243494171,0.0666565925672856,-0.004657000845092241,0.023890921424371325,0.007011461908604799,0.009853151772482582,-0.014664384664154706,0.69658699234559
2586,2020-11-12,0.6888607228291586,0.6811929786007478,0.6931993574009586,0.6882048190942194,0.0366182562390978,0.010902893800622704,-0.015394013744842172,-0.002410275601032019,-0.0004480052551977254,-0.030038336328187795,0.6811929786007478
2587,2020-11-13,0.6856830743203132,0.6960352389639648,0.6964312825186245,0.6981699894514883,0.0307840386845416,-0.0031776485088453876,0.014842260363217008,0.0032319251176659014,0.00996517035726896,-0.005834217554556199,0.6960352389639648
2588,2020-11-16,0.7004211610855752,0.715346418525849,0.7106731645622771,0.7071272384311993,0.0330441409804507,0.014738086765262004,0.019311179561884217,0.01424188204365262,0.008957248979710952,0.0022601022959090993,0.715346418525849
2589,2020-11-17,0.6992159482374186,0.7027666302197924,0.7039356764803488,0.7052239294022977,0.0410103445670491,-0.001205212848156556,-0.01257978830605666,-0.006737488081928311,-0.0019033090289015675,0.0079662035865984,0.7027666302197924
2590,2020-11-18,0.6972983893486137,0.6888625394003361,0.6999918736692676,0.698338028481161,0.0427514117426768,-0.00191755888880496,-0.013904090819456205,-0.0039438028110811985,-0.006885900921136723,0.0017410671756276988,0.6888625394003361
2591,2020-11-19,0.6774946432457734,0.705624514501863,0.7014623737469141,0.6900203241146039,0.0441541205803995,-0.019803746102840303,0.016761975101526883,0.001470500077646486,-0.0083177043665571,0.0014027088377226993,0.705624514501863
2592,2020-11-20,0.7139273110953727,0.7248269953436546,0.7432709533679573,0.7263489784731562,0.2150217961900194,0.03643266784959931,0.019202480841791547,0.04180857962104323,0.03632865435855226,0.1708676756096199,0.7248269953436546
2593,2020-11-23,0.7182136215335945,0.7283687895059433,0.7273387669323466,0.7274720669045087,0.0784498589078581,0.004286310438221808,0.003541794162288725,-0.015932186435610785,0.001123088431352559,-0.1365719372821613,0.7283687895059433
2594,2020-11-24,0.730687405398519,0.7391043338741367,0.7396998752827568,0.7356697335728574,0.0439931539924641,0.012473783864924481,0.01073554436819335,0.012361108350410266,0.008197666668348647,-0.03445670491539401,0.7391043338741367
2595,2020-11-25,0.7278850950088065,0.7300289583207666,0.7336018101397936,0.7366805597226123,0.0402219367894064,-0.002802310389712459,-0.009075375553370013,-0.006098065142963183,0.0010108261497548954,-0.003771217203057696,0.7300289583207666
2596,2020-11-27,0.7350836098170317,0.736060769711543,0.7361289520985688,0.742856937324819,0.0218848858943993,0.007198514808225198,0.006031811390776354,0.0025271419587751254,0.006176377602206795,-0.0183370508950071,0.736060769711543
2597,2020-11-30,0.7308523649150299,0.7436975745789801,0.7406339435526499,0.7373543466605555,0.0616830535033228,-0.004231244902001774,0.007636804867437119,0.00450499145408112,-0.005502590664263507,0.039798167608923504,0.7436975745789801
2598,2020-12-01,0.7527780358198303,0.7579750547057106,0.7627744633457216,0.7516724522588722,0.077329662857124,0.021925670904800354,0.014277480126730469,0.022140519793071745,0.0143181055983167,0.015646609353801202,0.7579750547057106
2599,2020-12-02,0.7444803161254075,0.7602439457928026,0.7581595805054702,0.760151053209423,0.0540979136759184,-0.008297719694422723,0.002268891087092051,-0.004614882840251466,0.008478600950550752,-0.023231749181205602,0.7602439457928026
2600,2020-12-03,0.7572838393901474,0.766497024921223,0.772004112544425,0.7699770597451886,0.0979793765665498,0.01280352326473988,0.006253079128420325,0.01384453203895486,0.009826006535765597,0.0438814628906314,0.766497024921223
2601,2020-12-04,0.7616250318514083,0.7982061832060997,0.7938149304553139,0.7766588474816407,0.0738212482466139,0.0043411924612608566,0.03170915828487675,0.021810817910888902,0.006681787736452116,-0.024158128319935898,0.7982061832060997
2602,2020-12-07,0.7899799000906245,0.8023566524419076,0.7984847653054201,0.8006908560189168,0.040484739381954,0.02835486823921618,0.004150469235807863,0.0046698348501061915,0.02403200853727605,-0.0333365088646599,0.8023566524419076
2603,2020-12-08,0.7899251530511218,0.8010286684260473,0.7981004111218233,0.8038915059322215,0.0433230073814678,-5.4747039502700545e-05,-0.0013279840158603173,-0.0003843541835968356,0.0032006499133047095,0.0028382679995137966,0.8010286684260473
2604,2020-12-09,0.7844300514421567,0.7736360245777104,0.7926065307597898,0.7760975804030873,0.0883903669709701,-0.005495101608965047,-0.02739264384833684,-0.005493880362033465,-0.027793925529134178,0.045067359589502295,0.7736360245777104
2605,2020-12-10,0.7669005603690977,0.774244746849979,0.780410034498157,0.7780628374939634,0.0512202252875224,-0.01752949107305901,0.0006087222722686025,-0.012196496261632772,0.001965257090876138,-0.03717014168344769,0.774244746849979
2606,2020-12-11,0.7582180571360237,0.7781182538237359,0.7766190330390628,0.7723915005574072,0.0503332665376743,-0.008682503233073957,0.0038735069737568795,-0.0037910014590942787,-0.005671336936556193,-0.0008869587498481005,0.7781182538237359
2607,2020-12-14,0.7790446443870722,0.7830433961350455,0.7856290374441538,0.7899100906427777,0.0454287131542552,0.020826587251048467,0.004925142311309583,0.009010004405091032,0.01751859008537049,-0.004904553383419101,0.7830433961350455
2608,2020-12-15,0.7899802002243431,0.7811621955763255,0.7910133457578026,0.786709916870349,0.0670540814885138,0.010935555837270905,-0.0018812005587199865,0.005384308313648778,-0.0032001737724287604,0.0216253683342586,0.7811621955763255
2609,2020-12-16,0.7749782676064549,0.7682126994654552,0.7793660342353356,0.7749182538671794,0.0985706823997818,-0.01500193261788818,-0.012949496110870262,-0.011647311522467008,-0.011791663003169583,0.031516600911268,0.7682126994654552
2610,2020-12-17,0.7741541779976275,0.7731933003074243,0.7783772341430596,0.7821055220167693,0.0509344274681269,-0.0008240896088274052,0.004980600841969052,-0.0009888000922759765,0.0071872681495899204,-0.047636254931654895,0.7731933003074243
2611,2020-12-18,0.77250547357307,0.7637301870269328,0.7723338345039379,0.7675065716454269,0.148463754594939,-0.0016487044245575566,-0.00946311328049143,-0.006043399639121705,-0.0145989503713424,0.09752932712681209,0.7637301870269328
2612,2020-12-21,0.7410733113601942,0.7636748700925218,0.7602472414134182,0.7550975014520155,0.0727733229088305,-0.031432162212875814,-5.531693441107599e-05,-0.012086593090519737,-0.01240907019341142,-0.07569043168610849,0.7636748700925218
2613,2020-12-22,0.7576135726936191,0.7578642320418906,0.7642028111238321,0.7642498339144849,0.0635259566835626,0.0165402613334249,-0.0058106380506312005,0.0039555697104139975,0.009152332462469381,-0.009247366225267895,0.7578642320418906
2614,2020-12-23,0.7518987478333858,0.7526071409253655,0.7578299304933548,0.7629022915819536,0.0347326476375689,-0.005714824860233225,-0.005257091116525059,-0.006372880630477362,-0.0013475423325313152,-0.028793309045993705,0.7526071409253655
2615,2020-12-24,0.7486565891085094,0.7568681968312458,0.7554125445861053,0.7597017660860862,0.0148450614465311,-0.0032421587248764316,0.004261055905880329,-0.002417385907249492,-0.003200525495867357,-0.0198875861910378,0.7568681968312458
2616,2020-12-28,0.7588226032365026,0.7539906306706348,0.761346050347248,0.7631830768614261,0.0257809343289171,0.010166014127993228,-0.002877566160611078,0.00593350576114271,0.003481310775339863,0.010935872882386,0.7539906306706348
2617,2020-12-29,0.7557454854102427,0.747958866478608,0.7555775701577894,0.7521779774426967,0.0318188238926977,-0.0030771178262599674,-0.006031764192026778,-0.005768480189458636,-0.011005099418729403,0.006037889563780596,0.747958866478608
2618,2020-12-30,0.7504702431557929,0.7569790666938154,0.7540942283292449,0.7613865206555602,0.0457834966541944,-0.005275242254449752,0.009020200215207441,-0.0014833418285444822,0.009208543212863574,0.013964672761496703,0.7569790666938154
2619,2020-12-31,0.7507997086184989,0.7642835923647905,0.7592033777693292,0.7615547298052308,0.026184993314959,0.0003294654627059579,0.0073045256709750594,0.005109149440084337,0.00016820914967052847,-0.0195985033392354,0.7642835923647905
2620,2021-01-04,0.7635485069768667,0.7591371823158368,0.7815636886101142,0.7659906365982778,0.0705789212610582,0.012748798358367841,-0.005146410048953665,0.022360310840784936,0.004435906793047062,0.044393927946099206,0.7591371823158368
2621,2021-01-05,0.7558553386637203,0.7757941873984814,0.7710153722703988,0.7708755922879958,0.0622185137856384,-0.00769316831314637,0.01665700508264456,-0.010548316339715313,0.004884955689718029,-0.008360407475419808,0.7757941873984814
2622,2021-01-06,0.7793196793807703,0.79068043699623,0.8070555214114326,0.7872152065221577,0.0955484525854847,0.023464340717049947,0.014886249597748646,0.036040149141033706,0.01633961423416186,0.0333299387998463,0.79068043699623
2623,2021-01-07,0.7953103417694665,0.8228874476908059,0.820570468006774,0.8120893446791453,0.1084816251712323,0.015990662388696175,0.03220701069457588,0.01351494659534147,0.02487413815698758,0.01293317258574761,0.8228874476908059
2624,2021-01-08,0.8334463977864308,0.8156932254974064,0.8397440751681685,0.8218030065673434,0.0853714221890798,0.03813605601696435,-0.007194222193399491,0.01917360716139449,0.00971366188819811,-0.02311020298215251,0.8156932254974064
2625,2021-01-11,0.7970135935857211,0.8179620693857489,0.8157355691919874,0.8123136749060677,0.094316565432918,-0.03643280420070971,0.0022688438883424755,-0.024008505976181094,-0.009489331661275746,0.008945143243838202,0.8179620693857489
2626,2021-01-12,0.8109163981838493,0.8263183247917756,0.8263389068702245,0.8166372537081652,0.0930781082155375,0.013902804598128204,0.008356255406026691,0.010603337678237068,0.00432357880209755,-0.0012384572173805009,0.8263183247917756
2627,2021-01-13,0.8231154829085605,0.8339549880629643,0.8326568415416665,0.8353349950835663,0.0454385682514758,0.012199084724711207,0.007636663271188726,0.006317934671442038,0.018697741375401145,-0.0476395399640617,0.8339549880629643
2628,2021-01-14,0.8332265172044385,0.8482323265934463,0.847545302168125,0.8500460466046533,0.0503923971209976,0.010111034295878008,0.014277338530481964,0.014888460626458433,0.014711051521086982,0.004953828869521802,0.8482323265934463
2629,2021-01-15,0.8371284105135107,0.8221128218140538,0.83837088376749,0.8330892945386682,0.0512629307088114,0.003901893309072202,-0.02611950477939251,-0.009174418400634932,-0.016956752065985126,0.0008705335878137974,0.8221128218140538
2630,2021-01-19,0.8280612315047149,0.8480664701877123,0.844743507618073,0.8402761685808456,0.0409085085624369,-0.009067179008795834,0.025953648373658544,0.006372623850583015,0.007186874042177438,-0.010354422146374498,0.8480664701877123
2631,2021-01-20,0.8488877228769484,0.8432520089439742,0.8535337799907765,0.8534713021389086,0.0431686108583461,0.02082649137223347,-0.004814461243738077,0.008790272372703467,0.01319513355806301,0.0022601022959092,0.8432520089439742
2632,2021-01-21,0.840810179915049,0.8429202961325062,0.8438648360512249,0.8453860779483044,0.0369697547066301,-0.008077542961899331,-0.00033171281146804343,-0.009668943939551644,-0.008085224190604201,-0.0061988561517159965,0.8429202961325062
2633,2021-01-22,0.831413438796499,0.8308009788265466,0.8360083867810568,0.8412870792431225,0.0323280039157586,-0.009396741118550045,-0.01211931730595961,-0.007856449270168042,-0.004098998705181933,-0.0046417507908715,0.8308009788265466
2634,2021-01-25,0.82850099639013,0.8255436989150234,0.8333163108425978,0.8244422178697999,0.0454287131542552,-0.002912442406369009,-0.005257279911523138,-0.002692075938458993,-0.01684486137332264,0.0131007092384966,0.8255436989150234
2635,2021-01-26,0.8197633808027492,0.8023011467124985,0.81958124173914,0.8115836585507736,0.055861976078394,-0.008737615587380732,-0.023242552202524913,-0.013735069103457787,-0.012858559319026241,0.010433262924138799,0.8023011467124985
2636,2021-01-27,0.7662960453297486,0.736226909309774,0.7671147333623992,0.7442046002347215,0.1162145914569447,-0.05346733547300064,-0.06607423740272456,-0.05246650837674083,-0.06737905831605218,0.060352615378550696,0.736226909309774
2637,2021-01-28,0.7521738992856554,0.7672722643817186,0.7714551911510816,0.758130022493615,0.0985575422701545,-0.014122146044093231,0.031045355071944614,0.004340457788682417,0.013925422258893594,-0.017657049186790202,0.7672722643817186
2638,2021-01-29,0.7545913845937235,0.7532158631976341,0.761455923526115,0.7545921923005868,0.0570807231013333,0.002417485308068179,-0.014056401184084466,-0.009999267624966612,-0.003537830193028224,-0.04147681916882119,0.7532158631976341
2639,2021-02-01,0.7676696994068785,0.7871938181721039,0.7840907648150937,0.7727283949090341,0.0651389075953234,0.013078314813154912,0.03397795497446976,0.022634841288978635,0.018136202608447283,0.008058184493990095,0.7871938181721039
2640,2021-02-02,0.7953651093481943,0.7964352861249553,0.8069453527109743,0.7967602486881425,0.0522090200419827,0.027695409941315807,0.009241467952851412,0.022854587895880685,0.024031853779108436,-0.0129298875533407,0.7964352861249553
2641,2021-02-03,0.7848146404487304,0.7740232431185875,0.7937051844364819,0.7839583575325886,0.081475373754562,-0.010550468899463872,-0.022412043006367788,-0.013240168274492481,-0.012801891155553968,0.029266353712579303,0.7740232431185875
2642,2021-02-04,0.7710218908274659,0.7954394869080581,0.8012319002410869,0.7783997019704271,0.1367854643886062,-0.013792749621264533,0.0214162437894706,0.007526715804605066,-0.0055586555621615075,0.0553100906340442,0.7954394869080581
2643,2021-02-05,0.8050366605768299,0.8048469528628921,0.8076047484952743,0.787495778235554,0.0978939657239718,0.034014769749364016,0.009407465954833993,0.00637284825418738,0.009096076265126873,-0.0388914986646344,0.8048469528628921
2644,2021-02-08,0.8041572867548836,0.8437499557511724,0.8388649704733179,0.821690625852571,0.0813866778795772,-0.0008793738219462499,0.0389030028882803,0.03126022197804357,0.03419484761701708,-0.016507287844394605,0.8437499557511724
2645,2021-02-09,0.8341608825166207,0.8414258893259179,0.84435903096473,0.8460034878437791,0.088922542220879,0.030003595761737056,-0.002324066425254512,0.0054940604914121005,0.02431286199120808,0.0075358643413018095,0.8414258893259179
2646,2021-02-10,0.8376775457183053,0.8391567622450784,0.8489187661539721,0.8390969140791122,0.0613249849709767,0.0035166632016846444,-0.0022691270808394837,0.004559735189242131,-0.006906573764666857,-0.027597557249902302,0.8391567622450784
2647,2021-02-11,0.8381173714281076,0.8723049160046334,0.8668290900369043,0.8514499774291954,0.0628985154938553,0.0004398257098022773,0.033148153759555044,0.017910323882932233,0.012353063350083127,0.001573530522878605,0.8723049160046334
2648,2021-02-12,0.8603727334969281,0.8829300152990026,0.8784762190850013,0.8748082282433026,0.0556681591663901,0.022255362068820506,0.010625099294369167,0.01164712904809695,0.02335825081410725,-0.007230356327465208,0.8829300152990026
2649,2021-02-16,0.8836720033393132,0.8978161233005029,0.8947931060720945,0.8974925293136268,0.0715118704646021,0.023299269842385062,0.014886108001500253,0.016316886987093215,0.022684301070324153,0.015843711298212,0.8978161233005029
2650,2021-02-17,0.9155438194412466,0.9022985885402758,0.9156700206137406,0.9039498046156244,0.1508224078630535,0.03187181610193346,0.004482465239772915,0.020876914541646086,0.006457275301997578,0.07931053739845141,0.9022985885402758
2651,2021-02-18,0.8791109889284237,0.8662729158188591,0.8841348612494918,0.869866973028756,0.0885480485264987,-0.03643283051282298,-0.03602567272141666,-0.03153515936424878,-0.03408283158686831,-0.06227435933655481,0.8662729158188591
2652,2021-02-19,0.8755774927671273,0.9006687213226298,0.8971931260428645,0.8899397213739232,0.058335605480748,-0.00353349616129639,0.03439580550377064,0.013058264793372687,0.020072748345167146,-0.030212443045750693,0.9006687213226298
2653,2021-02-22,0.8770097758546872,0.8609471977205647,0.8871142455515406,0.8697880199603836,0.0649253804888785,0.001432283087559938,-0.039721523602065045,-0.010078880491323883,-0.020151701413539613,0.006589775008130495,0.8609471977205647
2654,2021-02-23,0.8428548566728395,0.8595047095384236,0.8600165919720592,0.8285839081128097,0.0773625131811925,-0.034154919181847654,-0.0014424881821410995,-0.027097653579481462,-0.04120411184757389,0.012437132692314001,0.8595047095384236
2655,2021-02-24,0.8403759106887057,0.8723754309363826,0.8688288584726348,0.8547023334709547,0.090275975572499,-0.0024789459841338957,0.012870721397958973,0.00881226650057565,0.026118425358145014,0.012913462391306502,0.8723754309363826
2656,2021-02-25,0.8570676997901868,0.8195058460843115,0.8615587083659515,0.825938273726714,0.0812454214860829,0.01669178910148117,-0.05286958485207105,-0.007270150106683304,-0.028764059744240678,-0.009030554086416107,0.8195058460843115
2657,2021-02-26,0.8276504665552447,0.8467450939967817,0.8520856942797517,0.8242495996529772,0.1021677928852768,-0.029417233234942164,0.02723924791247012,-0.009473014086199827,-0.001688674073736851,0.02092237139919391,0.8467450939967817
2658,2021-03-01,0.8538174884594387,0.877090963601174,0.8721884731887457,0.8648344478563399,0.0663806498451107,0.026167021904194065,0.03034586960439234,0.020102778908994035,0.04058484820336272,-0.0357871430401661,0.877090963601174
2659,2021-03-02,0.8596567157762868,0.8437491061736814,0.8678373344843189,0.8549273524181438,0.0544986876295534,0.00583922731684805,-0.03334185742749263,-0.004351138704426827,-0.009907095438196123,-0.011881962215557304,0.8437491061736814
2660,2021-03-03,0.8340406567092297,0.8231118305459167,0.8483954887248729,0.8310044106242048,0.0926904743915298,-0.025616059067057106,-0.02063727562776463,-0.019441845759445964,-0.023922941793938945,0.038191786761976404,0.8231118305459167
2661,2021-03-04,0.8162468991354385,0.7771767331687607,0.8217935237441396,0.7807375207935875,0.083738761082878,-0.017793757573791202,-0.045935097377156064,-0.026601964980733306,-0.050266889830617334,-0.008951713308651799,0.7771767331687607
2662,2021-03-05,0.7934955076454431,0.8068571476039885,0.8038939313505477,0.7628376461315166,0.1091254915229738,-0.022751391489995387,0.029680414435227842,-0.017899592393591957,-0.01789987466207088,0.02538673044009579,0.8068571476039885
2663,2021-03-08,0.795148224995812,0.7586476840847988,0.806537615462166,0.7683540522579176,0.0750695605612149,0.0016527173503688708,-0.048209463519189755,0.002643684111618305,0.00551640612640103,-0.03405593096175889,0.7586476840847988
2664,2021-03-09,0.7824226796243554,0.8069680646653076,0.8078592880578168,0.794078371118528,0.0804800089352881,-0.012725545371456537,0.048320380580508804,0.001321672595650858,0.02572431886061033,0.005410448374073201,0.8069680646653076
2665,2021-03-10,0.8174038780479586,0.7840005395761043,0.8173323553347158,0.7952040841120266,0.064554171826905,0.034981198423603144,-0.0229675250892033,0.009473067276899005,0.0011257129934986176,-0.015925837108383106,0.7840005395761043
2666,2021-03-11,0.8034667103618395,0.8222243996578658,0.823115617722794,0.816200335553527,0.0906176189428108,-0.013937167686119079,0.038223860081761485,0.005783262388078136,0.020996251441500413,0.026063447115905802,0.8222243996578658
2667,2021-03-12,0.7982882274413798,0.8180079465702604,0.8141380868442455,0.8090513757645975,0.0486513299453699,-0.005178482920459637,-0.004216453087605321,-0.008977530878548468,-0.007148959788929488,-0.0419662889974409,0.8180079465702604
2668,2021-03-15,0.8063311311445309,0.8297136140356243,0.8256490386312809,0.8221106426106161,0.0538646763750324,0.008042903703151083,0.011705667465363834,0.011510951787035428,0.013059266846018547,0.005213346429662501,0.8297136140356243
2669,2021-03-16,0.8306250688041003,0.8315996760655424,0.8455314541955388,0.8364643899846691,0.0718830791265755,0.02429393765956933,0.0018860620299181452,0.01988241556425785,0.014353747374053039,0.0180184027515431,0.8315996760655424
2670,2021-03-17,0.8132172177027805,0.8533468774864891,0.8499377312871854,0.82565685102582,0.0588546406010295,-0.017407851101319705,0.02174720142094666,0.004406277091646649,-0.010807538958849117,-0.013028438525546006,0.8533468774864891
2671,2021-03-18,0.824124847897105,0.8071345818535346,0.8349018731299509,0.8176637636289171,0.067684807710628,0.010907630194324502,-0.04621229563295448,-0.015035858157234516,-0.007993087396902854,0.008830167109598504,0.8071345818535346
2672,2021-03-19,0.8042928114171587,0.8324873901460905,0.8387570709902481,0.8063494476018758,0.1714327011835971,-0.019832036479946358,0.02535280829255593,0.0038551978602971992,-0.01131431602704136,0.1037478934729691,0.8324873901460905
2673,2021-03-22,0.8421936729989107,0.8591162638300596,0.8623297195908851,0.8592053507748902,0.0791134354540407,0.03790086158175199,0.026628873683969045,0.023572648600637014,0.052855903173014473,-0.0923192657295564,0.8591162638300596
2674,2021-03-23,0.8717213905075636,0.8320437219008144,0.871527707157571,0.8355076110416135,0.081031894379638,0.029527717508652906,-0.02707254192924513,0.009197987566685883,-0.023697739733276713,0.0019184589255972911,0.8320437219008144
2675,2021-03-24,0.8409265299748409,0.8141798447935201,0.8431080133873944,0.8257129756984786,0.0576424636429038,-0.030794860532722734,-0.017863877107294313,-0.028419693770176613,-0.009794635343134961,-0.023389430736734197,0.8141798447935201
2676,2021-03-25,0.795589113044718,0.8163994131873873,0.816231191086742,0.8010585098648592,0.0568146354763789,-0.04533741693012283,0.002219568393867166,-0.02687682230065236,-0.02465446583361941,-0.0008278281665249007,0.8163994131873873
2677,2021-03-26,0.8082042474251718,0.8622231687144788,0.8575933614937581,0.8233490645697276,0.0713279086498188,0.012615134380453807,0.0458237555270915,0.04136217040701606,0.022290554704868404,0.014513273173439908,0.8622231687144788
2678,2021-03-29,0.8435708371689574,0.8368699828319268,0.849662103283329,0.8376463520310125,0.0562594649996222,0.03536658974378559,-0.025353185882551976,-0.00793125821042906,0.014297287461284891,-0.015068443650196606,0.8368699828319268
2679,2021-03-30,0.8269892988408829,0.8327648243956365,0.8331944265362401,0.8368584682232805,0.0458951877560272,-0.01658153832807452,-0.004105158436290335,-0.016467676747088933,-0.0007878838077319816,-0.010364277243594996,0.8327648243956365
2680,2021-03-31,0.8384477861556301,0.8611136205112927,0.8604021978126347,0.8535765658822858,0.0673990098912325,0.01145848731474719,0.028348796115656216,0.02720777127639462,0.016718097659005338,0.021503822135205297,0.8611136205112927
2681,2021-04-01,0.8676447331574029,0.8885747025464008,0.8833139610882469,0.8826220527915629,0.0680100259189056,0.029196947001772777,0.02746108203510811,0.022911763275612174,0.029045486909277107,0.0006110160276731058,0.8885747025464008
2682,2021-04-05,0.899265560399505,0.9088238156582984,0.9058951661272882,0.9057570773253244,0.0689561152520769,0.031620827242102134,0.020249113111897588,0.022581205039041263,0.023135024533761483,0.0009460893331712933,0.9088238156582984
2683,2021-04-06,0.8948585808250421,0.89173701876273,0.9047937794644,0.9010851468062576,0.0467065907605178,-0.004406979574462899,-0.017086796895568357,-0.0011013866628881708,-0.00467193051906678,-0.0222495244915591,0.89173701876273
2684,2021-04-07,0.8880272436430288,0.8860225717635747,0.8919606598698748,0.8942174716798666,0.0369369043825617,-0.006831337182013342,-0.005714446999155354,-0.012833119594525155,-0.006867675126390971,-0.009769686377956104,0.8860225717635747
2685,2021-04-08,0.8886335181559977,0.8975620052332085,0.8916855597968713,0.8934859775089453,0.0480600241121378,0.0006062745129689073,0.01153943346963382,-0.00027510007300357575,-0.0007314941709213318,0.011123119729576102,0.8975620052332085
2686,2021-04-09,0.8854380949369595,0.8972288764592555,0.8950449388134823,0.9002404398715071,0.043677790881407,-0.003195423219038207,-0.00033312877395297313,0.003359379016611097,0.0067544623625618305,-0.004382233230730802,0.8972288764592555
2687,2021-04-12,0.8833450044591782,0.8808079595215973,0.8852415813258487,0.8839729495660864,0.0447519964784452,-0.0020930904777812787,-0.016420916937658236,-0.009803357487633613,-0.01626749030542074,0.0010742055970382053,0.8808079595215973
2688,2021-04-13,0.8797641281184253,0.8729856163698857,0.8843052238359965,0.8684932211761807,0.0499653429081077,-0.003580876340752881,-0.007822343151711597,-0.0009363574898522131,-0.015479728389905745,0.005213346429662501,0.8729856163698857
2689,2021-04-14,0.862190953665266,0.8672161356288162,0.8783570603410041,0.8747414652875806,0.0355998961929759,-0.017573174453159313,-0.005769480741069533,-0.005948163494992387,0.006248244111399903,-0.014365446715131805,0.8672161356288162
2690,2021-04-15,0.874751083995043,0.8899615906016339,0.8857372962249843,0.8846484482608596,0.0448866828071258,0.012560130329776986,0.02274545497281777,0.00738023588398018,0.009906982973279077,0.009286786614149903,0.8899615906016339
2691,2021-04-16,0.8818575922755509,0.878145006074951,0.8844705186129501,0.8899959878945364,0.041138460830916,0.007106508280507962,-0.011816584526682883,-0.0012667776120341978,0.0053475396336767345,-0.0037482219762098035,0.878145006074951
2692,2021-04-19,0.8687462892912314,0.8545116482265872,0.8705360172002762,0.8595430574281231,0.0483885273528223,-0.013111302984319506,-0.023633357848363845,-0.013934501412673939,-0.030452930466413286,0.007250066521906302,0.8545116482265872
2693,2021-04-20,0.8414777781830451,0.8306568338455813,0.8453664925704711,0.8369712342940131,0.0553363708932988,-0.02726851110818629,-0.023854814381005895,-0.02516952462980504,-0.022571823134109992,0.006947843540476499,0.8306568338455813
2694,2021-04-21,0.8229130446724985,0.8579515874874605,0.8533526303968055,0.8325243874768112,0.0617848895079349,-0.01856473351054666,0.027294753641879166,0.007986137826334394,-0.004446846817201866,0.006448518614636099,0.8579515874874605
2695,2021-04-22,0.8500161378317188,0.8397546760037121,0.8545087118692328,0.8469904072464148,0.0543311509768043,0.027103093159220326,-0.018196911483748357,0.001156081472427295,0.0144660197696036,-0.007453738531130599,0.8397546760037121
2696,2021-04-23,0.8426896393089512,0.8675489812102722,0.8659098405041389,0.8598809926616301,0.0760879206073368,-0.007326498522767566,0.02779430520656012,0.011401128634906055,0.012890585415215261,0.021756769630532496,0.8675489812102722
2697,2021-04-26,0.8603729955089223,0.8829715501985604,0.8810007576555035,0.8765427497950198,0.0630824773086386,0.01768335619997108,0.015422568988288199,0.015090917151364569,0.016661757133389687,-0.013005443298698197,0.8829715501985604
2698,2021-04-27,0.8781114238318547,0.8737068132622067,0.8890417585208763,0.8854364344259806,0.0605300071285203,0.017738428322932376,-0.009264736936353768,0.00804100086537285,0.008893684630960852,-0.0025524701801182964,0.8737068132622067
2699,2021-04-28,0.8631273479816596,0.8577848815042355,0.8633761946576829,0.866973447494063,0.0487465958851684,-0.014984075850195122,-0.015921931757971186,-0.025665563863193408,-0.018462986931917613,-0.011783411243351902,0.8577848815042355
2700,2021-04-29,0.8598221604871864,0.864941533493035,0.8639270667453608,0.8644405051615629,0.0331262667906218,-0.003305187494473172,0.007156651988799556,0.0005508720876779005,-0.002532942332500121,-0.015620329094546602,0.864941533493035
2701,2021-04-30,0.8453891219197267,0.8337635499350026,0.8530221169790965,0.841868427585204,0.0658714698220497,-0.0144330385674597,-0.031177983558032474,-0.010904949766264327,-0.02257207757635893,0.032745203031427896,0.8337635499350026
2702,2021-05-03,0.8398249826743831,0.8217804482200927,0.8416762669809043,0.8292594555917022,0.0529580074307433,-0.005564139245343602,-0.011983101714909905,-0.011345849998192215,-0.01260897199350175,-0.012913462391306398,0.8217804482200927
2703,2021-05-04,0.8075429920250267,0.8037503371170683,0.808189763180519,0.8061243031834329,0.0947501897106214,-0.03228199064935644,-0.018030111103024327,-0.0334865038003852,-0.023135152408269355,0.0417921822798781,0.8037503371170683
2704,2021-05-05,0.81035270174659,0.8079666958071746,0.8221242042525954,0.8117534097575619,0.0683483842568107,0.002809709721563358,0.004216358690106281,0.013934441072076309,0.0056291065741290724,-0.026401805453810698,0.8079666958071746
2705,2021-05-06,0.8008772573283023,0.812792956738287,0.8082447410436849,0.8067434248501606,0.0834956686847715,-0.009475444418287737,0.0048262609311123805,-0.013879463208910425,-0.005009984907401344,0.015147284427960803,0.812792956738287
2706,2021-05-07,0.8396595934935358,0.8307675621119024,0.8394730337914427,0.8335373102747473,0.0802336315047747,0.03878233616523352,0.017974605373615393,0.031228292747757735,0.026793885424586716,-0.0032620371799968045,0.8307675621119024
2707,2021-05-10,0.8194971572341364,0.7950403742823076,0.8212978276494188,0.8060679197676424,0.0728554487190016,-0.020162436259399397,-0.03572718782959483,-0.018175206142023836,-0.02746939050710495,-0.007378182785773096,0.7950403742823076
2708,2021-05-11,0.7723966288324939,0.8072454045173546,0.8032880508115778,0.7802873559904773,0.071935639645085,-0.04710052840164247,0.012205030235047043,-0.018009776837840996,-0.02578056377716509,-0.0009198090739166026,0.8072454045173546
2709,2021-05-12,0.7819817596938996,0.7719063792036268,0.7880316635589839,0.7798368055071785,0.0831014647959502,0.009585130861405666,-0.03533902531372779,-0.015256387252593928,-0.0004505504832987839,0.0111658251508652,0.7719063792036268
2710,2021-05-13,0.7774096878421491,0.7884387795875981,0.7927133907715211,0.7864230605081552,0.0624353259244902,-0.004572071851750459,0.016532400383971302,0.0046817272125372345,0.0065862550009767595,-0.020666138871459995,0.7884387795875981
2711,2021-05-14,0.794377036273138,0.8070236647922155,0.809952368952392,0.8015087150558683,0.0618177398320034,0.016967348430988904,0.01858488520461743,0.017238978180870834,0.015085654547713045,-0.0006175860924867993,0.8070236647922155
2712,2021-05-17,0.7916223675982073,0.7962054282149027,0.7959627783640157,0.7925584360434761,0.0365624106881814,-0.0027546686749307936,-0.010818236577312845,-0.013989590588376233,-0.008950279012392204,-0.025255329143822003,0.7962054282149027
2713,2021-05-18,0.7852324484720047,0.7901587492180348,0.8026824747356568,0.8008896613687748,0.0451954758533692,-0.00638991912620257,-0.006046678996867949,0.0067196963716410485,0.00833122532529873,0.008633065165187803,0.7901587492180348
2714,2021-05-19,0.7704135659791477,0.8154561933774301,0.8127061886196862,0.7844529531051547,0.0658221943359471,-0.01481888249285701,0.025297444159395388,0.01002371388402945,-0.016436708263620092,0.020626718482577903,0.8154561933774301
2715,2021-05-20,0.8151219377363028,0.8408971689340474,0.8392426571325201,0.8328943431794819,0.0641599679380837,0.04470837175715514,0.025440975556617285,0.026536468512833866,0.04844139007432713,-0.0016622263978633978,0.8408971689340474
2716,2021-05-21,0.8298169775374156,0.8334425040409209,0.8388562573947537,0.838765103014213,0.0555991734858464,0.014695039801112753,-0.007454664893126517,-0.00038639973776644077,0.005870759834731176,-0.008560794452237307,0.8334425040409209
2717,2021-05-24,0.835009797275387,0.8573092125068001,0.8553703999067985,0.8532158250844506,0.0462565413207801,0.005192819737971477,0.02386670846587924,0.01651414251204486,0.014450722070237565,-0.009342632165066297,0.8573092125068001
2718,2021-05-25,0.8589854307000552,0.8609251087057999,0.862329389524819,0.8603281300941789,0.0441311253535516,0.02397563342466813,0.003615896198999713,0.006958989618020439,0.007112305009728259,-0.002125415967228504,0.8609251087057999
2719,2021-05-26,0.8549527281108396,0.8653202562590026,0.8629922953730601,0.8658037746998629,0.0621298179106536,-0.00403270258921562,0.004395147553202694,0.0006629058482411354,0.00547564460568406,0.017998692557102,0.8653202562590026
2720,2021-05-27,0.8576594444815105,0.8664883309115655,0.8688465589825726,0.8717870152685913,0.0550834233979718,0.002706716370670992,0.001168074652562967,0.005854263609512467,0.005983240568728343,-0.007046394512681797,0.8664883309115655
2721,2021-05-28,0.8630733131061752,0.873164310835483,0.8707244127549948,0.8767544934879314,0.0381523663730942,0.005413868624664642,0.006675979923917441,0.0018778537724222222,0.004967478219340182,-0.0169310570248776,0.873164310835483
2722,2021-06-01,0.8728515436278083,0.8640962038895357,0.8819364597563412,0.8761336199131735,0.0432638767981446,0.009778230521633069,-0.009068106945947285,0.01121204700134637,-0.0006208735747579297,0.005111510425050397,0.8640962038895357
2723,2021-06-02,0.8537370821807839,0.8650418780344666,0.8636547672820042,0.8674968738015243,0.0460725795059968,-0.019114461447024333,0.0009456741449309636,-0.018281692474336975,-0.008636746111649218,0.0028087027078522037,0.8650418780344666
2724,2021-06-03,0.8452849518062678,0.8440126639908752,0.8490186157746475,0.8510141509180992,0.0612001537395166,-0.008452130374516087,-0.021029214043591482,-0.014636151507356643,-0.016482722883425116,0.015127574233519799,0.8440126639908752
2725,2021-06-04,0.847273562643024,0.8644298990484827,0.8594571949818464,0.8618520379421764,0.0471139347789665,0.001988610836756166,0.020417235057607508,0.010438579207198817,0.010837887024077175,-0.014086218960550102,0.8644298990484827
2726,2021-06-07,0.8535160801704728,0.8543602346381994,0.8582420405513438,0.8638277062997232,0.0356524567114854,0.006242517527448754,-0.01006966441028323,-0.001215154430502574,0.0019756683575468115,-0.011461478067481101,0.8543602346381994
2727,2021-06-08,0.8613055763504694,0.8490195073375648,0.8618874447500049,0.8535542728271094,0.0289674157635565,0.007789496179996691,-0.005340727300634618,0.0036454041986611063,-0.01027343347261378,-0.006685040947928898,0.8490195073375648
2728,2021-06-09,0.8467763705241617,0.8445687596574541,0.8503992156849121,0.8550218276905548,0.0335336108090706,-0.01452920582630779,-0.004450747680110667,-0.011488229065092836,0.0014675548634454083,0.0045661950455141015,0.8445687596574541
2729,2021-06-10,0.8420809403074159,0.8536373385908964,0.8535476942693695,0.8547398972486959,0.0388455082109385,-0.004695430216745788,0.009068578933442262,0.003148478584457437,-0.0002819304418588686,0.005311897401867896,0.8536373385908964
2730,2021-06-11,0.8516934375133952,0.8572535179823931,0.8517251773138516,0.8616830612206898,0.0234584164172779,0.009612497205979342,0.003616179391496721,-0.0018225169555179388,0.006943163971993904,-0.015387091793660598,0.8572535179823931
2731,2021-06-14,0.8536266707189358,0.8665439310384735,0.8610036949102643,0.8594812461827411,0.047780796357556,0.0019332332055406187,0.00929041305608036,0.009278517596412739,-0.0022018150379486956,0.0243223799402781,0.8665439310384735
2732,2021-06-15,0.8589301596719787,0.8564744554231882,0.8642072670524504,0.8662552427722536,0.0372522674936188,0.00530348895304289,-0.010069475615285262,0.0032035721421861396,0.006773996589512499,-0.010528528863937202,0.8564744554231882
2733,2021-06-16,0.8542895753218706,0.8477955493655969,0.8601752627193058,0.8509575956121731,0.0533522113195646,-0.004640584350108168,-0.008678906057591362,-0.0040320043331446564,-0.01529764716008053,0.016099943825945803,0.8477955493655969
2734,2021-06-17,0.8362802400205321,0.8357788421410448,0.8442134679862556,0.8380310827009521,0.0743172881400475,-0.018009335301338414,-0.012016707224552059,-0.01596179473305015,-0.012926512911221044,0.020965076820482896,0.8357788421410448
2735,2021-06-18,0.8228560532137792,0.8101319856391197,0.8247168499406491,0.8132503871880742,0.1271044738856349,-0.013424186806752947,-0.025646856501925108,-0.01949661804560654,-0.02478069551287787,0.0527871857455874,0.8101319856391197
2736,2021-06-21,0.8099290178836556,0.8219818924829478,0.8189175135351305,0.8209837620384784,0.0554809123192,-0.012927035330123626,0.01184990684382814,-0.0057993364055185515,0.007733374850404262,-0.0716235615664349,0.8219818924829478
2737,2021-06-22,0.8159505135590933,0.8115784385162186,0.8158797082523086,0.8225642506801605,0.0761010607369641,0.006021495675437749,-0.01040345396672926,-0.003037805282821937,0.0015804886416820318,0.0206201484177641,0.8115784385162186
2738,2021-06-23,0.8047910162482892,0.8148049450318644,0.8154376115670484,0.8211528076135132,0.0310599814067165,-0.011159497310804123,0.0032265065156458217,-0.00044209668526018486,-0.001411443066647311,-0.0450410793302476,0.8148049450318644
2739,2021-06-24,0.8167789191960648,0.8296032633592992,0.8280303154591466,0.8317650397785047,0.0652243184379013,0.01198790294777563,0.014798318327434834,0.012592703892098212,0.01061223216499152,0.0341643370311848,0.8296032633592992
2740,2021-06-25,0.8277175124982963,0.8276565037375274,0.8353764693322135,0.8353780816347093,0.0738573836030892,0.010938593302231459,-0.0019467596217718208,0.0073461538730669185,0.0036130418562045907,0.0086330651651879,0.8276565037375274
2741,2021-06-28,0.8290986159338408,0.847406348477241,0.8469751277039714,0.8454822945135714,0.0617586092486802,0.0013811034355445395,0.01974984473971353,0.011598658371757886,0.010104212878862096,-0.012098774354409002,0.847406348477241
2742,2021-06-29,0.8398158693094876,0.8501879595801237,0.8461465513415946,0.8507319755721784,0.0357181573596223,0.010717253375646774,0.002781611102882775,-0.000828576362376876,0.005249681058607014,-0.026040451889057903,0.8501879595801237
2743,2021-06-30,0.8429647500226908,0.8330529255625689,0.8436059790479893,0.8410228949368299,0.0679279001087345,0.0031488807132031837,-0.017135034017554784,-0.00254057229360527,-0.009709080635348477,0.03220974274911221,0.8330529255625689
2744,2021-07-01,0.8278277406377231,0.8217034198609129,0.8333326458247051,0.8324424625220392,0.0489338427323585,-0.015137009384967648,-0.011349505701656049,-0.010273333223284165,-0.008580432414790673,-0.01899405737637601,0.8217034198609129
2745,2021-07-02,0.8223587202331958,0.8247634091883316,0.8232254163708943,0.8283219067992464,0.0493149064915525,-0.005469020404527347,0.0030599893274186885,-0.010107229453810818,-0.004120555722792796,0.00038106375919400026,0.8247634091883316
2746,2021-07-06,0.8139063524754762,0.8129691024714115,0.8175917020216381,0.8105970764624626,0.0658911800164908,-0.008452367757719625,-0.011794306716920055,-0.005633714349256191,-0.017724830336783848,0.016576273524938304,0.8129691024714115
2747,2021-07-07,0.8141826477518028,0.7983931846516086,0.8144988118400283,0.8010008616628507,0.0611311680589729,0.00027629527632666573,-0.014575917819802942,-0.003092890181609853,-0.009596214799611924,-0.0047600119575179,0.7983931846516086
2748,2021-07-08,0.7789923938598353,0.7845406348666036,0.7855575629110673,0.7807360372465298,0.0572646849161167,-0.035190253891967505,-0.013852549785004942,-0.028941248928960994,-0.020264824416320826,-0.003866483142856203,0.7845406348666036
2749,2021-07-09,0.7826937732539337,0.8012306790738963,0.7980951943281822,0.7919693318782229,0.0539599423148309,0.003701379394098425,0.016690044207292698,0.012537631417114947,0.011233294631693092,-0.0033047426012857983,0.8012306790738963
2750,2021-07-12,0.793742332241,0.8133028920278574,0.8078709940236857,0.8092987078813296,0.0461251400245063,0.011048558987066248,0.012072212953961103,0.009775799695503462,0.01732937600310669,-0.0078348022903246,0.8133028920278574
2751,2021-07-13,0.801863166474638,0.8007297115467304,0.805275101809744,0.8116131017101873,0.0472781863993088,0.008120834233637964,-0.012573180481126989,-0.0025958922139416307,0.002314393828857675,0.0011530463748024994,0.8007297115467304
2752,2021-07-14,0.8016422910392446,0.7985600794298315,0.8106878271952261,0.808621413789368,0.0665054810765708,-0.00022087543539339727,-0.002169632116898912,0.005412725385482098,-0.002991687920819275,0.019227294677261995,0.7985600794298315
2753,2021-07-15,0.7808154810731543,0.7646795426743246,0.7826856184402967,0.7675836115977954,0.0947271944837735,-0.02082680996609021,-0.03388053675550695,-0.028002208754929425,-0.0410378021915726,0.028221713407202698,0.7646795426743246
2754,2021-07-16,0.7629165788919695,0.7441508713691536,0.7688224849369224,0.7534151520281758,0.0597218891564365,-0.01789890218118484,-0.020528671305170998,-0.013863133503374314,-0.014168459569619651,-0.03500530532733699,0.7441508713691536
2755,2021-07-19,0.7275050611078359,0.7342479129420953,0.7290555829579115,0.7285212039300074,0.1408030590221772,-0.03541151778413365,-0.00990295842705824,-0.039766901979010894,-0.02489394809816836,0.08108116986574071,0.7342479129420953
2756,2021-07-20,0.73109600726731,0.7623428741829542,0.7639067772995382,0.7441575335502703,0.1057419081439238,0.0035909461594741954,0.028094961240858862,0.034851194341626646,0.015636329620262845,-0.035061150878253414,0.7623428741829542
2757,2021-07-21,0.7607618498126524,0.7825376615341803,0.7771069801424307,0.7733975750445505,0.0586838189158736,0.029665842545342325,0.02019478735122604,0.013200202842892583,0.029240041494280278,-0.0470580892280502,0.7825376615341803
2758,2021-07-22,0.7653473352308556,0.7698536111904837,0.7671656242819748,0.7749784511028982,0.0807723768194973,0.00458548541820325,-0.012684050343696573,-0.00994135586045597,0.0015808760583476689,0.0220885579036237,0.7698536111904837
2759,2021-07-23,0.7725290154692268,0.7745267593782263,0.7740143332294122,0.7754865225745157,0.0340657860589794,0.00718168023837118,0.004673148187742671,0.0068487089474373875,0.0005080714716174661,-0.0467065907605179,0.7745267593782263
2760,2021-07-26,0.764518603507426,0.7754724335231573,0.772964839672517,0.7792119616090871,0.0379388392666493,-0.008010411961800856,0.0009456741449309636,-0.001049493556895209,0.003725439034571454,0.0038730532076699034,0.7754724335231573
2761,2021-07-27,0.7654023806234986,0.7563344261731793,0.767496831097385,0.7493507210851958,0.0667420034098636,0.0008837771160726815,-0.01913800734997806,-0.005468008575131966,-0.029861240523891275,0.028803164143214294,0.7563344261731793
2762,2021-07-28,0.7560108875782088,0.7670716224976049,0.7664473484683353,0.7683172706564628,0.0576687439021585,-0.009391493045289856,0.010737196324425602,-0.0010494826290496917,0.018966549571266977,-0.009073259507705093,0.7670716224976049
2763,2021-07-29,0.7734130333356287,0.784596470987259,0.7802003330144076,0.7827684113367447,0.0410596200531518,0.01740214575741994,0.017524848489654188,0.013752984546072322,0.01445114068028186,-0.0166091238490067,0.784596470987259
2764,2021-07-30,0.772086901422258,0.7962235525347098,0.7909702888354908,0.7886388255869582,0.0565354077217971,-0.0013261319133707206,0.011627081547450735,0.0107699558210832,0.005870414250213507,0.015475787668645297,0.7962235525347098
2765,2021-08-02,0.8132988578822569,0.806627100898938,0.8374752670261938,0.8173145383831123,0.119824842072067,0.041211956459998866,0.010403548364228188,0.046504978190702984,0.028675712796154107,0.0632894343502699,0.806627100898938
2766,2021-08-03,0.8050123476787691,0.8168080599605362,0.8147751736852141,0.80704105323295,0.073946079478074,-0.008286510203487807,0.010180959061598216,-0.022700093340979666,-0.010273485150162354,-0.04587876259399301,0.8168080599605362
2767,2021-08-04,0.817110702801446,0.8206466398596649,0.8358735175503662,0.8315395390163779,0.0991718433302344,0.012098355122676985,0.0038385798991287245,0.02109834386515208,0.024498485783427948,0.02522576385216041,0.8206466398596649
2768,2021-08-05,0.8176078764129086,0.8332754204677,0.8273126178849574,0.827192997513834,0.054423131884196,0.0004971736114625092,0.012628780608035073,-0.00856089966540885,-0.004346541502543877,-0.044748711446038404,0.8332754204677
2769,2021-08-06,0.8225246563423941,0.832997325435661,0.8293010433024519,0.8370715346322724,0.0498602218710887,0.004916779929485582,-0.0002780950320390163,0.001988425417494555,0.009878537118438335,-0.004562910013107303,0.832997325435661
2770,2021-08-09,0.831474011525286,0.8317176729392861,0.8312892705360919,0.8348135269529384,0.0478793473297614,0.00894935518289186,-0.0012796524963748501,0.0019882272336400053,-0.0022580076793339288,-0.001980874541327296,0.8317176729392861
2771,2021-08-10,0.8276621564457854,0.8372808951450517,0.8341060246484616,0.8327812794917402,0.0561871942866716,-0.003811855079500548,0.00556322220576555,0.0028167541123697015,-0.0020322474611982333,0.008307846956910198,0.8372808951450517
2772,2021-08-11,0.836942878347192,0.8371138115718307,0.8367569222582445,0.8337972033277191,0.0337734181747702,0.009280721901406608,-0.00016708357322092748,0.0026508976097828763,0.0010159238359789269,-0.0224137761119014,0.8371138115718307
2773,2021-08-12,0.8275517874277551,0.8408971689340474,0.8389664827668422,0.829902591393387,0.1144045386007732,-0.009391090919436906,0.0037833573622166883,0.0022095605085976633,-0.0038946119343321595,0.080631120426003,0.8408971689340474
2774,2021-08-13,0.832523642583865,0.8432337902266682,0.8397949544160729,0.8465547639961796,0.0381753615999421,0.004971855156109872,0.0023366212926207997,0.000828471649230722,0.016652172602792614,-0.0762291770008311,0.8432337902266682
2775,2021-08-16,0.8369429692400373,0.8367801164128837,0.8425563360178069,0.8462158939643072,0.0492262106165677,0.004419326656172284,-0.006453673813784477,0.002761381601734003,-0.00033887003187238474,0.011050849016625598,0.8367801164128837
2776,2021-08-17,0.819541582969204,0.8105215641174717,0.8202431333048181,0.8144922752617393,0.0666237422432172,-0.01740138627083332,-0.026258552295412074,-0.022313202712988756,-0.0317236187025679,0.017397531626649497,0.8105215641174717
2777,2021-08-18,0.799543392494315,0.7992837306571264,0.8103016473816161,0.8097507584215023,0.0491013793851076,-0.019998190474888933,-0.011237833460345237,-0.009941485923201987,-0.004741516840236937,-0.017522362858109597,0.7992837306571264
2778,2021-08-19,0.7886282809045725,0.8049587195017021,0.8021367856207714,0.7982358223198894,0.0622119437208248,-0.010915111589742565,0.005674988844575624,-0.008164861760844744,-0.011514936101612916,0.013110564335717202,0.8049587195017021
2779,2021-08-20,0.800098438979711,0.8082509266766482,0.809504846369516,0.8093333274457086,0.0872767409850498,0.011470158075138515,0.00329220717494616,0.0073680607487446315,0.011097505125819196,0.025064797264224996,0.8082509266766482
2780,2021-08-23,0.8090751231918493,0.8252150068235232,0.8219143925396797,0.8246773467398825,0.0802730518936569,0.008976684212138264,0.016964080146875005,0.012409546170163654,0.015344019294173838,-0.007003689091392901,0.8252150068235232
2781,2021-08-24,0.8229838150406596,0.8261637960859209,0.8315541720442224,0.8367942774675954,0.037649756414847,0.013908691848810384,0.0009487892623977201,0.009639779504542756,0.012116930727712916,-0.0426232954788099,0.8261637960859209
2782,2021-08-25,0.8361165609080172,0.8451368438064054,0.8448501938421593,0.8456272009203772,0.094717339386553,0.013132745867357576,0.01897304772048447,0.013296021797936874,0.00883292345278186,0.057067582971706,0.8451368438064054
2783,2021-08-26,0.8367260616767838,0.8701923943746265,0.8660129997546938,0.8519686303867747,0.0849049475873079,0.0006095007687665355,0.025055550568221063,0.0211628059125345,0.006341429466397486,-0.00981239179924509,0.8701923943746265
2784,2021-08-27,0.8658173891527973,0.8893885033852359,0.888394421426739,0.8820339564438514,0.0666960129561678,0.029091327476013507,0.01919610901060942,0.022381421672045154,0.03006532605707668,-0.01820893463114011,0.8893885033852359
2785,2021-08-30,0.8851563297781331,0.8873237468897204,0.8873971904641554,0.894603724830826,0.0474095876955826,0.01933894062533581,-0.0020647564955155184,-0.0009972309625835285,0.012569768386974545,-0.019286425260585195,0.8873237468897204
2786,2021-08-31,0.8814437411392559,0.8781163092352566,0.8812478976295373,0.8776176042769118,0.0719060743534235,-0.0037125886388771345,-0.009207437654463746,-0.006149292834618181,-0.01698612055391413,0.024496486657840898,0.8781163092352566
2787,2021-09-01,0.8791164578558291,0.8683508879642339,0.8790873247019183,0.8777875670414168,0.0638544599242471,-0.0023272832834267954,-0.009765421271022756,-0.0021605729276189534,0.00016996276450498282,-0.008051614429176401,0.8683508879642339
2788,2021-09-02,0.8623819901926694,0.8720339007850191,0.8675087355330269,0.8784103885990541,0.0601062379480373,-0.01673446766315978,0.003683012820785203,-0.011578589168891429,0.0006228215576372653,-0.0037482219762097965,0.8720339007850191
2789,2021-09-03,0.8651525855309428,0.8751588355917463,0.8758741701316625,0.8820340758045495,0.0341216316098958,0.002770595338273396,0.003124934806727264,0.00836543459863559,0.0036236872054954405,-0.0259846063381415,0.8751588355917463
2790,2021-09-07,0.8716912111948648,0.8706945890692793,0.8714975345502606,0.8800523364557976,0.0412304417383077,0.006538625663922049,-0.004464246522467019,-0.004376635581401889,-0.0019817393487518986,0.007108810128411899,0.8706945890692793
2791,2021-09-08,0.862548242294798,0.8609848623226637,0.8641848075988792,0.8662370382751232,0.038940774150737,-0.009142968900066828,-0.009709726746615632,-0.00731272695138141,-0.013815298180674396,-0.0022896675875707026,0.8609848623226637
2792,2021-09-09,0.8563973250721869,0.8703596667428455,0.8687274164990858,0.8698039226768093,0.050277420986758,-0.006150917222611074,0.009374804420181793,0.004542608900206635,0.0035668844016860657,0.011336646836021001,0.8703596667428455
2793,2021-09-10,0.8715248422124963,0.8787858706956274,0.8905550095003443,0.8905270210676235,0.0630134916280949,0.015127517140309354,0.00842620395278193,0.021827593001258472,0.02072309839081421,0.012736070641336902,0.8787858706956274
2794,2021-09-13,0.8852117694941207,0.8967545290268062,0.8906104589145147,0.8926787072718786,0.0607303941053378,0.013686927281624461,0.017968658331178777,5.54494141704609e-05,0.002151686204255099,-0.0022830975227570993,0.8967545290268062
2795,2021-09-14,0.8952413785408457,0.8964754900197772,0.8993082934688044,0.9004922695996521,0.0588677807306569,0.010029609046725008,-0.00027903900702896944,0.00869783455428963,0.007813562327773527,-0.0018626133746809034,0.8964754900197772
2796,2021-09-15,0.890752947432212,0.905069155135776,0.8988096663189221,0.90213426468754,0.0564138615227439,-0.004488431108633728,0.008593665115998794,-0.000498627149882247,0.0016419950878878709,-0.002453919207912998,0.905069155135776
2797,2021-09-16,0.8892568254589517,0.910203057516113,0.9096126848051436,0.9072301090266036,0.0556221687126943,-0.0014961219732603226,0.005133902380336952,0.01080301848622145,0.0050958443390636265,-0.0007916928100496004,0.910203057516113
2798,2021-09-17,0.9010598360889271,0.8989868410830376,0.9030202313508536,0.9021910491907956,0.1802858635200436,0.011803010629975463,-0.011216216433075354,-0.006592453454289937,-0.005039059835807991,0.12466369480734932,0.8989868410830376
2799,2021-09-20,0.8766783785484524,0.8733731181032597,0.8774253838547174,0.873710876176972,0.0972008238861276,-0.024381457540474716,-0.02561372297977793,-0.025594847496136275,-0.028480173013823662,-0.08308503963391602,0.8733731181032597
2800,2021-09-21,0.8726333513265424,0.8777258811794136,0.8780349213078326,0.8780708126091543,0.0836237849486385,-0.004045027221910025,0.004352763076153954,0.0006095374531152054,0.004359936432182354,-0.0135770389374891,0.8777258811794136
2801,2021-09-22,0.880612416684388,0.901162892229868,0.8968705640475825,0.8941506868031436,0.0495481437924385,0.00797906535784565,0.02343701105045437,0.018835642739749914,0.016079874193989263,-0.034075641156199994,0.901162892229868
2802,2021-09-23,0.8931911718027937,0.9216985017512151,0.9183659313090794,0.9126657496648888,0.0519495024818419,0.012578755118405671,0.020535609521347142,0.021495367261496923,0.018515062861745202,0.0024013586894034017,0.9216985017512151
2803,2021-09-24,0.9094823854573132,0.922423946530991,0.9179226994673332,0.926028167766162,0.0312373731566861,0.016291213654519465,0.0007254447797758745,-0.00044323184174621666,0.013362418101273255,-0.0207121293251558,0.922423946530991
2804,2021-09-27,0.9080416501847371,0.926776615209646,0.9203603528333376,0.919799918650284,0.0408789432707753,-0.0014407352725760436,0.004352668678655025,0.002437653366004433,-0.006228249115878048,0.009641570114089199,0.926776615209646
2805,2021-09-28,0.8959063333888467,0.8835850395445283,0.906233328605346,0.895906057658333,0.0699613351685714,-0.012135316795890416,-0.043191575665117776,-0.014127024227991614,-0.02389386099195101,0.029082391897796107,0.8835850395445283
2806,2021-09-29,0.8752377624424806,0.8541771034901493,0.8789767364171689,0.8658407872136943,0.073183951959686,-0.020668570946366094,-0.02940793605437897,-0.02725659218817711,-0.030065270444638692,0.003222616791114588,0.8541771034901493
2807,2021-09-30,0.8572283605581914,0.8565204270051987,0.8629102832279798,0.866066919482793,0.0464963486864797,-0.018009401884289233,0.0023433235150494003,-0.01606645318918909,0.0002261322690987333,-0.026687603273206295,0.8565204270051987
2808,2021-10-01,0.8566745319704332,0.8521680415190408,0.8569827716094306,0.8556489287199158,0.0702471329879669,-0.0005538285877582094,-0.004352385486157906,-0.005927511618549208,-0.010417990762877194,0.023750784301487207,0.8521680415190408
2809,2021-10-04,0.8360054507071714,0.8181837147133889,0.8391991059986372,0.825243527883392,0.089513848054111,-0.020669081263261835,-0.03398432680565189,-0.017783665610793364,-0.030405400836523877,0.019266715066144094,0.8181837147133889
2810,2021-10-05,0.8222633691758289,0.8259963349227041,0.828673288803673,0.8331705097444344,0.0817217511850754,-0.013742081531342487,0.007812620209315169,-0.01052581719496426,0.00792698186104246,-0.007792096869035606,0.8259963349227041
2811,2021-10-06,0.8091859000985931,0.8244894676462484,0.8208617066080331,0.8246772739831152,0.046765721343841,-0.013077469077235726,-0.001506867276455659,-0.007811582195639821,-0.008493235761319218,-0.034956029841234394,0.8244894676462484
2812,2021-10-07,0.8302426511480858,0.8328599770746234,0.8389221327465183,0.8437584936325341,0.051354911616203,0.021056751049492672,0.008370509428375028,0.01806042613848513,0.01908121964941889,0.004589190272362001,0.8328599770746234
2813,2021-10-08,0.8301321355263733,0.8155055632694045,0.8305017266996807,0.8220164911014611,0.0745505254409334,-0.00011051562171249252,-0.01735441380521896,-0.00842040604683758,-0.021742002531072946,0.023195613824730392,0.8155055632694045
2814,2021-10-11,0.8071358702263267,0.8030613297719045,0.8186459418743725,0.814259326328952,0.0475147087326016,-0.022996265300046614,-0.012444233497500012,-0.011855784825308247,-0.007757164772509095,-0.027035816708331793,0.8030613297719045
2815,2021-10-12,0.8026474388424093,0.7867668110854004,0.8069010354364505,0.7911015182309016,0.0797474467085617,-0.004488431383917413,-0.01629451868650411,-0.01174490643792192,-0.02315780809805046,0.032232737975960095,0.7867668110854004
2816,2021-10-13,0.7923962354945402,0.7840325403282635,0.7934389840330045,0.79291343814574,0.0792727595257727,-0.010251203347869109,-0.0027342707571368363,-0.01346205140344603,0.0018119199148384224,-0.0004746871827889937,0.7840325403282635
2817,2021-10-14,0.7923960003510342,0.8089204881370191,0.8037431512057918,0.807521297773733,0.060260634471159,-2.3514350599995737e-07,0.024887947808755584,0.01030416717278726,0.014607859627993047,-0.0190121250546137,0.8089204881370191
2818,2021-10-15,0.8109037460506555,0.8122686730288693,0.8141584329292252,0.8206573471278814,0.0465998272072954,0.018507745699621325,0.003348184891850181,0.010415281723433423,0.01313604935414836,-0.013660807263863602,0.8122686730288693
2819,2021-10-18,0.7984915695284837,0.8237642116614705,0.8183689327779455,0.8113717199641848,0.0392150743567085,-0.012412176522171858,0.011495538632601221,0.0042104998487203504,-0.00928562716369663,-0.007384752850586901,0.8237642116614705
2820,2021-10-19,0.8199916608368496,0.8353714225353828,0.8310002987454056,0.8331141407788809,0.0342530329061696,0.021500091308365943,0.011607210873912255,0.012631365967460062,0.02174242081469613,-0.004962041450538898,0.8353714225353828
2821,2021-10-20,0.8281925828394108,0.8357060616693197,0.8339916975109385,0.842399733738511,0.0443003045225041,0.008200922002561173,0.00033463913393694256,0.0029913987655328933,0.009285592959630051,0.0100472716163345,0.8357060616693197
2822,2021-10-21,0.8237595490731897,0.8483175675350387,0.8434097347176108,0.841720283554802,0.0302863562749046,-0.004433033766221062,0.01261150586571902,0.009418037206672336,-0.0006794501837089628,-0.014013948247599502,0.8483175675350387
2823,2021-10-22,0.8424887426617564,0.8392773078512948,0.8503899914791521,0.8464762711638983,0.0404058986041897,0.018729193588566728,-0.00904025968374389,0.006980256761541237,0.004755987609096346,0.010119542329285101,0.8392773078512948
2824,2021-10-25,0.839274937037068,0.8459737720324942,0.8459580089079037,0.848967620800417,0.0337504229479223,-0.003213805624688426,0.006696464181199402,-0.004431982571248327,0.002491349636518647,-0.0066554756562674025,0.8459737720324942
2825,2021-10-26,0.851354807900521,0.8235409615763476,0.8529384903848437,0.8351522343398213,0.056982172129128,0.012079870863452968,-0.022432810456146646,0.00698048147693997,-0.013815386460595658,0.0232317491812057,0.8235409615763476
2826,2021-10-27,0.7969400695877656,0.8076930374575884,0.8142693408104207,0.8077480504811037,0.0830390491802201,-0.05441473831275534,-0.015847924118759238,-0.03866914957442302,-0.02740418385871768,0.02605687705109211,0.8076930374575884
2827,2021-10-28,0.8104603961613778,0.8306836427352959,0.8350995835516591,0.828131164287458,0.0575882606081909,0.01352032657361213,0.022990605277707576,0.02083024274123846,0.02038311380635438,-0.025450788572029204,0.8306836427352959
2828,2021-10-29,0.8169992435621762,0.8268891464681978,0.8288948796263214,0.8332272136729599,0.0426117978653859,0.006538847400798464,-0.0037944962670981575,-0.0062047039253377845,0.0050960493855018996,-0.014976462742805001,0.8268891464681978
2829,2021-11-01,0.8267519120219484,0.8582506387642763,0.8585894226353414,0.8434190533182317,0.0675599764791679,0.009752668459772185,0.03136149229607854,0.02969454300902008,0.010191839645271816,0.024948178613781992,0.8582506387642763
2830,2021-11-02,0.8498033807689906,0.8792324652633723,0.8745445720792515,0.8681055145797708,0.0549323119072569,0.023051468747042225,0.020981826499095968,0.015955149443910077,0.02468646126153906,-0.012627664571910995,0.8792324652633723
2831,2021-11-03,0.8724115878531068,0.8902814093282287,0.8896133505151549,0.8832797355235964,0.0668044190255936,0.02260820708411615,0.011048944064856459,0.015068778435903374,0.01517422094382559,0.011872107118336701,0.8902814093282287
2832,2021-11-04,0.8935788409370898,0.9254371146989084,0.9210802990710808,0.8922255751664292,0.1086442342753711,0.02116725308398304,0.03515570537067969,0.03146694855592591,0.008945839642832798,0.04183981524977749,0.9254371146989084
2833,2021-11-05,0.9121976275152096,0.9571335293214208,0.9660654156108428,0.929255585269968,0.0996432454806166,0.018618786578119773,0.03169641462251238,0.044985116539762005,0.03703001010353879,-0.0090009887947545,0.9571335293214208
2834,2021-11-08,0.9687183598633464,0.939388215472864,0.969721847836414,0.9254055242585316,0.1222130606318431,0.056520732348136815,-0.01774531384855682,0.0036564322255712156,-0.0038500610114363676,0.02256981515122651,0.939388215472864
2835,2021-11-09,0.9323674562144796,0.9254371146989084,0.939140751790349,0.9250654723531916,0.080798657078752,-0.03635090364886684,-0.01395110077395556,-0.03058109604606507,-0.00034005190534003304,-0.0414144035530911,0.9254371146989084
2836,2021-11-10,0.9026665879268332,0.9035624766543184,0.9190860301777,0.9027571203343864,0.0971318382055839,-0.029700868287646398,-0.02187463804459,-0.020054721612648985,-0.02230835201880521,0.016333181126831894,0.9035624766543184
2837,2021-11-11,0.916852121407832,0.9319103287949848,0.9271743765720354,0.923480149730064,0.062216871269435,0.014185533480998824,0.028347852140666374,0.008088346394335422,0.020723029395677606,-0.03491496693614889,0.9319103287949848
2838,2021-11-12,0.9258290444490248,0.930236377945308,0.9377005003017312,0.937975138036146,0.0421354681663934,0.008976923041192797,-0.0016739508496768085,0.010526123729695858,0.01449498830608198,-0.0200814031030416,0.930236377945308
2839,2021-11-15,0.9387954220395098,0.9286738161444456,0.945234819270032,0.9391074457439949,0.0436367279763214,0.012966377590485023,-0.0015625618008624498,0.007534318968300702,0.0011323077078488897,0.0015012598099279975,0.9286738161444456
2840,2021-11-16,0.9146357670948744,0.9403926048621696,0.9363709899070678,0.9341249350655244,0.0438272598559184,-0.024159654944635456,0.011718788717724027,-0.008863829362964148,-0.004982510678470442,0.00019053187959700013,0.9403926048621696
2841,2021-11-17,0.9302618937300172,0.9247675532385374,0.9307199764952564,0.9349174289771126,0.0490504613828015,0.015626126635142845,-0.015625051623632147,-0.005651013411811401,0.000792493911588199,0.005223201526883103,0.9247675532385374
2842,2021-11-18,0.930762450746848,0.9324006294047644,0.9332222925630274,0.9306155633991344,0.0372966154311112,0.0005005570168308271,0.007633076166226993,0.00250231606777096,-0.004301865577978181,-0.011753845951690302,0.9324006294047644
2843,2021-11-19,0.9248722318290236,0.9253497026148392,0.932666753236694,0.9345901613232788,0.0421913137173098,-0.005890218917824486,-0.007050926789925249,-0.000555539326333343,0.003974597924144341,0.004894698286198602,0.9253497026148392
2844,2021-11-22,0.9196486595784924,0.925461469253649,0.9375554058021268,0.9325459187929972,0.0968411128375781,-0.005223572250531161,0.00011176663880985149,0.004888652565432805,-0.0020442425302815703,0.054649799120268294,0.925461469253649
2845,2021-11-23,0.920315657002713,0.9324006294047644,0.9308889691670016,0.9307291466082857,0.1104542871315425,0.0006669974242206056,0.006939160151115398,-0.006666436635125228,-0.0018167721847115459,0.0136131742939644,0.9324006294047644
2846,2021-11-24,0.913314054936297,0.9391157842907648,0.9333333495051316,0.92255281130534,0.0362306224150901,-0.0070016020664159795,0.006715154886000385,0.0024443803381299922,-0.008176335302945703,-0.07422366471645239,0.9391157842907648
2847,2021-11-26,0.9064235964697648,0.8961386797433634,0.911555573490828,0.9031342348570334,0.0525375232826671,-0.0068904584665322455,-0.042977104547401446,-0.02177777601430353,-0.01941857644830658,0.016306900867577002,0.8961386797433634
2848,2021-11-29,0.905423328275251,0.9445997125973744,0.9398887662535604,0.9251646083744084,0.0718091658974215,-0.0010002681945138203,0.048461032854011044,0.028333192762732384,0.022030373517375024,0.019271642614754406,0.9445997125973744
2849,2021-11-30,0.9320961348904334,0.9337437170204638,0.952777898193844,0.93686136428432,0.1214180827893867,0.026672806615182454,-0.010855995576910638,0.012889131940283516,0.011696755909911594,0.0496089168919652,0.9337437170204638
2850,2021-12-01,0.9423204752060708,0.9453832118390324,0.9881110982663772,0.9566204612705376,0.1011182250312899,0.010224340315637348,0.01163949481856863,0.035333200072533266,0.019759096986217584,-0.020299857758096812,0.9453832118390324
2851,2021-12-02,0.9213160570151454,0.9428092752339382,0.9476669097793236,0.9325462666151738,0.0693634592705257,-0.021004418190925356,-0.002573936605094196,-0.04044418848705367,-0.024074194655363756,-0.03175476576076419,0.9428092752339382
2852,2021-12-03,0.9539896909028832,0.9543367202211998,0.9694444359971638,0.9563933888983264,0.0908426436626797,0.03267363388773781,0.011527444987261548,0.021777526217840237,0.023847122283152555,0.021479184392154002,0.9543367202211998
2853,2021-12-06,0.946099114378359,0.9395634172309986,0.9506666868257831,0.9277765422601568,0.0779669591440519,-0.007890576524524184,-0.014773302990201187,-0.018777749171380642,-0.028616846638169546,-0.012875684518627806,0.9395634172309986
2854,2021-12-07,0.9515448505973232,0.994851654802317,0.9887778245386402,0.9705883337936052,0.0664069301043654,0.005445736218964159,0.0552882375713184,0.03811113771285701,0.042811791533448385,-0.011560029039686504,0.994851654802317
2855,2021-12-08,0.9833296250711668,0.9775040376170258,0.9850000125896432,0.9816034911791296,0.0634733961650531,0.03178477447384365,-0.01734761718529121,-0.0037778119489969564,0.011015157385524388,-0.0029335339393122967,0.9775040376170258
2856,2021-12-09,0.9636587085695894,0.9695579393441318,0.9893335117707692,0.9822849885037668,0.0832903541593437,-0.019670916501577485,-0.007946098272893942,0.0043334991811260215,0.0006814973246371814,0.019816957994290604,0.9695579393441318
2857,2021-12-10,0.9786620346409028,0.9751539174820488,0.987444649931202,0.9799002677498706,0.0546596542174888,0.015003326071313494,0.005595978137917013,-0.0018888618395672685,-0.0023847207538961745,-0.028630699941854902,0.9751539174820488
2858,2021-12-13,0.9712157713071584,0.9531056824368072,0.9749999885405036,0.9647967231117006,0.0459608884041641,-0.0074462633337444295,-0.02204823504524167,-0.01244466139069833,-0.015103544638169986,-0.008698765813324696,0.9531056824368072
2859,2021-12-14,0.933874246323238,0.9500839240964816,0.9485556881173286,0.947195252803621,0.0698167937426702,-0.037341524983920404,-0.0030217583403255865,-0.026444300423175027,-0.01760147030807957,0.023855905338506102,0.9500839240964816
2860,2021-12-15,0.9476551554566872,0.9842194756955231,0.9790002068543184,0.950602061358528,0.0739017315405816,0.013780909133449204,0.03413555159904158,0.030444518736989834,0.003406808554906937,0.0040849377979114004,0.9842194756955231
2861,2021-12-16,0.970882332198872,0.946054661249383,0.9795555390610796,0.9540086142185332,0.0775086971232971,0.023227176742184774,-0.03816481444614017,0.0005553322067611832,0.003406552860005241,0.0036069655827154906,0.946054661249383
2862,2021-12-17,0.9307623298773116,0.9441520796571408,0.95388884422199,0.947308619943368,0.1478658786968933,-0.04012000232156043,-0.001902581592242214,-0.025666694839089566,-0.006699994275165211,0.0703571815735962,0.9441520796571408
2863,2021-12-20,0.9228717050907204,0.9244542479393734,0.9277777577402216,0.9244833431604688,0.0507340404913094,-0.007890624786591194,-0.0196978317177674,-0.02611108648176841,-0.02282527678289925,-0.09713183820558391,0.9244542479393734
2864,2021-12-21,0.9350966113452888,0.9551201250653584,0.9502221492163098,0.9486713502731388,0.0924194592179651,0.012224906254568402,0.030665877125985008,0.02244439147608812,0.024188007112669996,0.0416854187266557,0.9551201250653584
2865,2021-12-22,0.9387642558145064,0.966648042040115,0.9604445815084198,0.9579833251008336,0.0419038733817109,0.0036676444692176347,0.011527916974756636,0.010222432292110062,0.009311974827694858,-0.0505155858362542,0.966648042040115
2866,2021-12-23,0.9641028955617004,0.9729151863958856,0.9721108831934658,0.9836473532894254,0.036031877954476,0.02533863974719397,0.006267144355770582,0.01166630168504601,0.025664028188591814,-0.005871995427234898,0.9729151863958856
2867,2021-12-27,0.9707713591687184,1.0,0.9936668029562494,0.991369703796177,0.0379618344934972,0.006668463607018005,0.02708481360411441,0.021555919762783593,0.007722350506751519,0.0019299565390211992,1.0
2868,2021-12-28,1.0,0.9852265082148008,1.0,0.996252609042672,0.0547746303517284,0.029228640831281627,-0.014773491785199155,0.006333197043750571,0.0048829052464950395,0.0168127958582312,0.9852265082148008
2869,2021-12-29,0.9807734802250248,0.987576817144776,0.9895555401245156,1.0,0.0238394801764719,-0.019226519774975248,0.00235030892997512,-0.010444459875484369,0.0037473909573280118,-0.030935150175256502,0.987576817144776
2870,2021-12-30,0.9802176967745332,0.9745941403130088,0.9843332334722524,0.9856915650073071,0.0272559138795904,-0.0005557834504915649,-0.012982676831767126,-0.005222306652263198,-0.014308434992692853,0.003416433703118501,0.9745941403130088
2871,2021-12-31,0.9715491881051274,0.974370323842892,0.973444462786535,0.9837610681363224,0.0238246975306411,-0.008668508669405828,-0.00022381647011682215,-0.010888770685717475,-0.001930496870984788,-0.003431216348949301,0.974370323842892
2872,2022-01-03,0.9726605838612103,0.9848908307083748,0.9833334002737334,0.987054343271674,0.0522895033359504,0.001111395756082989,0.010520506865482782,0.009888937487198435,0.003293275135351603,0.0284648058053093,0.9848908307083748
2873,2022-01-04,0.9824406493000926,0.9789591750640322,0.9885556965590706,0.9680900788776592,0.0497649559312902,0.009780065438882213,-0.005931655644342615,0.0052222962853372135,-0.018964264394014774,-0.002524547404660203,0.9789591750640322
2874,2022-01-05,0.9694377784142102,0.945942894610573,0.97700012882401,0.958778247645773,0.0693076137196093,-0.013002870885882367,-0.03301628045345917,-0.011555567735060612,-0.00931183123188617,0.01954265778831911,0.945942894610573
2875,2022-01-06,0.942098292429267,0.9546726809201226,0.9555556781115114,0.9583240013108412,0.0499242800030222,-0.02733948598494318,0.00872978630954957,-0.021444450712498564,-0.0004542463349318515,-0.019383333716587105,0.9546726809201226
2876,2022-01-07,0.9474328249663516,0.9169557826067132,0.9532223304669634,0.9295935763628626,0.0756789340726846,0.005334532537084602,-0.03771689831340941,-0.002333347644548067,-0.028730424947978617,0.025754654069662396,0.9169557826067132
2877,2022-01-10,0.8978661843749495,0.928147644485048,0.9235556017184527,0.9109698371061876,0.0602951273114309,-0.049566640591402145,0.011191861878334874,-0.029666728748510618,-0.01862373925667493,-0.015383806761253699,0.928147644485048
2878,2022-01-11,0.9167593362424534,0.9469502103223476,0.941444599168356,0.929025767247451,0.0586148332353298,0.018893151867503954,0.018802565837299556,0.017888997449903243,0.018055930141263388,-0.0016802940761010965,0.9469502103223476
2879,2022-01-12,0.9467659013120284,0.953889087280966,0.9606666174413936,0.9594594114573848,0.0512120127065053,0.030006565069574997,0.00693887695861839,0.0192220182730376,0.030433644209933775,-0.0074028205288245025,0.953889087280966
2880,2022-01-13,0.9562124584880102,0.9366535199269816,0.9644444706091236,0.9471951433005376,0.0609537763090032,0.009446557175981751,-0.01723556735398435,0.0037778531677300498,-0.012264268156847224,0.0097417636024979,0.9366535199269816
2881,2022-01-14,0.9204268160156388,0.9433687692104812,0.9375556189981428,0.9399273933068834,0.0656448025859775,-0.03578564247237137,0.006715249283499536,-0.02688885161098087,-0.0072677499936542045,0.0046910262769743055,0.9433687692104812
2882,2022-01-18,0.9136474896731762,0.8878567151690456,0.915333359637163,0.8982512450889906,0.0901708545354799,-0.006779326342462588,-0.055512054041435555,-0.022222259360979768,-0.04167614821789278,0.0245260519495024,0.8878567151690456
2883,2022-01-19,0.8887529838848728,0.8579741484897202,0.8936666170067926,0.8698614029667946,0.0698792093584003,-0.024894505788303434,-0.02988256667932543,-0.021666742630370384,-0.028389842122195974,-0.020291645177079612,0.8579741484897202
2884,2022-01-20,0.8601912444098416,0.8278679541352759,0.8666667734180908,0.8390870959148821,0.0860218586056351,-0.028561739475031156,-0.030106194354444282,-0.026999843588701777,-0.03077430705191253,0.01614264924723481,0.8278679541352759
2885,2022-01-21,0.8151810647005435,0.8207049775140437,0.845555497841101,0.8293208769069096,0.0989928090640614,-0.045010179709298104,-0.00716297662123222,-0.021111275576989885,-0.009766219007972476,0.012970950458426292,0.8207049775140437
2886,2022-01-24,0.7988441266386719,0.8377167283979111,0.8335555175975711,0.7900295337993588,0.1158992283458876,-0.016336938061871642,0.017011750883867416,-0.011999980243529884,-0.03929134310755078,0.016906419281826207,0.8377167283979111
2887,2022-01-25,0.8009557847214099,0.8118634245656842,0.8271111899183913,0.8145583577076309,0.0836960556615891,0.002111658082738055,-0.025853303832226948,-0.006444327679179795,0.024528823908272046,-0.03220317268429851,0.8118634245656842
2888,2022-01-26,0.8331851656807544,0.8325684775977271,0.8596667291101168,0.8261413111385097,0.0929171416276021,0.03222938095934447,0.020705053032042953,0.03255553919172549,0.011582953430878895,0.00922108596601301,0.8325684775977271
2889,2022-01-27,0.8301844488062468,0.7950754901519337,0.837444503462243,0.8017261185522847,0.090369598996094,-0.0030007168745076473,-0.037492987445793435,-0.022222225647873795,-0.024415192586225043,-0.0025475426315081096,0.7950754901519337
2890,2022-01-28,0.7883973537846825,0.8082818890563186,0.8035554853195984,0.7809447196924839,0.0761486937068634,-0.0417870950215643,0.013206398904384908,-0.033889018142644556,-0.020781398859800793,-0.01422090528923059,0.8082818890563186
2891,2022-01-31,0.8235161811414697,0.8671514733420047,0.8632221359939825,0.8365885721851621,0.1031746553179747,0.035118827356787286,0.058869584285686116,0.059666650674384036,0.055643852492678225,0.0270259616111113,0.8671514733420047
2892,2022-02-01,0.8606356917131744,0.8762170315554791,0.8715555825477099,0.859186973129849,0.0644014178199867,0.037119510571704706,0.009065558213474434,0.008333446553727475,0.022598400944686903,-0.038773237497988,0.8762170315554791
2893,2022-02-02,0.8805289755675614,0.8846109515636049,0.8835554827993545,0.8826936347257913,0.0763671483619185,0.019893283854386934,0.008393920008125777,0.011999900251644546,0.02350666159594228,0.011965730541931799,0.8846109515636049
2894,2022-02-03,0.8575239102680564,0.8301062132339441,0.8591111150962114,0.839200582963277,0.1372585090551918,-0.023005065299504968,-0.05450473832966085,-0.024444367703143066,-0.04349305176251428,0.06089136069327329,0.8301062132339441
2895,2022-02-04,0.8014003838240831,0.8190263067894173,0.8254445532489085,0.7999092888781452,0.1214640732430825,-0.05612352644397334,-0.011079906444526721,-0.03366656184730288,-0.03929129408513188,-0.015794435812109292,0.8190263067894173
2896,2022-02-07,0.8189598433140287,0.8242865130234094,0.8307778194997362,0.8260277758293968,0.0876298819687856,0.01755945948994564,0.0052602062339920375,0.00533326625082764,0.02611848695125163,-0.033834191274296904,0.8242865130234094
2897,2022-02-08,0.8177371771370686,0.8443199278501036,0.8414443915477694,0.8317055550526994,0.0820124765530811,-0.0012226661769600966,0.020033414826694185,0.01066657204803323,0.0056777792233025925,-0.0056174054157045045,0.8443199278501036
2898,2022-02-09,0.8525228705276944,0.8777840300387946,0.8724445398426243,0.8503294325860973,0.1199463882711203,0.03478569339062576,0.033464102188691,0.031000148294854868,0.018623877533397892,0.0379339117180392,0.8777840300387946
2899,2022-02-10,0.8456323694356677,0.8386121830733768,0.8735556676156592,0.8454463443329654,0.1062576582317984,-0.006890501092026713,-0.039171846965417756,0.0011111277730349034,-0.004883088253131884,-0.01368873003932189,0.8386121830733768
2900,2022-02-11,0.8328517651758945,0.7983211593598755,0.8404444621667371,0.8038837622690057,0.0952922200577508,-0.01278060425977312,-0.04029102371350135,-0.0331112054489221,-0.041562582063959685,-0.010965438174047604,0.7983211593598755
2901,2022-02-14,0.7988440166114286,0.79675416087656,0.8157776444284884,0.7977514352268695,0.0624583211513381,-0.03400774856446598,-0.0015669984833154293,-0.024666817738248636,-0.006132327042136176,-0.0328338989064127,0.79675416087656
2902,2022-02-15,0.809624348031796,0.8391717714474186,0.8358889615242238,0.8268226413195112,0.0646970707366028,0.010780331420367384,0.04241761057085858,0.020111317095735326,0.029071206092641688,0.002238749585264703,0.8391717714474186
2903,2022-02-16,0.8279617958073978,0.8449915660554523,0.8426666844108264,0.8379514786066407,0.0674055799560462,0.018337447775601867,0.005819794608033724,0.006777722886602611,0.011128837287129434,0.002708509219443392,0.8449915660554523
2904,2022-02-17,0.8251833016389342,0.7965303444064431,0.8287776952475895,0.8067226715766987,0.0798345000673431,-0.002778494168463652,-0.048461221649009234,-0.013888989163236887,-0.031228807029941907,0.012428920111296912,0.7965303444064431
2905,2022-02-18,0.7954485067984877,0.8062237403857327,0.8093217439630593,0.8028770570502902,0.0680248085647364,-0.0297347948404465,0.009693395979289643,-0.01945595128453015,-0.003845614526408525,-0.011809691502606703,0.8062237403857327
2906,2022-02-22,0.7910985583723935,0.8063358846145386,0.8161235098022208,0.805042204629224,0.0823771151502409,-0.004349948426094152,0.00011214422880589936,0.006801765839161478,0.0021651475789338237,0.014352306585504501,0.8063358846145386
2907,2022-02-23,0.8124010481378994,0.7896002936139809,0.820472160676537,0.7990019909132421,0.0743599935613364,0.02130248976550586,-0.01673559100055777,0.00434865087431624,-0.006040213715981957,-0.00801712158890451,0.7896002936139809
2908,2022-02-24,0.7528428724960569,0.8003828951354232,0.7966095830507861,0.7586587236439062,0.1771650827335411,-0.059558175641842515,0.010782601521442281,-0.023862577625750947,-0.0403432672693359,0.1028050891722047,0.8003828951354232
2909,2022-02-25,0.7931060870539748,0.8103793070864863,0.8057532508637781,0.7984322111544967,0.1223362493470998,0.040263214557917926,0.009996411951063155,0.009143667812992029,0.03977348751059051,-0.05482883338644129,0.8103793070864863
2910,2022-02-28,0.7941100087533033,0.7899374814803907,0.7998435399588242,0.7856684616760888,0.123643692245024,0.0010039216993285027,-0.020441825606095643,-0.005909710904953958,-0.01276374947840786,0.0013074428979241992,0.7899374814803907
2911,2022-03-01,0.7821759272297338,0.762643907807249,0.7874660687921695,0.7665223658762916,0.1203471622247553,-0.01193408152356945,-0.02729357367314167,-0.012377471166654663,-0.019146095799797203,-0.0032965300202686953,0.762643907807249
2912,2022-03-02,0.7633271547764973,0.7833106354547,0.788469726618597,0.7779189022906423,0.1202995292548561,-0.018848772453236573,0.020666727647451033,0.0010036578264275287,0.011396536414350678,-4.76329698992084e-05,0.7833106354547
2913,2022-03-03,0.7861911812693346,0.775448314962164,0.7869085820389767,0.7797422369547112,0.0711882947725279,0.022864026492837364,-0.00786232049253599,-0.0015611445796203105,0.0018233346640689208,-0.049111234482328195,0.775448314962164
2914,2022-03-04,0.759869591637788,0.7610715758652404,0.7672832754023391,0.7610521750411338,0.0728505211703913,-0.026321589631546627,-0.014376739096923608,-0.01962530663663764,-0.01869006191357747,0.0016622263978633978,0.7610715758652404
2915,2022-03-07,0.757081243643725,0.7316440051310704,0.7649415868324114,0.7416782751777604,0.1096806619997306,-0.002788347994063023,-0.029427570734170017,-0.002341688569927669,-0.019373899863373345,0.0368301408293393,0.7316440051310704
2916,2022-03-08,0.7286403350613819,0.7697198027356584,0.7863507707966869,0.732333000380011,0.1317100893200311,-0.02844090858234305,0.03807579760458801,0.02140918396427549,-0.009345274797749381,0.022029427320300485,0.7697198027356584
2917,2022-03-09,0.7907641267852353,0.7961149954108656,0.8010700812360829,0.7972927971177896,0.1102309049278771,0.062123791723853405,0.02639519267520718,0.014719310439396005,0.06495979673777852,-0.021479184392153988,0.7961149954108656
2918,2022-03-10,0.7728072535073762,0.7845460155240463,0.7838978297235294,0.7806538842034741,0.0592603421032748,-0.01795687327785911,-0.011568979886819264,-0.017172251512553527,-0.016638912914315407,-0.0509705628246023,0.7845460155240463
2919,2022-03-11,0.7914332131334404,0.775448314962164,0.7985053745754074,0.7852125512092804,0.0579594692701643,0.01862595962606417,-0.009097700561882305,0.014607544851877985,0.004558667005806205,-0.0013008728331104988,0.775448314962164
2920,2022-03-14,0.7666729929789745,0.765227236963493,0.7770959149825312,0.7656106797874257,0.0966982139278804,-0.024760220154465884,-0.010221077998671002,-0.021409459592876212,-0.019601871421854655,0.0387387446577161,0.765227236963493
2921,2022-03-15,0.7680114853194472,0.8044266007998677,0.8009585941802385,0.7838449905440535,0.0958408204696939,0.0013384923404726745,0.03919936383637468,0.023862679197707348,0.018234310756627847,-0.0008573934581865006,0.8044266007998677
2922,2022-03-16,0.8083860120051827,0.8395821173755494,0.8344106464165716,0.8151849136125093,0.1044968808617297,0.04037452668573549,0.03515551657568172,0.033452052236333074,0.03133992306845579,0.0086560603920358,0.8395821173755494
2923,2022-03-17,0.824335443959331,0.8471077691879201,0.8416589698557568,0.8411690242915623,0.0608502977881876,0.01594943195414833,0.007525651812370637,0.007248323439185245,0.02598411067905293,-0.0436465830735421,0.8471077691879201
2924,2022-03-18,0.8355999663605795,0.8681112127142858,0.8646293091360416,0.8448156891400297,0.1349458462407731,0.011264522401248533,0.02100344352636574,0.0229703392802848,0.003646664848467429,0.07409554845258551,0.8681112127142858
2925,2022-03-21,0.8574603072535171,0.8600242733728916,0.8648523073470046,0.8573518278574078,0.0853977024483346,0.021860340892937535,-0.008086939341394261,0.0002229982109629436,0.012536138717378131,-0.049548143792438507,0.8600242733728916
2926,2022-03-22,0.852999111849411,0.8580025621369177,0.8663019886185009,0.8678365316427783,0.0624763888295758,-0.004461195404106055,-0.002021711235973833,0.0014496812714963614,0.010484703785370475,-0.0229213136187588,0.8580025621369177
2927,2022-03-23,0.8467532041814392,0.8285749914027478,0.8501333056102643,0.8390035915069992,0.1338125100604117,-0.0062459076679718395,-0.029427570734169906,-0.016168683008236595,-0.028832940135779084,0.07133612123083591,0.8285749914027478
2928,2022-03-24,0.8304693103848634,0.8724914454626473,0.867416808656996,0.8450434824069315,0.088097999086761,-0.0162838937965758,0.04391645405989952,0.017283503046731652,0.0060398908999322876,-0.0457145109736507,0.8724914454626473
2929,2022-03-25,0.863817502172879,0.8666509778023337,0.8657442447239061,0.8663547705174632,0.0530976213080342,0.033348191788015624,-0.005840467660313653,-0.001672563933089899,0.021311288110531734,-0.0350003777787268,0.8666509778023337
2930,2022-03-28,0.8348190534780787,0.8699080691076538,0.8652981298893747,0.8530209224294983,0.0630726222114181,-0.028998448694800283,0.003257091305320148,-0.0004461148345313859,-0.013333848087964895,0.0099750009033839,0.8699080691076538
2931,2022-03-29,0.8793204264166823,0.8960783597415056,0.8931750229448546,0.8911988826566486,0.0736060786239656,0.04450137293860357,0.02617029063385179,0.027876893055479912,0.038177960227150254,0.010533456412547507,0.8960783597415056
2932,2022-03-30,0.8803244927222518,0.8580025621369177,0.8836971352883575,0.8665829197418823,0.0709928353443206,0.0010040663055694843,-0.0380757976045879,-0.009477887656497153,-0.02461596291476631,-0.002613243279645003,0.8580025621369177
2933,2022-03-31,0.856345033415696,0.8439627277139069,0.8625106920056582,0.8549585377312108,0.0790280246114627,-0.02397945930655576,-0.014039834423010822,-0.021186443282699252,-0.011624382010671508,0.008035189267142098,0.8439627277139069
2934,2022-04-01,0.8439648478355352,0.8308213686863295,0.8473455685886242,0.8341030843047705,0.0717155424738265,-0.012380185580160852,-0.013141359027577404,-0.015165123417034021,-0.02085545342644024,-0.007312482137636203,0.8308213686863295
2935,2022-04-04,0.8289077895083388,0.8354261730847998,0.8414354650806003,0.8378636146678202,0.0566569539208504,-0.015057058327196393,0.00460480439847033,-0.005910103508023901,0.0037605303630496856,-0.0150585885529761,0.8354261730847998
2936,2022-04-05,0.8206547541681304,0.7872417721015932,0.8266052800926605,0.7974067502811185,0.0982848845803863,-0.008253035340208381,-0.04818440098320664,-0.014830184987939754,-0.04045686438670171,0.0416279306595359,0.7872417721015932
2937,2022-04-06,0.7690150280683772,0.7669119019293055,0.78222511532496,0.7768929648479327,0.1196425227734871,-0.0516397260997532,-0.020329870172287712,-0.04438016476770057,-0.020513785433185827,0.021357638193100797,0.7669119019293055
2938,2022-04-07,0.7612078210050851,0.7659010935100681,0.7717434019599617,0.7588866411198699,0.0765199023688368,-0.0078072070632920765,-0.0010108084192373967,-0.010481713364998257,-0.018006323728062767,-0.0431226204046503,0.7659010935100681
2939,2022-04-08,0.7540698008079015,0.7448975083874538,0.756801476855395,0.7535304422656364,0.06889041460394,-0.00713802019718357,-0.021003585122614243,-0.014941925104566711,-0.0053561988542335515,-0.007629487764896789,0.7448975083874538
2940,2022-04-11,0.730313548160286,0.7391693265521946,0.7434206206237198,0.7429318760800202,0.0700040405898604,-0.023756252647615494,-0.0057281818352592495,-0.013380856231675176,-0.010598566185616165,0.001113625985920394,0.7391693265521946
2941,2022-04-12,0.747824106940332,0.7353505229291053,0.75512893508183,0.741906145041224,0.0539008117315077,0.017510558780045926,-0.003818803623089284,0.011708314458110158,-0.0010257310387962182,-0.0161032288583527,0.7353505229291053
2942,2022-04-13,0.7337708257246818,0.7498394534535844,0.7467656802406987,0.7437294219511419,0.0619360009986498,-0.014053281215650193,0.014488930524479082,-0.008363254841131318,0.0018232769099179036,0.008035189267142098,0.7498394534535844
2943,2022-04-14,0.747712377931458,0.7325423861290049,0.7479922876977129,0.7422478517510335,0.0677915712638505,0.013941552206776175,-0.017297067324579474,0.001226607457014195,-0.0014815702001084174,0.005855570265200706,0.7325423861290049
2944,2022-04-18,0.7249599298763586,0.7552308722111792,0.7605927571724442,0.7407664996757221,0.1110078150920958,-0.02275244805509935,0.02268848608217433,0.012600469474731368,-0.001481352075311415,0.04321624382824529,0.7552308722111792
2945,2022-04-19,0.7528429365248095,0.7738757470264079,0.7714089306026946,0.7635592465108668,0.0653064442480725,0.027883006648450892,0.018644874815228696,0.01081617343025032,0.02279274683514476,-0.0457013708440233,0.7738757470264079
2946,2022-04-20,0.7772686099535744,0.7766837894290094,0.7902538029859775,0.7848706343812306,0.0617816044755281,0.024425673428764894,0.0028080424026014628,0.018844872383282918,0.021311387870363796,-0.0035248397725443983,0.7766837894290094
2947,2022-04-21,0.7811721874016406,0.7594990079294843,0.7904767442060099,0.7661804973319624,0.0642305961348308,0.003903577448066242,-0.01718478149952507,0.00022294122003241323,-0.01869013704926825,0.0024489916593027003,0.7594990079294843
2948,2022-04-22,0.7529545143266791,0.7420895603823514,0.7565784336672596,0.7515930063841268,0.0780441574056128,-0.02821767307496148,-0.017409447547132917,-0.033898310538750254,-0.014587490947835513,0.013813561270781996,0.7420895603823514
2949,2022-04-25,0.7332132492139141,0.7648902378920812,0.7605927086170962,0.7469205225780653,0.0808002995949555,-0.019741265112765083,0.022800677509729805,0.004014274949836527,-0.004672483806061556,0.0027561421893426974,0.7648902378920812
2950,2022-04-26,0.7486047147520211,0.7319808154074843,0.7510030109829259,0.7423618978679348,0.0834956686847715,0.015391465538106996,-0.03290942248459694,-0.00958969763417028,-0.0045586247101304656,0.002695369089816005,0.7319808154074843
2951,2022-04-27,0.7085646273349735,0.7232200195195149,0.7399638405958706,0.7218484225980923,0.0872849535660669,-0.040040087417047565,-0.008760795887969408,-0.011039170387055264,-0.020513475269842485,0.0037892848812954016,0.7232200195195149
2952,2022-04-28,0.7337708992203271,0.7657887604862642,0.7690672554538222,0.7379173049096559,0.0798969156830732,0.025206271885353626,0.04256874096674934,0.029103414857951537,0.01606888231156356,-0.007388037882993706,0.7657887604862642
2953,2022-04-29,0.7517276148609723,0.7323177672801465,0.7636034231418773,0.7401965624990743,0.0794600063729628,0.01795671564064516,-0.03347099320611768,-0.005463832311944805,0.002279257589418382,-0.0004369093101103949,0.7323177672801465
2954,2022-05-02,0.7320979524601178,0.7621946229107828,0.7572475438305154,0.7404245833182526,0.0916639017643909,-0.01962966240085451,0.029876855630636245,-0.006355879311361945,0.0002280208191782762,0.012203895391428105,0.7621946229107828
2955,2022-05-03,0.7528428998951391,0.7659010935100681,0.7653874778244495,0.7587727396610999,0.0661917604817171,0.02074494743502131,0.0037064705992853053,0.00813993399393409,0.018348156342847366,-0.025472141282673805,0.7659010935100681
2956,2022-05-04,0.7617656792966477,0.7940931897773927,0.7895847538475349,0.7566075564215702,0.0867297830893101,0.008922779401508651,0.028192096267324662,0.024197276023085412,-0.0021651832395297443,0.020538022607593007,0.7940931897773927
2957,2022-05-05,0.7729188022398266,0.7648902378920812,0.7813331120952541,0.7648128780270211,0.1224282302544914,0.011153122943178828,-0.029202951885311523,-0.00825164175228077,0.008205321605450955,0.03569844716518129,0.7648902378920812
2958,2022-05-06,0.7523968547929806,0.7588250569854103,0.7654991050214927,0.7555818544956705,0.0682908961896909,-0.02052194744684599,-0.006065180906670964,-0.01583400707376148,-0.009231023531350635,-0.054137334064800494,0.7588250569854103
