,date,open,close,high,low,volume,dopen,dclose,dhigh,dlow,dvolume,price
0,2010-12-15,0.3330494656858565,0.3353078784966501,0.3398585994448578,0.334925800703805,0.3202655994178643,0.3330494656858565,0.3353078784966501,0.3398585994448578,0.334925800703805,0.3202655994178643,0.3353078784966501
1,2010-12-16,0.3335808694904301,0.3354407389340247,0.3315312955503843,0.3323874844490573,0.1228202396112165,0.0005314038045735603,0.0001328604373745934,-0.008327303894473503,-0.002538316254747708,-0.1974453598066478,0.3354407389340247
2,2010-12-17,0.3345107282379862,0.3380976184931195,0.3311408773718619,0.3351929296918315,0.125289118740092,0.0009298587475561337,0.0026568795590947714,-0.00039041817852242255,0.002805445242774207,0.002468879128875487,0.3380976184931195
3,2010-12-20,0.3392932248406707,0.3396917681744695,0.3346539398878365,0.3402695624537045,0.1289534551313703,0.004782496602684483,0.001594149681350021,0.0035130625159746076,0.005076632761872979,0.0036643363912783056,0.3396917681744695
4,2010-12-21,0.3424815925978804,0.3422158970256555,0.3355647605407008,0.339868794731297,0.1196366849450349,0.003188367757209709,0.002524128851186025,0.000910820652864297,-0.00040076772240749126,-0.009316770186335394,0.3422158970256555
5,2010-12-22,0.3398246397270725,0.3380976184931195,0.3330925917768041,0.3393344126812483,0.1145300033784661,-0.002656952870807916,-0.004118278532536046,-0.002472168763896665,-0.0005343820500486873,-0.0051066815665688076,0.3380976184931195
6,2010-12-24,0.3334479109530244,0.337034800831802,0.3310107283467769,0.3346585096758043,0.0774968164453338,-0.006376728774048102,-0.0010628176613174944,-0.0020818634300271976,-0.004675903005444015,-0.0370331869331323,0.337034800831802
7,2010-12-27,0.3376990556716507,0.3408874023813752,0.3353045154472691,0.3393343931272253,0.0445437771251851,0.00425114471862631,0.0038526015495732313,0.0042937871004921635,0.0046758834514210035,-0.032953039320148696,0.3408874023813752
8,2010-12-28,0.3386290223070815,0.3382304789304941,0.332442032742144,0.3393344253726845,0.0341095142805166,0.0009299666354307679,-0.002656923450881088,-0.002862482705125069,3.224545919167099e-08,-0.010434262844668502,0.3382304789304941
9,2010-12-29,0.337566219640984,0.3400903275407002,0.3330925841756652,0.3375976540462584,0.041022375841368,-0.0010628026660974843,0.0018598486102060496,0.0006505514335211626,-0.0017367713264260787,0.006912861560851406,0.3400903275407002
10,2010-12-30,0.3367691001444888,0.3349092313468467,0.3328323231862816,0.3353264856143257,0.0777047220561864,-0.0007971194964951911,-0.005181096193853485,-0.0002602609893835872,-0.002271168431932702,0.036682346214818404,0.3349092313468467
11,2011-01-04,0.338894608647562,0.3416844113843706,0.3369959245588032,0.337864757925671,0.0693235271186881,0.0021255085030731924,0.00677518003752392,0.004163601372521586,0.002538272311345291,-0.00838119493749831,0.3416844113843706
12,2011-01-05,0.3378318891961713,0.3388946713879013,0.3328323299660423,0.3370632432025751,0.0883728787130642,-0.0010627194513906923,-0.0027897399964693093,-0.004163594592760889,-0.0008015147230959196,0.01904935159437611,0.3388946713879013
13,2011-01-06,0.3440757085461177,0.3446070996017873,0.3382971041650184,0.3428078543935762,0.1129447230957145,0.006243819349946389,0.005712428213886012,0.005464774198976119,0.005744611191001114,0.024571844382650296,0.3446070996017873
14,2011-01-07,0.3443414158349316,0.3438100247611124,0.337516430067894,0.3445446167878077,0.0584474648509576,0.00026570728881392114,-0.0007970748406749273,-0.0007806740971244008,0.0017367623942314836,-0.0544972582447569,0.3438100247611124
15,2011-01-11,0.3407545528828961,0.3424815740086184,0.3363454280399236,0.3421399119744289,0.0893604303646144,-0.00358686295203553,-0.0013284507524939926,-0.0011710020279703803,-0.0024047048133787885,0.030912965513656798,0.3424815740086184
16,2011-01-12,0.3427472026696437,0.3415515728928892,0.3372561622134375,0.3429414223422997,0.0883728787130642,0.0019926497867476245,-0.0009300011157292176,0.0009107341735138941,0.0008015103678707947,-0.000987551651550192,0.3415515728928892
17,2011-01-13,0.3454042963640912,0.3586890769934793,0.3516989862474976,0.3453462923923291,0.2560487538657449,0.0026570936944474988,0.017137504100590117,0.014442824034060109,0.0024048700500294284,0.16767587515268068,0.3586890769934793
18,2011-01-14,0.3520466938723954,0.3460685424670151,0.3510484218590232,0.3477510319016685,0.2500584734530523,0.006642397508304199,-0.012620534526464222,-0.0006505643884744394,0.002404739509339393,-0.005990280412692561,0.3460685424670151
19,2011-01-17,0.3460684774191188,0.3469984119073852,0.3411596697941079,0.3461478118704317,0.0576808129109384,-0.005978216453276619,0.0009298694403701013,-0.009888752064915296,-0.0016032200312368072,-0.19237766054211392,0.3469984119073852
20,2011-01-18,0.342481625931452,0.3448728863142162,0.3393381080528754,0.3444110998803615,0.0602536448452402,-0.003586851487666798,-0.0021255255931689754,-0.0018215617412324914,-0.0017367119900701944,0.0025728319343018002,0.3448728863142162
21,2011-01-19,0.3460684874513936,0.3477955086939533,0.3429812798044374,0.3454798407743521,0.0942851945216871,0.003586861519941642,0.0029226223797371165,0.00364317175156198,0.0010687408939906162,0.0340315496764469,0.3477955086939533
22,2011-01-20,0.347928329448343,0.3491239594464473,0.3436318245763259,0.3474837571673578,0.1234699446451311,0.0018598419969493851,0.0013284507524939926,0.0006505447718885282,0.002003916393005678,0.029184750123444,0.3491239594464473
23,2011-01-21,0.345537084268901,0.3373005217065513,0.3406392106464338,0.338265632785529,0.2100626315652693,-0.002391245179442003,-0.011823437739896026,-0.002992613929892085,-0.009218124381828785,0.0865926869201382,0.3373005217065513
24,2011-01-24,0.3367690805589075,0.3342449730517599,0.33153116112508,0.3313185800634879,0.1598924088463837,-0.008768003709993533,-0.003055548654791407,-0.0091080495213538,-0.006947052722041103,-0.050170222718885604,0.3342449730517599
25,2011-01-25,0.3335807077145253,0.3415515728928892,0.3354345625718526,0.3347920546902232,0.1456898568050105,-0.00318837284438217,0.007306599841129302,0.003903401446772592,0.0034734746267353067,-0.01420255204137319,0.3415515728928892
26,2011-01-26,0.3379647707058923,0.3380976184931195,0.33244202030849,0.3374640655247375,0.0817069050651004,0.00438406299136701,-0.0034539543997696986,-0.0029925422633625964,0.0026720108345142934,-0.06398295173991012,0.3380976184931195
27,2011-01-27,0.340621660690173,0.3355734457501471,0.3353044700353438,0.3374640003740915,0.1005613451493022,0.002656889984280708,-0.002524172742972397,0.0028624497268537885,-6.515064598922038e-08,0.018854440084201812,0.3355734457501471
28,2011-01-28,0.3338464643258739,0.3343778554350277,0.3310107383143711,0.3338569424604206,0.0850853712414563,-0.00677519636429913,-0.0011955903151193992,-0.004293731720972693,-0.0036070579136709413,-0.0154759739078459,0.3343778554350277
29,2011-01-31,0.3313224609455292,0.3322523956795383,0.3282784417809422,0.3277116197992701,0.1330465968450323,-0.002524003380344697,-0.0021254597554893895,-0.002732296533428935,-0.006145322661150476,0.047961225603576005,0.3322523956795383
30,2011-02-01,0.330658149663012,0.3317209319841466,0.3282783701136812,0.3322538200212225,0.0859039995841887,-0.0006643112825172048,-0.0005314636953916985,-7.166726095908516e-08,0.004542200221952397,-0.047142597260843605,0.3317209319841466
31,2011-02-02,0.3371677523532735,0.3374334479816054,0.3343938025216759,0.3363953639351366,0.1172457704202292,0.006509602690261518,0.005712515997458811,0.00611543240799467,0.004141543913914081,0.03134177083604049,0.3374334479816054
32,2011-02-03,0.3347764197165846,0.3369019842862137,0.3306204161522019,0.3346585406955577,0.0891005483510486,-0.002391332636688892,-0.0005314636953916985,-0.0037733863694739966,-0.0017368232395788552,-0.028145222069180603,0.3369019842862137
33,2011-02-04,0.3435444256095148,0.342747338775154,0.340769382556555,0.3446783096978309,0.0947529821461056,0.008768005892930197,0.005845354488940302,0.010148966404353088,0.010019769002273193,0.005652433795057005,0.342747338775154
34,2011-02-07,0.3491239672170071,0.3436772082155241,0.3419403464923773,0.343743070777136,0.0781984978819615,0.0055795416074923,0.0009298694403701013,0.0011709639358223334,-0.0009352389206949141,-0.016554484264144104,0.3436772082155241
35,2011-02-08,0.3480612596021418,0.3460685424670151,0.3416801911793161,0.3456134919437635,0.1164791184802099,-0.0010627076148653214,0.002391334251490962,-0.00026015531306122774,0.0018704211666275006,0.03828062059824841,0.3460685424670151
36,2011-02-09,0.3492569120731676,0.35138247715235,0.34493307096945,0.3510909603923706,0.1473531016918319,0.001195652471025821,0.00531393468533492,0.003252879790133889,0.005477468448607081,0.030873983211622005,0.35138247715235
37,2011-02-10,0.3487254812155486,0.3481940900060772,0.3442824602696912,0.3478846107594344,0.1119961537461992,-0.0005314308576190307,-0.0031883871462727864,-0.0006506106997587469,-0.0032063496329362007,-0.03535694794563271,0.3481940900060772
38,2011-02-14,0.3483269364778835,0.3507181969113701,0.3448029161865587,0.3460142620680325,0.1434678655890225,-0.00039854473766509635,0.0025241069052928666,0.0005204559168674461,-0.0018703486914019019,0.0314717118428233,0.3507181969113701
39,2011-02-15,0.3508509473255479,0.3473969054359363,0.344152249118297,0.3484188976786805,0.0973258140804075,0.002524010847664404,-0.003321291475433752,-0.0006506670682616678,0.0024046356106480204,-0.046142051508615,0.3473969054359363
40,2011-02-16,0.3480612827868651,0.3479284349690075,0.3448029577069014,0.3480182475782634,0.1377244730892175,-0.00278966453868279,0.0005315295330711733,0.0006507085886043873,-0.00040065010041712146,0.04039865900881001,0.3479284349690075
41,2011-02-17,0.3499211401290301,0.3487255098096826,0.344152374180354,0.3482854280395566,0.1643363912783596,0.0018598573421649833,0.0007970748406750938,-0.0006505835265473991,0.00026718046129320383,0.026611918189142103,0.3487255098096826
42,2011-02-18,0.3491239721014393,0.3492568198838219,0.3438920656100757,0.3497549055129803,0.1101509914498817,-0.0007971680275907778,0.0005313100741393129,-0.00026030857027831145,0.001469477473423686,-0.054185399828477906,0.3492568198838219
43,2011-02-21,0.348326909897076,0.3485926054805215,0.3427210611056144,0.3470830055035931,0.0765222588944619,-0.0007970622043633191,-0.0006642144033003894,-0.0011710045044612816,-0.0026719000093871625,-0.0336287325554198,0.3485926054805215
44,2011-02-22,0.3435442891874801,0.3415515728928892,0.3380368477741168,0.3392007289938055,0.0892174952571532,-0.004782620709595897,-0.007041032587632334,-0.0046842133314976,-0.007882276509787622,0.012695236362691292,0.3415515728928892
45,2011-02-23,0.3422158920878295,0.3400903275407002,0.3392079558382653,0.3406703671618358,0.0924790145274045,-0.0013283970996506023,-0.001461245352189,0.0011711080641484961,0.0014696381680303072,0.003261519270251298,0.3400903275407002
46,2011-02-24,0.3403560054130079,0.3343778554350277,0.3367357668072297,0.3347921159687131,0.2024480885677902,-0.0018598866748215648,-0.005712472105672495,-0.0024721890310355765,-0.0058782511931226855,0.10996907404038571,0.3343778554350277
47,2011-02-25,0.3374333685199703,0.3398246286118441,0.3354346380910973,0.3375976507078158,0.1514852257075288,-0.0029226368930376223,0.005446773176816411,-0.0013011287161324159,0.0028055347391026664,-0.050962862860261415,0.3398246286118441
48,2011-02-28,0.3418173869362397,0.3448728863142162,0.3382971936109953,0.3410711939466885,0.1383092076197406,0.004384018416269397,0.005048257702372105,0.0028625555198980024,0.0034735432388727228,-0.013176018087788177,0.3448728863142162
49,2011-03-01,0.3586889951255458,0.3617444939729116,0.3643199913910437,0.3603089895542349,0.5120325372280985,0.01687160818930611,0.016871607658695387,0.0260227977800484,0.019237795607546404,0.37372332960835786,0.3617444939729116
50,2011-03-02,0.3551022014809185,0.3484598108808265,0.3489666006821669,0.34922059849153,0.2080225577587775,-0.0035867936446273285,-0.013284683092085081,-0.015353390708876813,-0.011088391062704928,-0.30400997946932096,0.3484598108808265
51,2011-03-03,0.3472640806011363,0.3552349470265641,0.3493568430618042,0.3484189206851208,0.1390238831570467,-0.007838120879782196,0.006775136145737604,0.0003902423796373067,-0.0008016778064091623,-0.06899867460173081,0.3552349470265641
52,2011-03-04,0.3606817518240815,0.3570948614744497,0.3552120310577249,0.3581714899080325,0.1254580420489097,0.013417671222945238,0.00185991444788558,0.005855187995920719,0.009752569222911678,-0.013565841108136995,0.3570948614744497
53,2011-03-07,0.3517809833652248,0.3475298536568836,0.3466245204782555,0.348552594633371,0.0918293094934899,-0.008900768458856734,-0.009565007817566085,-0.008587510579469437,-0.009618895274661476,-0.0336287325554198,0.3475298536568836
54,2011-03-08,0.3473968565058907,0.3512494411478299,0.3450630004201184,0.3486860409732516,0.0768211232100626,-0.004384126859334092,0.003719587490946308,-0.0015615200581370892,0.00013344633988060517,-0.015008186283427302,0.3512494411478299
55,2011-03-09,0.3578918392727466,0.3580246870230334,0.3541710088675934,0.3580377846885547,0.1239767145715845,0.010494982766855898,0.006775245875203506,0.009108008447475002,0.009351743715303062,0.047155591361521906,0.3580246870230334
56,2011-03-10,0.3584232787871703,0.3497881738497477,0.3510483142030721,0.3512244266233047,0.069856285246498,0.0005314395144236927,-0.00823651317328572,-0.0031226946645213083,-0.006813358065249964,-0.0541204293250865,0.3497881738497477
57,2011-03-11,0.3431458434645154,0.3414188221849805,0.3411596869882412,0.342941519820176,0.4977130382806206,-0.015277435322654909,-0.00836935166476721,-0.009888627214830914,-0.008282906803128709,0.42785675303412257,0.3414188221849805
58,2011-03-14,0.3278683644568118,0.3104653029722727,0.3212522161174818,0.3122144032707081,0.2280464669040255,-0.015277479007703598,-0.03095351921270778,-0.01990747087075939,-0.030727116549467914,-0.2696665713765951,0.3104653029722727
59,2011-03-15,0.3002360147809895,0.2635700235953465,0.2982219766178132,0.2559703813316392,0.39402011486785,-0.027632349675822288,-0.046895279376926224,-0.023030239499668592,-0.05624402193906891,0.1659736479638245,0.2635700235953465
60,2011-03-16,0.2656956093966416,0.2801760201087586,0.2761025674634615,0.2671924860692987,0.4452428597416772,-0.03454040538434788,0.016605996513412102,-0.022119409154351677,0.0112221047376595,0.05122274487382722,0.2801760201087586
61,2011-03-17,0.2625072814150865,0.2730022587591107,0.2712883579426542,0.2585087493087967,0.3660308220068089,-0.0031883279815551058,-0.007173761349647867,-0.0048142095208073,-0.008683736760501992,-0.07921203773486829,0.2730022587591107
62,2011-03-18,0.2732679088844805,0.2789803639559597,0.2828684853521086,0.2736050803236814,0.3638608071935341,0.01076062746939399,0.005978105196848993,0.01158012740945441,0.015096331014884723,-0.0021700148132748343,0.2789803639559597
63,2011-03-22,0.2856227062720335,0.3028929164187146,0.2978315803776265,0.2849607127346667,0.3901868551677538,0.012354797387553018,0.023912552462754866,0.014963095025517903,0.011355632410985306,0.026326047974219724,0.3028929164187146
64,2011-03-23,0.3020958757987544,0.2900067268551807,0.2965304827609223,0.2897702203660199,0.2647937836222355,0.0164731695267209,-0.012886189563533879,-0.0013010976167042165,0.004809507631353183,-0.12539307154551832,0.2900067268551807
65,2011-03-24,0.2917337870836948,0.2869512659839621,0.2883333205495913,0.2881671040945279,0.1943917461472491,-0.010362088715059614,-0.003055460871218607,-0.008197162211330988,-0.001603116271492011,-0.07040203747498638,0.2869512659839621
66,2011-03-25,0.287349740973649,0.2772533099454486,0.2814371948630801,0.2748074139780536,0.3258920450115647,-0.004384046110045781,-0.009697956038513478,-0.006896125686511212,-0.01335969011647431,0.1315002988643156,0.2772533099454486
67,2011-03-28,0.2787147147818075,0.2730022587591107,0.2729798441072847,0.2722691633546912,0.1455209334961927,-0.008635026191841533,-0.004251051186337895,-0.0084573507557954,-0.0025382506233623814,-0.18037111151537202,0.2730022587591107
68,2011-03-29,0.2735375055545241,0.2763478223924131,0.2740694996884455,0.2546226218981974,0.2627017334130305,-0.005177209227283375,0.0033455636333024064,0.0010896555811608089,-0.017646541456493803,0.1171807999168378,0.2763478223924131
69,2011-03-30,0.2742066611524921,0.2855817544653089,0.2797055866779569,0.2714449732118227,0.1737701083707996,0.0006691555979679853,0.0092339320728958,0.005636086989511402,0.016822351313625306,-0.0889316250422309,0.2855817544653089
70,2011-03-31,0.2883920242060044,0.2873214273644044,0.2837687420633953,0.2843644690455627,0.1387510070428025,0.014185363053512312,0.0017396728990954902,0.004063155385438388,0.012919495833739969,-0.0350191013279971,0.2873214273644044
71,2011-04-01,0.289061143137927,0.2829052113859156,0.2842930220868522,0.2840953079285427,0.1737701083707996,0.0006691189319226187,-0.004416215978488791,0.0005242800234568912,-0.00026916111701996703,0.0350191013279971,0.2829052113859156
72,2011-04-04,0.2859831330593226,0.2849125363983611,0.2854726170589567,0.2862485204006313,0.1368538683437719,-0.0030780100786044207,0.0020073250124454933,0.001179594972104514,0.002153212472088606,-0.0369162400270277,0.2849125363983611
73,2011-04-05,0.2843773127607075,0.2837081896718588,0.2806230641214634,0.2834224458401138,0.1451181163751656,-0.0016058202986151127,-0.0012043467265023255,-0.00484955293749334,-0.002826074560517533,0.008264248031393723,0.2837081896718588
74,2011-04-06,0.2885257984567683,0.2827713414374542,0.2828511956118059,0.2827494771395754,0.14059616933912,0.0041484856960608,-0.000936848234404597,0.002228131490342511,-0.0006729687005384011,-0.004521947036045609,0.2827713414374542
75,2011-04-07,0.2877228911811912,0.2823699071592156,0.2818026670828128,0.2835569879116946,0.1045245458561812,-0.0008029072755770805,-0.00040143427823857714,-0.0010485285289930646,0.0008075107721192132,-0.0360716234829388,0.2823699071592156
76,2011-04-08,0.2822361028004576,0.2842434719526657,0.2812784032241366,0.2784430232869331,0.2819979729202941,-0.0054867883807336315,0.0018735647934500776,-0.0005242638586762105,-0.005113964624761491,0.1774734270641129,0.2842434719526657
77,2011-04-11,0.2839758495140684,0.2887935359337227,0.2850794896129466,0.2853065563263829,0.1152056966137373,0.0017397467136108236,0.0045500639810570065,0.0038010863888099933,0.0068635330394498095,-0.1667922763065568,0.2887935359337227
78,2011-04-12,0.2829051791597203,0.2819684070432974,0.2777394399168943,0.2807308123317415,0.1428571428571428,-0.0010706703543481022,-0.006825128890425303,-0.0073400496960522865,-0.00457574399464139,0.0276514462434055,0.2819684070432974
79,2011-04-13,0.2810316552839084,0.2838419718367475,0.2794433831031543,0.2812691468235849,0.1003664336391278,-0.001873523875811911,0.0018735647934500776,0.001703943186259993,0.000538334491843373,-0.042490709218014996,0.2838419718367475
80,2011-04-14,0.2812993145670861,0.2847787542334725,0.2800987481738094,0.2824803638059581,0.0945710647366095,0.0002676592831777347,0.0009367823967250111,0.0006553650706551117,0.0012112169823731977,-0.005795368902518291,0.2847787542334725
81,2011-04-15,0.2823699245339096,0.2839758198393157,0.2790501930863828,0.282076641306772,0.0726370227916525,0.0010706099668234548,-0.0008029343941567957,-0.001048555087426628,-0.0004037224991860766,-0.021934041944957003,0.2839758198393157
82,2011-04-18,0.2849126475496737,0.2850464721845021,0.2811473840586375,0.2847682677323799,0.0751838665245978,0.0025427230157641367,0.0010706523451863847,0.002097190972254692,0.002691626425607885,0.0025468437329452948,0.2850464721845021
83,2011-04-19,0.2803625500477481,0.2794257778041518,0.2766909095139113,0.2792504864185292,0.1160503131578263,-0.004550097501925587,-0.0056206943803502885,-0.004456474544726197,-0.005517781313850723,0.0408664466332285,0.2794257778041518
84,2011-04-20,0.2806302281177685,0.282102298937652,0.2776084351552919,0.2800579865032787,0.1028613009693599,0.0002676780700203718,0.002676521133500198,0.0009175256413805899,0.0008075000847495017,-0.013189012188466395,0.282102298937652
85,2011-04-21,0.2854479024471092,0.2830390593884838,0.2800987729024297,0.2844990670827023,0.0865147223160685,0.004817674329340715,0.0009367604508317973,0.002490337747137805,0.004441080579423606,-0.016346578653291394,0.2830390593884838
86,2011-04-22,0.2804963685264329,0.2829052113859156,0.280360891767532,0.2814037370339094,0.0605525091608409,-0.004951533920676321,-0.00013384800256815987,0.000262118865102301,-0.003095330048792866,-0.025962213155227606,0.2829052113859156
87,2011-04-25,0.2827714255104182,0.2865185149161408,0.2835066348514881,0.284364503963998,0.1064476727565685,0.0022750569839852797,0.0036133035302251537,0.0031457430839560985,0.0029607669300885653,0.045895163595727595,0.2865185149161408
88,2011-04-26,0.2849126174077393,0.282236124994327,0.2798366440385168,0.2807308807398544,0.1105668026715871,0.0021411918973211486,-0.0042823899218137895,-0.0036699908129712577,-0.0036336232241435673,0.004119129915018602,0.282236124994327
89,2011-04-27,0.2823699204060237,0.2815669727650587,0.2814094672607268,0.282211215731448,0.1306686764209049,-0.0025426970017156103,-0.0006691522292682772,0.0015728232222099736,0.001480334991593557,0.02010187374931781,0.2815669727650587
90,2011-04-28,0.2850463887533271,0.2874552314751862,0.2816715857813215,0.2842298702344622,0.1499649159281686,0.0026764683473033957,0.005888258710127492,0.00026211852059471186,0.00201865450301425,0.019296239507263696,0.2874552314751862
91,2011-05-02,0.2885258805522659,0.2902656006112545,0.2875698330617929,0.2894784856636558,0.0810701941318641,0.0034794917989388052,0.0028103691360683025,0.0058982472804713915,0.005248615429193582,-0.0688947217963045,0.2902656006112545
92,2011-05-06,0.2858493881538219,0.2902656006112545,0.2850794835503188,0.2871906501191267,0.0908937342446529,-0.0026764923984440303,0.0,-0.002490349511474088,-0.0022878355445291043,0.009823540112788798,0.2902656006112545
93,2011-05-09,0.2901317278060521,0.2878567096452112,0.2850794362041268,0.2890747019695984,0.0717014475428155,0.004282339652230238,-0.0024088909660432978,-4.734619202251267e-08,0.0018840518504716908,-0.019192286701837397,0.2878567096452112
94,2011-05-10,0.2897302086009818,0.2897302086009818,0.2856036754595393,0.2886709211063732,0.0791470672314769,-0.0004015192050703109,0.0018734989557706028,0.0005242392554125064,-0.00040378086322517825,0.007445619688661392,0.2897302086009818
95,2011-05-11,0.2917377042948083,0.2933435999147797,0.2874387944150082,0.2919009326524251,0.0984692949400972,0.0020074956938264665,0.003613391313797898,0.0018351189554688951,0.003230011546051903,0.0193222277086203,0.2933435999147797
96,2011-05-12,0.2890611296103501,0.2857155146843044,0.2854726478230062,0.2871906010173316,0.1110735725980404,-0.0026765746844581995,-0.007628085230475312,-0.001966146592002005,-0.00471033163509349,0.01260427765794321,0.2857155146843044
97,2011-05-13,0.2921391296029321,0.2969568156614321,0.3013322747074749,0.2936504052999998,0.335338756204683,0.0030779999925820145,0.011241300977127722,0.015859626884468736,0.00645980428266818,0.2242651836066426,0.2969568156614321
98,2011-05-16,0.2920053017672144,0.2885258618744795,0.2875698144458964,0.2894784669242022,0.0949089113542451,-0.00013382783571769252,-0.008430953786952633,-0.013762460261578513,-0.004171938375797601,-0.2404298448504379,0.2885258618744795
99,2011-05-17,0.2869200112963758,0.2948156645923115,0.2901912800818859,0.2885364620642427,0.1788767899373684,-0.00508529047083861,0.006289802717832027,0.002621465635989473,-0.0009420048599594888,0.08396787858312331,0.2948156645923115
100,2011-05-18,0.2937449844416984,0.2952170549787638,0.2928126180297075,0.2941886789416026,0.1243275552898983,0.006824973145322599,0.00040139038645231606,0.0026213379478216003,0.005652216877359895,-0.05454923464747011,0.2952170549787638
101,2011-05-19,0.2956185287517053,0.2972244238829957,0.2918951210073108,0.2963419355021622,0.1126068764780789,0.0018735443100069138,0.0020073689042318654,-0.000917497022396685,0.002153256560559591,-0.011720678811819402,0.2972244238829957
102,2011-05-20,0.2981612497997087,0.300168619075739,0.2943855231175512,0.2986298244494938,0.1227942514098599,0.0025427210480034046,0.002944195192743304,0.002490402110240375,0.0022878889473316177,0.010187374931780999,0.300168619075739
103,2011-05-23,0.3003023430990421,0.2930758161260705,0.2955650633382205,0.2936503193658623,0.1259908001767197,0.0021410932993333742,-0.00709280294966852,0.0011795402206693506,-0.004979505083631541,0.0031965487668598053,0.2930758161260705
104,2011-05-24,0.2926744713833877,0.286652362918709,0.286652362918709,0.2859794700480078,0.1798643415889186,-0.007627871715654377,-0.006423453207361485,-0.008912700419511532,-0.0076708493178545,0.05387354141219888,0.286652362918709
105,2011-05-25,0.2865184593991879,0.2814331247624905,0.2818026568765499,0.2826149278822864,0.1226902986044335,-0.006156011984199794,-0.0052192381562184975,-0.004849706042159119,-0.0033645421657213515,-0.057174042984485085,0.2814331247624905
106,2011-05-26,0.2854478946386217,0.2863846669135726,0.2825891145802617,0.2844990593001703,0.1072143246965877,-0.0010705647605662172,0.004951542151082122,0.0007864577037118292,0.0018841314178838497,-0.015475973907845803,0.2863846669135726
107,2011-05-27,0.285715567186343,0.2865185149161408,0.2825891376513215,0.2853065539061409,0.0972868317783726,0.00026767254772130933,0.00013384800256815987,2.3071059784829373e-08,0.0008074946059706267,-0.009927492918215097,0.2865185149161408
108,2011-05-30,0.2841096209097087,0.2878567096452112,0.282326945095949,0.2834224033277348,0.1045635281582161,-0.0016059462766342958,0.00133819472907043,-0.00026219255537246466,-0.0018841505784061297,0.007276696379843489,0.2878567096452112
109,2011-05-31,0.2875890141637951,0.2916037514485387,0.2865211711466321,0.286517663613256,0.1885314067413394,0.003479393254086416,0.0037470418033274666,0.004194226050683092,0.0030952602855212064,0.0839678785831233,0.2916037514485387
110,2011-06-01,0.2929420922240853,0.2942803384197183,0.288356258449996,0.2892093277651673,0.1338262428857299,0.005353078060290173,0.0026765869711796175,0.0018350873033639026,0.0026916641519112994,-0.0547051638556095,0.2942803384197183
111,2011-06-02,0.2901317523774653,0.2921391215129182,0.2883562357539536,0.2859794197902326,0.1935601237038384,-0.0028103398466199914,-0.002141216906800081,-2.269604243432255e-08,-0.003229907974934665,0.059733880818108515,0.2921391215129182
112,2011-06-03,0.2913361550808125,0.2883920138719113,0.2880940751524919,0.2892092863611427,0.1120091478468775,0.0012044027033472071,-0.003747107641006886,-0.00026216060146166953,0.003229866570910067,-0.0815509758569609,0.2883920138719113
113,2011-06-06,0.2885258821658459,0.282236124994327,0.2827202066468762,0.2835570305459603,0.0968710205566672,-0.002810272914966605,-0.006155888877584337,-0.00537386850561572,-0.005652255815182361,-0.015138127290210301,0.282236124994327
114,2011-06-07,0.2823699113875127,0.2847787542334725,0.2795744641341766,0.2824803638059581,0.0858520231814756,-0.006155970778333186,0.0025426292391454997,-0.003145742512699612,-0.00107666674000223,-0.011018997375191603,0.2847787542334725
115,2011-06-08,0.2835743514041275,0.2763478223924131,0.2795744824655448,0.2748094048182448,0.2642870136957821,0.001204440016614794,-0.008430931841059364,1.8331368201174314e-08,-0.0076709589877133055,0.1784349905143065,0.2763478223924131
116,2011-06-09,0.2756787002340443,0.2804963862575519,0.275642352808627,0.2764243483525497,0.1306946646222614,-0.007895651170083229,0.004148563865138788,-0.003932129656917804,0.0016149435343049134,-0.13359234907352072,0.2804963862575519
117,2011-06-10,0.2834404980434847,0.2838419718367475,0.2828512292385587,0.2827495107542354,0.4017516047714338,0.007761797809440418,0.0033455855791955647,0.007208876429931732,0.00632516240168568,0.27105694014917237,0.2838419718367475
118,2011-06-13,0.2827714195337676,0.27982727792007,0.2769530775680522,0.2792505126615608,0.1008861976662595,-0.0006690785097170915,-0.00401469391667747,-0.005898151670506502,-0.0034989980926745656,-0.3008654071051743,0.27982727792007
119,2011-06-14,0.2798272439389995,0.2847787542334725,0.2808851742332586,0.2801925285583634,0.0837729670729488,-0.002944175594768117,0.004951476313402481,0.003932096665206386,0.0009420158968025949,-0.0171132305933107,0.2847787542334725
120,2011-06-15,0.2867861664683742,0.282637603164352,0.2832444950747506,0.2836916134322344,0.0701681436627771,0.006958922529374689,-0.002141151069120495,0.0023593208414919853,0.0034990848738710167,-0.013604823410171704,0.282637603164352
121,2011-06-16,0.2790243114519586,0.278087539183295,0.2752491357308009,0.2780392869296173,0.0721042646638426,-0.007761855016415575,-0.0045500639810570065,-0.007995359343949682,-0.0056523265026171,0.001936121001065494,0.278087539183295
122,2011-06-17,0.2808978694268344,0.2772846047891381,0.2764287881076901,0.2758860433070459,0.147314119389797,0.0018735579748758169,-0.0008029343941569067,0.0011796523768892175,-0.0021532436225714102,0.0752098547259544,0.2772846047891381
123,2011-06-20,0.2774184192830374,0.2763478223924131,0.2752491388549668,0.2770972402158502,0.0890355778476571,-0.003479450143797025,-0.0009367823967249556,-0.0011796492527232916,0.0012111969088042795,-0.05827854154213989,0.2763478223924131
124,2011-06-21,0.2786228125857062,0.2818346029325156,0.2772151760756849,0.2780392619452296,0.1660516125678941,0.0012043933026688047,0.005486780540102487,0.0019660372207180865,0.0009420217293794053,0.077016034720237,0.2818346029325156
125,2011-06-22,0.2854478339349739,0.2928081859586137,0.2887493910155367,0.2853064699396416,0.1868291795524831,0.0068250213492677125,0.010973583026098077,0.011534214939851795,0.007267207994411995,0.02077756698458899,0.2928081859586137
126,2011-06-23,0.2929420789975387,0.2950832728138752,0.2925505180913105,0.2925737785822991,0.1642064502715767,0.007494245062564797,0.00227508685526151,0.0038011270757737914,0.007267308642657511,-0.02262272928090639,0.2950832728138752
127,2011-06-24,0.2982950957151245,0.3021760099258641,0.2964826806920588,0.2984952672008849,0.1476519660074326,0.005353016717585812,0.007092737111988878,0.003932162600748301,0.0059214886185857685,-0.016554484264144104,0.3021760099258641
128,2011-06-27,0.2997671284122092,0.2945479685871752,0.2946476486471447,0.2952653438957371,0.1102289560539515,0.0014720326970846798,-0.0076280413386888846,-0.0018350320449140867,-0.003229923305147764,-0.03742300995348111,0.2945479685871752
129,2011-06-28,0.2988303469097214,0.2977597500555889,0.2947787105641182,0.2971494344545887,0.093258660568102,-0.0009367815024878268,0.0032117814684137214,0.00013106191697348502,0.001884090558851581,-0.016970295485849496,0.2977597500555889
130,2011-06-29,0.3027112942348006,0.3069936821284847,0.3006769396978576,0.3026671886552617,0.124444502196003,0.0038809473250792093,0.0092339320728958,0.0058982291337393855,0.00551775420067302,0.031185841627901,0.3069936821284847
131,2011-06-30,0.3182348836175633,0.3171642868686397,0.3154878997782468,0.3157212430817102,0.2849736219756231,0.015523589382762715,0.010170604740154965,0.014810960080389235,0.01305405442644847,0.1605291197796201,0.3171642868686397
132,2011-07-01,0.3172981998422343,0.3151570057479805,0.3119490696371193,0.3147792810151562,0.1154525845266249,-0.0009366837753290169,-0.0020072811206591767,-0.0035388301411274914,-0.0009419620665540029,-0.1695210374489982,0.3151570057479805
133,2011-07-04,0.3164951934113157,0.3138187012894441,0.3106383017001831,0.3141063299498649,0.107227318797266,-0.0008030064309185736,-0.001338304458536388,-0.0013107679369362413,-0.0006729510652912496,-0.008225265729358888,0.3138187012894441
134,2011-07-05,0.3128819319368269,0.3140863534027941,0.3093275944236341,0.3138371757536535,0.0820967280854492,-0.003613261474488816,0.00026765211335000316,-0.0013107072765489725,-0.00026915419621142966,-0.025130590711816808,0.3140863534027941
135,2011-07-06,0.316629096669143,0.3211791344065694,0.3150947944255615,0.316797979594277,0.146690402557239,0.0037471647323161217,0.007092781003775306,0.005767200001927375,0.002960803840623527,0.0645936744717898,0.3211791344065694
136,2011-07-07,0.3199746107459528,0.3158260482477828,0.3140461260396207,0.3166633001613163,0.1443124821331115,0.0033455140768097746,-0.005353086158786602,-0.0010486683859408097,-0.00013467943296074925,-0.0023779204241274887,0.3158260482477828
137,2011-07-08,0.3278703742309037,0.3281380235159902,0.3250562017066408,0.3272951167533799,0.3403154967644689,0.007895763484950913,0.012311975268207376,0.011010075667020114,0.010631816592063636,0.19600301463135741,0.3281380235159902
138,2011-07-11,0.3289409210370513,0.323454111532365,0.3241386547637536,0.32325770976308,0.1918319083136256,0.0010705468061475987,-0.004683911983625222,-0.0009175469428872041,-0.004037406990299919,-0.14848358845084333,0.323454111532365
139,2011-07-12,0.3211791133326984,0.3233203074215831,0.3179783365722567,0.3202970016834044,0.1403882637282673,-0.007761807704352919,-0.0001338041107818988,-0.006160318191496872,-0.002960708079675578,-0.0514436445853583,0.3233203074215831
140,2011-07-13,0.3226511127563092,0.3227849373572035,0.3186336211368673,0.3209698234042278,0.0975467137919384,0.0014719994236108147,-0.0005353700643795922,0.0006552845646105587,0.0006728217208233911,-0.042841549936328896,0.3227849373572035
141,2011-07-14,0.3215805349281997,0.3225173071897467,0.3178472138458793,0.320162371045729,0.0758465656591907,-0.0010705778281094869,-0.00026763016745678936,-0.0007864072909880004,-0.000807452358498828,-0.02170014813274769,0.3225173071897467
142,2011-07-15,0.3222496946702556,0.3218482207981581,0.3175851079807278,0.3215081931618839,0.117505652433795,0.0006691597420558915,-0.0006690863915885803,-0.00026210586515146295,0.0013458221161549155,0.041659086774604295,0.3218482207981581
143,2011-07-19,0.3235879040600861,0.3225173071897467,0.3185025689259739,0.3236614133522397,0.0842927311000805,0.0013382093898304803,0.0006690863915885803,0.0009174609452460847,0.002153220190355798,-0.03321292133371451,0.3225173071897467
144,2011-07-20,0.3280040920230312,0.3304129348041061,0.3236143147464085,0.3293136882392212,0.1229501806179994,0.004416187962945128,0.007895627614359413,0.00511174582043461,0.005652274886981501,0.0386574495179189,0.3304129348041061
145,2011-07-21,0.3330893941626523,0.327468761557256,0.3288571227955672,0.329179077461393,0.2168325580186595,0.005085302139621106,-0.0029441732468500903,0.00524280804915872,-0.00013461077782817021,0.0938823774006601,0.327468761557256
146,2011-07-22,0.3324202831390915,0.328539370010656,0.3271532115965405,0.3295828248469367,0.1406481457418332,-0.00066911102356082,0.0010706084533999571,-0.001703911199026742,0.0004037473855436624,-0.07618441227682629,0.328539370010656
147,2011-07-25,0.3251938211286138,0.3245246980398718,0.3207307976626342,0.3246034849275039,0.1063697081524987,-0.007226462010477719,-0.0040146719707842005,-0.006422413933906301,-0.004979339919432779,-0.03427843758933451,0.3245246980398718
148,2011-07-26,0.3247922698404006,0.327468761557256,0.3225657151055763,0.3250071431190777,0.083733984770914,-0.00040155128821317554,0.0029440635173842433,0.001834917442942119,0.0004036581915737858,-0.022635723381584705,0.327468761557256
149,2011-07-27,0.3258628313870532,0.3262643051012877,0.3207306866093414,0.3228538518687243,0.1083058291535642,0.001070561546652582,-0.001204456455968339,-0.0018350284962349028,-0.0021532912503534063,0.0245718443826502,0.3262643051012877
150,2011-07-28,0.3214466621109262,0.3201084162237034,0.3157500302354394,0.3204314800899992,0.1112035136048234,-0.00441616927612698,-0.006155888877584281,-0.004980656373901993,-0.002422371778725063,0.002897684451259208,0.3201084162237034
151,2011-07-29,0.3215805539387719,0.3222496770222899,0.3187647298021235,0.3207007042052895,0.1565399308713844,0.000133891827845678,0.0021412607985865084,0.003014699566684098,0.00026922411529028967,0.045336417266561,0.3222496770222899
152,2011-08-01,0.3234541290177107,0.3292085880776038,0.3253183116110439,0.3239306200921755,0.1326177915226487,0.0018735750789388161,0.006958911055313877,0.006553581808920406,0.003229915886885981,-0.023922139348735716,0.3292085880776038
153,2011-08-02,0.3245246980398718,0.3245246980398718,0.3186336612659844,0.3237960135719629,0.082044751682736,0.001070569022161072,-0.004683890037732008,-0.006684650345059495,-0.0001346065202125768,-0.05057303983991268,0.3245246980398718
154,2011-08-03,0.3198407904307518,0.3202422642262716,0.3162743373446256,0.3192202966585213,0.1433899009849528,-0.004683907609119964,-0.004282433813600162,-0.0023593239213587913,-0.004575716913441608,0.061345149302216795,0.3202422642262716
155,2011-08-04,0.3258629413252499,0.3242570459265218,0.3228279311941145,0.3250072177207633,0.2188596377244731,0.006022150894498091,0.004014781700250214,0.006553593849488892,0.00578692106224199,0.07546973673952029,0.3242570459265218
156,2011-08-05,0.31756573204369,0.3085994850791189,0.3111625287111509,0.307915660315876,0.2326463785441409,-0.008297209281559914,-0.01565756084740294,-0.011665402482963605,-0.01709155740488727,0.013786740819667825,0.3085994850791189
157,2011-08-08,0.3037818573600839,0.2977597500555889,0.2979244149009519,0.29634196316531,0.2359988565191403,-0.01378387468360609,-0.010839735023529973,-0.013238113810199015,-0.011573697150566054,0.0033524779749993794,0.2977597500555889
158,2011-08-09,0.2859831822188223,0.2934773601337751,0.2882251574019332,0.2832878415703358,0.2726682086332805,-0.0177986751412616,-0.0042823899218137895,-0.009699257499018676,-0.013054121594974155,0.03666935211414021,0.2934773601337751
159,2011-08-10,0.2994994663273826,0.3055215735591665,0.3010701156026499,0.2984952163326739,0.1808778814418254,0.013516284108560317,0.012044213425391359,0.012844958200716683,0.015207374762338077,-0.0917903271914551,0.3055215735591665
160,2011-08-11,0.2966891585060641,0.3023097920907527,0.2970069231129978,0.2951307615081364,0.143000077964604,-0.002810307821318525,-0.003211781468413777,-0.00406319248965209,-0.0033644548245375105,-0.03787780347722139,0.3023097920907527
161,2011-08-12,0.3068598951253534,0.3126143545629418,0.3063130314808395,0.3081849475277853,0.2511759661113854,0.0101707366192893,0.010304562472189083,0.009306108367841681,0.013054186019648917,0.10817588814678136,0.3126143545629418
162,2011-08-15,0.3164951815543166,0.3147554617402759,0.3111625740964643,0.3131642683848988,0.1568128069856285,0.009635286428963219,0.002141107177334123,0.004849542615624813,0.004979320857113501,-0.09436315912575688,0.3147554617402759
163,2011-08-16,0.3139525620280438,0.3090010510327167,0.3074926327682076,0.3088578021421019,0.2111541360222459,-0.002542619526272827,-0.005754410707559221,-0.0036699413282567095,-0.0043064662427969025,0.0543413290366174,0.3090010510327167
164,2011-08-17,0.3053876936612655,0.3084656590224439,0.3040846938322177,0.3058969810100655,0.1437017594012318,-0.008564868366778278,-0.000535392010272806,-0.003407938935989896,-0.002960821132036384,-0.06745237662101408,0.3084656590224439
165,2011-08-18,0.3084657367116698,0.3075289644092916,0.3043469124615308,0.3076465792818638,0.1150757556069544,0.003078043050404322,-0.0009366946131522669,0.0002622186293130824,0.0017495982717982694,-0.028626003794277405,0.3075289644092916
166,2011-08-19,0.3008377271416853,0.3028450963174527,0.3005458463013131,0.3001101736188249,0.1122040593570519,-0.007628009569984551,-0.004683868091838905,-0.003801066160217692,-0.00753640566303887,-0.0028716962499025084,0.3028450963174527
167,2011-08-22,0.3029789141394928,0.298161228225614,0.2967447801037008,0.2994372741425529,0.1330985732477455,0.0021411869978075204,-0.004683868091838739,-0.0038010661976122795,-0.0006728994762720264,0.020894513890693592,0.298161228225614
168,2011-08-23,0.3029789566741777,0.3061907477343279,0.3018565921027465,0.3023980446995659,0.1770836040437641,4.253468488535361e-08,0.008029519508713945,0.005111811999045701,0.0029607705570129927,0.04398503079601862,0.3061907477343279
169,2011-08-24,0.3107407577370196,0.3098039854268735,0.3067061933959672,0.3103381529775684,0.1302008887964864,0.007761801062841911,0.003613237692545568,0.004849601293220707,0.007940108278002511,-0.04688271524727772,0.3098039854268735
170,2011-08-25,0.3156922827111286,0.3131496148978555,0.3114247642175064,0.3147792595170964,0.1284077029028821,0.004951524974109001,0.0033456294709819923,0.004718570821539203,0.004441106539528006,-0.0017931858936043044,0.3131496148978555
171,2011-08-26,0.3135509930974343,0.3084656590224439,0.3070993265727957,0.3081848158878355,0.1319680864887341,-0.0021412896136943083,-0.004683955875411594,-0.004325437644710717,-0.0065944436292609265,0.003560383585852006,0.3084656590224439
172,2011-08-29,0.3098039283826798,0.3106068759292439,0.3090654148984942,0.3095306246403047,0.0956105927908729,-0.0037470647147545,0.0021412169068000253,0.0019660883256985007,0.001345808752469202,-0.03635749369786119,0.3106068759292439
173,2011-08-30,0.3179672452060599,0.3170306363791102,0.3143082714195857,0.3165287250186147,0.1323838977104394,0.008163316823380118,0.0064237604498663115,0.005242856521091521,0.0069981003783100015,0.0367733049195665,0.3170306363791102
174,2011-08-31,0.3179672707166527,0.3205099382855148,0.3162743618782983,0.3184128501186386,0.086449751812677,2.5510592804867116e-08,0.0034793019064045527,0.0019660904587125994,0.0018841251000239478,-0.0459341458977624,0.3205099382855148
175,2011-09-01,0.3206437628944023,0.3205099382855148,0.3170607879749704,0.3188165857696766,0.1245224668000727,0.0026764921777495676,0.0,0.000786426096672066,0.00040373565103796194,0.0380727149873957,0.3205099382855148
176,2011-09-02,0.3171643290096786,0.3220823834784995,0.3171918649379495,0.3182782775355282,0.1397775409963876,-0.0034794338847236594,0.0015724451929847172,0.0001310769629790931,-0.0005383082341484102,0.015255074196314888,0.3220823834784995
177,2011-09-05,0.3206438157873165,0.3180476310154461,0.3156190588617762,0.3185474812160906,0.1420774968164453,0.0034794867776378746,-0.004034752463053404,-0.001572806076173272,0.0002692036805624354,0.0022999558200577086,0.3180476310154461
178,2011-09-06,0.3138186691120826,0.3148892658510578,0.310376127849051,0.3142408762767489,0.1191039268172249,-0.006825146675233873,-0.003158365164388277,-0.005242931012725216,-0.004306604939341707,-0.0229735699992204,0.3148892658510578
179,2011-09-07,0.3207775707062588,0.3193238944339333,0.3144393511875903,0.3167978909258454,0.1356324228800124,0.00695890159417617,0.004434628582875466,0.004063223338539312,0.002557014649096523,0.0165284960627875,0.3193238944339333
180,2011-09-08,0.3225173178822787,0.319439351778008,0.317847224383582,0.3204315387696113,0.1270043400296265,0.0017397471760199346,0.00011545734407469865,0.003407873195991673,0.0036336478437658526,-0.00862808285038591,0.319439351778008
181,2011-09-09,0.3168966304029949,0.3185025254894966,0.314439324547038,0.3155866572983955,0.422230307440422,-0.005620687479283792,-0.0009368262885113832,-0.0034078998365439928,-0.004844881471215756,0.29522596741079554,0.3185025254894966
182,2011-09-12,0.3134171850177332,0.3119451145501009,0.3109004016144111,0.3127605021100211,0.1268873931235219,-0.003479445385261737,-0.006557410939395714,-0.0035389229326268645,-0.002826155188374424,-0.2953429143169001,0.3119451145501009
183,2011-09-13,0.315290808845875,0.3131496148978555,0.308803343643285,0.3135680524475565,0.0994698406923256,0.0018736238281418238,0.0012045003477546001,-0.0020970579711261372,0.0008075503375353787,-0.0274175524311963,0.3131496148978555
184,2011-09-14,0.3131495490601759,0.311142180155944,0.3090654207216893,0.3115493084970839,0.10019751033031,-0.0021412597856991233,-0.0020074347419114513,0.00026207707840431027,-0.002018743950472579,0.0007276696379844017,0.311142180155944
185,2011-09-15,0.318502548993678,0.3166290045878329,0.3132597086810249,0.3161249947547111,0.0764962706931053,0.005352999933502134,0.005486824431888859,0.004194287959335574,0.004575686257627221,-0.023701239637204705,0.3166290045878329
186,2011-09-16,0.3211790129334817,0.3201084162237034,0.3157500302354394,0.320296901559932,0.0662569193586112,0.002676463939803697,0.0034794116358705107,0.002490321554414532,0.004171906805220893,-0.010239351334494107,0.3201084162237034
187,2011-09-20,0.3194392975767555,0.3164951565852646,0.3139150405087337,0.3162595499118099,0.0774058577405857,-0.0017397153567262347,-0.0036132596384387816,-0.0018349897267057047,-0.004037351648122134,0.011148938381974505,0.3164951565852646
188,2011-09-21,0.3190378238051886,0.3164951565852646,0.3140461115068584,0.3173361781668288,0.0763403414849658,-0.000401473771566907,0.0,0.0001310709981247049,0.0010766282550189188,-0.0010655162556199027,0.3164951565852646
189,2011-09-22,0.3104731230409729,0.3172981787629942,0.3112936937684651,0.3110110603243379,0.1207931599054029,-0.008564700764215671,0.0008030221777295954,-0.002752417738393298,-0.006325117842490902,0.04445281842043711,0.3172981787629942
190,2011-09-26,0.3175658328291181,0.3218482207981581,0.317978321073564,0.3193549361126624,0.223394578861197,0.007092709788145191,0.004550042035163904,0.006684627305098889,0.008343875788324517,0.10260141895579411,0.3218482207981581
191,2011-09-27,0.3237217220944678,0.3300114785799743,0.323221118938411,0.3250071922542267,0.1576574235297175,0.006155889265349712,0.008163257781816202,0.005242797864846993,0.0056522561415642825,-0.0657371553314795,0.3300114785799743
192,2011-09-28,0.3316271782431652,0.3337814757875788,0.3281004025563873,0.3283502185981418,0.152030977936017,0.007905456148697365,0.0037699972076044586,0.004879283617976293,0.00334302634391509,-0.005626445593700513,0.3337814757875788
193,2011-09-29,0.3312232591773186,0.3318964771837766,0.3269135557581992,0.3303812625720585,0.1605551079809766,-0.00040391906584658077,-0.0018849986038022015,-0.0011868467981880904,0.002031043973916735,0.00852413004495961,0.3318964771837766
194,2011-09-30,0.3339161031620855,0.3331082416221772,0.3291553717828729,0.3333600820271064,0.1100470386444554,0.0026928439847668795,0.0012117644384006532,0.002241816024673715,0.002978819455047854,-0.0505080693365212,0.3331082416221772
195,2011-10-03,0.3274533495247022,0.3281265677597448,0.3237487099201799,0.3241528734225386,0.1356973933834039,-0.0064627536373833006,-0.004981673862432423,-0.005406661862693007,-0.009207208604567751,0.025650354738948486,0.3281265677597448
196,2011-10-04,0.3257029821135916,0.3281265677597448,0.3267817935569067,0.32740252628893,0.2250188414459835,-0.001750367411110565,0.0,0.0030330836367267744,0.003249652866391395,0.0893214480625796,0.3281265677597448
197,2011-10-05,0.3337814307071658,0.3380900252140756,0.3325840448108911,0.3333600531986115,0.2161048883806751,0.008078448593574206,0.009963457454330804,0.005802251253984425,0.005957526909681488,-0.0089139530653084,0.3380900252140756
198,2011-10-06,0.3414561935836898,0.3463033635241523,0.3414196237144545,0.3429736839539394,0.1454429688921229,0.007674762876523966,0.008213338310076701,0.008835578903563401,0.009613630755327895,-0.07066191948855219,0.3463033635241523
199,2011-10-07,0.3450915175945991,0.3428025765883142,0.3407602051167175,0.344463054421871,0.0983783362353491,0.0036353240109093243,-0.003500786935838107,-0.0006594185977369937,0.0014893704679315722,-0.04706463265677381,0.3428025765883142
200,2011-10-11,0.3433411443255393,0.3461686596317496,0.3401008328399979,0.341213396388874,0.1293302840510408,-0.0017503732690598017,0.003366083043435386,-0.0006593722767195831,-0.0032496580329969826,0.030951947815691702,0.3461686596317496
201,2011-10-12,0.3419947798486277,0.3343200938441506,0.3368040745934157,0.3349849678034216,0.1086566698718781,-0.00134636447691161,-0.011848565787598964,-0.00329675824658221,-0.006228428585452417,-0.020673614179162705,0.3343200938441506
202,2011-10-13,0.33526258431591,0.330953988854822,0.3292872893760473,0.3297042686044448,0.1198705787572442,-0.0067321955327177,-0.0033661049893286,-0.007516785217368427,-0.005280699198976779,0.011213908885366108,0.330953988854822
203,2011-10-14,0.3310886854024297,0.3339162016258746,0.3290235956582049,0.3290273103958002,0.1713142233426024,-0.004173898913480301,0.0029622127710525747,-0.0002636937178424059,-0.0006769582086446069,0.0514436445853582,0.3339162016258746
204,2011-10-17,0.3380900574332542,0.3399750677096642,0.3362765246188245,0.3395885837113419,0.1066295901660646,0.007001372030824515,0.0060588660837895825,0.007252928960619631,0.010561273315541686,-0.0646846331765378,0.3399750677096642
205,2011-10-18,0.3347239265472331,0.3313578371813116,0.3296828267857263,0.3318706205979568,0.0993788819875776,-0.0033661308860211125,-0.00861723052835256,-0.006593697833098211,-0.0077179631133850735,-0.0072507081784869976,0.3313578371813116
206,2011-10-19,0.3380901293784404,0.3382247729982646,0.3342984985535159,0.3367452102914082,0.1232490449336001,0.00336620283120731,0.006866935816952968,0.0046156717677895975,0.004874589693451392,0.023870162946022497,0.3382247729982646
207,2011-10-20,0.3362049782845208,0.3298767307957853,0.3296827997371164,0.3297041594678036,0.132098027495517,-0.0018851510939196237,-0.008348042202479311,-0.004615698816399505,-0.007041050823604567,0.008848982561916893,0.3298767307957853
208,2011-10-21,0.3321656986291327,0.3313578371813116,0.3262541253871547,0.3297041865181659,0.0671145300033784,-0.004039279655388084,0.0014811063855263429,-0.003428674349961691,2.705036228345392e-08,-0.0649834974921386,0.3313578371813116
209,2011-10-24,0.33539729647157,0.3362051582856324,0.3316610741037904,0.3360682389828736,0.1004054159411627,0.003231597842437317,0.00484732110432079,0.005406948716635718,0.00636405246470767,0.0332908859377843,0.3362051582856324
210,2011-10-25,0.3313579560760947,0.3252989930434152,0.328759832833275,0.3261838481767636,0.0955196340861249,-0.0040393403954753215,-0.010906165242217214,-0.0029012412705154422,-0.009884390806109977,-0.004885781855037796,0.3252989930434152
211,2011-10-26,0.3165470742943261,0.3188360152824177,0.3149130663122679,0.3181950359502098,0.083422126354635,-0.014810881781768592,-0.006462977760997524,-0.013846766521007081,-0.007988812226553788,-0.012097507731489904,0.3188360152824177
212,2011-10-27,0.322606101751433,0.3199132294496681,0.3186055795253543,0.3190075140895815,0.1132046051092803,0.0060590274571069025,0.0010772141672504287,0.0036925132130863902,0.0008124781393716862,0.029782478754645306,0.3199132294496681
213,2011-10-28,0.32664534130871,0.324760331095057,0.3216385946036636,0.3195490553736102,0.1261337352841809,0.004039239557276975,0.004847101645388874,0.0030330150783093313,0.0005415412840287237,0.012929130174900591,0.324760331095057
214,2011-10-31,0.3235486052814284,0.3231446744383804,0.3251992362573405,0.3241527947959593,0.1133605343174199,-0.0030967360272815547,-0.0016156566566765673,0.003560641653676866,0.004603739422349096,-0.012773200966761003,0.3231446744383804
215,2011-11-01,0.3165471501798209,0.310084256428808,0.3100338343324995,0.3091231664778064,0.2217313339743756,-0.0070014551016075455,-0.013060418009572416,-0.015165401924841004,-0.01502962831815291,0.10837079965695572,0.310084256428808
216,2011-11-02,0.3051024456445611,0.3046985147809541,0.3011983347186687,0.3039778869491668,0.1544608747628576,-0.011444704535259753,-0.005385741647853881,-0.008835499613830788,-0.005145279528639635,-0.067270459211518,0.3046985147809541
217,2011-11-04,0.3152006788386829,0.3135849555810732,0.3095063071245353,0.3102063492949731,0.1359052989942566,0.010098233194121786,0.008886440800119078,0.008307972405866615,0.006228462345806318,-0.018555575768601007,0.3135849555810732
218,2011-11-07,0.314527455250309,0.3137195936357963,0.3087150627014483,0.3138622020710342,0.0573039839912679,-0.0006732235883739057,0.00013463805472313517,-0.0007912444230870341,0.0036558527760611192,-0.0786013150029887,0.3137195936357963
219,2011-11-08,0.3090070095584376,0.3081991480955398,0.3072644002986202,0.3087168621316222,0.0874762857662621,-0.005520445691871434,-0.005520445540256547,-0.0014506624028280957,-0.005145339939412019,0.0301723017749942,0.3081991480955398
220,2011-11-09,0.3149313425094651,0.3121038272496537,0.3120118485051645,0.3116957244435428,0.0997167286052132,0.005924332951027511,0.0039046791541139103,0.004747448206544325,0.002978862311920627,0.012240442838951107,0.3121038272496537
221,2011-11-10,0.2986394832196336,0.3010630678444998,0.2971101979968098,0.2986971334329323,0.3037630915564334,-0.016291859289831512,-0.011040759405153866,-0.01490165050835468,-0.012998591010610516,0.2040463629512202,0.3010630678444998
222,2011-11-11,0.30308278026238,0.3049677908904002,0.3100338262143238,0.3046548867117047,0.2025650354738948,0.00444329704274643,0.0039047230459003934,0.012923628217513972,0.005957753278772404,-0.1011980560825386,0.3049677908904002
223,2011-11-14,0.3072567323672818,0.3049677908904002,0.3034401676389447,0.3057381040866797,0.1004573923438758,0.00417395210490179,0.0,-0.00659365857537908,0.0010832173749749652,-0.102107643130019,0.3049677908904002
224,2011-11-15,0.3032174829767218,0.3061796431123736,0.3015940020194715,0.3046549460899254,0.0578757244211128,-0.004039249390559996,0.0012118522219733974,-0.0018461656194732057,-0.0010831579967542915,-0.042581667922762995,0.3061796431123736
225,2011-11-16,0.307256671222496,0.3059102353275683,0.3055500775778964,0.3073628689832227,0.092634943735544,0.004039188245774206,-0.0002694077848053311,0.003956075558424865,0.0027079228932972987,0.0347592193144312,0.3059102353275683
226,2011-11-17,0.3153353905123786,0.3108921505948259,0.3097701203126156,0.3073629702761892,0.12956417786325,0.008078719289882574,0.004981915267257608,0.004220042734719209,1.0129296651451014e-07,0.036929234127706004,0.3108921505948259
227,2011-11-18,0.3092763670170997,0.3107574467024233,0.3072644701456408,0.3073629106758815,0.1254710361495881,-0.00605902349527887,-0.00013470389240261005,-0.0025056501669747933,-5.960030768914493e-08,-0.004093141713661902,0.3107574467024233
228,2011-11-21,0.3111613426064119,0.3158738683490447,0.3108250106692246,0.3129143642548987,0.12119597702643,0.0018849755893121656,0.005116421646621405,0.0035605405235837884,0.005551453579017207,-0.004275059123158106,0.3158738683490447
229,2011-11-22,0.3122384774593198,0.3087377442062183,0.3058138174292927,0.3070920582273226,0.107136360092518,0.001077134852907946,-0.007136124142826383,-0.005011193239931877,-0.005822306027576107,-0.014059616933912,0.3087377442062183
230,2011-11-24,0.3025441550136221,0.2955426881419228,0.2963189666388562,0.2969369130726035,0.1082408586501728,-0.009694322445697734,-0.013195056064295496,-0.009494850790436493,-0.010155145154719103,0.0011044985576548066,0.2955426881419228
231,2011-11-25,0.2968890583053921,0.2933883256451017,0.293681438588643,0.295041217620567,0.0824345747030848,-0.005655096708230001,-0.002154362496821105,-0.0026375280502132226,-0.0018956954520364944,-0.025806283947088005,0.2933883256451017
232,2011-11-28,0.2983702096500027,0.294330901757629,0.2943408753573633,0.2949058868059707,0.0954416694820551,0.0014811513446106317,0.0009425761125272936,0.0006594367687203229,-0.0001353308145963239,0.013007094778970302,0.294330901757629
233,2011-11-29,0.2960812784674091,0.2967544964721099,0.2917034221257293,0.2921978535940956,0.1504067153512305,-0.002288931182593601,0.0024235947144808923,-0.0026374532316340016,-0.0027080332118750716,0.054965045869175416,0.2967544964721099
234,2011-11-30,0.293388396144033,0.2954080500871998,0.2899890609063572,0.2932810605447999,0.1351776293562722,-0.0026928823233761112,-0.001346446384910105,-0.0017143612193721292,0.0010832069507042963,-0.015229085994958313,0.2954080500871998
235,2011-12-01,0.3021402200905684,0.3063141714376307,0.3010663958889746,0.3022175927461614,0.1333844434626679,0.008751823946535398,0.010906121350430897,0.011077334982617426,0.00893653220136148,-0.0017931858936043044,0.3063141714376307
236,2011-12-02,0.3065834734363726,0.3102188505917447,0.3038357466701038,0.3045194439653727,0.1192078796226513,0.004443253345804199,0.0039046791541140213,0.0027693507811292206,0.002301851219211337,-0.014176563840016601,0.3102188505917447
237,2011-12-05,0.3103535085639856,0.314662103910644,0.3085831945037267,0.3100709466332409,0.084357701603472,0.0037700351276129807,0.004443253318899276,0.004747447833622853,0.005551502667868191,-0.03485017801917929,0.314662103910644
238,2011-12-06,0.3106227920030228,0.3110267228118694,0.3077919518076906,0.3096647363944345,0.0834741027573481,0.00026928343903720453,-0.0036353810987745927,-0.0007912426960360874,-0.00040621023880643703,-0.0008835988461239064,0.3110267228118694
239,2011-12-07,0.3111614301362561,0.3142582336382613,0.3083195075809181,0.3112896260436263,0.0845006367109332,0.0005386381332332935,0.0032315108263918924,0.0005275557732274949,0.0016248896491918297,0.0010265339535851098,0.3142582336382613
240,2011-12-08,0.3121039124931061,0.3164125083515096,0.3105613287907147,0.3106125921660601,0.0919072740975597,0.0009424823568500162,0.0021542747132483053,0.0022418212097966017,-0.0006770338775662355,0.007406637386626488,0.3164125083515096
241,2011-12-09,0.3099495633950505,0.3102188505917447,0.3079238144421408,0.309935530118603,0.5029626549546505,-0.002154349098055619,-0.006193657759764881,-0.0026375143485738994,-0.0006770620474570999,0.4110553808570908,0.3102188505917447
242,2011-12-12,0.3133156623410647,0.3147967419653671,0.3096381743251668,0.3122373756901321,0.1064866550586034,0.003366098946014251,0.004577891373622411,0.0017143598830260398,0.0023018455715291264,-0.39647599989604715,0.3147967419653671
243,2011-12-13,0.3106227324842334,0.3081991480955398,0.304363191368762,0.3080398514690529,0.128095844486603,-0.0026929298568313387,-0.006597593869827334,-0.005274982956404828,-0.0041975242210792185,0.021609189427999595,0.3081991480955398
244,2011-12-14,0.3042944952726593,0.3079298719860937,0.3048906948373072,0.3058734283199235,0.1075261831128667,-0.006328237211574106,-0.0002692761094461038,0.0005275034685451874,-0.002166423149129404,-0.020569661373736295,0.3079298719860937
245,2011-12-15,0.3079298609412405,0.3081991480955398,0.3038356988360605,0.3088522642641361,0.1047194573663556,0.003635365668581192,0.0002692761094461038,-0.0010549960012466997,0.00297883594421261,-0.002806725746511099,0.3081991480955398
246,2011-12-16,0.3096802900532401,0.3040252586696593,0.3038357602635075,0.3050610662289187,0.1370097975519114,0.0017504291119996296,-0.004173889425880484,6.142744701786995e-08,-0.00379119803521738,0.032290340185555794,0.3040252586696593
247,2011-12-19,0.3033519477375038,0.3030826606112388,0.3006707123383345,0.3034361473741669,0.0877621559811845,-0.006328342315736313,-0.0009425980584205074,-0.0031650479251730257,-0.0016249188547518,-0.04924764157072689,0.3030826606112388
248,2011-12-20,0.3055064525360563,0.3123732789262454,0.3063414648309014,0.3062798001753601,0.1237168325580186,0.0021545047985525034,0.009290618315006605,0.005670752492566933,0.002843652801193197,0.0359546765768341,0.3123732789262454
249,2011-12-21,0.3162778266576821,0.3157392522402148,0.3116162766842741,0.315757836850395,0.1003014631357363,0.01077137412162582,0.003365973313969428,0.005274811853372696,0.009478036675034884,-0.023415369422282298,0.3157392522402148
250,2011-12-22,0.3137196496944768,0.3118346389237804,0.3097701033177795,0.3129144428803544,0.0881649731022116,-0.0025581769632053164,-0.0039046133164344354,-0.001846173366494619,-0.0028433939700405753,-0.01213649003352471,0.3118346389237804
251,2011-12-26,0.3134503159587864,0.3166817625150626,0.3121437742956007,0.3152162332317936,0.0642818160555108,-0.0002693337356903802,0.004847123591282199,0.0023736709778212073,0.0023017903514391813,-0.023883157046700798,0.3166817625150626
252,2011-12-27,0.3122385297815799,0.3149314019659833,0.3096381904479574,0.3123727941130276,0.042893526339042,-0.0012117861772065197,-0.0017503605490792884,-0.0025055838476433223,-0.002843439118766,-0.0213882897164688,0.3149314019659833
253,2011-12-28,0.3146621142056711,0.3160085502955541,0.3109569215583262,0.3135914130558851,0.0890485719483354,0.0024235844240911852,0.0010771483295707873,0.0013187311103688426,0.001218618942857519,0.046155045609293406,0.3160085502955541
254,2011-12-29,0.3160085457972106,0.3139888916911356,0.3095063123445931,0.3118311804780913,0.0622157540476623,0.0013464315915395209,-0.002019658604418495,-0.001450609213733134,-0.001760232577793841,-0.0268328179006731,0.3139888916911356
255,2011-12-30,0.3143927941302746,0.316277804459107,0.3101656501565347,0.3141329888837453,0.0539385119155903,-0.001615751666936005,0.0022889127679714405,0.0006593378119416071,0.0023018084056540267,-0.008277242132072003,0.316277804459107
256,2012-01-04,0.3193746346452927,0.3166817625150626,0.3149131106961954,0.3179242764726166,0.0782114919826398,0.004981840515018099,0.00040395805595555556,0.004747460539660686,0.003791287588871317,0.024272980067049497,0.3166817625150626
257,2012-01-05,0.315200661223451,0.316143166404384,0.3130668649555068,0.3129143750139281,0.0907118168351568,-0.004173973421841726,-0.0005385961106785797,-0.0018462457406885902,-0.005009901458688515,0.012500324852517009,0.316143166404384
258,2012-01-06,0.3157392762414635,0.3119692550326103,0.3116163003721106,0.3119666000880969,0.0611892200940772,0.0005386150180125004,-0.0041739113717736975,-0.0014505645833962078,-0.0009477749258312018,-0.029522596741079606,0.3119692550326103
259,2012-01-10,0.3119692599902668,0.312911765307458,0.3080557296814362,0.3107479854947516,0.0666987187816731,-0.0037700162511966617,0.0009425102748477077,-0.0035605706906743917,-0.001218614593345324,0.005509498687595905,0.312911765307458
260,2012-01-11,0.3129117315344367,0.3147967419653671,0.310033793798325,0.3131851907941351,0.0838509316770186,0.0009424715441698761,0.0018849766579090987,0.0019780641168888335,0.002437205299383516,0.017152212895345492,0.3147967419653671
261,2012-01-12,0.3130463980883617,0.3126424672521187,0.3093744506922264,0.3130498115883864,0.0636451051222744,0.00013466655392502247,-0.0021542747132484164,-0.0006593431060986088,-0.0001353792057486869,-0.02020582655474419,0.3126424672521187
262,2012-01-13,0.3169510613499751,0.3259721833170305,0.320583668414407,0.3187367011322284,0.2909639023883157,0.0039046632616133725,0.01332971606491179,0.011209217722180587,0.005686889543842,0.22731879726604132,0.3259721833170305
263,2012-01-16,0.3240871782836256,0.3258375452623074,0.3201880543744822,0.3230695759859434,0.140817069050651,0.007136116933650516,-0.00013463805472307966,-0.0003956140399247743,0.004332874853714974,-0.1501468333376647,0.3258375452623074
264,2012-01-17,0.3275879733269682,0.3328390752421971,0.3266499005673942,0.3278087130391143,0.1385690896333064,0.0035007950433426083,0.007001529979889676,0.0064618461929119575,0.0047391370531709165,-0.0022479794173445866,0.3328390752421971
265,2012-01-18,0.3290690533543405,0.3328390752421971,0.3284961252779084,0.329162734984753,0.1023415369422282,0.0014810800273722946,0.0,0.0018462247105142104,0.001354021945638717,-0.03622755269107822,0.3328390752421971
266,2012-01-19,0.3325697060561882,0.3321657752391159,0.3273091859227391,0.3330893165908257,0.0894254008680059,0.003500652701847684,-0.0006733000030811898,-0.0011869393551692808,0.003926581606072677,-0.01291613607422229,0.3321657752391159
267,2012-01-20,0.3335121885945271,0.3337814757875788,0.3288916414693047,0.3347141197421057,0.1175706229371865,0.0009424825383388957,0.001615700548462884,0.0015824555465656087,0.0016248031512799965,0.02814522206918059,0.3337814757875788
268,2012-01-23,0.3337814549680329,0.3305500088529733,0.3269135237958511,0.3315998495626546,0.1088385872813742,0.0002692663735058276,-0.0032314669346054647,-0.0019781176734536277,-0.003114270179451095,-0.008732035655812292,0.3305500088529733
269,2012-01-24,0.3306847272698244,0.3340508177347045,0.3286279490302137,0.3321415332952446,0.0784583798955274,-0.0030967276982085123,0.00350080888173121,0.0017144252343626043,0.0005416837325900037,-0.030380207385846805,0.3340508177347045
270,2012-01-25,0.3353972804909691,0.3355319241202308,0.3295510873537653,0.3355266142306261,0.0795628784531822,0.004712553221144722,0.0014811063855262874,0.00092313832355162,0.0033850809353814793,0.0011044985576548066,0.3355319241202308
271,2012-01-26,0.3345893694078104,0.3356665182831675,0.3291554192943189,0.33539116261996,0.0612022141947555,-0.0008079110831586966,0.00013459416293670756,-0.0003956680594464079,-0.0001354516106660819,-0.018360664258426702,0.3356665182831675
272,2012-01-27,0.3356664408039388,0.3380900252140756,0.331529059736154,0.3355264873380014,0.1501728215390212,0.0010770713961283929,0.0024235069309080925,0.0023736404418350787,0.00013532471804139634,0.0889706073442657,0.3380900252140756
273,2012-01-30,0.3376862169262766,0.3351279880101685,0.3313973067686358,0.335932815550566,0.0786922737077366,0.0020197761223377797,-0.0029620372039070864,-0.00013175296751816168,0.0004063282125645884,-0.0714805478312846,0.3351279880101685
274,2012-01-31,0.3351279938606834,0.3429373243725033,0.3361447471946687,0.3349850061189177,0.1496530575118896,-0.002558223065593168,0.007809336362334773,0.004747440426032867,-0.0009478094316482943,0.070960783804153,0.3429373243725033
275,2012-02-01,0.3456301321335188,0.3397058135461113,0.3420789763322941,0.3398594210382945,0.1119831596455209,0.01050213827283536,-0.0032315108263920034,0.005934229137625424,0.0048744149193767905,-0.03766989786636869,0.3397058135461113
276,2012-02-02,0.3398404453552944,0.3415908121499136,0.3358809261674664,0.340401017862867,0.0823825983003716,-0.00578968677822439,0.0018849986038023125,-0.0061980501648277175,0.0005415968245724989,-0.029600561345149295,0.3415908121499136
277,2012-02-03,0.3397058265657567,0.3356665182831675,0.3348259653799181,0.337015988599548,0.067673276332545,-0.00013461878953768824,-0.005924293866746089,-0.001054960787548298,-0.0033850292633189616,-0.014709321967826608,0.3356665182831675
278,2012-02-06,0.3407830067345166,0.3391672832731123,0.3341666302418457,0.3385054434984291,0.0978715663088957,0.0010771801687599059,0.0035007649899447824,-0.0006593351380724255,0.0014894548988810818,0.030198289976350698,0.3391672832731123
279,2012-02-07,0.3360704206787421,0.3379554310511389,0.3333753323626522,0.3379637751614393,0.0955326281868031,-0.004712586055774515,-0.0012118522219733974,-0.0007912978791934644,-0.0005416683369898201,-0.0023389381220925987,0.3379554310511389
280,2012-02-08,0.3391672597596553,0.3317618610749467,0.3321885095588394,0.3287564639339668,0.182463161724577,0.003096839080913183,-0.0061935699761921925,-0.001186822803812826,-0.009207311227472481,0.0869305335377739,0.3317618610749467
281,2012-02-09,0.3258375117564376,0.3271839477554311,0.3234848503359739,0.3263191944941057,0.1893760232854284,-0.013329748003217678,-0.004577913319515625,-0.008703659222865479,-0.0024372694398611117,0.006912861560851413,0.3271839477554311
282,2012-02-10,0.327722555854734,0.3258375452623074,0.3233530104309021,0.3261838258801918,0.1724447101016138,0.0018850440982963734,-0.0013464024931236773,-0.00013183990507181775,-0.00013536861391388877,-0.016931313183814606,0.3258375452623074
283,2012-02-13,0.3271838981856518,0.3278571160831531,0.3233529281911462,0.3255067322460738,0.0739364328594818,-0.0005386576690821765,0.0020195708208456953,-8.223975589416455e-08,-0.0006770936341179978,-0.098508277242132,0.3278571160831531
284,2012-02-14,0.3247604375971858,0.3296076083075915,0.3244080369831233,0.3261838673058049,0.1230021570207126,-0.0024234605884659866,0.0017504922244384047,0.0010551087919771218,0.0006771350597311043,0.0490657241612308,0.3296076083075915
285,2012-02-15,0.3300114633533175,0.3271839477554311,0.3254629476678287,0.3269962052710644,0.1488993996725486,0.0052510257561316775,-0.0024236605521604226,0.001054910684705368,0.0008123379652594798,0.02589724265183599,0.3271839477554311
286,2012-02-16,0.3271840382251373,0.3234140163855061,0.3213749687121018,0.3234758386752304,0.1158943839496868,-0.002827425128180183,-0.0037699313699249837,-0.004087978955726879,-0.0035203665958339903,-0.03300501572286178,0.3234140163855061
287,2012-02-17,0.3293382008468438,0.3282610521932155,0.3228254409318506,0.3275377696289658,0.1162452246680007,0.002154162621706479,0.004847035807709399,0.0014504722197488107,0.004061930953735415,0.0003508407183138995,0.3282610521932155
288,2012-02-20,0.334724044650766,0.3285304380321275,0.3283642113381222,0.3298397050283027,0.0904909171236258,0.005385843803922208,0.0002693858389120063,0.005538770406271598,0.002301935399336874,-0.02575430754437491,0.3285304380321275
289,2012-02-21,0.3255682411304785,0.3267800335912619,0.320715530398178,0.3257776024570364,0.1193378206294342,-0.009155803520287498,-0.001750404440865605,-0.007648680939944197,-0.004062102571266268,0.028846903505808402,0.3267800335912619
290,2012-02-22,0.3269147602275902,0.3332430113522594,0.3275730180277922,0.328621131327973,0.1307726292263312,0.001346519097111698,0.006462977760997524,0.0068574876296141896,0.0028435288709365847,0.011434808596897009,0.3332430113522594
291,2012-02-23,0.3337814876018589,0.3318964771837766,0.3270454289150198,0.3306520668856422,0.155188544400842,0.0068667273742686885,-0.0013465341684828491,-0.0005275891127723975,0.0020309355576692,0.024415915174510805,0.3318964771837766
292,2012-02-24,0.3331082036515908,0.3313578371813116,0.3262541253871547,0.3307874035580613,0.0949219054549234,-0.0006732839502681109,-0.0005386400024649518,-0.0007913035278651059,0.0001353366724191063,-0.060266638945918605,0.3313578371813116
293,2012-02-27,0.3335122392199614,0.3314925849655006,0.3281004523603403,0.3320061270989353,0.1081239117440682,0.00040403556837065313,0.00013474778418898214,0.001846326973185597,0.0012187235408739894,0.013202006289144794,0.3314925849655006
294,2012-02-28,0.331492474129076,0.3363396427191032,0.3294190739388747,0.3280793543996821,0.1237688089607318,-0.002019765090885417,0.004847057753602613,0.0013186215785344069,-0.003926772699253178,0.015644897216663595,0.3363396427191032
295,2012-02-29,0.3366089779303606,0.3399750677096642,0.3356171588842778,0.3378283558053421,0.1503547389485173,0.005116503801284589,0.003635424990560965,0.006198084945403082,0.009749001405659985,0.026585929987785514,0.3399750677096642
296,2012-03-01,0.3434757673027489,0.3418600443675733,0.3382545885585241,0.3416195823157185,0.1243015670885418,0.006866789372388327,0.0018849766579090987,0.0026374296742462944,0.0037912265103763887,-0.026053171859975507,0.3418600443675733
297,2012-03-02,0.345360902371187,0.3457648332511532,0.338914076872685,0.3439215430383493,0.1155695314327295,0.0018851350684380708,0.003904788883579924,0.0006594883141609054,0.002301960722630836,-0.008732035655812306,0.3457648332511532
298,2012-03-05,0.3448223351857011,0.3429373243725033,0.3386503376994544,0.3440569525255335,0.088853660438161,-0.0005385671854858942,-0.002827508878649909,-0.0002637391732305816,0.00013540948718415713,-0.0267158709945685,0.3429373243725033
299,2012-03-06,0.3434757880896867,0.3456300854669643,0.3402327061583067,0.3444630479617032,0.1144000623716832,-0.0013465470960143944,0.0026927610944609826,0.0015823684588522902,0.00040609543616970667,0.0255464019335222,0.3456300854669643
300,2012-03-07,0.3425334205874507,0.3433412824284588,0.3426065603426036,0.3422967512030426,0.1058369500246887,-0.00094236750223603,-0.0022888030385054825,0.0023738541842969196,-0.002166296758660591,-0.0085631123469945,0.3433412824284588
301,2012-03-08,0.3453608702191938,0.34441836492035,0.3383865526433284,0.3399948480992573,0.1347098417318537,0.0028274496317431397,0.0010770824918912014,-0.004220007699275219,-0.0023019031037853077,0.02887289170716502,0.34441836492035
302,2012-03-09,0.3504773561024421,0.352227723228578,0.3492001809755845,0.3486606153583054,0.4753371969126017,0.005116485883248256,0.007809358308227987,0.010813628332256076,0.008665767259048107,0.34062735518074794,0.352227723228578
303,2012-03-12,0.355459043209038,0.351015805168925,0.3502550412545872,0.3528579568685263,0.0931936900647106,0.004981687106595911,-0.0012119180596529833,0.0010548602790027006,0.004197341510220887,-0.3821435068478911,0.351015805168925
304,2012-03-13,0.3511505201605936,0.3508812329518815,0.3509144782862904,0.3517748113514952,0.1377244730892175,-0.004308523048444368,-0.00013457221704349376,0.0006594370317032361,-0.0010831455170310922,0.044530783024506915,0.3508812329518815
305,2012-03-14,0.3576135398589308,0.3531702993411053,0.3503871097761922,0.3551599911683791,0.0814340289508563,0.00646301969833718,0.0022890663892237706,-0.000527368510098214,0.00338517981688391,-0.056290444138361206,0.3531702993411053
306,2012-03-15,0.3564014977558495,0.3538432701557886,0.3511781034336113,0.3551597428021654,0.0945060942332181,-0.00121204210308129,0.0006729708146833158,0.0007909936574190812,-2.483662137064968e-07,0.013072065282361794,0.3538432701557886
307,2012-03-16,0.3537087432975255,0.3504772968418191,0.3481451366682821,0.3521810125083723,0.0702071259648119,-0.0026927544583240093,-0.0033659733139694836,-0.003032966765329159,-0.002978730293793086,-0.02429896826840619,0.3504772968418191
308,2012-03-19,0.3510159040728736,0.3507466168430516,0.3478814228813044,0.3510978280751856,0.0866576574235297,-0.0026928392246519106,0.0002693200012324759,-0.000263713786977704,-0.0010831844331867235,0.01645053145871779,0.3507466168430516
309,2012-03-21,0.3524969620443494,0.350208020732373,0.3452439381339718,0.3487959696131539,0.1263286467943553,0.0014810579714757965,-0.0005385961106785797,-0.002637484747332608,-0.0023018584620316807,0.039670989370825596,0.350208020732373
310,2012-03-22,0.3503427166588586,0.3542473818329965,0.3469583410545397,0.3513686631664878,0.0987031887523064,-0.002154245385490805,0.004039361100623473,0.0017144029205679034,0.0025726935533338935,-0.027625458042048898,0.3542473818329965
311,2012-03-23,0.3500732833930209,0.3524968676626649,0.3466944500879708,0.3508269081103577,0.0840198549858364,-0.0002694332658376708,-0.001750514170331563,-0.00026389096656892486,-0.0005417550561300777,-0.014683333766469991,0.3524968676626649
312,2012-03-26,0.3530355975774036,0.3498041504599903,0.3493320666218497,0.3517748780682156,0.0720263000597728,0.0029623141843826972,-0.0026927172026746105,0.002637616533878895,0.0009479699578578971,-0.011993554926063604,0.3498041504599903
313,2012-03-27,0.3559976103101041,0.3576133332010727,0.3505187804246793,0.3539411667620213,0.1176615816419345,0.0029620127327004697,0.007809182741082388,0.001186713802829642,0.0021662886938056958,0.04563528158216171,0.3576133332010727
314,2012-03-28,0.3521950243175141,0.3543623783133141,0.3476016609107772,0.3514547660865541,0.0888406663374827,-0.0038025859925899796,-0.003250954887758617,-0.002917119513902111,-0.002486400675467182,-0.028820915304451813,0.3543623783133141
315,2012-03-29,0.3528723745485655,0.3573425428249965,0.3499898156063752,0.3547241651286355,0.0768341173107409,0.0006773502310514212,0.002980164511682426,0.0023881546955979993,0.0032693990420814,-0.012006549026741795,0.3573425428249965
316,2012-03-30,0.3576134153899413,0.3570715768817747,0.3518471833647612,0.357039906039396,0.1098131448322461,0.0047410408413757765,-0.00027096594322179035,0.0018573677583859638,0.0023157409107604776,0.03297902752150521,0.3570715768817747
317,2012-04-02,0.3603226260263552,0.3577488929833098,0.3535719422162448,0.3586745974106527,0.1121910652563736,0.0027092106364138835,0.000677316101535097,0.0017247588514835988,0.0016346913712567135,0.0023779204241274887,0.3577488929833098
318,2012-04-03,0.3549042490988469,0.3489440250681793,0.3477343649347572,0.3507736841096038,0.138504119129915,-0.005418376927508295,-0.008804867915130521,-0.005837577281487594,-0.007900913301048917,0.02631305387354141,0.3489440250681793
319,2012-04-04,0.3454221054170857,0.340139179098942,0.341233447787611,0.3344269792446545,0.184997011356844,-0.009482143681761201,-0.008804845969237307,-0.006500917147146179,-0.016346704864949324,0.046492892226928983,0.340139179098942
320,2012-04-05,0.3387845631009813,0.3360753702733045,0.3323443769408681,0.3344269599894223,0.1835026897788404,-0.006637542316104361,-0.004063808825637505,-0.008889070846742897,-1.9255232186488058e-08,-0.0014943215780035823,0.3360753702733045
321,2012-04-06,0.334991609511391,0.3353979883340899,0.3300888636326036,0.3332008716570009,0.1068374957769172,-0.003792953589590309,-0.0006773819392145719,-0.002255513308264512,-0.0012260883324213823,-0.0766651940019232,0.3353979883340899
322,2012-04-09,0.331063370110225,0.3335016437035081,0.3292929181366842,0.332519847466338,0.1151537202110242,-0.003928239401165989,-0.0018963446305818032,-0.0007959454959193812,-0.0006810241906629044,0.008316224434106997,0.3335016437035081
323,2012-04-10,0.3360752863719212,0.3353979883340899,0.3315482597338731,0.3349717675407053,0.1055640739104446,0.00501191626169617,0.0018963446305818032,0.0022553415971888757,0.0024519200743672864,-0.009589646300579596,0.3353979883340899
324,2012-04-11,0.3311987815441266,0.3372944646400307,0.3315483008217793,0.3311575712922106,0.1476779542087892,-0.004876504827794614,0.0018964763059408085,4.108790618850833e-08,-0.0038141962484947167,0.042113880298344605,0.3372944646400307
325,2012-04-12,0.3353980433931907,0.3364817204316178,0.3322116761341118,0.3330647035727745,0.0948309467501754,0.0041992618490641065,-0.0008127442084129299,0.0006633753123325148,0.001907132280563939,-0.052847007458613815,0.3364817204316178
326,2012-04-13,0.3366171872008842,0.3382427027930011,0.3340690967442428,0.336334057489769,0.2908729436835676,0.0012191438076935013,0.0017609823613833342,0.0018574206101309998,0.0032693539169945107,0.1960419969333922,0.3382427027930011
327,2012-04-16,0.3339080105006536,0.3355335261704337,0.3326097162637134,0.3349718456385285,0.0748460199069622,-0.0027091767002305756,-0.002709176622567422,-0.0014593804805294042,-0.0013622118512405246,-0.21602692377660537,0.3355335261704337
328,2012-04-17,0.3343144371324227,0.3391909848377579,0.3334057982710035,0.3346994478237125,0.1169339120039502,0.00040642663176909677,0.0036574586673241982,0.0007960820072900887,-0.00027239781481597225,0.042087892096988,0.3391909848377579
329,2012-04-18,0.342848297190501,0.3446092722452132,0.3381819084019617,0.3426002725349077,0.0708178486966917,0.008533860058078269,0.005418287407455313,0.004776110130958244,0.007900824711195187,-0.04611606330725851,0.3446092722452132
330,2012-04-19,0.3406809489408988,0.339868191209827,0.3360591558350581,0.3412380504842625,0.0821746926895189,-0.0021673482496021856,-0.00474108103538623,-0.0021227525669036407,-0.0013622220506452343,0.0113568439928272,0.339868191209827
331,2012-04-20,0.337023699968488,0.3385137565197957,0.3342019018904038,0.3381050880008582,0.099261935081473,-0.003657248972410765,-0.0013544346900312698,-0.0018572539446543024,-0.003132962483404278,0.01708724239195411,0.3385137565197957
332,2012-04-23,0.3381072335880895,0.3383781528457723,0.3345997768610525,0.3355167112776552,0.0935445307830245,0.0010835336196014511,-0.00013560367402343232,0.00039787497064874833,-0.002588376723203001,-0.005717404298448511,0.3383781528457723
333,2012-04-24,0.3353980924877263,0.3326888994950952,0.3299562937235155,0.3325198611154141,0.1009251799682943,-0.0027091411003631882,-0.005689253350677048,-0.004643483137537041,-0.002996850162241105,0.0073806491852698025,0.3326888994950952
334,2012-04-25,0.3368881405037818,0.3362108422719688,0.3314156822801537,0.3359254230734357,0.0988981002624808,0.0014900480160555118,0.0035219427768735656,0.0014593885566382414,0.003405561958021608,-0.002027079705813492,0.3362108422719688
335,2012-04-26,0.3372944639588609,0.3404100353126978,0.3363245061568076,0.336470258922206,0.0750539255178149,0.00040632345507912726,0.004199193040729021,0.004908823876653867,0.0005448358487702976,-0.023844174744665908,0.3404100353126978
336,2012-04-27,0.3386490781672616,0.3336370718103861,0.3328750417036294,0.3349718261488977,0.1837755658930845,0.0013546142084006618,-0.006772963502311713,-0.003449464453178175,-0.0014984327733083003,0.1087216403752696,0.3336370718103861
337,2012-05-01,0.3341789075397526,0.3333661497589507,0.3322116769441078,0.3340182638657068,0.0696093973336105,-0.004470170627508985,-0.00027092205143541825,-0.0006633647595216119,-0.0009535622831908785,-0.114166168559474,0.3333661497589507
338,2012-05-02,0.3335016093890843,0.3333661497589507,0.329160211860356,0.3338820410827273,0.0578107539177213,-0.000677298150668304,0.0,-0.0030514650837518142,-0.00013622278297953372,-0.011798643415889203,0.3333661497589507
339,2012-05-07,0.3265930927654928,0.3260512543701954,0.3241185859375864,0.3273432718395453,0.0937264481925206,-0.0069085166235914874,-0.007314895388755294,-0.005041625922769577,-0.006538769243181974,0.0359156942747993,0.3260512543701954
340,2012-05-08,0.3268640119631415,0.3260512543701954,0.3210671215591318,0.3246188168096698,0.0962992801268224,0.0002709191976487113,0.0,-0.0030514643784546047,-0.0027244550298755055,0.0025728319343018002,0.3260512543701954
341,2012-05-09,0.3225293515484602,0.3232066496407501,0.3176176861236318,0.3221668539779388,0.1037448998154837,-0.004334660414681335,-0.0028446047294453103,-0.0034494354355000256,-0.0024519628317309916,0.007445619688661295,0.3232066496407501
342,2012-05-10,0.3223939465555079,0.3221230272726881,0.3178830847518506,0.3221669085649759,0.0900751059019205,-0.0001354049929522816,-0.001083622368061976,0.0002653986282188381,5.4587037057185483e-08,-0.013669793913563197,0.3221230272726881
343,2012-05-11,0.3209038738672425,0.3204974949640758,0.3161583270871911,0.3212133323559449,0.1148288676940668,-0.001490072688265398,-0.0016255323086122875,-0.0017247576646595153,-0.0009535762090309707,0.024753761792146306,0.3204974949640758
344,2012-05-14,0.3240194679783268,0.3248322258411488,0.3221286074360143,0.3236653650221303,0.1004963746459107,0.0031155941110843077,0.004334730877072979,0.005970280348823187,0.0024520326661853775,-0.014332493048156106,0.3248322258411488
345,2012-05-15,0.3264577082894263,0.323748515689514,0.3271701256027365,0.3250275598578107,0.1661165830712856,0.00243824031109946,-0.0010837101516347758,0.005041518166722214,0.001362194835680397,0.0656202084253749,0.323748515689514
346,2012-05-16,0.3217165920998519,0.3167045862439805,0.3168216501111514,0.3163092731060526,0.1521089425400868,-0.004741116189574401,-0.007043929445533503,-0.01034847549158513,-0.008718286751758064,-0.014007640531198795,0.3167045862439805
347,2012-05-17,0.3150790838030087,0.3137244875699778,0.3095246818005722,0.3133123850540134,0.1386340601366979,-0.006637508296843175,-0.002980098674002729,-0.007296968310579188,-0.002996888052039237,-0.0134748824033889,0.3137244875699778
348,2012-05-18,0.3092543341708585,0.3097961726888977,0.3067385757018145,0.3096343842863283,0.1117622599339899,-0.0058247496321501835,-0.003928314881080086,-0.002786106098757679,-0.0036780007676850968,-0.026871800202708004,0.3097961726888977
349,2012-05-21,0.3112861615949687,0.3076287523856283,0.3050137689073452,0.3092256493643543,0.0995867875984303,0.0020318274241101775,-0.002167420303269385,-0.0017248067944692913,-0.00040873492197396333,-0.0121754723355596,0.3076287523856283
350,2012-05-22,0.3077643051440137,0.306003329806482,0.3014317062727377,0.3024146032518804,0.1326437797240053,-0.0035218564509549855,-0.0016254225791463295,-0.00358206263460753,-0.006811046112473906,0.03305699212557499,0.306003329806482
351,2012-05-23,0.3038359337529815,0.3019394990349513,0.2995742513839806,0.3026870072065048,0.110384885262091,-0.003928371391032193,-0.004063830771530663,-0.001857454888757104,0.0002724039546244117,-0.022258894461914286,0.3019394990349513
352,2012-05-24,0.3020749586576677,0.3019394990349513,0.3003702857100674,0.3022783388799434,0.1074092362067621,-0.0017609750953138104,0.0,0.0007960343260868252,-0.00040866832656144547,-0.002975649055328905,0.3019394990349513
353,2012-05-25,0.3078997435725161,0.3028877371879217,0.3015643579022997,0.303231919126171,0.0857480703760492,0.005824784914848391,0.0009482381529704043,0.0011940721922322761,0.0009535802462276033,-0.021661165830712897,0.3028877371879217
354,2012-05-28,0.3041068666601793,0.3011267548265383,0.2981148685120673,0.3005074562982414,0.0689986746017308,-0.003792876912336818,-0.0017609823613834452,-0.0034494893902323742,-0.002724462827929597,-0.0167493957743184,0.3011267548265383
355,2012-05-29,0.3008558615382731,0.3004494826167896,0.2957267909531297,0.2995539226837176,0.0907118168351568,-0.003251005121906181,-0.0006772722097486694,-0.002388077558937607,-0.0009535336145237716,0.021713142233426005,0.3004494826167896
356,2012-05-30,0.2989594075081921,0.3007203827223318,0.2949307377162996,0.2998263491520763,0.1101120091478468,-0.0018964540300809851,0.00027090010554220445,-0.0007960532368301299,0.00027242646835867745,0.019400192312689996,0.3007203827223318
357,2012-05-31,0.2980111593923539,0.2977402401565427,0.2930732939791525,0.2957396351518127,0.129473219158502,-0.0009482481158382128,-0.002980142565789101,-0.0018574437371470798,-0.004086714000263614,0.01936121001065519,0.2977402401565427
358,2012-06-01,0.2962502485506766,0.2986885222012995,0.2961248229513648,0.2960121448326815,0.1170378648093765,-0.0017609108416772878,0.0009482820447567764,0.0030515289722122807,0.00027250968086883764,-0.012435354349125488,0.2986885222012995
359,2012-06-04,0.290831789666411,0.2957083357437239,0.2897564744648636,0.2901544916001176,0.1061358143402895,-0.00541845888426562,-0.0029801864575755843,-0.006368348486501196,-0.005857653232563931,-0.010902050469087002,0.2957083357437239
360,2012-06-05,0.2967920044893209,0.3001784947276747,0.2955940509877207,0.2981916265957189,0.1137373632370903,0.005960214822909926,0.004470158983950812,0.005837576522857102,0.008037134995601325,0.0076015488968008,0.3001784947276747
361,2012-06-06,0.3015331301580821,0.30397140344777,0.3010336576232031,0.3030956855761215,0.1753683827542295,0.00474112566876117,0.0037929087200953004,0.00543960663548243,0.004904058980402581,0.0616310195171392,0.30397140344777
362,2012-06-07,0.3060033346567339,0.2978757560469933,0.3005030041942984,0.2964208050029116,0.2169495049247641,0.00447020449865182,-0.006095647400776727,-0.0005306534289047371,-0.006674880573209863,0.04158112217053461,0.2978757560469933
363,2012-06-08,0.2980111785574686,0.2974693400510005,0.2949307263077332,0.2953309858325164,0.4263494373554406,-0.00799215609926529,-0.00040641599599278155,-0.005572277886565169,-0.0010898191703952453,0.2093999324306765,0.2974693400510005
364,2012-06-11,0.3019394888946402,0.2999075946221325,0.2957267422095653,0.2999625416221778,0.1157124665401907,0.003928310337171559,0.0024382545711320036,0.0007960159018320923,0.004631555789661401,-0.31063697081524994,0.2999075946221325
365,2012-06-12,0.2942183414720578,0.2963856957370454,0.2916139486927312,0.2946499044427798,0.091166610358897,-0.007721147422582397,-0.003521898885087138,-0.004112793516834079,-0.005312637179398005,-0.024545856181293693,0.2963856957370454
366,2012-06-13,0.2967920926086179,0.2992303663041702,0.2944000870238866,0.2981917151305719,0.0885937784245952,0.0025737511365601096,0.0028446705671248407,0.0027861383311553745,0.003541810687792135,-0.0025728319343018002,0.2992303663041702
367,2012-06-14,0.2971984016849202,0.2977402401565427,0.2944000178088454,0.2984640905654637,0.1163881597754619,0.0004063090763022914,-0.0014901261476275018,-6.921504119850042e-08,0.0002723754348917806,0.02779438135086669,0.2977402401565427
368,2012-06-15,0.29760479687559,0.2971984179995651,0.2945327063601258,0.2987365525059092,0.1267054757140258,0.0004063951906698171,-0.0005418221569776227,0.00013268855128040213,0.00027246194044550087,0.0103173159385639,0.2971984179995651
369,2012-06-18,0.3016686483002379,0.3000431324584764,0.2954614744668997,0.3003712882387381,0.1047974219704254,0.00406385142464788,0.002844714458911324,0.0009287681067738918,0.001634735732828907,-0.0219080537436004,0.3000431324584764
370,2012-06-19,0.3001785644046358,0.2973339119441226,0.2954614471949821,0.2977830274298401,0.0822006808908755,-0.0014900838956020679,-0.002709220514353794,-2.7271917613092e-08,-0.002588260808898013,-0.022596741079549898,0.2973339119441226
371,2012-06-20,0.3004494993430142,0.3064097238565816,0.3009010315031329,0.3020059497777672,0.1447152992541386,0.00027093493837837546,0.009075811912458986,0.0054395843081508355,0.004222922347927094,0.0625146183632631,0.3064097238565816
372,2012-06-21,0.3084415712520798,0.3114216830516168,0.3060752086278683,0.3101792702450492,0.1296031601652849,0.007992071909065646,0.0050119591950352205,0.005174177124735391,0.00817332046728203,-0.015112139088853699,0.3114216830516168
373,2012-06-22,0.3087124447641118,0.3049195757630609,0.3050137842964497,0.304185422849779,0.1472231606850489,0.0002708735120319772,-0.006502107288555936,-0.0010614243314185923,-0.005993847395270202,0.017620000519764006,0.3049195757630609
374,2012-06-25,0.3007204018977786,0.3004494826167896,0.2978495494346237,0.3018697101714953,0.1089035577847657,-0.007992042866333204,-0.004470093146271281,-0.007164234861825991,-0.0023157126782837323,-0.0383196029002832,0.3004494826167896
375,2012-06-26,0.2990949148841155,0.3000431324584764,0.2971862158984532,0.2986003917547909,0.1221835286779802,-0.0016254870136631072,-0.00040635015831319565,-0.0006633335361705406,-0.0032693184167043587,0.013279970893214504,0.3000431324584764
376,2012-06-27,0.3015331089661862,0.3061387359674667,0.299839585021634,0.3028232187334877,0.071454559629928,0.0024381940820706882,0.006095603508990299,0.0026533691231808154,0.004222826978696803,-0.0507289690480522,0.3061387359674667
377,2012-06-28,0.3061387221134625,0.3100670508485467,0.3047484493924038,0.3073185562512848,0.1007952389615114,0.004605613147276311,0.003928314881079975,0.0049088643707698165,0.004495337517797071,0.029340679331583394,0.3100670508485467
378,2012-06-29,0.3081706864965703,0.3180592403929438,0.3128415356480284,0.3092257454015857,0.1510824085865017,0.0020319643831078205,0.007992189544397121,0.008093086255624604,0.0019071891503009142,0.050287169624990316,0.3180592403929438
379,2012-07-02,0.3188719662394264,0.3160273140342319,0.3131068490326614,0.3159006306630549,0.0627874944775072,0.010701279742856062,-0.0020319263587119107,0.0002653133846329814,0.006674885261469199,-0.08829491410899451,0.3160273140342319
380,2012-07-03,0.3160273282492912,0.3195492787569987,0.3139028975141102,0.3178077639013998,0.0557316978091946,-0.0028446379901351793,0.0035219647227667794,0.0007960484814488189,0.0019071332383449047,-0.007055796668312603,0.3195492787569987
381,2012-07-04,0.320362058725667,0.3217166551684817,0.3173524018553969,0.32189446980013,0.0757556069544426,0.004334730476375781,0.002167376411483013,0.0034495043412867132,0.00408670589873017,0.020023909145248,0.3217166551684817
382,2012-07-05,0.3209038136203095,0.321039273229267,0.3166889572280147,0.3221668313827019,0.0523792198341952,0.0005417548946425321,-0.0006773819392146829,-0.0006634446273822148,0.0002723615825719339,-0.0233763871202474,0.321039273229267
383,2012-07-06,0.3210393857345718,0.3191429505445786,0.3168217406294898,0.3191700424758641,0.0674133943189791,0.00013557211426229454,-0.001896322684688423,0.0001327834014751006,-0.0029967889068377995,0.015034174484783898,0.3191429505445786
384,2012-07-09,0.3167046507349929,0.3171098391076343,0.3141682664298039,0.3178077882972224,0.0859039995841887,-0.004334734999578926,-0.0020331114369442904,-0.0026534741996859235,-0.0013622541786417197,0.01849060526520961,0.3171098391076343
385,2012-07-10,0.3175174439339774,0.3188765712930336,0.3154950256300117,0.3184889377236423,0.0689986746017308,0.0008127931989845294,0.0017667321853993,0.0013267592002078055,0.0006811494264198914,-0.016905324982457906,0.3188765712930336
386,2012-07-11,0.3165691791125017,0.3146615991551006,0.3108514444237024,0.3148108748252544,0.0747420671015359,-0.0009482648214756972,-0.004214972137932982,-0.004643581206309311,-0.0036780628983879016,0.0057433924998051,0.3146615991551006
387,2012-07-12,0.3157564012012097,0.3134535874644356,0.3101880626835053,0.3129037358331693,0.0989370825645157,-0.0008127779112920286,-0.001208011690665034,-0.0006633817401970887,-0.0019071389920850557,0.024195015462979794,0.3134535874644356
388,2012-07-13,0.2943538284576876,0.2914615201147718,0.291083286108427,0.2913805844433214,0.4896177135580446,-0.021402572743522086,-0.021992067349663802,-0.01910477657507831,-0.02152315138984795,0.3906806309935289,0.2914615201147718
389,2012-07-17,0.2904253982141787,0.2902899386068027,0.2884297381548942,0.2883835831182095,0.1871020556667273,-0.003928430243508918,-0.0011715815079690883,-0.0026535479535327866,-0.002997001325111881,-0.3025156578913173,0.2902899386068027
390,2012-07-18,0.2902900013875484,0.287851727927457,0.2873684213225418,0.2874300859597887,0.137347644169547,-0.00013539682663027408,-0.002438210679345687,-0.001061316832352388,-0.0009534971584208018,-0.049754411497180295,0.287851727927457
391,2012-07-19,0.2864971066850476,0.2844415994763885,0.2852456381339227,0.2830709321158404,0.1821383092076197,-0.0037928947025008264,-0.003410128451068528,-0.0021227831886191373,-0.004359153843948305,0.04479066503807269,0.2844415994763885
392,2012-07-20,0.2843297362167515,0.2859552516215162,0.2813981225289404,0.2844331434173833,0.1235479092492008,-0.0021673704682960704,0.0015136521451277196,-0.0038475156049822545,0.0013622113015429038,-0.0585903999584189,0.2859552516215162
393,2012-07-23,0.2856843432224679,0.2795886602234109,0.2811327884271044,0.2804826937299393,0.1683775565893084,0.0013546070057163795,-0.0063665913981053035,-0.00026533410183604555,-0.003950449687444013,0.044829647340107595,0.2795886602234109
394,2012-07-24,0.2833815131236812,0.2801304823803885,0.2782139796891265,0.28089134567876,0.1596455209334961,-0.002302830098786679,0.0005418221569776227,-0.002918808737977896,0.0004086519488207263,-0.008732035655812292,0.2801304823803885
395,2012-07-25,0.2783695367208784,0.2766085615494081,0.2748971991637121,0.2762598007028807,0.090854751942618,-0.00501197640280282,-0.0035219208309804073,-0.003316780525414398,-0.004631544975879309,-0.0687907689908781,0.2766085615494081
396,2012-07-26,0.2779631710148974,0.2745693052623706,0.2726417814030198,0.272718021317219,0.1233659918397047,-0.00040636570598096,-0.002039256287037494,-0.0022554177606922687,-0.003541779385661692,0.03251123989708671,0.2745693052623706
397,2012-07-27,0.2772858326586568,0.2782340499662341,0.2756932066458713,0.2755786599286364,0.1411809038696432,-0.0006773383562406199,0.003664744703863465,0.003051425242851513,0.0028606386114173876,0.017814912029938484,0.2782340499662341
398,2012-07-30,0.2791823091173384,0.2822978807377647,0.2778160063723634,0.2807551671968726,0.101133085579147,0.001896476458681573,0.004063830771530608,0.0021227997264920972,0.005176507268236208,-0.04004781829049618,0.2822978807377647
399,2012-07-31,0.2818914978234462,0.2829751748934066,0.2786120368138902,0.2796653809128304,0.0930377608565711,0.0027091887061078124,0.0006772941556419387,0.0007960304415267627,-0.0010897862840422157,-0.008095324722575903,0.2829751748934066
400,2012-08-01,0.280130498712216,0.2795886602234109,0.2752952033913363,0.2798015798549272,0.0941682476155825,-0.001760999111230177,-0.0033865146699957327,-0.0033168334225539,0.00013619894209682126,0.0011304867590113954,0.2795886602234109
401,2012-08-02,0.2805369303256066,0.280229897276541,0.2772853413344048,0.2778945132548511,0.1059279087294368,0.00040643161339060097,0.0006412370531301281,0.001990137943068515,-0.0019070666000761127,0.011759661113854306,0.280229897276541
402,2012-08-03,0.2699710369113315,0.268887359894126,0.2685289214568507,0.2680864310000715,0.1837235894903713,-0.010565893414275107,-0.01134253738241503,-0.0087564198775541,-0.009808082254779582,0.07779568076093449,0.268887359894126
403,2012-08-06,0.2730865906028444,0.2650944731199238,0.2674675249525801,0.2659068492536616,0.2172613633410431,0.0031155536915128956,-0.0037928867742021977,-0.0010613965042706175,-0.00217958174640992,0.033537773850671804,0.2650944731199238
404,2012-08-07,0.2657717907451359,0.2651343268619576,0.2620279764910903,0.2641359726421304,0.1336963018789469,-0.007314799857708498,3.9853742033801876e-05,-0.005439548461489807,-0.0017708766115311914,-0.08356506146209619,0.2651343268619576
405,2012-08-08,0.2680746097371325,0.2653654171172524,0.265079446785154,0.2656344284971138,0.1900517165206996,0.0023028189919965802,0.00023109025529483018,0.0030514702940637184,0.0014984558549833715,0.0563554146417527,0.2653654171172524
406,2012-08-09,0.2655008747280611,0.2694292039969967,0.2645487551890599,0.2650895353446796,0.1673640167364016,-0.002573735009071376,0.004063786879744291,-0.0005306915960940906,-0.0005448931524341671,-0.022687699784297993,0.2694292039969967
407,2012-08-10,0.2669909223338089,0.2686164378426906,0.2638853849881369,0.2679502054298954,0.1139582629486213,0.0014900476057477796,-0.0008127661543060882,-0.0006633702009229969,0.0028606700852157885,-0.05340575378778031,0.2686164378426906
408,2012-08-13,0.2673973376663884,0.2664280372655311,0.2625586968773985,0.2672691279749691,0.0471815795628784,0.0004064153325795128,-0.0021884005771595216,-0.0013266881107383832,-0.0006810774549262932,-0.0667766833857429,0.2664280372655311
409,2012-08-14,0.2678036896370691,0.2684809877899195,0.2668041870954551,0.2683588833341943,0.1097871566308895,0.00040635197068067397,0.0020529505243884194,0.004245490218056591,0.0010897553592251752,0.0626055770680111,0.2684809877899195
410,2012-08-15,0.2722738867746186,0.270241992097196,0.2674675778833327,0.2693124718278625,0.0509758569609397,0.004470197137549536,0.0017610043072764925,0.0006633907878775824,0.0009535884936682226,-0.0588112996699498,0.270241992097196
411,2012-08-16,0.2715965106947842,0.2722738087264421,0.2669368117263664,0.2708108449780612,0.0590062111801242,-0.0006773760798344242,0.0020318166292460638,-0.0005307661569662891,0.0014983731501986841,0.0080303542191845,0.2722738087264421
412,2012-08-17,0.2709192933265758,0.2748476230798111,0.2705190463047476,0.2713558168076541,0.0762753709815743,-0.0006772173682083604,0.0025738143533690083,0.0035822345783811937,0.0005449718295928996,0.0172691598014501,0.2748476230798111
413,2012-08-20,0.2759312538588542,0.2767440116021792,0.2717130523199374,0.2768046822506246,0.0797967722653915,0.00501196053227837,0.0018963885223681198,0.001194006015189819,0.0054488654429705186,0.0035214012838171993,0.2767440116021792
414,2012-08-21,0.2770149307338553,0.2769405370756992,0.2730397760937854,0.2780306871243832,0.0639699576392317,0.001083676875001105,0.00019652547352000393,0.0013267237738479598,0.0012260048737586238,-0.0158268146261598,0.2769405370756992
415,2012-08-22,0.2763376530254973,0.2659072612201232,0.2709170378838449,0.2667242163639061,0.2043322331661425,-0.000677277708358015,-0.011033275855576008,-0.002122738209940467,-0.011306470760477139,0.14036227552691077,0.2659072612201232
416,2012-08-23,0.2672618109395537,0.2709192204151583,0.2656100956101502,0.2659068332611111,0.1279659034798201,-0.009075842085943586,0.0050119591950351094,-0.005306942273694715,-0.0008173831027949996,-0.0763663296863224,0.2709192204151583
417,2012-08-24,0.2701065258301802,0.2728157186669924,0.2686616229838803,0.2701298019939894,0.1193897970321474,0.0028447148906264874,0.0018964982518340778,0.0030515273737301007,0.004222968732878307,-0.00857610644767269,0.2728157186669924
418,2012-08-27,0.2755249102097267,0.2737639348740696,0.2711823974320222,0.2748975985191914,0.0782764624860313,0.005418384379546504,0.0009482162070771905,0.002520774448141916,0.004767796525201984,-0.0411133345461161,0.2737639348740696
419,2012-08-28,0.2772858181179192,0.2715965145708002,0.2719783657299003,0.2721730764527383,0.1304347826086956,0.0017609079081924994,-0.002167420303269385,0.0007959682978780913,-0.0027245220664530723,0.05215832012266429,0.2715965145708002
420,2012-08-29,0.2740348209704351,0.2726802247224349,0.2686615891867011,0.2728542235644315,0.0652303854050261,-0.0032509971474841137,0.0010837101516347203,-0.003316776543199229,0.0006811471116932033,-0.0652043972036695,0.2726802247224349
421,2012-08-30,0.2733575681742854,0.2717320524071441,0.269324995794484,0.2713558180065804,0.0781595155799267,-0.0006772527961496633,-0.0009481723152908184,0.0006634066077829126,-0.0014984055578511346,0.012929130174900605,0.2717320524071441
422,2012-08-31,0.269835548503249,0.2692937100524393,0.2674675137923027,0.2701297438874562,0.1630499753112087,-0.003522019671036436,-0.0024383423547048033,-0.0018574820021812766,-0.0012260741191241764,0.08489045973128201,0.2692937100524393
423,2012-09-03,0.2676682354563691,0.2594051978233536,0.2625586757893503,0.2608666355575697,0.1659606538631461,-0.002167313046879893,-0.00988851222908571,-0.004908838002952387,-0.009263108329886471,0.0029106785519373846,0.2594051978233536
424,2012-09-04,0.2584569748292419,0.2588633537204828,0.2555270331936282,0.2575972831466449,0.1223784401881545,-0.009211260627127182,-0.000541844102870781,-0.007031642595722143,-0.003269352410924853,-0.0435822136749916,0.2588633537204828
425,2012-09-05,0.2599470211510849,0.2589988037732539,0.2565884028668806,0.2590957241812898,0.0998726578133527,0.0014900463218430193,0.00013545005277110223,0.0010613696732524325,0.001498441034644915,-0.022505782374801803,0.2589988037732539
426,2012-09-06,0.2595406749830224,0.2557478049937089,0.2556597283537455,0.2566437465163355,0.0855531588658748,-0.0004063461680625102,-0.003250998779544989,-0.0009286745131351082,-0.002451977664954308,-0.014319498947477888,0.2557478049937089
427,2012-09-07,0.260759828582615,0.2573733373023212,0.2555270724265463,0.2577335455015998,0.1103588970607344,0.0012191535995925706,0.0016255323086122875,-0.00013265592719918784,0.0010897989852643453,0.024805738194859595,0.2573733373023212
428,2012-09-10,0.2573732882684009,0.2589988037732539,0.2553943513540564,0.2588232786248426,0.0548870812651056,-0.0033865403142140926,0.0016254664709327016,-0.00013272107248990528,0.0010897331232427865,-0.0554718157956288,0.2589988037732539
429,2012-09-11,0.2587279324609078,0.2583215535093985,0.2555270710897606,0.2588233265809804,0.1128927466930013,0.0013546441925069153,-0.0006772502638554001,0.00013271973570416762,4.795613778307839e-08,0.058005665427895696,0.2583215535093985
430,2012-09-12,0.2599470406294716,0.2705128922027383,0.2672022141140165,0.2607304170570597,0.2099196964578081,0.0012191081685637983,0.01219133869333977,0.01167514302425593,0.0019070904760792873,0.09702694976480682,0.2705128922027383
431,2012-09-13,0.2706482958276542,0.2672618056396205,0.2650794008517765,0.2671328328302058,0.1109696197926141,0.010701255198182602,-0.0032510865631177888,-0.0021228132622400087,0.006402415773146097,-0.09895007666519401,0.2672618056396205
432,2012-09-14,0.2673973734701511,0.2703774860417535,0.2658755426956515,0.2684951690999206,0.2885989760648665,-0.0032509223575031276,0.003115680402133003,0.0007961418438749979,0.0013623362697148256,0.1776293562722524,0.2703774860417535
433,2012-09-18,0.2718674623852734,0.2764730895507438,0.2742338249267188,0.2731266645100499,0.2196782660672055,0.0044700889151222944,0.006095603508990299,0.008358282231067327,0.004631495410129305,-0.068920709997661,0.2764730895507438
434,2012-09-19,0.2789114062321041,0.283923413046377,0.2829902466124884,0.2795291785223445,0.2625328101042127,0.007043943846830714,0.007450323495633238,0.008756421685769566,0.00640251401229458,0.0428545440370072,0.283923413046377
435,2012-09-20,0.2814851598631688,0.2848716511993474,0.2806021636036615,0.2827985461368733,0.2470958184984017,0.0025737536310647124,0.0009482381529703487,-0.002388083008826869,0.003269367614528784,-0.015436991605810996,0.2848716511993474
436,2012-09-21,0.286226217564738,0.286226217564738,0.2819288580653299,0.2852505265862706,0.1113334546116063,0.004741057701569185,0.0013545663653906082,0.0013266944616683873,0.0024519804493973174,-0.1357623638867954,0.286226217564738
437,2012-09-24,0.286090767344441,0.283923413046377,0.2823268845716715,0.2840245308085226,0.1207801658047246,-0.00013545022029698428,-0.002302804518360957,0.00039802650634157555,-0.0012259957777480124,0.009446711193118296,0.283923413046377
438,2012-09-25,0.2793176930869137,0.2864970518326006,0.2821941191392271,0.2808913138930371,0.0904779230229475,-0.006773074257527323,0.0025736387862235754,-0.00013276543244439276,-0.0031332169154854594,-0.030302242781777095,0.2864970518326006
439,2012-09-26,0.2856781539978646,0.2815833882931652,0.2827410442763456,0.2826207289383557,0.1285506380103433,0.006360460910950938,-0.004913663539435398,0.0005469251371185146,0.0017294150453185941,0.0380727149873958,0.2815833882931652
440,2012-09-27,0.2802184938726318,0.2789900640407498,0.275121099851448,0.2785029214438814,0.1128277761896099,-0.005459660125232801,-0.00259332425241543,-0.007619944424897607,-0.004117807494474324,-0.015722861820733403,0.2789900640407498
441,2012-09-28,0.2791265604581909,0.2702545670939941,0.273383215592796,0.2705417774533898,0.1422204319239065,-0.0010919334144409154,-0.008735496946755683,-0.0017378842586520116,-0.007961143990491582,0.029392655734296586,0.2702545670939941
442,2012-10-01,0.2677977174578551,0.2698451006188478,0.266030620770754,0.267659302821619,0.0825905039112243,-0.01132884300033582,-0.00040946647514628065,-0.00735259482204198,-0.002882474631770826,-0.05962992801268219,0.2698451006188478
443,2012-10-02,0.2688896315779983,0.2690261237767688,0.2666990160421745,0.2668357123503016,0.1331635437511369,0.0010919141201432003,-0.0008189768420789889,0.0006683952714204855,-0.0008235904713173592,0.0505730398399126,0.2690261237767688
444,2012-10-03,0.2686166615432657,0.2598811603548668,0.2630895697419639,0.2605217125106711,0.1130616700018191,-0.0002729700347325892,-0.00914496342190202,-0.0036094463002105948,-0.006313999839630546,-0.020101873749317795,0.2598811603548668
445,2012-10-04,0.2585162367910484,0.2537390096064197,0.2531969726595453,0.2513252122410194,0.1401673640167364,-0.010100424752217285,-0.006142150748447095,-0.009892597082418575,-0.009196500269651686,0.027105694014917303,0.2537390096064197
446,2012-10-05,0.2576972545870587,0.2557863639280445,0.2538653627364429,0.2558548022655303,0.1373996205722601,-0.0008189822039896821,0.0020473543216247836,0.0006683900768975626,0.004529590024510921,-0.002767743444476306,0.2557863639280445
447,2012-10-09,0.2566053676465918,0.247869865769261,0.2514591055452476,0.2480309650336361,0.1991865692975389,-0.001091886940466913,-0.00791649815878348,-0.0024062571911953046,-0.007823837231894198,0.06178694872527879,0.247869865769261
448,2012-10-10,0.2432291380722908,0.2404992936494817,0.2400959956462766,0.2408933909077042,0.1287975259232308,-0.013376229574301013,-0.007370572119779317,-0.011363109898970991,-0.007137574125931911,-0.0703890433743081,0.2404992936494817
449,2012-10-11,0.2404992491841095,0.2402262647923001,0.2378233281088418,0.2406188240374232,0.1374515969749733,-0.002729888888181292,-0.0002730288571815842,-0.002272667537434797,-0.00027456687028099003,0.008654071051742512,0.2402262647923001
450,2012-10-12,0.240499244596793,0.2484157918082652,0.2439727743226156,0.2418541699184651,0.2508381194937498,-4.5873164988829984e-09,0.008189527015965092,0.006149446213773807,0.0012353458810418771,0.11338652251877648,0.2484157918082652
451,2012-10-15,0.2437750572360229,0.2484157918082652,0.2434380394747853,0.2426777368988912,0.2039813924478286,0.003275812639229908,0.0,-0.0005347348478303149,0.0008235669804260992,-0.0468567270459212,0.2484157918082652
452,2012-10-16,0.2493712145251796,0.2481427848969767,0.2451759054748608,0.2469328105495732,0.1463655500402817,0.005596157289156689,-0.0002730069112885092,0.0017378660000754997,0.004255073650682006,-0.057615842407546886,0.2481427848969767
453,2012-10-17,0.2510091616296327,0.2518281148486528,0.2494538245490659,0.2510506860182028,0.1014709321967826,0.0016379471044531135,0.003685329951676114,0.004277919074205105,0.0041178754686296,-0.0448946178434991,0.2518281148486528
454,2012-10-18,0.2518280747458353,0.258516191636104,0.2535979795347188,0.2529723021597726,0.125289118740092,0.0008189131162025798,0.006688076787451203,0.004144154985652904,0.0019216161415698263,0.02381818654330939,0.258516191636104
455,2012-10-19,0.2553768831770773,0.2589256800571436,0.2546674608188115,0.25612932039206,0.1597624678396008,0.003548808431242001,0.0004094884210396055,0.001069481284092677,0.0031570182322873674,0.034473349099508804,0.2589256800571436
456,2012-10-22,0.258925746414868,0.2591987308602184,0.2562717309739612,0.2577765203484562,0.1071103718911614,0.0035488632377906892,0.00027305080307477025,0.0016042701551497451,0.001647199956396228,-0.05265209594843939,0.2591987308602184
457,2012-10-23,0.2624744947229673,0.2620650181321359,0.2585443058257825,0.2609334785952185,0.0974557550871904,0.0035487483080993143,0.0028662872719175114,0.0022725748518213074,0.0031569582467622648,-0.009654616803971006,0.2620650181321359
458,2012-10-24,0.2579702509002497,0.256195852349084,0.2558706302024791,0.2573646869310003,0.1070583954884482,-0.00450424382271758,-0.005869165783051911,-0.002673675623303451,-0.003568791664218196,0.0096026404012578,0.256195852349084
459,2012-10-25,0.2563323541165826,0.2608365967608037,0.2556032723168321,0.2575019577122908,0.0859689700875802,-0.0016378967836671032,0.004640744411719688,-0.0002673578856469683,0.0001372707812904994,-0.021089425400868,0.2608365967608037
460,2012-10-26,0.2626109993965956,0.2574242956663093,0.2594801041623942,0.2586000510411956,0.0747290730008576,0.006278645280012984,-0.0034123010944943633,0.00387683184556209,0.0010980933289048145,-0.0112398970867226,0.2574242956663093
461,2012-10-29,0.2598811769539424,0.2627475134644638,0.2586780233569334,0.2607962515206816,0.0669586007952389,-0.0027298224426531847,0.005323217798154478,-0.000802080805460792,0.002196200479485988,-0.007770472205618703,0.2627475134644638
462,2012-10-30,0.2634299897631498,0.2591987308602184,0.2598811919735944,0.2605217442073321,0.0897892356869981,0.00354881280920738,-0.003548782604245404,0.0012031686166609767,-0.0002745073133494924,0.02283063489175921,0.2591987308602184
463,2012-10-31,0.2623379581335078,0.2570147633534834,0.2569400577603903,0.2579136892758884,0.1016918319083136,-0.0010920316296419985,-0.002183967506734996,-0.0029411342132040774,-0.0026080549314436707,0.011902596221315495,0.2570147633534834
464,2012-11-01,0.2598811439623906,0.2572877922106651,0.2564053673456097,0.2576392115584897,0.0566282907559967,-0.0024568141711172053,0.000273028857181723,-0.0005346904147806031,-0.0002744777173987467,-0.0450635411523169,0.2572877922106651
465,2012-11-02,0.2616555351917883,0.2590621835127878,0.2568064112921108,0.259835382953332,0.0609293380805114,0.0017743912293977093,0.001774391302122702,0.00040104394650108954,0.0021961713948422945,0.004301047324514702,0.2590621835127878
466,2012-11-05,0.2561958596486837,0.2544214610469613,0.2538653817130882,0.2553057767097915,0.0659970373450453,-0.005459675543104614,-0.00464072246582653,-0.0029410295790225915,-0.004529606243540485,0.005067699264533904,0.2544214610469613
467,2012-11-06,0.2529199844451881,0.2510090941147874,0.2481169205959062,0.2487171791732342,0.0880870084981418,-0.003275875203495593,-0.0034123669321738936,-0.005748461117181997,-0.0065885975365573,0.022089971153096494,0.2510090941147874
468,2012-11-07,0.2527835190479653,0.2481427848969767,0.2478495794713151,0.2469328105495732,0.0972738376776943,-0.00013646539722278472,-0.0028663092178106975,-0.0002673411245910917,-0.0017843686236609924,0.009186829179552505,0.2481427848969767
469,2012-11-08,0.2441845965321339,0.2473239177843637,0.2447749394621917,0.2452857620026037,0.0675823176277969,-0.008598922515831414,-0.0008188671126130032,-0.003074640009123414,-0.0016470485469694818,-0.029691520049897405,0.2473239177843637
470,2012-11-09,0.2456859516906894,0.2450034907137708,0.2518601171707628,0.2445993969184235,0.150653603264118,0.0015013551585555118,-0.0023204270705928787,0.007085177708571089,-0.0006863650841802127,0.0830712856363211,0.2450034907137708
471,2012-11-12,0.2443210758414145,0.2404992936494817,0.2392938932109327,0.239795301376501,0.079822760466748,-0.0013648758492749158,-0.004504197064289117,-0.012566223959830092,-0.004804095541922487,-0.07083084279737001,0.2404992936494817
472,2012-11-13,0.2417276699615606,0.2411817011982369,0.2370212170110574,0.2399325092883506,0.06451570986772,-0.002593405879853905,0.0006824075487552039,-0.0022726761998752842,0.00013720791184959613,-0.015307050599027996,0.2411817011982369
473,2012-11-14,0.2411816940719862,0.2429560925003596,0.2390264655915593,0.2410305914539254,0.0658411081369058,-0.0005459758895743905,0.001774391302122702,0.002005248580501884,0.001098082165574804,0.001325398269185804,0.2429560925003596
474,2012-11-15,0.2437750321266707,0.2467778600700003,0.2427695959092071,0.2436385399474284,0.0866316692221731,0.0025933380546845075,0.0038217675696406994,0.003743130317647808,0.0026079484935029873,0.020790561085267292,0.2467778600700003
475,2012-11-16,0.250872650209997,0.258243228616602,0.2561379910104478,0.2522860172534336,0.2009667610904649,0.00709761808332629,0.011465368546601684,0.013368395101240715,0.00864747730600518,0.11433509186829181,0.258243228616602
476,2012-11-19,0.2634299513567755,0.2675247174400414,0.2633569308367721,0.2649140637587854,0.1512383377946412,0.012557301146778499,0.009281488823439432,0.0072189398263242666,0.01262804650535182,-0.04972842329582372,0.2675247174400414
477,2012-11-20,0.2688896220536951,0.2697085752173104,0.2657632206074106,0.2682083145391757,0.1320330569921255,0.005459670696919605,0.0021838577772689827,0.0024062897706385034,0.0032942507803903065,-0.019205280802515684,0.2697085752173104
478,2012-11-21,0.2721654179375466,0.2671152070731087,0.2665653064573502,0.2673847310788926,0.1315782634683853,0.0032757958838515178,-0.002593368144201691,0.0008020858499396266,-0.000823583460283106,-0.000454793523740199,0.2671152070731087
479,2012-11-22,0.2729844032344659,0.2770791692829829,0.2713779518080244,0.2730124706449393,0.1220405935705189,0.0008189852969192613,0.009963962209874166,0.004812645350674161,0.0056277395660466745,-0.009537669897866405,0.2770791692829829
480,2012-11-26,0.283903759260665,0.2781710871986708,0.2834094665490684,0.2797382482533112,0.1448062579588866,0.010919356026199145,0.0010919179156879122,0.012031514741044025,0.006725777608371897,0.022765664388367704,0.2781710871986708
481,2012-11-27,0.2769426701339552,0.2684801538459783,0.271645312433709,0.2683455840731117,0.1810597988513215,-0.006961089126709841,-0.009690933352692499,-0.011764154115359415,-0.011392664180199463,0.036253540892434905,0.2684801538459783
482,2012-11-28,0.2676612612369038,0.2657503700297051,0.2641590840832048,0.2671102940135806,0.0974687491878687,-0.009281408897051369,-0.0027297838162732013,-0.007486228350504165,-0.0012352900595311023,-0.08359104966345281,0.2657503700297051
483,2012-11-29,0.2706640074881907,0.2687531168654803,0.2657632077576946,0.2691691296730805,0.1105668026715871,0.0030027462512868808,0.0030027468357752274,0.0016041236744897547,0.0020588356594998802,0.013098053483718397,0.2687531168654803
484,2012-11-30,0.2724383653473822,0.2751682086875364,0.273115770916976,0.2734241848296576,0.2071389589126536,0.0017743578591915,0.006415091822056074,0.0073525631592814,0.004255055156577092,0.0965721562410665,0.2751682086875364
485,2012-12-03,0.2799455066186384,0.2829483350660347,0.2791316086724585,0.2796010079901022,0.2430286649860963,0.007507141271256179,0.007780126378498287,0.006015837755482534,0.0061768231604446,0.03588970607344269,0.2829483350660347
486,2012-12-04,0.280081993778386,0.2804914703774772,0.2755221432551729,0.2785029135976653,0.1133345461160633,0.0001364871597476225,-0.002456864688557492,-0.003609465417285629,-0.0010980943924368547,-0.129694118870033,0.2804914703774772
487,2012-12-05,0.2780346091889114,0.2849957113335527,0.2806021229388634,0.2796010013533559,0.1258868473712934,-0.002047384589474621,0.004504240956075545,0.005079979683690505,0.001098087755690591,0.012552301255230103,0.2849957113335527
488,2012-12-06,0.285678218424105,0.2860876950869202,0.281537954388973,0.2855032776902261,0.1220535876711972,0.007643609235193638,0.001091983753367498,0.0009358314501096143,0.0059022763368701825,-0.0038332597000962088,0.2860876950869202
489,2012-12-07,0.2862241213152441,0.2911378401361066,0.2862168192639557,0.2875621292570752,0.1333064788585982,0.000545902891139094,0.005050145049186383,0.004678864874982702,0.002058851566849096,0.011252891187400998,0.2911378401361066
490,2012-12-10,0.2912743412794837,0.2901824037301698,0.2866178791993333,0.2903073613722567,0.0860599287923282,0.0050502199642395995,-0.0009554364059368159,0.0004010599353775901,0.0027452321151815173,-0.04724655006627,0.2901824037301698
491,2012-12-11,0.2927757991517529,0.2899094626565609,0.2884894942732873,0.290032882376877,0.089295459861223,0.0015014578722691851,-0.00027294107360886777,0.0018716150739540027,-0.00027447899537969,0.0032355310688948064,0.2899094626565609
492,2012-12-12,0.2904553493241952,0.2875890136400749,0.2851473202795279,0.2872875773991157,0.1458847683151849,-0.0023204498275576912,-0.002320449016486037,-0.003342173993759412,-0.0027453049777613203,0.0565893084539619,0.2875890136400749
493,2012-12-13,0.2894999511493125,0.2889539823588376,0.2856821014899938,0.2893465416088903,0.1299410067829205,-0.0009553981748827156,0.001364968718762738,0.0005347812104659067,0.002058964209774583,-0.0159437615322644,0.2889539823588376
494,2012-12-14,0.2890904376878891,0.2871795471649285,0.2831420747725005,0.2859149759516454,0.3947607786065126,-0.00040951346142337197,-0.0017744351939091296,-0.0025400267174933155,-0.003431565657244895,0.26481977182359207,0.2871795471649285
495,2012-12-17,0.2940042307082706,0.2907284175527467,0.2907621193341821,0.2920918017604331,0.1652199901244835,0.004913793020381474,0.0035488703878182037,0.007620044561681638,0.0061768258087877,-0.2295407884820291,0.2907284175527467
496,2012-12-18,0.2908649113711026,0.2915473724489326,0.2874200275930526,0.2875621842395202,0.1419605499103407,-0.0031393193371679895,0.0008189548961858861,-0.003342091741129538,-0.00452961752091291,-0.02325944021414278,0.2915473724489326
497,2012-12-19,0.2955056623010009,0.293867755627739,0.2900937175832785,0.2867386322625694,0.2061644013617817,0.004640750929898296,0.0023203831788063956,0.002673689990225936,-0.000823551976950776,0.064203851451441,0.293867755627739
498,2012-12-20,0.2926392841393394,0.2949596515975337,0.2908957787919088,0.2927780832532429,0.1501338392369864,-0.0028663781616615203,0.0010918959697946984,0.0008020612086303003,0.0060394509906734894,-0.05603056212479532,0.2949596515975337
499,2012-12-21,0.2989179312905244,0.2923663053992252,0.2934357751949242,0.2937389171616629,0.133345461160633,0.006278647151185035,-0.002593346198308477,0.0025399964030153876,0.0009608339084200002,-0.01678837807635339,0.2923663053992252
500,2012-12-25,0.2986449285370522,0.2942771782110989,0.2931683897410074,0.2938761602894467,0.0722471997713038,-0.0002730027534721957,0.0019108728118736873,-0.0002673854539168019,0.00013724312778379266,-0.06109826138932921,0.2942771782110989
501,2012-12-26,0.2975529495894031,0.3054694959546257,0.2991841153794277,0.2979939538963924,0.1230151511213908,-0.0010919789476491193,0.011192317743526803,0.006015725638420288,0.004117793606945697,0.05076795135008701,0.3054694959546257
502,2012-12-27,0.3097008065294256,0.3095643143273413,0.3064030875235107,0.3097984657388042,0.1353075703630551,0.012147856940022517,0.004094818372715581,0.0072189721440830135,0.011804511842411824,0.012292419241664299,0.3095643143273413
503,2012-12-28,0.3155699266019249,0.3146144813224209,0.3132209129870595,0.3140535176754203,0.170183736583591,0.00586912007249929,0.005050166995079652,0.00681782546354881,0.004255051936616072,0.03487616622053591,0.3146144813224209
504,2013-01-04,0.3255338950800617,0.3222580822993818,0.3188356667862333,0.3206420915579268,0.0840068608851581,0.009963968478136798,0.007643600976960874,0.005614753799173811,0.006588573882506499,-0.08617687569843291,0.3222580822993818
505,2013-01-07,0.3223945346543235,0.3191187222784963,0.318434576278195,0.3205047907778927,0.061267184698147,-0.0031393604257382024,-0.0031393600208854955,-0.00040109050803832647,-0.00013730078003409973,-0.0227396761870111,0.3191187222784963
506,2013-01-08,0.3135225380489245,0.3169348425553341,0.3150924789699804,0.3144652953052305,0.0798877309701395,-0.008871996605399002,-0.0021838797231621965,-0.003342097308214609,-0.006039495472662193,0.0186205462719925,0.3169348425553341
507,2013-01-09,0.3127036962377038,0.3185728620771718,0.3156273260773469,0.3139163624059109,0.1009381740689726,-0.0008188418112207163,0.0016380195218376747,0.0005348471073665095,-0.0005489328993195652,0.021050443098833097,0.3185728620771718
508,2013-01-10,0.3202106970501829,0.3211661424378007,0.3172314599332373,0.3213283951354163,0.0775228046466904,0.007507000812479125,0.0025932803606288912,0.0016041338558904217,0.007412032729505358,-0.0234153694222822,0.3211661424378007
509,2013-01-11,0.3275812987456332,0.332358526019007,0.3328724781595288,0.3292895660112751,0.2550871904155513,0.007370601695450285,0.011192383581206333,0.015641018226291492,0.007961170875858847,0.17756438576886088,0.332358526019007
510,2013-01-15,0.337135716994561,0.3361802716427545,0.3342092794384695,0.3360153275558632,0.1181033810649964,0.009554418248927832,0.0038217456237474856,0.0013368012789407024,0.006725761544588094,-0.13698380935055487,0.3361802716427545
511,2013-01-16,0.3363168575029864,0.3274448624795716,0.3305999112954324,0.3290150998652976,0.1334883962680942,-0.0008188594915746195,-0.008735409163182883,-0.003609368143037084,-0.00700022769056563,0.01538501520309779,0.3274448624795716
512,2013-01-17,0.3268988770409765,0.3187093435869228,0.3201725626985696,0.3162497921547358,0.2087242391954052,-0.009417980462009923,-0.008735518892648786,-0.01042734859686284,-0.01276530771056178,0.075235842927311,0.3187093435869228
513,2013-01-18,0.326762417924365,0.3367263513030111,0.3300651930676334,0.3284660717465059,0.1737051378674082,-0.00013645911661147592,0.018017007716088274,0.009892630369063793,0.012216279591770074,-0.03501910132799699,0.3367263513030111
514,2013-01-21,0.33931965819822,0.3303111716973823,0.3324714559648858,0.3317602961370604,0.0956625691935861,0.01255724027385502,-0.006415179605628818,0.0024062628972524314,0.00329422439055449,-0.07804256867382212,0.3303111716973823
515,2013-01-22,0.3300380606687804,0.3277176938237146,0.3247176746226745,0.3253088954336006,0.1284336911042386,-0.009281597529439634,-0.0025934778736677044,-0.00775378134221133,-0.0064514007034597864,0.03277112191065251,0.3277176938237146
516,2013-01-23,0.320893165915296,0.3196647361010733,0.3221777653597987,0.3214656641917836,0.1245484550014293,-0.0091448947534844,-0.008052957722641252,-0.0025399092628757836,-0.0038432312418170134,-0.003885236102809303,0.3196647361010733
517,2013-01-24,0.3191187656251005,0.3241689770571487,0.3188356706899707,0.3184459167475912,0.0835910496634528,-0.001774400290195488,0.004504240956075378,-0.0033420946698279885,-0.0030197474441923666,-0.04095740533797651,0.3241689770571487
518,2013-01-25,0.3307205704583033,0.3400020392123952,0.3332734798922992,0.3301130841024017,0.1293432781517191,0.011601804833202778,0.01583306215524649,0.014437809202328511,0.011667167354810493,0.045752228488266294,0.3400020392123952
519,2013-01-28,0.3434143825822646,0.3372722334502289,0.339422968614981,0.3390350975360119,0.074923984511032,0.012693812123961312,-0.002729805762166304,0.006149488722681784,0.00892201343361021,-0.054419293640687094,0.3372722334502289
520,2013-01-29,0.3330409312300669,0.3369992045930472,0.334209259397372,0.3343681735466291,0.0655942202240183,-0.010373451352197693,-0.00027302885718166747,-0.005213709217608997,-0.004666923989382787,-0.009329764287013695,0.3369992045930472
521,2013-01-30,0.3371356917391752,0.3496929725650878,0.3424976439114852,0.3379369585254949,0.1399464643052054,0.004094760509108286,0.012693767972040582,0.008288384514113178,0.0035687849788657577,0.07435224408118711,0.3496929725650878
522,2013-01-31,0.3445062783818775,0.3487375361591509,0.3442355407941109,0.3437019356949118,0.0813170820447516,0.007370586642702293,-0.0009554364059369269,0.0017378968826257113,0.005764977169416929,-0.058629382260453805,0.3487375361591509
523,2013-02-01,0.3494201115730922,0.3511945105771744,0.3461072260630966,0.3496042799637651,0.056862184568206,0.004913833191214745,0.0024569744180235054,0.0018716852689856789,0.005902344268853277,-0.024454897476545605,0.3511945105771744
524,2013-02-04,0.3540607934905591,0.3518769181259296,0.3473103268927922,0.3497414878838253,0.0529769484653967,0.00464068191746686,0.0006824075487552039,0.0012031008296956025,0.00013720792006022275,-0.003885236102809296,0.3518769181259296
525,2013-02-05,0.3440967712117159,0.3398655138108578,0.3399576319860524,0.3416429879557162,0.0907248109358351,-0.009964022278843188,-0.012011404315071805,-0.007352694906739787,-0.008098499928109126,0.037747862470438404,0.3398655138108578
526,2013-02-06,0.3507850693119217,0.3652532472679777,0.3605451073647375,0.3511141886403933,0.1422983965279763,0.006688298100205825,0.02538773345711992,0.020587475378685105,0.009471200684677106,0.05157358559214119,0.3652532472679777
527,2013-02-07,0.3629326339873062,0.3630691261399904,0.3576038230716063,0.3597614022257869,0.1407780867486161,0.01214756467538447,-0.0021841211279873263,-0.0029412842931311745,0.00864721358539361,-0.001520309779360185,0.3630691261399904
528,2013-02-08,0.349419935618081,0.3506483650792383,0.3529249195401759,0.3505649318419703,0.2170014813274773,-0.013512698369225196,-0.012420761060752072,-0.004678903531430412,-0.009196470383816602,0.07622339457886118,0.3506483650792383
529,2013-02-12,0.3685289307696243,0.3873648538978496,0.3864796205570587,0.370467888931201,0.3908495543023467,0.019108995151543295,0.03671648881861128,0.03355470101688279,0.019902957089230677,0.1738480729748694,0.3873648538978496
530,2013-02-13,0.3805402528407406,0.3810862216396514,0.3803301784263451,0.3795271346821987,0.1342680423087918,0.012011322071116326,-0.006278632258198191,-0.0061494421307136116,0.009059245750997702,-0.2565815119935549,0.3810862216396514
531,2013-02-14,0.3802672763156944,0.379584815302924,0.3753838886243148,0.3782917919868975,0.1041217287351542,-0.00027297652504620906,-0.0015014063367274066,-0.004946289802030268,-0.0012353426953011781,-0.030146313573637604,0.379584815302924
532,2013-02-15,0.3775374900111448,0.3754901066596744,0.3763197322317242,0.3745857976187995,0.103225135788352,-0.0027297863045496196,-0.004094708643249567,0.0009358436074093923,-0.0037059943680979868,-0.0008965929468021938,0.3754901066596744
533,2013-02-18,0.3823145425840016,0.3909135487185222,0.3942331728778414,0.3821349881075956,0.1377764494919306,0.004777052572856821,0.01542344205884777,0.017913440646117162,0.007549190488796098,0.0345513137035786,0.3909135487185222
534,2013-02-19,0.3844984266707358,0.3809496304004344,0.3788595590294639,0.3792525137441928,0.1235609033498791,0.0021838840867342,-0.009963918318087794,-0.015373613848377488,-0.0028824743634028316,-0.014215546142051505,0.3809496304004344
535,2013-02-20,0.3823146469947673,0.3842255377687505,0.3789933368399871,0.3803506972817883,0.0992099586787598,-0.0021837796759685,0.003275907368316122,0.0001337778105232057,0.0010981835375954985,-0.0243509446711193,0.3842255377687505
536,2013-02-21,0.3782198978283788,0.3764454991738249,0.379260721097416,0.3782917965387584,0.0968320382546324,-0.004094749166388523,-0.007780038594925598,0.00026738425742889316,-0.00205890074302989,-0.0023779204241274055,0.3764454991738249
537,2013-02-22,0.3739885521783461,0.3812226373117229,0.3743143359641492,0.3736248293754668,0.1416097091920268,-0.004231345650032692,0.004777138137897985,-0.004946385133266784,-0.004666967163291569,0.04477767093739442,0.3812226373117229
538,2013-02-25,0.3948720221865052,0.4034710326938505,0.3969070483193755,0.3970966532974151,0.1969515839808726,0.0208834700081591,0.022248395382127584,0.022592712355226308,0.023471823921948298,0.05534187478884578,0.4034710326938505
539,2013-02-26,0.389002673373836,0.3879107360450674,0.3851426973844851,0.3877627093297237,0.1485355648535564,-0.005869348812669206,-0.015560296648783112,-0.011764350934890422,-0.009333943967691438,-0.04841601912731619,0.3879107360450674
540,2013-02-27,0.3888662839269745,0.3790388453721334,0.3831375433107866,0.3771937014901036,0.1547337508771017,-0.00013638944686150678,-0.00887189067293398,-0.0020051540736985007,-0.01056900783962006,0.006198186023545299,0.3790388453721334
541,2013-02-28,0.3858635171731301,0.3936435739396205,0.3856775956664008,0.3859784782293782,0.1280438680838899,-0.003002766753844366,0.014604728567487124,0.0025400523556142196,0.00878477673927458,-0.0266898827932118,0.3936435739396205
542,2013-03-01,0.3881838031862213,0.4011505617314713,0.3955701092234766,0.3889981425368169,0.1025494425530809,0.0023202860130911995,0.007506987791850772,0.009892513557075766,0.0030196643074387186,-0.025494425530808995,0.4011505617314713
543,2013-03-04,0.4067468175253932,0.4057913719808705,0.4043933096879151,0.404645990782829,0.1117882481353465,0.0185630143391719,0.004640810249399219,0.008823200464438519,0.015647848246012064,0.0092388055822656,0.4057913719808705
544,2013-03-05,0.4081117487778744,0.3989667697918818,0.4001154389170188,0.3980574624426334,0.0707918604953351,0.0013649312524811608,-0.0068246021889887265,-0.004277870770896308,-0.006588528340195576,-0.0409963876400114,0.3989667697918818
545,2013-03-06,0.4040169193246378,0.4062007945642304,0.3983774884075828,0.4035478475302183,0.0611632318927207,-0.004094829453236581,0.007234024772348635,-0.0017379505094359815,0.00549038508758487,-0.009628628602614403,0.4062007945642304
546,2013-03-07,0.4079750898984362,0.4044262935326418,0.4037247350234812,0.4049203567319968,0.0918552976948465,0.003958170573798436,-0.0017745010315886045,0.0053472466158984155,0.0013725092017785046,0.0306920658021258,0.4044262935326418
547,2013-03-08,0.4079751280822123,0.4016964877704754,0.4017195173153655,0.4010770824096543,0.5644117570622937,3.81837760854431e-08,-0.002729805762166415,-0.0020052177081157363,-0.0038432743223424937,0.4725564593674472,0.4016964877704754
548,2013-03-11,0.3989666524762724,0.4055182772860093,0.3977090146205624,0.4006653073125058,0.0917253566880636,-0.009008475605939925,0.0038217895155339132,-0.004010502694803075,-0.00041177509714845906,-0.47268640037423015,0.4055182772860093
549,2013-03-12,0.4057912560650109,0.3980112017105858,0.3975753254432381,0.3995672125814708,0.1035369942046311,0.006824603588738487,-0.007507075575423516,-0.0001336891773243143,-0.0010980947310350042,0.011811637516567497,0.3980112017105858
550,2013-03-13,0.3954178290689049,0.3982841647300879,0.3927626911754282,0.397508274003828,0.0782894565867096,-0.010373426996105994,0.00027296301950208157,-0.004812634267809868,-0.0020589385776428326,-0.025247537617921492,0.3982841647300879
551,2013-03-14,0.4018330407450581,0.4045628847718588,0.3969069641781771,0.3991554866883484,0.0709607838041529,0.006415211676153221,0.0062787200417709355,0.004144273002748888,0.0016472126845203938,-0.007328672782556708,0.4045628847718588
552,2013-03-15,0.4053819326940466,0.4142539278540173,0.4057301844825355,0.4071167297541457,0.1941838405363964,0.0035488919489884974,0.009691043082158513,0.008823220304358392,0.007961243065797319,0.1232230567322435,0.4142539278540173
553,2013-03-18,0.3999221928244226,0.3986937628805934,0.3961049043478502,0.4009399249249911,0.1022765664388367,-0.005459739869624003,-0.01556016497342394,-0.009625280134685332,-0.006176804829154614,-0.0919072740975597,0.3986937628805934
554,2013-03-19,0.4075656547572485,0.4081116234843178,0.4017195204863252,0.4067047927995667,0.1156215078354427,0.00764346193282589,0.009417860603724404,0.005614616138475026,0.0057648678745755855,0.013344941396605997,0.4081116234843178
555,2013-03-21,0.4083846574597776,0.410841517030057,0.4057300807955937,0.4097245879139909,0.1228462278125731,0.0008190027025291036,0.002729893545739215,0.004010560309268496,0.0030197951144242396,0.007224719977130395,0.410841517030057
556,2013-03-22,0.4060642989865992,0.3939164930673362,0.4001153734541206,0.3953121738866723,0.1412848566750695,-0.0023203584731784077,-0.016925023962720775,-0.005614707341473069,-0.014412414027318632,0.018438628862496392,0.3939164930673362
557,2013-03-25,0.4007410584821255,0.4040168709492819,0.3981100732975988,0.4019006653366964,0.1751344889420203,-0.005323240504473692,0.010100377881945677,-0.0020053001565218387,0.006588491450024103,0.03384963226695081,0.4040168709492819
558,2013-03-26,0.3971922437873802,0.3958273219874236,0.3957037488203494,0.3961356789687096,0.1096442215234283,-0.0035488146947452726,-0.008189548961858306,-0.0024063244772493664,-0.00576498636798678,-0.065490267418592,0.3958273219874236
559,2013-03-27,0.3984350658685503,0.3992585623877412,0.4001842899562968,0.400403725152926,0.1172977468229423,0.001242822081170103,0.0034312404003176145,0.004480541135947369,0.00426804618421639,0.007653525299514005,0.3992585623877412
560,2013-03-28,0.3933570398244842,0.3840240744692627,0.3902370143692528,0.3785963403921312,0.2137919384599391,-0.005078026044066097,-0.015234487918478534,-0.009947275587044002,-0.0218073847607948,0.0964941916369968,0.3840240744692627
561,2013-03-29,0.3859453895632961,0.3830631515900282,0.3827090141788507,0.3802524379661975,0.1129837053977494,-0.0074116502611881185,-0.0009609228792344937,-0.007528000190402062,0.0016560975740663175,-0.1008082330621897,0.3830631515900282
562,2013-04-01,0.3832004798421481,0.3753772608768894,0.3780042041594985,0.3772160169628183,0.1833597546713792,-0.0027449097211479923,-0.007685890713138799,-0.004704810019352246,-0.003036421003379197,0.07037604927362978,0.3753772608768894
563,2013-04-02,0.3708478309187891,0.3608286260123969,0.3675188273831741,0.3587207847949688,0.1709763767249668,-0.012352648923359022,-0.014548634864492482,-0.010485376776324384,-0.018495232167849485,-0.012383377946412394,0.3608286260123969
564,2013-04-03,0.36151496207592,0.3616522114920459,0.3548829347337321,0.3519577632966663,0.1734062735518075,-0.009332868842869102,0.0008235854796490027,-0.012635892649441982,-0.006763021498302546,0.002429896826840694,0.3616522114920459
565,2013-04-04,0.3536918912292716,0.3783967963209553,0.3711485556478511,0.3552704534748013,0.1840874243093635,-0.007823070846648406,0.016744584828909392,0.016265620914118983,0.0033126901781350138,0.010681150757556018,0.3783967963209553
566,2013-04-05,0.3980233076609329,0.3923960815871059,0.398302324993109,0.3941926957791413,0.2855583565061462,0.04433141643166133,0.01399928526615063,0.027153769345257928,0.03892224230433999,0.10147093219678269,0.3923960815871059
567,2013-04-08,0.4117484638960679,0.4234146703731232,0.4147024343572153,0.408823310020164,0.2349463343641986,0.013725156235134983,0.031018588786017265,0.016400109364106297,0.014630614241022688,-0.0506120221419476,0.4234146703731232
568,2013-04-09,0.4254733283821836,0.4268458229898681,0.432849780882743,0.4251099072747967,0.2139478676680787,0.013724864486115707,0.0034311526167449258,0.018147346525527686,0.016286597254632718,-0.020998466696119905,0.4268458229898681
569,2013-04-10,0.4254732896475271,0.4309632675784629,0.4268005991267142,0.4278703222652597,0.1490683229813664,-3.873465648229768e-08,0.00411744458859481,-0.00604918175602881,0.0027604149904629782,-0.06487954468671228,0.4309632675784629
570,2013-04-11,0.4330219661125802,0.43164947176674,0.4294890640001398,0.4278702795891097,0.1490813170820447,0.0075486764650530835,0.0006862041882770842,0.002688464873425611,-4.267614994724056e-08,1.2994100678287435e-05,0.43164947176674
571,2013-04-12,0.43919823275996,0.4295907714183358,0.4301612320858868,0.4285604340148981,0.2623119103926817,0.006176266647379802,-0.0020587003484042188,0.0006721680857469936,0.0006901544257883474,0.113230593310637,0.4295907714183358
572,2013-04-15,0.4295907229324011,0.4261594871262318,0.4214235344950006,0.4216592522210137,0.1477559188128589,-0.009607509827558924,-0.0034312842921039866,-0.008737697590886218,-0.006901181793884381,-0.1145559915798228,0.4261594871262318
573,2013-04-16,0.4192970570245096,0.4247870348578911,0.4200793223845131,0.4188988403225108,0.1519530133319473,-0.010293665907891492,-0.001372452268340707,-0.0013442121104874638,-0.0027604118985029014,0.004197094519088396,0.4247870348578911
574,2013-04-17,0.4268457361221753,0.4275319832863589,0.4207514094542406,0.4264900474511618,0.0888796486395176,0.0075486790976657114,0.002744948428467786,0.0006720870697274894,0.007591207128651023,-0.0630733646924297,0.4275319832863589
575,2013-04-18,0.4206696341610826,0.4206696341610826,0.4194072778988226,0.4223494903846241,0.0950128641596715,-0.006176101961092695,-0.006862349125276279,-0.0013441315554180155,-0.004140557066537709,0.0061332155201539035,0.4206696341610826
576,2013-04-19,0.4199833499514458,0.4268458229898681,0.4194072411037758,0.4188988859022754,0.0823696041996933,-0.0006862842096367894,0.0061761888287855116,-3.679504678721912e-08,-0.0034506044823486848,-0.012643259959978198,0.4268458229898681
577,2013-04-22,0.4364532991283179,0.4391982884310117,0.4315055406321043,0.4375319639388131,0.1287325554198393,0.016469949176872056,0.0123524654411436,0.012098299528328471,0.018633078036537687,0.046362951220146,0.4391982884310117
578,2013-04-23,0.4364532162889507,0.4426294410477566,0.4368824737939066,0.438912107648325,0.0868005925309909,-8.28393671992167e-08,0.0034311526167448703,0.005376933161802322,0.001380143709511894,-0.0419319628888484,0.4426294410477566
579,2013-04-24,0.4522369276938188,0.4632168834496626,0.4536856718560482,0.451334174289245,0.1524208009563658,0.015783711404868117,0.02058744240190602,0.01680319806214159,0.012422066640919993,0.06562020842537489,0.4632168834496626
580,2013-04-25,0.4632167569380431,0.4666479921746211,0.4604068153245491,0.4623758626687972,0.117102835312768,0.010979829244224304,0.003431108724958498,0.00672114346850089,0.011041688379552217,-0.03531796564359779,0.4666479921746211
581,2013-04-26,0.4673342822072169,0.465961787986344,0.4637674916702572,0.4678968115287297,0.1296421424673198,0.004117525269173805,-0.0006862041882770842,0.0033606763457081357,0.005520948859932484,0.012539307154551815,0.465961787986344
582,2013-04-30,0.4659619181057166,0.4645894235015761,0.4590627322663845,0.4651364882522406,0.0763663296863224,-0.001372364101500323,-0.0013723644847679073,-0.004704759403872716,-0.0027603232764891183,-0.05327581278099741,0.4645894235015761
583,2013-05-01,0.4611580157960962,0.4666479921746211,0.4583904351114489,0.4623758626687972,0.0535486888952415,-0.004803902309620356,0.0020585686730449915,-0.0006722971549356083,-0.0027606255834433657,-0.022817640791080895,0.4666479921746211
584,2013-05-02,0.467334418897459,0.4700794081420844,0.4651118813094754,0.4685870618766965,0.12484731931703,0.006176403101362804,0.0034314159674632694,0.006721446198026504,0.0062111992078993095,0.0712986304217885,0.4700794081420844
585,2013-05-07,0.4824318044460968,0.497529243561053,0.4879641432463585,0.4851497301049481,0.1500558746329166,0.015097385548637765,0.027449835418968616,0.02285226193688311,0.016562668228251587,0.025208555315886616,0.497529243561053
586,2013-05-08,0.4954704545159321,0.4947842073490124,0.4926689845999476,0.496881610661992,0.0843057252007588,0.01303865006983529,-0.002745036212040586,0.004704841353589118,0.011731880557043883,-0.06575014943215782,0.4947842073490124
587,2013-05-09,0.4968429182075587,0.5043916365781156,0.4960295882821115,0.4920507868783371,0.1093323631071493,0.0013724636916266353,0.009607429229103182,0.0033606036821638985,-0.004830823783654903,0.02502663790639051,0.5043916365781156
588,2013-05-10,0.5174303948631314,0.5181166420711726,0.5081279327096827,0.5072333412788559,0.162309311572546,0.020587476655572645,0.013725005493056996,0.012098344427571184,0.0151825544005188,0.05297694846539669,0.5181166420711726
589,2013-05-13,0.5215479739844305,0.5249792106553808,0.5195541854332446,0.5217258183639952,0.1369188388471633,0.004117579121299175,0.006862568584208195,0.011426252723561903,0.014492477085139344,-0.025390472725382696,0.5249792106553808
590,2013-05-14,0.5249790437645185,0.5311552678088071,0.5269474151220261,0.5244861056952561,0.1157904311442605,0.003431069780088003,0.006176057153426284,0.007393229688781533,0.00276028733126088,-0.021128407702902793,0.5311552678088071
591,2013-05-15,0.50782293480412,0.5188028901512362,0.5108164411487557,0.4927409609276764,0.1934561708984121,-0.01715610896039854,-0.012352377657570912,-0.016130973973270457,-0.031745144767579725,0.0776657397541516,0.5188028901512362
592,2013-05-16,0.5188028252105277,0.503705388498052,0.5087999967713978,0.5003321455962249,0.1600743262558798,0.010979890406407677,-0.015097501653184131,-0.002016444377357929,0.007591184668548467,-0.0333818446425323,0.503705388498052
593,2013-05-17,0.504391722685058,0.5030192282015613,0.4993903076021923,0.5017124588060066,0.1227942514098599,-0.014411102525469621,-0.0006861602964907121,-0.009409689169205482,0.001380313209781714,-0.0372800748460199,0.5030192282015613
594,2013-05-20,0.5112540653875304,0.5057640888464563,0.5020786879276796,0.506543124249996,0.0924270381246913,0.006862342702472324,0.0027448606448949864,0.0026883803254873495,0.004830665443989468,-0.0303672132851686,0.5057640888464563
595,2013-05-21,0.4975292095091372,0.5050779285499655,0.4953575054528719,0.4982618508705902,0.0868525689337041,-0.013724855878393172,-0.0006861602964908231,-0.006721182474807741,-0.008281273379405818,-0.005574469190987197,0.5050779285499655
596,2013-05-22,0.5071366455969621,0.5194890943395133,0.5135049062084055,0.5065431867919601,0.1125029236726526,0.009607436087824939,0.01441116578954782,0.018147400755533616,0.00828133592136987,0.0256503547389485,0.5194890943395133
597,2013-05-23,0.5201753031582761,0.4618442995059628,0.5262752773964265,0.4644462392214893,0.2945502741755243,0.013038657561313949,-0.057644794833550506,0.012770371188021046,-0.04209694757047078,0.1820473505028717,0.4618442995059628
598,2013-05-24,0.4714518476739692,0.4611581392094721,0.4691445884653288,0.4430528108567058,0.2504093141713662,-0.0487234554843069,-0.0006861602964907121,-0.05713068893109774,-0.02139342836478353,-0.044140960004158125,0.4611581392094721
599,2013-05-27,0.4398844142748099,0.4467468856363514,0.4415873238348962,0.4389120697410478,0.1151797084123807,-0.031567433399159295,-0.014411253573120675,-0.02755726463043262,-0.0041407411156579865,-0.1352296057589855,0.4467468856363514
600,2013-05-28,0.4385119682000665,0.450864418008519,0.4469643875591654,0.437531891196485,0.1109306374905792,-0.0013724460747434053,0.004117532372167609,0.005377063724269215,-0.0013801785445627934,-0.004249070921801504,0.450864418008519
601,2013-05-29,0.4604718053023789,0.4618442995059628,0.4597347250819358,0.4561648798297243,0.1179604459575352,0.02195983710231242,0.010979881497443778,0.012770337522770403,0.01863298863323931,0.007029808466956,0.4618442995059628
602,2013-05-30,0.4529231620324939,0.4179245540572557,0.4436037554063109,0.4161383782069868,0.2518386652459783,-0.007548643269885025,-0.04391974544870708,-0.016130969675624884,-0.04002650162273752,0.13387821928844312,0.4179245540572557
603,2013-05-31,0.4275320288635899,0.4289045233382723,0.4274727235467827,0.4257999794983567,0.1733283089477377,-0.025391133168904012,0.010979969281016577,-0.016131031859528244,0.009661601291369892,-0.0785103562982406,0.4289045233382723
604,2013-06-03,0.4330220487244481,0.4268458229898681,0.4308333999158979,0.429250588189811,0.1997063333246706,0.005490019860858231,-0.0020587003484041633,0.0033606763691152453,0.0034506086914543044,0.0263780243769329,0.4268458229898681
605,2013-06-04,0.4275320853586907,0.4405707845911388,0.4382268122361611,0.4264901492747338,0.2083474102757348,-0.005489963365757411,0.01372496160127068,0.007393412320263193,-0.0027604389150772124,0.008641076951064197,0.4405707845911388
606,2013-06-05,0.4549819021530854,0.4515506660885826,0.4630954340158977,0.4540946135031661,0.2967982535928688,0.027449816794394732,0.010979881497443778,0.02486862177973659,0.027604464228432324,0.08845084331713401,0.4515506660885826
607,2013-06-06,0.4522368172690869,0.4460605936645015,0.452341307563266,0.4430527051109069,0.2232386496530575,-0.0027450848839985498,-0.0054900724240810606,-0.010754126452631685,-0.011041908392259214,-0.07355960393981131,0.4460605936645015
608,2013-06-07,0.4405706614109641,0.4467468856363514,0.447636465257292,0.4340812765206275,0.2536968216429741,-0.011666155858122751,0.0006862919718498839,-0.004704842305974011,-0.008971428590279384,0.03045817198991657,0.4467468856363514
609,2013-06-10,0.4755693146003482,0.4831180338797188,0.4785543487486065,0.4741078980125878,0.1867901972504483,0.034998653189384055,0.0363711482433674,0.03091788349131447,0.04002662149196029,-0.06690662439252579,0.4831180338797188
610,2013-06-11,0.4803730616765334,0.4611581392094721,0.470488842300473,0.4609957595829899,0.1660646066685724,0.004803747076185194,-0.021959894670246727,-0.008065506448133475,-0.013112138429597908,-0.020725590581875897,0.4611581392094721
611,2013-06-12,0.4515506987873346,0.4790005892911239,0.470488863984702,0.4444330581651548,0.1734192676524857,-0.02882236288919876,0.017842450081651806,2.1684229023488655e-08,-0.016562701417835057,0.007354660983913297,0.4790005892911239
612,2013-06-13,0.4542956424605789,0.4419431929676931,0.4483086299034418,0.429940632889238,0.2077496816445334,0.0027449436732442933,-0.0370573963234308,-0.02218023408126024,-0.01449242527591682,0.0343304139920477,0.4419431929676931
613,2013-06-14,0.4501781222668224,0.4474331337164149,0.4530134808106589,0.4409824106229574,0.3992827256425583,-0.0041175201937564965,0.005489940748721833,0.004704850907217117,0.011041777733719393,0.1915330439980249,0.4474331337164149
614,2013-06-17,0.4405706820901421,0.4625305914778127,0.453013501118187,0.4389120903423761,0.0915954156812807,-0.009607440176680304,0.015097457761397814,2.030752810355807e-08,-0.002070320280581295,-0.3076873099612776,0.4625305914778127
615,2013-06-18,0.4584132310316922,0.454981994272473,0.4563742574183949,0.4568551595793368,0.0718703708516333,0.017842548941550074,-0.0075485972053397354,0.003360756300207879,0.017943069236960707,-0.019725044829647403,0.454981994272473
616,2013-06-19,0.4707656148148023,0.4728243565705521,0.4678003489114588,0.4665166811254706,0.1250812131292393,0.012352383783110099,0.017842362298079117,0.011426091493063895,0.009661521546133811,0.053210842277606016,0.4728243565705521
617,2013-06-20,0.4577269887545614,0.4597857308329177,0.4570463895215246,0.4561650511026253,0.1313443696561761,-0.013038626060240865,-0.013038625737634424,-0.010753959389934176,-0.010351630022845337,0.006263156526936792,0.4597857308329177
618,2013-06-21,0.4522368457776152,0.465961787986344,0.4604068576726466,0.4437428463318188,0.1436887653005535,-0.005490142976946222,0.00617605715342634,0.003360468151122009,-0.012422204770806466,0.012344395644377393,0.465961787986344
619,2013-06-24,0.4776279767223461,0.4577268110255816,0.4678002405757958,0.4589253270753139,0.0675693235271186,0.02539113094473089,-0.008234976960762419,0.0073933829031491705,0.015182480743495097,-0.0761194417734349,0.4577268110255816
620,2013-06-25,0.4584132353944792,0.4590994827528542,0.4610791510582898,0.4513342556018901,0.1312144286493931,-0.01921474132786688,0.001372671727272623,-0.006721089517505996,-0.007591071473423805,0.06364510512227449,0.4590994827528542
621,2013-06-26,0.4693930844706109,0.4446881852879472,0.4624232980985472,0.4451231306960928,0.1078900179318589,0.010979849076131698,-0.014411297464907047,0.0013441470402574263,-0.006211124905797338,-0.02332441071753419,0.4446881852879472
622,2013-06-27,0.4453744411724773,0.4515506660885826,0.4436037539194376,0.4416725724042953,0.1219366407650926,-0.02401864329813358,0.0068624808006353955,-0.018819544179109582,-0.0034505582917974675,0.014046622833233699,0.4515506660885826
623,2013-06-28,0.4536094311229868,0.4707656123303615,0.4624233309663146,0.454094636923894,0.1331895319524935,0.008234989950509475,0.01921494624177894,0.01881957704687698,0.012422064519598708,0.011252891187400901,0.4707656123303615
624,2013-07-01,0.4693930350561806,0.4741967649471064,0.4644396298658902,0.4596154633103846,0.0926219496348657,0.01578360393319378,0.0034311526167448703,0.002016298899575608,0.005520826386490596,-0.040567582317627804,0.4741967649471064
625,2013-07-02,0.4762554203270138,0.4755691733236608,0.4671280527762441,0.4720374176190804,0.0835780555627745,0.006862385270833216,0.0013724083765543904,0.0026884229103538715,0.012421954308695804,-0.009043894072091191,0.4755691733236608
626,2013-07-03,0.474196856014669,0.4769418450509333,0.4684724807301959,0.472037593512199,0.0882039554042464,-0.0020585643123448016,0.001372671727272512,0.0013444279539517878,1.7589311857024725e-07,0.004625899841471895,0.4769418450509333
627,2013-07-04,0.4275319905205043,0.4330219679268671,0.4274726852090158,0.4244197145964747,0.3622365446087476,-0.04666486549416471,-0.0439198771240662,-0.04099979552118005,-0.04761787891572428,0.2740325892045012,0.4330219679268671
628,2013-07-05,0.4343944371855767,0.4467468856363514,0.4395709433607642,0.4368417297894391,0.228644195535227,0.006862446665072408,0.013724917709484308,0.012098258151748364,0.012422015192964375,-0.1335923490735206,0.4467468856363514
629,2013-07-08,0.4508644375781053,0.4309632675784629,0.4429316453929208,0.4333912296493275,0.1812936926635307,0.016470000392528605,-0.01578361805788847,0.003360702032156604,-0.0034505001401115565,-0.04735050287169629,0.4309632675784629
630,2013-07-09,0.4378257132927629,0.4446881852879472,0.4355382226277014,0.4368417701250027,0.149938927726812,-0.013038724285342418,0.013724917709484252,-0.007393422765219371,0.003450540475675168,-0.03135476493671871,0.4446881852879472
631,2013-07-10,0.4433157723850524,0.4391982884310117,0.4368825567147474,0.4375319639388131,0.091478468775176,0.005490059092289501,-0.005489896856935461,0.0013443340870459841,0.0006901938138104136,-0.058460458951636,0.4391982884310117
632,2013-07-11,0.4337082721097241,0.4440019810996701,0.4368825187228103,0.4361516989948493,0.0779775981704306,-0.009607500275328251,0.004803692668658377,-3.799193709630444e-08,-0.001380264943963816,-0.013500870604745405,0.4440019810996701
633,2013-07-12,0.4474332286714143,0.4536094542205595,0.4462923072622443,0.448573752325247,0.1947165986642064,0.01372495656169015,0.009607473120889387,0.009409788539433972,0.012422053330397698,0.11673900049377581,0.4536094542205595
634,2013-07-16,0.4584132310316922,0.454981994272473,0.4530136222385834,0.4554749325111214,0.2081265105642038,0.010980002360277907,0.0013725400519135067,0.006721314976339099,0.006901180185874434,0.013409911899997407,0.454981994272473
635,2013-07-17,0.4501781673070471,0.4481194256882649,0.4422594958405652,0.4471934752324933,0.1250292367265261,-0.008235063724645109,-0.006862568584208084,-0.010754126398018204,-0.008281457278628113,-0.0830972738376777,0.4481194256882649
636,2013-07-18,0.4474331862274344,0.4542956584088367,0.4449480111164738,0.4465033695741232,0.9439824319758828,-0.002744981079612685,0.006176232720571773,0.0026885152759086317,-0.0006901056583701326,0.8189531952493567,0.4542956584088367
637,2013-07-19,0.4584132310316922,0.454981994272473,0.4570463844543572,0.4513342513064748,0.2227318797266041,0.010980044804257794,0.0006863358636363115,0.012098373337883384,0.004830881732351633,-0.7212505522492787,0.454981994272473
638,2013-07-22,0.4604718798562901,0.4515506660885826,0.4509971498180948,0.4478835929537307,0.3927466930013774,0.0020586488245979417,-0.003431328183890414,-0.0060492346362623906,-0.003450658352744107,0.17001481327477327,0.4515506660885826
639,2013-07-23,0.4501782471834689,0.4405707845911388,0.4415874472993218,0.4416726464981061,0.6783310377088801,-0.01029363267282124,-0.010979881497443778,-0.009409702518772989,-0.006210946455624589,0.28558434470750277,0.4405707845911388
640,2013-07-24,0.4405706941287246,0.4385119525673754,0.4321775803834162,0.4409824424409944,0.4530003378466176,-0.009607553054744256,-0.0020588320237633906,-0.009409866915905618,-0.0006902040571117318,-0.22533069986226256,0.4385119525673754
641,2013-07-25,0.4385119480674289,0.4350807121670577,0.4301611953452912,0.4347714176633623,0.2238233841835806,-0.0020587460612957464,-0.0034312404003177255,-0.0020163850381250126,-0.006211024777632079,-0.22917695366303698,0.4350807121670577
642,2013-07-26,0.433708253999661,0.4289045233382723,0.4268005966229669,0.4313208868500372,0.2541516151667143,-0.004803694067767872,-0.0061761888287854005,-0.003360598722324304,-0.003450530813325081,0.030328230983133697,0.4289045233382723
643,2013-07-29,0.4213557430332033,0.4158657659252788,0.413357998604375,0.4182086716488015,0.5248317263962161,-0.01235251096645773,-0.013038757412993485,-0.013442598018591878,-0.013112215201235733,0.2706801112295018,0.4158657659252788
644,2013-07-30,0.4254732871515662,0.4289045233382723,0.4254563427753355,0.4251098660793967,1.0,0.004117544118362904,0.013038757412993485,0.012098344170960507,0.0069011944305952255,0.4751682736037839,0.4289045233382723
645,2013-07-31,0.4289045241796484,0.4295907714183358,0.4227678359094106,0.424419753493015,0.3167701863354037,0.0034312370280822346,0.0006862480800635118,-0.0026885068659249223,-0.0006901125863817414,-0.6832298136645962,0.4295907714183358
646,2013-08-01,0.4302769863219787,0.4385119525673754,0.4301611997595435,0.4306307419142105,0.2678733854829907,0.0013724621423302774,0.008921181149039614,0.007393363850132895,0.006210988421195551,-0.04889680085241299,0.4385119525673754
647,2013-08-02,0.4398843700599161,0.4460605936645015,0.436882392148771,0.4423625918630705,0.4187478884586397,0.009607383737937403,0.0075486410971261075,0.006721192389227526,0.011731849948859951,0.15087450297564897,0.4460605936645015
648,2013-08-05,0.4440019389662604,0.4453744333680107,0.4382267310411994,0.4444330181938524,0.2967332830894774,0.004117568906344293,-0.0006861602964908231,0.0013443388924284094,0.002070426330781916,-0.12201460536916231,0.4453744333680107
649,2013-08-06,0.4460606459483442,0.4522368702768597,0.4429315848802165,0.4485736636719968,0.4514280516645443,0.0020587069820838244,0.006862436908849023,0.004704853839017087,0.004140645478144411,0.15469476857506692,0.4522368702768597
650,2013-08-07,0.4481194711883,0.4494919657401783,0.4442759216304676,0.4499539744696135,0.3952285662309311,0.002058825239955764,-0.002744904536681414,0.001344336750251085,0.0013803107976166906,-0.056199485433613194,0.4494919657401783
651,2013-08-08,0.4501781716627814,0.4515506660885826,0.4489807691184611,0.452024273320021,0.4028690974297669,0.002058700474481423,0.0020587003484042743,0.004704847487993491,0.0020702988504074926,0.007640531198835787,0.4515506660885826
652,2013-08-09,0.4570405639325898,0.4577268110255816,0.450324944232447,0.4568549872539215,0.4119909561059279,0.006862392269808393,0.0061761449369990284,0.0013441751139859348,0.004830713933900499,0.009121858676160999,0.4577268110255816
653,2013-08-12,0.4481194334455746,0.4542956584088367,0.4476365187365129,0.447883596373425,0.2403388861456898,-0.008921130487015205,-0.0034311526167449258,-0.0026884254959341214,-0.008971390880496477,-0.1716520699602381,0.4542956584088367
654,2013-08-13,0.4597856447475391,0.4611581392094721,0.4516692886084541,0.4534045120449466,0.2623898749967515,0.01166621130196449,0.0068624808006353955,0.004032769871941233,0.005520915671521576,0.022050988851061687,0.4611581392094721
655,2013-08-14,0.454981872625801,0.4625305914778127,0.453013501118187,0.4465033371879204,0.3246316172457704,-0.0048037721217381035,0.0013724522683406515,0.0013442125097328783,-0.006901174857026182,0.062241742249018905,0.4625305914778127
656,2013-08-15,0.4597856326433896,0.4515506660885826,0.4503250229182169,0.452024273320021,0.1584110813690584,0.004803760017588643,-0.01097992538923015,-0.00268847819997009,0.0055209361321005845,-0.16622053587671198,0.4515506660885826
657,2013-08-16,0.4474331327725056,0.4467468856363514,0.4409151970101855,0.4485736561818885,0.1703656539930871,-0.012352499870883993,-0.004803780452231177,-0.00940982590803141,-0.0034506171381324946,0.011954572624028686,0.4467468856363514
658,2013-08-19,0.4433156582705643,0.4529231183569233,0.4442758394667318,0.4444329846146116,0.1146729384859273,-0.004117474501941332,0.006176232720571884,0.0033606424565463255,-0.004140671567276877,-0.05569271550715979,0.4529231183569233
659,2013-08-20,0.4467469242202939,0.4426294410477566,0.4415873619732255,0.4437429012859639,0.2000441799423062,0.0034312659497295894,-0.010293677309166693,-0.002688477493506314,-0.0006900833286477281,0.0853712414563789,0.4426294410477566
660,2013-08-21,0.4467469233260376,0.4419431929676931,0.4388988535636394,0.4396022201451759,0.1513033082980326,-8.942562801372844e-10,-0.0006862480800635118,-0.002688508409586121,-0.004140681140787972,-0.0487408716442736,0.4419431929676931
661,2013-08-22,0.4391982085601338,0.4453744333680107,0.4395709848173994,0.4375318843709664,0.150341744847839,-0.007548714765903797,0.0034312404003176145,0.0006721312537600332,-0.0020703357742095085,-0.0009615634501936032,0.4453744333680107
662,2013-08-23,0.4508644100836132,0.4446881852879472,0.4415873646086418,0.4458132440770169,0.1695730138517113,0.011666201523479414,-0.0006862480800635118,0.002016379791242362,0.008281359706050484,0.019231269003872314,0.4446881852879472
663,2013-08-26,0.4481194719887468,0.4501782138202418,0.442931668498409,0.449263861814329,0.1124899295719743,-0.0027449380948664226,0.005490028532294633,0.0013443038897671955,0.0034506177373120894,-0.057083084279737004,0.4501782138202418
664,2013-08-27,0.4460606796869841,0.4446881852879472,0.4409152377218706,0.4458132440770169,0.0950908287637412,-0.002058792301762702,-0.005490028532294633,-0.0020164307765384026,-0.0034506177373120894,-0.017399100808233106,0.4446881852879472
665,2013-08-28,0.4323358173916912,0.4412570326712023,0.433521923886593,0.433391285114901,0.1242885729878635,-0.013724862295292906,-0.0034311526167448703,-0.007393313835277582,-0.012421958962115898,0.029197744224122302,0.4412570326712023
666,2013-08-29,0.4412569038494887,0.4433156452360338,0.4348660509581973,0.4409824049979494,0.1236778502559837,0.008921086457797489,0.0020586125648314746,0.0013441270716043063,0.007591119883048392,-0.0006107227318798009,0.4433156452360338
667,2013-08-30,0.4494919235853576,0.450864418008519,0.4442758799648245,0.4478835920923009,0.2645209075079914,0.008235019735868931,0.007548772772485224,0.00940982900662718,0.006901187094351502,0.1408430572520077,0.450864418008519
668,2013-09-02,0.452236916754416,0.4542956584088367,0.4469643918315031,0.4527143901709812,0.1420255204137321,0.0027449931690584073,0.00343124040031767,0.0026885118666786223,0.0048307980786803095,-0.1224953870942593,0.4542956584088367
669,2013-09-03,0.4563543226916274,0.4618442995059628,0.4530134571713811,0.4568549931123714,0.2070999766106187,0.0041174059372113825,0.0075486410971261075,0.006049065339877979,0.004140602941390181,0.06507445619688662,0.4618442995059628
670,2013-09-04,0.4618443053237254,0.465961787986344,0.457046223675036,0.4596154520326459,0.1606200784843681,0.005489982632097989,0.004117488480381237,0.0040327665036549165,0.0027604589202745444,-0.04647989812625061,0.465961787986344
671,2013-09-05,0.4666480292185063,0.4618442995059628,0.4577183447087694,0.4596154462429597,0.174809636425063,0.004803723894780898,-0.004117488480381237,0.000672121033733375,-5.789686230439628e-09,0.014189557940694902,0.4618442995059628
672,2013-09-06,0.4618443236060541,0.4474331337164149,0.4523413539845303,0.448573657128204,0.2639231788767899,-0.0048037056124521915,-0.014411165789547875,-0.0053769907242390835,-0.011041789114755673,0.0891135424517269,0.4474331337164149
673,2013-09-09,0.4844906133088348,0.4803731293430374,0.4805708137584049,0.4713475271663668,0.5246238207853634,0.02264628970278071,0.032939995626622476,0.028229459773874588,0.02277387003816278,0.2607006419085735,0.4803731293430374
674,2013-09-10,0.4803731043659435,0.4968430393727758,0.4866199315667516,0.483079431714484,0.4051040827464331,-0.0041175089428913125,0.01646991002973841,0.006049117808346716,0.011731904548117178,-0.11951973803893029,0.4968430393727758
675,2013-09-11,0.5050778356626967,0.501646600366075,0.5000623015994868,0.5017123254365455,0.3074274279477117,0.024704731296753213,0.004803560993299205,0.01344237003273524,0.01863289372206156,-0.0976766547987214,0.501646600366075
676,2013-09-12,0.496842956104819,0.5002741919895207,0.4913247380647306,0.4948112778429476,0.1591127628056862,-0.008234879557877717,-0.0013724083765542794,-0.008737563534756243,-0.006901047593597942,-0.14831466514202551,0.5002741919895207
677,2013-09-13,0.5009604000048746,0.503705388498052,0.4987180945896659,0.5024024855090369,0.4610436861664804,0.0041174439000556395,0.003431196508531298,0.0073933565249352795,0.0075912076660892835,0.3019309233607942,0.503705388498052
678,2013-09-17,0.507822917292085,0.5050779285499655,0.4980460129451535,0.5065432112728714,0.1462096208321422,0.0068625172872103235,0.0013725400519134512,-0.000672081644512379,0.004140725763834507,-0.3148340653343382,0.5050779285499655
679,2013-09-18,0.5043916866810038,0.5091954170303467,0.5027509063559196,0.5037827631155941,0.149315210894254,-0.003431230611081193,0.004117488480381182,0.004704893410766076,-0.0027604481572772732,0.003105590062111807,0.5091954170303467
680,2013-09-19,0.514685412888284,0.5236066267116809,0.513504954712222,0.5148245954224735,0.2122586345799007,0.010293726207280196,0.014411209681334247,0.010754048356302448,0.011041832306879384,0.0629434236856467,0.5236066267116809
681,2013-09-20,0.5222341322773122,0.5236066267116809,0.513504954712222,0.5189652758146113,0.1815145923750617,0.007548719389028236,0.0,0.0,0.004140680392137774,-0.030744042204839006,0.5236066267116809
682,2013-09-24,0.5208616361217207,0.5222341305515539,0.5121606992116049,0.5189652740996552,0.0878920969879674,-0.0013724961555915405,-0.0013724961601270236,-0.0013442555006171197,-1.7149560660456586e-09,-0.0936224953870943,0.5222341305515539
683,2013-09-25,0.5229203698766067,0.516057897830982,0.5135049452675068,0.5189652662694665,0.1025234543517243,0.0020587337548860773,-0.006176232720571884,0.0013442460559018876,-7.830188719637476e-09,0.014631357363756897,0.516057897830982
684,2013-09-26,0.5065472269723027,0.5217091847864397,0.5109744278978299,0.502470388123431,0.1948595337716676,-0.016373142904304028,0.0056512869554576906,-0.00253051736967691,-0.016494878146035452,0.09233607941994329,0.5217091847864397
685,2013-09-27,0.5223983139096092,0.5279117525788399,0.517724370017175,0.5225691528542896,0.1550196210920242,0.015851086937306524,0.006202567792400249,0.006749942119345098,0.020098764730858587,-0.0398399126796434,0.5279117525788399
686,2013-09-30,0.518263186273059,0.5141281076591782,0.5150243249719261,0.5163315415684527,0.1840744302086852,-0.004135127636550218,-0.013783644919661775,-0.0027000450452489,-0.006237611285836886,0.029054809116661,0.5141281076591782
687,2013-10-01,0.5148173917662217,0.5086147725883153,0.5069244383267552,0.510094082702107,0.1794095480651784,-0.003445794506837352,-0.005513335070862824,-0.008099886645170917,-0.006237458866345746,-0.004664882143506799,0.5086147725883153
688,2013-10-02,0.5079255354592346,0.4941419388389025,0.5028743861627712,0.4962327745515923,0.2305803165362925,-0.006891856306987076,-0.014472833749412828,-0.004050052163983908,-0.013861308150514673,0.0511707684711141,0.4941419388389025
689,2013-10-03,0.5010337213118026,0.4996553616933381,0.4994993744937177,0.5017772589651431,0.1688323501130486,-0.006891814147432007,0.005513422854435568,-0.0033750116690535736,0.005544484413550821,-0.0617479664232439,0.4996553616933381
690,2013-10-04,0.499655370701432,0.5003445505230891,0.4954493884976561,0.5003911429617364,0.1605940902830115,-0.00137835061037056,0.0006891888297510529,-0.0040499859960616,-0.0013861160034067677,-0.008238259830037092,0.5003445505230891
691,2013-10-07,0.5037905110629679,0.4982770718174087,0.4947744496629512,0.4990050787600442,0.1306816705215832,0.004135140361535894,-0.0020674787056804145,-0.0006749388347048746,-0.0013860642016921831,-0.029912419761428305,0.4982770718174087
692,2013-10-08,0.4934527061173651,0.4934527061173651,0.4866743537734074,0.4906882216830621,0.1322539567036565,-0.010337804945602824,-0.004824365700043631,-0.008100095889543801,-0.008316857076982098,0.001572286182073307,0.4934527061173651
693,2013-10-09,0.4872500268742522,0.4920742845660766,0.4832992973241575,0.4823714113492807,0.1747706541230281,-0.006202679243112907,-0.0013784215512884779,-0.0033750564492499024,-0.0083168103337814,0.04251669741937161,0.4920742845660766
694,2013-10-10,0.4975878323710012,0.503790450780058,0.4940993912904617,0.4996980815762107,0.0942462122196522,0.010337805496749009,0.011716166213981416,0.010800093966304214,0.01732667022693002,-0.08052444190337592,0.503790450780058
695,2013-10-11,0.513439024475253,0.514817384272502,0.5082744294324744,0.5087079500725827,0.2322565555237922,0.015851192104251843,0.011026933492443991,0.014175038142012653,0.009009868496372031,0.13801034330414003,0.514817384272502
696,2013-10-15,0.5210199861249284,0.5168849068699687,0.5102994102787365,0.5135593713001348,0.1308116115283661,0.007580961649675366,0.0020675225974666755,0.0020249808462621255,0.004851421227552111,-0.10144494399542611,0.5168849068699687
697,2013-10-16,0.5168848719786286,0.5175740518079334,0.5075993791344144,0.5149454616984158,0.0790950908287637,-0.004135114146299745,0.0006891449379646808,-0.002700031144322046,0.0013860903982809702,-0.05171652069960239,0.5175740518079334
698,2013-10-17,0.5210199081731158,0.5210199081731158,0.5116493321687829,0.5191037942698188,0.114789885392032,0.004135036194487185,0.0034458563651824647,0.004049953034368503,0.004158332571402967,0.035694794563268295,0.5210199081731158
699,2013-10-18,0.5223983458765817,0.5168849068699687,0.5116494087186273,0.517024684196897,0.1089945164895137,0.0013784377034659068,-0.0041350013031471455,7.654984435223611e-08,-0.0020791100729218304,-0.005795368902518305,0.5168849068699687
700,2013-10-21,0.521020004885797,0.5217091847864397,0.5123244263863314,0.5197969532311356,0.1006912861560851,-0.00137834099078471,0.004824277916470998,0.0006750176677040587,0.0027722690342386613,-0.008303230333428599,0.5217091847864397
701,2013-10-22,0.5217091150453403,0.523087474662369,0.512999357053787,0.5204899462573207,0.0741833207723693,0.0006891101595433158,0.0013782898759293616,0.0006749306674556088,0.0006929930261850847,-0.02650796538371579,0.523087474662369
702,2013-10-23,0.5237766884399083,0.5189524294674355,0.5129993903238609,0.5191038548999719,0.1255100184516229,0.0020675733945679786,-0.004135045194933573,3.327007391806802e-08,-0.0013860913573487954,0.0513266976792536,0.5189524294674355
703,2013-10-24,0.5120606289534978,0.5120606289534978,0.5021994012154803,0.5080148520280562,0.1211180124223602,-0.011716059486410524,-0.006891800513937674,-0.010799989108380537,-0.01108900287191572,-0.004392006029262707,0.5120606289534978
704,2013-10-25,0.5127498498370016,0.4982770718174087,0.5042244391517388,0.501084266588211,0.1149198263988149,0.0006892208835037605,-0.013783557136089086,0.0020250379362584114,-0.006930585439845149,-0.006198186023545299,0.4982770718174087
705,2013-10-28,0.507925489738357,0.5141281076591782,0.5048993382424648,0.5073217294337011,0.1020166844252709,-0.004824360098644509,0.015851035841769445,0.0006748990907260444,0.006237462845490094,-0.012903141973544002,0.5141281076591782
706,2013-10-29,0.5051687617476108,0.5134389188294272,0.5055743284357795,0.5080147829405551,0.0928428493463967,-0.0027567279907462217,-0.0006891888297509974,0.0006749901933147395,0.0006930535068540022,-0.009173835078874204,0.5134389188294272
707,2013-10-30,0.5161957100545939,0.5189524294674355,0.5102993935326826,0.5163316046735368,0.1003404454377712,0.011026948306983031,0.005513510638008312,0.004725065096903069,0.00831682173298165,0.0074975960913745004,0.5189524294674355
708,2013-10-31,0.5141282651707039,0.5093040053098528,0.5075994902149842,0.5114802609653916,0.099885651914031,-0.0020674448838899906,-0.009648424157582713,-0.0026999033176984266,-0.004851343708145217,-0.000454793523740199,0.5093040053098528
709,2013-11-01,0.5099930325188168,0.5010336954610538,0.5048993416812915,0.5031633580292804,0.1161802541646092,-0.0041352326518870886,-0.008270309848798951,-0.0027001485336927145,-0.008316902936111203,0.016294602250578202,0.5010336954610538
710,2013-11-05,0.5058579476149545,0.5072363071452405,0.5015243398736439,0.5080147890771344,0.0971828789729462,-0.004135084903862274,0.006202611684186676,-0.003375001807647604,0.004851431047854016,-0.018997375191663002,0.5072363071452405
711,2013-11-06,0.5037905051419875,0.5113714840155331,0.5028744347431265,0.5031634485027672,0.0868915512357389,-0.002067442472966974,0.004135176870292634,0.0013500948694826764,-0.004851340574367202,-0.010291327737207298,0.5113714840155331
712,2013-11-07,0.5113714288355719,0.503790450780058,0.5008493829747577,0.5052425817878746,0.07501494321578,0.007580923693584318,-0.007581033235475099,-0.0020250517683688685,0.0020791332851074484,-0.011876608019958892,0.503790450780058
713,2013-11-08,0.4982770725408997,0.5017229720743777,0.4940994511311772,0.4996981420949875,0.1168689415005587,-0.01309435629467215,-0.002067478705680359,-0.00674993184358047,-0.005544439692887149,0.04185399828477869,0.5017229720743777
714,2013-11-11,0.5093039095513255,0.5120606289534978,0.5028744004106624,0.5114801647976883,0.0792120377348683,0.011026837010425838,0.010337656879120138,0.008774949279485245,0.011782022702700845,-0.03765690376569039,0.5120606289534978
715,2013-11-12,0.5258442765638437,0.539627874901035,0.5312244177255006,0.521183090703619,0.4785857220821747,0.016540367012518153,0.027567245947537233,0.028350017314838105,0.009702925905930693,0.3993736843473064,0.539627874901035
716,2013-11-13,0.5410061580881657,0.547208776461151,0.5420243290968084,0.5426679550607089,0.3433561163231893,0.015161881524321963,0.007580901560115927,0.010799911371307869,0.02148486435708985,-0.1352296057589854,0.547208776461151
717,2013-11-14,0.5410061503663778,0.5499654878883687,0.5426993205153581,0.5440540723402728,0.2885080173601185,-7.721787875780706e-09,0.002756711427217784,0.0006749914185496531,0.0013861172795639476,-0.0548480989630708,0.5499654878883687
718,2013-11-15,0.551343791260883,0.5423844546528936,0.5413492669789728,0.5447470792795293,0.2912497726032381,0.010337640894505173,-0.007581033235475099,-0.0013500535363852872,0.0006930069392564464,0.0027417552431195924,0.5423844546528936
719,2013-11-18,0.5506546611629143,0.5561680995725554,0.5467493089560851,0.5523708159354928,0.2257205228826113,-0.000689130097968671,0.013783644919661775,0.005400041977112302,0.007623736655963498,-0.06552924972062679,0.5561680995725554
720,2013-11-19,0.55410056016894,0.5561680995725554,0.5467493089560851,0.5537569409441138,0.1348267886379583,0.0034458990060257655,0.0,0.0,0.0013861250086210086,-0.090893734244653,0.5561680995725554
721,2013-11-20,0.5568572459681809,0.560303144767489,0.5555242645396421,0.5593014074263943,0.2501494321578003,0.002756685799240821,0.004135045194933573,0.00877495558355701,0.0055444664822805745,0.11532264351984198,0.560303144767489
722,2013-11-21,0.565816692726657,0.5754652112384392,0.5669993594578191,0.5662321420146895,0.205865537046181,0.008959446758476153,0.015162066470950197,0.011475094918176998,0.006930734588295184,-0.04428389511161929,0.5754652112384392
723,2013-11-22,0.5789111286430951,0.5768435888979413,0.5764493666420066,0.5752419736023995,0.2603108188882247,0.013094435916438107,0.0013783776595021058,0.009450007184187537,0.00900983158770996,0.054445281842043725,0.5768435888979413
724,2013-11-25,0.580978634972781,0.5844245343498436,0.5730743373893457,0.5814795037273062,0.1208321422074378,0.0020675063296858864,0.0075809454519023545,-0.003375029252660977,0.006237530124906687,-0.1394786766807869,0.5844245343498436
725,2013-11-26,0.5802893317893348,0.5816676912472667,0.5717242174622682,0.5780140680080726,0.1165960653863146,-0.0006893031834461771,-0.0027568431025769558,-0.0013501199270774533,-0.0034654357192335228,-0.0042360768211232025,0.5816676912472667
726,2013-11-27,0.578911033984381,0.5830461127985552,0.5730742766458554,0.5800933170819549,0.1112554900075365,-0.0013782978049537986,0.0013784215512885334,0.0013500591835872155,0.002079249073882239,-0.005340575378778106,0.5830461127985552
727,2013-11-28,0.5851136814338561,0.5920054798017461,0.5804992962714871,0.5863309089202412,0.1371397385586943,0.006202647449475074,0.008959367003190888,0.00742501962563169,0.006237591838286316,0.0258842485511578,0.5920054798017461
728,2013-11-29,0.5926947733123773,0.5871813335606343,0.5845494034733825,0.587024084046588,0.1905714805478313,0.0075810918785211845,-0.004824146241111826,0.004050107201895359,0.0006931751263468122,0.053431741989137,0.5871813335606343
729,2013-12-02,0.5851137336421718,0.5926947125232835,0.5811743473100115,0.5884101490429727,0.0947399880454273,-0.007581039670205514,0.005513378962649251,-0.003375056163370971,0.0013860649963847171,-0.095831492502404,0.5926947125232835
730,2013-12-03,0.5975189206371667,0.5988972803156838,0.5906242861135553,0.5981129742450909,0.1620364354583019,0.012405186994994932,0.006202567792400249,0.009449938803543834,0.009702825202118182,0.0672964474128746,0.5988972803156838
731,2013-12-04,0.5830461127985553,0.5830461127985552,0.5798242681257831,0.5814794420929034,0.1286156085137347,-0.014472807838611379,-0.01585116751712856,-0.010800017987772192,-0.016633532152187547,-0.03342082694456719,0.5830461127985552
732,2013-12-05,0.5775327848654344,0.5678842657865368,0.5717243877244638,0.5696974884866757,0.1587229397853374,-0.005513327933120982,-0.015161847012018392,-0.00809988040131937,-0.01178195360622769,0.0301073312716027,0.5678842657865368
733,2013-12-06,0.5651274882609993,0.5802894452631238,0.5703743308449744,0.5683113050962726,0.1470672314769094,-0.012405296604435012,0.012405179476586925,-0.001350056879489414,-0.001386183390403084,-0.01165570830842802,0.5802894452631238
734,2013-12-09,0.5926947392245441,0.5947622790125366,0.58252437203697,0.5918754887170015,0.1328906676368928,0.02756725096354473,0.014472833749412883,0.012150041191995697,0.023564183620728874,-0.014176563840016587,0.5947622790125366
735,2013-12-10,0.5995864409365605,0.5940730023992128,0.5872492713699646,0.5960337675128471,0.1537981756282647,0.006891701712016474,-0.0006892766133238526,0.004724899332994581,0.004158278795845627,0.020907507991371893,0.5940730023992128
736,2013-12-11,0.5913163793658823,0.5947622790125366,0.5845493698540164,0.5932616139833176,0.1145429974791444,-0.008270061570678222,0.0006892766133238526,-0.002699901515948233,-0.0027721535295295308,-0.0392551781491203,0.5947622790125366
737,2013-12-12,0.5906270277238241,0.5816676912472667,0.5791492072994405,0.5821724425980587,0.1350736765508459,-0.0006893516420581891,-0.01309458776526995,-0.005400162554575871,-0.011089171385258889,0.020530679071701502,0.5816676912472667
738,2013-12-13,0.5871812042275283,0.5940730023992128,0.5865742722074705,0.587023954748118,0.4631877127783986,-0.0034458234962958523,0.012405311151946097,0.007425064908029966,0.004851512150059301,0.3281140362275527,0.5940730023992128
739,2013-12-16,0.5940730959442372,0.5775327777276924,0.5818493696902406,0.5794003582587154,0.1538371579302996,0.006891891716708898,-0.016540224671520387,-0.004724902517229901,-0.007623596489402584,-0.30935055484809904,0.5775327777276924
740,2013-12-17,0.5844245506525072,0.5789111114954081,0.5723993541370236,0.5814795199478173,0.1696639725564593,-0.009648545291729982,0.0013783337677156782,-0.009450015553217006,0.002079161689101938,0.015826814626159702,0.5789111114954081
741,2013-12-18,0.5747760063532604,0.5802894452631238,0.5703743308449744,0.5766280559025596,0.2222770862028639,-0.009648544299246775,0.0013783337677156782,-0.002025023292049233,-0.004851464045257714,0.05261311364640461,0.5802894452631238
742,2013-12-19,0.5926947125232835,0.5926947125232835,0.5818493465519511,0.5877170864410375,0.3124041685074976,0.017918706170023113,0.01240526726015978,0.011475015706976732,0.011089030538477873,0.09012708230463368,0.5926947125232835
743,2013-12-20,0.5906270293511542,0.5851135915042356,0.5784742098171798,0.583558569069242,0.1768756984329114,-0.002067683172129353,-0.007581121019047954,-0.0033751367347713,-0.0041585173717955115,-0.13552847007458618,0.5851135915042356
744,2013-12-24,0.5878704689118451,0.5837353894118791,0.5777993665082926,0.5849448516318222,0.182684061436108,-0.0027565604393090526,-0.0013782020923565064,-0.0006748433088872297,0.001386282562580221,0.005808363003196593,0.5837353894118791
745,2013-12-25,0.5761544178763136,0.5775327777276924,0.5703743821209435,0.5773211703702272,0.1647002260973518,-0.011716051035531527,-0.006202611684186676,-0.007424984387349065,-0.007623681261594961,-0.017983835338756193,0.5775327777276924
746,2013-12-26,0.5830461477042126,0.5823569678605905,0.5750993085197318,0.582172539451734,0.1116713012292419,0.006891729827898985,0.004824190132898143,0.004724926398788298,0.00485136908150674,-0.053028924868109895,0.5823569678605905
747,2013-12-27,0.5858029127793771,0.5892488122663146,0.5791493488317595,0.5870240230764384,0.0891395306530835,0.0027567650751645356,0.006891844405724101,0.004050040312027714,0.004851483624704445,-0.022531770576158405,0.5892488122663146
748,2013-12-30,0.5885596331335862,0.5926947125232835,0.5818493465519511,0.589796274246843,0.1027963304659684,0.0027567203542090413,0.0034459002569688924,0.0026999977201915826,0.0027722511704045827,0.013656799812884896,0.5926947125232835
749,2014-01-06,0.583735208622033,0.5733975130738269,0.5764491894551356,0.5717764847578172,0.2093869383299982,-0.0048244245115531825,-0.019297199449456626,-0.005400157096815517,-0.018019789489025828,0.1065906078640298,0.5733975130738269
750,2014-01-07,0.5768435958843617,0.5671950769567858,0.5656493853590406,0.5690044169246934,0.1168689415005587,-0.006891612737671249,-0.006202436117041077,-0.010799804096094934,-0.0027720678331237814,-0.0925179968294395,0.5671950769567858
751,2014-01-08,0.5747759563904902,0.5864920130555241,0.5744242761613775,0.575934943271853,0.111320460510928,-0.0020676394938715648,0.019296936098738282,0.008774890802336843,0.006930526347159627,-0.005548480989630691,0.5864920130555241
752,2014-01-09,0.58373535359035,0.5809786340928749,0.5730743365214108,0.5780141899572098,0.1332155201538501,0.008959397199859831,-0.005513378962649251,-0.0013499396399666574,0.0020792466853567504,0.0218950596429221,0.5809786340928749
753,2014-01-10,0.5754652031297064,0.5782219226656571,0.5696993483801305,0.5731627599116518,0.2296837235894903,-0.00827015046064361,-0.002756711427217784,-0.003374988141280344,-0.004851430045557992,0.09646820343564019,0.5782219226656571
754,2014-01-14,0.5630598700610174,0.5541005330833023,0.5541742724822959,0.554449976345705,0.215832012266431,-0.012405333068688962,-0.02412138958235477,-0.015525075897834584,-0.018712783565946745,-0.01385171132305929,0.5541005330833023
755,2014-01-15,0.5644383402359963,0.5692625995542526,0.5588993758335538,0.5634598989094767,0.1168949297019153,0.0013784701749788297,0.015162066470950308,0.004725103351257864,0.009009922563771644,-0.09893708256451571,0.5692625995542526
756,2014-01-16,0.5671950293481358,0.5534114320371241,0.559574344991204,0.5565292429218403,0.1274461394526884,0.0027566891121395543,-0.01585116751712856,0.0006749691576501959,-0.006930655987636425,0.010551209750773102,0.5534114320371241
757,2014-01-17,0.564438366115502,0.5678842657865368,0.558899401459098,0.5599946115538127,0.1957041503157566,-0.0027566632326337936,0.014472833749412772,-0.0006749435321059538,0.003465368631972443,0.06825801086306821,0.5678842657865368
758,2014-01-20,0.5651274030865202,0.560303144767489,0.5534992672205424,0.5593014074263943,0.0926479378362223,0.0006890369710181865,-0.007581121019047843,-0.005400134238555565,-0.0006932041274183565,-0.10305621247953431,0.560303144767489
759,2014-01-21,0.5589249426751324,0.5589249426751324,0.5555244210092143,0.5599946276177836,0.1300319654876686,-0.0062024604113878334,-0.0013782020923566174,0.002025153788671852,0.0006932201913892877,0.0373840276514463,0.5589249426751324
760,2014-01-22,0.5782219226656571,0.5782219226656571,0.569024349152192,0.570390509561414,0.2208087528262169,0.01929697999052471,0.01929697999052471,0.013499928142977735,0.010395881943630392,0.0907767873385483,0.5782219226656571
761,2014-01-23,0.5878704930759923,0.5685734546162879,0.5858993817106932,0.5703905600487107,0.2011746667013176,0.009648570410335178,-0.009648468049369141,0.016875032558501202,5.048729667667118e-08,-0.019634086124899308,0.5685734546162879
762,2014-01-24,0.5575464001656203,0.5616814785352047,0.5528242427682555,0.5599944442144682,0.1913641206892071,-0.03032409291037197,-0.006891976081083273,-0.03307513894243774,-0.010396115834242492,-0.009810546012110483,0.5616814785352047
763,2014-01-27,0.5513439258436582,0.5458304865852217,0.5447243953759674,0.5475194626960808,0.2213415109540268,-0.0062024743219620815,-0.015850991949982962,-0.008099847392288084,-0.01247498151838744,0.029977390264819687,0.5458304865852217
764,2014-01-28,0.5472088374435444,0.5451412977554706,0.5406743910219778,0.5461333285353821,0.1485225707528782,-0.004135088400113784,-0.0006891888297511084,-0.004050004353989611,-0.00138613416069866,-0.0728189402011486,0.5451412977554706
765,2014-01-29,0.54996540316456,0.5733975130738269,0.5622742093865666,0.5530637998021067,0.2449777800878401,0.002756565721015569,0.028256215318356315,0.021599818364588796,0.006930471266724636,0.0964552093349619,0.5733975130738269
766,2014-01-30,0.5637491773397943,0.5671950769567858,0.563624387559426,0.5634599159071568,0.1964708022557758,0.013783774175234353,-0.006202436117041077,0.0013501781728594286,0.01039611610505009,-0.04850697783206431,0.5671950769567858
767,2014-01-31,0.5706408334506943,0.5630598561947068,0.5595742516127358,0.5593013998649778,0.1477169365108241,0.006891656110899924,-0.0041352207620790615,-0.0040501359466902365,-0.0041585160421789835,-0.04875386574495169,0.5630598561947068
768,2014-02-03,0.562370685889626,0.5437628323123957,0.5507992725997161,0.5461332224237988,0.1369708152498765,-0.008270147561068253,-0.019297023882311026,-0.008774979013019713,-0.013168177441179041,-0.010746121260947594,0.5437628323123957
769,2014-02-04,0.5272225232698007,0.5141281076591782,0.519749318779008,0.5170246040403567,0.2123236050832921,-0.03514816261982534,-0.029634724653217592,-0.031049953820708076,-0.029108618383442142,0.07535278983341559,0.5141281076591782
770,2014-02-05,0.5210199509544576,0.5175740518079334,0.5197493642732701,0.5142523991658473,0.2061384131604251,-0.006202572315343047,0.003445944148755209,4.549426213529273e-08,-0.002772204874509354,-0.006185191922866984,0.5175740518079334
771,2014-02-06,0.5155065649309098,0.5182632845294708,0.5123244256412128,0.5163316394586481,0.146781361261987,-0.005513386023547784,0.000689232721537425,-0.0074249386320572874,0.0020792402928008213,-0.05935705189843812,0.5182632845294708
772,2014-02-07,0.5251550431983895,0.5320468416655598,0.5237993725534069,0.5281136631600706,0.1159073780503651,0.00964847826747961,0.01378355713608903,0.011474946912194084,0.01178202370142245,-0.03087398321162188,0.5320468416655598
773,2014-02-10,0.5499654902785156,0.5568572884023065,0.5460743186629431,0.5489055123135607,0.1474830426986148,0.02481044708012614,0.024810446736746705,0.022274946109536176,0.020791849153490083,0.03157566464824971,0.5568572884023065
774,2014-02-12,0.5589248972490514,0.5520330982694083,0.5507993811681142,0.5537570186902316,0.1234959328464876,0.008959406970535766,-0.004824190132898254,0.004725062505171129,0.004851506376670978,-0.02398710985212721,0.5520330982694083
775,2014-02-13,0.5513439334876474,0.539627874901035,0.5433744044079134,0.5378165935984154,0.0790431144260505,-0.007580963761403936,-0.012405223368373242,-0.007424976760200819,-0.015940425091816257,-0.04445281842043711,0.539627874901035
776,2014-02-14,0.5334252415353635,0.514817384272502,0.5264994089738778,0.51563857609537,0.2682891967046961,-0.017918691952283905,-0.024810490628533022,-0.01687499543403559,-0.022178017503045377,0.1892460822786456,0.514817384272502
777,2014-02-17,0.532736029523748,0.529290130238342,0.5264993772368282,0.5274206085415275,0.1228332337118948,-0.0006892120116155365,0.014472745965840028,-3.173704965497848e-08,0.011782032446157498,-0.14545596299280128,0.529290130238342
778,2014-02-18,0.5341144035953408,0.5506547206099062,0.5406743750038954,0.5336581859312066,0.170937394422932,0.0013783740715928028,0.02136459037156413,0.01417499776706721,0.0062375773896791165,0.048104160711037194,0.5506547206099062
779,2014-02-19,0.5520330533299537,0.5485871541206531,0.5480993395823818,0.5489055357940757,0.1106707554770134,0.01791864973461288,-0.002067566489253103,0.007424964578486404,0.01524734986286913,-0.06026663894591859,0.5485871541206531
780,2014-02-20,0.5430737717064872,0.5258442738731596,0.5332494127773272,0.5274206515904172,0.1366069804308843,-0.008959281623466486,-0.02274288024749349,-0.014849926805054592,-0.021484884203658572,0.025936224953870893,0.5258442738731596
781,2014-02-21,0.5375602766508912,0.5485871541206531,0.5379743517822145,0.5371234725257686,0.0880220379947503,-0.005513495055595952,0.02274288024749349,0.004724939004887352,0.009702820935351464,-0.048584942436133996,0.5485871541206531
782,2014-02-24,0.5430737042601884,0.5410061647769643,0.5386493399339477,0.5385095865840759,0.1097091920268198,0.0055134276092971835,-0.007580989343688782,0.0006749881517331691,0.0013861140583072418,0.0216871540320695,0.5410061647769643
783,2014-02-25,0.5485871205177144,0.5527221993155866,0.5447243102826651,0.5475193771661512,0.089386418565971,0.005513416257525994,0.011716034538622355,0.006074970348717401,0.009009790582075294,-0.020322773460848792,0.5527221993155866
784,2014-02-26,0.5416954049550214,0.5354927858143151,0.5339244052085489,0.5385096465794662,0.16524597832584,-0.006891715562692968,-0.017229413501271496,-0.010799905074116212,-0.009009730586684972,0.07585955975986901,0.5354927858143151
785,2014-02-27,0.5286010208236909,0.5313577406193816,0.5251494488161234,0.5274206788266628,0.1376075261831128,-0.013094384131330572,-0.004135045194933573,-0.008774956392425537,-0.011088967752803436,-0.0276384521427272,0.5313577406193816
786,2014-02-28,0.5265334277616062,0.5272226076408753,0.5210994004007847,0.5260345003560508,0.1425582785415421,-0.002067593062084705,-0.004135132978506317,-0.004050048415338625,-0.001386178470611954,0.004950752358429289,0.5272226076408753
787,2014-03-03,0.5196415486276843,0.5210199081731158,0.5123243312877392,0.5135592944645337,0.1012630265859299,-0.006891879133921863,-0.0062026994677594205,-0.008775069113045486,-0.012475205891517072,-0.041295251955612206,0.5210199081731158
788,2014-03-04,0.5120606054088971,0.5203307632351513,0.512999364750629,0.5114801412797774,0.1058369500246887,-0.007580943218787217,-0.0006891449379645698,0.0006750334628897736,-0.002079153184756377,0.004573923438758801,0.5203307632351513
789,2014-03-05,0.5258442309529362,0.529290130238342,0.5217743828257284,0.5288067336625302,0.1122170534577301,0.013783625544039113,0.008959367003190777,0.008775018075099394,0.017326592382752803,0.006380103433041406,0.529290130238342
790,2014-03-06,0.5320468781952157,0.5382494972415329,0.532574398607934,0.5288067620173429,0.1261467293848592,0.00620264724227948,0.008959367003190888,0.010800015782205574,2.8354812720010614e-08,0.013929675927129112,0.5382494972415329
791,2014-03-07,0.5478980188816225,0.5520330982694083,0.5420243910269555,0.5461333300724688,0.1463915382416383,0.015851140686406806,0.013783601027875347,0.009449992419021558,0.01732656805512589,0.020244808856779095,0.5520330982694083
792,2014-03-10,0.5534114427135045,0.5609924213808127,0.5534993627803532,0.5551431284935913,0.1862054627199251,0.005513423831882025,0.00895932311140446,0.011474971753397623,0.009009798421122484,0.0398139244782868,0.5609924213808127
793,2014-03-11,0.5575464579131042,0.5527221993155866,0.5494493042999868,0.5530638771880869,0.0944411237298266,0.00413501519959969,-0.008270222065226096,-0.004050058480366325,-0.0020792513055043482,-0.0917643389900985,0.5527221993155866
794,2014-03-12,0.5396277949492444,0.5368710756902444,0.5318993381788998,0.5364303888791226,0.1183632630785623,-0.0179186629638598,-0.015851123625342245,-0.017549966121087057,-0.016633488308964273,0.023922139348735702,0.5368710756902444
795,2014-03-13,0.538938657361832,0.5299793190680931,0.5305493814286634,0.5315789929042882,0.1013150029886431,-0.0006891375874124028,-0.006891756622151246,-0.001349956750236414,-0.004851395974834416,-0.017048260089919207,0.5299793190680931
796,2014-03-14,0.5168849050905719,0.509993106356031,0.5075994116515238,0.5114801818012868,0.3803113386522518,-0.022053752271260052,-0.019986212712062135,-0.02294996977713959,-0.02009881110300138,0.2789963356636087,0.509993106356031
797,2014-03-17,0.5031013058420933,0.5031013058420933,0.4961244231972342,0.5031634290980723,0.1283297382988123,-0.013783599248478606,-0.006891800513937674,-0.01147498845428957,-0.008316752703214525,-0.2519816003534395,0.5031013058420933
798,2014-03-18,0.5292901481370705,0.5306685078978441,0.5258243958167714,0.5308859392967268,0.1860365394111073,0.0261888422949772,0.027567202055750806,0.029699972619537218,0.02772251019865446,0.05770680111229498,0.5306685078978441
799,2014-03-19,0.535492750892701,0.5361819307522797,0.5325743719811514,0.5267275478898894,0.1506406091634398,0.006202602755630449,0.005513422854435568,0.0067499761643800005,-0.004158391406837381,-0.03539593024766749,0.5361819307522797
800,2014-03-20,0.5423845455054171,0.5223983297244044,0.5312243696719724,0.5253414189059503,0.1174276878297253,0.006891794612716162,-0.013783601027875347,-0.0013500023091790325,-0.0013861289839390833,-0.03321292133371449,0.5223983297244044
801,2014-03-24,0.5327360275421695,0.5223983297244044,0.5231243792830732,0.52326223123218,0.1584760518724499,-0.009648517963247616,0.0,-0.008099990388899192,-0.002079187673770355,0.04104836404272459,0.5223983297244044
802,2014-03-25,0.5099931249821305,0.514817384272502,0.5082744294324744,0.5114802004816977,0.1083058291535642,-0.02274290256003908,-0.0075809454519023545,-0.014849949850598843,-0.01178203075048223,-0.0501702227188857,0.514817384272502
803,2014-03-26,0.5223982832507482,0.5155064853186803,0.5129993456594424,0.5135593097339298,0.121286935731178,0.012405158268617766,0.0006891010461782532,0.004724916226968023,0.002079109252232092,0.01298110657761381,0.5155064853186803
804,2014-03-27,0.5137064475186155,0.5303222894868725,0.5214445522486886,0.5131194324443848,0.152563736063827,-0.008691835732132724,0.014815804168192281,0.00844520658924619,-0.0004398772895449765,0.031276800332649,0.5303222894868725
805,2014-03-28,0.5282453776059138,0.537937953341802,0.527547352604358,0.5277402715464379,0.0945840588372878,0.01453893008729834,0.007615663854929511,0.006102800355669458,0.01462083910205303,-0.05797967722653921,0.537937953341802
806,2014-03-31,0.5393225648682006,0.5420918720048794,0.532293881014099,0.538183638552834,0.086670651524208,0.011077187262286792,0.0041539186630773495,0.004746528409740991,0.010443367006396143,-0.007913407313079796,0.5420918720048794
807,2014-04-01,0.5386301249983796,0.535860818443118,0.5282252818504214,0.5319174819256962,0.1092933808051144,-0.0006924398698210377,-0.006231053561761457,-0.004068599163677633,-0.006266156627137809,0.022622729280906403,0.535860818443118
808,2014-04-02,0.5413994766991361,0.5372455165198589,0.5350061388100427,0.5388797975669172,0.1398425114997791,0.0027693517007565394,0.001384698076740909,0.006780856959621273,0.006962315641220962,0.03054913069466471,0.5372455165198589
809,2014-04-03,0.533091582781149,0.5462457906679566,0.5383965719700674,0.534006234152374,0.096728085449206,-0.008307893917987141,0.009000274148097787,0.0033904331600247417,-0.004873563414543147,-0.04311442605057311,0.5462457906679566
810,2014-04-04,0.5524767369810922,0.5573230241475929,0.5458554722103998,0.5507156917853778,0.1229111983159645,0.019385154199943244,0.011077233479636295,0.007458900240332356,0.0167094576330038,0.026183112866758507,0.5573230241475929
811,2014-04-07,0.5517844322943087,0.5580153731859634,0.5506020635380049,0.5535006225868458,0.1367759037397021,-0.0006923046867834959,0.0006923490383704545,0.004746591327605132,0.002784930801468022,0.013864705423737606,0.5580153731859634
812,2014-04-08,0.5559383915801642,0.5552460648160543,0.5492458995271028,0.5562855300703375,0.1114633956183892,0.004153959285855491,-0.0027693083699090737,-0.0013561640109021056,0.0027849074834916943,-0.025312508121312915,0.5552460648160543
813,2014-04-09,0.5503998600336508,0.5413996107500817,0.5417870858696022,0.543753522101169,0.1244834844980379,-0.005538531546513403,-0.013846454065972624,-0.007458813657500563,-0.012532007969168535,0.0130200888796487,0.5413996107500817
814,2014-04-10,0.5573230168788895,0.5434764822980476,0.545855465091258,0.5423609586670276,0.1080849294420333,0.006923156845238698,0.002076871547965875,0.004068379221655816,-0.0013925634341414028,-0.0163985550560046,0.5434764822980476
815,2014-04-11,0.5351685571883202,0.5351685571883202,0.5343280782442748,0.5347024555351017,0.2699524415915174,-0.022154459690569284,-0.008307925109727332,-0.01152738684698329,-0.007658503131925953,0.16186751214948408,0.5351685571883202
816,2014-04-14,0.5448611342912227,0.5407071739281384,0.5411088943747742,0.543057184368287,0.1572935887107253,0.0096925771029025,0.005538616739818147,0.006780816130499412,0.008354728833185332,-0.11265885288079208,0.5407071739281384
817,2014-04-15,0.5531690798624068,0.5455534855213725,0.5424650813815741,0.5458421175220058,0.1035110060032745,0.008307945571184083,0.0048463115932341205,0.0013561870067999582,0.0027849331537188604,-0.0537825827074508,0.5455534855213725
818,2014-04-16,0.553861374233033,0.5677079085888589,0.5560266759018453,0.5562854928533558,0.1681696509784558,0.0006922943706262341,0.022154423067486384,0.01356159452027117,0.01044337533134998,0.0646586449751813,0.5677079085888589
819,2014-04-17,0.5677079550250966,0.5732465692204635,0.5648417791606218,0.5688176280804359,0.1266405052106343,0.013846580792063579,0.005538660631604575,0.008815103258776547,0.012532135227080077,-0.04152914576782149,0.5732465692204635
820,2014-04-18,0.5780928422858898,0.5891700704015476,0.5777253107974845,0.5806534761795268,0.1584500636710933,0.010384887260793119,0.0159235011810841,0.012883531636862622,0.011835848099090884,0.03180955846045899,0.5891700704015476
821,2014-04-21,0.5884779410281737,0.5898625950070635,0.5831501571999351,0.5890084000172695,0.1101769796512383,0.010385098742283994,0.0006925246055159429,0.005424846402450667,0.008354923837742723,-0.048273084019855,0.5898625950070635
822,2014-04-22,0.5933239582983726,0.5787850981767089,0.5817937276669062,0.5813496321887797,0.0946750175420359,0.0048460172701988435,-0.011077496830354638,-0.0013564295330289466,-0.007658767828489843,-0.015501962109202391,0.5787850981767089
823,2014-04-23,0.5815544767323115,0.590554724586502,0.5784033928048868,0.5848308399815076,0.0920761974063775,-0.011769481566061057,0.011769626409793177,-0.0033903348620193396,0.0034812077927279805,-0.002598820135658403,0.590554724586502
824,2014-04-24,0.5912471368852764,0.583631541445302,0.5797596393865947,0.5841346973027959,0.0803295303932014,0.009692660152964883,-0.0069231831411999956,0.001356246581707854,-0.0006961426787117642,-0.011746667013176101,0.583631541445302
825,2014-04-25,0.5843238045590461,0.5884777652549634,0.58111573889128,0.5848308607942284,0.061488084409678,-0.006923332326230325,0.004846223809661376,0.001356099504685293,0.0006961634914325332,-0.0188414459835234,0.5884777652549634
826,2014-04-28,0.5822468886594955,0.5864008498152112,0.5763692330598784,0.5834384709440692,0.0735985862418462,-0.002076915899550613,-0.0020769154397521916,-0.004746505831401571,-0.0013923898501592147,0.012110501832168205,0.5864008498152112
827,2014-04-30,0.5877854353408714,0.5815544943301907,0.5770472475634342,0.5820459488324415,0.0943111827230437,0.005538546681375878,-0.004846355485020548,0.0006780145035557572,-0.0013925221116276587,0.0207125964811975,0.5815544943301907
828,2014-05-01,0.5801699080816375,0.5864008498152112,0.5756911516092197,0.5778686526057011,0.1251721718339873,-0.007615527259233867,0.004846355485020548,-0.0013560959542144868,-0.004177296226740457,0.030860989110943593,0.5864008498152112
829,2014-05-02,0.5843238039423202,0.5870931110700089,0.5777253314035063,0.5834384057479747,0.08969827698225,0.00415389586068271,0.0006922612547977103,0.0020341797942866613,0.005569753142273592,-0.0354738948517373,0.5870931110700089
830,2014-05-07,0.575323569503413,0.5684003015190158,0.5668760429298584,0.5716025567388412,0.1669611996153746,-0.009000234438907184,-0.018692809550993172,-0.010849288473647967,-0.011835849009133481,0.07726292263312459,0.5684003015190158
831,2014-05-08,0.5711695632035364,0.5656309492573203,0.5594171030553154,0.5674251481413057,0.099352893786221,-0.004154006299876611,-0.0027693522616955013,-0.007458939874542936,-0.004177408597535459,-0.06760830582915359,0.5656309492573203
832,2014-05-09,0.5642462072887929,0.5642462072887929,0.5546704467157028,0.5632476967621123,0.1214688531406741,-0.0069233559147434676,-0.0013847419685273366,-0.004746656339612687,-0.004177451379193453,0.022115959354453096,0.5642462072887929
833,2014-05-12,0.563554079418037,0.5690926944491725,0.5621295385149672,0.5653365773541138,0.1171807999168377,-0.0006921278707558987,0.004846487160379609,0.007459091799264406,0.0020888805920015185,-0.004288053223836394,0.5690926944491725
834,2014-05-13,0.5774005038930295,0.5656309492573203,0.5675540790997564,0.5667289209656723,0.1062657553470724,0.013846424474992514,-0.0034617451918522724,0.00542454058478925,0.0013923436115584886,-0.010915044569765303,0.5656309492573203
835,2014-05-14,0.5365532150076265,0.5434764822980476,0.5377184892141212,0.5353986870538436,0.2753709815743652,-0.04084728888540301,-0.0221544669592727,-0.029835589885635172,-0.03133023391182865,0.1691052262272928,0.5434764822980476
836,2014-05-15,0.5372455590471338,0.5344762520417362,0.5268692050207366,0.5360949314885531,0.1531484705943501,0.0006923440395072422,-0.009000230256311359,-0.0108492841933846,0.0006962444347095031,-0.12222251098001508,0.5344762520417362
837,2014-05-16,0.528937680903774,0.533091641748568,0.5248350035261996,0.5277402480593122,0.137126744458016,-0.00830787814335976,-0.0013846102931681648,-0.0020342014945370357,-0.00835468342924095,-0.016021726136334097,0.533091641748568
838,2014-05-19,0.5323993366019839,0.5323993366019839,0.5289035134442802,0.5333100876787183,0.1218846643623794,0.0034616556982098867,-0.0006923051465841379,0.0040685099180806095,0.005569839619406158,-0.015242080095636615,0.5323993366019839
839,2014-05-20,0.5358609109055106,0.5455534855213725,0.5383965932712123,0.5388798456148374,0.1178694872527872,0.003461574303526671,0.013154148919388597,0.009493079826932038,0.005569757936119024,-0.004015177109592191,0.5455534855213725
840,2014-05-21,0.5434765740269495,0.5545538035612566,0.5444993943466039,0.5458421866017935,0.1513033082980326,0.007615663121438909,0.009000318039884103,0.006102801075391628,0.006962340986956139,0.03343382104524539,0.5545538035612566
841,2014-05-22,0.5600924454429719,0.5704773486341271,0.5607733759951492,0.5625516685273,0.1576704176303958,0.016615871416022387,0.015923545072870526,0.01627398164854532,0.016709481925506475,0.006367109332363202,0.5704773486341271
842,2014-05-23,0.569092587128725,0.5739388743670475,0.5661979205595683,0.5716025153684517,0.1355284700745861,0.009000141685753138,0.0034615257329203564,0.005424544564419098,0.00905084684115176,-0.0221419475558097,0.5739388743670475
843,2014-05-26,0.5787851840565414,0.574631223405418,0.566876023890769,0.5736912191641778,0.0951817874684893,0.009692596927816433,0.0006923490383704545,0.0006781033312006635,0.00208870379572601,-0.04034668260609679,0.574631223405418
844,2014-05-27,0.5711695843842381,0.5635539899257817,0.5600952051623823,0.5660327147802497,0.1608929545986122,-0.007615599672303297,-0.011077233479636295,-0.0067808187283866506,-0.007658504383928011,0.06571116713012289,0.5635539899257817
845,2014-05-28,0.5663232731759168,0.5600923325175021,0.5567047749304627,0.5625515551060031,0.1384391486265235,-0.004846311208321352,-0.003461657408279528,-0.00339043023191965,-0.00348115967424667,-0.02245380597208868,0.5600923325175021
846,2014-05-29,0.5538614767153625,0.5545538035612566,0.5478898015343162,0.5528044593900817,0.1621533823644065,-0.012461796460554342,-0.005538528956245514,-0.008814973396146453,-0.009747095715921361,0.023714233737882978,0.5545538035612566
847,2014-05-30,0.5503997560651277,0.5559383699626385,0.5492458781698131,0.5535005997612693,0.1600873203565581,-0.0034617206502347564,0.0013845664013818482,0.0013560766354968612,0.0006961403711875924,-0.002066062007848396,0.5559383699626385
848,2014-06-02,0.564246238055045,0.5787850981767089,0.5682321023133653,0.5653364087871726,0.1495750929078198,0.013846481989917336,0.02284672821407041,0.01898622414355222,0.01183580902590331,-0.010512227448738282,0.5787850981767089
849,2014-06-03,0.5815544943301907,0.5815544943301907,0.5750130034474643,0.5827421760439636,0.1099560799397073,0.01730825627514565,0.002769396153481818,0.0067809011340990155,0.017405767256790994,-0.039619012968112516,0.5815544943301907
850,2014-06-04,0.5774005122040786,0.5822467994767748,0.570944494003062,0.5806534728362143,0.088138984900855,-0.004153982126112066,0.0006923051465841379,-0.004068509444402291,-0.002088703207749343,-0.02181709503885229,0.5822467994767748
851,2014-06-05,0.5815545594599382,0.5794775788904385,0.5695884162611741,0.576476195701274,0.1087216403752696,0.00415404725585955,-0.0027692205863363295,-0.001356077741887951,-0.004177277134940316,0.020582655474414596,0.5794775788904385
852,2014-06-06,0.5794775561551248,0.5774005756671134,0.5702664753351793,0.5757799458215386,0.1074092362067621,-0.0020770033048134184,-0.002077003223325047,0.0006780590740051995,-0.0006962498797353778,-0.0013124041685075027,0.5774005756671134
853,2014-06-09,0.5933240762835079,0.591939422663243,0.5885746573843689,0.5931856109214814,0.2027209646820343,0.013846520128383166,0.014538846996129506,0.018308182049189603,0.01740566509994279,0.0953117284752722,0.591939422663243
854,2014-06-10,0.5933241184080709,0.5864008498152112,0.5831500475664652,0.5876158346978455,0.1013020088879648,4.212456294894196e-08,-0.00553857284803172,-0.005424609817903714,-0.005569776223635858,-0.1014189557940695,0.5864008498152112
855,2014-06-11,0.5857084129932679,0.5857084129932679,0.5770472061739608,0.5855270428923511,0.1106837495776917,-0.007615705414802942,-0.0006924368219433097,-0.006102841392504388,-0.002088791805494372,0.0093817406897269,0.5857084129932679
856,2014-06-12,0.5843238232073469,0.5808621891836067,0.5763691876564969,0.5813497432714574,0.0967670677512409,-0.001384589785921042,-0.004846223809661265,-0.000678018517463852,-0.0041772996208937485,-0.013916681826450797,0.5808621891836067
857,2014-06-13,0.5690925247622663,0.5787850981767089,0.5682321023133653,0.5653364087871726,0.2759687102055667,-0.015231298445080532,-0.002077091006897791,-0.008137085343131623,-0.01601333448428477,0.1792016424543258,0.5787850981767089
858,2014-06-16,0.5690924937317641,0.5642462072887929,0.560773177792037,0.5646401508950223,0.1312404168507497,-3.1030502278817096e-08,-0.014538890887915934,-0.007458924521328347,-0.0006962578921503315,-0.144728293354817,0.5642462072887929
859,2014-06-17,0.5628617721839263,0.5614771183778158,0.5539925802118645,0.5625516877400227,0.0852542945502741,-0.00623072154783777,-0.0027690889109771577,-0.006780597580172465,-0.0020884631549995536,-0.04598612230047559,0.5614771183778158
860,2014-06-18,0.5621693561910275,0.558707722224334,0.5553486551899869,0.5611591441376488,0.1272772161438707,-0.0006924159928988205,-0.002769396153481818,0.0013560749781224013,-0.0013925436023739524,0.04202292159359659,0.558707722224334
861,2014-06-19,0.5594000972785632,0.5711696537807112,0.5600952732133306,0.5618554198363435,0.1269783518282699,-0.0027692589124642675,0.012461931556377204,0.004746618023343752,0.0006962756986946816,-0.0002988643156008053,0.5711696537807112
862,2014-06-20,0.575323569503413,0.5684003015190158,0.5634856359745363,0.5695138750455202,0.1543829101587879,0.0159234722248498,-0.0027693522616953903,0.003390362761205634,0.00765845520917674,0.027404558330518025,0.5684003015190158
863,2014-06-23,0.5760159640986392,0.5718620028190816,0.5648418652382657,0.5716026240161797,0.0905169053249824,0.0006923945952261867,0.0034617013000658448,0.0013562292637294693,0.002088748970659471,-0.06386600483380551,0.5718620028190816
864,2014-06-24,0.571169566687094,0.572554220182093,0.5614513504907119,0.5695138331416656,0.070389043374308,-0.004846397411545245,0.0006922173630113937,-0.0033905147475538078,-0.0020887908745140793,-0.020127861950674397,0.572554220182093
865,2014-06-25,0.5663233211236965,0.5684003015190158,0.561451391801343,0.5688176478144132,0.0560955326281868,-0.004846245563397411,-0.0041539186630772384,4.1310631027080547e-08,-0.0006961853272523522,-0.014293510746121202,0.5684003015190158
866,2014-06-26,0.5753235319443518,0.5822467994767748,0.571622575349859,0.5764761097222847,0.0987811533563762,0.009000210820655274,0.013846497957759052,0.010171183548516094,0.00765846190787145,0.042685620728189405,0.5822467994767748
867,2014-06-27,0.5870931047088804,0.5732465692204635,0.5750129996737182,0.5736912185291055,0.0795628784531822,0.011769572764528613,-0.009000230256311359,0.0033904243238591647,-0.002784891193179151,-0.019218274903194,0.5732465692204635
868,2014-06-30,0.5718619806337787,0.5711696537807112,0.5641637618807398,0.5695139199828116,0.0859039995841887,-0.015231124075101743,-0.0020769154397523026,-0.010849237792978417,-0.004177298546293895,0.006341121131006502,0.5711696537807112
869,2014-07-01,0.5697849591732612,0.5780928808136976,0.5709445353418681,0.5722987880452148,0.1223784401881545,-0.0020770214605174697,0.006923227032986423,0.006780773461128264,0.0027848680624031896,0.03647444060396579,0.5780928808136976
870,2014-07-02,0.5829392155187814,0.5864008498152112,0.5790815588625131,0.5848309255286613,0.088009043894072,0.013154256345520143,0.008307969001513649,0.008137023520645048,0.012532137483446504,-0.03436939629408249,0.5864008498152112
871,2014-07-03,0.5884777402559556,0.5822467994767748,0.576369144777438,0.584134608764489,0.0726500168923308,0.0055385247371742,-0.00415405033843641,-0.0027124140850751655,-0.0006963167641723667,-0.015359027001741202,0.5822467994767748
872,2014-07-04,0.5912470268277197,0.5857084129932679,0.5790814501440218,0.5855270428923511,0.0526520959484394,0.002769286571764118,0.0034616135164931006,0.002712305366583845,0.0013924341278621633,-0.019997920943891405,0.5857084129932679
873,2014-07-07,0.5857085205989377,0.5794775788904385,0.5756911492925438,0.5820460140172282,0.0640219340419449,-0.0055385062287819364,-0.00623083410282943,-0.0033903008514779565,-0.0034810288751229157,0.011369838093505495,0.5794775788904385
874,2014-07-08,0.5697849353483592,0.5732465692204635,0.5675541046307809,0.5695138552873887,0.1063956963538553,-0.015923585250578576,-0.0062310096699750295,-0.008137044661762904,-0.012532158729839482,0.04237376231191041,0.5732465692204635
875,2014-07-09,0.5697850221793029,0.5718620028190816,0.5641637837673915,0.5722988513292323,0.0498843525039632,8.683094376848999e-08,-0.0013845664013818482,-0.0033903208633894177,0.002784996041843568,-0.05651134384989211,0.5718620028190816
876,2014-07-10,0.5725543288436323,0.5690926944491725,0.5621295385149672,0.5681214866021636,0.0883338964110293,0.002769306664329396,-0.0027693083699090737,-0.0020342452524243493,-0.004177364727068755,0.038449543907066105,0.5690926944491725
877,2014-07-11,0.5642462503707678,0.5628615969956248,0.5553485703490156,0.5625515126482337,0.1388939421502638,-0.008308078472864522,-0.006231097453547774,-0.006780968165951529,-0.005569973953929885,0.05056004573923449,0.5628615969956248
878,2014-07-14,0.55940013766865,0.5614771183778158,0.5519583357312824,0.5583743237221512,0.1040047818290496,-0.004846112702117766,-0.001384478617808993,-0.0033902346177332454,-0.004177188926082431,-0.034889160321214197,0.5614771183778158
879,2014-07-15,0.5580154181614977,0.5607847254476589,0.550602107916033,0.5576780307245217,0.0809142649237246,-0.0013847195071523544,-0.0006923929301568821,-0.0013562278152493557,-0.0006962929976295218,-0.023090516905325,0.5607847254476589
880,2014-07-16,0.5732465640312867,0.5621693357408271,0.562129448601921,0.5639440325267986,0.1457548273084019,0.01523114586978902,0.0013846102931681648,0.01152734068588801,0.006266001802276877,0.0648405623846773,0.5621693357408271
881,2014-07-17,0.5628616380521654,0.5573230241475929,0.5519582041978452,0.5597666450005611,0.0662439252579328,-0.010384925979121329,-0.0048463115932341205,-0.010171244404075797,-0.00417738752623753,-0.0795109020504691,0.5573230241475929
882,2014-07-18,0.5538615193943943,0.5503998848981794,0.5438213548144261,0.5507158199902283,0.1051612567894176,-0.009000118657771061,-0.006923139249413568,-0.008136849383419187,-0.00905082501033272,0.0389173315314848,0.5503998848981794
883,2014-07-22,0.5552461304071509,0.5545538035612566,0.5451774757841463,0.555589368505397,0.0975077314899035,0.0013846110127565536,0.0041539186630772384,0.0013561209697202647,0.004873548515168635,-0.0076535252995140884,0.5545538035612566
884,2014-07-23,0.5566307196544846,0.5580153731859634,0.547889738101857,0.5576779857761806,0.0653083500090958,0.0013845892473337562,0.003461569624706784,0.002712262317710712,0.002088617270783577,-0.03219938148080771,0.5580153731859634
885,2014-07-24,0.5635539437524915,0.5593999834791316,0.5533143462062258,0.5611590783930145,0.0967930559525975,0.0069232240980068305,0.0013846102931681648,0.005424608104368733,0.0034810926168339362,0.03148470594350171,0.5593999834791316
886,2014-07-25,0.5593999879753634,0.5677079085888589,0.5567047572139208,0.5618553100533894,0.0693105330180098,-0.004153955777128071,0.008307925109727332,0.0033904110076949934,0.000696231660374913,-0.027482522934587708,0.5677079085888589
887,2014-07-28,0.5621694046908334,0.5711696537807112,0.5607733546578989,0.5653365562665563,0.0877231736791496,0.002769416715470041,0.0034617451918522724,0.004068597443978139,0.003481246213166922,0.018412640661139804,0.5711696537807112
888,2014-07-29,0.5746311381419478,0.5787850981767089,0.5682321023133653,0.575779815353438,0.0845396190129681,0.012461733451114343,0.007615444395997706,0.007458747655466391,0.010443259086881707,-0.003183554666181504,0.5787850981767089
889,2014-07-30,0.579477424849169,0.5787850981767089,0.5709444273840735,0.5813496321887797,0.0862678344031809,0.0048462867072212035,0.0,0.002712325070708177,0.005569816835341634,0.0017282153902128117,0.5787850981767089
890,2014-07-31,0.5801699028705891,0.5711696537807112,0.5702664948818537,0.5743875109851095,0.0975597078926167,0.0006924780214201398,-0.007615444395997706,-0.0006779325022198135,-0.006962121203670124,0.011291873489435791,0.5711696537807112
891,2014-08-01,0.5684003675702807,0.5690926944491725,0.5600952941053835,0.5709063958502134,0.0794589256477559,-0.011769535300308442,-0.0020769593315386192,-0.010171200776470157,-0.003481115134896129,-0.018100782244860794,0.5690926944491725
892,2014-08-04,0.5690925620244415,0.5677079085888589,0.5594170824622224,0.5695138087034356,0.0762233945788612,0.0006921944541607994,-0.0013847858603136531,-0.0006782116431610641,-0.0013925871467778128,-0.003235531068894709,0.5677079085888589
893,2014-08-05,0.5725542392304844,0.5663232982956907,0.5614513691697204,0.5681213976828206,0.0833311676498869,0.003461677206042957,-0.0013846102931681648,0.0020342867074979454,-0.0013924110206150475,0.007107773071025711,0.5663232982956907
894,2014-08-06,0.5656309450044515,0.5573230241475929,0.5539924481936603,0.5576779634893648,0.1004443982431975,-0.006923294226032883,-0.009000274148097787,-0.007458920976060046,-0.010443434193455725,0.01711323059331059,0.5573230241475929
895,2014-08-07,0.5580154197671975,0.5649386880025226,0.5539925165786054,0.5597667140982742,0.091699368486707,-0.007615525237254062,0.007615663854929622,6.838494504002313e-08,0.00208875060890934,-0.008745029756490497,0.5649386880025226
896,2014-08-08,0.5580154126330119,0.5469381835981134,0.5512801838679656,0.5479308437352196,0.197055536786299,-7.13418557563017e-09,-0.018000504404409146,-0.0027123327106397532,-0.011835870363054557,0.105356168299592,0.5469381835981134
897,2014-08-11,0.5628617059122799,0.5607847254476589,0.5512801893297227,0.5590704852331971,0.0939603420047298,0.004846293279267999,0.01384654184954548,5.4617570466319876e-09,0.011139641497977526,-0.1030951947815692,0.5607847254476589
898,2014-08-12,0.5635540990869816,0.5614771183778158,0.553314498718337,0.5611592330673989,0.0735336157384547,0.0006923931747017109,0.0006923929301568821,0.002034309388614375,0.002088747834201765,-0.020426726266275105,0.5614771183778158
899,2014-08-13,0.5711696352393122,0.5801698840370225,0.5709445577923292,0.574387492339252,0.1577743704358221,0.007615536152330571,0.018692765659206745,0.017630059073992177,0.013228259271853116,0.0842407546973674,0.5801698840370225
900,2014-08-14,0.5829391695978507,0.5808621891836067,0.5743349434647681,0.5820459705089082,0.1012500324852516,0.011769534358538558,0.0006923051465841379,0.003390385672438878,0.007658478169656147,-0.05652433795057049,0.5808621891836067
901,2014-08-15,0.5815545159883546,0.5808621891836067,0.5723006992730393,0.5813497432714574,0.1006003274513371,-0.0013846536094961337,0.0,-0.002034244191728818,-0.000696227237450775,-0.0006497050339145105,0.5808621891836067
902,2014-08-18,0.585708548326276,0.598170432333218,0.5878966431862054,0.586919632828359,0.2115699472439512,0.004154032337921332,0.017308243149611324,0.0155959439131661,0.0055698895569016305,0.1109696197926141,0.598170432333218
903,2014-08-19,0.6050936598672522,0.6064783135511589,0.602136313110266,0.6085026382327015,0.1441175706229371,0.01938511154097622,0.008307881217940905,0.014239669924060672,0.021583005404342437,-0.06745237662101411,0.6064783135511589
904,2014-08-20,0.6050935715826316,0.6050935715826316,0.5967115745791375,0.6071100951041336,0.0728189402011486,-8.828462061405418e-08,-0.0013847419685273366,-0.00542473853112857,-0.001392543128567847,-0.0712986304217885,0.6050935715826316
905,2014-08-21,0.6071705294058615,0.6044012225442611,0.5946773086361935,0.6029327098211731,0.1168169650978455,0.002076957823229919,-0.0006923490383704545,-0.0020342659429439802,-0.004177385282960522,0.04399802489669691,0.6044012225442611
906,2014-08-22,0.6071705952418113,0.6037089612894634,0.5973896986505272,0.6064139113130727,0.0728189402011486,6.583594980291707e-08,-0.0006922612547977103,0.0027123900143336543,0.003481201491899566,-0.04399802489669691,0.6037089612894634
907,2014-08-25,0.6037088965804298,0.6057858767292157,0.5960334719976738,0.6057176191656405,0.0842407546973674,-0.0034616986613814626,0.0020769154397523026,-0.0013562266528533984,-0.0006962921474321648,0.011421814496218805,0.6057858767292157
908,2014-08-26,0.6044013963313226,0.597478127186634,0.5939993981225743,0.5994517464470354,0.0783804152914576,0.0006924997508928055,-0.008307749542581733,-0.0020340738750994625,-0.0062658727186051255,-0.005860339405909798,0.597478127186634
909,2014-08-27,0.598170363954435,0.591939422663243,0.5872184945793357,0.5924893836786158,0.0706749135892304,-0.006231032376887602,-0.005538704523391003,-0.00678090354323857,-0.00696236276841955,-0.0077055017022271965,0.591939422663243
910,2014-08-28,0.5884778294525586,0.583631541445302,0.5777253950378698,0.5848309245939792,0.0921151797084123,-0.00969253450187646,-0.008307881217940905,-0.009493099541465932,-0.007658459084636582,0.0214402661191819,0.583631541445302
911,2014-08-29,0.5850161078466839,0.5850161078466839,0.5763691461143212,0.5841346101193843,0.0807323475142285,-0.003461721605874657,0.0013845664013818482,-0.0013562489235485753,-0.0006963144745949501,-0.011382832194183803,0.5850161078466839
912,2014-09-01,0.5836314529832594,0.5822467994767748,0.574334900737047,0.5820459272075241,0.0520933496192728,-0.0013846548634245393,-0.0027693083699090737,-0.0020342453772742575,-0.0020886829118601513,-0.028638997894955706,0.5822467994767748
913,2014-09-02,0.5829392145871226,0.583631541445302,0.5777253950378698,0.5841346973027959,0.0783934093921359,-0.0006922383961367462,0.0013847419685272255,0.0033904943008228328,0.0020887700952717525,0.026300059772863107,0.583631541445302
914,2014-09-03,0.586400802454134,0.5780928808136976,0.5756911051131187,0.5806535148779917,0.1012240442838951,0.00346158786701134,-0.005538660631604464,-0.002034289924751076,-0.003481182424804219,0.022830634891759197,0.5780928808136976
915,2014-09-04,0.5753235285520021,0.5753235285520021,0.5661979212369418,0.5750836519600396,0.1169079238025936,-0.011077273902131868,-0.0027693522616955013,-0.009493183876176925,-0.005569862917952029,0.0156838795186985,0.5753235285520021
916,2014-09-05,0.585016036522531,0.5760157898067998,0.5736567507815938,0.575779813674058,0.1169858884066633,0.009692507970528896,0.0006922612547977103,0.007458829544652046,0.0006961617140183174,7.796460406969685e-05,0.5760157898067998
917,2014-09-08,0.5704773490592292,0.5718620028190816,0.5614514578838944,0.5702101693900745,0.0672184828088048,-0.01453868746330178,-0.004153786987718178,-0.012205292897699449,-0.005569644283983433,-0.0497674055978585,0.5718620028190816
918,2014-09-09,0.5774005266242128,0.5663232982956907,0.5661979387158411,0.5695138520889058,0.0916603861846721,0.006923177564983618,-0.005538704523390892,0.004746480831946731,-0.0006963173011687029,0.024441903375867297,0.5663232982956907
919,2014-09-10,0.5635539662166213,0.5600923325175021,0.5526362869285348,0.556981737728716,0.1922217313339743,-0.013846560407591468,-0.006230965778188602,-0.013561651787306284,-0.012532114360189861,0.1005613451493022,0.5600923325175021
920,2014-09-11,0.5684003268857316,0.5774005756671134,0.5668760682285492,0.5681214459375761,0.1790717014475428,0.004846360669110261,0.017308243149611324,0.014239781300014354,0.011139708208860122,-0.013150029886431491,0.5774005756671134
921,2014-09-12,0.5829391220953607,0.5739388743670475,0.5723006526374559,0.573691196910602,0.3927336989006991,0.014538795209629085,-0.0034617013000659558,0.005424584408906696,0.005569750973025922,0.21366199745315628,0.5739388743670475
922,2014-09-16,0.572554287861754,0.5774005756671134,0.5695883939138533,0.5757799458215386,0.1159463603524,-0.010384834233606699,0.0034617013000659558,-0.0027122587236025897,0.0020887489109365776,-0.27678733854829907,0.5774005756671134
923,2014-09-17,0.5815544905135136,0.5732465692204635,0.5695883487334003,0.5757799001499639,0.0781205332778918,0.009000202651759603,-0.004154006446649983,-4.518045304546803e-08,-4.5671574633310286e-08,-0.0378258270745082,0.5732465692204635
924,2014-09-18,0.5760159240885595,0.5829391924069316,0.5750130473609599,0.578564856959577,0.1103329088593778,-0.0055385664249540945,0.00969262318646813,0.0054246986275596765,0.002784956809613104,0.032212375581486,0.5829391924069316
925,2014-09-19,0.588477744312458,0.590554724586502,0.5797595555078291,0.5855270671719618,0.1070583954884482,0.012461820223898523,0.00761553217957045,0.004746508146869166,0.006962210212384745,-0.0032745133709295993,0.590554724586502
926,2014-09-22,0.5870930017799777,0.5877853284330202,0.576369061360012,0.585526978392955,0.0719613295563814,-0.001384742532480332,-0.002769396153481818,-0.0033904941478171136,-8.877900681270035e-08,-0.035097065932066795,0.5877853284330202
927,2014-09-24,0.5822468235965537,0.5870931110700089,0.5770472500286196,0.5848308601769674,0.0527430546531874,-0.0048461781834240325,-0.0006922173630112827,0.0006781886686075822,-0.0006961182159875845,-0.019218274903194006,0.5870931110700089
928,2014-09-25,0.5940163844275828,0.5995549987345998,0.587218476126892,0.5917931378395548,0.0938304009979469,0.011769560831029091,0.012461887664590887,0.010171226098272479,0.0069622776625873906,0.0410873463447595,0.5995549987345998
929,2014-09-26,0.5884263788169647,0.5912085366364302,0.5838123475361227,0.5903425410334698,0.0937784245952337,-0.005590005610618065,-0.008346462098169583,-0.003406128590769386,-0.0014505968060849472,-5.197640271320525e-05,0.5912085366364302
930,2014-09-29,0.5967727422877084,0.5967727422877084,0.5872183790266248,0.5959380950956975,0.0800826424803139,0.00834636347074369,0.005564205651278131,0.003406031490502115,0.00559555406222767,-0.0136957821149198,0.5967727422877084
931,2014-09-30,0.5898174721480636,0.5807754590137182,0.5804062220101315,0.5798506854060452,0.1399074820031705,-0.006955270139644809,-0.015997283273990193,-0.006812157016493292,-0.016087409689652277,0.059824839522856596,0.5807754590137182
932,2014-10-01,0.5786887216627054,0.5703422497156471,0.5701876854203313,0.573555445488693,0.1084487642610255,-0.011128750485358219,-0.010433209298071122,-0.010218536589800209,-0.006295239917352258,-0.031458717742144995,0.5703422497156471
933,2014-10-02,0.570342315222484,0.5536493694110942,0.5640566998243681,0.5553696049066811,0.179617453676031,-0.008346406440221332,-0.01669288030455285,-0.006130985595963145,-0.018185840582011892,0.0711686894150055,0.5536493694110942
934,2014-10-03,0.548085054140631,0.5536493694110942,0.5443010907725484,0.55117285726255,0.1102289560539515,-0.022257261081852997,0.0,-0.019755609051819722,-0.004196747644131027,-0.06938849762207949,0.5536493694110942
935,2014-10-06,0.5571270856655285,0.561300322262274,0.5545195283681106,0.5595663718453163,0.1014189557940695,0.009042031524897465,0.007650952851179782,0.01021843759556218,0.00839351458276627,-0.008810000259882003,0.561300322262274
936,2014-10-07,0.5564315270463259,0.5536493694110942,0.5497509139592573,0.5560690628473696,0.1056550326151927,-0.0006955586192025631,-0.007650952851179782,-0.004768614408853233,-0.0034973089979467575,0.0042360768211232025,0.5536493694110942
937,2014-10-08,0.5453029570719935,0.5411297201556262,0.5347639595918396,0.5392821321687087,0.2501234439564437,-0.011128569974332425,-0.012519649255468002,-0.014986954367417704,-0.016786930678660883,0.144468411341251,0.5411297201556262
938,2014-10-09,0.542520738419806,0.5313921078881177,0.5327202160585661,0.5322874924220934,0.2415993139114841,-0.002782218652187529,-0.009737612267508466,-0.002043743533273523,-0.006994639746615294,-0.00852413004495961,0.5313921078881177
939,2014-10-10,0.5258278007334501,0.5251322613144905,0.5204581219269966,0.5252929211239403,0.2058005665427895,-0.016692937686355824,-0.006259846573627215,-0.012262094131569534,-0.006994571298153063,-0.035798747368694595,0.5251322613144905
940,2014-10-14,0.5140036114978316,0.5174813084633109,0.5143270516271313,0.5141015747926337,0.1948985160737025,-0.011824189235618565,-0.007650952851179671,-0.00613107029986526,-0.011191346331306584,-0.010902050469086988,0.5174813084633109
941,2014-10-15,0.5174813358809683,0.5188724147408633,0.5102397113634075,0.5141016020312231,0.2049169676966657,0.00347772438313676,0.0013911062775524563,-0.004087340263723815,2.7238589384026568e-08,0.010018451622963193,0.5188724147408633
942,2014-10-16,0.5021794685385051,0.507743783979375,0.5041086602088479,0.5036097327187288,0.222952779438135,-0.015301867342463193,-0.01112863076148829,-0.006131051154559586,-0.01049186931249435,0.018035811741469288,0.507743783979375
943,2014-10-17,0.5084393179154948,0.4896597535054833,0.5000212872906139,0.4917189420495545,0.2928870292887029,0.006259849376989646,-0.018084030473891732,-0.004087372918234022,-0.011890790669174256,0.06993424985056793,0.4896597535054833
944,2014-10-20,0.5084392828293873,0.5167857553245345,0.5061523035688857,0.5078064399617974,0.2501754203591569,-3.5086107463833116e-08,0.027126001819051226,0.006131016278271839,0.0160874979122429,-0.04271160892954601,0.5167857553245345
945,2014-10-21,0.5195679852196047,0.5070482747323852,0.5095585138950033,0.5071070527158933,0.1795784713739962,0.011128702390217349,-0.009737480592149295,0.0034062103261175425,-0.0006993872459041262,-0.0705969489851607,0.5070482747323852
946,2014-10-22,0.5181768969367214,0.5244367520675006,0.5150083282902777,0.5175989134426432,0.18677720314977,-0.0013910882828832571,0.017388477335115393,0.005449814395274366,0.010491860726749902,0.007198731775773792,0.5244367520675006
947,2014-10-23,0.5237412970909362,0.5265234553756158,0.5190957797081841,0.5231946617659886,0.1501858156396995,0.005564400154214777,0.002086703308115223,0.004087451417906451,0.0055957483233454175,-0.03659138751007052,0.5265234553756158
948,2014-10-24,0.532783261048771,0.5306966425329143,0.5225018705015041,0.5294897345462778,0.1091894279996881,0.009041963957834853,0.004173187157298419,0.0034060907933199935,0.006295072780289179,-0.040996387640011386,0.5306966425329143
949,2014-10-27,0.5313921654351266,0.5320877049186804,0.5245455380908436,0.530189176018501,0.1146339561838925,-0.0013910956136444774,0.0013910623857661397,0.002043667589339493,0.0006994414722232278,0.005444528184204392,0.5320877049186804
950,2014-10-28,0.5286100480398528,0.5341743643350092,0.5265892623894514,0.5315881328175421,0.111944177343486,-0.0027821173952737865,0.0020866594163287955,0.002043724298607774,0.0013989567990411178,-0.002689778840406498,0.5341743643350092
951,2014-10-29,0.5397385726549988,0.537651954461745,0.5299952964823841,0.5371836899094561,0.1035499883053093,0.011128524615146018,0.0034775901267357634,0.0034060340929327193,0.00559555709191395,-0.008394189038176694,0.537651954461745
952,2014-10-30,0.5411295607650927,0.5397384822027146,0.5334013465296585,0.5378830576976834,0.3617427687829725,0.0013909881100938604,0.0020865277409696237,0.003406050047274456,0.000699367788227323,0.2581927804776632,0.5397384822027146
953,2014-10-31,0.5418252445395857,0.5626914285398265,0.5558820112920113,0.5427794071318971,0.3440318095584604,0.0006956837744930278,0.022952946337111868,0.022480664762352776,0.004896349434213687,-0.0177109592245121,0.5626914285398265
954,2014-11-04,0.5905129135252408,0.5759065870422844,0.5790436699004698,0.5784516733067191,0.2548922789053769,0.04868766898565513,0.013215158502457913,0.023161658608458535,0.035672266174822,-0.0891395306530835,0.5759065870422844
955,2014-11-05,0.5766021486864068,0.5814709243689217,0.5715501856766251,0.5770527798360963,0.2111671301229241,-0.013910764838834022,0.005564337326637303,-0.007493484223844771,-0.0013988934706228306,-0.043725148782452816,0.5814709243689217
956,2014-11-06,0.5779932573913659,0.5696467843604436,0.5695065315557402,0.5693587722628977,0.1702876893890174,0.0013911087049590654,-0.01182414000847809,-0.002043654120884919,-0.007694007573198602,-0.0408794407339067,0.5696467843604436
957,2014-11-07,0.5772977372116233,0.5772977372116233,0.5674628667417976,0.5770528289572487,0.1088905636840874,-0.0006955201797426147,0.007650952851179671,-0.0020436648139425806,0.007694056694351081,-0.06139712570493,0.5772977372116233
958,2014-11-10,0.5745156563318774,0.5745156563318774,0.5654192586205475,0.5735556158462428,0.0893994126666493,-0.002782080879745852,-0.002782080879745852,-0.00204360812125004,-0.0034972131110059257,-0.01949115101743809,0.5745156563318774
959,2014-11-11,0.5779932601747964,0.5898174303588777,0.5776812692403822,0.5770528125048114,0.1815145923750617,0.0034776038429189526,0.015301774027000281,0.012262010619834673,0.0034971966585686243,0.0921151797084124,0.5898174303588777
960,2014-11-12,0.5912085389251097,0.6002505518733761,0.5940307689874682,0.5931403752776536,0.261168429532992,0.013215278750313364,0.010433121514498378,0.016349499747085994,0.01608756277284218,0.07965383715793031,0.6002505518733761
961,2014-11-13,0.5953817483691969,0.6211167071188001,0.6090177558748259,0.5980365537826504,0.279944905013124,0.004173209444087167,0.020866155245424012,0.014986986887357667,0.004896178504996795,0.018776475480132004,0.6211167071188001
962,2014-11-14,0.6245944014885285,0.6232033226433424,0.612423892744226,0.6106267943232733,0.2880142415343434,0.029212653119331633,0.002086615524542368,0.003406136869400167,0.012590240540622855,0.008069336521219383,0.6232033226433424
963,2014-11-17,0.6204211593277587,0.6051192921694507,0.6090177476632059,0.6050311252011891,0.1618025416460926,-0.004173242160769863,-0.018084030473891732,-0.0034061450810201066,-0.005595669122084201,-0.12621169988825082,0.6051192921694507
964,2014-11-18,0.6120746864325354,0.616247922930939,0.6056116082340474,0.6127251627318171,0.1772005509498687,-0.008346472895223278,0.01112863076148829,-0.0034061394291585723,0.007694037530628028,0.015398009303776106,0.616247922930939
965,2014-11-19,0.6183345273957431,0.6155523697921628,0.6103801899673996,0.618320812534317,0.1115673484238155,0.006259840963207752,-0.0006955531387762282,0.004768581733352262,0.005595649802499936,-0.0656332025260532,0.6155523697921628
966,2014-11-20,0.6141613046817371,0.616247922930939,0.6069740640455976,0.6113262468351691,0.1268873931235219,-0.004173222714005997,0.0006955531387762282,-0.0034061259218020057,-0.006994565699147914,0.015320044699706409,0.616247922930939
967,2014-11-21,0.6169434485939529,0.6155523697921628,0.6049303668426906,0.60782894354335,0.1312923932534629,0.002782143912215762,-0.0006955531387762282,-0.00204369720290698,-0.003497303291819076,0.004405000129940995,0.6155523697921628
968,2014-11-25,0.6176389822066586,0.6085969700797593,0.6056115890578042,0.6120256854041523,0.0911406221575404,0.0006955336127056899,-0.006955399712403443,0.000681222215113575,0.004196741860802211,-0.040151771095922495,0.6085969700797593
969,2014-11-26,0.6051192787787362,0.6155523697921628,0.6049303668426906,0.607129485610619,0.0871904155513396,-0.012519703427922413,0.006955399712403443,-0.000681222215113575,-0.004896199793533285,-0.003950206606200796,0.6155523697921628
970,2014-11-27,0.6113791357527599,0.6023371235061321,0.601524229717578,0.6057305720892652,0.1003014631357363,0.006259856974023759,-0.013215246286030657,-0.0034061371251126182,-0.001398913521353795,0.013111047584396698,0.6023371235061321
971,2014-11-28,0.60929248031087,0.6204211100882374,0.6090176993287127,0.6106267403246705,0.1194937498375737,-0.0020866554418899064,0.018083986582105305,0.007493469611134729,0.004896168235405285,0.019192286701837397,0.6204211100882374
972,2014-12-01,0.6176390099904753,0.6211167071188001,0.6178737187678601,0.6197197504695068,0.1164791184802099,0.008346529679605252,0.0006955970305626558,0.008856019439147378,0.009093010144836322,-0.003014631357363795,0.6211167071188001
973,2014-12-02,0.6148568037153183,0.6252898942760985,0.6151487585129038,0.6176213278056959,0.0880480261961069,-0.0027822062751570176,0.004173187157298419,-0.002724960254956277,-0.002098422663810884,-0.02843109228410301,0.6252898942760985
974,2014-12-03,0.6322454120322711,0.6315498725250848,0.6246860711331814,0.6330095258570672,0.1342290600067569,0.01738860831695288,0.006259978248986275,0.009537312620277572,0.01538819805137126,0.046181033810650016,0.6315498725250848
975,2014-12-04,0.6385052767780178,0.6454606719498918,0.6355857281873548,0.6393046574062219,0.1049663452792432,0.0062598647457466905,0.013910799424806997,0.010899657054173395,0.006295131549154731,-0.02926271472751371,0.6454606719498918
976,2014-12-05,0.6419829221825926,0.6517204746317325,0.6389918162715545,0.6435013533995106,0.1309935289378622,0.0034776454045747363,0.006259802681840787,0.003406088084199732,0.004196695993288757,0.026027183658619002,0.6517204746317325
977,2014-12-08,0.6642401726111102,0.6823241982528787,0.6791842526800677,0.6679823707666658,0.271537721874269,0.022257250428517672,0.03060372362114616,0.04019243640851311,0.024481017367155133,0.1405441929364068,0.6823241982528787
978,2014-12-09,0.6920617832040489,0.6906707042428346,0.6866777924097199,0.6896656007117039,0.2974999350294966,0.02782161059293864,0.008346505989955899,0.0074935397296522765,0.02168322994503813,0.02596221315522762,0.6906707042428346
979,2014-12-10,0.6767599085446888,0.6635446585319971,0.6730532269838407,0.6609878162389559,0.2745523532316328,-0.01530187465936006,-0.027126045710837543,-0.013624565425879198,-0.028677784472748047,-0.022947581797863825,0.6635446585319971
980,2014-12-11,0.6579802882160299,0.6496338152154038,0.6498914224067811,0.6532937240335187,0.2666259518178747,-0.018779620328658875,-0.013910843316593313,-0.02316180457705963,-0.007694092205437153,-0.00792640141375811,0.6496338152154038
981,2014-12-12,0.6565892479867272,0.6538070901562749,0.6553412841862363,0.6574905103825075,0.394422931988877,-0.001391040229302698,0.004173274940871163,0.005449861779455167,0.00419678634898879,0.12779698017100233,0.6538070901562749
982,2014-12-15,0.6405919223091141,0.6468517782274442,0.6389918951219415,0.6435014328063662,0.1803581174146937,-0.01599732567761314,-0.006955311928830699,-0.016349389064294728,-0.013989077576141318,-0.2140648145741833,0.6468517782274442
983,2014-12-16,0.6405918847694089,0.642678503286573,0.6342232617231944,0.6400041049054189,0.2118038410561605,-3.753970523323602e-08,-0.004173274940871163,-0.004768633398747113,-0.0034973279009472558,0.031445723641466805,0.642678503286573
984,2014-12-17,0.6440696108261897,0.6531116248010714,0.6437604821432877,0.6462992558756839,0.2071519530133319,0.003477726056780872,0.010433121514498378,0.009537220420093306,0.006295150970265007,-0.0046518880428286224,0.6531116248010714
985,2014-12-18,0.6718910716672176,0.6983215693104416,0.6839528127402679,0.6721790837616249,0.2950050676992645,0.02782146084102788,0.045209944509370215,0.04019233059698013,0.02587982788594101,0.0878531146859326,0.6983215693104416
986,2014-12-19,0.7080593198457514,0.7038860822042244,0.6934901980382258,0.6994581399179094,0.193586111905195,0.03616824817853381,0.0055645128937827915,0.00953738529795789,0.027279056156284454,-0.10141895579406948,0.7038860822042244
987,2014-12-22,0.7052770129146314,0.7052770129146314,0.6948525079145297,0.7022558246102885,0.1148938381974583,-0.0027823069311200266,0.001390930710406968,0.0013623098763039243,0.0027976846923790655,-0.07869227370773671,0.7052770129146314
988,2014-12-24,0.7094501896853239,0.7289252929315877,0.7139268301140652,0.710649260428454,0.160750019491151,0.0041731767706925105,0.02364828001695629,0.01907432219953553,0.00839343581816554,0.045856181293692705,0.7289252929315877
989,2014-12-25,0.7191877303576535,0.7261431242682691,0.7125643634814541,0.7232394922188233,0.1020166844252709,0.00973754067232957,-0.002782168663318596,-0.0013624666326110813,0.012590231790369333,-0.058733335065880105,0.7261431242682691
990,2014-12-26,0.7275342030503922,0.7261431242682691,0.7166517307671986,0.7274362397558765,0.0575508719041555,0.008346472692738693,0.0,0.0040873672857444365,0.004196747537053125,-0.0444658125211154,0.7261431242682691
991,2014-12-29,0.7358807258799681,0.7219699371109707,0.7207391471581581,0.7190427936714097,0.0946100470386444,0.00834652282957593,-0.004173187157298419,0.004087416390959553,-0.008393446084466794,0.0370591751344889,0.7219699371109707
992,2014-12-30,0.7177965561916997,0.7080590060108046,0.705751990888582,0.7120480708334006,0.0959094571064736,-0.018084169688268426,-0.013910931100166057,-0.01498715626957614,-0.00699472283800906,0.0012994100678292014,0.7080590060108046
993,2015-01-05,0.6997128445626974,0.7038860822042244,0.6962151104077277,0.6952613910784019,0.1098001507315678,-0.01808371162900224,-0.004172923806580187,-0.009536880480854326,-0.0167866797549987,0.013890693625094208,0.7038860822042244
994,2015-01-06,0.6844109245861932,0.6788466081261428,0.6778219037574711,0.6805727217885741,0.1760440759895007,-0.015301919976504208,-0.025039474078081603,-0.018393206650256566,-0.014688669289827816,0.06624392525793289,0.6788466081261428
995,2015-01-07,0.6718912156764091,0.6767599926016005,0.6723720825332182,0.6756765182999381,0.1461446503287507,-0.012519708909784155,-0.002086615524542368,-0.00544982122425286,-0.004896203488635953,-0.02989942566074999,0.6767599926016005
996,2015-01-08,0.6816287871379315,0.6844109454527803,0.6785031524879164,0.6805727425381404,0.138815977546194,0.009737571461522432,0.007650952851179782,0.006131069954698143,0.00489622423820224,-0.007328672782556694,0.6844109454527803
997,2015-01-09,0.6823243059136743,0.6788466081261428,0.6744157635375844,0.6798732636983494,0.2485251695730138,0.0006955187757428094,-0.005564337326637414,-0.004087388950332005,-0.0006994788397909346,0.10970919202681978,0.6788466081261428
998,2015-01-13,0.6649357570857052,0.6600669806216886,0.6539788633148317,0.6511954233464099,0.2397021752124535,-0.01738854882796914,-0.018779627504454277,-0.020436900222752685,-0.028677840351939543,-0.008822994360560305,0.6600669806216886
999,2015-01-14,0.6503293957104268,0.6517204746317325,0.6532976032030071,0.6525943073062429,0.1809298578445385,-0.014606361375278376,-0.00834650598995601,-0.0006812601118245665,0.0013988839598330083,-0.058772317367914995,0.6517204746317325
1000,2015-01-15,0.6503294862683849,0.6788466081261428,0.6689659391857654,0.6539933143600377,0.2003430442579069,9.055795813228684e-08,0.027126133494410287,0.015668335982758297,0.0013990070537948096,0.019413186413368394,0.6788466081261428
1001,2015-01-16,0.6579803984586313,0.6551982403256138,0.6478478472334442,0.6462992528325396,0.2839210998206814,0.007650912190246384,-0.023648367800529035,-0.021118091952321172,-0.007694061527498075,0.08357805556277453,0.6551982403256138
1002,2015-01-19,0.6593713753356175,0.6656312301647531,0.6553412538909796,0.6595888538601977,0.0993009173835078,0.001390976876986194,0.010432989839139317,0.007493406657535395,0.013289601027658082,-0.18462018243717362,0.6656312301647531
1003,2015-01-20,0.6677178860392523,0.6809331358671126,0.6696470778053294,0.6707802189496964,0.1083707996569557,0.00834651070363479,0.015301905702359453,0.014305823914349758,0.011191365089498695,0.009069882273447905,0.6809331358671126
1004,2015-01-21,0.6802376080103684,0.6725866737689429,0.6669221773739632,0.6700807723874364,0.0857740585774058,0.01251972197111606,-0.008346462098169694,-0.002724900431366195,-0.0006994465622600643,-0.022596741079549898,0.6725866737689429
1005,2015-01-22,0.6663266630345596,0.6691088202914889,0.6587472881206207,0.6644849533010995,0.1178954754541438,-0.013910944975808803,-0.003477853477453996,-0.008174889253342532,-0.005595819086336884,0.032121416876738,0.6691088202914889
1006,2015-01-23,0.6746732901216322,0.6635446585319971,0.6621535795832927,0.663086190258762,0.1598664206450271,0.008346627087072678,-0.005564161759491815,0.0034062914626720175,-0.0013987630423374364,0.04197094519088329,0.6635446585319971
1007,2015-01-26,0.6572849202831145,0.6628492370685799,0.6512540481293203,0.6574906432628588,0.1681176745757426,-0.01738836983851777,-0.0006954214634171674,-0.010899531453972378,-0.0055955469959032555,0.00825125393071549,0.6628492370685799
1008,2015-01-27,0.671891142080362,0.677455457956804,0.6669221851042803,0.6756764442892655,0.0965201798383533,0.014606221797247576,0.014606220888224053,0.015668136974959945,0.018185801026406767,-0.07159749473738929,0.677455457956804
1009,2015-01-28,0.6677179637714736,0.6670224242258783,0.6594287352774656,0.6658840904906929,0.1063307258504639,-0.0041731783088884145,-0.010433033730925634,-0.007493449826814658,-0.009792353798572684,0.009810546012110594,0.6670224242258783
1010,2015-01-29,0.6607625084119305,0.6684134427198581,0.6641972712886657,0.6644851140931245,0.0812651056420385,-0.006955455359543117,0.0013910184939798231,0.004768536011200086,-0.0013989763975683633,-0.0250656202084254,0.6684134427198581
1011,2015-01-30,0.677455457956804,0.677455457956804,0.6682846410493349,0.6791737343735784,0.099041035369942,0.016692949544873437,0.00904201523694581,0.004087369760669257,0.014688620280453923,0.017775929727903497,0.677455457956804
1012,2015-02-02,0.6649355990994579,0.6565891271442345,0.6526162522903765,0.6560914736520687,0.1349697237454195,-0.012519858857346078,-0.0208663308125695,-0.015668388758958485,-0.023082260721509762,0.0359286883754775,0.6565891271442345
1013,2015-02-03,0.6586757246039903,0.6489381742930548,0.6471664095539398,0.6490968748112007,0.1523818186543309,-0.00625987449546761,-0.007650952851179671,-0.005449842736436672,-0.006994598840867949,0.017412094908911407,0.6489381742930548
1014,2015-02-04,0.6586757441728568,0.6698043734302651,0.6614722129960275,0.6553920148356356,0.1384911250292367,1.9568866527208684e-08,0.02086619913721033,0.014305803442087761,0.006295140024434875,-0.013890693625094208,0.6698043734302651
1015,2015-02-05,0.6656311176832298,0.6489381742930548,0.6560223709478359,0.6518947061681456,0.0886457548273084,0.0069553735103730085,-0.02086619913721033,-0.005449842048191655,-0.0034973086674899845,-0.049845370201928293,0.6489381742930548
1016,2015-02-06,0.6586758663595663,0.6538070901562749,0.6471665488325617,0.6539932204336644,0.0766262116998882,-0.0069552513236634805,0.004868915863220136,-0.008855822115274137,0.0020985142655187694,-0.012019543127420193,0.6538070901562749
1017,2015-02-09,0.6565891190161259,0.6385050966703427,0.644441510463498,0.640703392777815,0.1335143844694508,-0.002086747343440387,-0.015301993485932197,-0.0027250383690637925,-0.013289827655849407,0.056888172769562595,0.6385050966703427
1018,2015-02-10,0.638505143956553,0.647547155799075,0.6403541910126687,0.6421023560351815,0.1004443982431975,-0.018083975059572932,0.009042059128732238,-0.0040873194508292965,0.0013989632573665478,-0.0330699862262533,0.647547155799075
1019,2015-02-12,0.6718911342924497,0.6725866737689429,0.6635160375508071,0.6693813143786812,0.1301099300917383,0.03338599033589673,0.02503951796986792,0.023161846538138464,0.027278958343499693,0.029665531848540802,0.6725866737689429
1020,2015-02-13,0.6656311785033027,0.6718910328465939,0.6607910259223674,0.6602882605708597,0.1275500922581148,-0.006259955789147065,-0.0006956409223489723,-0.002725011628439744,-0.00909305380782155,-0.002559837833623485,0.6718910328465939
1021,2015-02-16,0.6718912156764091,0.6767599926016005,0.6669222581560492,0.6735781440195037,0.086358793107929,0.006260037173106414,0.004868959755006563,0.006131232233681838,0.013289883448644013,-0.04119129915018581,0.6767599926016005
1022,2015-02-17,0.673977834358634,0.6767599926016005,0.6669222581560492,0.6728786859260254,0.0735336157384547,0.0020866186822249277,0.0,0.0,-0.0006994580934782668,-0.012825177369474305,0.6767599926016005
1023,2015-02-18,0.681628768291451,0.6969306386000346,0.6839529580951491,0.6854689303663324,0.120442319187089,0.007650933932817017,0.0201706459984341,0.01703069993909989,0.012590244440306986,0.046908703448634306,0.6969306386000346
1024,2015-02-19,0.6955394835538306,0.6885840887182922,0.6866777953189225,0.6910645196652757,0.0929727903531796,0.013910715262379525,-0.008346549881742327,0.0027248372237733687,0.0055955892989433265,-0.027469528833909407,0.6885840887182922
1025,2015-02-20,0.6934527934287951,0.6983215693104416,0.6853152685425393,0.6959606538426814,0.1050702980846695,-0.002086690125035484,0.009737480592149406,-0.001362526776383155,0.004896134177405642,0.012097507731489904,0.6983215693104416
1026,2015-02-23,0.7080593198457514,0.7038860822042244,0.6989400227772294,0.7050538050372527,0.1005353569479456,0.014606526416956367,0.0055645128937827915,0.013624754234690117,0.009093151194571325,-0.004534941136723897,0.7038860822042244
1027,2015-02-24,0.7066680969033862,0.7122324126270348,0.7003023365281831,0.7022558296464647,0.1049663452792432,-0.0013912229423652667,0.00834633042281041,0.0013623137509536365,-0.0027979753907879656,0.004430988331297597,0.7122324126270348
1028,2015-02-25,0.7122323854891709,0.6997126755879941,0.698939853989156,0.7036547188307433,0.0687257984874866,0.005564288585784727,-0.012519737039040746,-0.0013624825390270434,0.0013988891842785511,-0.0362405467917566,0.6997126755879941
1029,2015-02-26,0.6997126805215671,0.7177967060618858,0.7043896823786232,0.7022558078402381,0.143000077964604,-0.012519704967603795,0.018084030473891732,0.005449828389467171,-0.0013989109905051533,0.07427427947711741,0.7177967060618858
1030,2015-02-27,0.723360983068909,0.724752061882503,0.7139268353948225,0.7218405927036285,0.1392058005665428,0.02364830254734185,0.006955355820617126,0.009537153016199285,0.019584784863390436,-0.0037942773980612077,0.724752061882503
1031,2015-03-02,0.7233611535675326,0.7470094989726249,0.7370887576056375,0.7260375114650766,0.2118688115595519,1.7049862366391721e-07,0.022257437090121956,0.023161922210815034,0.00419691876144801,0.07266301099300909,0.7470094989726249
1032,2015-03-03,0.7470093065112825,0.7372717550297573,0.7330012004117575,0.7358297353334993,0.081732893266457,0.02364815294374989,-0.009737743942867638,-0.004087557193879987,0.009792223868422711,-0.1301359182930949,0.7372717550297573
1033,2015-03-04,0.735880714631686,0.7303163992091403,0.7207391361413221,0.721840614519727,0.092543985030796,-0.011128591879596472,-0.006955355820617015,-0.012262064270435413,-0.013989120813772238,0.010811091764339004,0.7303163992091403
1034,2015-03-05,0.7205788582340709,0.7219699371109707,0.7112019561749688,0.7190427936714097,0.0889706073442657,-0.015301856397615166,-0.008346462098169583,-0.009537179966353282,-0.002797820848317367,-0.0035733776865302935,0.7219699371109707
1035,2015-03-06,0.717796706061886,0.7177967060618858,0.7071145941092949,0.717643883310841,0.0975077314899035,-0.002782152172184915,-0.004173231049084847,-0.0040873620656739496,-0.001398910360568717,0.0085371241456378,0.7177967060618858
1036,2015-03-09,0.712232347291933,0.7289252929315877,0.7166517416793862,0.7134470921624243,0.1210920242210036,-0.005564358769952982,0.011128586869701862,0.009537147570091276,-0.004196791148416645,0.02358429273110009,0.7289252929315877
1037,2015-03-10,0.7372718835639248,0.7191878562312247,0.7221016801984119,0.7176439544394405,0.1322279685022999,0.025039536271991847,-0.009737436700362978,0.005449938519025754,0.004196862277016211,0.0111359442812963,0.7191878562312247
1038,2015-03-11,0.7122323687352485,0.7233609994967368,0.713926851608397,0.7162449454605175,0.0821616985888406,-0.02503951482867628,0.004173143265512103,-0.008174828590014949,-0.0013990089789229776,-0.05006626991345929,0.7233609994967368
1039,2015-03-12,0.7275342141282831,0.7289252929315877,0.7180141974620465,0.7260373349652905,0.0930637490579277,0.015301845393034585,0.0055642934348508755,0.00408734585364956,0.009792389504773014,0.010902050469087099,0.7289252929315877
1040,2015-03-13,0.751182857532155,0.7623114924585571,0.7507134398037779,0.7526170407656279,0.407014215546142,0.02364864340387185,0.03338619952696942,0.03269924234173138,0.026579705800337305,0.3139504664882143,0.7623114924585571
1041,2015-03-16,0.7637024047627312,0.7762221163162185,0.7752374842233061,0.7680049535219579,0.2283193430182697,0.012519547230576245,0.013910623857661397,0.024524044419528157,0.015387912756330002,-0.17869487252787228,0.7762221163162185
1042,2015-03-17,0.7817862942672555,0.7692665849284559,0.7684250681141882,0.7680048176648899,0.126939369526235,0.01808388950452433,-0.006955531387762615,-0.006812416109117869,-1.3585706792884622e-07,-0.1013799734920347,0.7692665849284559
1043,2015-03-18,0.7650935768970966,0.7720489730507065,0.7588881041147811,0.768005046949002,0.1005613451493022,-0.016692717370158983,0.002782388122250623,-0.009536963999407067,2.2928411202993715e-07,-0.02637802437693279,0.7720489730507065
1044,2015-03-19,0.762311179476979,0.755355785503649,0.756162954680801,0.7526167317642924,0.1467553730606304,-0.002782397420117544,-0.01669318754705751,-0.0027251494339801674,-0.015388315184709511,0.046194027911328206,0.755355785503649
1045,2015-03-20,0.7581379206984626,0.7497914481770117,0.7439008307390329,0.7456221304479863,0.1202344135762363,-0.0041732587785163755,-0.005564337326637303,-0.012262123941768066,-0.006994601316306137,-0.02652095948439412,0.7497914481770117
1046,2015-03-23,0.756746809027741,0.752573572948544,0.7439007983806654,0.7526166767953714,0.0833441617505652,-0.0013911116707215898,0.0027821247715322794,-3.235836754100774e-08,0.0069945463473850555,-0.0368902518256711,0.752573572948544
1047,2015-03-24,0.7567468861604079,0.7386628613073098,0.7411759625768604,0.7400265104186594,0.1306816705215832,7.713266680919872e-08,-0.013910711641234141,-0.0027248358038050036,-0.012590166376711953,0.047337508771018,0.7386628613073098
1048,2015-03-25,0.7344896248027488,0.7386628613073098,0.7261889486276959,0.7330319309250993,0.1185321863873801,-0.02225726135765904,0.0,-0.014987013949164463,-0.0069945794935600825,-0.012149484134203095,0.7386628613073098
1049,2015-03-26,0.7303164884359632,0.7191878562312247,0.7193767681976632,0.7204417866204911,0.1300319654876686,-0.004173136366785624,-0.019475005076085128,-0.006812180430032733,-0.012590144304608253,0.011499779100288501,0.7191878562312247
1050,2015-03-27,0.7198879913987102,0.7184874311041602,0.71879290310256,0.7140845429669269,0.1515372021102419,-0.010428497037253015,-0.0007004251270644746,-0.0005838650951031088,-0.00635724365356416,0.02150523662257331,0.7184874311041602
1051,2015-03-30,0.7254902615876287,0.7338936236909603,0.7229081585545063,0.7281690798355923,0.1504456976532654,0.005602270188918568,0.015406192586800094,0.0041152554519462425,0.014084536868665398,-0.0010915044569765053,0.7338936236909603
1052,2015-03-31,0.7436975260217334,0.7212885610191954,0.729766849990063,0.725352158546064,0.1733023207463811,0.018207264434104697,-0.012605062671764977,0.00685869143555673,-0.0028169212895282625,0.022856623093115702,0.7212885610191954
1053,2015-04-01,0.7254902686509884,0.7226891479226062,0.7160494543442187,0.719718381854336,0.1880636191169209,-0.018207257370745022,0.0014005869034108276,-0.013717395645844288,-0.005633776691728043,0.0147612983705398,0.7226891479226062
1054,2015-04-02,0.7296920729190152,0.7619049667330984,0.7544583646919826,0.7338030141748969,0.233984770914005,0.004201804268026743,0.03921581881049219,0.038408910347763836,0.014084632320560897,0.04592115179708409,0.7619049667330984
1055,2015-04-03,0.754902016108967,0.7633053780693636,0.7530864749446837,0.7591549852138062,0.0979755191143221,0.025209943189951844,0.0014004113362652282,-0.001371889747298849,0.025351971038909293,-0.13600925179968287,0.7633053780693636
1056,2015-04-06,0.7521009115028124,0.7549020322160445,0.7489712642861766,0.7549296488991327,0.1034330413992047,-0.0028011046061545697,-0.008403345853319144,-0.0041152106585071735,-0.004225336314673478,0.005457522284882596,0.7549020322160445
1057,2015-04-07,0.7619048177426309,0.7633053780693636,0.7503429905186557,0.760563436021253,0.0906078640297305,0.009803906239818416,0.008403345853319144,0.0013717262324791646,0.0056337871221202596,-0.012825177369474194,0.7633053780693636
1058,2015-04-08,0.7913166696259805,0.8095239558297641,0.7956105690314312,0.7816902821206214,0.2372982665869695,0.029411851883349605,0.0462185777604005,0.04526757851277552,0.021126846099368435,0.146690402557239,0.8095239558297641
1059,2015-04-09,0.8095240698422801,0.8109246305167477,0.7997259087451816,0.8070425130416038,0.1103329088593778,0.01820740021629963,0.0014006746869835718,0.004115339713750332,0.025352230920982377,-0.1269653577275917,0.8109246305167477
1060,2015-04-10,0.8123248197224071,0.8053220195523862,0.7956103172589831,0.8056336934754464,0.1676109046492892,0.002800749880127018,-0.005602610964361432,-0.004115591486198444,-0.0014088195661573488,0.05727799578991141,0.8053220195523862
1061,2015-04-13,0.8067229575900882,0.8067229575900882,0.799725917763025,0.8042256197959052,0.0828503859247901,-0.005601862132318947,0.0014009380377019154,0.004115600504041916,-0.0014080736795412108,-0.0847605187244991,0.8067229575900882
1062,2015-04-14,0.792717290290846,0.8081234567099261,0.7914954020451128,0.7957748521281796,0.0763013591829309,-0.01400566729924213,0.0014004991198379724,-0.008230515717912223,-0.008450767667725678,-0.0065490267418591985,0.8081234567099261
1063,2015-04-15,0.806722851375089,0.7871150042930556,0.7942388429154523,0.7887325530463017,0.1194027911328257,0.014005561084243001,-0.02100845241687055,0.0027434408703395086,-0.007042299081877812,0.0431014319498948,0.7871150042930556
1064,2015-04-16,0.7871150042930556,0.7871150042930556,0.777777934253992,0.7845072000835537,0.0991449881753683,-0.019607847082033447,0.0,-0.016460908661460327,-0.0042253529627480635,-0.020257802957457396,0.7871150042930556
1065,2015-04-17,0.7801120430935848,0.7787114828725911,0.7695473234018904,0.7774647870139035,0.1005873333506588,-0.0070029611994707475,-0.008403521420464521,-0.008230610852101639,-0.007042413069650144,0.0014423451752904881,0.7787114828725911
1066,2015-04-20,0.7689075798995734,0.7843137427026613,0.7736625684190449,0.7704225521188782,0.1504067153512305,-0.011204463194011471,0.005602259830070233,0.004115245017154545,-0.007042234895025312,0.04981938200057172,0.7843137427026613
1067,2015-04-21,0.7913166858106341,0.7871150042930556,0.776406191865537,0.7845072000835537,0.0829023623275033,0.02240910591106071,0.0028012615903942883,0.0027436234464921494,0.014084647964675456,-0.06750435302372722,0.7871150042930556
1068,2015-04-22,0.7885155067254812,0.8165267147796724,0.8024692381450691,0.7929578476084416,0.1535382936146989,-0.0028011790851528717,0.029411710486616838,0.026063046279532043,0.008450647524887889,0.0706359312871956,0.8165267147796724
1069,2015-04-23,0.813725438234666,0.8221287990425973,0.8093277946842877,0.8126760044436286,0.1538371579302996,0.025209931509184824,0.005602084262924856,0.00685855653921863,0.019718156835187073,0.00029886431560069426,0.8221287990425973
1070,2015-04-24,0.8109245953126644,0.8137257165399965,0.7983541315332169,0.8070424780060518,0.0999246342160659,-0.0028008429220016673,-0.0084030825026008,-0.010973663151070845,-0.0056335264375768634,-0.05391252371423369,0.8137257165399965
1071,2015-04-27,0.8165268732146181,0.8109246305167477,0.8024693938523692,0.8084509641987444,0.1005353569479456,0.005602277901953778,-0.0028010860232488,0.004115262319152269,0.0014084861926926262,0.0006107227318797037,0.8109246305167477
1072,2015-04-28,0.8193279589946609,0.8137257165399965,0.8038411015093903,0.8112678312940417,0.140908027755399,0.002801085780042789,0.0028010860232488,0.001371707657021104,0.0028168670952972708,0.04037267080745341,0.8137257165399965
1073,2015-04-30,0.8235295586814254,0.7815127444629854,0.8065845060336595,0.7845071822086939,0.2126224693988929,0.004201599686764479,-0.032212972077011126,0.002743404524269244,-0.02676064908534781,0.07171444164349389,0.7815127444629854
1074,2015-05-01,0.7927172291951552,0.7955183501463747,0.787380113967111,0.7901409869681882,0.157189635905299,-0.030812329486270218,0.014005605683389377,-0.019204392066548448,0.005633804759494376,-0.0554328334935939,0.7955183501463747
1075,2015-05-07,0.7843138018646321,0.768907637899434,0.7736626267775814,0.7732395119157688,0.1315782634683853,-0.008403427330523128,-0.026610712246940782,-0.013717487189529698,-0.016901475052419457,-0.025611372436913693,0.768907637899434
1076,2015-05-08,0.7633053964575436,0.768907637899434,0.7585734620709265,0.7661972577088856,0.1764728813118844,-0.021008405407088482,0.0,-0.01508916470665489,-0.007042254206883203,0.0448946178434991,0.768907637899434
1077,2015-05-11,0.7773111593198985,0.7773111593198985,0.772291042760616,0.7760565725991081,0.087606226773045,0.014005762862354887,0.008403521420464521,0.013717580689689535,0.009859314890222515,-0.0888666545388394,0.7773111593198985
1078,2015-05-12,0.7647059749734345,0.7745098977295042,0.7599452223593759,0.76619727589971,0.0817718755684919,-0.01260518434646396,-0.0028012615903942883,-0.012345820401240104,-0.009859296699398112,-0.005834351204553098,0.7745098977295042
1079,2015-05-13,0.7787114828725911,0.7787114828725911,0.7640603549640873,0.771830984209455,0.0822136749915538,0.014005507899156555,0.004201585143086883,0.004115132604711413,0.005633708309744967,0.0004417994230618977,0.7787114828725911
1080,2015-05-14,0.7647060349404929,0.7591037929262768,0.7530865700221189,0.7591550810573929,0.084669560019751,-0.014005447932098125,-0.019607689946314233,-0.010973784941968434,-0.012675903152062018,0.0024558850281971994,0.7591037929262768
1081,2015-05-15,0.8291315864936656,0.8627450291893547,0.8518517838713073,0.8295773985857563,0.3602874295070038,0.06442555155317264,0.10364123626307786,0.09876521384918846,0.07042231752836337,0.2756178694872528,0.8627450291893547
1082,2015-05-18,0.8403362164455923,0.8291317335596511,0.8340192857650411,0.829577545730817,0.2327763195509238,0.011204629951926726,-0.03361329562970361,-0.017832498106266192,1.4714506069157807e-07,-0.12751110995608003,0.8291317335596511
1083,2015-05-19,0.8347340048459788,0.8585435318298407,0.8477367385365119,0.8380282807418404,0.1786299020244809,-0.005602211599613494,0.029411798270189582,0.01371745277147074,0.008450735011023447,-0.05414641752644289,0.8585435318298407
1084,2015-05-20,0.8585436023119661,0.8669469654667326,0.855967262579332,0.8591551146542142,0.1550196210920242,0.02380959746598732,0.008403433636891888,0.008230524042820098,0.0211268339123738,-0.023610280932456706,0.8669469654667326
1085,2015-05-21,0.8683474398843568,0.8809524833665492,0.8765433117781279,0.8732395381372264,0.1565529249720627,0.009803837572390672,0.014005517899816633,0.020576049198795965,0.014084423483012198,0.0015333038800385002,0.8809524833665492
1086,2015-05-22,0.8837535877759635,0.8893558292198682,0.8737998110541288,0.8816902270188071,0.0982613893292445,0.015406147891606659,0.008403345853319033,-0.0027435007239990927,0.008450688881580626,-0.05829153564281819,0.8893558292198682
1087,2015-05-25,0.8921570125683825,0.9019609357834196,0.8834020687919913,0.8873240926736459,0.1141791626601523,0.008403424792419067,0.012605106563551405,0.009602257737862496,0.00563386565483881,0.015917773330907797,0.9019609357834196
1088,2015-05-26,0.901960890998686,0.8949580890499386,0.8847737672034883,0.8957747538405811,0.1037448998154837,0.009803878430303503,-0.007002846733481061,0.00137169841149698,0.00845066116693527,-0.010434262844668599,0.8949580890499386
1089,2015-05-27,0.8921569232737909,0.8879552423164575,0.8751715271403732,0.8887324546625559,0.1040307700304062,-0.009803967724895113,-0.007002846733481061,-0.009602240063115164,-0.007042299178025235,0.000285870214922504,0.8879552423164575
1090,2015-05-28,0.8935576692274642,0.8837537449569435,0.8751717089552942,0.8845072860175751,0.1067205488708126,0.0014007459536732325,-0.004201497359514028,1.8181492100755037e-07,-0.004225168644980792,0.002689778840406401,0.8837537449569435
1091,2015-05-29,0.8809524568078251,0.8795518964631384,0.8710563164299371,0.8788733151130367,0.1619454767535539,-0.012605212419639078,-0.004201848493805116,-0.004115392525357087,-0.005633970904538432,0.05522492788274129,0.8795518964631384
1092,2015-06-01,0.8669468375297905,0.8879552423164575,0.8792867537570208,0.8676056926658231,0.1894669819901764,-0.014005619278034565,0.008403345853319144,0.008230437327083728,-0.011267622447213577,0.0275215052366225,0.8879552423164575
1093,2015-06-02,0.8879553119859597,0.8823530702699599,0.8696846265541498,0.878873368021008,0.0905558876270173,0.021008474456169157,-0.0056021720464976,-0.009602127202871014,0.011267675355184914,-0.09891109436315909,0.8823530702699599
1094,2015-06-03,0.8823530437534594,0.8809524833665492,0.865569373602502,0.8774648907411162,0.1280308739832116,-0.005602268232500318,-0.0014005869034107166,-0.00411525295164783,-0.0014084772798917955,0.03747498635619431,0.8809524833665492
1095,2015-06-04,0.8879551469534555,0.8921568274595443,0.8834018854996691,0.887323908567564,0.1547207567764235,0.0056021031999961,0.011204344092995089,0.01783251189716717,0.009859017826447825,0.026689882793211883,0.8921568274595443
1096,2015-06-05,0.868347411461884,0.865546290779749,0.8600823763627448,0.8450704931173809,0.1878687076067465,-0.019607735491571465,-0.026610536679795294,-0.023319509136924377,-0.04225341545018313,0.033147950830323014,0.865546290779749
1097,2015-06-08,0.8585435831721655,0.8333334942698833,0.8408780773455777,0.8352114289048578,0.2429896826840614,-0.009803828289718486,-0.03221279650986564,-0.019204299017167026,-0.009859064212523139,0.05512097507731489,0.8333334942698833
1098,2015-06-09,0.8417369288133182,0.8137257165399965,0.8271607239081268,0.816901635678028,0.2042412744613945,-0.016806654358847317,-0.019607777729886866,-0.013717353437450952,-0.018309793226829796,-0.0387484082226669,0.8137257165399965
1099,2015-06-10,0.8361345353633644,0.8291317335596511,0.8203018633018002,0.823943742364224,0.2269159801450141,-0.005602393449953835,0.015406017019654605,-0.006858860606326567,0.007042106686195981,0.022674705683619595,0.8291317335596511
1100,2015-06-11,0.8389356521853669,0.8613446178530895,0.8436214775680465,0.8422535993907463,0.1981730294446321,0.0028011168220025695,0.03221288429343838,0.02331961426624629,0.018309857026522325,-0.028742950700381992,0.8613446178530895
1101,2015-06-12,0.871148727037588,0.8571431204935754,0.854595598644829,0.8563382912724546,0.2687050079264014,0.032213074852221135,-0.004201497359514028,0.010974121076782528,0.014084691881708356,0.07053197848176929,0.8571431204935754
1102,2015-06-15,0.8515406953734608,0.8613446178530895,0.8449932198079945,0.8549296569066605,0.09441513552847,-0.01960803166412728,0.004201497359514028,-0.009602378836834569,-0.0014086343657941924,-0.1742898723979314,0.8613446178530895
1103,2015-06-16,0.8669468488069845,0.8515406850963596,0.8518519207268773,0.8549296465886584,0.1009771563710075,0.015406153433523695,-0.00980393275672986,0.006858700918882854,-1.0318002008347094e-08,0.0065620208425375,0.8515406850963596
1104,2015-06-17,0.8613447233635549,0.8669469654667326,0.8614542322112507,0.8647889186847337,0.1064996491592816,-0.005602125443429529,0.015406280370372949,0.009602311484373405,0.009859272096075289,0.005522492788274103,0.8669469654667326
1105,2015-06-18,0.8585434867830073,0.8515406850963596,0.8463649518333064,0.8549296465886584,0.09023103511006,-0.0028012365805476502,-0.015406280370372949,-0.015089280377944325,-0.009859272096075289,-0.0162686140492216,0.8515406850963596
1106,2015-06-19,0.8515406850963596,0.8515406850963596,0.8381344984929502,0.8436620400438325,0.188557394942696,-0.007002801686647686,0.0,-0.008230453340356214,-0.011267606544825948,0.09832635983263599,0.8515406850963596
1107,2015-06-22,0.8487394280661509,0.8627450291893547,0.8463648158592538,0.8464788056876732,0.1124249590685828,-0.002801257030208726,0.011204344092995089,0.008230317366303641,0.002816765643840702,-0.0761324358741132,0.8627450291893547
1108,2015-06-23,0.8767507597635684,0.8879552423164575,0.8710563005237256,0.8774648482642984,0.1210920242210036,0.02801133169741754,0.02521021312710281,0.024691484664471797,0.030986042576625183,0.0086670651524208,0.8879552423164575
1109,2015-06-24,0.8893557071221517,0.8921568274595443,0.8779149172667519,0.8830985566220043,0.1265885288079212,0.012604947358583307,0.004201585143086772,0.006858616743026236,0.0056337083577059355,0.005496504586917611,0.8921568274595443
1110,2015-06-25,0.8893560034468064,0.9173672161537926,0.9039783175697744,0.8943664598042532,0.1952233685906598,2.9632465470275093e-07,0.025210388694248298,0.026063400303022566,0.011267903182248906,0.0686348397827386,0.9173672161537926
1111,2015-06-26,0.9173670922799102,0.9061626087100793,0.8984912261836158,0.89718324089144,0.1043296343460069,0.02801108883310377,-0.011204607443713321,-0.00548709138615866,0.0028167810871867482,-0.09089373424465291,0.9061626087100793
1112,2015-06-29,0.8921569918413634,0.8683474645865705,0.875171594402517,0.8732395629786075,0.1491592816861145,-0.025210100438546768,-0.037815144123508726,-0.02331963178109875,-0.023943677912832473,0.04482964734010761,0.8683474645865705
1113,2015-06-30,0.8739496391253462,0.8879552423164575,0.8710563005237256,0.8774648482642984,0.1191299150185815,-0.018207352716017255,0.019607777729886977,-0.004115293878791393,0.004225285285690883,-0.030029366667533003,0.8879552423164575
1114,2015-07-01,0.8907565744670654,0.8851543318603542,0.8765434774833724,0.8816904100232469,0.0788741911172327,0.016806935341719176,-0.0028009104561033116,0.0054871769596467335,0.004225561758948504,-0.040255723901348794,0.8851543318603542
1115,2015-07-02,0.9061626087100793,0.9061626087100793,0.8971194838535644,0.9084508483123686,0.1181163751656747,0.0154060342430139,0.02100827684972506,0.02057600637019208,0.02676043828912167,0.039242184048442,0.9061626087100793
1116,2015-07-03,0.8991598588225737,0.9089637825169008,0.8916325664388045,0.9000001951392301,0.0728189402011486,-0.007002749887505599,0.002801173806821544,-0.005486917414759929,-0.008450653173138423,-0.04529743496452611,0.9089637825169008
1117,2015-07-06,0.8907563629546799,0.8879552423164575,0.8792867537570208,0.8830986514634271,0.1479508303230333,-0.008403495867893795,-0.021008540200443293,-0.012345812681783697,-0.016901543675802988,0.0751318901218847,0.8879552423164575
1118,2015-07-07,0.8991598064789349,0.9061626087100793,0.8930042568634106,0.9028170446019044,0.1150497674055978,0.008403443524255039,0.01820736639362175,0.01371750310638975,0.01971839313847723,-0.0329010629174355,0.9061626087100793
1119,2015-07-08,0.896358754719027,0.8725492252968028,0.880658643814612,0.8718311914351882,0.1789417604407599,-0.0028010517599078577,-0.033613383413276465,-0.012345613048798554,-0.030985853166716204,0.0638919930351621,0.8725492252968028
1120,2015-07-09,0.8543419975234432,0.8851543318603542,0.8669412797644622,0.8366199737281289,0.2188466436237948,-0.04201675719558384,0.012605106563551405,-0.013717364050149783,-0.03521121770705926,0.039904883183034895,0.8851543318603542
1121,2015-07-10,0.901960919037015,0.9103642816367388,0.9135803833724356,0.9014085853450144,0.3728657189635905,0.04761892151357183,0.025209949776384577,0.04663910360797341,0.06478861161688554,0.1540190753397957,0.9103642816367388
1122,2015-07-13,0.9117648703716994,0.9397760799069284,0.923182608250154,0.9169015738667512,0.1644533381844642,0.009803951334684369,0.029411798270189582,0.009602224877718335,0.01549298852173675,-0.2084123807791263,0.9397760799069284
1123,2015-07-14,0.953781755869042,0.9481795135438202,0.9396435867087854,0.9436622125139758,0.142376361132046,0.042016885497342615,0.008403433636891888,0.01646097845863148,0.026760638647224555,-0.022076977052418206,0.9481795135438202
1124,2015-07-15,0.9551822451513042,0.9397760799069284,0.938271774209666,0.9394367891998818,0.1133735284180981,0.0014004892822622184,-0.008403433636891888,-0.0013718124991194403,-0.0042254233140939235,-0.029002832713947893,0.9397760799069284
1125,2015-07-16,0.9509804319212222,0.946778751073264,0.93141293332202,0.9450704620524508,0.1050573039839912,-0.004201813230082063,0.007002671166335683,-0.006858840887645989,0.005633672852568994,-0.0083162244341069,0.946778751073264
1126,2015-07-17,0.9453783749532488,0.9565828593971392,0.9396435693865458,0.946479097192631,0.0904909171236258,-0.0056020569679733345,0.009804108323875127,0.008230636064525787,0.0014086351401801922,-0.014566386860365405,0.9565828593971392
1127,2015-07-21,0.9733894101180396,0.9705882895133832,0.9574760479998174,0.9676056878554676,0.1368798565451285,0.028011035164790754,0.014005430116244,0.01783247861327164,0.02112659066283662,0.0463889394215027,0.9705882895133832
1128,2015-07-22,0.9565827349395408,0.945378251953426,0.93827170487427,0.9507043266123184,0.0854751942618051,-0.016806675178498764,-0.02521003755995721,-0.01920434312554742,-0.016901361243149227,-0.051404662283323396,0.945378251953426
1129,2015-07-23,0.9579835340841228,0.9579835340841228,0.9437589091345427,0.9605637220064152,0.0670625536006652,0.0014007991445820211,0.012605282130696893,0.005487204260272716,0.009859395394096748,-0.0184126406611399,0.9579835340841228
1130,2015-07-24,0.9621849620806404,0.9677872034901344,0.9506173710221476,0.9633803699306942,0.0808752826216897,0.0042014279965175705,0.009803669406011517,0.006858461887604861,0.0028166479242790476,0.013812729021024511,0.9677872034901344
1131,2015-07-27,0.9621852162511584,0.9579835340841228,0.9437589091345427,0.9563383683905512,0.0764442942903921,2.541705179659459e-07,-0.009803669406011517,-0.006858461887604861,-0.007042001540143006,-0.004430988331297611,0.9579835340841228
1132,2015-07-28,0.9523810721837664,0.9509805117834962,0.9382717229662292,0.8957747605694637,0.1240806673770108,-0.00980414406739194,-0.00700302230062666,-0.0054871861683135625,-0.060563607821087495,0.04763637308661871,0.9509805117834962
1133,2015-07-29,0.9649861174668856,0.9649861174668856,0.9465021783249532,0.9605635027867802,0.0948959172535668,0.01260504528311912,0.014005605683389377,0.00823045535872402,0.06478874221731645,-0.029184750123444,0.9649861174668856
1134,2015-07-30,0.973389594995564,0.9803923978372584,0.9615914572038364,0.9774650289873784,0.1747836482237064,0.008403477528678427,0.015406280370372838,0.015089278878883228,0.01690152620059826,0.0798877309701396,0.9803923978372584
1135,2015-07-31,0.9845939829803454,0.9845939829803454,0.9698218167885476,0.9830987367737476,0.115504560929338,0.011204387984781405,0.004201585143086994,0.008230359584711189,0.00563370778636918,-0.0592790872943684,0.9845939829803454
1136,2015-08-03,0.9845940357750048,0.9873951567871668,0.9711936111797844,0.9816903385004252,0.0951428051664544,5.2794659421984136e-08,0.002801173806821433,0.0013717943912368025,-0.0014083982733223976,-0.0203617557628836,0.9873951567871668
1137,2015-08-04,0.9887957612472924,0.9803923978372584,0.971193654351378,0.9816903821386206,0.1346578653291405,0.004201725472287587,-0.0070027589499084275,4.3171593633317684e-08,4.3638195390549583e-08,0.039515060162686105,0.9803923978372584
1138,2015-08-05,0.980392336476416,0.9817928969570966,0.9657066241110902,0.9718311639607063,0.135255593960342,-0.008403424770876411,0.0014004991198381944,-0.005487030240287849,-0.009859218177914242,0.0005977286312014995,0.9817928969570966
1139,2015-08-06,0.988795654393495,0.9747900502236156,0.9780522609068056,0.9802818251544528,0.1166870240910626,0.008403317917079045,-0.00700284673348095,0.012345636795715431,0.00845066119374649,-0.018568569869279405,0.9747900502236156
1140,2015-08-07,0.962185057855264,0.9635856183470476,0.9519892080200172,0.953521309010316,0.1508225265729358,-0.026610596538231057,-0.011204431876568055,-0.02606305288678845,-0.02676051614413688,0.03413550248187319,0.9635856183470476
1141,2015-08-10,0.9509805919391516,0.9831934838605072,0.9684501348651902,0.9563382290768372,0.1748746069284544,-0.01120446591611235,0.01960786551345961,0.016460926845172974,0.0028169200665212335,0.024052080355518618,0.9831934838605072
1142,2015-08-11,1.0,1.0,1.0,1.0,0.1993554926063567,0.04901940806084837,0.0168065161394928,0.03154986513480984,0.04366177092316281,0.024480885677902298,1.0
1143,2015-08-12,0.9775911593886308,0.9509805117834962,0.965706568666996,0.954929697588202,0.227578679279607,-0.022408840611369163,-0.049019488216503815,-0.034293431333004,-0.04507030241179799,0.0282231866732503,0.9509805117834962
1144,2015-08-13,0.9523811777306804,0.9565828593971392,0.9437587966977278,0.9352114888927188,0.1808388991397905,-0.02520998165795041,0.005602347613642977,-0.021947771969268226,-0.01971820869548324,-0.0467397801398165,0.9565828593971392
1145,2015-08-14,0.9509804531338918,0.9663866165867236,0.953360829305242,0.9549296386950402,0.1199225551599573,-0.0014007245967886384,0.009803757189584483,0.009602032607514244,0.01971814980232145,-0.06091634397983321,0.9663866165867236
1146,2015-08-17,0.9677874576071338,0.9719891397675122,0.9547328484257116,0.9619721716875116,0.0790301203253722,0.016807004473242015,0.005602523180788577,0.0013720191204695809,0.007042532992471373,-0.0408924348345851,0.9719891397675122
1147,2015-08-18,0.9761903837019102,0.9537814222395996,0.9561041618150397,0.9478872341366608,0.1064216845552119,0.008402926094776442,-0.018207717527912615,0.001371313389328055,-0.014084937550850829,0.02739156422983971,0.9537814222395996
1148,2015-08-19,0.9495801184742148,0.941176754593912,0.9382718880673876,0.9436622565866776,0.1080979235427116,-0.026610265227695495,-0.012604667645687573,-0.01783227374765206,-0.004224977549983189,0.0016762389874996897,0.941176754593912
1149,2015-08-20,0.9383755452493298,0.9271710611269496,0.921810891253589,0.9295776580687284,0.1138413160425167,-0.011204573224884995,-0.014005693466962454,-0.016460996813798645,-0.014084598517949187,0.0057433924998051,0.9271710611269496
1150,2015-08-21,0.9103642346345108,0.8893558292198682,0.8916324602593152,0.8943662845957548,0.1579692819459965,-0.028011310614818985,-0.03781523190708136,-0.030178430994273753,-0.03521137347297354,0.044127965903479796,0.8893558292198682
1151,2015-08-24,0.8543419016884518,0.8333334942698833,0.8518520163647696,0.8352114289048578,0.2807505392551781,-0.05602233294605896,-0.056022334949984876,-0.0397804438945456,-0.05915485569089707,0.12278125730918163,0.8333334942698833
1152,2015-08-25,0.7983194261906738,0.7885155034128937,0.823045368998832,0.7887324916433877,0.4519088333896411,-0.05602247549777806,-0.044817990856989676,-0.028806647365937632,-0.04647893726147012,0.17115829413446298,0.7885155034128937
1153,2015-08-26,0.7913167378110701,0.8319329951500454,0.8203020022012655,0.7957748602776115,0.2306712752410405,-0.0070026883796036055,0.0434174917371517,-0.002743366797566482,0.007042368634223806,-0.2212375581486006,0.8319329951500454
1154,2015-08-27,0.8459383796891756,0.8389355785328082,0.8367626929065116,0.836619722601097,0.1565399308713844,0.054621641878105476,0.007002583382762828,0.01646069070524614,0.0408448623234855,-0.0741313443696561,0.8389355785328082
1155,2015-08-28,0.8641459220851876,0.8851543318603542,0.868313022295735,0.8676058986810224,0.1641024974661503,0.018207542396011966,0.04621875332754599,0.03155032938922342,0.030986176079925487,0.007562566594765896,0.8851543318603542
1156,2015-08-31,0.8711485506098193,0.8711485506098193,0.8641976213623669,0.8647888229544458,0.1274851217547233,0.007002628524631738,-0.014005781250534866,-0.004115400933368152,-0.0028170757265766344,-0.03661737571142701,0.8711485506098193
1157,2015-09-01,0.854341828499363,0.8249300606329916,0.8395062630500115,0.8295775539323323,0.1755373060630473,-0.016806722110456307,-0.04621848997682776,-0.02469135831235536,-0.03521126902211347,0.048052184308324,0.8249300606329916
1158,2015-09-02,0.8179274067845036,0.8235296492967263,0.8312759599309105,0.8211269974023997,0.1532654175004548,-0.036414421714859424,-0.0014004113362652282,-0.008230303119101001,-0.008450556529932651,-0.02227188856259249,0.8235296492967263
1159,2015-09-03,0.8333334762972736,0.8277312344398131,0.82441715103648,0.8295776071083282,0.1130486759011408,0.015406069512770015,0.004201585143086772,-0.006858808894430579,0.00845060970592848,-0.040216741599314,0.8277312344398131
1160,2015-09-04,0.8151262150459633,0.8011206099764451,0.8024692978720284,0.7971832595935213,0.1549156682865979,-0.018207261251310336,-0.026610624463368038,-0.02194785316445158,-0.032394347514806854,0.04186699238545709,0.8011206099764451
1161,2015-09-07,0.7899160474273181,0.7969188492662127,0.787380053345743,0.780281770193188,0.13116245224668,-0.02521016761864514,-0.004201760710232372,-0.01508924452628535,-0.016901489400333314,-0.023753216039917896,0.7969188492662127
1162,2015-09-08,0.8025211174126216,0.7983194361696235,0.7983540179082491,0.7957747559802022,0.2199901244834845,0.012605069985303419,0.0014005869034108276,0.0109739645625061,0.01549298578701419,0.08882767223680452,0.7983194361696235
1163,2015-09-09,0.8263307599438932,0.8837537449569435,0.8655695115216154,0.828169242322188,0.3614828867694067,0.023809642531271602,0.08543430878731995,0.06721549361336632,0.03239448634198583,0.1414927622859222,0.8837537449569435
1164,2015-09-10,0.8557424207457978,0.8683474645865705,0.8587106866708082,0.8577466029902773,0.1570856830998726,0.029411660801904604,-0.015406280370372949,-0.006858824850807244,0.029577360668089248,-0.20439720366953412,0.8683474645865705
1165,2015-09-11,0.8725491555739652,0.8781513973433004,0.8669411501814105,0.8760564745408237,0.3338704228280361,0.016806734828167413,0.00980393275672986,0.008230463510602304,0.01830987155054642,0.1767847397281635,0.8781513973433004
1166,2015-09-14,0.8893559338794428,0.8669469654667326,0.8710564290671086,0.8704227227152532,0.1161932482652875,0.01680677830547761,-0.011204431876567833,0.00411527888569807,-0.0056337518255704655,-0.2176771745627486,0.8669469654667326
1167,2015-09-15,0.8697479740503327,0.8795518964631384,0.8696845741993388,0.8718310609855284,0.156215078354427,-0.019607959829110122,0.012604930996405805,-0.0013718548677698061,0.0014083382702752,0.040021830089139496,0.8795518964631384
1168,2015-09-16,0.8879554531637098,0.8851543318603542,0.8737999924208266,0.878873507754802,0.1006652979547285,0.018207479113377167,0.0056024353972158325,0.004115418221487865,0.007042446769273569,-0.05554978039969849,0.8851543318603542
1169,2015-09-17,0.893557483592902,0.8879552423164575,0.8751715271403732,0.8830986514634271,0.0804464772993061,0.005602030429192162,0.0028009104561033116,0.001371534719546541,0.004225143708625145,-0.02021882065542241,0.8879552423164575
1170,2015-09-18,0.885154189707601,0.8683474645865705,0.8683128828476383,0.8732395629786075,0.1364250630213883,-0.008403293885301033,-0.019607777729886977,-0.006858644292734861,-0.009859088484819645,0.0559785857220822,0.8683474645865705
1171,2015-09-24,0.8543418769173997,0.8599441187332515,0.8559672186787887,0.8549297177839926,0.1159853426544348,-0.030812312790201246,-0.008403345853319033,-0.012345664168849635,-0.01830984519461487,-0.02043972036695349,0.8599441187332515
1172,2015-09-25,0.8613446379498056,0.8809524833665492,0.8628258890585955,0.8563381277216673,0.1355284700745861,0.007002761032405935,0.021008364633297694,0.006858670379806808,0.0014084099376746595,0.019543127420151296,0.8809524833665492
1173,2015-09-28,0.8858818725605493,0.8802482835458559,0.8759303578092853,0.8809584331470038,0.095571610488838,0.02453723461074364,-0.000704199820693252,0.013104468750689824,0.024620305425336553,-0.0399568595857481,0.8802482835458559
1174,2015-09-29,0.8591223340031084,0.8337711831636726,0.8428243376243947,0.8328031579985985,0.190116687024091,-0.026759538557440843,-0.046477100382183334,-0.03310602018489062,-0.04815527514840534,0.09454507653525301,0.8337711831636726
1175,2015-09-30,0.8619391759914036,0.8619391759914036,0.8511008918854303,0.8526318515558156,0.1159333662517217,0.0028168419882951268,0.02816799282773097,0.008276554261035574,0.01982869355721706,-0.07418332077236932,0.8619391759914036
1176,2015-10-01,0.8703895027701422,0.8802482835458559,0.8676538504914022,0.8667951142861194,0.1210010655162556,0.008450326778738582,0.018309107554452364,0.016552958605971946,0.014163262730303883,0.005067699264533904,0.8802482835458559
1177,2015-10-02,0.8760231880360482,0.8858819698949748,0.8786892901260577,0.8781258658570668,0.0864107695106421,0.005633685265906019,0.0056336863491188716,0.011035439634655475,0.011330751570947317,-0.0345902960056135,0.8858819698949748
1178,2015-10-05,0.8901072628235903,0.8943324555268669,0.8800688077315809,0.8866239584165699,0.0931547077626757,0.014084074787542145,0.008450485631892102,0.0013795176055232394,0.008498092559503179,0.006743938252033607,0.8943324555268669
1179,2015-10-06,0.9154582536274984,0.9027826778080408,0.9021393358254346,0.9050361135092776,0.1238597676654798,0.025350990803908124,0.00845022228117387,0.02207052809385368,0.01841215509270766,0.030705059902804102,0.9027826778080408
1180,2015-10-07,0.9027827764626442,0.9098247637985462,0.8938629258371682,0.8937055556037462,0.121598794147457,-0.012675477164854287,0.007042085990505376,-0.008276409988266398,-0.011330557905531391,-0.0022609735180228047,0.9098247637985462
1181,2015-10-08,0.8985574478436096,0.8802482835458559,0.8883451187861097,0.878125769374827,0.1509654616803971,-0.004225328619034574,-0.029576480252690218,-0.005517807051058532,-0.015579786228919201,0.029366667532940094,0.8802482835458559
1182,2015-10-09,0.904191091267212,0.9126414752977464,0.8980010980267379,0.9007871337563204,0.2065152420800956,0.005633643423602397,0.03239319175189048,0.00965597924062822,0.022661364381493354,0.05554978039969852,0.9126414752977464
1183,2015-10-13,0.9140498134906322,0.9295421832108124,0.9145540544804024,0.9135340623859912,0.1682736037838821,0.009858722223420213,0.01690070791306597,0.016552956453664502,0.012746928629670862,-0.03824163829621352,0.9295421832108124
1184,2015-10-14,0.929542341544373,0.9182751616468656,0.9200718827210564,0.9191995464764848,0.1859195925050027,0.015492528053740795,-0.011267021563946766,0.005517828240654055,0.005665484090493611,0.01764598872112061,0.9182751616468656
1185,2015-10-15,0.9098247164694512,0.9351758695599311,0.9173129857408048,0.9050361653301384,0.1090854751942618,-0.019717625074921807,0.016900707913065527,-0.0027588969802516683,-0.01416338114634641,-0.0768341173107409,0.9351758695599311
1186,2015-10-16,0.9450346398753596,0.9281338713529984,0.9311071547041548,0.9291137985419712,0.1383092076197406,0.03520992340590845,-0.0070419982069327425,0.013794168963350062,0.02407763321183276,0.029223732425478807,0.9281338713529984
1187,2015-10-19,0.9182749812178606,0.9154581867969468,0.910415777031114,0.917783034023222,0.1227422750071467,-0.026759658657499075,-0.012675684556051614,-0.020691377673040856,-0.011330764518749148,-0.015566932612593912,0.9154581867969468
1188,2015-10-20,0.9210919457337188,0.9112331634399328,0.9062776908584002,0.9121178750904414,0.0990150471685854,0.0028169645158582224,-0.004225023357014024,-0.0041380861727138285,-0.005665158932780634,-0.023727227838561293,0.9112331634399328
1189,2015-10-21,0.9084163080769104,0.9281338713529984,0.9145541386205251,0.9050361543724385,0.1145819797811793,-0.012675637656808347,0.016900707913065638,0.008276447762124994,-0.0070817207180029484,0.015566932612593898,0.9281338713529984
1190,2015-10-22,0.926725535615882,0.9112331634399328,0.911795363253276,0.9107015429862638,0.0869955040411653,0.018309227538971573,-0.016900707913065638,-0.002758775367249111,0.005665388613825373,-0.027586475740014008,0.9112331634399328
1191,2015-10-23,0.9267254145410886,0.9450345792660644,0.9311070949880912,0.926281075115477,0.146469502845708,-1.2107479341327831e-07,0.03380141582613161,0.019311731734815152,0.015579532129213147,0.05947399880454271,0.9450345792660644
1192,2015-10-26,0.9478514641116949,0.9464430666910236,0.9366248558654394,0.946109812090076,0.0809922295277943,0.021126049570606265,0.0014084874249592483,0.005517760877348232,0.01982873697459908,-0.06547727331791371,0.9464430666910236
1193,2015-10-27,0.9534848843889208,0.9506680900480378,0.9449011962842956,0.954607634809301,0.113100652303854,0.005633420277225909,0.004225023357014135,0.008276340418856165,0.008497822719224946,0.0321084227760597,0.9506680900480378
1194,2015-10-28,0.9534849747769512,0.9520765774729972,0.9352453603096932,0.9418607378738932,0.1266924816133475,9.038803039373988e-08,0.0014084874249594703,-0.0096558359746024,-0.012746896935407759,0.013591829309493514,0.9520765774729972
1195,2015-10-29,0.9534849747769512,0.9520765774729972,0.9380041961808134,0.9531913933671128,0.0727539696977572,0.0,0.0,0.0027588358711202465,0.011330655493219544,-0.053938511915590306,0.9520765774729972
1196,2015-10-30,0.9548933060163072,0.9647520864619032,0.9490394740056944,0.9503586637429404,0.1750175420359156,0.00140833123935602,0.012675508988906015,0.011035277824881007,-0.0028327296241723587,0.1022635723381584,0.9647520864619032
1197,2015-11-02,0.9506682363097912,0.932359070277158,0.9324865795056222,0.9305301373321866,0.1050053275812781,-0.004225069706515927,-0.032393016184745216,-0.016552894500072246,-0.019828526410753833,-0.0700122144546375,0.932359070277158
1198,2015-11-04,0.9563018508762356,0.9478514663324102,0.9476602024847106,0.9517751425360926,0.1119051950414511,0.0056336145664444,0.015492396055252211,0.01517362297908842,0.021245005203906042,0.006899867460173001,0.9478514663324102
1199,2015-11-05,0.9506680974280728,0.9548932889721976,0.9393835323575502,0.9432769877128572,0.0609683203825463,-0.005633753448162859,0.007041822639787365,-0.00827667012716038,-0.00849815482323546,-0.050936874658904806,0.9548932889721976
1200,2015-11-06,0.9591186612689132,0.957710263822116,0.9490396359191998,0.9546078221224108,0.0682450167623898,0.00845056384084042,0.0028169748499183855,0.009656103561649587,0.011330834409553625,0.007276696379843496,0.957710263822116
1201,2015-11-09,0.9591186075093692,0.9788361706593416,0.9642131807042033,0.964522092622098,0.1259648119753632,-5.375954403863403e-08,0.021125906837225594,0.015173544785003434,0.009914270499687183,0.05771979521297339,0.9788361706593416
1202,2015-11-10,0.9661605100671962,0.9802444825171552,0.961454260837004,0.9716036678703917,0.0640089399412666,0.007041902557826996,0.0014083118578136489,-0.0027589198671992277,0.00708157524829367,-0.061955872034096596,0.9802444825171552
1203,2015-11-11,0.9788361774506208,0.9830613695835012,0.9628337693863098,0.9786854194214664,0.0757945892564775,0.012675667383424627,0.0028168870663459744,0.0013795085493057968,0.007081751551074711,0.011785649315210908,0.9830613695835012
1204,2015-11-12,0.9154582107379212,0.9295421832108124,0.9173128902405244,0.919199389904664,0.2533589750253385,-0.06337796671269957,-0.05351918637268882,-0.0455208791457854,-0.059486029516802374,0.177564385768861,0.9295421832108124
1205,2015-11-13,0.9196834024797886,0.9295421832108124,0.9104158008402196,0.9149503942656592,0.1561501078510356,0.004225191741867418,0.0,-0.006897089400304868,-0.004248995639004827,-0.09720886717430288,0.9295421832108124
1206,2015-11-16,0.9140498975843642,0.9281338713529984,0.9117953026065868,0.9135341464322734,0.0952727461732373,-0.005633504895424468,-0.001408311857813982,0.0013795017663672526,-0.0014162478333857864,-0.06087736167779831,0.9281338713529984
1207,2015-11-17,0.936584169447258,0.9295421832108124,0.9173128902405244,0.9276973811826732,0.1360742223030744,0.022534271862893807,0.001408311857813982,0.005517587633937615,0.014163234750399822,0.04080147612983709,0.9295421832108124
1208,2015-11-18,0.9436262629402244,0.9408094681254776,0.936624847022088,0.9432771390758614,0.1252111541360222,0.0070420934929664725,0.011267284914665221,0.01931195678156361,0.015579757893188217,-0.010863068167052181,0.9408094681254776
1209,2015-11-19,0.9605269936413664,0.9717941724524088,0.9545572435511536,0.9602730853864696,0.1733802853504508,0.016900730701141953,0.030984704326931234,0.01793239652906553,0.01699594631060819,0.04816913121442859,0.9717941724524088
1210,2015-11-20,0.9732025811879208,0.9788361706593416,0.9586955087116183,0.9744364166284926,0.1052002390914524,0.012675587546554401,0.0070419982069327425,0.004138265160464782,0.014163331242022958,-0.0681800462589984,0.9788361706593416
1211,2015-11-24,0.9760194070347756,0.9985537656387532,0.9821456459865258,0.9801017758734188,0.1418046207022012,0.0028168258468548313,0.019717594979411612,0.023450137274907412,0.005665359244926282,0.036604381610748804,0.9985537656387532
1212,2015-11-25,0.9872864029017718,0.9929199915060616,0.9766277923634088,0.9885995844708,0.1093973336105408,0.011266995866996199,-0.005633774132691616,-0.005517853623116964,0.00849780859738114,-0.03240728709166041,0.9929199915060616
1213,2015-11-26,0.9985537634069676,0.9971453659973668,0.9890427339865768,0.9985140902405,0.1178694872527872,0.011267360505195723,0.004225374491305223,0.01241494162316803,0.009914505769699988,0.008472153642246405,0.9971453659973668
1214,2015-11-27,0.999961982263186,0.9957367907888346,0.9835248862120738,0.9928485847857096,0.0992359468801164,0.0014082188562184461,-0.0014085752085322145,-0.005517847774503037,-0.005665505454790387,-0.0186335403726708,0.9957367907888346
1215,2015-11-30,0.983061353576656,0.9732025720937952,0.9642131716940796,0.9687710795721232,0.2059045193482159,-0.016900628686529973,-0.022534218695039354,-0.019311714517994183,-0.024077505213586425,0.1066685724680995,0.9732025720937952
1216,2015-12-01,0.970385632207462,0.9901031922232884,0.9697306985561426,0.9758525935156728,0.1581771875568492,-0.012675721369194037,0.016900620129493116,0.005517526862062971,0.007081513943549611,-0.047727331791366706,0.9901031922232884
1217,2015-12-02,0.981652814297482,0.9929199915060616,0.9752483745775848,0.9871832526878904,0.0811741469372904,0.011267182090019978,0.0028167992827732302,0.005517676021442264,0.01133065917221765,-0.0770030406195588,0.9929199915060616
1218,2015-12-03,0.99010318721424,0.9872863929405152,0.9711101114220674,0.984350579190436,0.0957275396969775,0.008450372916757987,-0.005633598565546349,-0.004138263155517463,-0.0028326734974544188,0.014553392759687103,0.9872863929405152
1219,2015-12-04,0.9661606573069244,0.9633438623876622,0.951798480743279,0.961689491287194,0.1325138387172224,-0.0239425299073156,-0.023942530552853003,-0.019311630678788383,-0.02266108790324195,0.036786299020244884,0.9633438623876622
1220,2015-12-07,0.9732024891237518,0.9760192835929956,0.9642130894904244,0.9786853200483928,0.07083084279737,0.007041831816827493,0.012675421205333381,0.012414608747145395,0.01699582876119876,-0.06168299591985239,0.9760192835929956
1221,2015-12-08,0.9520765513359334,0.9365841814177452,0.9366247525323832,0.93477905252843,0.2809584448660308,-0.02112593778781846,-0.03943510217525037,-0.027588336958041193,-0.04390626751996285,0.21012760206866077,0.9365841814177452
1222,2015-12-09,0.9309505804581014,0.9295421832108124,0.9283482332810118,0.9291137130623413,0.1804230879180852,-0.021125970877831968,-0.0070419982069328535,-0.008276519251371406,-0.005665339466088715,-0.10053535694794558,0.9295421832108124
1223,2015-12-10,0.9168665984818112,0.9239085846452662,0.9173128807324996,0.9206157122420732,0.2217963044777671,-0.014083981976290239,-0.005633598565546238,-0.011035352548512178,-0.008498000820268081,0.0413732165596819,0.9239085846452662
1224,2015-12-11,0.933767309310035,0.9422176921997184,0.935245256934774,0.9376116384274544,0.4293250864107695,0.016900710828223864,0.018309107554452253,0.01793237620227439,0.01699592618538126,0.2075287819330024,0.9422176921997184
1225,2015-12-14,0.9168666150375064,0.933767382134972,0.9173128972962528,0.9177830650843408,0.1218326879596663,-0.016900694272528605,-0.008450310064746391,-0.017932359638521245,-0.01982857334311361,-0.3074923984511032,0.933767382134972
1226,2015-12-15,0.926725471711612,0.926725471711612,0.9214512264037358,0.9305301282781236,0.1082538527508511,0.009858856674105576,-0.007041910423359998,0.004138329107483019,0.012747063193782826,-0.013578835208815199,0.926725471711612
1227,2015-12-16,0.9365841036065962,0.9422176921997184,0.9255893324531465,0.9361953066473524,0.1296681306686764,0.009858631894984149,0.01549222048810639,0.0041381060494106725,0.005665178369228752,0.02141427791782531,0.9422176921997184
1228,2015-12-17,0.966160652917821,0.9605270631048892,0.9490396402558862,0.9645221510919472,0.1628680579017126,0.029576549311224887,0.01830937090517082,0.02345030780273971,0.028326844444594768,0.03319992723303619,0.9605270631048892
1229,2015-12-18,0.9577101666888136,0.9520765774729972,0.975248480440934,0.9517750614304604,0.1929104186699238,-0.008450486229007459,-0.00845048563189199,0.026208840185047877,-0.012747089661486743,0.030042360768211207,0.9520765774729972
1230,2015-12-21,0.9492598525697185,0.9408094681254776,0.9297277568378312,0.9191994943847358,0.1513422906000675,-0.008450314119095137,-0.011267109347519622,-0.045520723603102886,-0.03257556704572462,-0.041568128069856325,0.9408094681254776
1231,2015-12-22,0.9309505075903068,0.9379924932755588,0.9242099073006376,0.9347789674135564,0.0828503859247901,-0.018309344979411613,-0.0028169748499188296,-0.0055178495371935865,0.015579473028820567,-0.06849190467527738,0.9379924932755588
1232,2015-12-24,0.9506681492324376,0.933767382134972,0.9338659119843056,0.93619537966165,0.0747290730008576,0.019717641642130745,-0.004225111140586768,0.009656004683668007,0.0014164122480936348,-0.008121312923932505,0.933767382134972
1233,2015-12-25,0.933767382134972,0.933767382134972,0.9145540615149108,0.9390280434427746,0.0,-0.016900767097465574,0.0,-0.019311850469394765,0.002832663781124567,-0.0747290730008576,0.933767382134972
1234,2015-12-28,0.9436860859459264,0.9380183016459508,0.9270442583820064,0.9276286942284604,0.1194807557368954,0.009918703810954388,0.004250919510978779,0.012490196867095626,-0.01139934921431418,0.1194807557368954,0.9380183016459508
1235,2015-12-29,0.9351842849202716,0.9436859602377284,0.9270441348906624,0.9304784280192002,0.0747420671015359,-0.008501801025654787,0.005667658591777647,-1.234913440395502e-07,0.002849733790739828,-0.0447386886353595,0.9436859602377284
1236,2015-12-30,0.9493536811190472,0.9465197895336172,0.936758607406025,0.946152581046491,0.0628654590815769,0.014169396198775552,0.0028338292958887124,0.009714472515362615,0.015674153027290805,-0.011876608019959004,0.9465197895336172
1237,2016-01-04,0.9380181872283528,0.9153470527938308,0.924268564029638,0.9176540802063576,0.1515891785129551,-0.011335493890694326,-0.031172736739786377,-0.012490043376387039,-0.02849850084013339,0.08872371943137819,0.9153470527938308
1238,2016-01-05,0.9096792244047198,0.9054283869075016,0.893737126026949,0.904829677400851,0.1136074222303074,-0.028338962823633018,-0.00991866588632917,-0.030531438002688982,-0.012824402805506674,-0.03798175628264769,0.9054283869075016
1239,2016-01-06,0.9096793692385996,0.9068454771225914,0.9048395946371868,0.9005550349045228,0.1471581901816575,1.4483387977826112e-07,0.0014170902150898446,0.011102468610237781,-0.00427464249632814,0.03355076795135009,0.9068454771225914
1240,2016-01-07,0.8997606903932204,0.8855912307019885,0.8937372122611043,0.8905804770721406,0.1582551521609189,-0.009918678845379225,-0.021254246420602918,-0.01110238237608252,-0.009974557832382214,0.01109696197926141,0.8855912307019885
1241,2016-01-08,0.8714217710107567,0.8855912307019885,0.8798593052384163,0.8763311894389864,0.2206788118194339,-0.02833891938246369,0.0,-0.013877907022687985,-0.01424928763315425,0.06242365965851501,0.8855912307019885
1242,2016-01-12,0.8884250581362355,0.8685878160087916,0.8895737755668959,0.8706314111736309,0.1839964656046155,0.017003287125478828,-0.017003414693196883,0.009714470328479607,-0.005699778265355504,-0.03668234621481842,0.8685878160087916
1243,2016-01-13,0.8855911340720091,0.9139300503623136,0.8992882769456563,0.8891554512899306,0.1747576600223498,-0.002833924064226445,0.045342234353521915,0.009714501378760398,0.01852404011629971,-0.009238805582265697,0.9139300503623136
1244,2016-01-14,0.8855913119157716,0.8898421502129673,0.8756960134379375,0.8791811275915496,0.1776943267756438,1.778437624944118e-07,-0.024087900149346253,-0.023592263507718814,-0.009974323698380916,0.002936666753294015,0.8898421502129673
1245,2016-01-15,0.901177687204356,0.8912590648609118,0.895125053463912,0.8905805273162898,0.1584890459731282,0.01558637528858442,0.0014169146479444672,0.019429040025974564,0.011399399724740134,-0.0192052808025156,0.8912590648609118
1246,2016-01-18,0.870004800263614,0.882757313622527,0.8715325362032734,0.8692065208671249,0.142064502715767,-0.03117288694074194,-0.008501751238384814,-0.0235925172606386,-0.021374006449164873,-0.0164245432573612,0.882757313622527
1247,2016-01-19,0.8855911800956777,0.8799233965430654,0.8729203018448273,0.8749062106799429,0.1481457418332077,0.01558637983206368,-0.0028339170794615676,0.0013877656415538508,0.005699689812817987,0.006081239117440684,0.8799233965430654
1248,2016-01-20,0.8799233932863393,0.840248908564894,0.861817973671394,0.8449827052328652,0.1954182801008342,-0.005667786809338438,-0.03967448797817141,-0.011102328173433262,-0.02992350544707767,0.04727253826762651,0.840248908564894
1249,2016-01-21,0.8388320119673501,0.8062422547456458,0.8312866289212086,0.8107844646315367,0.2643909665012084,-0.04109138131898915,-0.03400665381924817,-0.030531344750185374,-0.03419824060132848,0.06897268640037421,0.8062422547456458
1250,2016-01-22,0.8345813102969358,0.8515846646663131,0.8382257192409895,0.8264588158974797,0.1968736193768029,-0.004250701670414303,0.04534240992066729,0.006939090319780905,0.015674351265942965,-0.06751734712440552,0.8515846646663131
1251,2016-01-25,0.85866921261739,0.8558353208265737,0.8479400749731466,0.8549572135111094,0.1344239715169313,0.024087902320454213,0.004250656160260546,0.009714355732157065,0.02849839761362971,-0.06244964785987159,0.8558353208265737
1252,2016-01-26,0.8416659673549401,0.8430829134279283,0.8326744823979538,0.8407080319816524,0.1331765378518152,-0.017003245262449895,-0.01275240739864536,-0.015265592575192777,-0.014249181529456978,-0.0012474336651160933,0.8430829134279283
1253,2016-01-27,0.8544185434218098,0.8600863281211252,0.8576547785124683,0.8563823110781923,0.1590088100002598,0.012752576066869636,0.017003414693196883,0.024980296114514466,0.015674279096539845,0.02583227214844458,0.8600863281211252
1254,2016-01-28,0.8558354895966386,0.8600863281211252,0.850715823993759,0.8521075241676522,0.1354764936718729,0.0014169461748287926,0.0,-0.006938954518709295,-0.004274786910540063,-0.0235323163283869,0.8600863281211252
1255,2016-01-29,0.8714220156372807,0.8940931575075188,0.8770839700498325,0.8549574979938418,0.2525013643805712,0.015586526040642146,0.034006829386393655,0.026368146056073516,0.002849973826189567,0.1170248707086983,0.8940931575075188
1256,2016-02-01,0.8884250793047074,0.8955098088047451,0.8798592623207114,0.8834557901624276,0.2038384573403674,0.017003063667426654,0.0014166512972262346,0.002775292270878915,0.028498292168585793,-0.04866290704020379,0.8955098088047451
1257,2016-02-02,0.8813404237411079,0.90401156004313,0.8881860806388892,0.8863057219030296,0.1186101509914498,-0.007084655563599496,0.008501751238384925,0.00832681831817772,0.0028499317406019964,-0.0852283063489176,0.90401156004313
1258,2016-02-03,0.8813404052144488,0.8770895672471765,0.8687569918627703,0.8663567003044581,0.1281868031913511,-1.8526659095741138e-08,-0.02692199279595353,-0.01942908877611882,-0.01994902159857148,0.009576652199901295,0.8770895672471765
1259,2016-02-04,0.8629201822722646,0.8657540744964756,0.856266949704724,0.857807202076188,0.1774864211647911,-0.01842022294218415,-0.011335492750700893,-0.012490042158046388,-0.008549498228270114,0.04929961797344001,0.8657540744964756
1260,2016-02-05,0.851584421161056,0.8586691501224625,0.8451644322009667,0.8464075797734818,0.1995374100158528,-0.011335761111208598,-0.007084924374013091,-0.011102517503757237,-0.011399622302706192,0.022050988851061687,0.8586691501224625
1261,2016-02-08,0.8374151408485263,0.8544184939622019,0.843776820631455,0.8264587548633057,0.2034876166220535,-0.01416928031252973,-0.004250656160260546,-0.0013876115695117264,-0.019948824910176133,0.003950206606200712,0.8544184939622019
1262,2016-02-09,0.8147439174180732,0.7949066742113722,0.8076941740209828,0.7951102354595698,0.2206658177187556,-0.022671223430453136,-0.05951181975082975,-0.036082646610472224,-0.03134851940373584,0.017178201096702095,0.7949066742113722
1263,2016-02-10,0.7906561042298659,0.7750696935730047,0.7827142069928119,0.7609122035346215,0.2768133267496556,-0.024087813188207297,-0.019836980638367474,-0.024979967028170846,-0.0341980319249483,0.05614750903089999,0.7750696935730047
1264,2016-02-12,0.739645780060555,0.7353949422441151,0.7396924284865242,0.732413368677091,0.3455001429351074,-0.05101032416931084,-0.039674751328889646,-0.043021778506287744,-0.028498834857530575,0.0686868161854518,0.7353949422441151
1265,2016-02-15,0.7509813317704809,0.7878219254045045,0.7799383415815859,0.7552122125128498,0.2068530886977312,0.01133555170992584,0.05242698316038941,0.04024591309506176,0.02279884383575881,-0.1386470542373762,0.7878219254045045
1266,2016-02-16,0.7849880384548407,0.7637338496880128,0.7771627651146259,0.7666116468900566,0.2468489305855142,0.03400670668435979,-0.02408807571649163,-0.002775576466960028,0.011399434377206807,0.03999584188778299,0.7637338496880128
1267,2016-02-17,0.767984593631846,0.767984593631846,0.7729992987365746,0.7609118390976969,0.2405857740585774,-0.01700344482299465,0.0042507439438331796,-0.004163466378051317,-0.005699807792359679,-0.006263156526936792,0.767984593631846
1268,2016-02-18,0.7821540601324163,0.7835710058935257,0.7799382601767719,0.780860847663122,0.1598274383429923,0.014169466500570271,0.015586412261679672,0.006938961440197344,0.01994900856542514,-0.0807583357155851,0.7835710058935257
1269,2016-02-19,0.7708187288160464,0.7807373521647825,0.7688361703571576,0.7694616535892578,0.1628680579017126,-0.011335331316369879,-0.002833653728743224,-0.011102089819614358,-0.01139919407386425,0.0030406195587203144,0.7807373521647825
1270,2016-02-22,0.773652700965642,0.7849882716757612,0.7757752049463433,0.776586378596606,0.1135554458275942,0.002833972149595576,0.004250919510978779,0.006939034589185766,0.007124725007348176,-0.0493126120741184,0.7849882716757612
1271,2016-02-23,0.7821541087052974,0.7694015960633632,0.7757749368578918,0.7723113242999736,0.1226513163023987,0.008501407739655464,-0.015586675612398015,-2.680884515493531e-07,-0.00427505429663233,0.009095870474804493,0.7694015960633632
1272,2016-02-24,0.7481474749521352,0.7424796910509827,0.7383046568192696,0.7338383163002818,0.1950024688791288,-0.03400663375316226,-0.026921905012380565,-0.037470280038622183,-0.03847300799969178,0.07235115257673011,0.7424796910509827
1273,2016-02-25,0.7495645453954041,0.7566492764482907,0.745243734111298,0.7452378702059228,0.1416227032927051,0.0014170704432688863,0.01416958539730806,0.006939077292028362,0.011399553905640958,-0.05337976558642371,0.7566492764482907
1274,2016-02-26,0.7609000079464378,0.7495644398578503,0.7480192106688196,0.7537873381105705,0.1147509030899971,0.011335462551033681,-0.0070848365904404575,0.002775476557521639,0.008549467904647723,-0.026871800202708004,0.7495644398578503
1275,2016-02-29,0.7594831003935618,0.7438966934824999,0.7521826209874078,0.7480876607697252,0.1584630577717716,-0.0014169075528759345,-0.005667746375350391,0.004163410318588245,-0.0056996773408453105,0.043712154681774515,0.7438966934824999
1276,2016-03-01,0.7509815229909635,0.7552323618003463,0.7494071382467477,0.7409631141538264,0.2617661581641934,-0.00850157740259827,0.011335668317846381,-0.0027754827406601956,-0.007124546615898786,0.1033031003924218,0.7552323618003463
1277,2016-03-02,0.7793204059721058,0.7807373521647825,0.775775124963269,0.7708865825773858,0.2048130148912393,0.028338882981142288,0.02550499036443621,0.026367986716521297,0.02992346842355942,-0.056953143272954115,0.7807373521647825
1278,2016-03-03,0.7665678970011325,0.7764865204373764,0.7618972224729542,0.7623370153744048,0.1451051222744873,-0.012752508970973353,-0.004250831727406035,-0.01387790249031473,-0.008549567202981057,-0.059707892616751995,0.7764865204373764
1279,2016-03-04,0.7764862661947927,0.7920726693483378,0.7799382492351589,0.7794359081744264,0.1564489721666363,0.009918369193660181,0.015586148910961328,0.01804102676220465,0.017098892800021637,0.01134384989214901,0.7920726693483378
1280,2016-03-07,0.7949068960471156,0.7849882716757612,0.7799385781392575,0.7865608825418834,0.1556433379245822,0.018420629852322956,-0.0070843976725765145,3.2890409862318393e-07,0.00712497436745696,-0.0008056342420540985,0.7849882716757612
1281,2016-03-08,0.7793202547836865,0.7637338496880128,0.7660604398987026,0.752362359773141,0.2484212167675875,-0.015586641263429124,-0.021254421987748406,-0.013878138240554838,-0.034198522768742357,0.09277787884300528,0.7637338496880128
1282,2016-03-09,0.7864052180145261,0.7849882716757612,0.7743874138820386,0.7694617329214076,0.2434964526105148,0.007084963230839625,0.021254421987748406,0.008326973983335928,0.017099373148266594,-0.004924764157072686,0.7849882716757612
1283,2016-03-10,0.7963235065720319,0.7920726693483378,0.7896527825886217,0.7922602649816839,0.1792536188570389,0.009918288557505761,0.0070843976725765145,0.015265368706583127,0.022798532060276266,-0.06424283375347592,0.7920726693483378
1284,2016-03-11,0.7821541417685008,0.7878219254045045,0.7785505509382024,0.7737362856499574,0.6131396346058889,-0.014169364803531037,-0.004250743943833291,-0.011102231650419347,-0.018523979331726448,0.43388601574885005,0.7878219254045045
1285,2016-03-14,0.801991497603583,0.8104931742566246,0.799367523327953,0.8022349728504542,0.1460147093219678,0.01983735583508217,0.02267124885212013,0.020816972389750665,0.028498687200496753,-0.46712492528392113,0.8104931742566246
1286,2016-03-15,0.804825327557191,0.7934897595634277,0.7938162985591328,0.7922604092317097,0.1368538683437719,0.002833829953608036,-0.017003414693196883,-0.0055512247688201954,-0.009974563618744492,-0.009160840978195917,0.7934897595634277
1287,2016-03-16,0.7793203497332652,0.7793203497332652,0.7743872781591961,0.7808610291442616,0.2078406403492814,-0.0255049778239258,-0.01416940983016246,-0.01942902039993677,-0.011399380087448119,0.07098677200550951,0.7793203497332652
1288,2016-03-17,0.7864050169586604,0.7821541790291541,0.7827139601556734,0.7780111088218042,0.1733153148470594,0.007084667225395136,0.0028338292958888234,0.008326681996477348,-0.0028499203224573444,-0.03452532550222201,0.7821541790291541
1289,2016-03-18,0.7764865093831487,0.7651509399031028,0.7674483752812602,0.7651868624824408,0.1805400348241898,-0.009918507575511715,-0.017003239126051284,-0.015265584874413207,-0.01282424633936341,0.007224719977130395,0.7651509399031028
1290,2016-03-22,0.7793202499504992,0.7878219254045045,0.7771627602948187,0.7751612143528119,0.1102939265573429,0.002833740567350529,0.022670985501401675,0.00971438501355848,0.009974351870371101,-0.0702461082668469,0.7878219254045045
1291,2016-03-23,0.7878219505754214,0.7906558424839661,0.7785505758128988,0.7865606691062664,0.0858130408794407,0.00850170062492217,0.0028339170794616786,0.0013878155180800933,0.011399454753454497,-0.0244808856779022,0.7906558424839661
1292,2016-03-24,0.7906560908927996,0.7991577692894964,0.792428731655897,0.7936855622088057,0.2310091218586761,0.0028341403173782753,0.008501926805530302,0.01387815584299823,0.007124893102539276,0.1451960809792354,0.7991577692894964
1293,2016-03-25,0.8062422735564114,0.7934897595634277,0.7924285078273862,0.7951102668188741,0.089074560149692,0.01558618266361178,-0.0056680097260687345,-2.238285108369098e-07,0.0014247046100683836,-0.14193456170898408,0.7934897595634277
1294,2016-03-28,0.8005745514947428,0.8104931742566246,0.7938163599715089,0.8022349728504542,0.0840588372878713,-0.005667722061668656,0.017003414693196883,0.0013878521441227365,0.007124706031580108,-0.005015722861820712,0.8104931742566246
1295,2016-03-29,0.8062424405060312,0.8175780108470649,0.8049187910886368,0.8079347932611715,0.1082408586501728,0.005667889011288452,0.0070848365904403465,0.011102431117127942,0.00569982041071726,0.024182021362301506,0.8175780108470649
1296,2016-03-30,0.8189946271862311,0.8005743328031498,0.804918466806124,0.8050846107344352,0.1192338678240079,0.01275218668019984,-0.017003678043915116,-3.2428251284244425e-07,-0.0028501825267363,0.010993009173835097,0.8005743328031498
1297,2016-03-31,0.8048251699684763,0.8005743328031498,0.79520393358605,0.8022347537052866,0.1466644143558824,-0.014169457217754755,0.0,-0.009714533220073984,-0.002849857029148528,0.027430546531874503,0.8005743328031498
1298,2016-04-01,0.7963235028475222,0.772235425359252,0.7813260360598604,0.7694614048365763,0.1879206840094597,-0.008501667120954126,-0.028338907443897776,-0.01387789752618962,-0.032773348868710306,0.04125626965357729,0.772235425359252
1299,2016-04-04,0.7736525653715687,0.7793203497332652,0.7729994873381223,0.7737363847177628,0.1387380129421243,-0.0226709374759535,0.007084924374013202,-0.008326548721738103,0.004274979881186525,-0.0491826710673354,0.7793203497332652
1300,2016-04-05,0.7793204483868489,0.7552323618003463,0.7674484212045396,0.7537874757449504,0.1608019958938641,0.005667883015280206,-0.024087987932918997,-0.005551066133582694,-0.01994890897281243,0.022063982951739808,0.7552323618003463
1301,2016-04-06,0.7594829789085992,0.7453135203468715,0.7466313383036414,0.7452376838080904,0.1651940019231269,-0.019837469478249714,-0.00991884145347477,-0.02081708290089823,-0.008549791936860007,0.0043920060292627905,0.7453135203468715
1302,2016-04-07,0.7438966308513361,0.7467305227783887,0.7396924413875398,0.7466626690280227,0.1215338236440655,-0.01558634805726311,0.0014170024315172114,-0.006938896916101611,0.0014249852199322843,-0.04366017827906139,0.7467305227783887
1303,2016-04-08,0.7424797035914932,0.7538152715852563,0.7494069951432374,0.7352632574884213,0.1722887808934743,-0.0014169272598428817,0.007084748806867602,0.00971455375569763,-0.011399411539601445,0.0507549572494088,0.7538152715852563
1304,2016-04-11,0.7523983318799973,0.7495644398578503,0.7369168847219726,0.7438128364720564,0.0848384833285688,0.009918628288504094,-0.004250831727406035,-0.0124901104212648,0.008549578983635175,-0.0874502975649055,0.7495644398578503
1305,2016-04-12,0.7495645453954041,0.7566492764482907,0.745243734111298,0.7480877282181827,0.0875932326723667,-0.0028337864845932037,0.0070848365904404575,0.008326849389325375,0.004274891746126275,0.0027547493437978937,0.7566492764482907
1306,2016-04-13,0.76940178262337,0.7807373521647825,0.7688361703571576,0.765186866624873,0.1498349749213857,0.01983723722796593,0.02408807571649174,0.023592436245859605,0.017099138406690306,0.062241742249019,0.7807373521647825
1307,2016-04-14,0.8005746553355142,0.8175780108470649,0.8021432090504,0.796535360552019,0.1620884118610151,0.031172872712144195,0.03684065868228248,0.033307038693242474,0.031348493927146004,0.012253436939629408,0.8175780108470649
1308,2016-04-15,0.8019914417740995,0.8090761718251074,0.7993674676811336,0.8065097034178972,0.1138023337404818,0.001416786438585338,-0.008501839021957558,-0.0027757413692663935,0.009974342865878172,-0.0482860781205333,0.8090761718251074
1309,2016-04-18,0.7679845368402556,0.7665675912003289,0.7660602896749231,0.7680364249904501,0.1898568050105252,-0.03400690493384395,-0.04250858062477847,-0.033307178006210525,-0.03847327842744708,0.0760544712700434,0.7665675912003289
1310,2016-04-19,0.7835711253164075,0.8019914230182398,0.7882651233062697,0.7865606817581566,0.1850619818602354,0.015586588476151908,0.03542383181791087,0.02220483363134662,0.018524256767706526,-0.004794823150289812,0.8019914230182398
1311,2016-04-20,0.813327016225494,0.8048253400977013,0.796591892434846,0.8036598521027176,0.1164271420774968,0.02975589090908648,0.0028339170794615676,0.008326769128576217,0.017099170344560988,-0.0686348397827386,0.8048253400977013
1312,2016-04-21,0.8345810576713099,0.8473335695881888,0.8354498845005806,0.835008137100138,0.193897970321474,0.021254041445815886,0.04250822949048749,0.03885799206573459,0.03134828499742037,0.07747082824397719,0.8473335695881888
1313,2016-04-22,0.8430827713571462,0.861503067201924,0.8437766666422137,0.8407078903110696,0.1861015099144988,0.008501713685836298,0.014169497613735205,0.008326782141633182,0.005699753210931635,-0.007796460406975181,0.861503067201924
1314,2016-04-25,0.8586692564332215,0.8459167427238171,0.8410011647370647,0.8435578270423592,0.1341770836040437,0.015586485076075296,-0.015586324478106928,-0.0027755019051490804,0.0028499367312895263,-0.0519244263104551,0.8459167427238171
1315,2016-04-26,0.8473337075338033,0.8331642475415991,0.8326744390480414,0.8307334866584295,0.1164271420774968,-0.011335548899418124,-0.012752495182217993,-0.008326725689023262,-0.012824340383929655,-0.01774994152654691,0.8331642475415991
1316,2016-04-27,0.8473337516468926,0.8430829134279283,0.8326744823979538,0.844982818584949,0.216052911977962,4.4113089292530105e-08,0.00991866588632917,4.334991243748476e-08,0.014249331926519448,0.0996257699004652,0.8430829134279283
1317,2016-04-28,0.8487506999019477,0.803408425449757,0.8312866937311258,0.7965352391287469,0.1758101821772915,0.0014169482550551171,-0.0396744879781713,-0.0013877886668279826,-0.04844757945620204,-0.04024272980067051,0.803408425449757
1318,2016-05-02,0.7750692650398888,0.7665675912003289,0.7646724992950772,0.7694613534227143,0.1701967306842693,-0.07368143486205891,-0.03684083424942808,-0.06661419443604866,-0.02707388570603264,-0.005613451493022198,0.7665675912003289
1319,2016-05-06,0.7736524220344694,0.7779032595181753,0.766060391302254,0.773736241365134,0.1741469372904701,-0.0014168430054194436,0.011335668317846381,0.0013878920071768164,0.004274887942419703,0.003950206606200796,0.7779032595181753
1320,2016-05-09,0.7864052180145261,0.7849882716757612,0.7757752049463433,0.7865608825418834,0.0751838665245978,0.012752795980056741,0.007085012157585946,0.009714813644089326,0.012824641176749418,-0.0989630707658723,0.7849882716757612
1321,2016-05-10,0.7920726728719366,0.8119099133374235,0.7993673194981342,0.7965350541275532,0.2971880766132176,0.005667454857410492,0.02692164166166222,0.023592114551790888,0.009974171585669822,0.2220042100886198,0.8119099133374235
1322,2016-05-11,0.8317473913140812,0.8133270913360862,0.814633247459882,0.815059357899564,0.1405441929364068,0.03967471844214454,0.0014171779986626998,0.01526592796174775,0.018524303772010753,-0.1566438836768108,0.8133270913360862
1323,2016-05-12,0.8019913724099166,0.7963235888593165,0.7868772829416497,0.7780110600352649,0.1694950492476415,-0.029756018904164572,-0.017003502476769627,-0.027755964518232257,-0.037048297864299085,0.0289508563112347,0.7963235888593165
1324,2016-05-13,0.8034086220400251,0.7750696935730047,0.7868775804342633,0.7651869911949283,0.2528522050988851,0.0014172496301084747,-0.02125389528631183,2.974926135435041e-07,-0.0128240688403366,0.08335715585124362,0.7750696935730047
1325,2016-05-16,0.7906557127507214,0.8005743328031498,0.7993673049660819,0.7922602541032671,0.170404636295122,-0.012752909289303616,0.02550463923014512,0.012489724531818625,0.02707326290833878,-0.08244756880376311,0.8005743328031498
1326,2016-05-17,0.8019914793731259,0.803408425449757,0.7979797143495783,0.7879856659001737,0.1879726604121728,0.01133576662240443,0.002834092646607167,-0.00138759061650362,-0.0042745882030933435,0.0175680241170508,0.803408425449757
1327,2016-05-18,0.7949066549495091,0.7878219254045045,0.786877294798504,0.7837107865699385,0.182775020140856,-0.007084824423616798,-0.015586500045252527,-0.011102419551074272,-0.004274879330235182,-0.005197640271316806,0.7878219254045045
1328,2016-05-19,0.7906557719692929,0.7779032595181753,0.7785505063778342,0.7751611699864326,0.2123885755866836,-0.004250882980216142,-0.00991866588632917,-0.008326788420669806,-0.008549616583505948,0.029613555445827583,0.7779032595181753
1329,2016-05-20,0.7722356192811446,0.7793203497332652,0.7660605332327531,0.7723114558324631,0.1284856675069518,-0.01842015268814834,0.0014170902150899556,-0.012489973145081046,-0.002849714153969507,-0.08390290807973178,0.7793203497332652
1330,2016-05-23,0.7793201595895116,0.767984593631846,0.7632847653592747,0.7594869105600608,0.1491722757867928,0.007084540308367027,-0.011335756101419237,-0.002775767873478441,-0.012824545272402288,0.02068660827984098,0.767984593631846
1331,2016-05-24,0.760899995287663,0.7580661033126623,0.7466314075040693,0.7552122543519223,0.1212609475298214,-0.018420164301848674,-0.009918490319183682,-0.016653357855205386,-0.004274656208138494,-0.027911328256971388,0.7580661033126623
1332,2016-05-25,0.7764862681000952,0.767984593631846,0.760509184394332,0.7694614103235137,0.1025234543517243,0.0155862728124323,0.009918490319183682,0.013877776890262705,0.014249155971591376,-0.0187374931780971,0.767984593631846
1333,2016-05-26,0.7750695701528977,0.7609001081756968,0.7646728003153054,0.762337011362117,0.1121910652563736,-0.001416697947197565,-0.007084485456149259,0.0041636159209733625,-0.007124398961396716,0.009667610904649293,0.7609001081756968
1334,2016-05-27,0.7609001013480854,0.7651509399031028,0.7494070934030389,0.7552123596195413,0.08498141843603,-0.01416946880481229,0.004250831727406035,-0.015265706912266475,-0.007124651742575705,-0.02720964682034359,0.7651509399031028
1335,2016-05-30,0.7793204059721058,0.7807373521647825,0.7646727975934906,0.7765862985298989,0.0687777748901998,0.018420304624020445,0.015586412261679672,0.015265704190451701,0.02137393891035766,-0.016203643545830204,0.7807373521647825
1336,2016-05-31,0.7807372147780143,0.7949066742113722,0.7785505698037307,0.7808609480857424,0.0973258140804075,0.0014168088059084427,0.014169322046589716,0.013877772210240114,0.004274649555843446,0.028548039190207694,0.7949066742113722
1337,2016-06-01,0.8090761655548522,0.7934897595634277,0.8007552522178666,0.793685338025292,0.1441435588242937,0.0283389507768379,-0.0014169146479444672,0.022204682414135868,0.012824389939549596,0.0468177447438862,0.7934897595634277
1338,2016-06-02,0.7878219629351625,0.7821541790291541,0.7771627973176899,0.782285895134012,0.1035889706073442,-0.02125420261968969,-0.011335580534273637,-0.023592454900176696,-0.01139944289127992,-0.04055458821694949,0.7821541790291541
1339,2016-06-03,0.7835711880045375,0.7793203497332652,0.7729994873381223,0.7808610291442616,0.0897372592842849,-0.004250774930624979,-0.0028338292958888234,-0.004163309979567598,-0.0014248659897504456,-0.013851711323059304,0.7793203497332652
1340,2016-06-06,0.760899864908305,0.767984593631846,0.7535702319819748,0.7609118390976969,0.099261935081473,-0.022671323096232543,-0.011335756101419237,-0.01942925535614748,-0.019949190046564702,0.009524675797188104,0.767984593631846
1341,2016-06-07,0.7694019078796006,0.7750696935730047,0.7618973397855564,0.7723116372954397,0.1023415369422282,0.008502042971295642,0.00708509994115869,0.00832710780358159,0.011399798197742839,0.0030796018607551906,0.7750696935730047
1342,2016-06-08,0.777903271157986,0.7694015960633632,0.7632848215954212,0.7680365383721139,0.0938433950986252,0.008501363278385354,-0.005668097509641479,0.00138748180986481,-0.004275098923325782,-0.008498141843602994,0.7694015960633632
1343,2016-06-09,0.7623170931493176,0.7552323618003463,0.7494071382467477,0.7580622629419916,0.0786532914057018,-0.01558617800866835,-0.014169234263016972,-0.013877683348673564,-0.009974275430122304,-0.015190103692923396,0.7552323618003463
1344,2016-06-10,0.7509813986493504,0.7410627764030383,0.7355291064960717,0.738113133811479,0.2799059227110891,-0.011335694499967186,-0.014169585397307949,-0.013878031750675923,-0.01994912913051261,0.2012526313053873,0.7410627764030383
1345,2016-06-13,0.7268934191034034,0.7127239567427133,0.7119367643893416,0.7153143739461183,0.1401283817147015,-0.02408797954594699,-0.028338819660325032,-0.023592342106730113,-0.02279875986536073,-0.13977754099638762,0.7127239567427133
1346,2016-06-14,0.7155576947401716,0.7077644921241896,0.700834285383378,0.7039147897307889,0.1604511551755503,-0.011335724363231825,-0.004959464618523701,-0.011102479005963617,-0.011399584215329384,0.02032277346084882,0.7077644921241896
1347,2016-06-15,0.6943034933929484,0.7063475335844587,0.6952831103148432,0.6896654901775267,0.1940019231269004,-0.021254201347223223,-0.0014169585397308948,-0.005551175068534753,-0.014249299553262262,0.03355076795135009,0.7063475335844587
1348,2016-06-16,0.7084729510788162,0.6865102895953731,0.6966708996139314,0.6868156314587957,0.1746277190155669,0.014169457685867859,-0.019837243989085596,0.0013877892990881158,-0.002849858718731002,-0.019374204111333504,0.6865102895953731
1349,2016-06-17,0.6950119162148133,0.7006796994255355,0.6932013743558325,0.6960776191142941,0.2197952129733101,-0.013461034864002963,0.01416940983016246,-0.003469525258098849,0.00926198765549846,0.04516749395774319,0.7006796994255355
1350,2016-06-20,0.7155576991007285,0.7353949422441151,0.7216511497429504,0.716739152615908,0.1982639881493801,0.020545782885915242,0.03471524281857952,0.028449775387117904,0.020661533501613927,-0.021531224823929995,0.7353949422441151
1351,2016-06-21,0.7353949675126575,0.7580661033126623,0.7438558260635338,0.7352632514067772,0.178902778138725,0.01983726841192901,0.022671161068547274,0.022204676320583427,0.018524098790869137,-0.019361210010655105,0.7580661033126623
1352,2016-06-22,0.7552322239021441,0.7495644398578503,0.7410802569520403,0.7495125516940646,0.1348657709399932,0.019837256389486524,-0.00850166345481207,-0.00277556911149357,0.014249300287287436,-0.0440370071987318,0.7495644398578503
1353,2016-06-23,0.7594831551630797,0.7651509399031028,0.7507948843167482,0.7566372885999554,0.1109566256919358,0.004250931260935675,0.015586500045252527,0.009714627364707962,0.007124736905890772,-0.023909145248057387,0.7651509399031028
1354,2016-06-24,0.7594831302678443,0.6695070504693217,0.7494070688380885,0.6697165988419255,0.313313755554978,-2.4895235428701312e-08,-0.0956438894337811,-0.0013878154786597374,-0.08692068975802991,0.20235712986304216,0.6695070504693217
1355,2016-06-27,0.6794258155048862,0.6730495565481147,0.6737726074037523,0.6697167388774391,0.2190155669326126,-0.08005731476295808,0.0035425060787930285,-0.07563446143433616,1.400355136293996e-07,-0.09429818862236539,0.6730495565481147
1356,2016-06-28,0.6644753711895467,0.6780506744719138,0.6689975319970581,0.6574411703041689,0.1714961407520985,-0.01495044431533954,0.005001117923799092,-0.004775075406694196,-0.012275568573270168,-0.04751942618051408,0.6780506744719138
1357,2016-06-29,0.6837667754681872,0.6859102449837614,0.675995595866455,0.6804338313200267,0.1425322903401855,0.01929140427864051,0.007859570511847602,0.006998063869396831,0.02299266101585773,-0.028963850411913017,0.6859102449837614
1358,2016-06-30,0.6880536101036534,0.6816232025325912,0.6794944347770132,0.6854633332510847,0.1663374827828166,0.004286834635466197,-0.0042870424511701755,0.003498838910558244,0.005029501931058,0.0238051924426311,0.6816232025325912
1359,2016-07-01,0.6809086660336431,0.6751927485853019,0.6703971408907318,0.6761225914941518,0.1405831752384417,-0.007144944070010317,-0.006430453947289361,-0.009097293886281443,-0.009340741756932891,-0.02575430754437491,0.6751927485853019
1360,2016-07-04,0.665189922745052,0.6773362478649938,0.6640990763108959,0.6660634115772067,0.1171548117154811,-0.01571874328859113,0.0021434992796919294,-0.006298064579835838,-0.010059179916945049,-0.023428363522960585,0.6773362478649938
1361,2016-07-05,0.6744782533712842,0.6737637636961028,0.6668981941835568,0.6746855560094354,0.1252501364380571,0.009288330626232244,-0.003572484168890999,0.00279911787266085,0.00862214443222864,0.008095324722576,0.6737637636961028
1362,2016-07-06,0.6566160883636087,0.6480422112576638,0.6473041992022482,0.6437894877072269,0.2271368798565451,-0.017862165007675457,-0.025721552438438988,-0.019593994981308538,-0.03089606830220848,0.101886743418488,0.6480422112576638
1363,2016-07-07,0.6337523240529321,0.6351813033630852,0.6319087643256357,0.6366042447324913,0.1504067153512305,-0.022863764310676604,-0.01286090789457861,-0.015395434876612546,-0.007185242974735551,-0.07673016450531459,0.6351813033630852
1364,2016-07-08,0.6308942287971807,0.633752186798527,0.6382067201030944,0.6337300476872489,0.3191351126588528,-0.002858095255751425,-0.0014291165645582415,0.00629795577745873,-0.002874197045242388,0.1687283973076223,0.633752186798527
1365,2016-07-11,0.633752186798527,0.633752186798527,0.6207120183458824,0.6373226216537299,0.0,0.0028579580013462502,0.0,-0.017494701757212017,0.0035925739664809386,-0.3191351126588528,0.633752186798527
1366,2016-07-12,0.6801943036132546,0.6916261406487715,0.6808940919914576,0.6833078690875407,0.1679097689648899,0.04644211681472765,0.05787395385024452,0.06018207364557515,0.04598524743381083,0.1679097689648899,0.6916261406487715
1367,2016-07-13,0.7116317147340081,0.7016288593060199,0.7011878162977313,0.70342615304791,0.1951843862886249,0.03143741112075349,0.010002718657248444,0.02029372430627374,0.0201182839603693,0.027274617323734984,0.7016288593060199
1368,2016-07-14,0.7116316724994236,0.724492485857847,0.7137839622521365,0.7149223500958277,0.1493282049949323,-4.2234584496370076e-08,0.022863626551827054,0.012596145954405169,0.011496197047917711,-0.045856181293692594,0.724492485857847
1369,2016-07-15,0.7302087763740669,0.7173479564379287,0.7347779840056989,0.71851529220678,0.2240832661971465,0.018577103874643286,-0.007144529419918277,0.020994021753562464,0.0035929421109522908,0.0747550612022142,0.7173479564379287
1370,2016-07-19,0.7316376117645952,0.7387825103169838,0.7235812240964697,0.7257003016999343,0.1534343408092726,0.0014288353905282936,0.02143455387905513,-0.011196759909229193,0.00718500949315426,-0.0706489253878739,0.7387825103169838
1371,2016-07-20,0.7330662693243781,0.7344952484068817,0.723580906114179,0.7328851311308214,0.1527196652719665,0.001428657559782942,-0.0042872619101020915,-3.179822907206642e-07,0.007184829430887163,-0.0007146755373060865,0.7344952484068817
1372,2016-07-21,0.7487852901182817,0.7416403923118093,0.7347777620730004,0.7400705274416549,0.1149977910028847,0.015719020793903526,0.007145143904927598,0.011196855958821361,0.007185396310833481,-0.037721874269081815,0.7416403923118093
1373,2016-07-22,0.7144897596116243,0.7066303722558965,0.7095853607678705,0.706300298113428,0.167026170118766,-0.034295530506657346,-0.035010020055912805,-0.025192401305129897,-0.03377022932822693,0.052028379115881304,0.7066303722558965
1374,2016-07-25,0.7109173654689329,0.7273506312033907,0.7137841455890075,0.714922533725096,0.106915460380987,-0.003572394142691393,0.020720258947494186,0.004198784821137003,0.008622235611667972,-0.060110709737779,0.7273506312033907
1375,2016-07-26,0.724492623941407,0.7144897672005985,0.7109849449680755,0.7177965466020368,0.1127238233841835,0.013575258472474094,-0.012860864002792183,-0.002799200620931974,0.00287401287694089,0.0058083630031965094,0.7144897672005985
1376,2016-07-27,0.718776748220548,0.7259216463141916,0.7207820241464183,0.7213891644812661,0.1436757711998752,-0.005715875720858965,0.011431879113593113,0.009797079178342827,0.003592617879229265,0.030951947815691702,0.7259216463141916
1377,2016-07-28,0.7159187532471877,0.704486916867991,0.7053866447311685,0.7070188271083131,0.079822760466748,-0.002857994973360367,-0.021434729446200618,-0.015395379415249821,-0.014370337372953013,-0.06385301073312721,0.704486916867991
1378,2016-07-29,0.7009145655715078,0.707344974429962,0.6990886470067615,0.6890560463245556,0.1529795472855323,-0.015004187675679903,0.0028580575619709947,-0.0062979977244069785,-0.01796278078375746,0.07315678681878432,0.707344974429962
1379,2016-08-01,0.6994854905106538,0.7109173269234939,0.6976889750661464,0.6955225880640197,0.0985992359468801,-0.0014290750608539904,0.0035723524935318274,-0.001399671940615188,0.006466541739464038,-0.05438031133865222,0.7109173269234939
1380,2016-08-02,0.6944840893008327,0.6887681708703732,0.6836932350622595,0.6926485549316148,0.1027313599625769,-0.005001401209821066,-0.022149156053120622,-0.013995740003886814,-0.002874033132404863,0.004132124015696806,0.6887681708703732
1381,2016-08-03,0.6687624124306661,0.6709058817012773,0.6661984821097157,0.67037454283983,0.1516931313183814,-0.025721676870166577,-0.017862289169095935,-0.01749475295254388,-0.02227401209178481,0.04896177135580451,0.6709058817012773
1382,2016-08-04,0.6730493500958588,0.682337716923084,0.6696974228457679,0.6660634516652414,0.1404532342316588,0.004286937665192614,0.011431835221806685,0.0034989407360522806,-0.0043110911745886105,-0.0112398970867226,0.682337716923084
1383,2016-08-05,0.6816232919569785,0.6880537003716669,0.6780949471478215,0.682589362704725,0.0939213597026949,0.008573941861119705,0.005715983448582929,0.008397524302053538,0.016525911039483643,-0.046531874528963915,0.6880537003716669
1384,2016-08-08,0.7030579393896663,0.7109173269234939,0.6962893983859735,0.6948040729937055,0.1238857558668364,0.02143464743268786,0.022863626551826943,0.018194451238152,0.012214710288980468,0.029964396164141496,0.7109173269234939
1385,2016-08-09,0.7080593784099851,0.7137752967018922,0.7011879272535104,0.7041447794389432,0.0866316692221731,0.005001439020318799,0.0028579697783983615,0.004898528867536944,0.009340706445237656,-0.0372540866446633,0.7137752967018922
1386,2016-08-10,0.7059159368529387,0.7094883859260811,0.7011879548697182,0.7055818373903238,0.0907248109358351,-0.002143441557046377,-0.004286910775811115,2.7616207765035483e-08,0.0014370579513806048,0.004093141713662013,0.7094883859260811
1387,2016-08-12,0.720205575767845,0.7316374103038427,0.719382295502907,0.7185149523505496,0.1066685724680994,0.01428963891490631,0.02214902437776156,0.01819434063318881,0.012933114960225867,0.01594376153226429,0.7316374103038427
1388,2016-08-15,0.785938767027191,0.7673620325338211,0.7865621079123754,0.7702481687487174,0.1378024376932872,0.06573319125934596,0.03572462222997841,0.06717981240946835,0.05173321639816775,0.03113386522518781,0.7673620325338211
1389,2016-08-16,0.7545013474744655,0.7430695088763677,0.7389766283906288,0.7371966030613588,0.1546947685750669,-0.0314374195527255,-0.02429252365745338,-0.04758547952174652,-0.033051565687358564,0.016892330881779688,0.7430695088763677
1390,2016-08-17,0.7516432299645674,0.7716489433096321,0.762769276304621,0.7515667493702906,0.1115803425244938,-0.0028581175098980616,0.028579434433264383,0.02379264791399216,0.014370146308931742,-0.0431144260505731,0.7716489433096321
1391,2016-08-18,0.7716490985686377,0.7659331793199811,0.7585706989708885,0.761626113407261,0.1125029236726526,0.020005868604070276,-0.005715763989651013,-0.004198577333732523,0.010059364036970497,0.0009225811481588103,0.7659331793199811
1392,2016-08-19,0.7702201871197409,0.7602173275467573,0.7543720351213924,0.7544410283567243,0.0752878193300241,-0.0014289114488967858,-0.005715851773223757,-0.004198663849496076,-0.007185085050536721,-0.03721510434262851,0.7602173275467573
1393,2016-08-22,0.7659330423119749,0.7645040627554228,0.7501731031697532,0.7630630073152941,0.0656851789287663,-0.004287144807766041,0.004286735208665515,-0.004198931951639229,0.008621978958569754,-0.0096026404012578,0.7645040627554228
1394,2016-08-23,0.7573590723883031,0.7516431548608442,0.748773434949939,0.7515666742742091,0.0897632474856415,-0.008573969923671765,-0.01286090789457861,-0.0013996682198141874,-0.011496333041084994,0.024078068556875207,0.7516431548608442
1395,2016-08-24,0.744498508842898,0.7487854484331642,0.7375770713974339,0.747255836184994,0.0946880116427142,-0.012860563545405101,-0.002857706427680018,-0.011196363552505084,-0.004310838089215063,0.0049247641570727,0.7487854484331642
1396,2016-08-25,0.7502142354359539,0.755930153420228,0.7501730714175487,0.7544407945088325,0.1472621429870838,0.005715726593055859,0.007144704987063766,0.01259600002011485,0.007184958323838475,0.052574131344369585,0.755930153420228
1397,2016-08-26,0.7502144282965861,0.7487854484331642,0.7389766483830078,0.7386336534597826,0.1332155201538501,1.9286063224210892e-07,-0.007144704987063766,-0.011196423034540937,-0.0158071410490499,-0.014046622833233685,0.7487854484331642
1398,2016-08-29,0.7630750224408291,0.7830807346396523,0.7711666920427048,0.763062946558214,0.1314613165622807,0.01286059414424301,0.03429528620648814,0.03219004365969702,0.024429293098431448,-0.0017542035915694143,0.7830807346396523
1399,2016-08-30,0.7787937421015245,0.7916545561912744,0.7767649442684365,0.7817442825484061,0.1026923776605421,0.01571871966069538,0.008573821551622118,0.005598252225731626,0.01868133599019206,-0.028768938901738594,0.7916545561912744
1400,2016-08-31,0.8016576234372446,0.8130894612046206,0.8047566864534005,0.8047369741034568,0.1504327035525871,0.022863881335720038,0.021434905013346106,0.02799174218496403,0.02299269155505068,0.047740325892044994,0.8130894612046206
1401,2016-09-01,0.8030863969482798,0.8045153763022803,0.7991581738681467,0.8047367674698014,0.1176225993398996,0.0014287735110352084,-0.00857408490234024,-0.00559851258525379,-2.0663365540851686e-07,-0.032810104212687485,0.8045153763022803
1402,2016-09-02,0.8045156111155827,0.8088025504288096,0.8005579840129742,0.8047370023477212,0.1120741183502689,0.0014292141673029057,0.004287174126529236,0.0013998101448274847,2.3487791978027417e-07,-0.005548480989630705,0.8088025504288096
1403,2016-09-05,0.8188052681039698,0.8302371043078647,0.8243506495547275,0.820544195301182,0.0932326723667455,0.014289656988387134,0.02143455387905513,0.0237926655417533,0.01580719295346089,-0.0188414459835234,0.8302371043078647
1404,2016-09-06,0.8330951618698358,0.8330951618698358,0.8229511702116363,0.8349145951709502,0.0943371709244003,0.01428989376586598,0.0028580575619711057,-0.0013994793430911479,0.01437039986976818,0.0011044985576548066,0.8330951618698358
1405,2016-09-07,0.8259500837261213,0.8202341661916844,0.8089552260362834,0.8176700538892645,0.1258218768679019,-0.007145078143714456,-0.012860995678151355,-0.013995944175352881,-0.017244541281685732,0.031484705943501584,0.8202341661916844
1406,2016-09-08,0.8045153702810245,0.7916545561912744,0.7949594384585079,0.7846183424107164,0.2141167909768964,-0.021434713445096842,-0.028579610000409983,-0.013995787577775531,-0.03305171147854813,0.08829491410899451,0.7916545561912744
1407,2016-09-09,0.791654793175902,0.8088025504288096,0.7963592533275913,0.7903666987343689,0.2001091504456976,-0.01286057710512245,0.017147994237535102,0.00139981486908336,0.005748356323652559,-0.014007640531198795,0.8088025504288096
1408,2016-09-12,0.8073733681456272,0.7902256151938617,0.7921603239459641,0.7903665004880663,0.1231061098261389,0.015718574969725174,-0.018576935234947856,-0.004198929381627137,-1.9824630259623888e-07,-0.0770030406195587,0.7902256151938617
1409,2016-09-13,0.785938666022695,0.7873676454154634,0.7767649711555389,0.784618369569658,0.0719483354557031,-0.021434702122932192,-0.0028579697783982505,-0.015395352790425254,-0.005748130918408312,-0.051157774370435796,0.7873676454154634
1410,2016-09-14,0.7787939011392515,0.7759359418690158,0.7711667958439927,0.7745592910656065,0.0970139556641284,-0.007144764883443511,-0.011431703546447625,-0.005598175311546161,-0.010059078504051522,0.0250656202084253,0.7759359418690158
1411,2016-09-15,0.7687909688848443,0.755930153420228,0.7543718012948857,0.75731485467839,0.1422464201252631,-0.010002932254407182,-0.020005788448787865,-0.016794994549107045,-0.01724443638721651,0.045232464461134686,0.755930153420228
1412,2016-09-16,0.7630752196956527,0.7659331793199811,0.7557715451001472,0.7645001742125714,0.1190519504145118,-0.005715749189191599,0.010003025899753104,0.001399743805261533,0.007185319534181445,-0.023194469710751286,0.7659331793199811
1413,2016-09-20,0.7516433125737036,0.758788210982199,0.7515727456758421,0.7558779227853865,0.1061358143402895,-0.011431907121949081,-0.007144968337782109,-0.004198799424305122,-0.00862225142718498,-0.012916136074222304,0.758788210982199
1414,2016-09-21,0.7559302269773653,0.7759359418690158,0.7613697585102215,0.7530038376964339,0.1415707268899919,0.00428691440366169,0.01714773088681687,0.009797012834379393,-0.0028740850889525937,0.035434912549702394,0.7759359418690158
1415,2016-09-23,0.7202057740807735,0.7387825103169838,0.7347778387826821,0.7242632713995383,0.2677044621741729,-0.035724452896591874,-0.03715343155203199,-0.02659191972753938,-0.028740566296895587,0.12613373528418098,0.7387825103169838
1416,2016-09-26,0.735924558611674,0.7287796599843763,0.7333782696358551,0.7285743699393102,0.2077496816445334,0.015718784530900587,-0.010002850332607505,-0.00139956914682704,0.0043110985397719626,-0.059954780529639484,0.7287796599843763
1417,2016-09-27,0.7287796038437192,0.7373534815359983,0.7221815991998667,0.7213891627906561,0.1310065230385405,-0.0071449547679548475,0.008573821551622007,-0.011196670435988376,-0.007185207148654116,-0.0767431586059929,0.7373534815359983
1418,2016-09-28,0.7344955711855506,0.7387825103169838,0.7277799546037995,0.7357595138027057,0.1223134696847631,0.0057159673418314405,0.0014290287809854973,0.005598355403932831,0.014370351012049531,-0.008693053353777389,0.7387825103169838
1419,2016-09-29,0.7459275274980158,0.7473565074357514,0.7375771097548691,0.7458188445168359,0.1475610073026846,0.011431956312465186,0.008573997118767607,0.009797155151069603,0.010059330714130232,0.025247537617921492,0.7473565074357514
1420,2016-09-30,0.7330664280904081,0.7302084693064299,0.724980639349729,0.7314482598775077,0.1236778502559837,-0.012861099407607712,-0.01714803812932153,-0.012596470405140114,-0.014370584639328166,-0.023883157046700895,0.7302084693064299
1421,2016-10-03,0.7402114900274617,0.7387825103169838,0.7291795314395759,0.7400706047038933,0.0897112710829283,0.007145061937053554,0.008574041010553923,0.004198892089846917,0.008622344826385575,-0.0339665791730554,0.7387825103169838
1422,2016-10-04,0.7430695676225444,0.7473565074357514,0.7333783785797939,0.7458188445168359,0.0918812858962031,0.0028580775950827197,0.008573997118767607,0.004198847140218009,0.0057482398129425905,0.0021700148132748065,0.7473565074357514
1423,2016-10-05,0.7473564483506543,0.7430695088763677,0.7347778975475003,0.7415076943073317,0.086228852101146,0.004286880728109899,-0.004286998559383748,0.0013995189677064035,-0.004311150209504233,-0.005652433795057102,0.7430695088763677
1424,2016-10-06,0.7487854484331642,0.7487854484331642,0.73617749441186,0.748692866639196,0.0782504742846747,0.0014290000825099014,0.005715939556796501,0.0013995968643596424,0.007185172331864331,-0.007978377816471302,0.7487854484331642
1425,2016-10-07,0.7444984369644314,0.7287796599843763,0.730579115934955,0.7271373396238481,0.1045895163595727,-0.004287011468732782,-0.020005788448787865,-0.00559837847690503,-0.02155552701534791,0.026339042074897998,0.7287796599843763
1426,2016-10-11,0.7202056135625062,0.7302084693064299,0.7221814863020467,0.7242631099769429,0.1145040151771095,-0.02429282340192518,0.0014288093220535814,-0.008397629632908243,-0.002874229646905202,0.009914498817536796,0.7302084693064299
1427,2016-10-12,0.7259215311304626,0.7302084693064299,0.716583180206682,0.7242631099769429,0.1006393097533719,0.005715917567956419,0.0,-0.0055983060953647135,0.0,-0.013864705423737592,0.7302084693064299
1428,2016-10-13,0.7402111647368965,0.7344952484068817,0.7333779396592451,0.7314481014619374,0.1085527170664518,0.014289633606433871,0.004286779100451832,0.016794759452563146,0.0071849914849945185,0.007913407313079893,0.7344952484068817
1429,2016-10-14,0.7302083111593709,0.7344952484068817,0.7277796347763502,0.7343221607997054,0.1816965097845578,-0.010002853577525617,0.0,-0.005598304882894922,0.0028740593377679646,0.07314379271810602,0.7344952484068817
1430,2016-10-17,0.7344955788862144,0.7287796599843763,0.7249808085331546,0.7300114002547724,0.0898282179890329,0.004287267726843513,-0.005715588422505413,-0.002798826243195607,-0.004310760544932957,-0.09186829179552491,0.7287796599843763
1431,2016-10-18,0.7287794516698433,0.7316374103038427,0.719382295502907,0.7300111915881585,0.0870474804438784,-0.0057161272163711585,0.0028577503194663345,-0.005598513030247609,-2.0866661387675123e-07,-0.0027807375451544963,0.7316374103038427
1432,2016-10-19,0.7316376194352954,0.7287796599843763,0.717982924280904,0.7300114002547724,0.0714415655292497,0.002858167765452113,-0.0028577503194663345,-0.0013993712220029542,2.0866661387675123e-07,-0.015605914914628705,0.7287796599843763
1433,2016-10-20,0.7302087102086773,0.7487854484331642,0.7347779174262861,0.7328855316429749,0.1314093401595675,-0.0014289092266180914,0.020005788448787865,0.01679499314538202,0.002874131388202472,0.05996777463031781,0.7487854484331642
1434,2016-10-21,0.751643351475513,0.7330666146519736,0.7361774388937123,0.7357595370647468,0.1036799293120923,0.021434641266835697,-0.015718833781190544,0.001399521467426279,0.0028740054217719635,-0.02772941084747521,0.7330666146519736
1435,2016-10-24,0.7330662693243781,0.7344952484068817,0.7207817536727315,0.7300110717930534,0.0923620676212999,-0.01857708215113485,0.001428633754908093,-0.015395685220980893,-0.005748465271693481,-0.011317861690792394,0.7344952484068817
1436,2016-10-25,0.7359244740666316,0.7416403923118093,0.727779878624686,0.7343224068401664,0.0775617869487252,0.0028582047422535117,0.007145143904927598,0.00699812495195451,0.004311335047113007,-0.014800280672574703,0.7416403923118093
1437,2016-10-26,0.7430695088763677,0.7430695088763677,0.7333783205997908,0.7386336334766831,0.0689596922996959,0.0071450348097360505,0.0014291165645583526,0.00559844197510484,0.0043112266365167295,-0.008602094649029307,0.7430695088763677
1438,2016-10-27,0.7444983796128976,0.7373534815359983,0.7361773666262207,0.7371964950430411,0.1025234543517243,0.0014288707365298636,-0.005716027340369356,0.0027990460264298855,-0.0014371384336420157,0.033563762052028406,0.7373534815359983
1439,2016-10-28,0.7416405778198969,0.7444985376573532,0.7305792147452977,0.742944773576708,0.1027443540632552,-0.0028578017930006583,0.007145056121354854,-0.005598151880922941,0.005748278533666884,0.00022089971153090027,0.7444985376573532
1440,2016-10-31,0.7416405491160538,0.7487854484331642,0.7333783404407123,0.7429447448223884,0.088450843317134,-2.8703843080180036e-08,0.004286910775811004,0.002799125695414517,-2.8754319592039224e-08,-0.014293510746121202,0.7487854484331642
1441,2016-11-01,0.7502142246906273,0.7530721836418297,0.7389764478269487,0.7486926634461843,0.0688427453935913,0.008573675574573447,0.004286735208665515,0.0055981073862364505,0.005747918623795978,-0.019608097923542706,0.7530721836418297
1442,2016-11-02,0.7487850392319183,0.7344952484068817,0.7333779396592451,0.7343221607997054,0.0835650614620962,-0.0014291854587089592,-0.018576935234947967,-0.005598508167703575,-0.014370502646478989,0.01472231606850491,0.7344952484068817
1443,2016-11-04,0.7344954074823972,0.7302084693064299,0.7193823332543643,0.7257001399570558,0.0844616544088983,-0.014289631749521137,-0.004286779100451832,-0.013995606404880845,-0.008622020842649514,0.0008965929468020967,0.7302084693064299
1444,2016-11-07,0.7373535539189443,0.7330666146519736,0.730579131373608,0.7242632942981101,0.1390628654590815,0.0028581464365471376,0.002858145345543739,0.011196798119243678,-0.0014368456589457512,0.0546012110501832,0.7330666146519736
1445,2016-11-08,0.7330664937151875,0.7359244527550128,0.7249807042506613,0.7343223855749417,0.0765352529951402,-0.004287060203756798,0.0028578381030391897,-0.00559842712294667,0.010059091276831578,-0.0625276124639413,0.7359244527550128
1446,2016-11-09,0.7430694407993113,0.7002000499839663,0.7417757143275175,0.69480414215411,0.2181709503885236,0.010002947084123748,-0.03572440277104649,0.016795010076856243,-0.039518243420831656,0.1416356973933834,0.7002000499839663
1447,2016-11-10,0.7416405876848088,0.7473565074357514,0.7361775326965108,0.7400707224010992,0.1511603731905715,-0.0014288531145024708,0.047156457451785094,-0.005598181631006782,0.04526658024698915,-0.06701057719795211,0.7473565074357514
1448,2016-11-11,0.7616461703455971,0.758788210982199,0.752972322483432,0.7558779227853865,0.1655058603394059,0.020005582660788335,0.011431703546447514,0.016794789786921283,0.01580720038428729,0.014345487148834407,0.758788210982199
1449,2016-11-14,0.7673620028516058,0.7945126137532454,0.7851625008371512,0.7573148679649501,0.2034226461186621,0.005715832506008711,0.03572440277104649,0.03219017835371918,0.001436945179563609,0.037916785779256196,0.7945126137532454
1450,2016-11-15,0.7373535128152023,0.7459273908711932,0.7403761282615531,0.7371965263155856,0.2056316432339718,-0.03000849003640349,-0.04858522288205225,-0.04478637257559814,-0.020118341649364435,0.0022089971153096966,0.7459273908711932
1451,2016-11-16,0.7516432492408703,0.7416403923118093,0.7361773387626632,0.7443816178927714,0.1239767145715845,0.014289736425667998,-0.004286998559383859,-0.004198789498889854,0.0071850915771857204,-0.08165492866238729,0.7416403923118093
1452,2016-11-17,0.735924558611674,0.7287796599843763,0.7235812316827045,0.7328854608856967,0.1272772161438707,-0.015718690629196286,-0.012860732327433011,-0.01259610707995873,-0.011496157007074626,0.003300501572286188,0.7287796599843763
1453,2016-11-18,0.7359245089778904,0.7273506312033907,0.7221816061253487,0.7285743208012535,0.1645702850905688,-4.9633783638647344e-08,-0.0014290287809856084,-0.0013996255573558436,-0.004311140084443221,0.03729306894669812,0.7273506312033907
1454,2016-11-21,0.7273507308039829,0.7430695088763677,0.7347778975475003,0.7300114509847374,0.151498219808207,-0.008573778173907476,0.015718877672976972,0.012596291422151684,0.0014371301834839034,-0.013072065282361822,0.7430695088763677
1455,2016-11-22,0.7387824611513781,0.7373534815359983,0.7333782131409499,0.7400705554525656,0.1186751214948413,0.011431730347395197,-0.005716027340369356,-0.001399684406550472,0.010059104467828206,-0.03282309831336569,0.7373534815359983
1456,2016-11-24,0.7459273309956926,0.7416403923118093,0.7319786086936746,0.7429445877423992,0.1159333662517217,0.007144869844314505,0.004286910775811004,-0.0013996044472752711,0.002874032289833628,-0.0027417552431196063,0.7416403923118093
1457,2016-11-25,0.745927369857365,0.7402114513143966,0.7347778003537971,0.7429446264486751,0.1299540008835988,3.886167232458604e-08,-0.0014289409974127532,0.0027991916601225464,3.870627585111919e-08,0.014020634631877096,0.7402114513143966
1458,2016-11-28,0.7416403708346633,0.7359244527550128,0.7277798575489264,0.7343223855749417,0.1003794277398061,-0.004286999022701687,-0.004286998559383748,-0.00699794280487076,-0.008622240873733422,-0.029574573143792693,0.7359244527550128
1459,2016-11-29,0.7316374486984191,0.7302084693064299,0.7221814863020467,0.7314482598775077,0.1282127913927077,-0.010002922136244208,-0.005715983448582929,-0.005598371246879674,-0.002874125697433949,0.027833363652901594,0.7302084693064299
1460,2016-11-30,0.7373536478716018,0.7473565074357514,0.7319788015214356,0.7371966613432308,0.1715351230541334,0.005716199173182779,0.01714803812932153,0.009797315219388869,0.005748401465723085,0.04332233166142571,0.7473565074357514
1461,2016-12-01,0.7616461036423183,0.7645040627554228,0.7585705632798624,0.7616259771696907,0.1864523506328127,0.02429245577071648,0.01714755531967138,0.026591761758426813,0.024429315826459908,0.014917227578679304,0.7645040627554228
1462,2016-12-02,0.7759359384168529,0.76307512175801,0.7599701783671234,0.7587519552191689,0.1139062865459081,0.014289834774534604,-0.0014289409974128642,0.0013996150872610524,-0.0028740219505217768,-0.0725460640869046,0.76307512175801
1463,2016-12-05,0.7559301879247537,0.7416403923118093,0.7431752222109774,0.741507557592027,0.1167779827958107,-0.020005750492099184,-0.021434729446200618,-0.016794956156146013,-0.017244397627141916,0.0028716962499025916,0.7416403923118093
1464,2016-12-06,0.7502143717198562,0.7330666146519736,0.7389765926537644,0.7343225067189172,0.1579952701473531,-0.005715816204897584,-0.00857377765983569,-0.004198629557213063,-0.007185050873109833,0.0412172873515424,0.7330666146519736
1465,2016-12-07,0.7373535539189443,0.7330666146519736,0.7249808238535037,0.7328854763730877,0.1412068920709997,-0.012860817800911861,0.0,-0.013995768800260655,-0.0014370303458295375,-0.01678837807635339,0.7330666146519736
1466,2016-12-08,0.7416403872830016,0.7109173269234939,0.7263802970096889,0.7027077387671603,0.3033992567374412,0.00428683336405733,-0.022149287728479794,0.0013994731561851603,-0.030177737605927346,0.16219236466644152,0.7109173269234939
1467,2016-12-09,0.6987710403892108,0.715918795981584,0.7053866868368857,0.6948041124229469,0.3525429455027417,-0.04286934689379085,0.00500146905809018,-0.020993610172803212,-0.007903626344213377,0.04914368876530045,0.715918795981584
1468,2016-12-12,0.7159186703142262,0.7516431548608442,0.7389763993524631,0.7199520149357147,0.2825827074508173,0.017147629925015395,0.035724358879260176,0.03358971251557741,0.025147902512767772,-0.06996023805192436,0.7516431548608442
1469,2016-12-13,0.7502144013861755,0.7659331793199811,0.7515728142940352,0.7530039309913297,0.1743678370020011,0.034295731071949276,0.014290024459136852,0.012596414941572154,0.03305191605561497,-0.10821487044881622,0.7659331793199811
1470,2016-12-14,0.764503975131167,0.7873676454154634,0.7879615833523754,0.7673740097988964,0.2547363496972374,0.014289573744991513,0.021434466095482385,0.03638876905834021,0.014370078807566689,0.08036851269523632,0.7873676454154634
1471,2016-12-15,0.7845097913956226,0.7802228526448268,0.7809638050215076,0.7731222329674524,0.1773564801580082,0.020005816264455634,-0.007144792770636621,-0.006997778330867788,0.005748223168556055,-0.0773798695392292,0.7802228526448268
1472,2016-12-16,0.7930837349939214,0.8102314914262223,0.7977587920459376,0.7961147820816028,0.1998102861300969,0.008573943598298772,0.03000863878139548,0.01679498702442994,0.022992549114150385,0.02245380597208871,0.8102314914262223
1473,2016-12-19,0.8202342819553101,0.8159473431994462,0.8089553402080576,0.8147961089420028,0.1642064502715767,0.027150546961388744,0.005715851773223868,0.011196548162120012,0.018681326860400027,-0.0356038358585202,0.8159473431994462
1474,2016-12-20,0.8159474206464646,0.8130894612046206,0.8033571096073945,0.8162332165906491,0.1565659190727409,-0.00428686130884548,-0.0028578819948256173,-0.005598230600663112,0.0014371076486462409,-0.007640531198835815,0.8130894612046206
1475,2016-12-21,0.8173763899396812,0.8102314914262223,0.8033570993585407,0.8104850850072634,0.1770706099430858,0.0014289692932165643,-0.0028579697783982505,-1.024885376565976e-08,-0.005748131583385718,0.0205046908703449,0.8102314914262223
1476,2016-12-22,0.8059444715479709,0.8002285533100421,0.7935599820324583,0.798988762593646,0.1200914784687751,-0.011431918391710316,-0.010002938116180249,-0.00979711732608246,-0.01149632241361731,-0.05697913147431069,0.8002285533100421
1477,2016-12-26,0.801657428586302,0.8073733460806786,0.7963590318142514,0.8018627185808184,0.0980664778190701,-0.00428704296166893,0.00714479277063651,0.002799049781793128,0.0028739559871723275,-0.022025000649705,0.8073733460806786
1478,2016-12-27,0.8016574175942792,0.8045153763022803,0.7935598679216098,0.8061737974117118,0.092855843447075,-1.0992022736466822e-08,-0.0028579697783982505,-0.002799163892641565,0.004311078830893433,-0.005210634371995107,0.8045153763022803
1479,2016-12-28,0.8095570296376619,0.7980330861552752,0.7943103307504714,0.7981832220386725,0.0878531146859325,0.007899612043382631,-0.0064822901470050764,0.0007504628288615978,-0.007990575373039266,-0.005002728761142494,0.7980330861552752
1480,2016-12-29,0.7893903195128289,0.795152292647959,0.7816128413715834,0.7894917627018276,0.1436757711998752,-0.020166710124832954,-0.0028807935073162927,-0.012697489378888038,-0.008691459336844898,0.055822656513942706,0.795152292647959
1481,2016-12-30,0.7908307426339428,0.7922712357899244,0.7830236254058446,0.7923889098787229,0.0976246783960082,0.0014404231211139207,-0.0028810568580345253,0.0014107840342612032,0.002897147176895265,-0.046051092803867,0.7922712357899244
1482,2017-01-04,0.787949635608187,0.7980330861552752,0.7844343586097019,0.789491571707943,0.1485485589542347,-0.0028811070257558358,0.005761850365350818,0.0014107332038573173,-0.0028973381707798618,0.050923880558226484,0.7980330861552752
1483,2017-01-05,0.795152292647959,0.795152292647959,0.7858454018844258,0.7967348063963399,0.1251331895319525,0.007202657039771965,-0.0028807935073162927,0.0014110432747238555,0.007243234688396827,-0.0234153694222822,0.795152292647959
1484,2017-01-06,0.7994737555983297,0.8124381948783026,0.804186480439472,0.8025292243863795,0.1735362145585904,0.004321462950370725,0.017285902230343653,0.018341078555046297,0.0057944179900396575,0.0484030250266379,0.8124381948783026
1485,2017-01-10,0.8196407315601124,0.822521718314278,0.8154733782922555,0.8184639904915094,0.2500194911510174,0.02016697596178274,0.010083523435975406,0.011286897852783473,0.015934766105129894,0.07648327659242701,0.822521718314278
1486,2017-01-11,0.8210811898852607,0.8210811898852607,0.8098299293379918,0.819912564322192,0.1514852257075288,0.001440458325148275,-0.0014405284290173181,-0.005643448954263719,0.0014485738306825313,-0.09853426544348862,0.8210811898852607
1487,2017-01-12,0.8196406965696725,0.8138787233073198,0.8027756616608316,0.8054264766133193,0.1384911250292367,-0.0014404933155881539,-0.00720246657794088,-0.00705426767716022,-0.014486087708872608,-0.012994100678292098,0.8138787233073198
1488,2017-01-13,0.8182002384915893,0.8153192517363371,0.8055974034264332,0.8155667731336192,0.1543179396553964,-0.0014404580780832399,0.0014405284290173181,0.002821741765601571,0.010140296520299907,0.015826814626159702,0.8153192517363371
1489,2017-01-16,0.8095572254857845,0.795152292647959,0.7985430834229533,0.7967348063963399,0.1313313755554978,-0.008643013005804834,-0.020166959088378178,-0.00705432000347983,-0.018831966737279382,-0.022986564099898604,0.795152292647959
1490,2017-01-17,0.7922712357899244,0.7922712357899244,0.7844344787849542,0.7952861270994861,0.1431690012734218,-0.017285989695860038,-0.0028810568580345253,-0.014108604637999123,-0.001448679296853772,0.011837625717924016,0.7922712357899244
1491,2017-01-18,0.7778664790215953,0.7706640116232473,0.7632718496102925,0.7677627360233493,0.1677538397567504,-0.014404756768329086,-0.021607224166677153,-0.021162629174661718,-0.02752339107613677,0.024584838483328597,0.7706640116232473
1492,2017-01-19,0.7706640116232473,0.7706640116232473,0.7590392885218806,0.7692113449592424,0.1257828945658671,-0.007202467398348067,0.0,-0.004232561088411857,0.0014486089358930476,-0.04197094519088329,0.7706640116232473
1493,2017-01-20,0.7706639238396745,0.7778663904176154,0.7646826162041666,0.7735570836537995,0.101133085579147,-8.778357274419335e-08,0.007202378794368136,0.005643327682285926,0.004345738694557122,-0.024649808986720104,0.7778663904176154
1494,2017-01-23,0.7692232722172005,0.7677827791980673,0.7576281926063989,0.7663138820912326,0.1424543257361158,-0.0014406516224739763,-0.01008361121954815,-0.007054423597767645,-0.007243201562566859,0.041321240156968794,0.7677827791980673
1495,2017-01-24,0.7663424615826301,0.7605804881872719,0.7562175124475768,0.7634168398797757,0.1062397671457158,-0.002880810634570463,-0.007202291010795392,-0.001410680158822064,-0.002897042211456924,-0.0362145585904,0.7605804881872719
1496,2017-01-25,0.7677828843399737,0.7649018979071782,0.7604500032342782,0.764865378360847,0.0837599729722705,0.0014404227573435735,0.004321409719906355,0.004232490786701404,0.0014485384810712931,-0.022479794173445297,0.7649018979071782
1497,2017-01-26,0.7749854563588645,0.7764259497721709,0.7604501071842662,0.7735571361293324,0.1149328204994932,0.0072025720188908515,0.011524051864992724,1.0394998795071331e-07,0.008691757768485409,0.0311728475272227,0.7764259497721709
1498,2017-01-27,0.7778663904176154,0.7778663904176154,0.7660934697395986,0.7779029099664614,0.1069024662803087,0.0028809340587508947,0.001440440645444463,0.005643362555332376,0.0043457738371289745,-0.008030354219184507,0.7778663904176154
1499,2017-01-30,0.7692235189701767,0.7634615450453064,0.753395874546922,0.7619683010985794,0.1310584994412536,-0.008642871447438694,-0.014404845372309016,-0.012697595192676547,-0.015934608867882005,0.024156033160944917,0.7634615450453064
1500,2017-01-31,0.7562590613142535,0.7519375809638864,0.744930736280575,0.7503794134009371,0.1643623794797162,-0.012964457655923245,-0.01152396408141998,-0.008465138266346983,-0.011588887697642325,0.033303880038462574,0.7519375809638864
1501,2017-02-01,0.747615890875717,0.7504968769677236,0.7350545543963714,0.740238943389424,0.1301878946958081,-0.008643170438536463,-0.0014407039961628065,-0.009876181884203694,-0.01014047001151308,-0.03417448478390808,0.7504968769677236
1502,2017-02-02,0.7490565688582614,0.7346516348417566,0.7350547358759631,0.7373419084341347,0.1428701369578211,0.001440677982544436,-0.01584524212596705,1.8147959179870554e-07,-0.002897034955289257,0.012682242262013005,0.7346516348417566
1503,2017-02-03,0.7389730185328128,0.7432944981733556,0.7322329330029127,0.7416876381379988,0.1228982042152862,-0.01008355032544861,0.008642863331599027,-0.0028218028730504496,0.004345729703864043,-0.019971932742534906,0.7432944981733556
1504,2017-02-06,0.7418540400391141,0.7447350266023728,0.732232967627244,0.7402390644726677,0.1267704462174173,0.002881021506301318,0.0014405284290172071,3.462433129097775e-08,-0.001448573665331021,0.003872242002131085,0.7447350266023728
1505,2017-02-07,0.7389730361892412,0.7476159956768346,0.7378763643749718,0.740239047156438,0.1011460796798253,-0.0028810038498729984,0.002880969074461781,0.005643396747727847,-1.731622978340397e-08,-0.025624366537591994,0.7476159956768346
1506,2017-02-08,0.7490565413965556,0.7605804881872719,0.7449306839035832,0.7474821430321901,0.1215208295433873,0.010083505207314492,0.012964492510437298,0.0070543195286113525,0.007243095875752115,0.02037474986356201,0.7605804881872719
1507,2017-02-09,0.7519373700137268,0.7504968769677236,0.7378762609391597,0.7489305943881257,0.1013799734920346,0.002880828617171205,-0.01008361121954826,-0.00705442296442349,0.0014484513559356316,-0.0201408560513527,0.7504968769677236
1508,2017-02-10,0.7649019330536087,0.7663424263361954,0.7533957706606003,0.7648654135055993,0.1373736323709036,0.012964563039881805,0.015845549368471823,0.01551950972144056,0.01593481911747363,0.035993658878869,0.7663424263361954
1509,2017-02-13,0.7764258796424902,0.7807473594920772,0.7717368665272316,0.7764542837353982,0.1095272746173237,0.011523946588881562,0.01440493315588176,0.01834109586663135,0.01158887022979882,-0.02784635775357991,0.7807473594920772
1510,2017-02-14,0.7807473593286068,0.7735448929141363,0.7731477198690585,0.7764542835728268,0.1086436757711998,0.004321479686116625,-0.00720246657794088,0.0014108533418268898,-1.6257140078579368e-10,-0.0008835988461239064,0.7735448929141363
1511,2017-02-15,0.8455696470804416,0.8383671798991771,0.8366362165930625,0.8213612418954142,0.3315574729073001,0.06482228775183474,0.06482228698504078,0.06348849672400403,0.0449069583225874,0.2229137971361003,0.8383671798991771
1512,2017-02-16,0.8398076203953299,0.8470100871225624,0.8394578709822379,0.8430903221318544,0.1772655214532602,-0.005762026685111721,0.008642907223385343,0.0028216543891753654,0.021729080236440268,-0.1542919514540399,0.8470100871225624
1513,2017-02-17,0.8527719203449933,0.8556529065623751,0.8422794396767513,0.8546790520663586,0.1060448556355414,0.012964299949663416,0.00864281943981271,0.0028215686945134433,0.011588729934504216,-0.07122066581771878,0.8556529065623751
1514,2017-02-20,0.8441289795353275,0.8599744040658542,0.8436903108427503,0.8474360271646179,0.1040047818290496,-0.008642940809665767,0.004321497503479099,0.001410871165998917,-0.00724302490174078,-0.0020400738064918073,0.8599744040658542
1515,2017-02-21,0.8599745779117532,0.8815819793668224,0.8733184080010155,0.8648195051112562,0.180371111515372,0.01584559837642574,0.02160757530096813,0.0296280971582652,0.017383477946638304,0.0763663296863224,0.8815819793668224
1516,2017-02-22,0.8758200219621471,0.8931059434482423,0.8874269610121384,0.8793056103557049,0.196301878946958,0.015845444050393898,0.01152396408141998,0.014108553011122904,0.01448610524444871,0.015930767431586,0.8931059434482423
1517,2017-02-23,0.8902248690334933,0.8859033890867287,0.8831943131804579,0.8836513502412316,0.1287195613191611,0.01440484707134615,-0.0072025543615136245,-0.004232647831680425,0.004345739885526778,-0.0675823176277969,0.8859033890867287
1518,2017-02-24,0.8916652925731179,0.8974272653845758,0.8817833906423561,0.8908943243800355,0.1434938537903791,0.0014404235396245912,0.011523876297847124,-0.001410922538101822,0.007242974138803815,0.014774292471218003,0.8974272653845758
1519,2017-02-27,0.8887842179631543,0.8902247110230622,0.8789615965628772,0.8865484104251001,0.1635957275396969,-0.002881074609963563,-0.0072025543615136245,-0.002821794079478912,-0.004345913954935332,0.020101873749317795,0.8902247110230622
1520,2017-02-28,0.8931057506630969,0.8959867369555586,0.8916593295615319,0.8981373323569736,0.1914160970919202,0.004321532699942621,0.005762025932496417,0.012697732998654732,0.011588921931873442,0.027820369552223306,0.8959867369555586
1521,2017-03-01,0.8945463489802578,0.9003083222426105,0.8846051667158901,0.8894457853247808,0.148691494061696,0.0014405983171608128,0.004321585287051843,-0.007054162845641865,-0.00869154703219277,-0.04272460303022421,0.9003083222426105
1522,2017-03-02,0.9075107178046272,0.8974272653845758,0.8902485111925227,0.8966887590101494,0.1960030146313573,0.012964368824369465,-0.0028810568580346363,0.005643344476632617,0.007242973685368637,0.047311520569661314,0.8974272653845758
1523,2017-03-03,0.8945463489802578,0.9003083222426105,0.8846051667158901,0.8952402204083298,0.123599885651914,-0.012964368824369465,0.0028810568580346363,-0.005643344476632617,-0.0014485386018195934,-0.0724031289794433,0.9003083222426105
1524,2017-03-06,0.89166520408297,0.8902247110230622,0.8775507432778646,0.8908942359663996,0.1011720678811819,-0.0028811448972877463,-0.01008361121954826,-0.007054423438025426,-0.00434598444193024,-0.022427817770732106,0.8902247110230622
1525,2017-03-07,0.8844627387834307,0.8902247110230622,0.8719073301378141,0.8807539763700342,0.1261467293848592,-0.0072024652995392735,0.0,-0.005643413140050568,-0.010140259596365442,0.024974661503677317,0.8902247110230622
1526,2017-03-08,0.8844627738668446,0.8916652394520795,0.8775507780871049,0.8894456627337001,0.1393227474726474,3.508341384073077e-08,0.0014405284290173181,0.005643447949290836,0.008691686363665907,0.013176018087788177,0.8916652394520795
1527,2017-03-09,0.8859032499900531,0.8945462085265413,0.8789616145674002,0.8894456456719095,0.1351516411549156,0.0014404761232085228,0.002880969074461781,0.0014108364802952744,-1.7061790535954913e-08,-0.004171106317731793,0.8945462085265413
1528,2017-03-10,0.8945462638027597,0.9219156341928604,0.90858959030355,0.8995859610636203,0.2753319992723304,0.008643013812706601,0.02736942566631906,0.029627975736149836,0.010140315391710786,0.14018035811741478,0.9219156341928604
1529,2017-03-13,0.908951212131167,0.9118321985404576,0.9015353397072524,0.9097262380525396,0.1461186621273941,0.01440494832840733,-0.010083435652402772,-0.0070542505962976065,0.010140276988919283,-0.12921333714493627,0.9118321985404576
1530,2017-03-14,0.907510753369493,0.8988677938135932,0.8888376926005734,0.8995860115795059,0.1087996049793393,-0.0014404587616739795,-0.012964404726864442,-0.012697647106678978,-0.010140226473033698,-0.03731905714805481,0.8988677938135932
1531,2017-03-15,0.8859032849319431,0.8959867369555586,0.8775507958659381,0.889445680753519,0.1605031315782634,-0.021607468437549904,-0.0028810568580345253,-0.011286896734635343,-0.010140330825986865,0.051703526598924104,0.8959867369555586
1532,2017-03-16,0.8830222986394815,0.8959867369555586,0.8846050627137351,0.8865484635523675,0.1189350035084071,-0.002880986292461696,0.0,0.007054266847796975,-0.0028972172011515473,-0.0415681280698563,0.8959867369555586
1533,2017-03-17,0.8902247982338222,0.8830223322286941,0.8733182689773406,0.8822026713086739,0.1420385145144104,0.007202499594340717,-0.012964404726864553,-0.011286793736394518,-0.00434579224369358,0.023103511006003302,0.8830223322286941
1534,2017-03-21,0.8729387943041679,0.8902247110230622,0.8761398899928519,0.8749595423149682,0.102198601834767,-0.017286003929654292,0.007202378794368136,0.002821621015511311,-0.007243128993705716,-0.0398399126796434,0.8902247110230622
1535,2017-03-22,0.8758199711069264,0.8729389843598642,0.8634423984158442,0.8720625151523074,0.1722887808934743,0.002881176802758567,-0.017285726663198053,-0.012697491577007614,-0.0028970271626608257,0.07009017905870729,0.8729389843598642
1536,2017-03-23,0.8772604115786375,0.8743794250053087,0.8648531998544045,0.873511071305742,0.1114893838197458,0.001440440471711102,0.001440440645444574,0.0014108014385602052,0.0014485561534346436,-0.0607993970737285,0.8743794250053087
1537,2017-03-24,0.8758200050800908,0.8887844459447632,0.8761401147310703,0.8793055934064613,0.1156215078354427,-0.001440406498546709,0.014405020939454505,0.011286914876665888,0.00579452210071929,0.004132124015696903,0.8887844459447632
1538,2017-03-27,0.8743794248594888,0.8671769584273679,0.8606206391895688,0.8633708099691542,0.1350866706515242,-0.0014405802206020057,-0.021607487517395385,-0.01551947554150157,-0.015934783437307143,0.019465162816081488,0.8671769584273679
1539,2017-03-28,0.8815818563836173,0.8801413631542323,0.8719074327195996,0.8822026886768453,0.1380883079082096,0.007202431524128472,0.012964404726864442,0.011286793530030814,0.018831878707691097,0.0030016372566854244,0.8801413631542323
1540,2017-03-29,0.8844628428423873,0.8801413631542323,0.8719074327195996,0.8807540799926468,0.0966241326437797,0.0028809864587699963,0.0,0.0,-0.0014486086841984935,-0.041464175264429914,0.8801413631542323
1541,2017-03-30,0.8758199182919731,0.8743794250053087,0.8648531998544045,0.8778568975311437,0.0681020816549286,-0.008642924550414155,-0.005761938148923562,-0.007054232865195131,-0.002897182461503056,-0.02852205098885109,0.8743794250053087
1542,2017-03-31,0.8815819625077256,0.8700580152854024,0.8704966840582686,0.874959750582785,0.1169079238025936,0.005762044215752438,-0.004321409719906355,0.00564348420386418,-0.002897146948358742,0.04880584214766499,0.8700580152854024
1543,2017-04-03,0.8772604644804577,0.8729389843598642,0.8620315448236615,0.8735111239814639,0.1215338236440655,-0.004321498027267889,0.002880969074461781,-0.008465139234607122,-0.001448626601321057,0.004625899841471895,0.8729389843598642
1544,2017-04-04,0.8729389843598642,0.8729389843598642,0.8620315448236615,0.8720625151523074,0.1407391044465812,-0.004321480120593524,0.0,0.0,-0.001448608829156539,0.019205280802515698,0.8729389843598642
1545,2017-04-05,0.8714984909863331,0.8729389843598642,0.859209837639296,0.8662680798356807,0.1235349151485225,-0.0014404933735310266,0.0,-0.002821707184365474,-0.0057944353166267115,-0.017204189298058697,0.8729389843598642
1546,2017-04-06,0.8700580152854024,0.8700580152854024,0.8563881478498688,0.8662680974313003,0.1834896956781621,-0.0014404757009307545,-0.002880969074461781,-0.0028216897894272064,1.759561962799694e-08,0.059954780529639595,0.8700580152854024
1547,2017-04-07,0.8772602868698831,0.8657363422147778,0.8606205169898006,0.8619220788430176,0.1884014657345565,0.007202271584480724,-0.004321673070624588,0.0042323691399317465,-0.004346018588282652,0.004911770056394399,0.8657363422147778
1548,2017-04-10,0.8815817707218089,0.8945462085265413,0.8831941745091373,0.8865484285850304,0.1319031159853426,0.004321483851925767,0.02880986631176352,0.02257365751933671,0.02462634974201272,-0.05649834974921389,0.8945462085265413
1549,2017-04-11,0.8844629662274983,0.8815819793668224,0.8747292616488361,0.8807542028603746,0.1110865666987187,0.002881195505689438,-0.012964229159718954,-0.008464912860301155,-0.0057942257246557105,-0.020816549286623895,0.8815819793668224
1550,2017-04-12,0.8787008526256173,0.8830223322286941,0.8648531484379802,0.8735110193745983,0.1021466254320538,-0.005762113601881058,0.0014403528618717187,-0.009876113210855908,-0.00724318348577635,-0.008939941266664905,0.8830223322286941
1551,2017-04-13,0.8830223847252953,0.8743794250053087,0.8648531998544045,0.8749596800475425,0.086228852101146,0.004321532099678005,-0.008642907223385343,5.141642422934467e-08,0.0014486606729442464,-0.015917773330907797,0.8743794250053087
1552,2017-04-14,0.8844630021509701,0.8758200412178988,0.8676750286513418,0.87785702074297,0.1421294732191585,0.001440617425674806,0.0014406162125900623,0.0028218287969373756,0.002897340695427464,0.0559006211180125,0.8758200412178988
1553,2017-04-17,0.8714985253544568,0.8815819793668224,0.8690858470575533,0.8735111584289571,0.0764183060890355,-0.012964476796513247,0.005761938148923562,0.0014108184062114892,-0.004345862314012905,-0.065711167130123,0.8815819793668224
1554,2017-04-18,0.8844627387834307,0.8902247110230622,0.8789615965628772,0.8894456274526332,0.0881519790015333,0.012964213428973914,0.008642731656239855,0.009875749505323883,0.015934469023676123,0.0117336729124978,0.8902247110230622
1555,2017-04-19,0.8902247463350327,0.8916652394520795,0.8817833381100331,0.8952400970186103,0.1566049013747758,0.005762007551601944,0.0014405284290173181,0.002821741547155865,0.005794469565977067,0.0684529223732425,0.8916652394520795
1556,2017-04-20,0.8859033890867287,0.8859033890867287,0.8747291919678657,0.8879971765538935,0.1136593986330206,-0.004321357248303959,-0.005761850365350818,-0.007054146142167372,-0.007242920464716751,-0.04294550274175521,0.8859033890867287
1557,2017-04-21,0.8873438824023169,0.8787009225087878,0.8733183384324337,0.8822027414703444,0.1112944723095714,0.0014404933155881539,-0.00720246657794088,-0.0014108535354320217,-0.005794435083549154,-0.0023649263234492013,0.8787009225087878
1558,2017-04-24,0.893105925107496,0.903189379100645,0.887426942788015,0.8952402900171123,0.0950648405623846,0.0057620427051791046,0.024488456591857166,0.014108604355581367,0.013037548546767863,-0.016229631747186807,0.903189379100645
1559,2017-04-25,0.9003084093294882,0.907510876604124,0.8916595206433205,0.8981375248269924,0.0870474804438784,0.007202484221992211,0.004321497503478988,0.004232577855305508,0.0028972348098801337,-0.008017360118506192,0.907510876604124
1560,2017-04-26,0.9103919322218884,0.9175944000400996,0.901535564386162,0.9053806377117528,0.1302788534005561,0.01008352289240022,0.010083523435975628,0.009876043742841456,0.007243112884760428,0.043231372956677686,0.9175944000400996
1561,2017-04-27,0.9089514050331414,0.9089514050331414,0.895892116130635,0.9082778221522436,0.1055510798097663,-0.0014405271887469873,-0.008642995006958198,-0.005643448255526984,0.0028971844404908076,-0.024727773590789787,0.9089514050331414
1562,2017-04-28,0.9103917931202684,0.9046298197460896,0.8973028659492941,0.909726325772828,0.0890485719483354,0.001440388087126987,-0.004321585287051843,0.001410749818659074,0.0014485036205843516,-0.0165025078614309,0.9046298197460896
1563,2017-05-01,0.8988677596986502,0.9118321985404576,0.895891926000165,0.9039318034152624,0.0593440577977598,-0.01152403342161823,0.007202378794368025,-0.0014109399491291086,-0.005794522357565612,-0.029704514150575602,0.9118321985404576
1564,2017-05-02,0.9161539064764572,0.9175944000400996,0.9043572719429264,0.918418118894802,0.0889186309415525,0.017286146777807043,0.005762201499642017,0.008465345942761382,0.014486315479539602,0.0295745731437927,0.9175944000400996
1565,2017-05-08,0.9319991925809474,0.940642152635794,0.9241090829561184,0.9358012834595348,0.1615166714311702,0.015845286104490208,0.02304775259569436,0.01975181101319201,0.017383164564732878,0.07259804048961771,0.940642152635794
1566,2017-05-09,0.9435230862722032,0.9348801267032976,0.9241090309991128,0.935801230845148,0.1187270978975545,0.011523893691255727,-0.005762025932496417,-5.1957005586800165e-08,-5.2614386847338324e-08,-0.042789573533615705,0.9348801267032976
1567,2017-05-10,0.936320513808916,0.9305585414162456,0.9212872195827722,0.9343525161959264,0.0913485277683931,-0.007202572463287149,-0.0043215852870519544,-0.002821811416340636,-0.001448714649221583,-0.02737857012916141,0.9305585414162456
1568,2017-05-11,0.9305588421128796,0.9175944000400996,0.912822394613219,0.9213153369354796,0.1120221419475558,-0.005761671696036363,-0.012964141376145988,-0.008464824969553142,-0.013037179260446785,0.020673614179162705,0.9175944000400996
1569,2017-05-12,0.9190346478360076,0.9219156341928604,0.90858959030355,0.919866481924958,0.1625432053847553,-0.011524194276872013,0.004321234152760756,-0.004232804309668992,-0.0014488550105216103,0.050521063437199504,0.9219156341928604
1570,2017-05-15,0.9118323380096854,0.9247967788344676,0.9100005994569385,0.916969421604106,0.0987161828529847,-0.007202309826322195,0.0028811446416072695,0.0014110091533884317,-0.0028970603208520185,-0.06382702253177061,0.9247967788344676
1571,2017-05-16,0.9276777864204322,0.8931059434482423,0.911411473471926,0.8879972638353331,0.2036955222329062,0.015845448410746754,-0.0316908353862253,0.0014108740149875176,-0.028972157768772933,0.10497933937992152,0.8931059434482423
1572,2017-05-17,0.890224922924468,0.8700580152854024,0.8747292449207886,0.867716706289881,0.3156137113750357,-0.03745286349596422,-0.02304792816283996,-0.03668222855113734,-0.020280557545452105,0.11191818914212948,0.8700580152854024
1573,2017-05-18,0.8599746335508287,0.8513316724096143,0.8493339509387027,0.8532306892237403,0.1481977182359209,-0.030250289373639272,-0.018726342875788116,-0.025395293982085954,-0.01448601706614061,-0.1674159931391148,0.8513316724096143
1574,2017-05-19,0.858534069386658,0.8484506155515797,0.8436904665630037,0.8503334012978478,0.1629070402037475,-0.00144056416417071,-0.0028810568580345253,-0.005643484375698948,-0.0028972879258925,0.014709321967826594,0.8484506155515797
1575,2017-05-22,0.8556529591140923,0.8542124659169306,0.8422794914071091,0.8546791045582647,0.0821616985888406,-0.0028811102725656568,0.005761850365350818,-0.0014109751558946115,0.004345703260416833,-0.08074534161490689,0.8542124659169306
1576,2017-05-23,0.8455695406516711,0.8340455946121252,0.8309926973845706,0.8343986169027732,0.1564099898646014,-0.010083418462421223,-0.020166871304805323,-0.011286794022538515,-0.020280487655491508,0.07424829127576078,0.8340455946121252
1577,2017-05-24,0.8498911273892001,0.8383671798991771,0.8366362165930625,0.841641766386659,0.1404792224330154,0.004321586737529026,0.004321585287051843,0.005643519208491932,0.007243149483885825,-0.015930767431586,0.8383671798991771
1578,2017-05-25,0.8398076733354299,0.8383671798991771,0.823938533710537,0.8387445486021955,0.0856571116713012,-0.010083454053770202,0.0,-0.012697682882525485,-0.0028972177844635016,-0.054822110761714185,0.8383671798991771
1579,2017-05-26,0.8354860875606739,0.8268431280341844,0.8211167227512014,0.8315013991780389,0.0940513007094779,-0.004321585774756054,-0.011524051864992724,-0.0028218109593356466,-0.007243149424156603,0.008394189038176694,0.8268431280341844
1580,2017-05-29,0.8254026522446172,0.8239621589597226,0.8154733261038827,0.82860419929189,0.0656461966267314,-0.01008343531605671,-0.002880969074461781,-0.005643396647318721,-0.0028971998861488935,-0.02840510408274649,0.8239621589597226
1581,2017-05-30,0.8239619498641291,0.8297239215415007,0.8168839723098271,0.8228095555286549,0.0956755632942644,-0.0014407023804881014,0.005761762581778074,0.0014106462059444436,-0.00579464376323513,0.03002936666753299,0.8297239215415007
1582,2017-05-31,0.8210811543982844,0.8124381948783026,0.8055973339139273,0.8155667027608877,0.1420774968164453,-0.002880795465844632,-0.017285726663198053,-0.011286638395899828,-0.0072428527677671495,0.0464019335221809,0.8124381948783026
1583,2017-06-01,0.8124380412190157,0.8311644499705179,0.8154731540017853,0.8170151569441932,0.137880402297357,-0.008643113179268691,0.01872625509221526,0.009875820087858034,0.0014484541833055253,-0.004197094519088285,0.8311644499705179
1584,2017-06-02,0.8383670395659184,0.8398075327610488,0.8253492492099247,0.8343985822565168,0.1413628212791392,0.025928998346902654,0.008643082790530943,0.009876095208139368,0.01738342531232351,0.0034824189817821982,0.8398075327610488
1585,2017-06-05,0.8369265451493928,0.825402599605167,0.8225275411746374,0.8271555378006268,0.0990280412692637,-0.0014404944165256062,-0.01440493315588176,-0.0028217080352872514,-0.007243044455889969,-0.042334780009875506,0.825402599605167
1586,2017-06-06,0.8225216482709393,0.8268431280341844,0.8168841623246488,0.8271555730499306,0.116972894305985,-0.014404896878453477,0.0014405284290173181,-0.005643378849988667,3.524930380915947e-08,0.01794485303672129,0.8268431280341844
1587,2017-06-07,0.825402811273114,0.819640837023389,0.809830068110534,0.8199127048224956,0.1380363315054965,0.0028811630021746693,-0.007202291010795392,-0.007054094214114737,-0.007242868227435029,0.021063437199511495,0.819640837023389
1588,2017-06-08,0.8081166964189226,0.7937117642189417,0.7943104877383648,0.7923889450929716,0.2502014085605135,-0.017286114854191403,-0.02592907280444723,-0.015519580372169273,-0.027523759729523922,0.11216507705501699,0.7937117642189417
1589,2017-06-09,0.7937118168890853,0.7850688569955563,0.7773802980230547,0.7808001275082359,0.2616622053587671,-0.014404879529837267,-0.008642907223385454,-0.016930189715310018,-0.011588817584735733,0.011460796798253625,0.7850688569955563
1590,2017-06-12,0.7764259145294106,0.7821878879210945,0.7717369012034621,0.7793515362303993,0.0885807843239169,-0.017285902359674754,-0.002880969074461781,-0.005643396819592694,-0.0014485912778365861,-0.1730814210348502,0.7821878879210945
1591,2017-06-13,0.7821878879210945,0.7821878879210945,0.7731477547705615,0.7851459714440082,0.0907378050365134,0.005761973391683939,0.0,0.0014108535670994682,0.005794435213608895,0.0021570207125964913,0.7821878879210945
1592,2017-06-14,0.7879498611514093,0.7893903544990354,0.7759694617458452,0.7909404064956357,0.0811871410379687,0.005761973230314799,0.00720246657794088,0.002821706975283722,0.005794435051627467,-0.009550663998544692,0.7893903544990354
1593,2017-06-15,0.7879497908601235,0.7865092976410009,0.7745585390823531,0.7836972925681781,0.0945320824345747,-7.029128579194577e-08,-0.0028810568580345253,-0.0014109226634921868,-0.007243113927457578,0.013344941396605997,0.7865092976410009
1594,2017-06-16,0.7937117816477385,0.79083079514448,0.7830236773979953,0.7938375711992893,0.1234959328464876,0.005761990787614968,0.004321497503479099,0.008465138315642218,0.010140278631111221,0.028963850411912906,0.79083079514448
1595,2017-06-19,0.7994738079324172,0.7893903544990354,0.7830237295798983,0.7938376241018469,0.0685308869773123,0.005762026284678701,-0.001440440645444574,5.218190302080927e-08,5.2902557556855356e-08,-0.054965045869175305,0.7893903544990354
1596,2017-06-20,0.7937117816477385,0.79083079514448,0.7830236773979953,0.7952861799058573,0.0955586163881597,-0.005762026284678701,0.001440440645444574,-5.218190302080927e-08,0.0014485558040103763,0.027027729410847398,0.79083079514448
1597,2017-06-21,0.7778663904176154,0.7778663904176154,0.7660934697395986,0.7721084748829123,0.1707684711141142,-0.015845391230123074,-0.012964404726864553,-0.0169302076583967,-0.023177705022944917,0.0752098547259545,0.7778663904176154
1598,2017-06-22,0.7721042582554672,0.7677827791980673,0.760449899096553,0.7721083159822817,0.0977156371007562,-0.005762132162148159,-0.01008361121954815,-0.005643570643045548,-1.5890063065349125e-07,-0.07305283401335799,0.7677827791980673
1599,2017-06-23,0.7721044695322515,0.7764259497721709,0.7632718144465453,0.7750057449984884,0.0815249876556043,2.1127678428989327e-07,0.008643170574103687,0.002821915349992321,0.0028974290162067096,-0.016190649445151903,0.7764259497721709
1600,2017-06-26,0.7764259324119867,0.7721044522686918,0.7604500901812874,0.7750057276700588,0.0631253410951428,0.004321462879735116,-0.004321497503479099,-0.002821724265257952,-1.7328429580132365e-08,-0.018399646560461502,0.7721044522686918
1601,2017-06-27,0.7749854390308883,0.7721044522686918,0.7632717973804759,0.7750057276700588,0.1065126432599599,-0.0014404933810983067,0.0,0.0028217071991885057,0.0,0.04338730216481711,0.7721044522686918
1602,2017-06-28,0.7728308023205009,0.7800942497107312,0.7668885251963126,0.7771847786716023,0.0915174510772109,-0.002154636710387403,0.007989797442039315,0.0036167278158366623,0.002179051001543475,-0.014995192182749001,0.7800942497107312
1603,2017-06-29,0.7888104562173724,0.7888104562173724,0.7740025872676236,0.787410963695253,0.1011590737805036,0.015979653896871504,0.008716206506641289,0.007114062071311045,0.010226185023650691,0.00964162270329269,0.7888104562173724
1604,2017-06-30,0.7873576971009614,0.7800942497107312,0.7711569214404478,0.7801065259598413,0.1184932040853452,-0.0014527591164110731,-0.008716206506641289,-0.002845665827175825,-0.007304437735411673,0.0173341303048416,0.7800942497107312
1605,2017-07-03,0.781546904108777,0.7757361464574105,0.7654656920900779,0.7757238702088513,0.1469242963694482,-0.005810792992184344,-0.004358103253320644,-0.00569122935036992,-0.004382655750990061,0.02843109228410301,0.7757361464574105
1606,2017-07-04,0.7873576201361809,0.7742834161117794,0.7725796446682702,0.7742629556985957,0.1217937056576314,0.005810716027403906,-0.0014527303456310925,0.007113952578192362,-0.0014609145102555399,-0.025130590711816808,0.7742834161117794
1607,2017-07-05,0.7713782931001296,0.7771890523701872,0.7654659053243201,0.7742632123151935,0.1022375841368019,-0.015979327036051316,0.0029056362584077844,-0.0071137393439500984,2.5661659774911527e-07,-0.0195561215208295,0.7771890523701872
1608,2017-07-06,0.7786415252830938,0.7757361464574105,0.7640428934058955,0.7771847437873991,0.0867226279269211,0.007263232182964208,-0.001452905912776692,-0.0014230119184246437,0.0029215314722056407,-0.01551495620988079,0.7757361464574105
1609,2017-07-07,0.7699254187348289,0.761209281918963,0.7583517281480548,0.7625760376450189,0.1173497232256555,-0.008716106548264935,-0.014526864538447537,-0.005691165257840636,-0.01460870614238019,0.03062709529873439,0.761209281918963
1610,2017-07-10,0.7597564920242416,0.7452295992513115,0.7441236423941131,0.7479672024245763,0.1623223056732243,-0.010168926710587334,-0.015979682667651485,-0.014228085753941744,-0.01460883522044265,0.04497258244756881,0.7452295992513115
1611,2017-07-11,0.7466823872258529,0.761209281918963,0.7498149357111162,0.7494281749270014,0.1451441045765222,-0.013074104798388664,0.015979682667651485,0.005691293317003132,0.0014609725024251619,-0.017178201096702123,0.761209281918963
1612,2017-07-12,0.7553984892632131,0.7568511786656423,0.7441237064937415,0.7552716346956769,0.1642844148756464,0.008716102037360174,-0.004358103253320644,-0.005691229217374749,0.005843459768675507,0.01914031029912422,0.7568511786656423
1613,2017-07-13,0.7524930811965105,0.7495877025046321,0.7412780803200416,0.7465063642581751,0.1463525559396034,-0.002905408066702586,-0.007263476161010196,-0.002845626173699878,-0.00876527043750186,-0.017931858936043016,0.7495877025046321
1614,2017-07-14,0.7553985361035839,0.7553985361035839,0.749814947683825,0.7567325551868438,0.1240286909742976,0.0029054549070733904,0.005810833598951737,0.00853686736378334,0.010226190928668721,-0.022323864965305792,0.7553985361035839
1615,2017-07-17,0.7553985361035839,0.7553985361035839,0.7398553563483662,0.7596543025041674,0.0,0.0,0.0,-0.009959591335458762,0.002921747317323642,-0.1240286909742976,0.7553985361035839
1616,2017-07-18,0.7437769099740185,0.7452295992513115,0.7370096496369993,0.7479672024245763,0.107227318797266,-0.01162162612956541,-0.010168936852272381,-0.0028457067113668577,-0.011687100079591173,0.107227318797266,0.7452295992513115
1617,2017-07-19,0.7452296344668145,0.7495877025046321,0.737009684464072,0.7450454907469066,0.1299669949842771,0.001452724492795987,0.004358103253320644,3.482707267021823e-08,-0.002921711677669636,0.0227396761870111,0.7495877025046321
1618,2017-07-20,0.7481350539997788,0.7510404328502632,0.7384325233941481,0.7523498993744253,0.0843187193014371,0.002905419532964304,0.0014527303456310925,0.001422838930076109,0.007304408627518688,-0.04564827568284001,0.7510404328502632
1619,2017-07-21,0.7452296460577867,0.743776956689253,0.7313185013640505,0.7421237552670344,0.1153616258218768,-0.002905407941992011,-0.007263476161010196,-0.007114022030097589,-0.010226144107390867,0.0310429065204397,0.743776956689253
1620,2017-07-24,0.7408716996899705,0.7481351477261465,0.7327414204066784,0.742123877210573,0.0716624652407806,-0.004357946367816279,0.0043581910368934995,0.0014229190426279237,1.219435386001777e-07,-0.0436991605810962,0.7481351477261465
1621,2017-07-25,0.7437771043803529,0.7365136560953884,0.7298958476579765,0.7406630288057849,0.0868395748330258,0.0029054046903824737,-0.011621491630758096,-0.0028455727487018967,-0.0014608484047881065,0.015177109592245205,0.7365136560953884
1622,2017-07-26,0.7437771387971354,0.7408717593487091,0.7298958814324319,0.743584810861817,0.0691935861119052,3.441678242399604e-08,0.004358103253320644,3.377445534358259e-08,0.0029217820560321073,-0.01764598872112061,0.7408717593487091
1623,2017-07-27,0.7408715779521857,0.743776956689253,0.7341640986456227,0.7450455023350149,0.0872553860547311,-0.0029055608449496395,0.0029051973405439524,0.004268217213190817,0.0014606914731978282,0.018061799942825904,0.743776956689253
1624,2017-07-28,0.7437770789044409,0.7481351477261465,0.7355870181558306,0.7465064985326828,0.0848384833285688,0.002905500952255169,0.0043581910368934995,0.0014229195102078984,0.0014609961976679298,-0.0024169027261622955,0.7481351477261465
1625,2017-07-31,0.7437769451208753,0.7495877025046321,0.739855281701385,0.7465063642581751,0.0925699732321526,-1.3378356555904247e-07,0.001452554778485604,0.004268263545554429,-1.3427450773484395e-07,0.007731489903583799,0.7495877025046321
1626,2017-08-01,0.7495876741335156,0.7641145670430797,0.754083239346681,0.7538107032835635,0.1206242365965851,0.005810729012640237,0.014526864538447537,0.014227957645295941,0.007304339025388407,0.028054263364432494,0.7641145670430797
1627,2017-08-02,0.7641146256777885,0.7568511786656423,0.7498149011896783,0.761115128967984,0.1231840744302086,0.01452695154427297,-0.007263388377437341,-0.004268338157002671,0.007304425684420468,0.002559837833623499,0.7568511786656423
1628,2017-08-03,0.7641146080198518,0.7655672973887109,0.7526604811444035,0.7654977319823147,0.0894773772707191,-1.7657936779436056e-08,0.008716118723068544,0.0028455799547252303,0.004382603014330799,-0.0337066971594895,0.7655672973887109
1629,2017-08-04,0.7699253713808405,0.7626619244810213,0.7540832855499591,0.7640368642885365,0.0788741911172327,0.0058107633609887355,-0.002905372907689552,0.0014228044055555333,-0.0014608676937782894,-0.01060318615348639,0.7626619244810213
1630,2017-08-07,0.7684727580799731,0.7684727580799731,0.7583517565830157,0.7713413083790441,0.0797447958626783,-0.0014526133008674336,0.005810833598951737,0.004268471033056609,0.007304444090507678,0.0008706047454455912,0.7684727580799731
1631,2017-08-08,0.768472634915949,0.7641145670430797,0.754083239346681,0.7596541971074671,0.0880350320954286,-1.2316402409062732e-07,-0.0043581910368933885,-0.004268517236334701,-0.011687111271577066,0.008290236232750298,0.7641145670430797
1632,2017-08-09,0.7626619482522017,0.7510404328502632,0.7498149129647709,0.7494281521923888,0.1344629538189662,-0.005810686663747289,-0.013074134192816445,-0.004268326381910104,-0.01022604491507828,0.0464279217235376,0.7510404328502632
1633,2017-08-10,0.7176285596568396,0.7052806998246874,0.7064195365702817,0.7085236754392625,0.3200446997063333,-0.0450333885953621,-0.04575973302557579,-0.043395376394489205,-0.04090447675312625,0.18558174588736712,0.7052806998246874
1634,2017-08-11,0.7052806998246874,0.7052806998246874,0.6907687512686239,0.7092541122180659,0.0,-0.012347859832152142,0.0,-0.015650785301657755,0.0007304367788033561,-0.3200446997063333,0.7052806998246874
1635,2017-08-14,0.6994700526527046,0.704554466327231,0.7042854497306952,0.7019498552175037,0.1851529405649835,-0.0058106471719828745,-0.0007262334974564855,0.013516698462071264,-0.007304257000562142,0.1851529405649835,0.704554466327231
1636,2017-08-15,0.7147231603264722,0.7154495050016008,0.7064195162626572,0.713636712375787,0.1286935731178045,0.01525310767376764,0.010895038674369806,0.00213406653196202,0.011686857158283215,-0.056459367447179,0.7154495050016008
1637,2017-08-16,0.7147233559936074,0.7161760457415618,0.7057083101503343,0.7180195294921351,0.103355076795135,1.956671351610595e-07,0.0007265407399610346,-0.000711206112322893,0.004382817116348137,-0.02533849632266949,0.7161760457415618
1638,2017-08-17,0.7147232541890359,0.712544219877484,0.7014398132006453,0.7150976798031337,0.0943631591257569,-1.0180457143960098e-07,-0.0036318258640778422,-0.004268496949689005,-0.0029218496890014434,-0.008991917669378097,0.712544219877484
1639,2017-08-18,0.7060069920841261,0.7096387152944353,0.6957484949172278,0.7048714391930153,0.1261467293848592,-0.008716262104909833,-0.0029055045830486126,-0.0056913182834175124,-0.010226240610118342,0.031783570259102306,0.7096387152944353
1640,2017-08-21,0.7089125480452885,0.698743720511852,0.6950372695590415,0.7012194310381011,0.1049793393799215,0.002905555961162376,-0.010894994782583378,-0.0007112253581862404,-0.003652008154914177,-0.02116739000493771,0.698743720511852
1641,2017-08-22,0.6965645665170316,0.6929328430211138,0.68223196226771,0.6917236325500785,0.1192338678240079,-0.01234798152825689,-0.005810877490738164,-0.012805307291331558,-0.009495798488022622,0.014254528444086395,0.6929328430211138
1642,2017-08-23,0.6958383258442513,0.6856694985354628,0.6829434637013607,0.6888019883965805,0.1471971724836924,-0.000726240672780265,-0.007263344485651024,0.0007115014336507297,-0.0029216441534980486,0.02796330465968451,0.6856694985354628
1643,2017-08-24,0.6675106846782742,0.6631526170960439,0.6559100946325707,0.6603147580647981,0.2654045063541152,-0.02832764116597708,-0.02251688143941888,-0.02703336906879006,-0.028487230331782354,0.11820733387042281,0.6631526170960439
1644,2017-08-25,0.6711425807605259,0.675500649466763,0.6665812550775918,0.6741932288548919,0.1471841783830141,0.0036318960822516733,0.01234803237071913,0.010671160445021144,0.013878470790093744,-0.11822032797110113,0.675500649466763
1645,2017-08-28,0.6755004834352133,0.6820375848878122,0.6687152889690957,0.6793061199616088,0.0926739260375789,0.004357902674687386,0.0065369354210491615,0.002134033891503906,0.005112891106716977,-0.05451025234543519,0.6820375848878122
1646,2017-08-29,0.6704160520816974,0.668963362911423,0.6601784792253388,0.670540860587876,0.1502897684451259,-0.005084431353515884,-0.013074221976389189,-0.008536809743756923,-0.008765259373732848,0.057615842407547,0.668963362911423
1647,2017-08-30,0.6689635447009591,0.6660581655708789,0.6566216615444765,0.6632366741480757,0.4171626081758881,-0.0014525073807383215,-0.0029051973405440634,-0.0035568176808622454,-0.007304186439800242,0.26687283973076226,0.6660581655708789
1648,2017-08-31,0.6689634741198514,0.6682371294139665,0.6594671896318026,0.6698105352698127,0.1406351516411549,-7.058110773616733e-08,0.002178963843087578,0.002845528087326077,0.006573861121736968,-0.2765274565347332,0.6682371294139665
1649,2017-09-01,0.669689818825736,0.6682371294139665,0.6559101929239719,0.6632366041711995,0.1138673042438732,0.0007263447058846184,0.0,-0.0035569967078307174,-0.0065739310986132615,-0.02676784739728169,0.6682371294139665
1650,2017-09-04,0.6638789519718742,0.6566155061078494,0.6509302904562546,0.6603147483957809,0.1073312716026923,-0.005810866853861785,-0.011621623306117157,-0.00497990246771729,-0.0029218557754185914,-0.006536032641180897,0.6566155061078494
1651,2017-09-05,0.6631526782327719,0.6544365422647618,0.6502189606972507,0.6573930719534413,0.1001065516255619,-0.0007262737391022789,-0.002178963843087578,-0.0007113297590038981,-0.002921676442339538,-0.007224719977130409,0.6544365422647618
1652,2017-09-06,0.6478994722225961,0.6493521616221983,0.6381252040400873,0.6464365526159545,0.1579822760466748,-0.015253206010175768,-0.005084380642563446,-0.01209375665716339,-0.01095651933748687,0.05787572442111291,0.6493521616221983
1653,2017-09-07,0.6566155849659415,0.6500784829032275,0.6480847713916452,0.6508191498662016,0.1614517009277788,0.008716112743345383,0.0007263212810291186,0.009959567351557896,0.004382597250247144,0.003469424881103994,0.6500784829032275
1654,2017-09-08,0.6471731386976995,0.665331756506277,0.6566215981039404,0.6508191845495175,0.3006834896956781,-0.009442446268241977,0.01525327360304951,0.008536826712295165,3.468331588596385e-08,0.1392317887678993,0.665331756506277
1655,2017-09-11,0.6755005646156157,0.6740478752293455,0.6701381679922235,0.6771148912716257,0.1670131760180878,0.02832742591791615,0.008716118723068544,0.013516569888283092,0.026295706722108236,-0.1336703136775903,0.6740478752293455
1656,2017-09-12,0.6755005646156157,0.6740478752293455,0.665158372688672,0.6712713970643194,0.1481067595311728,0.0,0.0,-0.004979795303551526,-0.005843494207306343,-0.01890641648691499,0.6740478752293455
1657,2017-09-13,0.6769532049868207,0.6878483745949776,0.6772521122463037,0.6778452789678828,0.1471062137789443,0.0014526403712049607,0.013800499365632102,0.01209373955763171,0.00657388190356345,-0.0010005457522284933,0.6878483745949776
1658,2017-09-14,0.6951119334358644,0.6871221410975211,0.6872118132898707,0.6902628149104166,0.1528106239767145,0.01815872844904376,-0.0007262334974564855,0.009959701043567026,0.012417535942533808,0.005704410197770182,0.6871221410975211
1659,2017-09-15,0.6863957819883955,0.683490403017016,0.6736952107441658,0.6836888690453427,0.1687673796096572,-0.008716151447468956,-0.003631738080505098,-0.013516602545704859,-0.006573945865073982,0.015956755632942715,0.683490403017016
1660,2017-09-18,0.683490403017016,0.683490403017016,0.6694268144775712,0.6873410531748584,0.0,-0.0029053789713794353,0.0,-0.004268396266594587,0.0036521841295157342,-0.1687673796096572,0.683490403017016
1661,2017-09-19,0.6863956909803682,0.6849430016872881,0.6772521178372979,0.684419215125276,0.1495361106057849,0.00290528796335221,0.0014525986702720317,0.007825303359726643,-0.002921838049582348,0.1495361106057849,0.6849430016872881
1662,2017-09-20,0.6842168209146123,0.7001964069656967,0.6879232718505167,0.6858802528556536,0.1784869669170196,-0.0021788700657559,0.015253405278408683,0.010671154013218831,0.0014610377303775346,0.0289508563112347,0.7001964069656967
1663,2017-09-21,0.7125441291916059,0.713996818547756,0.7156677102146035,0.7136367152707386,0.2796850229995582,0.02832730827699359,0.013800411582059247,0.0277444383640868,0.027756462415085004,0.10119805608253862,0.713996818547756
1664,2017-09-22,0.7212602922071617,0.7009226404631531,0.7064195454539279,0.7019497532574682,0.1883494893318433,0.008716163015555778,-0.013074178084602872,-0.009248164760675581,-0.011686962013270352,-0.09133553366771491,0.7009226404631531
1665,2017-09-25,0.7089125512923073,0.6972910340580072,0.6943258732821775,0.6975672496964985,0.1227162868057901,-0.012347740914854355,-0.0036316064051459263,-0.012093672171750391,-0.004382503560969697,-0.06563320252605322,0.6972910340580072
1666,2017-09-26,0.7001963013735714,0.7089124379051925,0.6950371615746762,0.7004888852993981,0.1343590010135398,-0.008716249918735985,0.011621403847185352,0.0007112882924986685,0.002921635602899597,0.011642714207749719,0.7089124379051925
1667,2017-09-27,0.716175745674946,0.7241655359410966,0.7128220065508828,0.7150974820461978,0.1670131760180878,0.015979444301374657,0.015253098035904022,0.017784844976206582,0.014608596746799707,0.03265417500454798,0.7241655359410966
1668,2017-09-28,0.7307028504841143,0.7176286444118338,0.7170906112401351,0.7187498752299262,0.1917279555081992,0.0145271048091683,-0.006536891529262734,0.0042686046892522755,0.003652393183728342,0.024714779490111416,0.7176286444118338
1669,2017-09-29,0.7161759548482471,0.7176286444118338,0.7035740223377913,0.7136368171744287,0.1701577483822344,-0.014526895635867176,0.0,-0.013516588902343751,-0.005113058055497444,-0.021570207125964802,0.7176286444118338
1670,2017-10-02,0.7176286444118338,0.7176286444118338,0.7057082205855297,0.7143672540394997,0.0968320382546324,0.0014526895635866843,0.0,0.002134198247738417,0.0007304368650710158,-0.07332571012760201,0.7176286444118338
1671,2017-10-03,0.719807678757214,0.7176286444118338,0.7085538182491812,0.7194803120949972,0.1585540164765196,0.0021790343453801375,0.0,0.0028455976636514446,0.005113058055497444,0.0617219782218872,0.7176286444118338
1672,2017-10-04,0.716902090244596,0.7241655359410966,0.7185132002159598,0.7180192286531282,0.1352296057589854,-0.002905588512618018,0.006536891529262734,0.009959381966778591,-0.0014610834418690155,-0.02332441071753419,0.7241655359410966
1673,2017-10-05,0.7292500630039161,0.743776956689253,0.7298957027232644,0.7318976405291029,0.1589828217989033,0.012347972759320203,0.019611420748156472,0.01138250250730466,0.013878411875974717,0.023753216039917896,0.743776956689253
1674,2017-10-06,0.7423243354634798,0.7321555089502814,0.7284729709537322,0.734819455050922,0.1223914342888328,0.013074272459563607,-0.011621447738971669,-0.0014227317695322261,0.002921814521819166,-0.0365913875100705,0.7321555089502814
1675,2017-10-09,0.7321555089502814,0.7321555089502814,0.7170905807825801,0.7362803287190154,0.0,-0.010168826513198392,0.0,-0.011382390171152057,0.001460873668093332,-0.1223914342888328,0.7321555089502814
1676,2017-10-10,0.7321553941970568,0.7234392585518538,0.7185132669389269,0.7224019156476007,0.1532394292990982,-1.1475322458931458e-07,-0.008716250398427605,0.0014226861563467752,-0.013878413071414686,0.1532394292990982,0.7234392585518538
1677,2017-10-11,0.7176286139314266,0.7321555089502814,0.7213589770967623,0.7180194078678493,0.1043946048493983,-0.014526780265630146,0.008716250398427605,0.0028457101578354127,-0.0043825077797513545,-0.0488448244496999,0.7321555089502814
1678,2017-10-12,0.7292501612717289,0.7379662986574468,0.7270502034130566,0.7318977391536816,0.1099950622417422,0.011621547340302296,0.00581078970716542,0.005691226316294262,0.013878331285832268,0.005600457392343897,0.7379662986574468
1679,2017-10-13,0.7437769451208753,0.7495877025046321,0.7384324830827285,0.7450454907469066,0.2518516593466566,0.014526783849146407,0.011621403847185352,0.011382279669671869,0.01314775159322501,0.14185659710491438,0.7495877025046321
1680,2017-10-16,0.7495877141633879,0.743776956689253,0.738432494567981,0.7465063758690051,0.1376335143844694,0.0058107690425125424,-0.005810745815379104,1.1485252526810541e-08,0.0014608851220985208,-0.11421814496218718,0.743776956689253
1681,2017-10-17,0.7408716777860194,0.7379662986574468,0.7298958010780784,0.734819486615373,0.1402323345201278,-0.008716036377368508,-0.005810658031806248,-0.008536693489902603,-0.011686889253632149,0.002598820135658375,0.7379662986574468
1682,2017-10-18,0.749587897693988,0.7408717593487091,0.7441238713239022,0.743584810861817,0.1671820993269056,0.00871621990796867,0.002905460691262296,0.014228070245823843,0.00876532424644405,0.0269497648067778,0.7408717593487091
1683,2017-10-19,0.751040339485076,0.75394571797438,0.7398552301157597,0.7523498058464525,0.1129966994984277,0.001452441791087944,0.013073958625670956,-0.004268641208142521,0.008764994984635455,-0.05418539982847789,0.75394571797438
1684,2017-10-20,0.7452295167931609,0.7423241385600492,0.7313183745123977,0.7333583868575875,0.1844772473297123,-0.00581082269191513,-0.01162157941433084,-0.008536855603362037,-0.018991418988865028,0.0714805478312846,0.7423241385600492
1685,2017-10-23,0.7495876901627833,0.7336081076205534,0.7341640751388577,0.734819364069337,0.1851919228670183,0.004358173369622409,-0.0087160309394958,0.002845700626460057,0.0014609772117495368,0.0007146755373060032,0.7336081076205534
1686,2017-10-24,0.7277973647020323,0.7263446753513296,0.7156677075309389,0.7253237007231597,0.2240312897944333,-0.021790325460750992,-0.0072634322692237685,-0.01849636760791884,-0.009495663346177352,0.03883936692741499,0.7263446753513296
1687,2017-10-25,0.7219867370926804,0.6965646688851916,0.7085538417929209,0.690262860428124,0.54039865900881,-0.005810627609351915,-0.029780006466137987,-0.007113865738017977,-0.035060840295035645,0.3163673692143767,0.6965646688851916
1688,2017-10-26,0.7009227517862006,0.7001964069656967,0.6893460707581703,0.6997585540316466,0.1369708152498765,-0.021063985306479793,0.003631738080505098,-0.019207771034750576,0.009495693603522537,-0.4034278437589335,0.7001964069656967
1689,2017-10-27,0.6965646892308635,0.6972910340580072,0.6857890797582163,0.6939150651431136,0.3154707762675745,-0.0043580625553371055,-0.002905372907689552,-0.0035569909999539906,-0.005843488888532922,0.17849996101769802,0.6972910340580072
1690,2017-10-30,0.6987437237122947,0.6972910340580072,0.6872118786788766,0.6990281235178524,0.1637906390498713,0.002179034481431197,0.0,0.0014227989206602176,0.005113058374738744,-0.15168013721770324,0.6972910340580072
1691,2017-10-31,0.6951118828220079,0.7009226404631531,0.6872117632512531,0.697567132529534,0.1645442968892123,-0.003631840890286786,0.0036316064051459263,-1.154276234593965e-07,-0.0014609909883184224,0.0007536578393410043,0.7009226404631531
1692,2017-11-01,0.7031016745785826,0.7009226404631531,0.6900573606146124,0.7041410636214354,0.1239377322695496,0.007989791756574771,0.0,0.00284559736335932,0.006573931091901408,-0.040606564619662694,0.7009226404631531
1693,2017-11-02,0.7009226170632878,0.7016489617441823,0.6886345389432973,0.7019497298233134,0.1318641336833077,-0.002179057515294791,0.0007263212810292297,-0.0014228216713151332,-0.002191333798121975,0.00792640141375811,0.7016489617441823
1694,2017-11-03,0.7016489617441823,0.7016489617441823,0.6872117403091169,0.7056019136413326,0.0,0.0007263446808944973,0.0,-0.0014227986341803778,0.003652183818019239,-0.1318641336833077,0.7016489617441823
1695,2017-11-06,0.6994700481089047,0.6965646688851916,0.6872118586063872,0.6982976662108853,0.1404402401309805,-0.0021789136352776683,-0.005084292858990702,1.1829727031287263e-07,-0.00730424743044733,0.1404402401309805,0.6965646688851916
1696,2017-11-07,0.6951120111849457,0.7118179424882412,0.6993056811828924,0.697567261345871,0.1877387665999636,-0.0043580369239589745,0.01525327360304951,0.012093822576505153,-0.0007304048650143002,0.04729852646898311,0.7118179424882412
1697,2017-11-08,0.7125440938626828,0.7096387152944353,0.6985940920334537,0.7121758064385387,0.1033940590971698,0.017432082677737104,-0.0021792271938058105,-0.0007115891494386961,0.014608545092667735,-0.08434470750279381,0.7096387152944353
1698,2017-11-09,0.7263445805113422,0.7183547901257175,0.7256272031478742,0.7150974927393117,0.2940824865511058,0.013800486648659405,0.008716074831282117,0.027033111114420527,0.002921686300772941,0.190688427453936,0.7183547901257175
1699,2017-11-10,0.713270473869681,0.713996818547756,0.704996720499674,0.7129062785099701,0.2158969827698225,-0.013074106641661198,-0.0043579715779614725,-0.02063048264820022,-0.0021912142293415426,-0.0781855037812833,0.713996818547756
1700,2017-11-13,0.7096388327004483,0.7060071088892894,0.7035740033894677,0.7099846137281023,0.1796954182801008,-0.0036316411692327577,-0.00798970965846657,-0.0014227171102062508,-0.0029216647818678387,-0.0362015644897217,0.7060071088892894
1701,2017-11-14,0.7067335103502312,0.7001964069656967,0.6964600652964383,0.7034107385516447,0.1169079238025936,-0.00290532235021701,-0.005810701923592676,-0.007113938093029404,-0.006573875176457578,-0.0627874944775072,0.7001964069656967
1702,2017-11-15,0.7234392964280145,0.7154495050016008,0.7242044990487261,0.7114454021023711,0.3257880922061384,0.01670578607778328,0.015253098035904022,0.027744433752287745,0.00803466355072635,0.2088801684035448,0.7154495050016008
1703,2017-11-16,0.7118179726497764,0.7081862482995225,0.7092653038472111,0.7056020973956516,0.2090620858130409,-0.011621323778238102,-0.00726325670207828,-0.014939195201514988,-0.005843304706719454,-0.11672600639309752,0.7081862482995225
1704,2017-11-17,0.7147231658592453,0.6907537913944535,0.7000169278786024,0.6909931782328983,0.2866238727617661,0.002905193209468915,-0.017432456905069005,-0.009248375968608724,-0.014608919162753309,0.0775617869487252,0.6907537913944535
1705,2017-11-20,0.6885747748260124,0.6929328430211138,0.6829433616027127,0.6909931957680827,0.1399074820031705,-0.026148391033232965,0.002179051626660322,-0.01707356627588963,1.7535184415606864e-08,-0.1467163907585956,0.6929328430211138
1706,2017-11-21,0.6951119810364808,0.6856694985354628,0.6808092653772939,0.6844193670494124,0.1638686036539411,0.006537206210468383,-0.007263344485651024,-0.0021340962254188245,-0.006573828718670294,0.023961121650770606,0.6856694985354628
1707,2017-11-22,0.6885748101339904,0.6863957759247056,0.6808091985074858,0.6888019207417186,0.1161542659632526,-0.006537170902490397,0.000726277389242802,-6.686980813519483e-08,0.004382553692306224,-0.0477143376906885,0.6863957759247056
1708,2017-11-23,0.6863957759247056,0.6863957759247056,0.6722724060497116,0.6902627943806194,0.0,-0.0021790342092847803,0.0,-0.008536792457774167,0.0014608736389007948,-0.1161542659632526,0.6863957759247056
1709,2017-11-24,0.688574696969883,0.6994698662257356,0.6857888814015828,0.6924539910373191,0.1008861976662595,0.002178921045177473,0.013074090301030017,0.013516475351871171,0.0021911966566996455,0.1008861976662595,0.6994698662257356
1710,2017-11-27,0.7016490998071195,0.698743720511852,0.689346073902468,0.6982976834087756,0.092232126614517,0.013074402837236487,-0.0007261457138836303,0.0035571925008852645,0.005843692371456544,-0.008654071051742498,0.698743720511852
1711,2017-11-28,0.6972908907749029,0.7031016481980271,0.6900573347234829,0.7012192901595502,0.0925179968294394,-0.00435820903221662,0.004357927686175156,0.000711260821014803,0.0029216067507745747,0.00028587021492239295,0.7031016481980271
1712,2017-11-29,0.7089125070303136,0.7176286444118338,0.7035740223377913,0.7092541959840023,0.1833857428727358,0.011621616255410694,0.014526996213806709,0.013516687614308465,0.008034905824452099,0.0908677460432964,0.7176286444118338
1713,2017-11-30,0.7277974717074426,0.7379662986574468,0.7270502034130566,0.730436865422836,0.313534655266509,0.018884964677128968,0.020337654245612957,0.02347618107526528,0.021182669438833734,0.1301489123937732,0.7379662986574468
1714,2017-12-01,0.7481352079697748,0.7408717593487091,0.7355870773890201,0.7392021891867965,0.1648821435068478,0.020337736262332262,0.002905460691262296,0.008536873975963477,0.008765323763960442,-0.14865251175966118,0.7408717593487091
1715,2017-12-04,0.7524929623759403,0.7423241385600492,0.7398551648763555,0.7450453731023299,0.123690844356662,0.004357754406165482,0.0014523792113401157,0.004268087487335426,0.005843183915533401,-0.041191299150185795,0.7423241385600492
1716,2017-12-05,0.7510404736916552,0.7524931631958944,0.7469693561921208,0.7508890666165655,0.1910522622729281,-0.001452488684285158,0.010169024635845236,0.007114191315765295,0.005843693514235637,0.0673614179162661,0.7524931631958944
1717,2017-12-06,0.7466823262611668,0.7263446753513296,0.7313184923874803,0.7289758845133065,0.1972634423971516,-0.004358147430488346,-0.026148487844564805,-0.015650863804640536,-0.021913182103258988,0.006211180124223503,0.7263446753513296
1718,2017-12-07,0.7307027289765117,0.7336081076205534,0.7256272835674756,0.7333584905821217,0.1352685880610203,-0.015979597284655145,0.0072634322692237685,-0.005691208820004623,0.004382606068815131,-0.061994854336131305,0.7336081076205534
1719,2017-12-08,0.7263446753513296,0.7263446753513296,0.7170905061542608,0.718019333142866,0.3448244496998363,-0.004358053625182046,-0.0072634322692237685,-0.008536777413214791,-0.015339157439255624,0.20955586163881598,0.7263446753513296
1720,2017-12-11,0.719081283965181,0.720533973427737,0.7078423696046662,0.7180193884284676,0.1686374386028743,-0.007263391386148621,-0.005810701923592676,-0.009248136549594665,5.528560154122175e-08,-0.17618701109696197,0.720533973427737
1721,2017-12-12,0.7205339529655721,0.7198076082549214,0.7085537488491593,0.7202106784182966,0.1092933808051144,0.0014526690003910936,-0.0007263651728155462,0.0007113792444931599,0.0021912899898289817,-0.059344057797759905,0.7198076082549214
1722,2017-12-13,0.7198075109957288,0.713270409483154,0.7071308546103472,0.7165583976304803,0.1606980430884378,-0.0007264419698432834,-0.006537198771767394,-0.0014228942388121446,-0.003652280787816209,0.051404662283323396,0.713270409483154
1723,2017-12-14,0.711091404578559,0.7096387152944353,0.6993054913125101,0.7099844962648817,0.1544088983601445,-0.0087161064171698,-0.0036316941887186704,-0.007825363297837118,-0.0065739013655986556,-0.006289144728293311,0.7096387152944353
1724,2017-12-15,0.7096388896322465,0.7001964069656967,0.6957486658426115,0.7019498647436454,0.1714051820473505,-0.0014525149463124887,-0.009442308328738602,-0.00355682546989855,-0.00803463152123629,0.016996283687206015,0.7001964069656967
1725,2017-12-18,0.7031016511059716,0.7016489617441823,0.6900573375774777,0.6997584195325017,0.1659216715611112,-0.006537238526274969,0.001452554778485604,-0.005691328265133855,-0.002191445211143672,-0.005483510486239296,0.7016489617441823
1726,2017-12-19,0.7038281265775698,0.6922066095236573,0.6893460663599243,0.6961063650702695,0.1424803139374723,0.0007264754715982091,-0.00944235222052503,-0.000711271217553322,-0.003652054462232268,-0.023441357623638914,0.6922066095236573
1727,2017-12-20,0.6914801302781572,0.693659164302143,0.6822319392353424,0.6924540459546052,0.0826944567166506,-0.012347996299412523,0.0014525547784857151,-0.007114127124581926,-0.0036523191156642154,-0.05978585722082169,0.693659164302143
1728,2017-12-21,0.693659109289281,0.6994698662257356,0.6850774821470168,0.6939148644361319,0.100821227162868,0.0021789790111237384,0.005810701923592565,0.0028455429116743813,0.0014608184815266823,0.018126770446217397,0.6994698662257356
1729,2017-12-22,0.7016489000769062,0.6994698662257356,0.6879230791652806,0.70048879473079,0.0948959172535668,0.007989790787625184,0.0,0.0028455970182638124,0.006573930294658026,-0.0059253099093011935,0.6994698662257356
1730,2017-12-25,0.6987437033029764,0.6965646688851916,0.686500459166836,0.6968367924322014,0.0561345149302216,-0.0029051967739297524,-0.0029051973405439524,-0.0014226199984446186,-0.0036520022985885303,-0.038761402323345205,0.6965646688851916
1731,2017-12-26,0.6965645722322941,0.7009226404631531,0.6907687599554522,0.7004888796814901,0.0915564333792458,-0.0021791310706823497,0.0043579715779614725,0.004268300788616175,0.0036520872492886713,0.035421918449024196,0.7009226404631531
1732,2017-12-27,0.7016558231414618,0.7009226404631531,0.6879365571403515,0.7019222472696359,0.0660100314457236,0.005091250909167733,0.0,-0.0028322028151006595,0.0014333675881458285,-0.0255464019335222,0.7009226404631531
1733,2017-12-28,0.7023889904208966,0.6994562597719576,0.6915270250544557,0.701922231880995,0.0725590581875828,0.0007331672794348432,-0.0014663806911955346,0.003590467914104223,-1.5388640917102236e-08,0.006549026741859212,0.6994562597719576
1734,2017-12-29,0.7016557934662625,0.7001894281716622,0.6893727212145795,0.7004475910756411,0.0711037189116141,-0.000733196954634141,0.000733168399704609,-0.002154303839876248,-0.0014746408053538662,-0.0014553392759687062,0.7001894281716622
1735,2018-01-01,0.7001894281716622,0.7001894281716622,0.6857822382915868,0.7041341573444603,0.0,-0.0014663652946003136,0.0,-0.0035904829229926882,0.003686566268819136,-0.0711037189116141,0.7001894281716622
1736,2018-01-02,0.7001894281716622,0.7001894281716622,0.6857822382915868,0.7041341573444603,0.0,0.0,0.0,0.0,0.0,0.0,0.7001894281716622
1737,2018-01-03,0.7001894281716622,0.7001894281716622,0.6857822382915868,0.7041341573444603,0.0,0.0,0.0,0.0,0.0,0.0,0.7001894281716622
1738,2018-01-04,0.7001894478754053,0.7104540052264584,0.6965537066619959,0.7019222373356736,0.1984329114581979,1.9703743081578295e-08,0.01026457705479622,0.010771468370409099,-0.002211920008786672,0.1984329114581979,0.7104540052264584
1739,2018-01-05,0.7111872021920983,0.7097208368267538,0.6972718172847547,0.7100326976298059,0.1448712284622781,0.010997754316693031,-0.000733168399704609,0.0007181106227588385,0.008110460294132316,-0.05356168299591982,0.7097208368267538
1740,2018-01-08,0.7097208368267538,0.7097208368267538,0.6951175274270264,0.7137192640764819,0.0,-0.001466365365344502,0.0,-0.0021542898577283642,0.003686566446675976,-0.1448712284622781,0.7097208368267538
1741,2018-01-09,0.7119202641533433,0.7045884385698897,0.6979897955447816,0.708557950899861,0.1525377478624704,0.0021994273265895092,-0.005132398256864068,0.0028722681177552056,-0.005161313176620941,0.1525377478624704,0.7045884385698897
1742,2018-01-10,0.7097207122955308,0.7207184506058953,0.7116336248027383,0.7129818256837122,0.1968866134774812,-0.0021995518578125095,0.016130012036005614,0.013643829257956708,0.0044238747838512005,0.04434886561501081,0.7207184506058953
1743,2018-01-11,0.7214517841390912,0.7309831593360507,0.720969030093028,0.7247789879185715,0.2008498141843603,0.01173107184356037,0.010264708730155392,0.009335405290289756,0.011797162234859382,0.003963200706879083,0.7309831593360507
1744,2018-01-12,0.7331826312838111,0.7258508049709731,0.7267137277386568,0.7277281655676969,0.1770316276410509,0.011730847144719947,-0.00513235436507764,0.0057446976456287935,0.0029491776491253896,-0.02381818654330939,0.7258508049709731
1745,2018-01-15,0.7229182176329512,0.7185191209739271,0.7109157440324041,0.721829802637972,0.1559811845422178,-0.01026441365085995,-0.007331683997045979,-0.01579798370625274,-0.0058983629297248985,-0.02105044309883311,0.7185191209739271
1746,2018-01-16,0.7265840630913002,0.7309831593360507,0.7195328368059901,0.7269909278613546,0.1264585878011382,0.0036658454583490263,0.01246403836212362,0.008617092773586021,0.005161125223382523,-0.0295225967410796,0.7309831593360507
1747,2018-01-17,0.7273171702335407,0.7258508049709731,0.7152241826360695,0.7269908523300397,0.1105018321681956,0.0007331071422405078,-0.00513235436507764,-0.004308654169920656,-7.553131486925935e-08,-0.01595675563294259,0.7258508049709731
1748,2018-01-18,0.7280504101952836,0.7229181313721547,0.7152242389565294,0.7240416563941998,0.1805010525221549,0.0007332399617429042,-0.002932673598818436,5.6320459962400093e-08,-0.0029491959358398656,0.0699992203539593,0.7229181313721547
1749,2018-01-19,0.7243844967501916,0.7229181313721547,0.7109156592037793,0.7233043430984828,0.1049403570778866,-0.0036659134450920394,0.0,-0.004308579752750119,-0.0007373132957170236,-0.0755606954442683,0.7229181313721547
1750,2018-01-22,0.7214517506809591,0.7214517506809591,0.7080432576733887,0.7225670144659349,0.0798617427687829,-0.002932746069232439,-0.0014663806911955346,-0.002872401530390589,-0.00073732863254794,-0.0250786143091037,0.7214517506809591
1751,2018-01-23,0.7251176142327053,0.7375817188251784,0.7238413333702951,0.7284654706609404,0.135970269497648,0.00366586355174614,0.016129968144219298,0.01579807569690639,0.005898456195005508,0.05610852672886511,0.7375817188251784
1752,2018-01-24,0.737581727071514,0.7258508049709731,0.7252775346008334,0.7284654788053542,0.1287195613191611,0.012464112838808772,-0.011730913854205327,0.0014362012305383365,8.144413810029505e-09,-0.007250708178486914,0.7258508049709731
1753,2018-01-25,0.7463800934831812,0.7551782871195252,0.751129187030371,0.7491104249355864,0.3258270745081733,0.008798366411667202,0.029327482148552075,0.025851652429537575,0.020644946130232267,0.19710751318901218,0.7551782871195252
1754,2018-01-26,0.7551782297291043,0.7581109607183435,0.7540015166778662,0.7564835015496671,0.218677720314977,0.008798136245923072,0.002932673598818325,0.0028723296474951754,0.007373076614080709,-0.10714935419319627,0.7581109607183435
1755,2018-01-29,0.7507790373589616,0.7405144802075695,0.7367671021999184,0.7417371397314375,0.1683775565893084,-0.004399192370142746,-0.017596480510774004,-0.017234414477947824,-0.014746361818229636,-0.05030016372566862,0.7405144802075695
1756,2018-01-30,0.7419808240791699,0.7280503540618732,0.7281499220736927,0.729202793241955,0.1985888406663374,-0.008798213279791689,-0.012464126145696253,-0.008617180126225699,-0.012534346489482484,0.030211284077029,0.7280503540618732
1757,2018-01-31,0.7258508590158236,0.7163194840994542,0.7123518494001742,0.7196177735342195,0.1561501078510356,-0.016129965063346297,-0.01173086996241901,-0.015798072673518515,-0.00958501970773551,-0.04243873281530178,0.7163194840994542
1758,2018-02-01,0.7133866250656523,0.7207184506058953,0.7073250458432867,0.7122445125237497,0.151498219808207,-0.012464233950171266,0.004398966506441115,-0.005026803556887449,-0.007373261010469867,-0.0046518880428286224,0.7207184506058953
1759,2018-02-02,0.7141199076154167,0.7177858208988634,0.7066070482937852,0.7151938653097222,0.1130226876997843,0.0007332825497643469,-0.0029326297070318974,-0.0007179975495015256,0.0029493527859725255,-0.038475532108422694,0.7177858208988634
1760,2018-02-05,0.7038553763964447,0.7119203859176539,0.7030165912685374,0.7041341923466017,0.191896878817017,-0.010264531218971973,-0.005865434981209505,-0.0035904570252477397,-0.011059672963120493,0.0788741911172327,0.7119203859176539
1761,2018-02-06,0.6906580565680785,0.677460768862956,0.6778831786203218,0.6672684973723803,0.3621066036019647,-0.013197319828366139,-0.03445961705469791,-0.02513341264821567,-0.03686569497422143,0.17020972478494772,0.677460768862956
1762,2018-02-07,0.6840596330042535,0.6708623410491875,0.6771653001013441,0.6746418471959434,0.2851555393851191,-0.006598423563825007,-0.006598427813768515,-0.0007178785189776438,0.007373349823563191,-0.07695106421684561,0.6708623410491875
1763,2018-02-08,0.675994435175102,0.6825930793362474,0.6771651137002618,0.6761162880719745,0.1833857428727358,-0.008065197829151494,0.011730738287059839,-1.8640108234713182e-07,0.0014744408760311023,-0.10176979651238333,0.6825930793362474
1764,2018-02-09,0.6620640882464223,0.6693959164662056,0.6620852087392365,0.663582086483476,0.2480573819485953,-0.013930346928679782,-0.013197162870041801,-0.015079904961025292,-0.012534201588498495,0.06467163907585952,0.6693959164662056
1765,2018-02-12,0.6693959164662056,0.6693959164662056,0.6556223379380943,0.6731671610660152,0.0,0.007331828219783287,0.0,-0.006462870801142162,0.0095850745825391,-0.2480573819485953,0.6693959164662056
1766,2018-02-13,0.670128897670539,0.6752611758802696,0.6699840714776717,0.6694803924963516,0.2434704644091582,0.000732981204333405,0.005865259414064017,0.01436173353957737,-0.0036867685696635455,0.2434704644091582,0.6752611758802696
1767,2018-02-14,0.6598642916311842,0.6869920458426885,0.6757287929818782,0.6495728870452744,0.4892538787390524,-0.010264606039354751,0.0117308699624189,0.0057447215042064625,-0.019907505451077223,0.2457834143298942,0.6869920458426885
1768,2018-02-15,0.6950571744365338,0.7214517506809591,0.7137880305551201,0.6989729895037818,0.3288157176641804,0.0351928828053496,0.034459704838270655,0.03805923757324192,0.049400102458507456,-0.16043816107487202,0.7214517506809591
1769,2018-02-16,0.7214516262549941,0.7324493644601008,0.7252774512327925,0.7240415161534361,0.2058265547441461,0.02639445181846034,0.010997613779141657,0.011489420677672446,0.02506852664965431,-0.12298916292003428,0.7324493644601008
1770,2018-02-19,0.7361152885787402,0.7273170978785959,0.7252774624487957,0.7225669010217104,0.1859065984043244,0.014663662323746052,-0.005132266581504896,1.121600312625759e-08,-0.0014746151317257539,-0.019919956339821687,0.7273170978785959
1771,2018-02-20,0.7302499766285924,0.7309831593360507,0.7195328368059901,0.7277282411756155,0.1176355934405779,-0.0058653119501478335,0.00366606145745485,-0.005744625642805534,0.005161340153905125,-0.06827100496374651,0.7309831593360507
1772,2018-02-21,0.7273173324391283,0.7287836980287233,0.719532922519056,0.7277283278649443,0.1370877621559811,-0.00293264418946404,-0.0021994613073273994,8.571306586713234e-08,8.668932882649472e-08,0.019452168715403187,0.7287836980287233
1773,2018-02-22,0.7236514184651407,0.7287836980287233,0.7152243421446903,0.7233044474523915,0.1426622313469684,-0.0036659139739876334,0.0,-0.004308580374365656,-0.004423880412552816,0.005574469190987308,0.7287836980287233
1774,2018-02-23,0.7243845120633502,0.7243845120633502,0.7130699641541287,0.7210924184548968,0.1162322305673224,0.0007330935982094999,-0.0043991859653731424,-0.002154377990561618,-0.0022120289974947305,-0.026430000779645996,0.7243845120633502
1775,2018-02-26,0.7324493644601008,0.7324493644601008,0.720968872314578,0.7336265871412108,0.1113594428129629,0.008064852396750588,0.008064852396750588,0.007898908160449247,0.012534168686313962,-0.004872787754359509,0.7324493644601008
1776,2018-02-27,0.7375816422891505,0.7324493644601008,0.7224050652873162,0.7328892739883051,0.1460796798253593,0.005132277829049681,0.0,0.001436192972738226,-0.0007373131529057053,0.034720237012396404,0.7324493644601008
1777,2018-02-28,0.727317272558142,0.7251177243548412,0.7195328632789704,0.7292028946328968,0.1775124093661477,-0.010264369731008416,-0.0073316401052595515,-0.0028722020083458144,-0.0036863793554082758,0.03143272954078841,0.7251177243548412
1778,2018-03-01,0.7177858879494026,0.7031222334458397,0.7037347276565852,0.7026596054727695,0.1649471140102393,-0.00953138460873948,-0.021995490909001547,-0.01579813562238519,-0.02654328916012727,-0.012565295355908418,0.7031222334458397
1779,2018-03-02,0.6825930451025665,0.6730616706811557,0.6707022104730066,0.6709550613832492,0.3289456586709633,-0.0351928428468361,-0.03006056276468394,-0.03303251718357858,-0.03170454408952028,0.16399854466072403,0.6730616706811557
1780,2018-03-05,0.6657298538932689,0.6635303059178506,0.6570583849202206,0.6621073119694344,0.184867070350061,-0.01686319120929758,-0.009531364763305183,-0.013643825552785982,-0.008847749413814832,-0.1440785883209023,0.6635303059178506
1781,2018-03-06,0.6737947512972876,0.6737947512972876,0.6649573370988623,0.6739042123520739,0.1238727617661581,0.008064897404018723,0.010264445379437048,0.007898952178641672,0.011796900382639475,-0.06099430858390291,0.6737947512972876
1782,2018-03-07,0.6906580491656352,0.6913912318080616,0.6850641371530488,0.6886505744376397,0.2385716884534421,0.016863297868347615,0.017596480510774004,0.020106800054186524,0.01474636208556579,0.114698926687284,0.6913912318080616
1783,2018-03-08,0.6921243665605294,0.6847925406435748,0.6793193175105064,0.6871759003923539,0.162751110995608,0.0014663173948942232,-0.0065986911644868584,-0.005744819642542365,-0.0014746740452857843,-0.0758205774578341,0.6847925406435748
1784,2018-03-09,0.6833261870829008,0.6796602740620699,0.6771650394380145,0.6812774063974562,0.2538787390524701,-0.00879817947762862,-0.005132266581504896,-0.002154278072491911,-0.005898493994897724,0.09112762805686211,0.6796602740620699
1785,2018-03-12,0.6979898325907303,0.6935907370071753,0.6836279018789869,0.6915997848275758,0.1516151667143117,0.014663645507829504,0.01393046294510547,0.006462862440972383,0.010322378430119628,-0.10226357233815841,0.6935907370071753
1786,2018-03-13,0.6943239387958251,0.7016557649710714,0.6908088863290918,0.696760996510414,0.123288027235635,-0.0036658937949052284,0.008065027963896076,0.007180984450104844,0.005161211682838229,-0.028327139478676683,0.7016557649710714
1787,2018-03-14,0.6965236739567121,0.696523673956712,0.6865004916093688,0.6974984973046959,0.1073312716026923,0.0021997351608870064,-0.005132091014359408,-0.004308394719722997,0.0007375007942819201,-0.0159567556329427,0.696523673956712
1788,2018-03-15,0.6965236157112499,0.6972567984646302,0.6843461441365885,0.6930745588150666,0.0996127757997868,-5.8245462231099054e-08,0.0007331245079181814,-0.002154347472780316,-0.004423938489629298,-0.007718495802905498,0.6972567984646302
1789,2018-03-16,0.6943239888716887,0.6855257968268521,0.6807555836502792,0.6864386608840863,0.2032537228098443,-0.0021996268395612084,-0.011731001637778071,-0.0035905604863092355,-0.006635897930980295,0.1036409470100575,0.6855257968268521
1790,2018-03-19,0.6803934566662361,0.6796602740620699,0.6707021705568458,0.6761162139247482,0.1177525403466826,-0.013930532205452595,-0.005865522764782249,-0.010053413093433439,-0.01032244695933815,-0.0855011824631617,0.6796602740620699
1791,2018-03-20,0.6752612209121023,0.677460768862956,0.6642393434574126,0.6753789431967959,0.0859429818862236,-0.005132235754133796,-0.002199505199113827,-0.006462827099433133,-0.0007372707279522661,-0.031809558460459006,0.677460768862956
1792,2018-03-21,0.677460768862956,0.677460768862956,0.6635212468698911,0.6812774492509164,0.0,0.002199547950853753,0.0,-0.0007180965875215328,0.005898506054120456,-0.0859429818862236,0.677460768862956
1793,2018-03-22,0.6891917101788674,0.6855257968268521,0.6757289073996969,0.6798028413911145,0.14166168559474,0.011730941315911347,0.008065027963896076,0.01220766052980582,-0.001474607859801913,0.14166168559474,0.6855257968268521
1794,2018-03-23,0.6620638864663715,0.645933869298863,0.651313558900372,0.647360993737115,0.3237740066010031,-0.02712782371249589,-0.039591927527989124,-0.024415348499324918,-0.03244184765399949,0.1821123210062631,0.645933869298863
1795,2018-03-26,0.6415348467084725,0.6466671254821403,0.6347974107874848,0.6407252478033306,0.1382052548143143,-0.020529039757898992,0.0007332561832773532,-0.016516148112887263,-0.006635745933784354,-0.18556875178668877,0.6466671254821403
1796,2018-03-27,0.6386020784348589,0.6576648270448547,0.6441326289575121,0.6385132703969142,0.2429247121806699,-0.0029327682736135507,0.010997701562714401,0.00933521817002736,-0.002211977406416432,0.1047194573663556,0.6576648270448547
1797,2018-03-28,0.6576648759899717,0.6686626163911419,0.6570584162312241,0.6606327169207664,0.1757322175732217,0.019062797555112754,0.010997789346287146,0.012925787273711964,0.022119446523852226,-0.06719249460744822,0.6686626163911419
1798,2018-03-29,0.6767275884756023,0.6818598670447563,0.669984118397966,0.6783281984921393,0.1446763169521037,0.01906271248563063,0.013197250653614434,0.012925702166741937,0.017695481571372906,-0.031055900621117988,0.6818598670447563
1799,2018-03-30,0.6869920884186612,0.6847925406435748,0.6742926417995407,0.680540081611741,0.1148418617947451,0.010264499943058891,0.002932673598818436,0.0043085234015747265,0.002211883119601632,-0.029834455157358594,0.6847925406435748
1800,2018-04-02,0.6818596756803516,0.6803933107864153,0.6764467978619944,0.6834891994850215,0.090542893526339,-0.005132412738309666,-0.004399229857159459,0.002154156062453616,0.00294911787328056,-0.024298968268406107,0.6803933107864153
1801,2018-04-03,0.6745280698059587,0.6825930793362474,0.6699841474892304,0.6746416614894839,0.1190909327165467,-0.007331605874392855,0.0021997685498320596,-0.006462650372763945,-0.008847537995537613,0.028548039190207694,0.6825930793362474
1802,2018-04-04,0.6877253491157811,0.6943239931904527,0.6836279743314171,0.6886506049985519,0.1254190597468749,0.013197279309822396,0.011730913854205327,0.01364382684218668,0.014008943509068006,0.006328127030328201,0.6943239931904527
1803,2018-04-05,0.6979898755898989,0.6913912318080616,0.6850641371530488,0.6893878876865022,0.121286935731178,0.010264526474117797,-0.002932761382391069,0.0014361628216317257,0.0007372826879502581,-0.004132124015696889,0.6913912318080616
1804,2018-04-06,0.6928575544099161,0.6935907370071753,0.6850640949501613,0.6930744112344576,0.1691052262272928,-0.005132321179982746,0.002199505199113716,-4.2202887517994725e-08,0.0036865235479554004,0.04781829049611479,0.6935907370071753
1805,2018-04-09,0.6935909276679098,0.6950572932655165,0.6836280898010438,0.6960238553777415,0.0788741911172327,0.0007333732579936081,0.001466556258341134,-0.0014360051491174586,0.002949444143283908,-0.09023103511006009,0.6950572932655165
1806,2018-04-10,0.6950573083273295,0.696523673956712,0.6865004916093688,0.6952865570384019,0.1023025546401933,0.0014663806594197304,0.0014663806911955346,0.0028724018083249314,-0.0007372983393395538,0.0234283635229606,0.696523673956712
1807,2018-04-11,0.6965235379764015,0.6877253459177523,0.6836279711524417,0.6901252283525293,0.0982483952285662,0.0014662296490720594,-0.008798328038959746,-0.002872520456927097,-0.0051613286858726015,-0.004054159411627109,0.6877253459177523
1808,2018-04-12,0.7082543274405055,0.7126534226419994,0.7037345437561175,0.7078206138290907,0.2150783544270901,0.011730789464103997,0.024928076724247128,0.020106572603675876,0.017695385476561354,0.11682995919852392,0.7126534226419994
1809,2018-04-13,0.7133867084770174,0.7141198911167677,0.7008622593510775,0.7092953428168898,0.1076301359182931,0.005132381036511813,0.0014664684747682788,-0.0028722844050400598,0.001474728987799101,-0.10744821850879702,0.7141198911167677
1810,2018-04-16,0.7199855023780858,0.7221850507560229,0.7101976629569224,0.7203551917298705,0.1192728501260427,0.006598793901068434,0.008065159639255248,0.00933540360584495,0.01105984891298073,0.011642714207749608,0.7221850507560229
1811,2018-04-17,0.7199852524528392,0.7192520699146998,0.7094793199515996,0.7159310628123672,0.1253930715455183,-2.4992524660927273e-07,-0.0029329808413230962,-0.0007183430053228079,-0.004424128917503323,0.006120221419475588,0.7192520699146998
1812,2018-04-18,0.7243845877085132,0.7317164155193281,0.720969102489648,0.7284656276392654,0.1352945762623768,0.004399335255674042,0.01246434560462828,0.011489782538048332,0.012534564826898187,0.009901504716858495,0.7317164155193281
1813,2018-04-19,0.7324494404635719,0.7375817188251784,0.726713719613828,0.7343639764962516,0.1216637646508485,0.008064852755058638,0.0058653033058503334,0.0057446171241800625,0.0058983488569862574,-0.013630811611528293,0.7375817188251784
1814,2018-04-20,0.7478463418251778,0.7522454379535612,0.7396395232591952,0.7491103074733332,0.2044491800722472,0.015396901361605986,0.014663719128382824,0.012925803645367218,0.014746330977081556,0.0827854154213987,0.7522454379535612
1815,2018-04-23,0.7493128246952958,0.7551782871195252,0.7425120261848982,0.7505850517563258,0.1127368174848618,0.0014664828701179689,0.0029328491659639244,0.0028725029257029577,0.0014747442829926571,-0.09171236258738538,0.7551782871195252
1816,2018-04-24,0.7610436629569761,0.7595772975177527,0.7468205216390762,0.762381979583197,0.112256035759765,0.01173083826168031,0.004399010398227543,0.004308495454177996,0.01179692782687114,-0.0004807817250968016,0.7595772975177527
1817,2018-04-25,0.7551782012000824,0.7595772975177527,0.7468205216390762,0.7579580996243004,0.0767171704046363,-0.005865461756893731,0.0,0.0,-0.004423879958896593,-0.03553886535512871,0.7595772975177527
1818,2018-04-26,0.7551780831418048,0.7566444483517888,0.7439480187147249,0.750584849019263,0.0845786013150029,-1.1805827759836518e-07,-0.0029328491659639244,-0.002872502924351261,-0.007373250605037351,0.007861430910366604,0.7566444483517888
1819,2018-04-27,0.7610436629569761,0.7595772975177527,0.7468205216390762,0.7579580996243004,0.0982483952285662,0.005865579815171329,0.0029328491659639244,0.002872502924351261,0.007373250605037351,0.013669793913563294,0.7595772975177527
1820,2018-04-30,0.7595772975177527,0.7595772975177527,0.7439481350173874,0.7638566062361626,0.0,-0.001466365439223405,0.0,-0.0028723866216887606,0.005898506611862198,-0.0982483952285662,0.7595772975177527
1821,2018-05-01,0.7566445684855457,0.763976395699553,0.7525652967187402,0.7609073547868727,0.1291743548429013,-0.002932729032206982,0.004399098181800287,0.008617161701352738,-0.0029492514492899247,0.1291743548429013,0.763976395699553
1822,2018-05-02,0.7654427611423545,0.763976395699553,0.7568738766617863,0.7623819814434365,0.0914134982717846,0.008798192656808812,0.0,0.00430857994304612,0.0014746266565638377,-0.03776085657111669,0.763976395699553
1823,2018-05-03,0.763976395699553,0.763976395699553,0.7482567167756939,0.7682804880696913,0.0,-0.0014663654428015427,0.0,-0.008617159886092352,0.005898506626254796,-0.0914134982717846,0.763976395699553
1824,2018-05-04,0.763976395699553,0.763976395699553,0.7482567167756939,0.7682804880696913,0.0,0.0,0.0,0.0,0.0,0.0,0.763976395699553
1825,2018-05-07,0.7669090978868913,0.7654427324989622,0.7540014618178368,0.7594326997118164,0.0788222147145196,0.0029327021873383208,0.001466336799409218,0.00574474504214284,-0.00884778835787492,0.0788222147145196,0.7654427324989622
1826,2018-05-08,0.7713079919130261,0.7713079919130261,0.7597460357526624,0.7712295104057891,0.091920268198238,0.004398894026134803,0.005865259414063906,0.005744573934825636,0.011796810693972759,0.013098053483718397,0.7713079919130261
1827,2018-05-09,0.7727745306314373,0.7669090692983713,0.7583100133316851,0.7653311775876451,0.0803165362925232,0.001466538718411181,-0.004398922614654799,-0.0014360224209772898,-0.005898332818144003,-0.0116037319057148,0.7669090692983713
1828,2018-05-10,0.7610436917075827,0.7581109607183435,0.7482567432174635,0.7609073816756885,0.0758985420619039,-0.011730838923854625,-0.00879810858002783,-0.010053270114221635,-0.0044237959119566295,-0.004417994230619296,0.7581109607183435
1829,2018-05-11,0.7566445098002896,0.762509971116571,0.751129045146914,0.7579580426866118,0.1038618467215884,-0.004399181907293048,0.004399010398227543,0.002872301929450538,-0.0029493389890766775,0.027963304659684496,0.762509971116571
1830,2018-05-14,0.7610436648139501,0.763976395699553,0.7511291034043913,0.7609073547868727,0.0793419787416512,0.004399155013660505,0.0014664245829819622,5.825747728671615e-08,0.002949312100260837,-0.024519867979937188,0.763976395699553
1831,2018-05-15,0.7625098778678732,0.7537116869693977,0.7482565672353636,0.7505848181852917,0.1338392369864081,0.0014662130539230267,-0.01026470873015528,-0.0028725361690277174,-0.010322536601581,0.05449725824475689,0.7537116869693977
1832,2018-05-16,0.725117598768516,0.7610435465335891,0.7496927935738004,0.7292027683390429,0.3318823254242574,-0.03739227909935716,0.007331859564191356,0.0014362263384367635,-0.021382049846248807,0.1980430884378493,0.7610435465335891
1833,2018-05-17,0.7698419229028304,0.7830392130097361,0.7741082622286569,0.7712298069328526,0.247511629720107,0.044724324134314375,0.021995666476147036,0.024415468654856554,0.04202703859380974,-0.08437069570415037,0.7830392130097361
1834,2018-05-18,0.7874382502535966,0.7815727884267543,0.7812891704166085,0.784501388733255,0.1721458457860131,0.017596327350766217,-0.0014664245829818512,0.007180908187951585,0.013271581800402443,-0.0753657839340939,0.7815727884267543
1835,2018-05-21,0.7874383082158222,0.7786401148279358,0.7769806476251453,0.7815521929211096,0.1169988825073416,5.796222557474806e-08,-0.002932673598818436,-0.00430852279146321,-0.0029491958121454775,-0.05514696327867151,0.7786401148279358
1836,2018-05-22,0.7845054598804853,0.7801063638437723,0.7726719518859803,0.7815520761563071,0.1202604017775929,-0.002932848335336913,0.0014662490158364738,-0.004308695739165036,-1.1676480249356302e-07,0.003261519270251298,0.7801063638437723
1837,2018-05-23,0.784505521148464,0.7859718866085545,0.7726720122297907,0.7830267638675839,0.1165181007822448,6.126797869043799e-08,0.005865522764782249,6.034381039299319e-08,0.0014746877112767898,-0.0037423009953480996,0.7859718866085545
1838,2018-05-24,0.787438252068645,0.7859718866085545,0.7784167855549191,0.7859760172154843,0.1407261103459029,0.0029327309201810925,0.0,0.0057447733251284605,0.0029492533479004157,0.02420800956365811,0.7859718866085545
1839,2018-05-25,0.7889046737804699,0.7786401148279358,0.7769806476251453,0.7830268197002059,0.0868135866316692,0.0014664217118248724,-0.007331771780618723,-0.0014361379297738175,-0.0029491975152783345,-0.053912523714233704,0.7786401148279358
1840,2018-05-28,0.7771735146778084,0.7771735146778084,0.7640546760963226,0.7697549463421117,0.0617739546246004,-0.011731159102661537,-0.0014666001501274506,-0.012925971528822688,-0.01327187335809421,-0.025039632007068803,0.7771735146778084
1841,2018-05-29,0.7757071438706411,0.7683753183142078,0.7626184775069342,0.7638564354078764,0.0921411679097689,-0.001466370807167272,-0.008798196363600574,-0.001436198589388371,-0.005898510934235324,0.030367213285168497,0.7683753183142078
1842,2018-05-30,0.7698417378229949,0.7610435465335891,0.7583099521206257,0.7623818629550762,0.1597884560409574,-0.005865406047646182,-0.007331771780618723,-0.004308525386308548,-0.001474572452800249,0.0676472881311885,0.7610435465335891
1843,2018-05-31,0.7654427017747116,0.762509971116571,0.7554376247557874,0.765331175397571,0.1169858884066633,-0.004399036048283289,0.0014664245829819622,-0.002872327364838334,0.002949312442494856,-0.0428025676342941,0.762509971116571
1844,2018-06-01,0.7595771813186881,0.7610435465335891,0.751128986664938,0.760907236527697,0.082577509810546,-0.00586552045602351,-0.0014664245829819622,-0.004308638090849359,-0.004423938869874022,-0.0344083785961173,0.7610435465335891
1845,2018-06-04,0.763976395699553,0.763976395699553,0.7540014900330888,0.765331234756564,0.0588762701733413,0.00439921438086488,0.0029328491659639244,0.002872503368150814,0.0044239982288669655,-0.023701239637204698,0.763976395699553
1846,2018-06-05,0.7698418286627493,0.7654427324989622,0.7597462348602585,0.7653312061173451,0.0809922295277943,0.005865432963196304,0.001466336799409218,0.00574474482716969,-2.8639218885295747e-08,0.022115959354452992,0.7654427324989622
1847,2018-06-06,0.7698418064247753,0.7801063638437723,0.7683633722286235,0.7727043168035941,0.119727643649783,-2.2237974017791373e-08,0.01466363134481008,0.008617137368365002,0.007373110686249018,0.03873541412198871,0.7801063638437723
1848,2018-06-07,0.7786399367669389,0.77424084107899,0.762618538891076,0.7697550026591662,0.141843603004236,0.00879813034216359,-0.005865522764782249,-0.005744833337547495,-0.0029493141444278947,0.022115959354453013,0.77424084107899
1849,2018-06-08,0.7771736846847661,0.763976395699553,0.7626186499191813,0.7682804880696913,0.1609319369006471,-0.0014662520821727698,-0.010264445379437048,1.1102810526519846e-07,-0.0014745145894748957,0.019088333896411097,0.763976395699553
1850,2018-06-11,0.7639762844737761,0.77424084107899,0.7611823457858197,0.7653311233335388,0.0728189402011486,-0.013197400210990029,0.010264445379437048,-0.001436304133361599,-0.002949364736152482,-0.08811299669949851,0.77424084107899
1851,2018-06-12,0.7874382502535966,0.7815727884267543,0.77410820377675,0.7830267620627038,0.1042256815405805,0.023461965779820515,0.007331947347764212,0.012925857990930378,0.01769563872916502,0.0314067413394319,0.7815727884267543
1852,2018-06-13,0.7859718866085545,0.7859718866085545,0.7812891722174834,0.7889252705633849,0.0825125393071545,-0.0014663636450420459,0.004399098181800287,0.0071809684407333485,0.005898508500681077,-0.02171314223342599,0.7859718866085545
1853,2018-06-14,0.7801063306958957,0.7727745042795808,0.765490953263538,0.7756535369624944,0.0903089997141297,-0.005865555912658804,-0.013197382328973717,-0.015798218953945398,-0.013271733600890512,0.007796460406975195,0.7727745042795808
1854,2018-06-15,0.7815725469384845,0.7713079919130261,0.7683631930579856,0.7741787628356392,0.1372696795654772,0.0014662162425888026,-0.0014665123665547064,0.0028722397944476175,-0.0014747741268551495,0.0469606798513475,0.7713079919130261
1855,2018-06-18,0.7727745883563617,0.763976395699553,0.7597462632904838,0.7668058614131277,0.0851113594428129,-0.008797958582122845,-0.007331596213473124,-0.008616929767501835,-0.0073729014225115685,-0.0521583201226643,0.763976395699553
1856,2018-06-19,0.7610436302103281,0.7522454379535612,0.7525652625006181,0.7564834404209052,0.1396216117882481,-0.011730958146033643,-0.011730957745991755,-0.007181000789865721,-0.01032242099222247,0.05451025234543522,0.7522454379535612
1857,2018-06-20,0.7507791903013531,0.7551782871195252,0.7425120261848982,0.7491104249355864,0.1245224668000727,-0.010264439908974965,0.0029328491659639244,-0.01005323631571986,-0.007373015485318768,-0.015099144988175411,0.7551782871195252
1858,2018-06-21,0.7551780856739855,0.7610435465335891,0.751128986664938,0.7520594779634213,0.0951557992671327,0.004398895372632383,0.005865259414063906,0.008616960480039793,0.0029490530278348803,-0.029366667532939997,0.7610435465335891
1859,2018-06-22,0.76250991924446,0.77424084107899,0.7597461526805634,0.7609072440079113,0.1222614932820499,0.007331833570474511,0.013197294545400973,0.008617166015625455,0.008847766044490002,0.027105694014917192,0.77424084107899
1860,2018-06-25,0.7771734551044576,0.7757070900948264,0.7654908104186726,0.7771280184421873,0.1122040593570519,0.014663535859997578,0.0014662490158363628,0.005744657738109171,0.016220774434275942,-0.010057433924998,0.7757070900948264
1861,2018-06-26,0.77424084107899,0.77424084107899,0.762618538891076,0.7727042555429178,0.1139322747472647,-0.002932614025467517,-0.0014662490158363628,-0.002872271527596615,-0.00442376289926949,0.0017282153902127978,0.77424084107899
1862,2018-06-27,0.7720225136895642,0.7646276620258711,0.7561372767823715,0.7614989107022465,0.107136360092518,-0.002218327389425845,-0.009613179053118981,-0.0064812621087044775,-0.01120534484067126,-0.006795914654746701,0.7646276620258711
1863,2018-06-28,0.763148720617451,0.7705435725614185,0.7546887665416362,0.7525751238660201,0.1482886769406689,-0.008873793072113223,0.005915910535547408,-0.0014485102407353345,-0.00892378683622641,0.04115231684815092,0.7705435725614185
1864,2018-06-29,0.7705435142062435,0.776459395313393,0.7619314033352385,0.7704226969160269,0.1305517295148003,0.00739479358879247,0.005915822751974553,0.007242636793602264,0.017847573050006837,-0.01773694742586862,0.776459395313393
1865,2018-07-02,0.7705434321760161,0.7601906413406377,0.7575857063156277,0.7614988008264763,0.0996127757997868,-8.203022738850763e-08,-0.01626875397275529,-0.004345697019610739,-0.008923896089550687,-0.030938953715013484,0.7601906413406377
1866,2018-07-03,0.7646276992047959,0.7542749063722359,0.7503431578890885,0.754062434567624,0.1258088827672236,-0.005915732971220167,-0.005915734968401809,-0.007242548426539264,-0.007436366258852245,0.026196106967436794,0.7542749063722359
1867,2018-07-04,0.7468798502690103,0.7483588202695429,0.7358575676724477,0.7466257173956794,0.0731697809194625,-0.017747848935785626,-0.005916086102693008,-0.014485590216640754,-0.007436717171944607,-0.052639101847761105,0.7483588202695429
1868,2018-07-05,0.7527958847593026,0.7439220629350279,0.7431004127661136,0.7436512655554138,0.105538085709088,0.005916034490292321,-0.004436757334514985,0.007242845093665906,-0.0029744518402655684,0.032368304789625504,0.7439220629350279
1869,2018-07-06,0.7409641223269364,0.7439220629350279,0.7344091798682644,0.7451385680865248,0.1075131890121884,-0.011831762432366166,0.0,-0.008691232897849233,0.0014873025311109567,0.001975103303100398,0.7439220629350279
1870,2018-07-09,0.7439220196468613,0.7527958409547763,0.7416518307937391,0.7466258271721369,0.0611372436913641,0.002957897319924907,0.008873778019748313,0.007242650925474714,0.0014872590856120915,-0.0463759453208243,0.7527958409547763
1871,2018-07-10,0.7513168707367904,0.7527958409547763,0.7459974469897962,0.7540623393949669,0.0866966397255646,0.0073948510899291,0.0,0.004345616196057112,0.007436512222830038,0.0255593960342005,0.7527958409547763
1872,2018-07-11,0.7483589515937678,0.7394851300333675,0.7387547743493839,0.7391893359813541,0.0916473920839938,-0.0029579191430226803,-0.013310710921408786,-0.00724267264041234,-0.014873003413612862,0.004950752358429206,0.7394851300333675
1873,2018-07-12,0.748358876727123,0.7335691756060336,0.73585762318691,0.7362146573558623,0.147535019101328,-7.486664477251992e-08,-0.005915954427333836,-0.00289715116247391,-0.0029746786254917224,0.055887627017334185,0.7335691756060336
1874,2018-07-13,0.7372667693258228,0.740964195450827,0.7300636354674815,0.7369584768939916,0.1376465084851477,-0.011092107401300177,0.007395019844793405,-0.005793987719428406,0.0007438195381292978,-0.00988851061618029,0.740964195450827
1875,2018-07-16,0.740964195450827,0.740964195450827,0.7257180185896989,0.745138641622381,0.0,0.003697426125004233,0.0,-0.0043456168777826765,0.008180164728389339,-0.1376465084851477,0.740964195450827
1876,2018-07-17,0.7439219773673511,0.7616696189745246,0.7503430205414143,0.7481130870989982,0.1662335299773902,0.0029577819165240715,0.02070542352369753,0.024625001951715464,0.0029744454766171824,0.1662335299773902,0.7616696189745246
1877,2018-07-18,0.7616697817508501,0.740964195450827,0.7459975640193511,0.743651338944492,0.1773694742586865,0.01774780438349899,-0.02070542352369753,-0.004345456522063196,-0.004461748154506173,0.0111359442812963,0.740964195450827
1878,2018-07-19,0.7483589885358766,0.7468800182028017,0.7358577331279105,0.742907628871571,0.1217157410535616,-0.013310793214973526,0.005915822751974664,-0.01013983089144066,-0.0007437100729209556,-0.055653733205124886,0.7468800182028017
1879,2018-07-20,0.725434914576065,0.6958555092926373,0.7126810784091057,0.6901083558294699,0.6155175550300164,-0.022924073959811553,-0.05102450891016441,-0.023176654718804812,-0.05279927304210108,0.4938018139764548,0.6958555092926373
1880,2018-07-23,0.6928975577215066,0.693637042841807,0.6822617532134819,0.6930829497657509,0.2361547857272798,-0.032537356854558386,-0.0022184664508302365,-0.030419325195623736,0.002974593936280967,-0.3793627693027366,0.693637042841807
1881,2018-07-24,0.6973345344449624,0.698074019635254,0.6858831650167023,0.6968012718852028,0.1695860079523896,0.004436976723455777,0.004436976793446901,0.003621411803220398,0.003718322119451889,-0.0665687777748902,0.698074019635254
1882,2018-07-25,0.6980739535636097,0.693637042841807,0.684434561344735,0.6945702522330595,0.1516021726136334,0.0007394191186472776,-0.004436976793446901,-0.0014486036719673079,-0.00223101965214334,-0.017983835338756193,0.693637042841807
1883,2018-07-26,0.6958554063319687,0.6928974662412909,0.6815373938560023,0.6901082537191658,0.1737051378674082,-0.002218547231640944,-0.0007395766005161564,-0.0028971674887326992,-0.004461998513893617,0.02210296525377481,0.6928974662412909
1884,2018-07-27,0.6921580836322089,0.6958555092926373,0.6815374946981386,0.6930829608114935,0.1427531900517165,-0.003697322699759864,0.002958043051346393,1.0084213630801031e-07,0.002974707092327611,-0.030951947815691716,0.6958555092926373
1885,2018-07-30,0.6906790111732826,0.6928974662412909,0.6815373938560023,0.6901082537191658,0.1173497232256555,-0.0014790724589263116,-0.002958043051346393,-1.0084213630801031e-07,-0.002974707092327611,-0.025403466826060997,0.6928974662412909
1886,2018-07-31,0.693637042841807,0.693637042841807,0.6815374838363976,0.6923392985320967,0.1438317004080147,0.0029580316685244856,0.0007395766005161564,8.998039524588108e-08,0.0022310448129309046,0.026481977182359215,0.693637042841807
1887,2018-08-01,0.6936370685266302,0.698813464560411,0.6858831254966046,0.6938266266912475,0.1392317887678993,2.568482315723486e-08,0.005176421718603996,0.004345641660207011,0.0014873281591507581,-0.004599911640115417,0.698813464560411
1888,2018-08-02,0.698073899222518,0.7002923544107251,0.6895043933103213,0.7012630587465979,0.1267704462174173,0.004436830695887739,0.0014788898503140802,0.0036212678137167442,0.007436432055350384,-0.012461342550482007,0.7002923544107251
1889,2018-08-03,0.6995530188461955,0.7039899301708014,0.6945744269895046,0.7012632086102806,0.1332285142545284,0.0014791196236775273,0.0036975757600762327,0.005070033679183239,1.498636826857691e-07,0.006458068037111103,0.7039899301708014
1890,2018-08-06,0.7010317821468475,0.7062081771626998,0.7018169143714741,0.6990320480562164,0.1432079835754567,0.0014787633006519973,0.0022182469918984316,0.007242487381969531,-0.0022311605540641377,0.009979469320928303,0.7062081771626998
1891,2018-08-07,0.7099056401231593,0.713603065332134,0.7076111062897708,0.7094432015899804,0.1159983367551131,0.008873857976311794,0.007394888169434233,0.005794191918296665,0.010411153533763984,-0.02720964682034359,0.713603065332134
1892,2018-08-08,0.7106453698945915,0.7099058845981352,0.7010929240280211,0.7131617029597164,0.1077210946230411,0.0007397297714322182,-0.0036971807339988283,-0.0065181822617496055,0.0037185013697359492,-0.00827724213207201,0.7099058845981352
1893,2018-08-09,0.7113848123213197,0.701032018794814,0.7003686122725394,0.6915957703692465,0.2572442111281478,0.0007394424267281874,-0.008873865803321168,-0.0007243117554817102,-0.021565932590469905,0.14952311650510675,0.701032018794814
1894,2018-08-10,0.7320902259114769,0.7202584646846247,0.7177509103505388,0.7161360957642127,0.3121832687959666,0.020705413590157207,0.019226445889810706,0.017382298077999403,0.0245403253949662,0.05493905766781876,0.7202584646846247
1895,2018-08-13,0.721737286214085,0.7254347108360832,0.7163022241771391,0.7153922972571232,0.173744120169443,-0.010352939697391927,0.005176246151458508,-0.0014486861733997713,-0.0007437985070894992,-0.1384391486265236,0.7254347108360832
1896,2018-08-14,0.7306111652993532,0.7454008650017693,0.7315119371330806,0.7339836334427633,0.1449881753683827,0.008873879085268266,0.019966154165686034,0.015209712955941534,0.018591336185640128,-0.02875594480106028,0.7454008650017693
1897,2018-08-15,0.7498378055067314,0.7513167755373167,0.744548813915873,0.7540622438476143,0.1477299306115023,0.019226640207378187,0.005915910535547408,0.013036876782792417,0.02007861040485104,0.0027417552431195924,0.7513167755373167
1898,2018-08-16,0.7483590390426658,0.7572328616400096,0.7459975553885029,0.7481132383228332,0.1713661997453156,-0.0014787664640656395,0.005916086102692897,0.0014487414726298553,-0.00594900552478117,0.02363626913381331,0.7572328616400096
1899,2018-08-17,0.7616697213603938,0.7646276620258711,0.7561372767823715,0.7644735158221772,0.1443254762337898,0.013310682317728029,0.007394800385861489,0.01013972139386865,0.01636027749934399,-0.02704072351152581,0.7646276620258711
1900,2018-08-20,0.7646275965258206,0.7690645071439588,0.7561372120096302,0.7689353576330082,0.1230151511213908,0.002957875165426782,0.004436845118087729,-6.477274128169341e-08,0.004461841810831091,-0.021310325112398998,0.7690645071439588
1901,2018-08-21,0.7690644117490937,0.7675854417264992,0.7575856567589164,0.7704225645022367,0.1223394578861197,0.004436815223273105,-0.0014790654174595685,0.0014484447492861818,0.0014872068692284302,-0.0006756932352710993,0.7675854417264992
1902,2018-08-22,0.772022389705491,0.7749803298959335,0.7633798484083133,0.7719099046559952,0.1542009927492918,0.002957977956397295,0.007394888169434233,0.005794191649396874,0.0014873401537585096,0.0318615348631721,0.7749803298959335
1903,2018-08-23,0.7764593731152483,0.7720224624117326,0.7633799203006321,0.7748845822740004,0.1201954312742015,0.004436983409757289,-0.0029578674842009045,7.189231876481017e-08,0.0029746776180051837,-0.034005561475090304,0.7720224624117326
1904,2018-08-24,0.7749802918394713,0.7675854417264992,0.7590341952995645,0.7689352622541629,0.0986901946516281,-0.0014790812757770055,-0.004437020685233328,-0.0043457250010675574,-0.005949320019837501,-0.021505236622573407,0.7675854417264992
1905,2018-08-27,0.7675855369379128,0.7690645071439588,0.7561372120096302,0.7674480552004493,0.1044595753527898,-0.007394754901558498,0.0014790654174595685,-0.002896983289934263,-0.001487207053713524,0.005769380701161703,0.7690645071439588
1906,2018-08-28,0.766106529376318,0.7616696189745246,0.7517915591911082,0.7644734130594137,0.1617245770420229,-0.0014790075615948028,-0.007394888169434233,-0.004345652818522061,-0.0029746421410355994,0.0572650016892331,0.7616696189745246
1907,2018-08-29,0.7601907437548061,0.7631486843919842,0.7546887307177502,0.7585242983254098,0.1231320980274955,-0.005915785621511849,0.0014790654174596796,0.0028971715266420395,-0.005949114734003946,-0.03859247901452739,0.7631486843919842
1908,2018-08-30,0.7675856100065914,0.7661066396597579,0.7546887451302943,0.7570370102370635,0.429792874035188,0.007394866251785315,0.0029579552677736487,1.4412544047104348e-08,-0.0014872880883463058,0.3066607760076925,0.7661066396597579
1909,2018-08-31,0.763148531658716,0.7675854417264992,0.7532400411369724,0.7659606577580151,0.0942332181189739,-0.004437078347875434,0.001478802066741336,-0.0014487039933218648,0.00892364752095165,-0.3355596559162141,0.7675854417264992
1910,2018-09-03,0.7631486263197745,0.7690645071439588,0.7532401345689803,0.7644734503353312,0.0618129369266353,9.466105854727402e-08,0.0014790654174595685,9.343200790823403e-08,-0.0014872074226839338,-0.03242028119233859,0.7690645071439588
1911,2018-09-04,0.7661066696094474,0.7542749063722359,0.7503431578890885,0.7570370398321906,0.0946880116427142,0.0029580432896728626,-0.014789600771722866,-0.0028969766798918606,-0.007436410503140589,0.0328750747160789,0.7542749063722359
1912,2018-09-05,0.7513169655629329,0.7542749063722359,0.7431004633148695,0.7466259214062075,0.1419605499103407,-0.014789704046514474,0.0,-0.007242694574219,-0.010411118425983079,0.04727253826762651,0.7542749063722359
1913,2018-09-06,0.7513169292020263,0.7468800182028017,0.7402033496621305,0.748113187832633,0.1044335871514332,-3.636090661895963e-08,-0.007394888169434233,-0.002897113652738925,0.0014872664264254931,-0.03752696275890752,0.7468800182028017
1914,2018-09-07,0.7454010478697268,0.7468800182028017,0.7358577331279105,0.7466258852723298,0.0744691909872917,-0.0059158813322994774,0.0,-0.004345616534220054,-0.001487302560303272,-0.029964396164141496,0.7468800182028017
1915,2018-09-10,0.7513168280370068,0.7616696189745246,0.7488944818917205,0.7555495988991872,0.1001455339275968,0.005915780167280005,0.014789600771722866,0.013036748763810002,0.008923713626857399,0.025676342940305102,0.7616696189745246
1916,2018-09-11,0.769064580353425,0.7661066396597579,0.7575858228467254,0.765960825681901,0.1024844720496894,0.01774775231641812,0.004437020685233328,0.0086913409550049,0.01041122678271389,0.0023389381220925987,0.7661066396597579
1917,2018-09-12,0.7646277138044628,0.7572328616400096,0.7488946332735068,0.7600116596082858,0.0957405337976558,-0.004436866548962137,-0.008873778019748313,-0.008691189573218572,-0.005949166073615286,-0.006743938252033593,0.7572328616400096
1918,2018-09-13,0.7601906488405935,0.7616696189745246,0.7517915591911082,0.762986110699376,0.0852542945502741,-0.004437064963869308,0.004436757334514985,0.0028969259176013784,0.002974451091090291,-0.010486239247381707,0.7616696189745246
1919,2018-09-14,0.7690645284456478,0.75575379622255,0.7532401554323628,0.7540623541935743,0.2235375139686582,0.008873879605054258,-0.005915822751974553,0.001448596241254596,-0.008923756505801794,0.13828321941838412,0.75575379622255
1920,2018-09-17,0.75575379622255,0.75575379622255,0.7402033065883411,0.7600115640885925,0.0,-0.013310732223097754,0.0,-0.013036848844021676,0.005949209895018237,-0.2235375139686582,0.75575379622255
1921,2018-09-18,0.7557536815457438,0.7675854417264992,0.7575856567589164,0.7600114487657199,0.1843473063229294,-1.146768061621728e-07,0.011831645503949217,0.017382350170575323,-1.1532287258475549e-07,0.1843473063229294,0.7675854417264992
1922,2018-09-19,0.7749802918394713,0.7675854417264992,0.7619312723808606,0.7704225645022367,0.1470412432755529,0.01922661029372741,0.0,0.004345615621944132,0.010411115736516763,-0.03730606304737649,0.7675854417264992
1923,2018-09-20,0.7720224475560511,0.7690645071439588,0.7575857507299552,0.7689353576330082,0.1333194729592764,-0.0029578442834201635,0.0014790654174595685,-0.004345521650905404,-0.0014872068692284302,-0.0137217703162765,0.7690645071439588
1924,2018-09-21,0.7779382926594581,0.779417262797594,0.7706225638280207,0.7793464388754862,0.2362457444320278,0.005915845103407036,0.010352755653635248,0.013036813098065592,0.010411081242477915,0.10292627147275141,0.779417262797594
1925,2018-09-24,0.779417262797594,0.779417262797594,0.7633798705589604,0.7838083459682846,0.0,0.0014789701381359155,0.0,-0.007242693269060352,0.004461907092798478,-0.2362457444320278,0.779417262797594
1926,2018-09-25,0.7794172702791484,0.7808962404314809,0.7677254938897229,0.7808337487349034,0.1362171574105356,7.481554376020938e-09,0.0014789776338868243,0.004345623330762494,-0.0029745972333812265,0.1362171574105356,0.7808962404314809
1927,2018-09-26,0.7764592274231379,0.7779381973801344,0.7648283155391041,0.7778590412415909,0.1098131448322461,-0.0029580428560105343,-0.002958043051346504,-0.0028971783506187565,-0.002974707493312523,-0.026404012578289504,0.7779381973801344
1928,2018-09-27,0.7749802918394713,0.7675854417264992,0.7633798109215086,0.7719098667503105,0.0986772005509498,-0.0014789355836666296,-0.010352755653635137,-0.0014485046175954919,-0.005949174491280407,-0.0111359442812963,0.7675854417264992
1929,2018-09-28,0.7764593225213222,0.779417262797594,0.7735196411356449,0.7793464388754862,0.1784869669170196,0.0014790306818509569,0.011831821071094817,0.010139830214136225,0.007436572125175678,0.07980976636606979,0.779417262797594
1930,2018-10-01,0.7794172851575606,0.7838541956992545,0.7720711246310524,0.7778591588264868,0.1248863016190649,0.002957962636238376,0.004436932901660473,-0.0014485165045924342,-0.0014872800489993399,-0.053600665297954694,0.7838541956992545
1931,2018-10-02,0.7912490990589246,0.8119546829595319,0.7995934128530846,0.7942195379565368,0.2808025156578913,0.011831813901364008,0.028100487260277363,0.027522288222032176,0.01636037913004995,0.15591621403882644,0.8119546829595319
1932,2018-10-03,0.8075177939496577,0.8341392596842618,0.8271156722453654,0.8061179797889649,0.2812703032823098,0.016268694890733126,0.022184576724729954,0.027522259392280812,0.011898441832428164,0.00046778762441845867,0.8341392596842618
1933,2018-10-04,0.8297022289071214,0.8104756175420722,0.8198728596907382,0.8135543750282632,0.1777333090776787,0.022184434957463695,-0.023663642142189634,-0.00724281255462722,0.007436395239298288,-0.10353699420463108,0.8104756175420722
1934,2018-10-05,0.8119548344569881,0.8252655694480863,0.8126304135991974,0.810580016758377,0.1650120845136308,-0.01774739445013329,0.014789951906014065,-0.0072424460915407884,-0.0029743582698862348,-0.012721224564047895,0.8252655694480863
1935,2018-10-08,0.8252655694480863,0.8252655694480863,0.808284796414175,0.8299149529379346,0.0,0.013310734991098139,0.0,-0.004345617185022355,0.019334936179557616,-0.1650120845136308,0.8252655694480863
1936,2018-10-09,0.8237864162470538,0.8237864162470538,0.8155273109072539,0.8209909542130094,0.1727435744172145,-0.0014791532010324238,-0.0014791532010324238,0.007242514493078889,-0.00892399872492522,0.1727435744172145,0.8237864162470538
1937,2018-10-10,0.8282234441302272,0.829702414566174,0.8198730431503134,0.8299148863752818,0.0997816991086047,0.00443702788317335,0.005915998319120153,0.0043457322430594525,0.008923932162272386,-0.0729618753086098,0.829702414566174
1938,2018-10-11,0.804559737122057,0.8104756175420722,0.7966962417489506,0.8031432587116308,0.1684945034954131,-0.02366370700817022,-0.019226797024101794,-0.0231768014013628,-0.026771627663650932,0.0687128043868084,0.8104756175420722
1939,2018-10-12,0.7956858640821016,0.8001227741048643,0.7937991122205702,0.800168601344536,0.2252917175602276,-0.008873873039955349,-0.010352843437207881,-0.0028971295283803933,-0.0029746573670947907,0.0567972140648145,0.8001227741048643
1940,2018-10-15,0.7971649583904628,0.8075177500578713,0.7952477747483501,0.7986814236487872,0.1760960523922139,0.0014790943083611285,0.007394975953006977,0.0014486625277798648,-0.001487177695748798,-0.049195665168013686,0.8075177500578713
1941,2018-10-16,0.8030807102892527,0.8163914402940469,0.7995932625102188,0.8061178064311916,0.2074897996309675,0.0059157518987899005,0.008873690236175569,0.004345487761868716,0.007436382782404327,0.0313937472387536,0.8163914402940469
1942,2018-10-17,0.8282235105572191,0.8252655694480863,0.8169760307842199,0.825453044588806,0.1569037656903765,0.025142800267966448,0.0088741291540394,0.017382768274001092,0.0193352381576144,-0.050586033940590996,0.8252655694480863
1943,2018-10-18,0.8267445400026527,0.8252655694480863,0.8184245698458941,0.8269403473718487,0.1428051664544297,-0.0014789705545663612,0.0,0.0014485390616741922,0.0014873027830427654,-0.014098599235946807,0.8252655694480863
1944,2018-10-19,0.8178707166752539,0.8252655694480863,0.808284796414175,0.8165292278905486,0.1158813898490085,-0.008873823327398833,0.0,-0.010139773431719012,-0.010411119481300135,-0.026923776605421196,0.8252655694480863
1945,2018-10-22,0.832660216600432,0.8370971271684627,0.8271155999646626,0.8284274455796629,0.1980950648405623,0.014789499925178085,0.011831557720376473,0.018830803550487496,0.011898217689114254,0.0822136749915538,0.8370971271684627
1946,2018-10-23,0.8400552076178018,0.829702414566174,0.8227701210413039,0.825452978384017,0.1771095922451207,0.007394991017369845,-0.007394712602288744,-0.004345478923358681,-0.002974467195645869,-0.02098547259544159,0.829702414566174
1947,2018-10-24,0.8400551037932417,0.8267443715148276,0.824218558119518,0.8254528763641833,0.1293692663530757,-1.0382456017143937e-07,-0.002958043051346393,0.001448437078214182,-1.0201983369206857e-07,-0.04774032589204502,0.8267443715148276
1948,2018-10-25,0.8134336085375985,0.8030808171562108,0.7995933689130978,0.8046306112784949,0.151498219808207,-0.02662149525564317,-0.02366355435861678,-0.024625189206420206,-0.020822265085688407,0.0221289534551313,0.8030808171562108
1949,2018-10-26,0.7971648068210883,0.7779381973801344,0.7822107772559019,0.7748844368773784,0.2186127498115855,-0.01626880171651024,-0.025142619776076458,-0.01738259165719591,-0.029746174401116487,0.0671145300033785,0.7779381973801344
1950,2018-10-29,0.788291083626409,0.779417262797594,0.7764167184432691,0.7778591365112199,0.1369448270485199,-0.008873723194679273,0.0014790654174596796,-0.005794058812632841,0.002974699633841449,-0.08166792276306559,0.779417262797594
1951,2018-10-30,0.7779381973801344,0.7779381973801344,0.7648283155391041,0.7748844368773784,0.1312274227500714,-0.010352886246274617,-0.0014790654174596796,-0.011588402904164963,-0.002974699633841449,-0.005717404298448497,0.7779381973801344
1952,2018-10-31,0.7764592999911546,0.7749803298959335,0.7604827711847523,0.7674479976926657,0.1575664648249694,-0.0014788973889797719,-0.0029578674842009045,-0.00434554435435186,-0.0074364391847127065,0.026339042074897984,0.7749803298959335
1953,2018-11-01,0.7779384093171218,0.7853332611167141,0.7720712182596674,0.7823211609189084,0.140687128043868,0.0014791093259671761,0.010352931220780626,0.011588447074915131,0.014873163226242658,-0.0168793367811014,0.7853332611167141
1954,2018-11-02,0.7838540123328124,0.7823750424982222,0.7735194823775277,0.7808335809804803,0.1659866420645027,0.005915603015690607,-0.0029582186184918813,0.001448264117860254,-0.0014875799384280741,0.02529951402063471,0.7823750424982222
1955,2018-11-05,0.7735013822450506,0.779417262797594,0.7633798705589604,0.7629861128685579,0.1186881155955196,-0.010352630087761772,-0.0029577797006281603,-0.010139611818567262,-0.017847468111922393,-0.047298526468983096,0.779417262797594
1956,2018-11-06,0.7882911653133758,0.7956860167703493,0.7822109541154199,0.7882703347458915,0.1156864783388341,0.014789783068325235,0.01626875397275529,0.01883108355645946,0.02528422187733359,-0.0030016372566855076,0.7956860167703493
1957,2018-11-07,0.7986438040972769,0.8001227741048643,0.7909020351686704,0.7986812991115536,0.1557342966293302,0.010352638783901025,0.004436757334514985,0.00869108105325056,0.010410964365662134,0.0400478182904961,0.8001227741048643
1958,2018-11-08,0.8104756325450829,0.813433572809846,0.8024904110895908,0.8120670877297864,0.140817069050651,0.011831828447806059,0.013310798704981641,0.011588375920920435,0.013385788618232808,-0.014917227578679193,0.813433572809846
1959,2018-11-09,0.8089967936908046,0.8045598825736704,0.7923507691292654,0.8061180091068235,0.1103978793627693,-0.0014788388542783526,-0.008873690236175569,-0.010139641960325463,-0.0059490786229629,-0.030419189687881695,0.8045598825736704
1960,2018-11-12,0.80160186812596,0.7897701062348019,0.7865565412767096,0.7882703054316973,0.101133085579147,-0.007394925564844557,-0.014789776338868466,-0.005794227852555789,-0.017847703675126225,-0.0092647937836223,0.7897701062348019
1961,2018-11-13,0.7646274902754027,0.7483588202695429,0.7561371069390113,0.7481130196215671,0.2061514072611034,-0.03697437785055735,-0.041411285965259004,-0.030419434337698337,-0.04015728581013023,0.10501832168195639,0.7483588202695429
1962,2018-11-14,0.7454010922890958,0.7380062401830533,0.7358577769785817,0.7384457651955533,0.1883754775331999,-0.019226397986306876,-0.010352580086489649,-0.020279329960429582,-0.009667254426013794,-0.01777592972790351,0.7380062401830533
1963,2018-11-15,0.7320903077016128,0.7631486843919842,0.7503431142260933,0.7272909448649517,0.1779931910912445,-0.013310784587483027,0.02514244420893097,0.014485337247511665,-0.011154820330601556,-0.01038228644195538,0.7631486843919842
1964,2018-11-16,0.7705433702775334,0.7483588202695429,0.7590341839770918,0.7496003218474548,0.1756802411705086,0.03845306257592063,-0.01478986412244132,0.008691069750998426,0.022309376982503126,-0.0023129499207359128,0.7483588202695429
1965,2018-11-19,0.7409640965954524,0.7387456412164239,0.7271664605343902,0.7414202860114215,0.0783154447880662,-0.02957927368208102,-0.009613179053118981,-0.03186772344270161,-0.008180035836033328,-0.0973647963824424,0.7387456412164239
1966,2018-11-20,0.7357877988758212,0.740964195450827,0.7286150965082208,0.7399330822497695,0.1028613009693599,-0.005176297719631129,0.0022185542344030917,0.0014486359738306032,-0.0014872037616520117,0.024545856181293707,0.740964195450827
1967,2018-11-21,0.7209979233628442,0.7150820429660208,0.7061625751455017,0.7079559067556219,0.2180020270797058,-0.014789875512977058,-0.025882152484806187,-0.022452521362719025,-0.03197717549414758,0.11514072611034591,0.7150820429660208
1968,2018-11-22,0.7217373811021951,0.7269137762535428,0.7148537797898209,0.7220852515208169,0.10963122742275,0.0007394577393509127,0.011831733287521962,0.008691204644319162,0.014129344765195007,-0.10837079965695581,0.7269137762535428
1969,2018-11-23,0.7269137762535428,0.7269137762535428,0.711956702668079,0.7310090651338444,0.0,0.0051763951513477124,0.0,-0.00289707712174192,0.00892381361302752,-0.10963122742275,0.7269137762535428
1970,2018-11-26,0.722477018697128,0.7313508408305626,0.7191995473536064,0.7243163578858187,0.1497050339146027,-0.0044367575564148165,0.004437064577019756,0.007242844685527383,-0.006692707248025731,0.1497050339146027,0.7313508408305626
1971,2018-11-27,0.7387456595775299,0.7424430853011411,0.7315120950137242,0.7414203044390041,0.1340471425972608,0.01626864088040192,0.01109224447057855,0.0123125476601178,0.017103946553185367,-0.015657891317341882,0.7424430853011411
1972,2018-11-28,0.7439220629350279,0.7439220629350279,0.7329606410519562,0.7421639630243031,0.1417916266015229,0.005176403357498027,0.0014789776338868243,0.0014485460382320792,0.0007436585852990119,0.007744484004262087,0.7439220629350279
1973,2018-11-29,0.7513169438324502,0.7498379734705753,0.7416519029490867,0.7481132024006704,0.1105148262688739,0.00739488089742224,0.005915910535547408,0.008691261897130431,0.005949239376367266,-0.031276800332648985,0.7498379734705753
1974,2018-11-30,0.7498377902700757,0.7483588202695429,0.7358575676724477,0.7429074618309597,0.3420047298526469,-0.0014791535623744911,-0.0014791532010324238,-0.005794335276638973,-0.005205740569710682,0.231489903583773,0.7483588202695429
1975,2018-12-03,0.7542748259755392,0.75575379622255,0.7445489228696817,0.7466258418248012,0.1116972894305985,0.004437035705463499,0.007394975953007088,0.008691355197233963,0.003718379993841503,-0.2303074404220484,0.75575379622255
1976,2018-12-04,0.7557538253673942,0.7439220629350279,0.7431004127661136,0.7481131731487464,0.1448972166636347,0.0014789993918550293,-0.011831733287522073,-0.001448510103568057,0.0014873313239451846,0.03319992723303619,0.7439220629350279
1977,2018-12-05,0.7372666892880853,0.7424430853011411,0.7286150174097094,0.7384456994061496,0.1115933366251721,-0.018487136079308963,-0.0014789776338868243,-0.014485395356404251,-0.0096674737425968,-0.0333038800384626,0.7424430853011411
1978,2018-12-06,0.7387456926084246,0.7313508408305626,0.7300635888544161,0.7317528708004576,0.135970269497648,0.001479003320339345,-0.01109224447057855,0.001448571444706781,-0.006692828605691981,0.024376932872475915,0.7313508408305626
1979,2018-12-07,0.7335693347137593,0.7572328616400096,0.743100477503499,0.7362148170373806,0.1589048571948335,-0.005176357894665307,0.025882020809447015,0.013036888649082812,0.004461946236922976,0.022934587697185482,0.7572328616400096
1980,2018-12-10,0.7394851300333675,0.7394851300333675,0.7271664641635112,0.73398377727726,0.1536422464201252,0.005915795319608175,-0.017747731606642114,-0.015934013339987785,-0.0022310397601205123,-0.005262610774708298,0.7394851300333675
1981,2018-12-11,0.7439221363508304,0.740964195450827,0.735857791304525,0.745138641622381,0.161373736323709,0.00443700631746291,0.0014790654174595685,0.008691327141013838,0.011154864345120918,0.007731489903583799,0.740964195450827
1982,2018-12-12,0.7557537112923629,0.7735013522620466,0.7590342251753052,0.757036874066697,0.2219912159879414,0.01183157494153253,0.0325371568112196,0.023176433870780166,0.011898232444315981,0.06061747966423239,0.7735013522620466
1983,2018-12-13,0.7794173072658204,0.7882911286009151,0.7764167627403048,0.7808337857887933,0.1495491047064632,0.023663595973457463,0.014789776338868466,0.017382537564999634,0.023796911722096303,-0.07244211128147818,0.7882911286009151
1984,2018-12-14,0.788291083626409,0.779417262797594,0.7836594117123292,0.7823210436040184,0.2466540190753398,0.008873776360588614,-0.008873865803321057,0.007242648972024424,0.0014872578152251847,0.09710491436887658,0.779417262797594
1985,2018-12-17,0.777938270086376,0.7749803298959335,0.7633798484083133,0.7689353000137756,0.1293302840510408,-0.010352813540033035,-0.004436932901660584,-0.020279563304015924,-0.013385743590242805,-0.11732373502429899,0.7749803298959335
1986,2018-12-18,0.7646276396428087,0.7424430853011411,0.7488945606378126,0.7451385607300725,0.1763169521037449,-0.013310630443567284,-0.03253724459479235,-0.014485287770500732,-0.023796739283703183,0.0469866680527041,0.7424430853011411
1987,2018-12-19,0.7513169438324502,0.7498379734705753,0.7358577474572968,0.7429076433382403,0.1440266119181891,-0.013310695810358486,0.007394888169434233,-0.01303681318051575,-0.0022309173918321212,-0.032290340185555794,0.7498379734705753
1988,2018-12-20,0.7409639916643438,0.7269137762535428,0.7329605118007081,0.7243162049240738,0.2203409652017983,-0.010352952168106389,-0.022924197217032538,-0.002897235656588726,-0.01859143841416655,0.0763143532836092,0.7269137762535428
1989,2018-12-21,0.728392707875485,0.7195188880841086,0.7177508190516019,0.7183669579562609,0.232295537825827,-0.012571283788858745,-0.007394888169434233,-0.015209692749106218,-0.005949246967812849,0.011954572624028686,0.7195188880841086
1990,2018-12-24,0.7195188880841087,0.7195188880841086,0.7047139726914315,0.7235725156226107,0.0,-0.008873819791376358,0.0,-0.013036846360170329,0.0052055576663497805,-0.232295537825827,0.7195188880841086
1991,2018-12-25,0.6928976430583668,0.675149997985367,0.6808132983078726,0.6730044493439128,0.1708464357181839,-0.026621245025741924,-0.044368890098741565,-0.023900674383558917,-0.05056806627869792,0.1708464357181839,0.675149997985367
1992,2018-12-26,0.6833652415916148,0.7012895757972964,0.6890541892278832,0.6864641317659069,0.1766158164193456,-0.009532401466751939,0.026139577811929438,0.008240890920010568,0.013459682421994135,0.005769380701161703,0.7012895757972964
1993,2018-12-27,0.7117454637337959,0.7281761040298541,0.7175819369702745,0.7135021327027087,0.194833545570311,0.028380222142181055,0.02688652823255766,0.028527747742391307,0.027038000936801754,0.018217729150965395,0.7281761040298541
1994,2018-12-28,0.7244416114743717,0.7326569287178955,0.7212390822683291,0.7277719180547809,0.1543699160581096,0.012696147740575814,0.0044808246880413405,0.0036571452980546093,0.01426978535207224,-0.04046362951220139,0.7326569287178955
1995,2018-12-31,0.7326569287178955,0.7326569287178955,0.7175816832710252,0.7367845733867286,0.0,0.008215317243523756,0.0,-0.0036573989973038845,0.009012655331947728,-0.1543699160581096,0.7326569287178955
1996,2019-01-04,0.7012897375493224,0.6833653992094035,0.6927117491565389,0.6827090149885051,0.2339198004106135,-0.031367191168573005,-0.049291529508491916,-0.024869934114486347,-0.05407555839822353,0.2339198004106135,0.6833653992094035
1997,2019-01-07,0.7012895616603715,0.7304166041574476,0.7183133759888831,0.6999831049329837,0.2012136490033524,-1.7588895095954626e-07,0.047051204948044045,0.025601626832344238,0.017274089944478543,-0.0327061514072611,0.7304166041574476
1998,2019-01-08,0.7319102701171218,0.7311634229027166,0.7263596278569743,0.7247678861934437,0.1336703136775903,0.030620708456750356,0.0007468187452690511,0.008046251868091159,0.02478478126046002,-0.0675433353257621,0.7311634229027166
1999,2019-01-09,0.7386319082534983,0.7296697415203922,0.7358688808553288,0.7307763376944799,0.1214428649393175,0.006721638136376495,-0.0014936813823244188,0.009509252998354478,0.006008451501036238,-0.012227448738272806,0.7296697415203922
2000,2019-01-10,0.7199609052566822,0.7169735156083142,0.7109987363115783,0.7195106930139,0.1029522596741079,-0.018671002996816122,-0.012696225912077974,-0.024870144543750472,-0.01126564468057989,-0.018490605265209598,0.7169735156083142
2001,2019-01-11,0.7236949507586643,0.7311634229027166,0.7183133479914893,0.7270210506064803,0.1787338548299072,0.003734045501982086,0.014189907294402393,0.007314611679910987,0.00751035759258023,0.0757815951557993,0.7311634229027166
2002,2019-01-15,0.7296697876067679,0.7468472749301616,0.7314800470509402,0.7270211095246917,0.163244886821383,0.005974836848103626,0.015683852027444933,0.013166699059450893,5.891821142078868e-08,-0.015488968008524201,0.7468472749301616
2003,2019-01-16,0.7498346422143607,0.75431572573357,0.7402577860786568,0.750303788517076,0.1111385431014319,0.020164854607592764,0.007468450803408411,0.008777739027716613,0.023282678992384342,-0.0521063437199511,0.75431572573357
2004,2019-01-17,0.7662653523593108,0.7662653523593108,0.7607392968657563,0.7675781206097905,0.1256139712570493,0.016430710144950122,0.011949626625740839,0.020481510787099477,0.01727433209271445,0.014475428155617392,0.7662653523593108
2005,2019-01-18,0.7707461436929133,0.7901641666929285,0.7753686043754114,0.7720841569787216,0.1702097247849476,0.004480791333602463,0.023898814333617735,0.014629307509655187,0.004506036368931099,0.044595753527898324,0.7901641666929285
2006,2019-01-21,0.7991265618113628,0.7841896167307765,0.7826836284407586,0.7825991476489563,0.0959874217105434,0.02838041811844949,-0.005974549962152076,0.00731502406534712,0.010514990670234758,-0.07422230307440421,0.7841896167307765
2007,2019-01-22,0.7767210682382558,0.7677589020662761,0.7607391532539296,0.7690800852484364,0.1171288235141245,-0.02240549357310695,-0.016430714664500412,-0.02194447518682896,-0.013519062400519921,0.021141401803581095,0.7677589020662761
2008,2019-01-23,0.7812021661825549,0.7812021661825549,0.770979887288539,0.7780927572966102,0.1345279243223576,0.004481097944299073,0.01344326411627883,0.010240734034609345,0.009012672048173798,0.017399100808233106,0.7812021661825549
2009,2019-01-24,0.7797085858103109,0.7782148912014788,0.7695170398784447,0.7765907612887769,0.0784323916941708,-0.0014935803722440077,-0.0029872749810760935,-0.0014628474100942812,-0.001501996007833295,-0.05609553262818681,0.7782148912014788
2010,2019-01-25,0.7707463006196122,0.7767210781437953,0.7680539625994558,0.7750885332991594,0.1043296343460069,-0.008962285190698638,-0.0014938130576834796,-0.0014630772789888669,-0.0015022279896175217,0.0258972426518361,0.7767210781437953
2011,2019-01-28,0.7752274580038264,0.7632779018110892,0.7622021958781011,0.7660759492998814,0.0875282621689752,0.004481157384214174,-0.013443176332706086,-0.005851766721354679,-0.009012583999277957,-0.01680137217703169,0.7632779018110892
2012,2019-01-29,0.7573031541644462,0.7647716270852,0.7504985455033147,0.7525569922181867,0.1064346786558902,-0.017924303839380262,0.0014937252741107354,-0.011703650374786378,-0.013518957081694705,0.01890641648691499,0.7647716270852
2013,2019-01-30,0.7752275202231623,0.7662653523593108,0.7592763366794759,0.7660760107847224,0.1141271862574391,0.017924366058716168,0.0014937252741108464,0.008777791176161176,0.013519018566535701,0.007692507601548909,0.7662653523593108
2014,2019-01-31,0.7707463526144976,0.7707463526144976,0.7651280943578093,0.7735864759249834,0.0962343096234309,-0.004481167608664682,0.004481000255186829,0.005851757678333347,0.007510465140260991,-0.01789287663400821,0.7707463526144976
2015,2019-02-01,0.7797084202534857,0.7871768917118526,0.7724427961680624,0.7841011437478715,0.1280178798825333,0.008962067638988103,0.016430539097354924,0.007314701810253177,0.010514667822888124,0.0317835702591024,0.7871768917118526
2016,2019-02-04,0.7871768606705131,0.7856831664377417,0.7753686852748185,0.7871053316509156,0.0692195743132617,0.007468440417027322,-0.0014937252741108464,0.0029258891067560633,0.00300418790304402,-0.0587983055692716,0.7856831664377417
2017,2019-02-05,0.7841893903852316,0.7901641666929285,0.7782945236372055,0.7841010310173009,0.0705709607838041,-0.002987470285281457,0.004481000255186829,0.0029258383623870232,-0.003004300633614676,0.0013513864705423928,0.7901641666929285
2018,2019-02-06,0.7916579433688272,0.7856831664377417,0.7782946048418932,0.7841011128278205,0.1011720678811819,0.007468552983595611,-0.004481000255186829,8.120468764083455e-08,8.181051958100483e-08,0.030601107097377803,0.7856831664377417
2019,2019-02-07,0.773733781347716,0.7513283629689211,0.7607392533771339,0.7540590890774352,0.1379193845993918,-0.017924162021111245,-0.03435480346882058,-0.017555351464759283,-0.030042023750385227,0.036747316718209896,0.7513283629689211
2020,2019-02-08,0.7281760669627053,0.7348976921962072,0.7227022605882806,0.7240168641186886,0.2474596533173939,-0.04555771438501066,-0.016430670772713984,-0.03803699278885331,-0.030042224958746644,0.1095402687180021,0.7348976921962072
2021,2019-02-12,0.725188568488355,0.740125511196663,0.7307484304964476,0.7292741378882894,0.1631799163179916,-0.002987498474350314,0.00522781900045588,0.008046169908166978,0.005257273769600834,-0.08427973699940228,0.740125511196663
2022,2019-02-13,0.7468473138873685,0.7573031762817916,0.751961527592342,0.7510549043881424,0.1232360508329218,0.021658745399013468,0.017177665085128524,0.021213097095894473,0.021780766499852944,-0.03994386548506981,0.7573031762817916
2023,2019-02-14,0.7573031541644462,0.7647716270852,0.7519615056310015,0.7600675410427196,0.0722082174692689,0.010455840277077688,0.007468450803408411,-2.196134052390164e-08,0.009012636654577189,-0.051027833363652894,0.7647716270852
2024,2019-02-15,0.7109985946792862,0.7057706638360561,0.70514675439386,0.6992320686405796,0.3630291847501234,-0.04630455948515999,-0.059000963249143834,-0.046814751237141516,-0.060835472402139934,0.2908209672808545,0.7057706638360561
2025,2019-02-18,0.7162265301556218,0.725188697373419,0.7139245194402137,0.715004225190002,0.1383481899217755,0.005227935476335599,0.019418033537362822,0.008777765046353747,0.015772156549422323,-0.2246809948283479,0.725188697373419
2026,2019-02-19,0.7289229142108722,0.7348976921962072,0.7307485408175024,0.7330295221782573,0.1273681748486187,0.01269638405525042,0.009708994822788197,0.016824021377288667,0.01802529698825539,-0.010980015073156796,0.7348976921962072
2027,2019-02-20,0.7244416114743717,0.7326569287178955,0.7227020418672507,0.7240166449998027,0.0979885132150003,-0.004481302736500492,-0.0022407634783117025,-0.008046498950251668,-0.00901287717845467,-0.02937966163361841,0.7326569287178955
2028,2019-02-21,0.7356445614567716,0.742366186891402,0.731480042726125,0.7337805989731776,0.1180124223602484,0.011202949982399901,0.00970925817350654,0.008778000858874258,0.009763953973374928,0.02002390914524811,0.742366186891402
2029,2019-02-22,0.7408722459614192,0.7326569287178955,0.7263594408645546,0.7367845733867286,0.0792770082382598,0.005227684504647612,-0.00970925817350654,-0.005120601861570373,0.003003974413551047,-0.03873541412198861,0.7326569287178955
2030,2019-02-25,0.7236948349545675,0.7192137523851894,0.7124613940827726,0.7225146061651679,0.1193118324280776,-0.01717741100685166,-0.013443176332706086,-0.01389804678178197,-0.014269967221560709,0.0400348241898178,0.7192137523851894
2031,2019-02-26,0.7184669126821669,0.7132389829641054,0.7073410422651283,0.7150040666797809,0.1128017879882533,-0.0052279222724006535,-0.005974769421083992,-0.005120351817644364,-0.007510539485387047,-0.006510044439824295,0.7132389829641054
2032,2019-02-27,0.7124923180260708,0.7050238450907871,0.6992949423947505,0.7089958104152422,0.1560461550456092,-0.005974594656096066,-0.00821513787331829,-0.008046099870377743,-0.006008256264538714,0.043244367057355904,0.7050238450907871
2033,2019-02-28,0.6975552886639186,0.6945678998473707,0.6861282190960946,0.6962277940560019,0.137347644169547,-0.014937029362152243,-0.01045594524341642,-0.01316672329865598,-0.012768016359240297,-0.018698510876062197,0.6945678998473707
2034,2019-03-01,0.6945679368765977,0.6878463116810176,0.6817393755751113,0.6909704473353013,0.162933028405104,-0.002987351787320902,-0.006721588166353043,-0.004388843520983232,-0.005257346720700551,0.025585384235557007,0.6878463116810176
2035,2019-03-04,0.6900867783285868,0.6863525425151205,0.6766189418391962,0.6819577151267648,0.4221653369370305,-0.0044811585480108995,-0.001493769165897163,-0.0051204337359150864,-0.00901273220853649,0.25923230853192647,0.6863525425151205
2036,2019-03-05,0.6811247169047423,0.6893400369551285,0.6758875656268306,0.6797046551802838,0.2477974999350295,-0.00896206142384448,0.0029874944400080095,-0.0007313762123656309,-0.002253059946481062,-0.174367837002001,0.6893400369551285
2037,2019-03-06,0.6908335839962152,0.6885930426427139,0.6839337001298088,0.6894682212371332,0.1754983237610125,0.009708867091472895,-0.0007469943124145395,0.008046134502978197,0.009763566056849471,-0.07229917617401702,0.6885930426427139
2038,2019-03-07,0.6833651513358109,0.6841119984957407,0.6729615396635371,0.6842108768521258,0.1521609189427999,-0.007468432660404312,-0.0044810441469732565,-0.010972160466271696,-0.0052573443850074675,-0.023337404818212587,0.6841119984957407
2039,2019-03-08,0.6744029415702246,0.6714155531247309,0.6641837372685098,0.6729450118570365,0.2712518516593467,-0.00896220976558626,-0.012696445371009779,-0.008777802395027345,-0.011265864995089303,0.11909093271654678,0.6714155531247309
2040,2019-03-11,0.6781371771270919,0.6714155531247309,0.6649152171553693,0.6699407930541033,0.0988591179604459,0.003734235556867249,0.0,0.0007314798868595096,-0.003004218802933223,-0.1723927336989008,0.6714155531247309
2041,2019-03-12,0.6811246123762675,0.6863525425151205,0.6758874619020727,0.6842108793837915,0.0679461524467891,0.002987435249175663,0.014936989390389566,0.010972244746703441,0.014270086329688292,-0.030912965513656798,0.6863525425151205
2042,2019-03-13,0.6915805787870519,0.6893400369551285,0.6824708860712477,0.6924725879295266,0.0771719639283765,0.01045596641078439,0.0029874944400080095,0.006583424169175012,0.008261708545735047,0.009225811481587395,0.6893400369551285
2043,2019-03-14,0.6983021668332459,0.6960616251214815,0.6890541695620537,0.6962278249292086,0.0809272590244029,0.006721588046193938,0.006721588166353043,0.006583283490805947,0.0037552369996820545,0.003755295096026401,0.6960616251214815
2044,2019-03-15,0.7042768946701589,0.704276894670159,0.6941744802900796,0.7052404327274795,0.1369058447464851,0.005974727836912996,0.008215269548677462,0.005120310728025879,0.009012607798270844,0.0559785857220822,0.704276894670159
2045,2019-03-18,0.7027831117584539,0.6915804054073628,0.689785513635336,0.6939745236848354,0.0646716390758595,-0.0014937829117049883,-0.012696489262796207,-0.004388966654743531,-0.011265909042644129,-0.07223420567062559,0.6915804054073628
2046,2019-03-19,0.6960616097051399,0.6953147624844261,0.6832023143493127,0.6954767546984963,0.0378258270745081,-0.00672150205331401,0.003734357077063377,-0.006583199286023356,0.0015022310136609818,-0.026845812001351402,0.6953147624844261
2047,2019-03-20,0.69979581400856,0.7065174386895388,0.6941744827138595,0.702236216083657,0.0996517581018217,0.0037342043034200856,0.011202676205112616,0.010972168364546842,0.006759461385160703,0.061825931027313596,0.7065174386895388
2048,2019-03-22,0.7102516746234158,0.7065174386895388,0.6963689225959897,0.701485161307097,0.1238987499675147,0.010455860614855816,0.0,0.0021944398821301947,-0.0007510547765600117,0.024246991865693,0.7065174386895388
2049,2019-03-25,0.6938210693367979,0.6826183610052027,0.6802763956420543,0.6827088241898522,0.0702201200654902,-0.016430605286617883,-0.02389907768433608,-0.01609252695393537,-0.0187763371172448,-0.0536786299020245,0.6826183610052027
2050,2019-03-26,0.6938209882756429,0.7020363067589928,0.6890540750816004,0.6954766747407892,0.0649575092907819,-8.106115501060884e-08,0.019417945753790078,0.008777679439546104,0.012767850550936988,-0.005262610774708298,0.7020363067589928
2051,2019-03-27,0.7102518683035544,0.7095050209131195,0.7007579934514832,0.7097469573917111,0.077106993424985,0.016430880027911487,0.007468714154126754,0.011703918369882715,0.014270282650921895,0.012149484134203109,0.7095050209131195
2052,2019-03-28,0.7072641739653849,0.6990488562107712,0.6949058527191067,0.7014850503106028,0.0758725538605473,-0.0029876943381694776,-0.010456164702348336,-0.0058521407323764985,-0.0082619070811083,-0.0012344395644377087,0.6990488562107712
2053,2019-03-29,0.7035301440393092,0.6983022130326477,0.690517175266702,0.6932236514833193,0.1067595311728475,-0.0037340299260756327,-0.0007466431781234517,-0.004388677452404677,-0.008261398827283495,0.03088697731230021,0.6983022130326477
2054,2019-04-01,0.713239118604185,0.7027832571796209,0.7014893366447176,0.7067425994735906,0.0866836456248863,0.009708974564875739,0.0044810441469731455,0.010972161378015599,0.013518947990271313,-0.020075885547961206,0.7027832571796209
2055,2019-04-02,0.7117454707325426,0.7050238450907871,0.6971005021989511,0.7059915908795844,0.0391902076457288,-0.0014936478716424118,0.002240587911166214,-0.004388834445766432,-0.0007510085940062305,-0.0474934379791575,0.7050238450907871
2056,2019-04-03,0.6997958398531018,0.7035300759248899,0.690517108412173,0.699232022801136,0.0542503703318693,-0.011949630879440787,-0.001493769165897163,-0.006583393786778191,-0.0067595680784483525,0.0150601626861405,0.7035300759248899
2057,2019-04-04,0.70203640301952,0.6960616251214815,0.6890541695620537,0.6977299345838563,0.0402037474986356,0.0022405631664181858,-0.007468450803408411,-0.0014629388501192775,-0.0015020882172797068,-0.014046622833233699,0.6960616251214815
2058,2019-04-05,0.7020363067589929,0.7020363067589928,0.6905170349013066,0.6992319483624998,0.0716104888380675,-9.626052710487443e-08,0.005974681637511248,0.0014628653392528834,0.0015020137786434518,0.0314067413394319,0.7020363067589928
2059,2019-04-08,0.7042768871982167,0.6975552626120195,0.6897855932229447,0.6969788228196507,0.0416201044725694,0.002240580439223816,-0.0044810441469732565,-0.0007314416783618105,-0.002253125542849066,-0.029990384365498106,0.6975552626120195
2060,2019-04-09,0.6908337532438896,0.6968085316503233,0.6824709075422919,0.693223664606463,0.039021284336911,-0.013443133954327058,-0.0007467309616961959,-0.007314685680652855,-0.003755158213187726,-0.002598820135658396,0.6968085316503233
2061,2019-04-10,0.6923273119362046,0.6923273119362046,0.6824707735679143,0.6939745832650285,0.038488526209101,0.0014935586923149335,-0.004481219714118745,-1.3397437759188335e-07,0.0007509186585654692,-0.0005327581278099999,0.6923273119362046
2062,2019-04-11,0.690833779568621,0.6938211688856745,0.6817394534480846,0.6947258008619653,0.0404376413108448,-0.0014935323675835388,0.0014938569494699072,-0.0007313201198296815,0.0007512175969368595,0.0019491151017437952,0.6938211688856745
2063,2019-04-12,0.6968084569258535,0.6953147624844261,0.6832023143493127,0.6954767546984963,0.1264845760024948,0.00597467735723245,0.0014935935987516746,0.001462860901228047,0.0007509538365310098,0.08604693469165,0.6953147624844261
2064,2019-04-15,0.7035300974940296,0.6960616251214815,0.6897856495722046,0.6999830990658279,0.1033160944931001,0.006721640568176146,0.0007468626370553677,0.006583335222891895,0.0045063443673315495,-0.023168481509394698,0.6960616251214815
2065,2019-04-16,0.7020362907637214,0.6885930426427139,0.6883225794889306,0.6917213853588232,0.1023155487408716,-0.0014938067303081892,-0.0074685824787675825,-0.001463070083273954,-0.008261713707004681,-0.0010005457522284933,0.6885930426427139
2066,2019-04-17,0.6870993871354601,0.6841119984957407,0.6824707788109566,0.6872150958503788,0.1145559915798227,-0.014936903628261278,-0.0044810441469732565,-0.005851800677973973,-0.00450628950844445,0.012240442838951093,0.6841119984957407
2067,2019-04-18,0.6863525479290854,0.6781372290746567,0.6722300675190219,0.6789535014729968,0.0936874658904857,-0.0007468392063747498,-0.005974769421083992,-0.010240711291934712,-0.008261594377381942,-0.020868525689337003,0.6781372290746567
2068,2019-04-19,0.678137295247023,0.6856057676616378,0.6714986531006988,0.6774514580619063,0.087827126484576,-0.008215252682062357,0.007468538586981155,-0.0007314144183231397,-0.0015020434110905034,-0.005860339405909701,0.6856057676616378
2069,2019-04-22,0.6863526345181247,0.6758967728388496,0.6722301523263937,0.6797046419816037,0.0839548844824449,0.00821533927110163,-0.009708994822788197,0.0007314992256949315,0.0022531839196974213,-0.003872242002131099,0.6758967728388496
2070,2019-04-23,0.678884181660998,0.6811247235146647,0.6678412915646683,0.6751983325270787,0.092011226902986,-0.007468452857126717,0.005227950675815052,-0.004388860761725399,-0.004506309454525015,0.00805634242054111,0.6811247235146647
2071,2019-04-24,0.6848590020307418,0.6788842233870712,0.6714987331192006,0.6804557584739803,0.0774578341432989,0.0059748203697438385,-0.00224050012759347,0.0036574415545322925,0.005257425946901595,-0.014553392759687103,0.6788842233870712
2072,2019-04-25,0.6744029854166527,0.6841119984957407,0.6707670998602864,0.6744471651078034,0.0924010499233348,-0.010456016614089125,0.005227775108669452,-0.0007316332589142327,-0.006008593366176873,0.014943215780035893,0.6841119984957407
2073,2019-04-26,0.6751499124762308,0.677390454221174,0.6649153390734036,0.6744472449242955,0.0962343096234309,0.0007469270595781285,-0.006721544274566615,-0.005851760786882765,7.981649208232966e-08,0.0038332597000960977,0.677390454221174
2074,2019-05-07,0.6796310378596885,0.6751499540935806,0.6685727803902399,0.6751983413830739,0.1223914342888328,0.004481125383457685,-0.00224050012759347,0.0036574413168363185,0.0007510964587783553,0.026157124665401904,0.6751499540935806
2075,2019-05-08,0.6646939418625883,0.6699218717424065,0.6583319107919102,0.6669365870343735,0.109943085839029,-0.014937095997100136,-0.005228082351174113,-0.010240869598329705,-0.008261754348700356,-0.012448348449803803,0.6699218717424065
2076,2019-05-09,0.668428275830971,0.666187734124275,0.6576005276379806,0.6661856303292452,0.1234179682424179,0.0037343339683826304,-0.003734137618131461,-0.0007313831539296212,-0.0007509567051283694,0.0134748824033889,0.666187734124275
2077,2019-05-10,0.669921822234836,0.6654407398118605,0.6641837009154291,0.6631812644492897,0.1376984848878609,0.0014935464038650093,-0.0007469943124145395,0.006583173277448506,-0.0030043658799554507,0.014280516645443012,0.6654407398118605
2078,2019-05-13,0.659466104394481,0.6617066460855154,0.6510172030108681,0.6586750774688199,0.084357701603472,-0.010455717840355039,-0.0037340937263450336,-0.013166497904561036,-0.004506186980469784,-0.053340783284388904,0.6617066460855154
2079,2019-05-14,0.6505039567581161,0.6519976512627272,0.6429709418799233,0.6496624387273493,0.1241586319810805,-0.008962147636364826,-0.009708994822788197,-0.008046261130944754,-0.009012638741470624,0.0398009303776085,0.6519976512627272
2080,2019-05-15,0.6497570065741125,0.651250700842099,0.6437023199322744,0.6496623358106486,0.12066321889862,-0.0007469501840036141,-0.0007469504206282229,0.0007313780523511282,-1.0291670071715942e-07,-0.0034954130824604995,0.651250700842099
2081,2019-05-16,0.5929967057243041,0.5959840946700184,0.5866469674919523,0.5873248743175111,0.2963954364718418,-0.05676030084980843,-0.05526660617208057,-0.057055352440322116,-0.06233746149313746,0.1757322175732218,0.5959840946700184
2082,2019-05-17,0.5989715188613858,0.6019589079828889,0.6063969634267682,0.6000928416795275,0.1795524831726396,0.005974813137081703,0.0059748133128704195,0.019749995934815856,0.012767967362016353,-0.11684295329920219,0.6019589079828889
2083,2019-05-20,0.5982246340517756,0.5937435506506387,0.596156205293912,0.5970885847388113,0.1413628212791392,-0.0007468848096101599,-0.008215357332250206,-0.010240758132856187,-0.0030042569407161546,-0.0381896618935004,0.5937435506506387
2084,2019-05-21,0.5900093718662134,0.5773129676614974,0.5822581417998145,0.5768101606018574,0.1813196808648873,-0.008215262185562233,-0.01643058298914124,-0.013898063494097501,-0.02027842413695391,0.0399568595857481,0.5773129676614974
2085,2019-05-22,0.5765660202519153,0.5661101597810256,0.5661654817940991,0.56704634849522,0.1426232490449336,-0.013443351614298105,-0.011202807880471788,-0.01609266000571541,-0.00976381210663746,-0.03869643181995372,0.5661101597810256
2086,2019-05-23,0.5623759294436989,0.5578948463405619,0.5529988481352824,0.56103791589741,0.1262766703916422,-0.014190090808216427,-0.008215313440463778,-0.013166633658816651,-0.006008432597809921,-0.016346578653291394,0.5578948463405619
2087,2019-05-24,0.547438960476633,0.5481858076259872,0.5398321839554328,0.5430125762449675,0.2230697263442397,-0.014936968967065867,-0.009709038714574625,-0.013166664179849685,-0.018025339652442574,0.09679305595259749,0.5481858076259872
2088,2019-05-27,0.5481858466945003,0.543704763479014,0.5391007424524031,0.5437636697372457,0.1064086904545336,0.0007468862178673374,-0.0044810441469732565,-0.0007314415030296173,0.0007510934922781987,-0.11666103588970608,0.543704763479014
2089,2019-05-28,0.5437047987832769,0.5496795767918844,0.5383692974340267,0.5467679244102249,0.1300449595883469,-0.00448104791122339,0.0059748133128704195,-0.0007314450183764087,0.0030042546729792674,0.02363626913381328,0.5496795767918844
2090,2019-05-29,0.5451984578841761,0.543704763479014,0.5383692624762126,0.5422615601523362,0.1659346656617895,0.0014936591008991584,-0.0059748133128704195,-3.495781408791032e-08,-0.004506364257888751,0.03588970607344261,0.543704763479014
2091,2019-05-30,0.5332489695131137,0.5384769005867718,0.5288600891055983,0.5347510792863901,0.1680267158709945,-0.011949488371062356,-0.005227862892242197,-0.009509173370614299,-0.007510480865946079,0.0020920502092049986,0.5384769005867718
2092,2019-05-31,0.5325020409093383,0.5302614993627351,0.5237396486605517,0.5294936142317398,0.1517321136204163,-0.0007469286037754541,-0.008215401224036634,-0.00512044044504667,-0.005257465054650301,-0.01629460225057819,0.5302614993627351
2093,2019-06-03,0.5295147855760858,0.5325021750574741,0.5215453401797483,0.5294937476219914,0.1067205488708126,-0.002987255333252503,0.0022406756947389583,-0.0021943084808033753,1.3339025162206752e-07,-0.0450115647496037,0.5325021750574741
2094,2019-06-04,0.5310084102991203,0.5354894939303365,0.5244711915860909,0.5332489521147284,0.1167130122924192,0.0014936247230344923,0.00298731887286241,0.0029258514063426055,0.00375520449273703,0.009992463421606604,0.5354894939303365
2095,2019-06-05,0.5519200688697125,0.5578948463405619,0.5471470084724752,0.5467678751985469,0.1750045479352374,0.020911658570592184,0.022405352410225343,0.022675816886384315,0.013518923083818413,0.05829153564281819,0.5578948463405619
2096,2019-06-06,0.55416068689646,0.5466922140272356,0.5508044842737468,0.5497721701626003,0.133475402167416,0.002240618026747576,-0.0112026323133263,0.0036574758012716257,0.003004294964053411,-0.04152914576782141,0.5466922140272356
2097,2019-06-07,0.5496795857110709,0.5586417528694035,0.5493415067030405,0.5527763721094432,0.1128407702902882,-0.004481101185389136,0.011949538842167984,-0.0014629775707063475,0.0030042019468429215,-0.020634631877127788,0.5586417528694035
2098,2019-06-10,0.5623759533595534,0.5526669395565332,0.5522673916634048,0.5557805561174151,0.162530211284077,0.012696367648482476,-0.0059748133128703085,0.002925884960364278,0.0030041840079718662,0.04968944099378879,0.5526669395565332
2099,2019-06-11,0.5504264155362335,0.5556543462129684,0.5464155692498496,0.5520252997673476,0.1112684841082148,-0.011949537823319867,0.0029874066564351542,-0.005851822413555197,-0.0037552563500674596,-0.05126172717586219,0.5556543462129684
2100,2019-06-12,0.5601354164832032,0.5571480275952928,0.5537303563572719,0.5602868897225902,0.1722238103900829,0.009709000946969693,0.0014936813823244188,0.0073147871074222826,0.00826158995524262,0.06095532628186809,0.5571480275952928
2101,2019-06-13,0.5616291727518972,0.5601354781435144,0.5559248575396373,0.5595358965049383,0.1762129992983185,0.0014937562686939687,0.002987450548221582,0.002194501182365416,-0.0007509932176519296,0.0039891889082356025,0.5601354781435144
2102,2019-06-14,0.5601353069714868,0.551919989135905,0.5544617279499814,0.5542783428602808,0.3118324280776527,-0.0014938657804103306,-0.008215489007609378,-0.0014631295896558871,-0.00525755364465752,0.13561942877933422,0.551919989135905
2103,2019-06-17,0.5549074928774836,0.5638696596534322,0.5551933232993502,0.5580337322739765,0.1454169806907664,-0.005227814094003191,0.011949670517527156,0.000731595349368841,0.0037553894136956867,-0.16641544738688632,0.5638696596534322
2104,2019-06-18,0.5623759936390542,0.5631228409081632,0.5581192715496882,0.5640421993774607,0.1622443410691546,0.007468500761570573,-0.0007468187452689401,0.002925948250337984,0.0060084671034842385,0.016827360378388223,0.5631228409081632
2105,2019-06-19,0.5720850060554321,0.5758192423873866,0.5661655499440376,0.5738059104608061,0.2192494607448218,0.009709012416377893,0.012696401479223351,0.008046278394349349,0.009763711083345394,0.05700511967566718,0.5758192423873866
2106,2019-06-20,0.5803002972798879,0.5765660611326556,0.57055440195242,0.5775611561735801,0.1309675407365056,0.008215291224455745,0.0007468187452690511,0.00438885200838246,0.003755245712773969,-0.0882819200083162,0.5765660611326556
2107,2019-06-21,0.5810471240985909,0.5713381104568407,0.5690914219566446,0.5685484783682251,0.3055822656513943,0.0007468268187030835,-0.005227950675814941,-0.001462979995775382,-0.009012677805354974,0.1746147249148887,0.5713381104568407
2108,2019-06-24,0.5720849471008381,0.5750723358585449,0.5654340116361495,0.5730547965496429,0.0776527456534733,-0.008962176997752813,0.0037342254017042054,-0.003657410320495158,0.004506318181417779,-0.227929519997921,0.5750723358585449
2109,2019-06-25,0.5720849659622055,0.5653633410357566,0.5625081103285453,0.5632911029911393,0.1174666701317601,1.886136735684829e-08,-0.009708994822788308,-0.002925901307604173,-0.009763693558503594,0.0398139244782868,0.5653633410357566
2110,2019-06-26,0.5649851255125135,0.5649851255125135,0.5585453514660649,0.5651257406237897,0.0867486161282777,-0.00709984044969203,-0.00037821552324313057,-0.003962758862480431,0.0018346376326504599,-0.030718054003482403,0.5649851255125135
2111,2019-06-27,0.5664978425187479,0.5717922148787362,0.5615084957268247,0.5674075797411684,0.0863977754099638,0.0015127170062344542,0.006807089366222763,0.0029631442607598313,0.00228183911737867,-0.0003508407183138995,0.5717922148787362
2112,2019-06-28,0.5801119251082069,0.5687668418270816,0.5711385711714486,0.5681681623149697,0.2030068348969567,0.013614082589458953,-0.003025373051654623,0.009630075444623909,0.0007605825738012939,0.1166090594869929,0.5687668418270816
2113,2019-07-01,0.57784295234193,0.5763302744562181,0.5711386145521701,0.5780560055652697,0.1265105642038514,-0.002268972766276911,0.007563432629136502,4.3380721459485017e-08,0.00988784325030001,-0.0764962706931053,0.5763302744562181
2114,2019-07-02,0.5770866476453497,0.5823810205595272,0.577064860102493,0.5803378400264503,0.1670521583201226,-0.0007563046965802789,0.006050746103309135,0.0059262455503229505,0.0022818344611805763,0.0405415941162712,0.5823810205595272
2115,2019-07-03,0.5869189748422056,0.5838936193017817,0.5785463345091398,0.5864225608697275,0.1473271134904753,0.009832327196855895,0.0015125987422545117,0.00148147440664681,0.006084720843277269,-0.019725044829647292,0.5838936193017817
2116,2019-07-04,0.5854062707594292,0.5869189484616499,0.574842426888365,0.5826195349361831,0.0677902232386496,-0.0015127040827763727,0.0030253291598681953,-0.0037039076207748822,-0.003803025933544424,-0.07953689025182571,0.5869189484616499
2117,2019-07-05,0.5831373934409342,0.5884317666628364,0.5770648936432088,0.5826196740474041,0.1137503573377686,-0.0022688773184950106,0.0015128182011864277,0.0022224667548438326,1.3911122098697604e-07,0.045960134099119004,0.5884317666628364
2118,2019-07-08,0.5861627154982255,0.5823810205595272,0.5785464130167485,0.5856620403936654,0.1261727175862158,0.0030253220572913353,-0.006050746103309135,0.0014815193735396859,0.003042366346261316,0.012422360248447187,0.5823810205595272
2119,2019-07-09,0.585406410536035,0.5884317666628364,0.5807687761441279,0.5879438747240775,0.1145170092777878,-0.0007563049621904794,0.006050746103309135,0.0022223631273794453,0.002281834330412069,-0.011655708308427992,0.5884317666628364
2120,2019-07-10,0.5838936323843659,0.5861626490905227,0.5778055710987104,0.5856619740426852,0.119597702643,-0.0015127781516691696,-0.002269117572313628,-0.002963205045417472,-0.002281900681392335,0.005080693365212205,0.5861626490905227
2121,2019-07-11,0.5846500236290726,0.5876753795081363,0.5755832935100266,0.5849014264415582,0.0836690142675225,0.0007563912447067223,0.0015127304176135725,-0.002222277588683874,-0.0007605476011269818,-0.0359286883754775,0.5876753795081363
2122,2019-07-12,0.5899442673144759,0.5733048136209907,0.5778054963820793,0.5750135001590413,0.1675329400452194,0.0052942436854033215,-0.014370565887145581,0.00222220287205277,-0.00988792628251689,0.0838639257776969,0.5733048136209907
2123,2019-07-16,0.5748175484803831,0.568010498564168,0.568175461365064,0.5704499577673187,0.1202344135762363,-0.015126718834092778,-0.005294315056822763,-0.009630035017015315,-0.00456354239172263,-0.04729852646898311,0.568010498564168
2124,2019-07-17,0.5634724787524055,0.5551527508782088,0.5526191711963547,0.5559985721243179,0.1584110813690584,-0.011345069727977664,-0.012857747685959153,-0.015556290168709297,-0.014451385643000747,0.03817666779282211,0.5551527508782088
2125,2019-07-18,0.5513710208241437,0.5339752273001995,0.5400259380911366,0.53546233861431,0.218768679019725,-0.012101457928261783,-0.021177523578009283,-0.012593233105218093,-0.020536233510007884,0.06035759765066659,0.5339752273001995
2126,2019-07-19,0.5354879097809792,0.5498583480378133,0.5392851665869868,0.5369835432363235,0.155500402817121,-0.015883111043164533,0.015883120737613776,-0.0007407715041498619,0.001521204622013439,-0.063268276202604,0.5498583480378133
2127,2019-07-22,0.5513711603510771,0.5581782117134362,0.5474338398328402,0.5529562765368659,0.1399984407079186,0.015883250570097984,0.008319863675622874,0.008148673245853444,0.015972733300542385,-0.015501962109202405,0.5581782117134362
2128,2019-07-23,0.555909063569437,0.5657414687754271,0.5548414741469443,0.5590409456177154,0.0836950024688791,0.0045379032183598955,0.007563257061990902,0.007407634314104072,0.006084669080849592,-0.05630343823903948,0.5657414687754271
2129,2019-07-24,0.5664978076374263,0.5657414687754271,0.5555822504809188,0.561322745395747,0.1074742067101535,0.010588744067989264,0.0,0.0007407763339745133,0.002281799778031557,0.023779204241274388,0.5657414687754271
2130,2019-07-25,0.5612034889246695,0.5521274217183406,0.5511376448419303,0.5529561987472753,0.1809298578445385,-0.005294318712756763,-0.013614047057086465,-0.004444605638988519,-0.008366546648471695,0.073455651134385,0.5521274217183406
2131,2019-07-26,0.5483457748740828,0.5528838088730407,0.5452114811587531,0.5506744467805903,0.1067725252735258,-0.012857714050586777,0.0007563871547000556,-0.005926163683177221,-0.0022817519666850083,-0.07415733257101269,0.5528838088730407
2132,2019-07-29,0.5491021635634676,0.5460768072903907,0.5385445416722361,0.5445896955448922,0.1869721146599443,0.0007563886893848792,-0.0068070015826500185,-0.006666939486516976,-0.0060847512356980715,0.08019958938641848,0.5460768072903907
2133,2019-07-30,0.5460766183542587,0.5438076019345042,0.5392851316218795,0.5430683073827156,0.4288962810883859,-0.0030255452092089463,-0.0022692053558864833,0.0007405899496434332,-0.0015213881621766179,0.2419241664284416,0.5438076019345042
2134,2019-07-31,0.5400259731610126,0.5475893621408587,0.5392851967917931,0.5415471730854098,0.1305387354141219,-0.0060506451932460514,0.0037817602063545674,6.516991357674584e-08,-0.0015211342973058262,-0.298357545674264,0.5475893621408587
2135,2019-08-01,0.5415386815404097,0.5453203762439042,0.5348405687816277,0.5392654036538583,0.0845786013150029,0.0015127083793970986,-0.0022689858969545673,-0.00444462801016543,-0.0022817694315514503,-0.04596013409911899,0.5453203762439042
2136,2019-08-02,0.5347316060554642,0.5256555391917223,0.5266920036175199,0.5263351789404391,0.1596065386314613,-0.006807075484945524,-0.019664837052181916,-0.00814856516410778,-0.012930224713419203,0.07502793731645839,0.5256555391917223
2137,2019-08-05,0.5203611627890693,0.5173358071914586,0.5096541429785947,0.5141655754103001,0.1571246654019075,-0.014370443266394917,-0.008319732000263702,-0.017037860638925206,-0.012169603530139073,-0.002481873229553788,0.5173358071914586
2138,2019-08-06,0.5014527112982522,0.5211175235060267,0.5111357171194594,0.5035171970002384,0.1299020244808856,-0.018908451490817102,0.00378171631456814,0.0014815741408646943,-0.01064837841006161,-0.027222640921021918,0.5211175235060267
2139,2019-08-07,0.5158231423879127,0.5196048369801994,0.5148395905433345,0.515686788329374,0.1517451077210946,0.014370431089660518,-0.001512686525827256,0.003703873423875126,0.012169591329135532,0.021843083240209005,0.5196048369801994
2140,2019-08-08,0.5233865831838811,0.5286809561351632,0.531136723482936,0.525574639932761,0.2515527950310559,0.007563440795968379,0.009076119154963758,0.016297132939601444,0.00988785160338701,0.09980768730996128,0.5286809561351632
2141,2019-08-09,0.5370006657291303,0.5407823605582087,0.5348405865428091,0.5377442215011576,0.1975493126120741,0.013614082545249206,0.012101404423045525,0.003703863059873136,0.012169581568396648,-0.054003482418981785,0.5407823605582087
2142,2019-08-13,0.537756981397292,0.5596908104556907,0.5503968678462997,0.5400259981964367,0.2511239897086723,0.0007563156681617,0.01890844989748197,0.015556281303490627,0.0022817766952790697,0.05357467709659819,0.5596908104556907
2143,2019-08-14,0.5642288657323666,0.5634725267702589,0.5526192182893138,0.556759219531945,0.1294602250578237,0.026471884335074636,0.003781716314568251,0.0022223504430141094,0.016733221335508253,-0.12166376465084858,0.5634725267702589
2144,2019-08-15,0.5528837991919024,0.5589345110845634,0.5496561303479263,0.5529562372920258,0.1418176148028795,-0.011345066540464188,-0.004538015685695562,-0.0029630879413875544,-0.0038029822399191504,0.012357389745055791,0.5589345110845634
2145,2019-08-16,0.5528838300436714,0.5566655251876088,0.5474338315275934,0.5506744678666216,0.0924530263260479,3.0851768917372624e-08,-0.0022689858969545673,-0.0022222988203328686,-0.0022817694254042564,-0.04936458847683159,0.5566655251876088
2146,2019-08-19,0.559690823392839,0.5619598402444316,0.5511376569893048,0.559041011055059,0.0799786896748876,0.006806993349167678,0.005294315056822763,0.0037038254617114408,0.008366543188437436,-0.012474336651160309,0.5619598402444316
2147,2019-08-20,0.5581781540355047,0.5634725267702589,0.5518784418572906,0.557519819558628,0.1011460796798253,-0.0015126693573342953,0.001512686525827367,0.0007407848679857887,-0.0015211914964310402,0.021167390004937697,0.5634725267702589
2148,2019-08-21,0.5604471580367989,0.561203496981518,0.5526192055842543,0.5582804067500968,0.0798487486681046,0.0022690040012941504,-0.002269029788740995,0.0007407637269636336,0.0007605871914688755,-0.021297331011720697,0.561203496981518
2149,2019-08-22,0.5604472288342225,0.5581782117134362,0.5489153928499793,0.5590410773790873,0.088853660438161,7.079742359028529e-08,-0.0030252852680817677,-0.0037038127342750027,0.0007606706289904341,0.009004911770056398,0.5581782117134362
2150,2019-08-23,0.5521274082589869,0.5574217806669497,0.5481745258615073,0.5544773852271893,0.0750799137191715,-0.008319820575235615,-0.0007564310464864832,-0.0007408669884719776,-0.004563692151898002,-0.013773746718989496,0.5574217806669497
2151,2019-08-26,0.5392696826265774,0.5407823605582087,0.5370629158497736,0.540026021592393,0.1219366407650926,-0.0128577256324095,-0.016639420108740977,-0.011111610011733664,-0.014451363634796266,0.0468567270459211,0.5407823605582087
2152,2019-08-27,0.544563993533942,0.5377569436147678,0.5370628548484322,0.5400259602544926,0.1190909327165467,0.005294310907364652,-0.0030254169434409395,-6.100134142261737e-08,-6.133790042550658e-08,-0.0028457080485459058,0.5377569436147678
2153,2019-08-28,0.5422949243213344,0.5438076019345042,0.5385443553421791,0.5423077075124317,0.137256685464799,-0.0022690692126076106,0.006050658319736391,0.0014815004937469567,0.0022817472579391707,0.0181657527482523,0.5438076019345042
2154,2019-08-29,0.5422950298474298,0.5392696740323815,0.5326182487476505,0.5407866130044339,0.0799397073728527,1.0552609541747415e-07,-0.004537927902122707,-0.005926106594528635,-0.0015210945079978666,-0.05731697809194629,0.5392696740323815
2155,2019-08-30,0.5498583875766953,0.549102048666686,0.5407667581275722,0.5491531814380669,0.101042126874399,0.007563357729265419,0.00983237463430453,0.008148509379921731,0.008366568433633037,0.021102419501546288,0.549102048666686
2156,2019-09-02,0.5453203454469049,0.5475893621408587,0.5385444204225737,0.5453501728964029,0.0695964032329322,-0.004538042129790365,-0.001512686525827256,-0.002222337704998578,-0.0038030085416640436,-0.03144572364146679,0.5475893621408587
2157,2019-09-03,0.5475893747664472,0.5574217806669497,0.547433749475208,0.5506743853285117,0.1018087788144182,0.002269029319542315,0.009832418526090958,0.008889329052634287,0.005324212432108788,0.032212375581486,0.5574217806669497
2158,2019-09-04,0.553640147872867,0.5528838088730407,0.542989151751856,0.5529562469744325,0.0680501052522155,0.006050773106419771,-0.004537971793909024,-0.0044445977233519285,0.002281861645920813,-0.033758673562202704,0.5528838088730407
2159,2019-09-05,0.555909156275997,0.5513711223472133,0.5511376843879138,0.5537168384765987,0.149094311182723,0.002269008403130046,-0.001512686525827367,0.008148532636057748,0.0007605915021662302,0.08104420593050751,0.5513711223472133
2160,2019-09-06,0.5528837606522014,0.5521274217183406,0.5415075515852837,0.549913798754168,0.1362171574105356,-0.003025395623795668,0.0007562993711273114,-0.009630132802630031,-0.003803039722430679,-0.0128771537721874,0.5521274217183406
2161,2019-09-09,0.5521273649586811,0.5649851255125135,0.5541006934968389,0.5544773417425878,0.0980924660204267,-0.000756395693520262,0.012857703794172837,0.012593141911555139,0.0045635429884197665,-0.038124691390108906,0.5649851255125135
2162,2019-09-10,0.5642287910514285,0.5657414687754271,0.5600269084847661,0.564365145099789,0.1119701655448426,0.012101426092747447,0.000756343262913628,0.005926214987927225,0.009887803357201186,0.013877699524415893,0.5657414687754271
2163,2019-09-11,0.5770866212350113,0.5854063497193954,0.5748425044234734,0.5780560134143697,0.1505756386600483,0.012857830183582775,0.019664880943968344,0.014815595938707293,0.013690868314580773,0.03860547311520571,0.5854063497193954
2164,2019-09-12,0.5869189879925749,0.5861626490905227,0.5778055710987104,0.5833801741438176,0.1476909483094675,0.009832366757563604,0.0007562993711273114,0.002963066675237047,0.005324160729447858,-0.0028846903505808097,0.5861626490905227
2165,2019-09-13,0.591457047603559,0.5907007086680045,0.5815094787227691,0.5902255999845436,0.2085942981886223,0.00453805961098408,0.004538059577481768,0.0037039076240587,0.006845425840726005,0.0609033498791548,0.5907007086680045
2166,2019-09-17,0.5929697470564085,0.5944824249825728,0.5844726056193127,0.5925074215493976,0.1054731152056966,0.0015126994528494864,0.003781716314568251,0.0029631268965435442,0.002281821564854014,-0.10312118298292569,0.5944824249825728
2167,2019-09-18,0.596751424518535,0.5914570519309182,0.5852133650345281,0.5917468043139829,0.0831622443410691,0.0037816774621265425,-0.003025373051654512,0.0007407594152154529,-0.0007606172354147622,-0.022310870864627505,0.5914570519309182
2168,2019-09-19,0.5990203749131956,0.6028020691992637,0.5963249450763766,0.6001133378251691,0.127069310533018,0.002268950394660574,0.01134501726834547,0.011111580041848423,0.008366533511186214,0.04390706619194891,0.6028020691992637
2169,2019-09-20,0.6073401067758502,0.6035584124621773,0.5970657257639703,0.6023951419859715,0.1276540450635411,0.008319731862654556,0.000756343262913628,0.0007407806875937561,0.002281804160802481,0.0005847345305231011,0.6035584124621773
2170,2019-09-24,0.6050710945376333,0.5967513669877409,0.5948434010363439,0.5993527465878481,0.095168793367811,-0.00226901223821685,-0.006807045474436446,-0.0022223247276264013,-0.003042395398123454,-0.032485251695730105,0.5967513669877409
2171,2019-09-25,0.5899443954656663,0.5952387682454864,0.5852133862797013,0.5887044256637125,0.1079030120325372,-0.015126699071966954,-0.0015125987422545117,-0.009630014756642602,-0.01064832092413559,0.012734218664726196,0.5952387682454864
2172,2019-09-26,0.5990203879981246,0.5899443215133046,0.586694865611332,0.5909861516802241,0.1043036461446503,0.009075992532458277,-0.005294446732181823,0.0014814793316306751,0.002281726016511554,-0.003599365887886896,0.5899443215133046
2173,2019-09-27,0.5869189526963203,0.5801119029872135,0.5800278653364839,0.5810983392987367,0.1180903869643182,-0.012101435301804297,-0.009832418526091069,-0.006667000274848123,-0.009887812381487393,0.013786740819667895,0.5801119029872135
2174,2019-09-30,0.5770866090676627,0.5755739311933045,0.5703978338577947,0.5750136012201267,0.1166220535876711,-0.009832343628657592,-0.004537971793909024,-0.009630031478689127,-0.006084738078609986,-0.0014683333766471046,0.5755739311933045
2175,2019-10-01,0.5717922145349363,0.5793556036160863,0.5711385883180469,0.5727317792067074,0.1032511239897086,-0.005294394532726399,0.0037816724227818233,0.0007407544602521243,-0.00228182201341931,-0.013370929597962503,0.5793556036160863
2176,2019-10-02,0.5748175835932577,0.5740612446674771,0.5652123904864308,0.5734923925740028,0.077730710257543,0.0030253690583214032,-0.00529435894860919,-0.005926197831616076,0.0007606133672953819,-0.025520413732165598,0.5740612446674771
2177,2019-10-03,0.5612035012939007,0.5619598402444316,0.5526192098306738,0.5598016110700998,0.1097351802281764,-0.013614082299357011,-0.012101404423045525,-0.012593180655756986,-0.013690781503902905,0.0320044699706334,0.5619598402444316
2178,2019-10-04,0.5566654196605479,0.5687668418270816,0.5585453731041145,0.5590409629203518,0.1088385872813742,-0.004538081633352786,0.0068070015826500185,0.005926163273440643,-0.0007606481497480777,-0.0008965929468021938,0.5687668418270816
2179,2019-10-07,0.5672542207029228,0.5710359155076089,0.5607677581737328,0.5658864189763828,0.0728059461004703,0.010588801042374807,0.0022690736805273115,0.00222238506961836,0.006845456056031041,-0.03603264118090391,0.5710359155076089
2180,2019-10-08,0.5740612316044454,0.5717922148787362,0.5689162595226932,0.5742529794967589,0.086982509940487,0.006807010901522692,0.0007562993711273114,0.00814850134896039,0.008366560520376098,0.014176563840016698,0.5717922148787362
2181,2019-10-09,0.5657415631216949,0.5513711223472133,0.5541007902179563,0.5544774385294512,0.1322279685022999,-0.008319668482750564,-0.02042109253152291,-0.014815469304736872,-0.019775540967307714,0.045245458561812904,0.5513711223472133
2182,2019-10-10,0.5543964435322909,0.5453203762439042,0.5437298857142864,0.5438290036847796,0.1637126744458016,-0.011345119589403985,-0.006050746103309135,-0.010370904503669953,-0.010648434844671595,0.031484705943501695,0.5453203762439042
2183,2019-10-11,0.5483457398944531,0.5543964515070815,0.5489153284876173,0.546110811555845,0.2139478676680787,-0.006050703637837773,0.00907607526317733,0.005185442773330884,0.0022818078710653555,0.0502351932222771,0.5543964515070815
2184,2019-10-15,0.5543965165121256,0.5581782117134362,0.5481746163414097,0.5537168766421436,0.1743418488006445,0.006050776617672504,0.0037817602063546785,-0.0007407121462075228,0.007606065086298686,-0.0396060188674342,0.5581782117134362
2185,2019-10-16,0.5664978695945511,0.561203496981518,0.5563230876592158,0.5613228067868821,0.1838665245978326,0.012101353082425437,0.0030252852680817677,0.00814847131780605,0.0076059301447384264,0.009524675797188104,0.561203496981518
2186,2019-10-17,0.561203559360334,0.5566655251876088,0.5526192670089103,0.556759268616529,0.1109696197926141,-0.0052943102342171144,-0.004537971793909135,-0.0037038206503055005,-0.004563538170353043,-0.07289690480521849,0.5566655251876088
2187,2019-10-18,0.5619598488460434,0.5634725267702589,0.5526192182893138,0.5613228196920428,0.1173887055276904,0.0007562894857094937,0.0068070015826501296,-4.8719596468238535e-08,0.004563551075513761,0.006419085735076296,0.5634725267702589
2188,2019-10-21,0.5657415427810484,0.5710359155076089,0.5607677581737328,0.5681682190529005,0.1000155929208139,0.0037816939350049372,0.007563388737349963,0.008148539884418993,0.006845399360857707,-0.017373112606876503,0.5710359155076089
2189,2019-10-23,0.5778428864175112,0.5801119029872135,0.5703977730639751,0.5772953396959963,0.1363211102159619,0.012101343636462869,0.009075987479604586,0.009630014890242289,0.009127120643095843,0.03630551729514801,0.5801119029872135
2190,2019-10-24,0.5801119550488446,0.5891880221421772,0.5778055882051686,0.5795771914712797,0.1135164635255594,0.0022690686313333597,0.009076119154963758,0.007407815141193486,0.0022818517752833944,-0.02280464669040251,0.5891880221421772
2191,2019-10-25,0.5846500115695302,0.5778429609820454,0.5755832816375032,0.5780560142085707,0.1065256373606382,0.004538056520685618,-0.011345061160131897,-0.002222306567665422,-0.0015211772627090614,-0.006990826164921193,0.5778429609820454
2192,2019-10-28,0.5846499625646954,0.5846499625646954,0.576324009754786,0.5856619653058656,0.0635931287195613,-4.900483485670293e-08,0.0068070015826500185,0.0007407281172828739,0.007605951097294894,-0.04293250864107691,0.5846499625646954
2193,2019-10-29,0.5884317047440664,0.5929697384567455,0.5822502678761783,0.589465012889911,0.1130616700018191,0.003781742179370995,0.00831977589205013,0.005926258121392247,0.0038030475840454825,0.049468541282257805,0.5929697384567455
2194,2019-10-30,0.595995107214032,0.5952387682454864,0.5881764920330163,0.5970710260284422,0.142155461420515,0.007563402469965674,0.002269029788740884,0.005926224156837967,0.007606013138531154,0.02909379141869589,0.5952387682454864
2195,2019-10-31,0.59750783504324,0.5884317666628364,0.5881765411459663,0.5894650749174127,0.1256789417604407,0.0015127278292079716,-0.0068070015826500185,4.911295004017546e-08,-0.007605951111029463,-0.016476519660074296,0.5884317666628364
2196,2019-11-01,0.5831373405363405,0.5944824249825728,0.58225027632038,0.5864226213280945,0.0774058577405857,-0.014370494506899534,0.006050658319736391,-0.005926264825586336,-0.003042453589318206,-0.048273084019855,0.5944824249825728
2197,2019-11-05,0.5944823461093627,0.6035584124621773,0.5918802914211072,0.5955497426452219,0.1061747966423243,0.011345005573022204,0.009075987479604586,0.009630015100727252,0.00912712131712734,0.028768938901738608,0.6035584124621773
2198,2019-11-06,0.6065838508892064,0.6103655457201865,0.5978065838740921,0.6069588245738557,0.1076561241196496,0.01210150477984373,0.00680713325800919,0.005926292452984927,0.01140908192863388,0.001481327477325295,0.6103655457201865
2199,2019-11-07,0.6088527669888528,0.6080964281478728,0.6000288138440869,0.6092405238031017,0.0755087190415551,0.002268916099646412,-0.002269117572313739,0.002222229969994771,0.002281699229245926,-0.03214740507809451,0.6080964281478728
2200,2019-11-08,0.6201979032552096,0.6096091585654865,0.6096589586580896,0.6107617764482108,0.1776033680708958,0.011345136266356803,0.0015127304176136835,0.009630144814002706,0.0015212526451091613,0.1020946490293407,0.6096091585654865
2201,2019-11-11,0.6096091720791029,0.6043147996168774,0.5985473262644355,0.6031557901120682,0.1055120975077315,-0.010588731176106703,-0.005294358948609079,-0.011111632393654092,-0.007605986336142623,-0.0720912705631643,0.6043147996168774
2202,2019-11-12,0.6058275343032683,0.6065838732974047,0.5941027236410795,0.6016346465836614,0.1427401959510382,-0.003781637775834623,0.0022690736805273115,-0.004444602623355998,-0.0015211435284068209,0.03722809844330671,0.6065838732974047
2203,2019-11-13,0.60053313668723,0.5944824249825728,0.5896580406501557,0.5978316217430379,0.0897502533849632,-0.005294397616038338,-0.012101448314831953,-0.004444682990923821,-0.003803024840623448,-0.052989942566075005,0.5944824249825728
2204,2019-11-14,0.5944824033457766,0.5907007086680045,0.586694913564883,0.594028599984444,0.1011460796798253,-0.00605073334145334,-0.003781716314568251,-0.0029631270852726876,-0.0038030217585939274,0.01139582629486209,0.5907007086680045
2205,2019-11-15,0.5907007138844352,0.6300303388805821,0.6200298573110491,0.5940286052302631,0.3351048623924738,-0.0037816894613413865,0.039329630212577626,0.03333494374616608,5.2458191124316045e-09,0.23395878271264847,0.6300303388805821
2206,2019-11-18,0.6300303709965234,0.6201979642462775,0.6170667831159365,0.6191284370114729,0.1525897242651836,0.039329657112088134,-0.009832374634304641,-0.002963074195112547,0.02509983178120978,-0.18251513812729017,0.6201979642462775
2207,2019-11-19,0.620197950447167,0.6254923231948867,0.6141036636511439,0.6198890232647044,0.0972738376776943,-0.009832420549356402,0.00529435894860919,-0.002963119464792663,0.0007605862532314989,-0.0553158865874893,0.6254923231948867
2208,2019-11-20,0.6217105933792262,0.6270049658289275,0.6185482874363122,0.6244525882857718,0.1115933366251721,0.001512642932059216,0.0015126426340408283,0.0044446237851683,0.004563565021067362,0.01431949894747779,0.6270049658289275
2209,2019-11-21,0.6262486141749372,0.6171725473028365,0.6148443929748767,0.6100011761545994,0.1447412874554952,0.004538020795710973,-0.009832418526090958,-0.0037038944614354863,-0.014451412131172403,0.0331479508303231,0.6171725473028365
2210,2019-11-22,0.6239796602405743,0.6126345755089274,0.6133629019361443,0.6153254378593631,0.0937524363938771,-0.002268953934362883,-0.004537971793909135,-0.0014814910387324076,0.005324261704763744,-0.05098885106161809,0.6126345755089274
2211,2019-11-25,0.6209542501530163,0.6262486225660139,0.6148444012131488,0.6236919839762364,0.0852153122482393,-0.003025410087557967,0.013614047057086465,0.0014814992770044721,0.008366546116873264,-0.0085371241456378,0.6262486225660139
2212,2019-11-26,0.6224669108347403,0.6156598607770093,0.6133628315394211,0.6191283670349079,0.1059279087294368,0.001512660681723954,-0.010588761789004586,-0.0014815696737277007,-0.004563616941328452,0.0207125964811975,0.6156598607770093
2213,2019-11-27,0.6111217966286137,0.6028020691992637,0.6000288267228138,0.6054375372735545,0.1250942072299176,-0.011345114206126605,-0.012857791577745581,-0.013334004816607292,-0.013690829761353385,0.019166298500480794,0.6028020691992637
2214,2019-11-28,0.6043147424913865,0.6020457259363501,0.5926210590932081,0.599352733517978,0.0681280698562852,-0.006807054137227153,-0.000756343262913628,-0.0074077676296057104,-0.006084803755576518,-0.0569661373736324,0.6020457259363501
2215,2019-11-29,0.6035584388856962,0.6005330833023091,0.5955841991689911,0.6023951683585629,0.1086176875698432,-0.0007563036056903449,-0.0015126426340409393,0.0029631400757830217,0.0030424348405848622,0.04048961771355801,0.6005330833023091
2216,2019-12-02,0.6058275204314674,0.6118782322460138,0.5992881451627625,0.6084800331811541,0.0817978637698484,0.002269081545771212,0.011345148943704642,0.0037039459937714403,0.006084864822591185,-0.0268198237999948,0.6118782322460138
2217,2019-12-03,0.5967514621688058,0.6058275300344911,0.5963250488294373,0.5970710420232314,0.1015878791028872,-0.009076058262661557,-0.006050702211522707,-0.0029630963333252547,-0.01140899115792271,0.0197900153330388,0.6058275300344911
2218,2019-12-04,0.6050710902965618,0.6111218011995274,0.6000288312107571,0.6069587416557264,0.1338002546843733,0.008319628127755996,0.005294271165036335,0.0037037823813198534,0.009887699632495028,0.03221237558148608,0.6111218011995274
2219,2019-12-05,0.6141471611211604,0.6194415331997911,0.6074365989803446,0.6145647453977848,0.1133085579147067,0.009076070824598603,0.008319732000263702,0.007407767769587514,0.0076060037420584425,-0.020491696769666584,0.6194415331997911
2220,2019-12-06,0.6194415107625719,0.6080964281478728,0.6118812348582909,0.61152232351772,0.1100470386444554,0.005294349641411511,-0.011345105051918325,0.004444635877946301,-0.0030424218800648717,-0.003261519270251298,0.6080964281478728
2221,2019-12-09,0.6118782236525785,0.6103655457201865,0.6000289131821743,0.6054376245122671,0.0896203123781803,-0.007563287109993433,0.002269117572313739,-0.011852321676116606,-0.006084699005452832,-0.020426726266275105,0.6103655457201865
2222,2019-12-10,0.6050711251270338,0.6096091585654865,0.5992880893735049,0.6084799765362001,0.0816419345617089,-0.00680709852554473,-0.0007563871547000556,-0.0007408238086694663,0.0030423520239329926,-0.0079783778164714,0.6096091585654865
2223,2019-12-11,0.6080965288215985,0.6103655457201865,0.5992881367461469,0.610001224697033,0.0849034538319603,0.003025403694564721,0.0007563871547000556,4.737264203136249e-08,0.0015212481608328776,0.003261519270251395,0.6103655457201865
2224,2019-12-12,0.6133909344664799,0.6239796805608457,0.6133629219106747,0.6160860579693718,0.1481457418332077,0.0052944056448813726,0.013614134840659209,0.014074785164527759,0.006084833272338774,0.0632422880012474,0.6239796805608457
2225,2019-12-13,0.6345684223215595,0.6232233372979321,0.625215341252698,0.625973854624787,0.2643389900984952,0.02117748785507967,-0.000756343262913628,0.011852419342023301,0.009887796655415282,0.11619324826528751,0.6232233372979321
2226,2019-12-16,0.6232232669014438,0.6262486225660139,0.6155851776001526,0.6244525839566952,0.0912965513656799,-0.011345155420115716,0.0030252852680817677,-0.00963016365254532,-0.001521270668091823,-0.1730424387328153,0.6262486225660139
2227,2019-12-17,0.6088527751438507,0.5869189484616499,0.5978064929109671,0.5894649341717256,0.3355986382182489,-0.014370491757593085,-0.03932967410436394,-0.01777868468918553,-0.0349876497849696,0.24430208685256902,0.5869189484616499
2228,2019-12-18,0.5854063361191236,0.5907007086680045,0.5844725843468341,0.5864225999846432,0.1640375269627589,-0.023446439024727095,0.0037817602063545674,-0.013333908564132968,-0.0030423341870824405,-0.17156111125549003,0.5907007086680045
2229,2019-12-19,0.5801119472848685,0.5725485581416498,0.5696570402346334,0.5757741838213211,0.1638686036539411,-0.005294388834255148,-0.01815215052635466,-0.014815544112200763,-0.010648416163322127,-0.00016892330881779216,0.5725485581416498
2230,2019-12-20,0.5664977899154645,0.5627160957237725,0.5592861146544355,0.5628439276401114,0.2252007588554796,-0.013614157369403967,-0.009832462417877386,-0.01037092558019792,-0.012930256181209687,0.06133215520153851,0.5627160957237725
2231,2019-12-23,0.5657415427810484,0.5710359155076089,0.5607677581737328,0.5689288190784063,0.0951557992671327,-0.0007562471344161326,0.008319819783836446,0.0014816435192973598,0.006084891438294937,-0.1300449595883469,0.5710359155076089
2232,2019-12-24,0.5740611398435638,0.5785991725695999,0.5711384973677422,0.5765346872590229,0.107318277502014,0.008319597062515394,0.007563257061991013,0.010370739194009437,0.007605868180616593,0.0121624782348813,0.5785991725695999
2233,2019-12-25,0.5725484622682184,0.5785991725695999,0.5681753923230328,0.5750134875564925,0.0567192494607448,-0.0015126775753453447,0.0,-0.0029631050447094243,-0.0015211997025303958,-0.0505990280412692,0.5785991725695999
2234,2019-12-26,0.5778429387793081,0.5816246334048272,0.5696570483553451,0.5795771919765884,0.0678032173393279,0.0052944765110897185,0.003025460835227256,0.0014816560323123174,0.004563704420095904,0.011083967878583095,0.5816246334048272
2235,2019-12-27,0.5797101278410938,0.5827733253461986,0.5752823577848466,0.5829761003923113,0.0702850905688817,0.0018671890617856235,0.0011486919413714602,0.005625309429501457,0.003398908415722879,0.002481873229553802,0.5827733253461986
2236,2019-12-30,0.5820075546507838,0.5781785575807128,0.5745323439098715,0.5791255602363529,0.1176875698432911,0.0022974268096900285,-0.004594767765485841,-0.0007500138749750862,-0.0038505401559584262,0.047402479274409395,0.5781785575807128
2237,2020-01-06,0.5597993649952521,0.5628625626149252,0.5527811128357748,0.5614129366991362,0.1627251227942514,-0.02220818965553173,-0.015315994965787616,-0.02175123107409671,-0.0177126235372167,0.04503755295096029,0.5628625626149252
2238,2020-01-07,0.5712863019118191,0.5858364892259271,0.5752823247652498,0.574504816288787,0.1926765248577146,0.011486936916566992,0.02297392661100195,0.022501211929474962,0.013091879589650857,0.029951402063463223,0.5858364892259271
2239,2020-01-08,0.5712863670870796,0.5728179659264551,0.5662818836366096,0.5675738577876918,0.1678577925621767,6.517526052185474e-08,-0.013018523299472062,-0.00900044112864018,-0.0069309585010952635,-0.02481873229553791,0.5728179659264551
2240,2020-01-09,0.5820075742223246,0.5774127775837273,0.5700321097321533,0.5775853521053647,0.1135684399282725,0.010721207135245048,0.004594811657272269,0.0037502260955437627,0.010011494317672898,-0.054289352633904206,0.5774127775837273
2241,2020-01-10,0.5812417163001123,0.5797101175746838,0.5715321367259453,0.5783554077161358,0.1416227032927051,-0.0007658579222122874,0.002297339990956493,0.0015000269937919253,0.0007700556107711476,0.028054263364432605,0.5797101175746838
2242,2020-01-14,0.580475902769381,0.5820075014574267,0.57078208062035,0.5798956210129241,0.1039657995270147,-0.0007658135307313518,0.0022973838827429205,-0.0007500561055953092,0.0015402132967883286,-0.037656903765690405,0.5820075014574267
2243,2020-01-15,0.5804759753427922,0.5774127775837273,0.5715321942314485,0.579125579710979,0.0750929078198497,7.257341116950755e-08,-0.004594723873699413,0.0007501136110985573,-0.0007700413019451346,-0.02887289170716499,0.5774127775837273
2244,2020-01-16,0.5804758975716694,0.5804758975716694,0.570782075509439,0.5806657295200373,0.1070194131864133,-7.777112276396991e-08,0.0030631199879420645,-0.000750118722009474,0.0015401498090582555,0.03192650536656359,0.5804758975716694
2245,2020-01-17,0.5843048957551699,0.5873680931116845,0.5760323720300145,0.5845162995163941,0.1090205046908703,0.003828998183500465,0.006892195540015078,0.005250296520575404,0.0038505699963568008,0.0020010915044570005,0.5873680931116845
2246,2020-01-20,0.5843049240987511,0.5827733253461986,0.5752823577848466,0.5852864416091896,0.0599417864289612,2.8343581259804296e-08,-0.004594767765485841,-0.0007500142451678515,0.0007701420927955782,-0.0490787182619091,0.5827733253461986
2247,2020-01-21,0.583539178147814,0.5789443814694847,0.5722822414297124,0.5798956985282374,0.1001715221289534,-0.0007657459509371467,-0.0038289438767139528,-0.003000116355134197,-0.0053907430809522205,0.040229735699992206,0.5789443814694847
2248,2020-01-22,0.57741276821552,0.5812417653522276,0.5707821427211718,0.5783554565246699,0.0779126276670391,-0.006126409932293964,0.0022973838827429205,-0.0015000987085406203,-0.0015402420035675046,-0.0222588944619143,0.5812417653522276
2249,2020-01-23,0.5804759753427922,0.5774127775837273,0.5692820674825058,0.579125579710979,0.0822526572935887,0.0030632071272721495,-0.0038289877685002693,-0.001500075238666021,0.0007701231863090907,0.004340029626549599,0.5774127775837273
2250,2020-01-24,0.5766469046016125,0.5751153059174117,0.5677819105714541,0.57681516473875,0.1016528496062787,-0.003829070741179663,-0.0022974716663156647,-0.0015001569110516533,-0.002310414972228947,0.019400192312689996,0.5751153059174117
2251,2020-01-27,0.5643942200462635,0.5605652226239686,0.5542812548379144,0.5621831088587411,0.1113334546116063,-0.012252684555349003,-0.014550083293443095,-0.013500655733539757,-0.014632055880008932,0.009680605005327608,0.5605652226239686
2252,2020-01-28,0.5552046262327558,0.5605652226239686,0.5505310433708107,0.5560221980767275,0.0998596637126744,-0.009189593813507702,0.0,-0.003750211467103637,-0.00616091078201364,-0.011473790898931899,0.5605652226239686
2253,2020-01-29,0.5590335898745908,0.5636283865036971,0.5542812213446237,0.5614129610867524,0.1388809480495854,0.003828963641835048,0.003063163879728492,0.0037501779738129404,0.005390763010024946,0.03902128433691099,0.5636283865036971
2254,2020-01-30,0.5529071295741881,0.5506097315288659,0.5475307769468636,0.5483209622085966,0.2252267470568362,-0.0061264603004027585,-0.013018654974831123,-0.006750444397760069,-0.01309199887815582,0.08634579900725081,0.5506097315288659
2255,2020-01-31,0.5575020246861327,0.5605652226239686,0.5587815085984388,0.5606428811632377,0.1624132643779724,0.0045948951119446635,0.009955491095102631,0.011250731651575197,0.012321918954641076,-0.0628134826788638,0.5605652226239686
2256,2020-02-03,0.5498439718454344,0.55597036707491,0.5497809430879295,0.5521715705963514,0.1501338392369864,-0.007658052840698315,-0.004594855549058585,-0.009000565510509317,-0.008471310566886325,-0.012279425140986011,0.55597036707491
2257,2020-02-04,0.5559703038634928,0.5567361031801091,0.5490308384511913,0.5567921898906218,0.1309545466358273,0.006126332018058345,0.000765736105199144,-0.0007501046367381914,0.004620619294270489,-0.01917929260115908,0.5567361031801091
2258,2020-02-05,0.5597993893127753,0.5636283865036971,0.5542812213446237,0.5614129610867524,0.11541360222459,0.00382908544928251,0.006892283323587933,0.0052503828934323815,0.00462077119613058,-0.015540944411237309,0.5636283865036971
2259,2020-02-06,0.5743495892675837,0.573583789815227,0.5685320345801327,0.5752750201550797,0.1264585878011382,0.01455019995480844,0.009955403311529887,0.01425081323550903,0.01386205906832727,0.011044985576548191,0.573583789815227
2260,2020-02-07,0.5689890169530174,0.5605652226239686,0.5602815931852801,0.5629532227064928,0.1108526728865095,-0.005360572314566325,-0.013018567191258379,-0.008250441394852537,-0.012321797448586858,-0.01560591491462869,0.5605652226239686
2261,2020-02-10,0.552907179505642,0.5590335748464248,0.5512810375324714,0.5506313530674287,0.1345409184230359,-0.016081837447375347,-0.0015316477775437765,-0.009000555652808773,-0.01232186963906412,0.02368824553652639,0.5590335748464248
2262,2020-02-12,0.5590335348399418,0.5536729393003808,0.549780913732269,0.5529416548384446,0.1172327763195509,0.006126355334299727,-0.005360635546044046,-0.0015001238002023687,0.002310301771015877,-0.017308142103484997,0.5536729393003808
2263,2020-02-13,0.5444833264216457,0.5475465237573511,0.5377802186715988,0.5375393600669724,0.2246160243249564,-0.014550208418296129,-0.0061264155430296174,-0.012000695060670252,-0.015402294771472147,0.1073832480054055,0.5475465237573511
2264,2020-02-14,0.5437175450162395,0.5398885482203505,0.5377802364043425,0.537539377791774,0.2323605083292185,-0.000765781405406174,-0.00765797553700065,1.7732743717857602e-08,1.772480151540634e-08,0.007744484004262114,0.5398885482203505
2265,2020-02-17,0.534527924835603,0.5444833159858363,0.5362801241010445,0.5375393497642542,0.153499311312664,-0.009189620180636515,0.004594767765485841,-0.0015001123032979402,-2.8027519749507235e-08,-0.0788611970165545,0.5444833159858363
2266,2020-02-18,0.5391228027053466,0.5429517998836516,0.5385303323600616,0.5398497728738474,0.1307466410249746,0.004594877869743663,-0.0015315161021847157,0.002250208259017117,0.0023104231095931738,-0.022752670287689403,0.5429517998836516
2267,2020-02-19,0.5414201683958431,0.5199777854890769,0.5317799201136858,0.5229072378016915,0.2100886197666259,0.0022973656904964335,-0.022974014394574693,-0.006750412246375848,-0.01694253507215593,0.0793419787416513,0.5199777854890769
2268,2020-02-20,0.5238067968916161,0.517680401606334,0.5167790903658038,0.5190566833640841,0.1520179838353387,-0.017613371504226927,-0.0022973838827429205,-0.015000829747881972,-0.003850554437607401,-0.058070635931287196,0.517680401606334
2269,2020-02-21,0.5184461950018648,0.5092566021805615,0.513028873307825,0.5113555396958498,0.1416746796954182,-0.005360601889751293,-0.008423799425772538,-0.003750217057978844,-0.007701143668234267,-0.010343304139920517,0.5092566021805615
2270,2020-02-25,0.4686692528292426,0.4686692528292426,0.4762768241486016,0.467459074007383,0.462849866160763,-0.04977694217262224,-0.04058734935131886,-0.036752049159223366,-0.04389646568846678,0.3211751864653448,0.4686692528292426
2271,2020-02-26,0.4648402456415144,0.4656060450577278,0.4575257582134023,0.458987812356481,0.3963070765872294,-0.0038290071877282172,-0.0030632077715148087,-0.018751065935199318,-0.008471261650902007,-0.0665427895735336,0.4656060450577278
2272,2020-02-27,0.464074405904431,0.45365953474882,0.4575257184615117,0.4534429537496436,0.4038826372826736,-0.0007658397370833847,-0.01194651030890781,-3.975189061256046e-08,-0.0055448586068373995,0.007575560695444183,0.45365953474882
2273,2020-02-28,0.4380372381734178,0.4306855642460317,0.437424598679469,0.429723461378774,0.415954156812807,-0.026037167731013222,-0.022973970502788266,-0.02010111978204271,-0.02371949237086962,0.012071519530133412,0.4306855642460317
2274,2020-03-02,0.425018665009938,0.4355866966804554,0.4407248009434754,0.4261809543473691,0.3369630187894696,-0.013018573163479763,0.004901132434423694,0.003300202264006402,-0.0035425070314049067,-0.0789911380233374,0.4355866966804554
2275,2020-03-03,0.4424788787260809,0.4319108473546376,0.435024467857705,0.4343441479031145,0.2569323527118688,0.01746021371614287,-0.003675849325817826,-0.005700333085770393,0.008163193555745407,-0.08003066607760079,0.4319108473546376
2276,2020-03-04,0.4245592019579434,0.4207302048262881,0.425123939641888,0.423100515839394,0.2250708178486967,-0.017919676768137494,-0.011180642528349494,-0.009900528215816995,-0.011243632063720477,-0.031861534863172114,0.4207302048262881
2277,2020-03-05,0.4283882122889048,0.4247123749292574,0.4207737076349438,0.423870642688803,0.2663010993009174,0.003829010330961391,0.003982170102969307,-0.004350232006944177,0.0007701268494089697,0.041230281452220685,0.4247123749292574
2278,2020-03-06,0.4182796822681913,0.4044952914208324,0.4119232313447521,0.4032316144007412,0.2343226175316406,-0.010108530020713491,-0.020217083508424993,-0.0088504762901917,-0.0206390282880618,-0.031978481769276784,0.4044952914208324
2279,2020-03-09,0.3828997318177694,0.3660521436177875,0.3823715507885294,0.3653419994391148,0.3889524156033161,-0.035379950450421915,-0.03844314780304492,-0.029551680556222704,-0.037889614961626406,0.1546297980716755,0.3660521436177875
2280,2020-03-10,0.3603851536211916,0.3697279051600325,0.3625703603664633,0.3425465598610228,0.4149276228592219,-0.02251457819657776,0.0036757615422450263,-0.01980119042206613,-0.02279543957809199,0.025975207255905797,0.3697279051600325
2281,2020-03-11,0.3717190733570403,0.356556243417878,0.3720209811402576,0.3571788060470489,0.3106499649159281,0.011333919735848685,-0.013171661742154506,0.009450620773794327,0.014632246186026099,-0.1042776579432938,0.356556243417878
2282,2020-03-12,0.3498172079294379,0.3291406216463932,0.3475696021777129,0.3277604568155229,0.5004547935237402,-0.02190186542760242,-0.02741562177148482,-0.024451378962544734,-0.029418349231525975,0.18980482860781211,0.3291406216463932
2283,2020-03-13,0.2965175101263867,0.3116803373487588,0.3240182158405879,0.2981880313101974,0.5284960627874945,-0.05329969780305116,-0.01746028429763441,-0.023551386337125002,-0.029572425505325517,0.028041269263754276,0.3116803373487588
2284,2020-03-16,0.3168877880084859,0.3095361138545916,0.3199680033368536,0.3102018200294425,0.3307778268666025,0.020370277882099164,-0.0021442234941671523,-0.004050212503734274,0.012013788719245133,-0.197718235920892,0.3095361138545916
2285,2020-03-17,0.3024907639259863,0.3109145573517732,0.3132176281469715,0.2966478223451703,0.4704384209568856,-0.014397024082499599,0.0013784434971815807,-0.006750375189882085,-0.013553997684272234,0.13966059409028309,0.3109145573517732
2286,2020-03-18,0.3127524768217021,0.3178067528917884,0.3214680934194266,0.3094317117417658,0.3546220016112685,0.010261712895715813,0.006892195540015189,0.008250465272455099,0.012783889396595527,-0.1158164193456171,0.3178067528917884
2287,2020-03-19,0.3182662450931647,0.294832782389,0.3129176245141405,0.2957236983511487,0.5076145429974791,0.005513768271462605,-0.022973970502788377,-0.008550468905286102,-0.013708013390617113,0.1529925413862106,0.294832782389
2288,2020-03-23,0.3300595059596723,0.3201041148286381,0.3244682255086812,0.2972638805284452,0.4478156916759791,0.011793260866507616,0.025271332439638083,0.011550600994540694,0.0015401821772965119,-0.05979885132149998,0.3201041148286381
2289,2020-03-24,0.3236268275447485,0.3374112167918036,0.3309186244902986,0.3160546893389562,0.2833883416928714,-0.0064326784149238425,0.017307101963165483,0.006450398981617367,0.018790808810510984,-0.1644273499831077,0.3374112167918036
2290,2020-03-25,0.3757011201695598,0.3767732391427302,0.3756210736618628,0.3561005418717316,0.3597156890771589,0.052074292624811336,0.03936202235092662,0.04470244917156424,0.04004585253277543,0.07632734738428748,0.3767732391427302
2291,2020-03-26,0.3541056771611773,0.3404744465092116,0.3570201271789648,0.3343834284891308,0.4134722835832532,-0.02159544300838251,-0.036298792633518595,-0.018600946482898006,-0.02171711338260085,0.053756594506094324,0.3404744465092116
2292,2020-03-27,0.3553308975154749,0.3367985532916074,0.349519646495373,0.331148895565812,0.3237480183996465,0.001225220354297618,-0.003675893217604198,-0.007500480683591826,-0.003234532923318767,-0.08972426518360671,0.3367985532916074
2293,2020-03-30,0.3246989479243242,0.3245457880432278,0.3180178996131241,0.312358144434519,0.3283739182411185,-0.03063194959115073,-0.012252765248379593,-0.03150174688224888,-0.018790751131293026,0.004625899841471992,0.3245457880432278
2294,2020-03-31,0.3168877561325168,0.3196446336629109,0.3184678868981085,0.3128201753255442,0.3039060266638946,-0.0078111917918073925,-0.004901154380316908,0.00044998728498441,0.00046203089102520023,-0.0244678915772239,0.3196446336629109
2295,2020-04-01,0.3188788905749276,0.309995616966212,0.3255183402836128,0.3078915020857017,0.2155071597494737,0.00199113444241078,-0.009649016696698931,0.007050453385504307,-0.004928673239842474,-0.08839886691442089,0.309995616966212
2296,2020-04-02,0.3023375990579781,0.2962112039402885,0.2968667030063788,0.2961857492000108,0.2085423217859092,-0.016541291516949497,-0.013784413025923481,-0.02865163727723402,-0.011705752885690923,-0.0069648379635645075,0.2962112039402885
2297,2020-04-03,0.2933011777404175,0.2864089829632275,0.2896663092191505,0.2861742816199542,0.2239793133917201,-0.009036421317560606,-0.009802220977061016,-0.00720039378722831,-0.01001146758005661,0.015436991605810885,0.2864089829632275
2298,2020-04-06,0.2833457576734006,0.297589625491577,0.2938665170707634,0.2781650711745164,0.295251955612152,-0.009955420067016885,0.01118064252834955,0.004200207851612903,-0.008009210445437787,0.07127264222043192,0.297589625491577
2299,2020-04-07,0.3098424505537013,0.3080045319147274,0.3084173702921375,0.3011144942000759,0.2941604511551755,0.02649669288030071,0.01041490642315035,0.014550853221374116,0.022949423025559523,-0.001091504456976533,0.3080045319147274
2300,2020-04-08,0.3124461686255812,0.3080045319147274,0.3060172351147668,0.2963397886654456,0.2908079731801762,0.0026037180718799235,0.0,-0.002400135177370699,-0.00477470553463033,-0.0033524779749992684,0.3080045319147274
2301,2020-04-09,0.3032565405211146,0.3040223398658649,0.3040670902802495,0.3006523913127131,0.1956651680137217,-0.009189628104466607,-0.003982192048862465,-0.0019501448345173311,0.004312602647267516,-0.09514280516645451,0.3040223398658649
2302,2020-04-10,0.3057071174256252,0.29651752471744,0.301216948807442,0.2972639094773067,0.2886899347696146,0.0024505769045105597,-0.007504815148424937,-0.002850141472807488,-0.0033884818354064095,0.09302476675589288,0.29651752471744
2303,2020-04-13,0.2922290662147883,0.2887063887918636,0.289216291464103,0.2892547443343666,0.2013305959094571,-0.013478051210836894,-0.007811135925576362,-0.012000657343338994,-0.008009165142940089,-0.08735933886015748,0.2887063887918636
2304,2020-04-14,0.2910037734694277,0.3044818429774854,0.298516801365801,0.2914110493213997,0.204306244964786,-0.0012252927453605955,0.015775454185621762,0.009300509901698006,0.0021563049870331197,0.002975649055328905,0.3044818429774854
2305,2020-04-15,0.3008059826179137,0.3040223398658649,0.300316879497316,0.2968018227764334,0.1926375425556797,0.009802209148486007,-0.00045950311162046287,0.0018000781315150038,0.005390773455033693,-0.011668702409106307,0.3040223398658649
2306,2020-04-16,0.2980491333780361,0.2928416973375154,0.295516637855062,0.2941834642046256,0.1898697991112035,-0.002756849239877568,-0.011180642528349494,-0.004800241642254011,-0.0026183585718078106,-0.002767743444476195,0.2928416973375154
2307,2020-04-17,0.3043286819110442,0.3173472717260612,0.3108174924724385,0.3012685043614861,0.3165492866238727,0.00627954853300805,0.02450557438854578,0.015300854617376514,0.0070850401568605115,0.12667948751266922,0.3173472717260612
2308,2020-04-20,0.3135182805114262,0.3257710711518337,0.3223681484837493,0.3118960800604427,0.3119103926817225,0.009189598600382043,0.008423799425772482,0.011550656011310778,0.010627575698956615,-0.004638893942150224,0.3257710711518337
2309,2020-04-21,0.32531157047499,0.3064729060830768,0.3186179167615128,0.3072753775308944,0.3980482860781205,0.011793289963563769,-0.019298165068756867,-0.0037502317222364856,-0.004620702529548326,0.08613789339639799,0.3064729060830768
2310,2020-04-22,0.3029502333200949,0.2946796000545311,0.2970167062996699,0.2944914938415011,0.2534239455287299,-0.022361337154895078,-0.011793306028545725,-0.02160121046184288,-0.012783883689393316,-0.1446243405493906,0.2946796000545311
2311,2020-04-23,0.3014186554834625,0.3142840859004395,0.3081173520576166,0.3031167887537919,0.2034746225213753,-0.0015315778366323807,0.019604485845908404,0.01110064575794667,0.008625294912290804,-0.04994932300735458,0.3142840859004395
2312,2020-04-24,0.3093829625760382,0.3121398404603792,0.3058672184427841,0.3057351687556779,0.2175342394552873,0.007964307092575673,-0.0021442454400603106,-0.0022501336148325057,0.0026183800018860226,0.014059616933912,0.3121398404603792
2313,2020-04-27,0.3162751479952277,0.3225547029917431,0.3195179775101401,0.3159006613076993,0.2013305959094571,0.0068921854191895116,0.010414862531363922,0.013650759067356022,0.010165492552021371,-0.016203643545830204,0.3225547029917431
2314,2020-04-28,0.3277621070568814,0.3262305084257745,0.3220680897591778,0.3223695855666827,0.1657397541516151,0.011486959061653701,0.0036758054340313984,0.0025501122490376726,0.006468924258983433,-0.035590841757841996,0.3262305084257745
2315,2020-04-30,0.3415465493835262,0.348898223989091,0.3526698650075837,0.3410063911319906,0.4712180669975831,0.013784442326644775,0.022667715563316482,0.030601775248405905,0.01863680556530789,0.30547831284596805,0.348898223989091
2316,2020-05-01,0.3378706342243905,0.332203719688442,0.3345187655221134,0.3328431081423648,0.2472257595051846,-0.0036759151591356787,-0.016694504300649005,-0.01815109948547028,-0.00816328298962582,-0.2239923074923985,0.332203719688442
2317,2020-05-07,0.3322037706562407,0.3277621342574252,0.3267183780666434,0.3240638625516799,0.227890537695886,-0.005666863568149827,-0.0044415854310168035,-0.007800387455470015,-0.008779245590684881,-0.019335221809298614,0.3277621342574252
2318,2020-05-08,0.3372580342812981,0.3436907488316226,0.3387190407801862,0.3351534882332442,0.2137529561579043,0.005054263625057398,0.01592861457419742,0.012000662713542831,0.011089625681564297,-0.014137581537981697,0.3436907488316226
2319,2020-05-11,0.3522677592015654,0.361151033129257,0.355670051855296,0.3527121386161123,0.238389771043946,0.015009724920267309,0.01746028429763441,0.016951011075109768,0.01755865038286808,0.02463681488604172,0.361151033129257
2320,2020-05-12,0.360385243784414,0.3505830102093173,0.3538699603182505,0.3491696247695278,0.1981080589412406,0.00811748458284861,-0.01056802291993969,-0.0018000915370454673,-0.003542513846584494,-0.040281712102705425,0.3505830102093173
2321,2020-05-13,0.3487450279779184,0.3511955859259407,0.3466694911150487,0.3453189926495302,0.1926765248577146,-0.011640215806495602,0.0006125757166233758,-0.007200469203201831,-0.003850632119997588,-0.0054315340835259796,0.3511955859259407
2322,2020-05-14,0.3446097061109287,0.3366453929030317,0.3399191063251445,0.3382339411820932,0.1506016268614049,-0.004135321866989672,-0.014550193022908997,-0.006750384789904196,-0.007085051467436987,-0.0420748979963097,0.3366453929030317
2323,2020-05-15,0.3461412878359269,0.3446096892171838,0.3397690812369589,0.3357695608515373,0.1482756828399906,0.0015315817249981767,0.00796429631415213,-0.00015002508818556803,-0.0024643803305559042,-0.0023259440214143112,0.3446096892171838
2324,2020-05-18,0.3444565192672418,0.3416996418342448,0.3400690881261599,0.3422385056705223,0.1254190597468749,-0.0016847685686851022,-0.0029100473829390405,0.0003000068892009544,0.006468944818984967,-0.022856623093115702,0.3416996418342448
2325,2020-05-19,0.3646736689612213,0.3553309164174856,0.3579201377255654,0.356254621483112,0.2349723225655552,0.020217149693979475,0.013631274583240816,0.017851049599405533,0.014016115812589713,0.1095532628186803,0.3553309164174856
2326,2020-05-20,0.3536460884687517,0.3542587278597759,0.3489195629612507,0.3508637564738817,0.1456118922009407,-0.011027580492469602,-0.0010721885577096857,-0.009000574764314706,-0.005390865009230306,-0.0893604303646145,0.3542587278597759
2327,2020-05-21,0.3587004634251388,0.357628344192015,0.3532699053342542,0.3557925826882154,0.1383222017204189,0.005054374956387109,0.0033696163322390893,0.0043503423730034685,0.004928826214333715,-0.007289690480521804,0.357628344192015
2328,2020-05-22,0.3567093183052538,0.3446096892171838,0.3493696203977383,0.3443948339743292,0.1548377036825281,-0.001991145119884963,-0.013018654974831179,-0.0039002849365158965,-0.011397748713886213,0.016515501962109214,0.3446096892171838
2329,2020-05-25,0.3505829945777796,0.3593131084663481,0.3522198515389096,0.3508638596205993,0.1554744146157644,-0.006126323727474237,0.014703419249164296,0.0028502311411713332,0.00646902564627011,0.0006367109332362786,0.3593131084663481
2330,2020-05-26,0.3660521148555694,0.377232786146137,0.371270895975469,0.3614914019011958,0.2781907014215546,0.015469120277789794,0.01791967767978886,0.01905104443655936,0.01062754228059648,0.12271628680579022,0.377232786146137
2331,2020-05-27,0.3848908337947306,0.393774108112317,0.3930221749307588,0.3761236158536101,0.3833779464123288,0.018838718939161225,0.016541321966180023,0.021751278955289832,0.014632213952414319,0.1051872449907742,0.393774108112317
2332,2020-05-28,0.4389561816159667,0.4584074848487748,0.4500252910866442,0.4351142418291606,0.6992905221029653,0.05406534782123612,0.0646333767364578,0.05700311615588538,0.05899062597555049,0.31591257569063647,0.4584074848487748
2333,2020-05-29,0.4441636047298805,0.4418662067743812,0.4455250257405468,0.4389647980887974,0.484472049689441,0.005207423113913756,-0.016541278074393595,-0.004500265346097376,0.003850556259636817,-0.21481847241352425,0.4418662067743812
2334,2020-06-01,0.4424788416501533,0.4469204776514874,0.4459750464038642,0.4415831800339542,0.2433015411003404,-0.0016847630797272029,0.005054270877106193,0.00045002066331739643,0.002618381945156789,-0.2411705085891006,0.4469204776514874
2335,2020-06-02,0.4466141998882866,0.4594796295146982,0.4560256536988675,0.4446636765032763,0.2710309519478157,0.004135358238133324,0.012559151863210771,0.010050607295003289,0.003080496469322125,0.027729410847475267,0.4594796295146982
2336,2020-06-03,0.4732640407877547,0.479390436137758,0.4792769843720172,0.4759303170738829,0.3108838587281374,0.02664984089946809,0.01991080662305983,0.023251330673149717,0.031266640570606574,0.03985290678032172,0.479390436137758
2337,2020-06-04,0.4893458474033185,0.4648402650607423,0.4792770028065424,0.4574476039086288,0.3544530783024507,0.0160818066155638,-0.014550171077015728,1.8434525184130024e-08,-0.018482713165254072,0.04356921957431331,0.4648402650607423
2338,2020-06-05,0.4740298488583352,0.4686692528292426,0.4642761482645423,0.4628383912330102,0.2051118792068401,-0.015315998544983278,0.003828987768500325,-0.01500085454200012,0.005390787324381363,-0.1493411990956106,0.4686692528292426
2339,2020-06-08,0.4793903570477275,0.475561360585685,0.4725265263528068,0.4713095566269886,0.1980430884378492,0.005360508189392266,0.006892107756442389,0.00825037808826451,0.008471165393978408,-0.00706879076899089,0.475561360585685
2340,2020-06-09,0.4801562202407494,0.4747956244804858,0.470276462622627,0.4705395055931619,0.1692741495361106,0.0007658631930219095,-0.0007657361051991995,-0.0022500637301797743,-0.000770051033826713,-0.028768938901738594,0.4747956244804858
2341,2020-06-10,0.4579480508955941,0.4656060450577278,0.4605259271197198,0.4560613799958188,0.2055276904285454,-0.022208169345155293,-0.009189579422757999,-0.00975053550290722,-0.014478125597343072,0.036253540892434793,0.4656060450577278
2342,2020-06-11,0.4633086390395762,0.443397854551925,0.4552756238988635,0.4451257568677006,0.2899633566360872,0.0053605881439821035,-0.022208190505802805,-0.005250303220856289,-0.010935623128118188,0.08443566620754178,0.443397854551925
2343,2020-06-12,0.4213428299505106,0.4296134634718947,0.424073866000515,0.4198660235580381,0.4745575508719041,-0.04196580908906561,-0.013784391080030267,-0.031201757898348503,-0.025259733309662524,0.1845941942358169,0.4296134634718947
2344,2020-06-15,0.4251718261389224,0.4095495184061523,0.4236238398647483,0.4113947713797247,0.2490319394994672,0.003828996188411815,-0.02006394506574244,-0.00045002613576672346,-0.008471252178313404,-0.2255256113724369,0.4095495184061523
2345,2020-06-16,0.4256312667768969,0.4499836854230022,0.4423748545640902,0.4274130984538996,0.3295303932014865,0.0004594406379744842,0.04043416701684993,0.018751014699341928,0.016018327074174887,0.08049845370201933,0.4499836854230022
2346,2020-06-17,0.4411004131823224,0.4371182566744264,0.432924323562122,0.4357303262859214,0.2107383248005405,0.015469146405425516,-0.012865428748575825,-0.009450531001968188,0.008317227832021823,-0.11879206840094603,0.4371182566744264
2347,2020-06-18,0.4288476600149566,0.4218023056004251,0.4203236509702149,0.4232545201110995,0.2315028976844512,-0.012252753167365793,-0.0153159510740013,-0.012600672591907114,-0.012475806174821913,0.020764572883910704,0.4218023056004251
2348,2020-06-19,0.4271628515553994,0.4202706578228813,0.4189735261629342,0.4209441297738335,0.2732529431638036,-0.0016848084595572077,-0.0015316477775437765,-0.0013501248072806948,-0.0023103903372659884,0.041750045479352405,0.4202706578228813
2349,2020-06-22,0.4204238666932341,0.4218023056004251,0.4161234146293276,0.4189418830793998,0.1362171574105356,-0.006738984862165287,0.0015316477775437765,-0.002850111533606592,-0.002002246694433718,-0.137035785753268,0.4218023056004251
2350,2020-06-23,0.4314513964884016,0.4273160795891518,0.4296241927555979,0.4255648796628027,0.2243431482107123,0.011027529795167468,0.005513773988726711,0.013500778126270263,0.006622996583402929,0.08812599080017669,0.4273160795891518
2351,2020-06-24,0.4211897025634041,0.412765908512136,0.4194236366500743,0.4150913502502326,0.2309961277579978,-0.010261693924997484,-0.014550171077015783,-0.010200556105523562,-0.010473529412570126,0.006652979547285498,0.412765908512136
2352,2020-06-25,0.3986751921452884,0.3905577180063332,0.3922721003075956,0.3921419521300772,0.3368330777826867,-0.022514510418115696,-0.022208190505802805,-0.027151536342478744,-0.022949398120155395,0.10583695002468888,0.3905577180063332
2353,2020-06-26,0.3982157335065344,0.3969904543265143,0.3915220787267949,0.392450018379144,0.2454975441149718,-0.0004594586387540178,0.006432736320181098,-0.0007500215808006749,0.00030806624906681845,-0.09133553366771488,0.3969904543265143
2354,2020-06-29,0.3892674509986715,0.3814665000768545,0.3821746851687693,0.3818897291325001,0.2537358039450089,-0.008948282507862892,-0.0155239542496598,-0.009347393558025607,-0.010560289246643928,0.008238259830037092,0.3814665000768545
2355,2020-06-30,0.398160482692271,0.3986285396860315,0.3969970817695082,0.3963242929082979,0.2190545492346474,0.008893031693599507,0.017162039609177004,0.014822396600738919,0.014434563775797826,-0.03468125471036149,0.3986285396860315
2356,2020-07-01,0.3975364582380427,0.3966003441291619,0.3957746632347719,0.3966381402856707,0.1345279243223576,-0.0006240244542283224,-0.0020281955568696164,-0.0012224185347363137,0.0003138473773727779,-0.0845266249122898,0.3966003441291619
2357,2020-07-02,0.3969123716579928,0.4011248850364385,0.3979139752047654,0.3972657217629767,0.160840978195899,-0.0006240865800498652,0.0045245409072766085,0.002139311969993507,0.0006275814773060162,0.02631305387354138,0.4011248850364385
2358,2020-07-03,0.4048693607157481,0.3987846188784015,0.4006645517790822,0.3964812507332566,0.1095662569193586,0.00795698905775527,-0.0023402661580370077,0.002750576574316821,-0.0007844710297201241,-0.05127472127654038,0.3987846188784015
2359,2020-07-06,0.3994086408022939,0.4087697808210977,0.4003588799811574,0.3978932787936162,0.1527326593726448,-0.005460719913454204,0.009985161942696219,-0.00030567179792484467,0.0014120280603596158,0.04316640245328619,0.4087697808210977
2360,2020-07-07,0.4056495433764977,0.4000328573912846,0.3999005943239603,0.4008744813084743,0.1123859767665479,0.006240902574203844,-0.008736923429813137,-0.00045828565719707726,0.0029812025148581167,-0.040346682606096904,0.4000328573912846
2361,2020-07-08,0.4023730578322238,0.3975364681490912,0.3956218643478034,0.3980502321963045,0.1697419371605291,-0.0032764855442738994,-0.0024963892421933642,-0.004278729976156914,-0.00282424911216983,0.057355960393981206,0.3975364681490912
2362,2020-07-09,0.3973804992745011,0.3841188807278452,0.3914960773921432,0.3862829307601148,0.1557732789313651,-0.004992558557722737,-0.013417587421245991,-0.004125786955660182,-0.011767301436189703,-0.013968658229163988,0.3841188807278452
2363,2020-07-10,0.3836507081538653,0.3733534544986579,0.3762150868431684,0.3742016704420873,0.2357389745055744,-0.01372979112063577,-0.010765426229187303,-0.015280990548974804,-0.012081260318027476,0.0799656955742093,0.3733534544986579
2364,2020-07-13,0.3834947555779607,0.3933239539511957,0.3869117647713996,0.3842432073923859,0.1481457418332077,-0.00015595257590461653,0.01997049945253776,0.010696677928231202,0.01004153695029858,-0.08759323267236671,0.3933239539511957
2365,2020-07-14,0.3863031214176245,0.3872392356052277,0.3846196568086424,0.3848708227615685,0.1198705787572442,0.002808365839663818,-0.0060847183459679655,-0.002292107962757195,0.0006276153691825992,-0.02827516307596349,0.3872392356052277
2366,2020-07-15,0.3973804474846915,0.408457798003503,0.4028038741254149,0.3996192105691123,0.2581667922763065,0.011077326067066962,0.021218562398275298,0.0181842173167725,0.014748387807543839,0.1382962135190623,0.408457798003503
2367,2020-07-16,0.4153226320304378,0.4109540994621237,0.4142645277281772,0.4090330878065804,0.2188726318251513,0.01794218454574631,0.0024963014586206755,0.011460653602762272,0.00941387723746806,-0.03929416045115522,0.4109540994621237
2368,2020-07-17,0.4095499089870624,0.4036211864950591,0.4023454260887769,0.4032278427863606,0.1233400036383481,-0.005772723043375394,-0.007332912967064564,-0.011919101639400298,-0.005805245020219785,-0.09553262818680319,0.4036211864950591
2369,2020-07-20,0.4034651716419171,0.3998767343071282,0.3953162278857638,0.3963243351672508,0.1062397671457158,-0.006084737345145308,-0.0037444521879309023,-0.007029198203013065,-0.006903507619109794,-0.0171002364926323,0.3998767343071282
2370,2020-07-21,0.401280918239569,0.3983165568684369,0.395927475503485,0.3994623078090657,0.1106707554770134,-0.0021842534023480686,-0.0015601774386913014,0.000611247617721189,0.0031379726418149234,0.004430988331297597,0.3983165568684369
2371,2020-07-22,0.4039331856153172,0.3986285396860315,0.398677977804714,0.3989915585375303,0.1370617739546246,0.0026522673757481963,0.00031198281759459157,0.002750502301228974,-0.0004707492715353978,0.026391018477611203,0.3986285396860315
2372,2020-07-27,0.3920758552939733,0.3984726360608069,0.3904264194021741,0.3850277499585071,0.145222069180592,-0.011857330321343895,-0.0001559036252246071,-0.008251558402539882,-0.01396380857902324,0.008160295225967396,0.3984726360608069
2373,2020-07-28,0.3970684040366301,0.3941040426705413,0.3960802835812672,0.3950691631390263,0.1148288676940668,0.004992548742656755,-0.004368593390265629,0.005653864179093082,0.01004141318051921,-0.03039320148652519,0.3941040426705413
2374,2020-07-29,0.3914517042307553,0.3830266775155458,0.3864533173249554,0.38330179836707,0.1837365835910496,-0.005616699805874759,-0.011077365154995467,-0.009626966256311764,-0.011767364771956279,0.0689077158969828,0.3830266775155458
2375,2020-07-30,0.3839628143215769,0.3824026240967838,0.3804937987723765,0.3823604330371838,0.3807921203773486,-0.007488889909178398,-0.0006240534187619828,-0.005959518552578924,-0.0009413653298862013,0.197055536786299,0.3824026240967838
2376,2020-07-31,0.3805304095272163,0.3663326779704403,0.3745342708301272,0.3674551359922947,0.1751734712440552,-0.003432404794360633,-0.01606994612634355,-0.005959527942249299,-0.014905297044889132,-0.20561864913329342,0.3663326779704403
2377,2020-08-03,0.3725734667737351,0.3794383045199849,0.3720893583131411,0.3726327979578417,0.1493931754983237,-0.007956942753481189,0.013105626549544613,-0.0024449125169860864,0.005177661965547031,-0.025780295745731485,0.3794383045199849
2378,2020-08-04,0.3799062853119072,0.3942600340793386,0.3866061139211462,0.380634520514223,0.156124119649679,0.007332818538172081,0.01482172955935368,0.014516755608005083,0.008001722556381263,0.006730944151355306,0.3942600340793386
2379,2020-08-05,0.3916077265356582,0.3998767343071282,0.3950106103922302,0.3900484153704615,0.1396346058889264,0.011701441223750997,0.0056167002277896505,0.008404496471083989,0.009413894856238503,-0.01648951376075261,0.3998767343071282
2380,2020-08-06,0.4033091987647123,0.4028411416674999,0.4005117710931697,0.4002468308272698,0.149185269887471,0.0117014722290541,0.002964407360371679,0.005501160700939534,0.01019841545680833,0.009550663998544595,0.4028411416674999
2381,2020-08-07,0.4040892449140324,0.4023730357657488,0.3997476787858268,0.4005605782683041,0.1282127913927077,0.000780046149320146,-0.00046810590175111466,-0.0007640923073429229,0.0003137474410342955,-0.020972478494763303,0.4023730357657488
2382,2020-08-11,0.4173509261844503,0.4265560494161822,0.4194600724365421,0.4157797485500058,0.2154681774474388,0.01326168127041788,0.024183013650433405,0.01971239365071531,0.015219170281701722,0.0872553860547311,0.4265560494161822
2383,2020-08-12,0.4306125135233501,0.4292083422836001,0.4245027313937381,0.4192314748928126,0.1996283687206008,0.013261587338899816,0.002652292867417916,0.005042658957196022,0.0034517263428067713,-0.01583980872683799,0.4292083422836001
2384,2020-08-13,0.4352930901721165,0.438101432689356,0.4326016014130246,0.4264487889488103,0.2760856571116713,0.004680576648766366,0.008893090405755866,0.008098870019286497,0.007217314055997681,0.07645728839107052,0.438101432689356
2385,2020-08-14,0.4526111294394252,0.4479305593314684,0.4573565469521699,0.4493558258911025,0.3893812209256997,0.017318039267308738,0.00982912664211244,0.024754945539145257,0.022907036942292236,0.11329556381402839,0.4479305593314684
2386,2020-08-17,0.4477746420350317,0.4282722621554571,0.4385611720343109,0.4292729814565454,0.2457834143298942,-0.004836487404393519,-0.019658297176011308,-0.018795374917858987,-0.0200828444345571,-0.1435978065958055,0.4282722621554571
2387,2020-08-18,0.4290523281798486,0.4296764042935648,0.4252667800661959,0.4284884622263994,0.1402063463187712,-0.01872231385518308,0.001404142138107689,-0.013294391968114994,-0.0007845192301459969,-0.10557706801112299,0.4296764042935648
2388,2020-08-19,0.4268680524951744,0.432952794471531,0.4249611533003048,0.4258211868117015,0.0921411679097689,-0.0021842756846742195,0.0032763901779662152,-0.00030562676589107607,-0.0026672754146979116,-0.04806517840900232,0.432952794471531
2389,2020-08-20,0.4259319349236827,0.431236581732256,0.4226690185497817,0.4256642853871109,0.080979235427116,-0.0009361175714917014,-0.0017162127392750248,-0.0022921347505230893,-0.0001569014245906275,-0.01116193248265289,0.431236581732256
2390,2020-08-21,0.4327967634803227,0.4290523069830164,0.42939259538212,0.4308419110742172,0.1195457262402869,0.006864828556640001,-0.002184274749239601,0.006723576832338263,0.005177625687106335,0.0385664908131709,0.4290523069830164
2391,2020-08-24,0.4315486063325304,0.4285842449730517,0.4238914753875136,0.4289591301086538,0.0764572883910704,-0.001248157147792306,-0.00046806200996468705,-0.005501119994606396,-0.0018827809655634353,-0.04308843784921651,0.4285842449730517
2392,2020-08-25,0.4399736461520839,0.4366972466594619,0.431837543002857,0.4358626547565124,0.1167260063930975,0.008425039819553504,0.008113001686410215,0.007946067615343388,0.00690352464785865,0.04026871800202711,0.4366972466594619
2393,2020-08-26,0.4365412419773844,0.4338889184914604,0.4275589118955452,0.4327247088950705,0.0909976870500792,-0.003432404174699477,-0.002808328168001528,-0.004278631107311803,-0.0031379458614419486,-0.025728319343018308,0.4338889184914604
2394,2020-08-27,0.4342009346668126,0.4290523069830164,0.4257251853147994,0.4281746450551853,0.109228410301723,-0.002340307310571832,-0.004836611508444,-0.0018337265807457648,-0.0045500638398851545,0.018230723251643807,0.4290523069830164
2395,2020-08-28,0.4324847582352316,0.4293643775841838,0.4322959944674522,0.425978105342448,0.1651680137217703,-0.0017161764315810069,0.00031207060116739127,0.00657080915265279,-0.002196539712737311,0.05593960342004731,0.4293643775841838
2396,2020-08-31,0.4304564612449688,0.4343569366096386,0.4284757260186302,0.4303712001496734,0.1483796356454169,-0.002028296990262801,0.0049925590254548124,-0.003820268448821995,0.004393094807225384,-0.016788378076353416,0.4343569366096386
2397,2020-09-01,0.436073179937286,0.4334208564814957,0.42847575959055,0.4330384999932542,0.1044465812521115,0.005616718692317224,-0.000936080128142891,3.3571919799690875e-08,0.002667299843580828,-0.0439330543933054,0.4334208564814957
2398,2020-09-02,0.43685323446438,0.4351370253289843,0.4295453809742661,0.4346074396674857,0.0964552093349619,0.0007800545270940096,0.0017161688474885972,0.0010696213837160795,0.0015689396742314954,-0.00799137191714959,0.4351370253289843
2399,2020-09-03,0.441065852967247,0.4437181768089319,0.4362690697619147,0.4416679546512749,0.1189999740117986,0.004212618502866972,0.00858115147994759,0.0067236887876486184,0.007060514983789179,0.022544764676836693,0.4437181768089319
2400,2020-09-04,0.438413446635877,0.4399736368374282,0.4335184301352079,0.4368040335321925,0.0952077756698459,-0.002652406331369983,-0.003744539971503702,-0.0027506396267067967,-0.004863921119082404,-0.023792198341952703,0.4399736368374282
2401,2020-09-07,0.4388815020945314,0.4605681458169415,0.4614824301127853,0.43774541993783,0.285415421398685,0.000468055458654415,0.020594508979513315,0.02796399997757737,0.0009413864056375121,0.19020764572883908,0.4605681458169415
2402,2020-09-08,0.4601001161049789,0.4742978477311413,0.4645386327572496,0.4604956573049029,0.1614646950284571,0.0212186140104475,0.01372970191419981,0.003056202644464323,0.02275023736707288,-0.12395072637022789,0.4742978477311413
2403,2020-09-09,0.4711774671539628,0.4742978477311413,0.4675948079727578,0.4661439856398182,0.166402453286208,0.011077351048983886,0.0,0.0030561752155082167,0.005648328334915298,0.004937758257750918,0.4742978477311413
2404,2020-09-10,0.475077942875436,0.4742978477311413,0.4675948079727578,0.4677129657328503,0.1309545466358273,0.0039004757214731733,0.0,0.0,0.0015689800930321351,-0.035447906650380695,0.4742978477311413
2405,2020-09-11,0.48521919694332,0.4828789114275162,0.4752352628498361,0.4706940445870167,0.1895059642922113,0.01014125406788402,0.008581063696374902,0.007640454877078262,0.0029810788541663746,0.058551417656384,0.4828789114275162
2406,2020-09-14,0.4844390855845787,0.5008210836478253,0.4935722983006156,0.486383829821463,0.208893162504223,-0.0007801113587412867,0.017942172220309083,0.018337035450779526,0.015689785234446307,0.01938719821201168,0.5008210836478253
2407,2020-09-15,0.4977006713787097,0.5047215272445535,0.4958643981481369,0.4957976788341648,0.118973985810442,0.013261585794131003,0.0039004435967282536,0.0022920998475212673,0.009413849012701814,-0.089919176693781,0.5047215272445535
2408,2020-09-16,0.5023812739395631,0.5008210836478253,0.515729568657764,0.4973666904948509,0.193677070609943,0.004680602560853397,-0.0039004435967282536,0.019865170509627106,0.0015690116606860705,0.074703084799501,0.5008210836478253
2409,2020-09-17,0.5023812362989555,0.5000409510366932,0.4943363050681885,0.4989356332086013,0.0902830115127732,-3.764060763078447e-08,-0.0007801326111320783,-0.021393263589575495,0.0015689427137504097,-0.1033940590971698,0.5000409510366932
2410,2020-09-18,0.5062817767581782,0.5187632997599207,0.5096172454821521,0.5036426378277041,0.2146885314067413,0.0039005404592227233,0.018722348723227533,0.015280940413963662,0.004707004619102839,0.1244055198939681,0.5187632997599207
2411,2020-09-23,0.5179831901919766,0.499260906209134,0.5073250998588084,0.4965822132308377,0.1873489435796148,0.01170141343379838,-0.019502393550786756,-0.0022921456233437887,-0.007060424596866455,-0.027339587827126505,0.499260906209134
2412,2020-09-24,0.4914599583187969,0.4828789114275162,0.4821116573283707,0.4816769056273804,0.1608019958938641,-0.026523231873179676,-0.01638199478161778,-0.02521344253043767,-0.014905307603457263,-0.026546947685750694,0.4828789114275162
2413,2020-09-25,0.4867793366180115,0.4836589562550755,0.4828756508964784,0.4832458354746305,0.0998466696119961,-0.004680621700785426,0.0007800448275592786,0.0007639935681076904,0.0015689298472501,-0.06095532628186799,0.4836589562550755
2414,2020-09-28,0.4891195892422491,0.4984807297062156,0.4889879682686473,0.4887372328007631,0.1088645754827308,0.002340252624237593,0.014821773451140108,0.0061123173721689406,0.005491397326132574,0.0090179058707347,0.4984807297062156
2415,2020-09-29,0.5016011412115348,0.5000409510366932,0.4935722613200151,0.4981511432192796,0.0786143091036669,0.012481551969285687,0.001560221330477618,0.0045842930513677604,0.009413910418516525,-0.030250266379063903,0.5000409510366932
2416,2020-09-30,0.4969206245223391,0.4828789114275162,0.4874599641450087,0.4848148659246272,0.180773928636399,-0.0046805166891956684,-0.017162039609177004,-0.006112297175006387,-0.013336277294652421,0.10215961953273209,0.4828789114275162
2417,2020-10-02,0.4805386088854985,0.4742978477311413,0.4790554650309137,0.4761854582352233,0.1556043556225473,-0.016382015636840608,-0.008581063696374902,-0.008404499114095021,-0.0086294076894039,-0.025169573013851698,0.4742978477311413
2418,2020-10-05,0.4836589883710167,0.4797585126583473,0.4798195077517964,0.4769699472051767,0.1108916551885444,0.0031203794855181877,0.005460664927205983,0.0007640427208827072,0.000784488969953423,-0.0447127004340029,0.4797585126583473
2419,2020-10-06,0.4688371192389697,0.4820987349245978,0.4744711389746941,0.4706939651800395,0.124444502196003,-0.014821869132046972,0.0023402222662505245,-0.005348368777102264,-0.006275982025137239,0.01355284700745861,0.4820987349245978
2420,2020-10-07,0.4727376383254371,0.4766381138891783,0.4706509641555343,0.4722629889047226,0.1250942072299176,0.00390051908646738,-0.0054606210354194995,-0.003820174819159805,0.0015690237246831495,0.0006497050339145938,0.4766381138891783
2421,2020-10-08,0.4781982412897869,0.4735176712282229,0.4706509023222033,0.4746163965947872,0.1009901504716858,0.005460602964349803,-0.0031204426609554026,-6.183333101095201e-08,0.0023534076900645906,-0.024104056758231795,0.4735176712282229
2422,2020-10-09,0.4711774671539628,0.4742978477311413,0.4660667203650037,0.4714785179561272,0.1042776579432937,-0.007020774135824082,0.0007801765029183949,-0.004584181957199618,-0.0031378786386599966,0.0032875074716079006,0.4742978477311413
2423,2020-10-12,0.4679010686286197,0.4688371828039355,0.4599543709963275,0.4669284767647824,0.0919462563995945,-0.003276398525343116,-0.005460664927205816,-0.006112349368676162,-0.0045500411913448335,-0.012331401543699202,0.4688371828039355
2424,2020-10-13,0.4735177334381853,0.4766381138891783,0.4683588328365951,0.4705371108721805,0.0658281140362275,0.00561666480956563,0.007800931085242824,0.008404461840267552,0.00360863410739809,-0.026118142363367,0.4766381138891783
2425,2020-10-14,0.4766381320882117,0.4797585126583473,0.4706509821259659,0.4680267606950797,0.1271472751370877,0.0031203986500263903,0.003120398769168975,0.002292149289370826,-0.002510350177100773,0.061319161100860206,0.4797585126583473
2426,2020-10-15,0.4797585630552681,0.478978467830788,0.472943163213411,0.4761855071820156,0.089295459861223,0.003120430967056387,-0.0007800448275592786,0.002292181087445111,0.008158746486935875,-0.0378518152758647,0.478978467830788
2427,2020-10-16,0.4766381320882117,0.4797585126583473,0.4721790697302711,0.4769699472051767,0.0912575690636451,-0.003120430967056387,0.0007800448275592786,-0.0007640934831399382,0.000784440023161137,0.0019621092024220965,0.4797585126583473
2428,2020-10-19,0.4844390877479455,0.4898997537934135,0.482111643372305,0.485599341941912,0.1541100340445437,0.007800955659733766,0.010141241135066204,0.009932573642033926,0.008629394736735296,0.06285246498089861,0.4898997537934135
2429,2020-10-20,0.4836590391776687,0.478978467830788,0.4775274265078868,0.4785389775634752,0.0921151797084123,-0.0007800485702767479,-0.010921285962625482,-0.004584216864418178,-0.007060364378436823,-0.0619948543361314,0.478978467830788
2430,2020-10-21,0.4797584561041006,0.4813186462052522,0.4767632763420135,0.481676830693263,0.0954676576834117,-0.003900583073568109,0.002340178374464208,-0.0007641501658733341,0.0031378531297878154,0.0033524779749993933,0.4813186462052522
2431,2020-10-22,0.4774182452239741,0.4828789114275162,0.4752352628498361,0.4777544552558219,0.0684009459705293,-0.0023402108801265364,0.0015602652222639901,-0.0015280134921774047,-0.003922375437441117,-0.0270667117128824,0.4828789114275162
2432,2020-10-23,0.4867793657901543,0.496140507439965,0.4882239864151252,0.4871683146333507,0.0964032329322487,0.009361120566180214,0.013261596012448806,0.012988723565289129,0.00941385937752881,0.0280022869617194,0.496140507439965
2433,2020-10-26,0.496140494643927,0.4977006848786563,0.4928082364882705,0.4973666723213621,0.1009381740689726,0.009361128853772716,0.0015601774386913014,0.0045842500731452795,0.010198357688011417,0.004534941136723897,0.4977006848786563
2434,2020-10-27,0.4922399957791623,0.4844390449744212,0.4836396882870218,0.4863837890482791,0.0851243535434912,-0.0039004988647647343,-0.013261639904235123,-0.009168548201248683,-0.010982883273083,-0.0158138205254814,0.4844390449744212
2435,2020-10-28,0.4813187040297931,0.4742978477311413,0.4729431145998972,0.4722630080026432,0.1047454455677122,-0.010921291749369177,-0.010141197243279887,-0.010696573687124622,-0.01412078104563591,0.019621092024221007,0.4742978477311413
2436,2020-10-29,0.4633765104399152,0.4696172715232811,0.4614824522921859,0.4634767142094227,0.1170898412120897,-0.01794219358987792,-0.004680576207860221,-0.011460662307711311,-0.00878629379322049,0.01234439564437749,0.4696172715232811
2437,2020-10-30,0.4735177897551231,0.4666529519464822,0.4637746253568696,0.4672423083806299,0.1682865978845604,0.010141279315207918,-0.0029643195767988795,0.0022921730646837113,0.0037655941712071983,0.051196756672470714,0.4666529519464822
2438,2020-11-02,0.4652487440573236,0.4742978477311413,0.4691228955805119,0.4675560677235471,0.134190077704722,-0.008269045697799515,0.0076448957846591,0.005348270223642315,0.0003137593429171637,-0.03409652017983841,0.4742978477311413
2439,2020-11-04,0.4875595153000693,0.478978467830788,0.4782914703902994,0.480892447944935,0.1279918916811767,0.02231077124274572,0.004680620099646704,0.0091685748097875,0.013336380221387945,-0.006198186023545299,0.478978467830788
2440,2020-11-05,0.4758579562590049,0.4735176712282229,0.4668306839591984,0.4692818651950441,0.1433379245822396,-0.011701559041064402,-0.005460796602565099,-0.011460786431100989,-0.011610582749890908,0.0153460329010629,0.4735176712282229
2441,2020-11-06,0.4735176712282229,0.4735176712282229,0.4675947276317994,0.4722629268596065,0.1347098417318537,-0.0023402850307819856,0.0,0.000764043672600967,0.002981061664562412,-0.008628082850385882,0.4735176712282229
2442,2020-11-09,0.4797584801070224,0.4891196211822814,0.4813475626969584,0.479323384817609,0.1358273343901868,0.006240808878799464,0.015601949954058503,0.013752835065159008,0.007060457958002475,0.0011174926583330802,0.4891196211822814
2443,2020-11-10,0.5179831725206192,0.5226637433566489,0.519549783335422,0.5154099572863513,0.2444190337586735,0.03822469241359683,0.033544122174367474,0.038202220638463624,0.036086572468742306,0.1085916993684867,0.5226637433566489
2444,2020-11-11,0.5273442799610008,0.5429461817349949,0.5348306245982342,0.5279617636790983,0.2033186933132358,0.009361107440381544,0.02028243837834598,0.01528084126281215,0.012551806392747,-0.0411003404454377,0.5429461817349949
2445,2020-11-12,0.510182206756491,0.4977006848786563,0.4996846304857812,0.487168302068716,0.3204605109280387,-0.017162073204509798,-0.04524549685633855,-0.03514599411245295,-0.04079346161038233,0.11714181761480288,0.4977006848786563
2446,2020-11-13,0.5023813027274421,0.4867793989160309,0.4928082827345145,0.4816769171343271,0.208802203799475,-0.007800904029048872,-0.010921285962625427,-0.00687634775126672,-0.005491384934388888,-0.11165830712856367,0.4867793989160309
2447,2020-11-16,0.4977007197635524,0.5094021473442002,0.5012127531718457,0.4910907865874795,0.1610878661087866,-0.004680582963889679,0.022622748428169304,0.008404470437331168,0.009413869453152424,-0.04771433769068842,0.5094021473442002
2448,2020-11-17,0.520323426219115,0.5265641869533771,0.5187857079106213,0.518547885841198,0.18677720314977,0.02262270645556258,0.01716203960917695,0.017572954738775626,0.02745709925371853,0.025689337040983418,0.5265641869533771
2449,2020-11-18,0.529684575348124,0.5148627683796198,0.5187857157730597,0.514625443672044,0.1475090308999714,0.009361149129008983,-0.011701418573757394,7.862438367034486e-09,-0.00392244216915405,-0.039268172249798616,0.5148627683796198
2450,2020-11-19,0.5101821858057751,0.5109622808911051,0.5042688724429037,0.5075650217307669,0.1671691052262273,-0.01950238954234884,-0.003900487488514681,-0.014516843330155904,-0.007060421941277095,0.01966007432625591,0.5109622808911051
2451,2020-11-20,0.5055016139956576,0.5218836107455169,0.5126733523337305,0.5020735905308983,0.1366069804308843,-0.004680571810117495,0.010921329854411854,0.00840447989082671,-0.005491431199868613,-0.03056212479534301,0.5218836107455169
2452,2020-11-24,0.5367053841966569,0.5367053841966569,0.5394148500801266,0.5373756066916618,0.1896878817017074,0.031203770200999292,0.014821773451139997,0.026741497746396115,0.03530201616076356,0.0530809012708231,0.5367053841966569
2453,2020-11-25,0.5499670317342462,0.5382656055271346,0.5386508376656404,0.5397291078471227,0.1193768029314691,0.013261647537589294,0.001560221330477729,-0.0007640124144862037,0.0023535011554608465,-0.07031107877023829,0.5382656055271346
2454,2020-11-26,0.5367054265878695,0.5476267579428552,0.5363587176559652,0.5358066691383344,0.113633410431664,-0.013261605146376754,0.009361152415720553,-0.002292120009675158,-0.003922438708788278,-0.0057433924998051,0.5476267579428552
2455,2020-11-27,0.5484068473558928,0.5429461817349949,0.5371227558465124,0.5397291135382164,0.1031471711842823,0.011701420768023385,-0.004680576207860332,0.000764038190547156,0.003922444399881986,-0.010486239247381707,0.5429461817349949
2456,2020-11-30,0.5382657146111332,0.5304647622254646,0.5294824200731952,0.5334532960971573,0.1452740455833051,-0.010141132744759696,-0.0124814195095303,-0.007640335773317131,-0.006275817441059095,0.042126874399022796,0.5304647622254646
2457,2020-12-01,0.5328049949752209,0.5421661369074356,0.5348306741793456,0.5326687530034375,0.1019127316198445,-0.0054607196359122145,0.011701374681971077,0.005348254106150363,-0.0007845430937197806,-0.04336131396346059,0.5421661369074356
2458,2020-12-02,0.5515272445707465,0.5569879103585758,0.5501115164035316,0.5507119902418594,0.1691442085293276,0.018722249595525597,0.014821773451140108,0.01528084222418602,0.018043237238421828,0.0672314769094831,0.5569879103585758
2459,2020-12-03,0.5530874228700611,0.5530874228700611,0.5455272420040701,0.5514964683649739,0.0829933210322513,0.0015601782993145408,-0.003900487488514681,-0.004584274399461519,0.0007844781231145515,-0.0861508874970763,0.5530874228700611
2460,2020-12-04,0.5546476700265404,0.5515272893231562,0.5447632541976104,0.5530655051628526,0.0620208425374879,0.0015602471564792886,-0.0015601335469048738,-0.0007639878064596983,0.0015690367978786757,-0.020972478494763393,0.5515272893231562
2461,2020-12-07,0.5577680323557622,0.5484068905539872,0.5462913238710758,0.5491430366815916,0.1196496790457132,0.0031203623292218596,-0.0031203987691690305,0.0015280696734654153,-0.003922468481260988,0.057628836508225305,0.5484068905539872
2462,2020-12-08,0.5382656055271346,0.5382656055271346,0.5363587064415313,0.535806657935443,0.1324228800124743,-0.019502426828627573,-0.01014128502685252,-0.009932617429544544,-0.01333637874614857,0.012773200966761086,0.5382656055271346
2463,2020-12-09,0.5320248582613274,0.5312447631612375,0.5248980635197651,0.530315241394088,0.0984952831414537,-0.006240747265807256,-0.007020842365897173,-0.011460642921766184,-0.005491416541354988,-0.03392759687102059,0.5312447631612375
2464,2020-12-10,0.5296846456351656,0.5172031223212294,0.521077916210098,0.5201169427286729,0.0879830556927155,-0.0023402126261617973,-0.01404164084000803,-0.0038201473096670657,-0.010198298665415106,-0.010512227448738198,0.5172031223212294
2465,2020-12-11,0.5179831431223979,0.5101821921717594,0.511909316291695,0.5099184980551181,0.1138413160425167,-0.011701502512767692,-0.007020930149470028,-0.00916859991840302,-0.010198444673554796,0.025858260349801196,0.5101821921717594
2466,2020-12-14,0.5086220496754048,0.520323477198612,0.5134374519483296,0.5114875260116043,0.0957275396969775,-0.009361093446993096,0.010141285026852631,0.001528135656634566,0.0015690279564861687,-0.018113776345539193,0.520323477198612
2467,2020-12-15,0.5179832436763495,0.5140827674438468,0.5080891961466597,0.5107030871928108,0.0729358871072533,0.009361194000944706,-0.006240709754765206,-0.005348255801669866,-0.0007844388187935314,-0.02279165258972421,0.5140827674438468
2468,2020-12-16,0.5164229201223767,0.5250039656228995,0.514201414889918,0.5185478550773076,0.1132305933106369,-0.0015603235539728422,0.010921198179052682,0.006112218743258291,0.00784476788449684,0.0402947062033836,0.5250039656228995
2469,2020-12-17,0.5242238973417139,0.5109622808911051,0.5134373973964111,0.5130564516413006,0.0926609319369006,0.007800977219337257,-0.014041684731794457,-0.0007640174935068522,-0.005491403436006959,-0.020569661373736295,0.5109622808911051
2470,2020-12-18,0.512522528032373,0.5094021473442002,0.5019767970029002,0.5028581377037928,0.1195847085423217,-0.011701369309340959,-0.0015601335469048738,-0.011460600393510934,-0.010198313937507808,0.0269237766054211,0.5094021473442002
2471,2020-12-21,0.5109622880141925,0.5047215272445535,0.502740791959128,0.5028580888175628,0.0833311676498869,-0.0015602400181804477,-0.0046806200996466485,0.0007639949562278092,-4.888623006404913e-08,-0.036253540892434793,0.5047215272445535
2472,2020-12-22,0.5016011787936941,0.5008210836478253,0.4958644297168723,0.5020736307834458,0.0857480703760492,-0.009361109220498376,-0.0039004435967282536,-0.00687636224225574,-0.0007844580341169749,0.0024169027261622955,0.5008210836478253
2473,2020-12-23,0.5016011491592137,0.4883395324629358,0.4920441816199207,0.4887372710912749,0.0889446191429091,-2.9634480425144716e-08,-0.012481551184889472,-0.003820248096951584,-0.013336359692170896,0.0031965487668599024,0.4883395324629358
2474,2020-12-24,0.4969205396288879,0.4984807297062156,0.4943362741715857,0.4973666221439548,0.0709607838041529,-0.004680609530325841,0.010141197243279776,0.002292092551665015,0.008629351052679868,-0.017983835338756207,0.4984807297062156
2475,2020-12-25,0.4961404567326839,0.5023812171947302,0.4935722425507718,0.4981511242759136,0.0415681280698562,-0.0007800828962039597,0.00390048748851457,-0.0007640316208138986,0.000784502131958853,-0.029392655734296697,0.5023812171947302
2476,2020-12-28,0.5016011929609474,0.493800241281928,0.4912801807601049,0.4926597641209672,0.0746121260947529,0.005460736228263485,-0.008580975912802158,-0.0022920617906669327,-0.005491360154946445,0.0330439980248967,0.493800241281928
2477,2020-12-29,0.4936036899733693,0.4967476625209704,0.4880661580788291,0.4876899218926351,0.1335533667714857,-0.00799750298757812,0.0029474212390424026,-0.0032140226812757966,-0.0049698422283320776,0.05894124067673279,0.4967476625209704
2478,2020-12-30,0.4975336520721255,0.4818137894474138,0.4872963341282547,0.4845282333316246,0.1229241924166428,0.0039299620987562345,-0.014933873073556592,-0.0007698239505743998,-0.0031616885610105117,-0.010629174354842882,0.4818137894474138
2479,2021-01-04,0.4857437740039583,0.4670371367526732,0.4757490461437946,0.4666647309785383,0.1271992515398009,-0.011789878068167225,-0.0147766526947406,-0.011547287984460086,-0.017863502353086314,0.004275059123158106,0.4670371367526732
2480,2021-01-05,0.4541468591631896,0.458862818240689,0.4523465142917657,0.4546503376111818,0.1430520543673172,-0.03159691484076871,-0.008174318511984247,-0.023402531852028896,-0.01201439336735649,0.015852802827516277,0.458862818240689
2481,2021-01-06,0.4536752464892942,0.4723818834720474,0.4642017325349892,0.4555988263461549,0.1292393253462928,-0.0004716126738953941,0.01351906523135843,0.011855218243223498,0.0009484887349731075,-0.0138127290210244,0.4723818834720474
2482,2021-01-07,0.4865296680447062,0.4739537800177024,0.4772885898314475,0.4742526787648231,0.2110501832168195,0.03285442155541202,0.0015718965456549827,0.01308685729645831,0.018653852418668182,0.08181085787052672,0.4739537800177024
2483,2021-01-08,0.4794559226830381,0.4794559226830381,0.4695905744796835,0.4701426768129207,0.1723667454975441,-0.0070737453616681045,0.005502142665335719,-0.007698015351764009,-0.0041100019519023645,-0.038683437719275404,0.4794559226830381
2484,2021-01-12,0.4770977814252749,0.4675086662137619,0.4695904157078353,0.4695101809104158,0.1098261389329244,-0.00235814125776318,-0.01194725646927619,-1.587718482243261e-07,-0.0006324959025049148,-0.06254060656461971,0.4675086662137619
2485,2021-01-13,0.4620067148628938,0.4675086662137619,0.4589668948278875,0.4617640533465739,0.1019647080225577,-0.015091066562381128,0.0,-0.010623520879947779,-0.007746127563841909,-0.007861430910366687,0.4675086662137619
2486,2021-01-14,0.4715958527423203,0.4857437283245899,0.4788282829668185,0.4729880568371766,0.1753423945528729,0.009589137879426501,0.018235062110827982,0.019861388138931013,0.011224003490602708,0.07337768653031519,0.4857437283245899
2487,2021-01-15,0.48810170944987,0.4841717439953622,0.4811377459736928,0.4821569448046004,0.0900491177005639,0.016505856707549726,-0.0015719843292276714,0.0023094630068742905,0.009168887967423822,-0.085293276852309,0.4841717439953622
2488,2021-01-18,0.4770978655746156,0.4715959132533268,0.4718999600012404,0.4712491906241462,0.1053041918968788,-0.011003843875254438,-0.012575830742035443,-0.009237785972452395,-0.010907754180454199,0.015255074196314902,0.4715959132533268
2489,2021-01-19,0.4770978043576475,0.4857437283245899,0.4780584625761966,0.4766239944398687,0.0992099586787598,-6.12169681057928e-08,0.014147815071263115,0.006158502574956204,0.005374803815722473,-0.0060942332181189995,0.4857437283245899
2490,2021-01-20,0.4833858027971977,0.4778838505702377,0.4749792338154993,0.4766240474245072,0.0731048104160711,0.006287998439550191,-0.007859877754352207,-0.003079228760697328,5.298463851000079e-08,-0.0261051482626887,0.4778838505702377
2491,2021-01-21,0.4959617049897192,0.5030356437296677,0.4996135005257969,0.4987558554403655,0.272603238129889,0.012575902192521526,0.025151793159430003,0.024634266710297614,0.02213180801585829,0.19949842771381793,0.5030356437296677
2492,2021-01-22,0.4873157506559714,0.4920317095332872,0.4865265229700556,0.4861090851216346,0.1844382650276774,-0.008645954333747818,-0.011003934196380516,-0.013086977555741286,-0.012646770318730904,-0.08816497310221161,0.4920317095332872
2493,2021-01-25,0.492817696836469,0.4967476625209704,0.4888359785174392,0.4892707644271332,0.0718183944489201,0.005501946180497597,0.004715952987683236,0.0023094555473835987,0.003161679305498599,-0.1126198705787573,0.4967476625209704
2494,2021-01-26,0.4951756821181645,0.4920317095332872,0.4857567025223183,0.4916420340579784,0.0727669637984355,0.002357985281695507,-0.004715952987683236,-0.0030792759951209225,0.0023712696308452186,0.0009485693495153991,0.4920317095332872
2495,2021-01-27,0.4951756704866015,0.5014636155086536,0.4919152545492411,0.494803707541635,0.0830842797369994,-1.1631562990555011e-08,0.009431905975366417,0.006158552026922837,0.0031616734836565907,0.0103173159385639,0.5014636155086536
2496,2021-01-28,0.4912457272620495,0.5352613444247293,0.5257873774443141,0.4932228875299708,0.269445671665064,-0.003929943224551979,0.03379772891607569,0.03387212289507302,-0.001580820011664208,0.1863613919280646,0.5352613444247293
2497,2021-01-29,0.5274014754090132,0.5211135293534661,0.5304063632102494,0.5216781160591577,0.1576704176303958,0.03615574814696365,-0.01414781507126317,0.004618985765935224,0.028455228529186916,-0.1117752540346682,0.5211135293534661
2498,2021-02-01,0.5195414234426877,0.5297593334347526,0.5273269597994146,0.522468417377576,0.0999376283167442,-0.007860051966325443,0.008645804081286457,-0.003079403410834791,0.000790301318418285,-0.0577327893136516,0.5297593334347526
2499,2021-02-02,0.5242574343145255,0.5399772974124124,0.530406294345201,0.5272109973247483,0.084136801891941,0.004716010871837817,0.010217963977659839,0.0030793345457864607,0.00474257994717231,-0.015800826424803197,0.5399772974124124
2500,2021-02-03,0.5407633180161567,0.5525532159380205,0.5427234491932896,0.5430194505950072,0.1026274071571506,0.016505883701631197,0.012575918525608132,0.012317154848088596,0.015808453270258926,0.018490605265209598,0.5525532159380205
2501,2021-02-04,0.5501951717307821,0.5517671579357272,0.5442630262578,0.5477619142107333,0.0843447075027937,0.009431853714625404,-0.0007860580022933661,0.0015395770645103557,0.004742463615726056,-0.0182826996543569,0.5517671579357272
2502,2021-02-05,0.5564831539745879,0.5745609965472087,0.5665878561032097,0.5564565851918725,0.1518230723251643,0.006287982243805779,0.022793838611481543,0.022324829845409733,0.008694670981139185,0.06747836482237059,0.5745609965472087
2503,2021-02-08,0.5816349211682337,0.5855648868518029,0.5773653288206524,0.5833308950913965,0.1424543257361158,0.025151767193645758,0.011003890304594144,0.010777472717442671,0.026874309899523996,-0.009368746589048488,0.5855648868518029
2504,2021-02-09,0.580848954801688,0.5816349479746267,0.5827540987476175,0.5793788154585012,0.1205852542945502,-0.0007859663665457095,-0.003929938877176187,0.005388769926965131,-0.0039520796328952335,-0.021869071441565593,0.5816349479746267
2505,2021-02-10,0.5722030220484484,0.5879228852915376,0.5773653475085246,0.573055437167968,0.1232100626315652,-0.008645932753239549,0.006287937316910908,-0.0053887512390928816,-0.006323378290533199,0.0026248083370149916,0.5879228852915376
2506,2021-02-12,0.5910668500020546,0.5942108226084485,0.5850635442844958,0.587283012548303,0.1032771121910652,0.018863827953606194,0.006287937316910908,0.007698196775971167,0.014227575380334923,-0.019932950440500002,0.5942108226084485
2507,2021-02-15,0.5973547912669039,0.5973547912669039,0.5935315653448903,0.5896542724973477,0.0850333948387432,0.006287941264849328,0.003143968658455454,0.00846802106039446,0.002371259949044746,-0.018243717352321998,0.5973547912669039
2508,2021-02-16,0.5737750451306994,0.5761330247682228,0.57505592295849,0.5706842098499645,0.2215754047662361,-0.023579746136204505,-0.021221766498681127,-0.018475642386400315,-0.018970062647383212,0.1365420099274929,0.5761330247682228
2509,2021-02-17,0.5942108054842229,0.590280839839486,0.5866031682855223,0.5849117318459721,0.1554484264144078,0.020435760353523458,0.01414781507126317,0.01154724532703233,0.01422752199600763,-0.06612697835182832,0.590280839839486
2510,2021-02-18,0.5847788881757701,0.572202998107474,0.5758256824892877,0.5730554131913286,0.1251721718339873,-0.00943191730845283,-0.01807784173201199,-0.01077748579623461,-0.011856318654643538,-0.030276254580420492,0.572202998107474
2511,2021-02-19,0.5769190116144727,0.5643431203531217,0.5688973525794546,0.5596183048686635,0.1021336313313755,-0.007859876561297385,-0.007859877754352262,-0.006928329909833053,-0.013437108322665092,-0.023038540502611796,0.5643431203531217
2512,2021-02-22,0.575346964852391,0.5769189510951571,0.5765954971357403,0.5754266711970947,0.0863977754099638,-0.0015720467620816692,0.012575830742035388,0.007698144556285702,0.01580836632843119,-0.015735855921411704,0.5769189510951571
2513,2021-02-24,0.5761329937718669,0.5832069323038545,0.5804446353187984,0.5770075495528169,0.1190779386158683,0.0007860289194758785,0.006287981208697335,0.0038491381830580984,0.0015808783557221817,0.0326801632059045,0.5832069323038545
2514,2021-02-25,0.5981407429397994,0.6138606047779018,0.6058486505036262,0.5943967589442738,0.1973803893032563,0.022007749167932467,0.030653672474047378,0.02540401518482782,0.01738920939145694,0.078302450687388,0.6138606047779018
2515,2021-02-26,0.5981407653724995,0.5769189510951571,0.5873729830635112,0.5770075137003834,0.1563580134618883,2.243270014190557e-08,-0.03694165368274471,-0.018475667440115084,-0.017389245243890405,-0.041022375841368,0.5769189510951571
2516,2021-03-01,0.5934248773734095,0.6075727552445637,0.5989203607988991,0.5904447453523496,0.1129577171963928,-0.004715887999089952,0.03065380414940655,0.011547377735387943,0.013437231651966197,-0.04340029626549549,0.6075727552445637
2517,2021-03-02,0.6012847397363248,0.5934248084979414,0.5950711891565165,0.5920255193309955,0.1138802983445515,0.007859862362915249,-0.01414794674662223,-0.0038491716423826317,0.0015807739786458663,0.0009225811481586993,0.5934248084979414
2518,2021-03-03,0.6012847396219979,0.6115026502299534,0.598920291171724,0.6030914167739138,0.1091244574962966,-1.1432688129531243e-10,0.01807784173201199,0.003849102015207495,0.011065897442918304,-0.004755840848254908,0.6115026502299534
2519,2021-03-04,0.6075727302443452,0.6099307097925121,0.5981505156712172,0.5999297768168594,0.1021206372306972,0.006287990622347306,-0.0015719404374413548,-0.0007697755005067197,-0.0031616399570543186,-0.0070038202655993975,0.6099307097925121
2520,2021-03-05,0.6075726693396277,0.6060006831317633,0.5981504557110079,0.5959776105078158,0.0892564775591881,-6.090471749153892e-08,-0.00393002666074882,-5.996020935317148e-08,-0.003952166309043603,-0.012864159671509098,0.6060006831317633
2521,2021-03-08,0.6146466437923493,0.6122886643404605,0.6127770798373539,0.6125764928181558,0.1211829829257517,0.007073974452721621,0.006287981208697224,0.014626624126345966,0.016598882310340013,0.03192650536656361,0.6122886643404605
2522,2021-03-09,0.6177905744890579,0.6287944778514585,0.6212450626698468,0.6181093998581093,0.1415707268899919,0.0031439306967085967,0.016505813510998002,0.008467982832492948,0.005532907039953461,0.020387743964240188,0.6287944778514585
2523,2021-03-10,0.6193626614544963,0.6342965327332214,0.6212451637469412,0.6196903431371131,0.1124509472699394,0.001572086965438313,0.005502054881762919,1.0107709436102397e-07,0.0015809432790038214,-0.029119779620052494,0.6342965327332214
2524,2021-03-11,0.6382264296693572,0.6366544433893835,0.638181146113967,0.6354987013638251,0.1402063463187712,0.01886376821486091,0.0023579106561620877,0.01693598236702587,0.015808358226712005,0.027755399048831814,0.6366544433893835
2525,2021-03-12,0.6382264988592017,0.6342965327332214,0.6250942663723869,0.6283849780535778,0.1723407572961875,6.91898445204231e-08,-0.0023579106561620877,-0.013086879741580182,-0.0071137233102472885,0.03213441097741629,0.6342965327332214
2526,2021-03-15,0.6374404117185438,0.6390123979373319,0.6304829171576116,0.6370795191077516,0.0880740143974635,-0.0007860871406578651,0.004715865204110492,0.005388650785224769,0.008694541054173777,-0.084266742898724,0.6390123979373319
2527,2021-03-16,0.631938498341923,0.6256505530847893,0.6197054690402363,0.626804081070341,0.0919462563995945,-0.0055019133766208705,-0.013361844852542548,-0.010777448117375354,-0.0102754380374106,0.0038722420021310017,0.6256505530847893
2528,2021-03-17,0.6248645954767684,0.6319385342934867,0.6189356837936206,0.6228520100669416,0.0801736011850619,-0.007073902865154524,0.006287981208697335,-0.0007697852466156396,-0.003952071003399449,-0.011772655214532607,0.6319385342934867
2529,2021-03-18,0.6350824551682732,0.6382264277186112,0.6281734784527157,0.6323370143496682,0.1119311832428077,0.010217859691504794,0.00628789342512448,0.009237794659095022,0.009485004282726583,0.0317575820577458,0.6382264277186112
2530,2021-03-19,0.632724477689449,0.6366544433893835,0.6235545577229352,0.6268040673899421,0.1342940305101484,-0.002357977478824269,-0.0015719843292276714,-0.004618920729780429,-0.005532946959726059,0.02236284726734071,0.6366544433893835
2531,2021-03-22,0.6280085406072777,0.6193626157678784,0.6181658360482459,0.618109454830849,0.1128277761896099,-0.004715937082171218,-0.01729182762150505,-0.00538872167468929,-0.008694612559093096,-0.021466254320538503,0.6193626157678784
2532,2021-03-23,0.6177905854813684,0.60128473014408,0.6058486654529012,0.6046722497505256,0.1057719795212973,-0.010217955125909284,-0.018077885623798418,-0.012317170595344762,-0.013437205080323422,-0.007055796668312603,0.60128473014408
2533,2021-03-24,0.581634919602588,0.5690590294490185,0.5719765842120124,0.5691033107523762,0.1540970399438654,-0.036155665878780496,-0.03222570069506148,-0.03387208124088881,-0.03556893899814939,0.048325060422568095,0.5690590294490185
2534,2021-03-25,0.5682731153542214,0.5753470545495022,0.566587919962936,0.5714746540322733,0.1054731152056966,-0.013361804248366527,0.006288025100483652,-0.005388664249076358,0.0023713432798970757,-0.04862392473816879,0.5753470545495022
2535,2021-03-26,0.5839929315651022,0.5784909793161712,0.5727464365800741,0.577797976879988,0.0914654746744977,0.01571981621088081,0.003143924766669026,0.006158516617138066,0.006323322847714752,-0.014007640531198906,0.5784909793161712
2536,2021-03-29,0.5792769421790662,0.5674870451197908,0.5704369452893544,0.5627799425567824,0.162751110995608,-0.0047159893860360125,-0.01100393419638046,-0.0023094912907196674,-0.015018034323205587,0.07128563632111029,0.5674870451197908
2537,2021-03-30,0.5674870601116355,0.572989012217981,0.565048217143861,0.5683129064438959,0.1095142805166454,-0.011789882067430701,0.005501967098190286,-0.005388728145493404,0.00553296388711344,-0.05323683047896259,0.572989012217981
2538,2021-03-31,0.569059043296568,0.5580551391444244,0.5604292913042344,0.5604086904751545,0.1123599885651914,0.0015719831849324573,-0.014933873073556647,-0.004618925839626642,-0.007904215968741357,0.002845708048546003,0.5580551391444244
2539,2021-04-01,0.5619850916086443,0.5509811877170064,0.5519612532311647,0.5509236220226035,0.0972478494763377,-0.007073951687923685,-0.007073951427417957,-0.008468038073069617,-0.009485068452551038,-0.015112139088853699,0.5509811877170064
2540,2021-04-02,0.5564831146641877,0.5533391422649548,0.5473423060219741,0.5540852821935052,0.0553288806881675,-0.0055019769444566435,0.0023579545479484043,-0.004618947209190649,0.0031616601709016923,-0.041918968788170204,0.5533391422649548
2541,2021-04-05,0.5556971178288858,0.5564831109234103,0.5473423023426428,0.5548756996934812,0.0660490137477585,-0.0007859968353018942,0.003143968658455454,-3.679331284089926e-09,0.0007904174999759928,0.010720133059590999,0.5564831109234103
2542,2021-04-06,0.5580551580431319,0.5604131375841592,0.5519612849906004,0.5564566028988861,0.1116972894305985,0.0023580402142461265,0.003930026660748931,0.00461898264795757,0.0015809032054049377,0.04564827568284001,0.5604131375841592
2543,2021-04-07,0.5619851428171567,0.562771136023894,0.5542707650473279,0.5604087282729399,0.0952857402739156,0.003929984774024842,0.002357998439734721,0.0023094800567274865,0.003952125374053761,-0.0164115491566829,0.562771136023894
2544,2021-04-08,0.5564831165505624,0.5517671579357272,0.548112128282254,0.5509235991412424,0.0782894565867096,-0.005502026266594351,-0.011003978088166777,-0.006158636765073888,-0.009485129131697412,-0.016996283687206,0.5517671579357272
2545,2021-04-09,0.5533391194163229,0.5541251124836756,0.5496517445324458,0.5517139957221343,0.1102809324566646,-0.003143997134239518,0.0023579545479484043,0.0015396162501918331,0.0007903965808918612,0.03199147586995499,0.5541251124836756
2546,2021-04-12,0.5501952866420182,0.5478373068421238,0.5458027810614193,0.5493428714091925,0.079419943345721,-0.0031438327743046335,-0.006287805641551736,-0.0038489634710264786,-0.0023711243129418413,-0.030860989110943593,0.5478373068421238
2547,2021-04-13,0.5501952235697721,0.5454792645106026,0.5434932570604448,0.5477619658204634,0.1099690740403856,-6.30722460925881e-08,-0.0023580423315212595,-0.0023095240009745055,-0.0015809055887290313,0.030549130694664597,0.5454792645106026
2548,2021-04-14,0.5423352651467344,0.5494092033877788,0.5396441281478552,0.5366960411404934,0.0741313443696561,-0.007859958423037772,0.003929938877176187,-0.0038491289125895944,-0.01106592467997003,-0.0358377296707295,0.5494092033877788
2549,2021-04-15,0.5478373068421238,0.5478373068421238,0.5481122427584352,0.5406482360343707,0.0700511967566724,0.005502041695389481,-0.0015718965456549272,0.008468114610579947,0.0039521948938773255,-0.004080147612983698,0.5478373068421238
2550,2021-04-16,0.5549111457888413,0.5391912833019054,0.5434932209783714,0.5374864531448714,0.1104888380675173,0.007073838946717426,-0.008646023540218484,-0.004619021780063792,-0.0031617828894993094,0.0404376413108449,0.5391912833019054
2551,2021-04-19,0.539191339761268,0.5462652786211096,0.5373347138328047,0.5422290374500638,0.0816679227630655,-0.01571980602757328,0.007073995319204274,-0.00615850714556665,0.0047425843051923655,-0.0288209153044518,0.5462652786211096
2552,2021-04-20,0.5352612493038248,0.5218993678968277,0.5250174636790462,0.5232588037185172,0.1283687206008472,-0.003930090457443192,-0.02436591072428196,-0.012317250153758508,-0.018970233731546604,0.04670079783778169,0.5218993678968277
2553,2021-04-21,0.510895536991528,0.4983196468501981,0.5011531035795719,0.5003366602161755,0.1885184126406611,-0.024365712312296783,-0.023579721046629587,-0.023864360099474347,-0.022922143502341674,0.06014969203981391,0.4983196468501981
2554,2021-04-22,0.5061796208725324,0.5163975324739966,0.5080815303444098,0.5042888090615572,0.1618935003508407,-0.004715916118995578,0.018077885623798473,0.006928426764837958,0.003952148845381642,-0.02662491228982039,0.5163975324739966
2555,2021-04-23,0.5069655935128823,0.5156115183634895,0.5080815097393916,0.5074504738054002,0.1212739416304997,0.0007859726403498524,-0.0007860141105070495,-2.060501824718841e-08,0.003161664743843051,-0.04061955872034101,0.5156115183634895
2556,2021-04-26,0.5187554791371929,0.5250434243388559,0.5173193435047143,0.5137738324105233,0.1172587645209075,0.011789885624310603,0.009431905975366361,0.009237833765322723,0.006323358605123119,-0.004015177109592205,0.5250434243388559
2557,2021-04-27,0.5250434934436684,0.5226855136826938,0.5173194115929041,0.5232589566480389,0.1143220977676135,0.00628801430647552,-0.0023579106561620877,6.808818975301278e-08,0.009485124237515574,-0.002936666753294001,0.5226855136826938
2558,2021-04-28,0.5203274165190004,0.5297593334347526,0.5250174986616069,0.5232588385838961,0.148249694638634,-0.004716076924668022,0.007073819752058785,0.007698087068702786,-1.1806414279558197e-07,0.033927596871020496,0.5297593334347526
2559,2021-04-30,0.5344753381520412,0.5281873929973113,0.5350252098991112,0.5287918327956357,0.1696639725564593,0.014147921633040794,-0.0015719404374412438,0.010007711237504324,0.005532994211739584,0.021414277917825297,0.5281873929973113
2560,2021-05-06,0.5313313070462186,0.5407632237393467,0.5327156898804637,0.5327438804852364,0.1855557576860105,-0.00314403110582262,0.012575830742035388,-0.002309520018647482,0.0039520476896006684,0.015891785129551195,0.5407632237393467
2561,2021-05-07,0.5415493193812152,0.5462652786211096,0.5365648933258809,0.5398577734378915,0.1331245614491021,0.01021801233499664,0.005502054881762919,0.003849203445417171,0.0071138929526551875,-0.052431196236908395,0.5462652786211096
2562,2021-05-10,0.5533392050295886,0.555697184596476,0.5473423681063934,0.5540853450427726,0.126224693988929,0.011789885648373355,0.009431905975366361,0.010777474780512497,0.014227571604881084,-0.006899867460173098,0.555697184596476
2563,2021-05-11,0.5556971971008986,0.5462652786211096,0.547342380422814,0.5469715654744084,0.1520049897346604,0.0023579920713100444,-0.009431905975366361,1.2316420661129257e-08,-0.007113779568364231,0.025780295745731402,0.5462652786211096
2564,2021-05-12,0.5525531567219467,0.5470512049480439,0.5450328522690814,0.5438098136414067,0.1375945320824345,-0.0031440403789518845,0.0007859263269343053,-0.002309528153732643,-0.0031617518330017136,-0.0144104576522259,0.5470512049480439
2565,2021-05-13,0.5478372018036335,0.5258293945575765,0.5381044722322952,0.5256301286971997,0.1260947529821461,-0.0047159549183132254,-0.021221810390467444,-0.006928380036786197,-0.018179684944206964,-0.011499779100288404,0.5258293945575765
2566,2021-05-14,0.5274014018153493,0.5266154086680835,0.5211684438121346,0.5216780432641323,0.1372436913641206,-0.020435799988284153,0.0007860141105070495,-0.01693602842016062,-0.003952085433067465,0.011148938381974505,0.5266154086680835
2567,2021-05-17,0.559627141688111,0.5454792645106026,0.5604293075637448,0.5469715445133633,0.1455079393955144,0.03222573987276167,0.01886385584251904,0.0392608637516102,0.02529350124923102,0.008264248031393806,0.5454792645106026
2568,2021-05-18,0.5501952447160975,0.562771136023894,0.5558104060613481,0.5532949362356248,0.135567452376621,-0.00943189697201352,0.017291871513291368,-0.004618901502396633,0.006323391722261484,-0.009940487018893412,0.562771136023894
2569,2021-05-19,0.5533391595401478,0.5391912833019054,0.5434932209783714,0.5359056106356218,0.1423893552327243,0.003143914824050298,-0.023579852721988592,-0.012317185082976745,-0.017389325600002947,0.006821902856103318,0.5391912833019054
2570,2021-05-20,0.5344753337677962,0.5494092033877788,0.5419535894666049,0.5366960411404934,0.0931547077626757,-0.018863825772351572,0.010217920085873411,-0.0015396315117665038,0.0007904305048715976,-0.049234647470048604,0.5494092033877788
2571,2021-05-21,0.5533391385453119,0.5564831109234103,0.553500865519494,0.5548756996934812,0.0917253566880636,0.018863804777515703,0.0070739075356315295,0.011547276052889077,0.018179658552987754,-0.0014293510746121035,0.5564831109234103
2572,2021-05-24,0.555697146160851,0.5690590294490185,0.5627387389757483,0.5572469917783683,0.0980664778190701,0.0023580076155390595,0.012575918525608243,0.009237873456254375,0.0023712920848871777,0.006341121131006502,0.5690590294490185
2573,2021-05-25,0.5753470168243304,0.5706310576700326,0.5658180623191443,0.5714746165610126,0.0764702824917487,0.019649870663479452,0.001572028221014099,0.003079323343396001,0.014227624782644277,-0.021596195327321405,0.5706310576700326
2574,2021-05-26,0.5674870039453963,0.5839928586307886,0.5719765446671923,0.5698936926164925,0.1097871566308895,-0.00786001287893412,0.01336180096075601,0.0061584823480479445,-0.0015809239445201406,0.033316874139140806,0.5839928586307886
2575,2021-05-27,0.5784909524835408,0.5824209181933474,0.5750558713445986,0.5801692138965173,0.108071935341355,0.011003948538144459,-0.0015719404374412438,0.003079326677406291,0.010275521280024846,-0.0017152212895345104,0.5824209181933474
2576,2021-05-28,0.5934248589449946,0.605214756804829,0.5973807012173066,0.5951872549443238,0.160840978195899,0.014933906461453872,0.022793838611481543,0.022324829872708007,0.015018041047806463,0.05276904285454399,0.605214756804829
2577,2021-05-31,0.5981407923616285,0.591066853949993,0.5873730095667796,0.5880734377582775,0.0975077314899035,0.0047159334166338995,-0.014147902854835914,-0.01000769165052695,-0.007113817186046312,-0.06333324670599548,0.591066853949993
2578,2021-06-01,0.5981408074014065,0.5965688210481832,0.5896824857683232,0.5936064016952078,0.0696613737363237,1.5039777978564928e-08,0.005501967098190175,0.0023094762015435366,0.0055329639369303685,-0.027846357753579812,0.5965688210481832
2579,2021-06-02,0.5887088899484292,0.6130746784509675,0.6050788960033007,0.5920255597509555,0.1205852542945502,-0.009431917452977334,0.01650585740278432,0.015396410234977509,-0.0015808419442523425,0.05092388055822651,0.6130746784509675
2580,2021-06-03,0.6091446937048975,0.6107166800112328,0.6096977999978673,0.6117860735125847,0.0851503417448478,0.020435803756468363,-0.002357998439734721,0.004618903994566659,0.01976051376162924,-0.03543491254970241,0.6107166800112328
2581,2021-06-04,0.6044287636141733,0.605214756804829,0.5973807012173066,0.6030914681573958,0.0912185867616102,-0.004715930090724241,-0.005501923206403858,-0.012317098780560753,-0.008694605355188956,0.006068245016762397,0.605214756804829
2582,2021-06-07,0.6115026672709535,0.6154326329989159,0.6066185123333212,0.6102052250644263,0.0964422152342836,0.007073903656780178,0.010217876194086983,0.009237811116014627,0.007113756907030533,0.005223628472673408,0.6154326329989159
2583,2021-06-08,0.6185765883431534,0.6115026502299534,0.6081581362797711,0.6125764718214721,0.0651914031029912,0.007073921072199951,-0.003929982768962503,0.0015396239464499084,0.0023712467570458085,-0.03125081213129241,0.6115026502299534
2584,2021-06-09,0.6083586953165575,0.5973547912669039,0.5966108471365629,0.5991393278190208,0.1057849736219756,-0.010217893026595926,-0.014147858963049487,-0.01154728914320824,-0.013437144002451329,0.040593570518984406,0.5973547912669039
2585,2021-06-10,0.5957827630458898,0.5957827630458898,0.5912220623938886,0.5975584432122386,0.0824995452064762,-0.012575932270667667,-0.001572028221014099,-0.005388784742674235,-0.0015808846067821847,-0.023285428415499396,0.5957827630458898
2586,2021-06-11,0.5989267603648099,0.5934248084979414,0.5889126257499807,0.5936063618392224,0.1188440448036591,0.003143997318920011,-0.0023579545479484043,-0.002309436643907925,-0.00395208137301617,0.03634449959718289,0.5934248084979414
2587,2021-06-14,0.6028567939325762,0.5926388821710071,0.5912221536646547,0.5896543220291663,0.071454559629928,0.003930033567766333,-0.0007859263269343053,0.002309527914673981,-0.003952039810056096,-0.047389485173731094,0.5926388821710071
2588,2021-06-15,0.5894948890148105,0.6083587254632844,0.5996901586453985,0.5928159869810911,0.1238077912627667,-0.013361904917765677,0.01571984329227727,0.008468004980743848,0.003161664951924714,0.0523532316328387,0.6083587254632844
2589,2021-06-16,0.6028567484795567,0.6107166800112328,0.6058486977251536,0.6046722819601128,0.0860079523896151,0.013361859464746217,0.0023579545479484043,0.006158539079755054,0.011856294979021742,-0.037799838873151595,0.6107166800112328
2590,2021-06-17,0.6115026982046967,0.6083587254632844,0.6066185430199924,0.6078339919846121,0.0909197224460095,0.00864594972513999,-0.0023579545479484043,0.0007698452948388113,0.0031617100244992757,0.004911770056394399,0.6083587254632844
2591,2021-06-18,0.612288666317568,0.6107166800112328,0.5996901340888114,0.6046722819601128,0.1751994594454118,0.0007859681128712381,0.0023579545479484043,-0.006928408931180963,-0.0031617100244992757,0.08427973699940229,0.6107166800112328
2592,2021-06-21,0.604428714190891,0.5918528241687137,0.596610831942022,0.5888638362233019,0.1788767899373684,-0.007859952126677006,-0.01886385584251915,-0.00307930214678942,-0.01580844573681095,0.0036773304919566208,0.5918528241687137
2593,2021-06-22,0.6067867452489116,0.6036427724756012,0.5966108827542258,0.6007202062356225,0.1161022895605395,0.002358031058020682,0.01178994830688751,5.081220377789464e-08,0.01185637001232065,-0.06277450037682891,0.6036427724756012
2594,2021-06-23,0.6083587134014193,0.6177906314386508,0.6073883514634326,0.6070435586328478,0.1322149744016216,0.0015719681525077078,0.014147858963049598,0.010777468709206817,0.006323352397225257,0.01611268484108211,0.6177906314386508
2595,2021-06-24,0.6240786000109866,0.61700466121993,0.6158563995505999,0.6188999011589423,0.1473271134904753,0.015719886609567246,-0.0007859702187207329,0.00846804808716728,0.011856342526094577,0.015112139088853699,0.61700466121993
2596,2021-06-25,0.6225065349243192,0.6272224935222307,0.6189356033110858,0.6260136139943153,0.1201564489721666,-0.0015720650866674069,0.010217832302300667,0.0030792037604858713,0.007113712835372987,-0.027170664518308713,0.6272224935222307
2597,2021-06-28,0.6303665331124564,0.6264365671952964,0.6189356692842726,0.6268041020359998,0.1273291925465838,0.007859998188137207,-0.0007859263269343053,6.597318680245934e-08,0.0007904880416844673,0.0071727435744172174,0.6264365671952964
2598,2021-06-29,0.6416417008356908,0.6368652117475839,0.6307783004130829,0.6348492194047632,0.1872190025728319,0.011275167723234447,0.010428644552287536,0.011842631128810344,0.008045117368763455,0.059889810026248075,0.6368652117475839
2599,2021-06-30,0.6344769603281858,0.63288479731607,0.6253203849807292,0.6292452472193599,0.118571168689415,-0.007164740507505041,-0.003980414431513979,-0.005457915432353744,-0.005603972185403316,-0.06864783388341689,0.63288479731607
2600,2021-07-01,0.6336809065374446,0.6336809065374446,0.623761009805868,0.6332481072771936,0.1160503131578263,-0.0007960537907412135,0.0007961092213746301,-0.001559375174861155,0.004002860057833679,-0.002520855531588706,0.6336809065374446
2601,2021-07-02,0.6400495378063219,0.6368652117475839,0.632337702886292,0.6348492194047632,0.1711712882351412,0.006368631268877323,0.0031843052101393488,0.00857669308042397,0.0016011121275696372,0.05512097507731489,0.6368652117475839
2602,2021-07-05,0.63288483355799,0.6440299752810238,0.6354565373359387,0.6364503819160631,0.1119571714441643,-0.007164704248331932,0.007164763533439866,0.003118834449646668,0.0016011625112998251,-0.05921411679097689,0.6440299752810238
2603,2021-07-06,0.6376613323928482,0.6392534955199215,0.6268798326990248,0.6372509579530532,0.1232750331349567,0.0047764988348582005,-0.0047764797611022924,-0.008576704636913846,0.0008005760369901305,0.011317861690792408,0.6392534955199215
2604,2021-07-07,0.6249240432660993,0.6384574301903332,0.6261001473343152,0.6276441755509535,0.1266405052106343,-0.012737289126748874,-0.0007960653295883136,-0.0007796853647096258,-0.009606782402099667,0.0033654720756775974,0.6384574301903332
2605,2021-07-08,0.6312926296953891,0.6352730371966211,0.6253203804157629,0.6316469420250762,0.1868421736531614,0.006368586429289835,-0.003184392993712093,-0.0007797669185523048,0.0040027664741226765,0.060201668442527084,0.6352730371966211
2606,2021-07-09,0.6281083150860547,0.6368652117475839,0.6237609892836419,0.6188378897854755,0.2510330310039242,-0.0031843146093344377,0.0015921745509628327,-0.0015593911321210019,-0.012809052239600716,0.06419085735076283,0.6368652117475839
2607,2021-07-12,0.6440299733631554,0.6376613209689586,0.6323377303616695,0.6388520795680144,0.189804828607812,0.01592165827710068,0.0007961092213746301,0.008576741078027639,0.020014189782538883,-0.06122820239611221,0.6376613209689586
2608,2021-07-13,0.640845660437422,0.6456221498319866,0.6338971460301027,0.6404532258627512,0.117102835312768,-0.0031843129257334013,0.007960828863028069,0.0015594156684332061,0.0016011462947368438,-0.07270199329504401,0.6456221498319866
2609,2021-07-14,0.6392534793061646,0.6400495608495097,0.6338971281811879,0.640453207829234,0.1632838691234179,-0.0015921811312573642,-0.005572588982476923,-1.784891479061912e-08,-1.803351723506097e-08,0.04618103381064992,0.6400495608495097
2610,2021-07-15,0.638457374776953,0.6368652117475839,0.6261000929934556,0.6260429881141549,0.187400919982328,-0.0007961045292116387,-0.0031843491019257764,-0.007797035187732337,-0.014410219715079053,0.024117050858910083,0.6368652117475839
2611,2021-07-16,0.635273082939922,0.6416417354004726,0.6299986331140545,0.6380515197000002,0.1618935003508407,-0.0031842918370309503,0.00477652365288872,0.00389854012059887,0.01200853158584525,-0.025507419631487283,0.6416417354004726
2612,2021-07-19,0.6352730889262265,0.62412794701524,0.622201626191119,0.6164362293583621,0.2650016892330882,5.986304452143543e-09,-0.017513788385232654,-0.007797006922935501,-0.021615290341638116,0.10310818888224749,0.62412794701524
2613,2021-07-20,0.6153710139570606,0.5978572205456048,0.6089466688616874,0.6012254302388195,0.2794641232880272,-0.01990207496916585,-0.02627072646963524,-0.013254957329431605,-0.015210799119542595,0.014462434054939022,0.5978572205456048
2614,2021-07-21,0.6113905758698266,0.6058180055168464,0.6011496264733445,0.6028265331422485,0.1727955508199277,-0.003980438087234028,0.007960784971241641,-0.00779704238834289,0.0016011029034290747,-0.10666857246809952,0.6058180055168464
2615,2021-07-26,0.628108362871812,0.6129828129420726,0.6151843224835032,0.6156356706984673,0.1249252839210998,0.01671778700198545,0.007164807425226183,0.01403469601015872,0.012809137556218708,-0.047870266898827896,0.6129828129420726
2616,2021-07-27,0.6209435655838142,0.6225357285724907,0.6128451563080773,0.6204390068902196,0.1113464487122846,-0.007164797287997793,0.009552915630418157,-0.002339166175425844,0.004803336191752328,-0.013578835208815213,0.6225357285724907
2617,2021-07-28,0.6105945266310071,0.6193514233623514,0.6144045793427741,0.6140344957951255,0.1402063463187712,-0.010349038952807144,-0.0031843052101393488,0.0015594230346968052,-0.006404511095094101,0.02885989760648662,0.6193514233623514
2618,2021-07-29,0.6177592812482126,0.6161671181522119,0.6136248988878161,0.6196384821981399,0.3167052158320123,0.007164754617205449,-0.0031843052101394598,-0.0007796804549580205,0.005603986403014405,0.17649886951324106,0.6161671181522119
2619,2021-07-30,0.6129827715947376,0.6042258748576699,0.604268463581045,0.6012254323905261,0.1756932352711868,-0.004776509653474981,-0.011941243294542048,-0.009356435306771105,-0.018413049807613824,-0.14101198056082548,0.6042258748576699
2620,2021-08-02,0.6050219764802082,0.6161671181522119,0.6066075874647026,0.6084305509955896,0.0947789703474622,-0.007960795114529406,0.011941243294542048,0.0023391238836575345,0.007205118605063565,-0.0809142649237246,0.6161671181522119
2621,2021-08-03,0.6066140873902618,0.6209435540215279,0.6081669376836364,0.6100316315445732,0.1098391330336027,0.0015921109100536235,0.004776435869315976,0.0015593502189338304,0.0016010805489835578,0.015060162686140494,0.6209435540215279
2622,2021-08-04,0.6233318816856518,0.6233318816856518,0.6120655254157552,0.6228407778341267,0.089074560149692,0.01671779429539,0.0023883276641238904,0.003898587732118819,0.012809146289553541,-0.02076457288391069,0.6233318816856518
2623,2021-08-05,0.6153709951234467,0.6225357285724907,0.6105060526580465,0.6188378739692126,0.0704670079783778,-0.00796088656220506,-0.0007961531131610577,-0.0015594727577087353,-0.004002903864914087,-0.018607552171314212,0.6225357285724907
2624,2021-08-06,0.6225357921247134,0.6344770157588192,0.6222016344263105,0.623641336397317,0.1299799890849554,0.0071647970012667095,0.011941287186328475,0.011695581768264018,0.004803462428104366,0.0595129811065776,0.6344770157588192
2625,2021-08-10,0.6360691710428574,0.6456221498319866,0.6331174447434729,0.6380515262657659,0.1751344889420203,0.01353337891814399,0.011145134073167418,0.010915810317162378,0.014410189868448886,0.045154499857064906,0.6456221498319866
2626,2021-08-11,0.6472142320811046,0.6496024764799279,0.6385752739470896,0.6436554115544073,0.1598794147457054,0.011145061038247195,0.003980326647941235,0.005457829203616704,0.005603885288641419,-0.015255074196314888,0.6496024764799279
2627,2021-08-12,0.6607476563910752,0.6822418572616283,0.6798994774990242,0.6596667795189202,0.4331973284129005,0.01353342430997062,0.03263938078170048,0.04132420355193467,0.016011367964512857,0.27331791366719504,0.6822418572616283
2628,2021-08-13,0.6894066533075025,0.6663202873191449,0.675221331222986,0.666871938220858,0.2144286493931755,0.02865899691642726,-0.015921569942483393,-0.004678146276038242,0.0072051587019378305,-0.218768679019725,0.6663202873191449
2629,2021-08-16,0.6551750863096635,0.6519907602522654,0.6424738186918317,0.6404531845020448,0.1902336339301956,-0.034231566997839025,-0.01432952706687951,-0.032747512531154266,-0.026418753718813193,-0.02419501546297989,0.6519907602522654
2630,2021-08-17,0.6559712217608246,0.6472143243829496,0.6440332741196062,0.6468577695345289,0.1071103718911614,0.0007961354511610841,-0.004776435869315865,0.0015594554277744699,0.006404585032484089,-0.0831232620390342,0.6472143243829496
2631,2021-08-18,0.6464182525810904,0.6424378446218473,0.6362362707396684,0.6412538134091822,0.125691935861119,-0.009552969179734139,-0.0047764797611022924,-0.007797003379937828,-0.0056039561253466985,0.018581563969957582,0.6424378446218473
2632,2021-08-19,0.6400495998463014,0.6424378446218473,0.6354565694274874,0.6420543799677455,0.1656487954468671,-0.006368652734789038,0.0,-0.0007797013121809693,0.0008005665585633093,0.0399568595857481,0.6424378446218473
2633,2021-08-20,0.6352730889262265,0.62412794701524,0.625320431334934,0.6244418946747043,0.1508874970763273,-0.004776510920074917,-0.018309897606607284,-0.010136138092553426,-0.017612485293041158,-0.0147612983705398,0.62412794701524
2634,2021-08-23,0.6121867003697605,0.6360691464179957,0.6237610051555513,0.6156356395267732,0.1349047532420281,-0.023086388556465942,0.011941199402755731,-0.0015594261793826503,-0.008806255147931097,-0.01598274383429918,0.6360691464179957
2635,2021-08-24,0.6368652526086181,0.6456221498319866,0.6401347563231418,0.636450393201109,0.1679877335689596,0.02467855223885762,0.009553003413990901,0.016373751167590433,0.020814753674335718,0.033082980326931494,0.6456221498319866
2636,2021-08-25,0.6408456490744426,0.6440299752810238,0.6338971347903289,0.6388520814704634,0.1256399594584059,0.003980396465824487,-0.0015921745509628327,-0.00623762153281282,0.002401688269354385,-0.04234777411055371,0.6440299752810238
2637,2021-08-26,0.6440299291411214,0.6527868255818536,0.6393549978949843,0.6444560009269702,0.0984433067387406,0.003184280066678813,0.008756850300829844,0.005457863104655347,0.005603919456506845,-0.027196652719665287,0.6527868255818536
2638,2021-08-27,0.6480104076220973,0.6535829786950147,0.6463723796759135,0.6476583377394222,0.1283297382988123,0.003980478480975824,0.0007961531131610577,0.007017381780929255,0.003202336812451967,0.029886431560071702,0.6535829786950147
2639,2021-08-30,0.6567672122614008,0.6559711307919931,0.6463722883830847,0.6564644770547245,0.247732529431638,0.008756804639303506,0.002388152096978402,-9.129282885211865e-08,0.008806139315302386,0.1194027911328257,0.6559711307919931
2640,2021-08-31,0.636865173019537,0.6496024764799279,0.6393549751362803,0.6340486143670282,0.1779412146885314,-0.019902039241863734,-0.006368654312065236,-0.007017313246804435,-0.022415862687696353,-0.0697913147431066,0.6496024764799279
2641,2021-09-01,0.6480103707954967,0.6575633492347424,0.6471520442004752,0.649259433938844,0.1425452844408638,0.011145197775959681,0.007960872754814496,0.0077970690641949725,0.015210819571815803,-0.0353959302476676,0.6575633492347424
2642,2021-09-02,0.6607476405279739,0.6527868255818536,0.6487114124983255,0.6548633649170952,0.1484186179474518,0.01273726973247713,-0.00477652365288872,0.0015593682978503054,0.0056039309782511815,0.005873333506587974,0.6527868255818536
2643,2021-09-03,0.65915551230795,0.6575633492347424,0.6463723429424024,0.656464532465909,0.1646872319966735,-0.0015921282200238585,0.00477652365288872,-0.0023390695559231123,0.0016011675488137866,0.016268614049221725,0.6575633492347424
2644,2021-09-06,0.6607477449262947,0.6734850508525848,0.6635258404575431,0.6556640349729673,0.1864913329348475,0.0015922326183447355,0.015921701617842454,0.017153497515140725,-0.0008004974929416431,0.021804100938173976,0.6734850508525848
2645,2021-09-07,0.6806497062241225,0.6687084833079098,0.6752212819793585,0.6708747220566537,0.1338912133891213,0.01990196129782773,-0.004776567544675037,0.011695441521815342,0.015210687083686336,-0.05260011954572619,0.6687084833079098
2646,2021-09-08,0.6679124585136772,0.6766693560627242,0.6635258195992836,0.6684730793554855,0.1374645910756516,-0.012737247710445265,0.007960872754814385,-0.011695462380074906,-0.0024016427011681607,0.0035733776865302935,0.6766693560627242
2647,2021-09-09,0.6750771007261755,0.6790575081597026,0.6674242350762011,0.6764786526393893,0.1558772317367915,0.007164642212498351,0.002388152096978402,0.003898415476917494,0.008005573283903833,0.0184126406611399,0.6790575081597026
2648,2021-09-10,0.68303801189529,0.6894066646868545,0.675221342368195,0.6836838471079557,0.1860105512097507,0.00796091116911446,0.01034915652715196,0.007797107291993899,0.007205194468566378,0.03013331947295922,0.6894066646868545
2649,2021-09-13,0.6894065491474354,0.6886104676819071,0.6791197351484288,0.6860854318222317,0.0904649289222692,0.006368537252145368,-0.0007961970049473743,0.0038983927802338503,0.002401584714275984,-0.09554562228748151,0.6886104676819071
2650,2021-09-14,0.6917948673548041,0.6957752751071332,0.689255924138298,0.6932906036763835,0.1269003872242002,0.0023883182073687337,0.007164807425226072,0.010136188989869122,0.007205171854151815,0.036435458301930984,0.6957752751071332
2651,2021-09-15,0.6886105277791099,0.6878144462441053,0.6760009893913187,0.6804815261892727,0.0990930117726552,-0.003184339575694195,-0.007960828863027958,-0.013254934746979252,-0.012809077487110798,-0.02780737545154499,0.6878144462441053
2652,2021-09-16,0.689406590885146,0.6822418572616283,0.6752212700850401,0.6804815079988861,0.0780165804724655,0.0007960631060360823,-0.005572588982476923,-0.0007797193062786256,-1.819038664141459e-08,-0.0210764313001897,0.6822418572616283
2653,2021-09-17,0.6822419287776159,0.6830380103747893,0.6783401461346796,0.6812821458942632,0.2006808908755425,-0.007164662107530084,0.0007961531131609467,0.003118876049639563,0.0008006378953770987,0.122664310403077,0.6830380103747893
2654,2021-09-21,0.6726888909466473,0.6687084833079098,0.6588475557419838,0.6668718895861485,0.1293562722523974,-0.009553037830968614,-0.01432952706687951,-0.019492590392695797,-0.014410256308114655,-0.0713246186231451,0.6687084833079098
2655,2021-09-22,0.670300701750659,0.670300701750659,0.663525818065819,0.6716753440515962,0.1062007848436809,-0.002388189195988266,0.0015922184427492603,0.0046782623238351695,0.004803454465447721,-0.023155487408716507,0.670300701750659
2656,2021-09-24,0.6774654247335556,0.6902027300164427,0.6767807290534829,0.6788804317112849,0.1306816705215832,0.00716472298289661,0.01990202826578369,0.013254910987663848,0.007205087659688636,0.024480885677902298,0.6902027300164427
2657,2021-09-27,0.6933870169891385,0.6878144462441053,0.6845777032128925,0.6900883242060625,0.1161152836612178,0.015921592255582873,-0.002388283772337463,0.007796974159409609,0.011207892494777605,-0.01456638686036539,0.6878144462441053
2658,2021-09-28,0.6981633790229007,0.7005516231928764,0.6869166818548257,0.6924898975674654,0.1434158891863094,0.004776362033762194,0.01273717694877119,0.0023389786419332204,0.002401573361402898,0.0273006055250916,0.7005516231928764
2659,2021-09-29,0.6878143745830079,0.6870182931309442,0.6814588271879317,0.6836837209641311,0.1367629096390238,-0.01034900443989284,-0.013533330061932247,-0.005457854666893969,-0.00880617660333427,-0.006652979547285609,0.6870182931309442
2660,2021-09-30,0.6782614290661395,0.6854261624717677,0.6736618471267237,0.6580656265462371,0.2243561423113906,-0.00955294551686836,-0.001592130659176516,-0.007796980061207992,-0.025618094417893977,0.0875932326723668,0.6854261624717677
2661,2021-10-01,0.6838340557346548,0.6718928324098355,0.6744416038081097,0.6716753115342472,0.1275370981574365,0.005572626668515324,-0.013533330061932136,0.000779756681385968,0.013609684988010073,-0.09681904415395409,0.6718928324098355
2662,2021-10-04,0.681445867056516,0.6734850508525848,0.6736619578793388,0.6724759333056075,0.1067595311728475,-0.002388188678138836,0.0015922184427492603,-0.000779645928770889,0.0008006217713603103,-0.02077756698458899,0.6734850508525848
2663,2021-10-05,0.6623398452109811,0.6615437636662563,0.651050557132292,0.6484588740508511,0.1486655058603394,-0.019106021845534893,-0.011941287186328475,-0.022611400747046817,-0.02401705925475639,0.04190597468749188,0.6615437636662563
2664,2021-10-06,0.6599516346327016,0.6448260845023984,0.6510505907288606,0.6452566413037354,0.1565139426700278,-0.002388210578279537,-0.016717679163857913,3.3596568638216695e-08,-0.0032022327471157297,0.007848436809688414,0.6448260845023984
2665,2021-10-07,0.6488064683426673,0.656767283905154,0.6487114627248435,0.6484588834378264,0.1429221133605343,-0.011145166290034259,0.01194119940275562,-0.0023391280040171436,0.003202242134091038,-0.013591829309493514,0.656767283905154
2666,2021-10-08,0.663932021604546,0.6695045925292844,0.6619663881213932,0.6676724836980927,0.0917253566880636,0.0151255532618787,0.012737308624130361,0.01325492539654971,0.019213600260266306,-0.051196756672470686,0.6695045925292844
2667,2021-10-11,0.6695045877448716,0.6718928324098355,0.6580678770104562,0.6660713458837827,0.0721562410665557,0.005572566140325641,0.0023882398805511462,-0.0038985111109369752,-0.0016011378143100385,-0.0195691156215079,0.6718928324098355
2668,2021-10-12,0.6671163689049504,0.6663202873191449,0.6580679024852195,0.6644702385633999,0.0841757841939759,-0.002388218839921241,-0.005572545090690606,2.5474763298838354e-08,-0.0016011073203827664,0.012019543127420193,0.6663202873191449
2669,2021-10-13,0.6647280756691722,0.6687084833079098,0.6588475557419838,0.6660713230920475,0.0725070817848696,-0.0023882932357781606,0.0023881959887648296,0.0007796532567643233,0.0016010845286476005,-0.011668702409106294,0.6687084833079098
2670,2021-10-14,0.6726889367658471,0.6750771815117613,0.6611867045259225,0.6700742012036536,0.0940383066087996,0.00796086109667482,0.006368698203851553,0.002339148783938705,0.004002878111606045,0.021531224823929995,0.6750771815117613
2671,2021-10-15,0.6766693047540387,0.6878144462441053,0.675221288134812,0.6788803931864744,0.0765352529951402,0.00398036798819168,0.012737264732343934,0.014034583608889428,0.008806191982820843,-0.01750305361365939,0.6878144462441053
2672,2021-10-18,0.6894066935300284,0.6965714282202943,0.6822386827836627,0.6876867087076702,0.0675043530237272,0.012737388775989622,0.008756981976189016,0.007017394648850761,0.008806315521195818,-0.009030899971413,0.6965714282202943
2673,2021-10-19,0.6965713033249672,0.6854261624717677,0.6830182616701506,0.6860854524940696,0.0560305621247953,0.0071646097949388254,-0.01114526574852659,0.0007795788864878306,-0.0016012562136006325,-0.011473790898931906,0.6854261624717677
2674,2021-10-20,0.6854262601117417,0.6806497704942382,0.6752213457368972,0.6820827173794892,0.0629174354842901,-0.011145043213225514,-0.004776391977529437,-0.007796915933253379,-0.00400273511458038,0.006886873359494804,0.6806497704942382
2675,2021-10-21,0.6782614474829538,0.6758732029495632,0.6697633592530288,0.6748775404398679,0.0970529379661633,-0.0071648126287878755,-0.004776567544675037,-0.0054579864838684156,-0.007205176939621305,0.03413550248187319,0.6758732029495632
2676,2021-10-22,0.6647280269554784,0.6559711307919931,0.6549490014979386,0.6572650434901571,0.1336963018789469,-0.013533420527475415,-0.019902072157570116,-0.014814357755090213,-0.017612496949710787,0.03664336391278361,0.6559711307919931
2677,2021-10-25,0.6519908005365077,0.6392534955199215,0.6409144558191523,0.6396526575433286,0.1281218326879596,-0.012737226418970682,-0.016717635272071596,-0.014034545678786259,-0.017612385946828568,-0.005574469190987308,0.6392534955199215
2678,2021-10-26,0.6488064760950297,0.6456221498319866,0.6377956524632522,0.6460571915890503,0.0961433509186829,-0.0031843244414779814,0.006368654312065125,-0.0031188033559000905,0.0064045340457217215,-0.0319784817692767,0.6456221498319866
2679,2021-10-27,0.649602549898916,0.656767283905154,0.6432535537836489,0.6516611495288773,0.0641258868473712,0.0007960738038862436,0.011145134073167418,0.005457901320396696,0.005603957939827042,-0.0320174640713117,0.656767283905154
2680,2021-10-28,0.6511946625926296,0.6527868255818536,0.6440332051966549,0.6508605326132009,0.0813430702461082,0.001592112693713621,-0.0039804583233004065,0.0007796514130059551,-0.0008006169156764553,0.017217183398737013,0.6527868255818536
2681,2021-10-29,0.6639320035468075,0.6639320035468075,0.6549490587731186,0.6532622684406646,0.1145949738818576,0.01273734095417789,0.011145177964953845,0.010915853576463741,0.0024017358274637246,0.0332519036357494,0.6639320035468075
2682,2021-11-01,0.6734849694257534,0.6925909260052076,0.6783400839063349,0.6732764184912595,0.1214038826372826,0.00955296587894594,0.02865892245840007,0.023391025133216337,0.020014150050594925,0.006808908755425003,0.6925909260052076
2683,2021-11-02,0.6862223417146589,0.6806497704942382,0.6744416444138753,0.6804815842401007,0.0753397957327373,0.01273737228890548,-0.011941155510969303,-0.0038984394924596044,0.007205165748841225,-0.046064086904545304,0.6806497704942382
2684,2021-11-04,0.6973673689490224,0.7013477763060374,0.6876964532964231,0.6940911012596709,0.1189479976090854,0.011145027234363503,0.020698005811799147,0.01325480888254782,0.013609517019570139,0.043608201876348104,0.7013477763060374
2685,2021-11-05,0.7005518135753895,0.6933870791183685,0.6861371672055255,0.6852849866009297,0.073858468255412,0.0031844446263671333,-0.007960697187668897,-0.0015592860908976158,-0.008806114658741149,-0.04508952935367341,0.6933870791183685
2686,2021-11-08,0.7061243046261522,0.703736060078375,0.6962732053735236,0.7052990708293615,0.0945320824345747,0.005572491050762629,0.01034898096000647,0.010136038167998018,0.02001408422843176,0.020673614179162705,0.703736060078375
2687,2021-11-09,0.6981634993010972,0.6838340318125912,0.6876965014442666,0.6820826524528849,0.0837859611736271,-0.007960805325054943,-0.0199020282657838,-0.008576703929256912,-0.02321641837647659,-0.010746121260947594,0.6838340318125912
2688,2021-11-10,0.6806496711331134,0.6790575081597026,0.6767806495866151,0.6804814849035278,0.063359234907352,-0.017513828167983858,-0.004776523652888609,-0.010915851857651537,-0.0016011675493571298,-0.020426726266275105,0.6790575081597026
2689,2021-11-11,0.6742811324729778,0.6734850508525848,0.6674243471582338,0.6756781996546818,0.0619428779334182,-0.0063685386601355365,-0.005572457307117751,-0.009356302428381258,-0.00480328524884599,-0.0014163569739338022,0.6734850508525848
2690,2021-11-12,0.673485036067983,0.6806497704942382,0.6752213457368972,0.6772793179613238,0.1150237792042412,-0.0007960964049947838,0.007164719641653439,0.007796998578663339,0.001601118306642002,0.053080901270823,0.6806497704942382
2691,2021-11-15,0.7005517937831487,0.6599516330070798,0.6892559530378985,0.6548634383204794,0.1674809636425063,0.027066757715165646,-0.02069813748715843,0.014034607301001367,-0.02241587964084435,0.05245718443826511,0.6599516330070798
2692,2021-11-16,0.6599515613913752,0.6591554798939189,0.6557287257937566,0.6596667660387642,0.1143350918682918,-0.04060023239177346,-0.0007961531131609467,-0.03352722724414192,0.004803327718284733,-0.05314587177421451,0.6591554798939189
2693,2021-11-17,0.6575633814514237,0.6344770157588192,0.6455926733145176,0.6372509676152303,0.1315782634683853,-0.0023881799399515513,-0.024678464135099665,-0.010136052479238988,-0.022415798423533917,0.017243171600093504,0.6344770157588192
2694,2021-11-18,0.636865236612389,0.6464182151615749,0.6346768313754699,0.6380515102397409,0.1012110501832168,-0.02069814483903465,0.011941199402755731,-0.01091584193904771,0.0008005426245106806,-0.030367213285168504,0.6464182151615749
2695,2021-11-19,0.6456221480282146,0.6392534955199215,0.633117442974637,0.638051524483145,0.1025884248551157,0.008756911415825575,-0.007164719641653439,-0.0015593884008329173,1.4243404011793359e-08,0.0013773746718988983,0.6392534955199215
2696,2021-11-22,0.6336808741961283,0.6352730371966211,0.6245406791932993,0.6332480749579661,0.0993139114841861,-0.011941273832086319,-0.0039804583233004065,-0.00857676378133776,-0.00480344952517886,-0.0032745133709295993,0.6352730371966211
2697,2021-11-24,0.6297004879149729,0.6169631834818002,0.6237609989907593,0.6196384659094014,0.1141531744587957,-0.003980386281155379,-0.018309853714820856,-0.0007796802025399341,-0.013609609048564675,0.014839262974609607,0.6169631834818002
2698,2021-11-25,0.6225357705362142,0.6161671181522119,0.6136248988878161,0.6196384821981399,0.0751578783232412,-0.007164717378758678,-0.0007960653295883136,-0.01013610010294319,1.6288738469150132e-08,-0.03899529613555451,0.6161671181522119
2699,2021-11-26,0.6113906562294827,0.59546902455684,0.6011497054869558,0.5924192472223619,0.1253281010421268,-0.011145114306731485,-0.02069809359537189,-0.01247519340086034,-0.02721923497577794,0.050170222718885604,0.59546902455684
2700,2021-11-29,0.5859160439191274,0.5891003702447748,0.5972511973005473,0.5876158462816913,0.1606980430884378,-0.025474612310355305,-0.006368654312065236,-0.003898508186408467,-0.004803400940670666,0.035369942046311,0.5891003702447748
2701,2021-11-30,0.5970611707787551,0.5747708870696816,0.5902338704775045,0.5772084663847483,0.200706879076899,0.011145126859627652,-0.014329483175093194,-0.007017326823042791,-0.010407379896942959,0.040008835988461194,0.5747708870696816
2702,2021-12-01,0.5731786916640578,0.5763630177288581,0.5684022025668573,0.5716044684968115,0.1376465084851477,-0.02388247911469732,0.001592130659176516,-0.02183166791064728,-0.005603997887936862,-0.06306037059175129,0.5763630177288581
2703,2021-12-02,0.565217795872118,0.565217795872118,0.559825409087179,0.5603964577998106,0.1541879986486135,-0.007960895791939815,-0.011145221856740162,-0.008576793479678213,-0.011208010697000836,0.01654149016346579,0.565217795872118
2704,2021-12-03,0.5891003831196988,0.5970611991078029,0.5871150932066161,0.5836130262963494,0.2018893422386236,0.023882587247580855,0.03184340323568491,0.027289684119437108,0.023216568496538748,0.047701343590010103,0.5970611991078029
2705,2021-12-06,0.6002454351638662,0.6058180055168464,0.5980308216667383,0.5996242673619444,0.1175706229371865,0.01114505204416738,0.008756806409043527,0.01091572846012212,0.01601124106559504,-0.0843187193014371,0.6058180055168464
2706,2021-12-07,0.6169631581121231,0.6225357285724907,0.6144045587414312,0.610031642903674,0.1657917305543283,0.016717722948256908,0.01671772305564434,0.016373737074692918,0.010407375541729547,0.04822110761714181,0.6225357285724907
2707,2021-12-08,0.6368652686443441,0.6448260845023984,0.6377956685224048,0.6364504092263891,0.1505756386600483,0.019902110532221018,0.02229035592990769,0.023391109780973585,0.026418766322715115,-0.015216091894279998,0.6448260845023984
2708,2021-12-09,0.6448260549124301,0.6376613209689586,0.6362362367140842,0.6396526460837638,0.1228722160139296,0.00796078626808594,-0.007164763533439866,-0.0015594318083205216,0.0032022368573747517,-0.027703422646118706,0.6376613209689586
2709,2021-12-10,0.6304965481951428,0.6352730371966211,0.6315579901954712,0.6332480749579661,0.1279788975804984,-0.014329506717287277,-0.002388283772337463,-0.004678246518613038,-0.006404571125797731,0.0051066815665688076,0.6352730371966211
2710,2021-12-13,0.6376613323928482,0.6392534955199215,0.633117442974637,0.6412537906035121,0.083292185347852,0.007164784197705387,0.0039804583233004065,0.0015594527791658042,0.008005715645545974,-0.044686712232646406,0.6392534955199215
2711,2021-12-14,0.6344770255248804,0.6297005359977169,0.6268798518530752,0.6324475780966725,0.094545076535253,-0.003184306867967779,-0.009552959522204585,-0.0062375911215618585,-0.00880621250683955,0.011252891187400998,0.6297005359977169
2712,2021-12-15,0.6273122495336428,0.6360691464179957,0.6253204076684402,0.6292452700494718,0.0787442501104498,-0.007164775991237549,0.0063686104202788085,-0.0015594441846349394,-0.003202308047200675,-0.015800826424803197,0.6360691464179957
2713,2021-12-16,0.6432339277774248,0.6488064989339124,0.6354565709723092,0.6428549480891165,0.0976246783960082,0.01592167824378199,0.012737352515916678,0.010136163303869017,0.013609678039644635,0.0188804282855584,0.6488064989339124
2714,2021-12-17,0.64164174819529,0.6281083614467541,0.6292189443825453,0.6316470001027921,0.1537332051248733,-0.0015921795821348672,-0.02069813748715832,-0.0062376265897639005,-0.011207947986324407,0.056108526728865085,0.6281083614467541
2715,2021-12-20,0.6249239753979448,0.6289043828845559,0.6198624695816368,0.6276441073873866,0.0972998258790509,-0.01671777279734521,0.0007960214378017749,-0.00935647480090851,-0.004002892715405437,-0.056433379245822396,0.6289043828845559
2716,2021-12-21,0.634477007361156,0.62412794701524,0.6237610287630265,0.6260430277379729,0.1060188674341848,0.009553031963211223,-0.004776435869315865,0.0038985591813897047,-0.0016010796494136947,0.008719041555133908,0.62412794701524
2717,2021-12-22,0.629700571111146,0.6408457139626708,0.6276595881609697,0.6324476133632824,0.0732477455235323,-0.004776436250010008,0.016717766947430768,0.0038985593979431465,0.0064045856253094335,-0.0327711219106525,0.6408457139626708
2718,2021-12-23,0.6519907440872416,0.6527868255818536,0.6393549978949843,0.6500599661524221,0.0667766833857428,0.02229017297609559,0.011941111619182876,0.011695409734014617,0.01761235278913975,-0.006471062137789502,0.6527868255818536
2719,2021-12-24,0.6543790619201685,0.6599516330070798,0.6487114852121398,0.6564645714215075,0.0523142493308038,0.002388317832926923,0.007164807425226183,0.009356487317155548,0.006404605269085373,-0.014462434054939001,0.6599516330070798
2720,2021-12-27,0.6615437961747689,0.6599516330070798,0.6518302904295058,0.6628691038256197,0.0734166688323501,0.007164734254600402,0.0,0.003118805217365961,0.0064045324041122065,0.021102419501546295,0.6599516330070798
2721,2021-12-28,0.6655241571969197,0.6687084833079098,0.6596272569913826,0.6612679241274415,0.1095272746173237,0.0039803610221508245,0.008756850300829955,0.007796966561876784,-0.00160117969817819,0.036110605784973604,0.6687084833079098
2722,2021-12-29,0.6730770489602668,0.6682231279341111,0.6631894320551347,0.6703606762545495,0.0590971698848722,0.007552891763347058,-0.0004853553737986793,0.0035621750637521155,0.009092752127108028,-0.0504301047324515,0.6682231279341111
2723,2021-12-30,0.6641781659739127,0.6633691791700467,0.6544736534913236,0.6614116589882979,0.0793549728423295,-0.008898882986354106,-0.00485394876406442,-0.008715778563811116,-0.008949017266251635,0.020257802957457292,0.6633691791700467
2724,2022-01-04,0.6714590153835579,0.6730769889146027,0.659227668155043,0.6654793498265701,0.0718443826502767,0.00728084940964524,0.009707809744555984,0.004754014663719386,0.004067690838272187,-0.007510590192052788,0.6730769889146027
2725,2022-01-05,0.6706501100296701,0.683593899849302,0.6734898869628353,0.6711742423639158,0.0869435276384521,-0.0008089053538877788,0.010516910934699308,0.014262218807792326,0.005694892537345675,0.015099144988175398,0.683593899849302
2726,2022-01-06,0.6803579198047324,0.6625602096552625,0.6782439007353509,0.663038765241868,0.1162452246680007,0.009707809775062248,-0.021033690194039445,0.004754013772515608,-0.008135477122047763,0.0293016970295486,0.6625602096552625
2727,2022-01-07,0.664178208840813,0.6593242877043393,0.6600200829838476,0.6614117016766444,0.102510460251046,-0.016179710963919347,-0.0032359219509232595,-0.01822381775150328,-0.0016270635652235743,-0.013734764416954703,0.6593242877043393
2728,2022-01-11,0.6544703364133385,0.6463804682252874,0.6425885505848798,0.6394459699446565,0.0931936900647106,-0.009707872427474507,-0.012943819479051877,-0.017431532398967775,-0.021965731731987903,-0.009316770186335407,0.6463804682252874
2729,2022-01-12,0.6512344122428523,0.6657961754979721,0.6552660298244596,0.6540897939891224,0.079640843057252,-0.0032359241704862374,0.019415707272684712,0.012677479239579736,0.014643824044465847,-0.013552847007458596,0.6657961754979721
2730,2022-01-13,0.6609422816912952,0.6706501242620364,0.6608124442906578,0.6597846328589159,0.0753917721354505,0.00970786944844293,0.004853948764064309,0.005546414466198191,0.005694838869793495,-0.004249070921801504,0.6706501242620364
2731,2022-01-14,0.6601331694355508,0.6601331694355508,0.651304227869026,0.6524626079597152,0.108604693469165,-0.0008091122557444264,-0.010516954826485625,-0.009508216421631799,-0.007322024899200641,0.03321292133371451,0.6601331694355508
2732,2022-01-17,0.6666051542587258,0.6682231279341111,0.6647741140911088,0.6654794091944437,0.0486888952415603,0.006471984823175014,0.008089958498560312,0.013469886222082783,0.013016801234728481,-0.0599157982276047,0.6682231279341111
2733,2022-01-18,0.6690320520086153,0.6649871181996151,0.6631893698400596,0.6638522578971463,0.0508978923568699,0.0024268977498894673,-0.0032360097344960037,-0.0015847442510491527,-0.0016271512972974023,0.0022089971153095994,0.6649871181996151
2734,2022-01-19,0.6536613613615251,0.6560883218616297,0.6552660183725681,0.6549033270634566,0.1076561241196496,-0.01537069064709018,-0.008898796337985404,-0.007923351467491457,-0.00894893083368975,0.0567582317627797,0.6560883218616297
2735,2022-01-20,0.6593242273208216,0.6868297779084388,0.6734898189149043,0.6630387300099531,0.132721744328075,0.005662865959296548,0.030741456046809112,0.018223800542336188,0.008135402946496506,0.025065620208425385,0.6868297779084388
2736,2022-01-21,0.6722679881601128,0.6819758291443744,0.6679434046763831,0.6654793359788651,0.106694560669456,0.012943760839291163,-0.00485394876406442,-0.005546414238521202,0.0024406059689120463,-0.026027183658618988,0.6819758291443744
2737,2022-01-24,0.6771219481263281,0.6698410669636795,0.6679434436153897,0.6662929192421633,0.0967150913485277,0.004853959966215293,-0.012134762180694869,3.893900657470084e-08,0.0008135832632981677,-0.009979469320928303,0.6698410669636795
2738,2022-01-25,0.6601332784999896,0.6407175938382252,0.6481349713118897,0.6394460032230532,0.1150887497076327,-0.016988669626338493,-0.02912347312545427,-0.019808472303500024,-0.026846916019110045,0.01837365835910501,0.6407175938382252
2739,2022-01-26,0.6318187627455686,0.6334367365298083,0.6314958338215538,0.6353783050708958,0.0858520231814756,-0.02831451575442101,-0.007280857308416988,-0.016639137490335854,-0.004067698152157462,-0.02923672652615711,0.6334367365298083
2740,2022-01-27,0.637481597294007,0.6245378085164638,0.6267417149389776,0.6174802532622293,0.1387120247407677,0.005662834548438411,-0.008898928013344465,-0.004754118882576264,-0.017898051808666438,0.05286000155929209,0.6245378085164638
2741,2022-01-28,0.6382906055515432,0.6358636450741609,0.6299111000349845,0.6329376194845282,0.0834741027573481,0.000809008257536159,0.011325836557697144,0.003169385096006949,0.015457366222298874,-0.05523792198341959,0.6358636450741609
2742,2022-01-31,0.632627706970169,0.6374816279955157,0.6275340861411017,0.6345647177079834,0.0784973621975623,-0.005662898581374143,0.0016179829213547325,-0.0023770138938827845,0.0016270982234551923,-0.0049767405597857944,0.6374816279955157
2743,2022-02-01,0.6350546709132971,0.649616434067997,0.641796227929362,0.6386324437071749,0.0863977754099638,0.0024269639431281353,0.012134806072481297,0.01426214178826024,0.004067725999191474,0.007900413212401494,0.649616434067997
2744,2022-02-02,0.6609422475442132,0.6722680632916048,0.6608124101502837,0.6622252323059398,0.0882949141089945,0.02588757663091601,0.02265162922360786,0.019016182220921718,0.023592788598764902,0.001897138699030701,0.6722680632916048
2745,2022-02-03,0.6682231393522607,0.6779309815704534,0.667943489576428,0.6671065096135484,0.0777826866602562,0.007280891808047585,0.005662918278848572,0.007131079426144327,0.004881277307608678,-0.010512227448738296,0.6779309815704534
2746,2022-02-04,0.6787399930709874,0.6706501242620364,0.6703205370142644,0.6671065338400874,0.0883598846123859,0.010516853718726682,-0.007280857308416988,0.0023770474378363993,2.422653899714078e-08,0.010577197952129705,0.6706501242620364
2747,2022-02-07,0.6657961958444631,0.6771220120556691,0.6639818014190937,0.6662929821490996,0.0649705033914602,-0.012943797226524278,0.006471887793632725,-0.00633873559517073,-0.000813551690987846,-0.02338938122092571,0.6771220120556691
2748,2022-02-08,0.6795489675719335,0.6916837705642895,0.6814132994445589,0.6825638679210202,0.0929078198497882,0.013752771727470359,0.014561758508620404,0.017431498025465175,0.016270885771920596,0.027937316458328004,0.6916837705642895
2749,2022-02-09,0.7005825655258774,0.6965376315447811,0.6885443093319316,0.6939534314689708,0.133878219288443,0.021033597953943883,0.0048538609804915644,0.007131009887372697,0.01138956354795062,0.04097039943865481,0.6965376315447811
2750,2022-02-10,0.7143353009812732,0.708672393725476,0.7028064074910759,0.7020888367588772,0.1863224096260297,0.013752735455395793,0.012134762180694869,0.014262098159144365,0.008135405289906417,0.05244419033758668,0.708672393725476
2751,2022-02-14,0.7054364863031929,0.6965376315447811,0.6956753781282347,0.6923263425323496,0.1772395332519036,-0.008898814678080291,-0.012134762180694869,-0.007131029362841268,-0.00976249422652764,-0.009082876374126081,0.6965376315447811
2752,2022-02-15,0.7175713807362217,0.7475038960544181,0.7352925217704515,0.7175463135364881,0.3483198627822968,0.012134894433028842,0.05096626450963704,0.0396171436422168,0.02521997100413853,0.1710803295303932,0.7475038960544181
2753,2022-02-16,0.7564027268402603,0.7895711886589242,0.7764942321173492,0.760664150653445,0.2594532082434574,0.0388313461040386,0.042067292604506035,0.04120171034689779,0.043117837116956825,-0.0888666545388394,0.7895711886589242
2754,2022-02-17,0.796852097271763,0.7903802020654948,0.7860023511415019,0.7850705133927467,0.1737831024714779,0.04044937043150265,0.0008090134065705801,0.009508119024152606,0.024406362739301746,-0.0856701057719795,0.7903802020654948
2755,2022-02-18,0.7895711702352114,0.7863352228162146,0.7852099653803907,0.7866975577736939,0.1456118922009407,-0.007280927036551588,-0.004044979249280156,-0.0007923857611111806,0.0016270443809471846,-0.028171210270537206,0.7863352228162146
2756,2022-02-21,0.7677284101088642,0.7774362509110837,0.7669860066455944,0.7712400961830943,0.0974167727851555,-0.021842760126347227,-0.008898971905130892,-0.01822395873479632,-0.015457461590599575,-0.048195119415785206,0.7774362509110837
2757,2022-02-22,0.7596385862582287,0.7547846655792623,0.7495545494018575,0.7533421623915696,0.1684555211933782,-0.008089823850635502,-0.022651585331821433,-0.017431457243736848,-0.01789793379152471,0.0710387484082227,0.7547846655792623
2758,2022-02-24,0.7475038055816331,0.7394139375558578,0.7400464786772148,0.7330035717089547,0.2503053613659398,-0.012134780676595569,-0.015370728023404445,-0.009508070724642659,-0.0203385906826149,0.08184984017256158,0.7394139375558578
2759,2022-02-25,0.7377959295261013,0.7410318765854262,0.735292398467858,0.737071259691689,0.1272512279425141,-0.009707876055531806,0.001617939029568416,-0.004754080209356859,0.004067687982734269,-0.1230541334234257,0.7410318765854262
2760,2022-02-28,0.7361781041080449,0.7402230387460011,0.7297461586590477,0.7338172295813278,0.1046544868629642,-0.00161782541805644,-0.0008088378394250917,-0.005546239808810305,-0.0032540301103611835,-0.022596741079549884,0.7402230387460011
2761,2022-03-01,0.7596386050215919,0.7580206314219718,0.7495545679161412,0.7574099033590167,0.1359572753969697,0.02346050091354701,0.017797592675970697,0.019808409257093484,0.02359267377768892,0.03130278853400549,0.7580206314219718
2762,2022-03-02,0.7507396828874892,0.7426498156149945,0.7392540688586389,0.7411389474455118,0.1203253722809844,-0.008898922134102705,-0.0153708158069773,-0.0103004990575023,-0.016270955913504914,-0.015631903115985293,0.7426498156149945
2763,2022-03-03,0.7426498389309492,0.7127173290829698,0.7337077055251353,0.7134784602812358,0.1870240910626575,-0.00808984395654,-0.029932486532024738,-0.005546363333503557,-0.027660487164275938,0.06669871878167309,0.7127173290829698
2764,2022-03-04,0.7054365760808997,0.7005826546858476,0.691713761272666,0.6858180740668136,0.2114659944385249,-0.037213262850049444,-0.012134674397122236,-0.04199394425246927,-0.02766038621442224,0.024441903375867408,0.7005826546858476
2765,2022-03-07,0.6892567652108805,0.6609422267339077,0.6798285732100825,0.6573439445403351,0.1709633826242885,-0.016179810870019184,-0.039640427951939894,-0.01188518806258354,-0.028474129526478542,-0.040502611814236394,0.6609422267339077
2766,2022-03-08,0.6496164317433374,0.6415265633530094,0.6528889999028817,0.643513708490014,0.1781101379973492,-0.03964033346754314,-0.019415663380898285,-0.02693957330720076,-0.013830236050321076,0.007146755373060698,0.6415265633530094
2767,2022-03-09,0.6455715181273157,0.6528523999107065,0.655266043848959,0.6427001844662602,0.1726786039138231,-0.0040449136160216614,0.011325836557697144,0.002377043946077295,-0.0008135240237537866,-0.005431534083526118,0.6528523999107065
2768,2022-03-10,0.6641782151198543,0.683593899849302,0.6719052048758639,0.6622252524657303,0.2173783102471478,0.018606696992538585,0.03074149993859543,0.01663916102690488,0.01952506799947007,0.04469970633332471,0.683593899849302
2769,2022-03-11,0.6852119109064172,0.6941107668922148,0.6901290864735788,0.6874451705392166,0.222329062605577,0.02103369578656289,0.01051686704291288,0.01822388159771493,0.025219918073486336,0.004950752358429206,0.6941107668922148
2770,2022-03-14,0.7013915681496343,0.7183802912536047,0.709937531741226,0.7029024364820197,0.1395436471841784,0.016179657243217127,0.02426952436138985,0.019808445267647135,0.015457265942803056,-0.08278541542139861,0.7183802912536047
2771,2022-03-15,0.7022005509863259,0.732942049762225,0.7202379605994753,0.697207621125837,0.1550066269913459,0.0008089828366916185,0.014561758508620293,0.010300428858249333,-0.005694815356182659,0.015462979807167515,0.732942049762225
2772,2022-03-16,0.7555936474357116,0.7653014887303888,0.7574779540793287,0.7582234241620162,0.22611034590296,0.05339309644938561,0.032359438968163845,0.037239993479853406,0.06101580303617915,0.0711037189116141,0.7653014887303888
2773,2022-03-17,0.7701554857212308,0.7863352228162146,0.7741171908946939,0.766358944594436,0.1604641492762286,0.014561838285519269,0.02103373408582576,0.016639236815365166,0.00813552043241983,-0.0656461966267314,0.7863352228162146
2774,2022-03-18,0.7798632235049321,0.7644924753238183,0.7646089960486047,0.7614775754211327,0.2545414381870631,0.009707737783701265,-0.02184274749239634,-0.009508194846089224,-0.004881369173303285,0.0940772889108345,0.7644924753238183
2775,2022-03-22,0.7790542884030514,0.7847171960030734,0.7701554336030165,0.7793756042869961,0.1495620988071415,-0.0008089351018807367,0.02022472067925518,0.005546437554411865,0.017898028865863447,-0.1049793393799216,0.7847171960030734
2776,2022-03-23,0.7919980562405682,0.800087924026478,0.7852098914605393,0.781816217010302,0.1498739572234205,0.012943767837516829,0.015370728023404556,0.015054457857522796,0.0024406127233058683,0.00031185841627900945,0.800087924026478
2777,2022-03-24,0.7976610247225016,0.7992789984034802,0.7867946335811136,0.786697543906743,0.1021336313313755,0.0056629684819333725,-0.0008089256229978359,0.0015847421205742451,0.004881326896440941,-0.04774032589204501,0.7992789984034802
2778,2022-03-25,0.8008968998881396,0.7944250057476294,0.7852098807574379,0.7858839285509278,0.1212999298318563,0.003235875165638058,-0.004853992655850736,-0.0015847528236756503,-0.0008136153558151449,0.019166298500480808,0.7944250057476294
2779,2022-03-28,0.7984699875502934,0.8065598557118971,0.7955103608854103,0.799714232061909,0.0950258582603498,-0.0024269123378461988,0.012134849964267724,0.010300480127972356,0.013830303510981135,-0.026274071571506505,0.8065598557118971
2780,2022-03-29,0.7976610957590545,0.8041329910593309,0.7875870447412376,0.788324703137494,0.1509654616803971,-0.000808891791238886,-0.002426864652566252,-0.007923316144172632,-0.011389528924414916,0.05593960342004729,0.8041329910593309
2781,2022-03-30,0.8138407370573405,0.8065598557118971,0.8018490888605929,0.7989006875735449,0.1319161100860209,0.016179641298285974,0.002426864652566252,0.014262044119355277,0.0105759844360509,-0.019049351594376207,0.8065598557118971
2782,2022-03-31,0.7952341365778437,0.8122228617743185,0.7970951393967404,0.7956466059622249,0.1642974089763247,-0.018606600479496804,0.005663006062421316,-0.004753949463852547,-0.0032540816113200144,0.032381298890303806,0.8122228617743185
2783,2022-04-01,0.7847172249958132,0.7936160801246316,0.7836252592336536,0.7826298110910761,0.1832428077652745,-0.010516911582030497,-0.018606781649686877,-0.013469880163086811,-0.013016794871148818,0.018945398788949797,0.7936160801246316
2784,2022-04-04,0.7960430591186434,0.7968520459673412,0.7820405953917999,0.7899517299733779,0.0921151797084123,0.01132583412283017,0.003235965842709576,-0.0015846638418536285,0.0073219188823018255,-0.09112762805686218,0.7968520459673412
2785,2022-04-05,0.8049419779718654,0.8041329910593309,0.7939257734715494,0.799714327331431,0.1193118324280776,0.008898918853222026,0.007280945091989732,0.011885178079749426,0.009762597358053071,0.027196652719665287,0.8041329910593309
2786,2022-04-06,0.7960430430133051,0.8017059508396192,0.7867946256461676,0.796460070028281,0.1331895319524935,-0.008898934958560312,-0.0024270402197117402,-0.007131147825381712,-0.0032542573031499877,0.013877699524415907,0.8017059508396192
2787,2022-04-07,0.7911891889662783,0.7903802020654948,0.776494258184145,0.7834434242458187,0.1163231892720704,-0.004853854047026762,-0.0113257487741244,-0.010300367462022675,-0.01301664578246231,-0.0168663426804231,0.7903802020654948
2788,2022-04-08,0.796043071189204,0.7758183996650881,0.7796635841276978,0.7712402176828967,0.1845812001351386,0.0048538822229257095,-0.01456180240040661,0.003169325943552792,-0.012203206562921953,0.0682580108630682,0.7758183996650881
2789,2022-04-11,0.7782453016030482,0.7847171960030734,0.7780788434137471,0.781002693231228,0.1059409028301151,-0.017797769586155865,0.008898796337985293,-0.0015847407139506497,0.009762475548331206,-0.07864029730502349,0.7847171960030734
2790,2022-04-12,0.7774363999602749,0.7766274130716587,0.7654014715555509,0.7687996103606811,0.1057459913199407,-0.000808901642773252,-0.008089782931414713,-0.012677371858196174,-0.012203082870546833,-0.00019491151017440866,0.7766274130716587
2791,2022-04-13,0.7814813016877196,0.7863352228162146,0.7709478267559234,0.7744943898661392,0.0902960056134515,0.00404490172744465,0.009707809744555873,0.005546355200372499,0.0056947795054580475,-0.0154499857064892,0.7863352228162146
2792,2022-04-14,0.7911890694619773,0.800087924026478,0.7867945733807423,0.7923922948678815,0.116258218768679,0.009707767774257747,0.013752701210263396,0.015846746624818886,0.017897905001742376,0.02596221315522751,0.800087924026478
2793,2022-04-15,0.797661000734133,0.8065598557118971,0.797095042879206,0.8005277765502731,0.1320850333948387,0.006471931272155729,0.006471931685419152,0.010300469498463638,0.008135481682391532,0.015826814626159702,0.8065598557118971
2794,2022-04-18,0.7952340885561258,0.7919981410950632,0.7844176345427594,0.7875111125381391,0.0826034980119026,-0.002426912178007279,-0.014561714616833976,-0.012677408336446594,-0.013016664012133972,-0.04948153538293611,0.7919981410950632
2795,2022-04-19,0.803323895154117,0.792807066718061,0.7883792788674898,0.7842568738053672,0.0881779672028898,0.00808980659799119,0.0008089256229978359,0.003961644324730451,-0.0032542387327718636,0.005574469190987197,0.792807066718061
2796,2022-04-20,0.7976609795381904,0.7952340191542,0.7844175660848105,0.7923923106106919,0.0969359910600587,-0.005662915615926578,0.002426952436138996,-0.003961712782679316,0.008135436805324692,0.008758023857168895,0.7952340191542
2797,2022-04-21,0.7919980719755461,0.7952340191542,0.7852099070606537,0.7940193995441842,0.098508277242132,-0.005662907562644315,0.0,0.000792340975843242,0.0016270889334922822,0.001572286182073307,0.7952340191542
2798,2022-04-22,0.7847172225822397,0.785526209409644,0.7725324827126924,0.7793756306852373,0.1154655786273032,-0.00728084939330631,-0.009707809744555984,-0.012677424347961375,-0.014643768858946915,0.016957301385171195,0.785526209409644
2799,2022-04-25,0.7758183996650881,0.7758183996650881,0.7622320812305339,0.7687995840826344,0.1136464045323423,-0.008898822917151605,-0.009707809744555873,-0.010300401482158494,-0.010576046602602918,-0.001819174094960893,0.7758183996650881
2800,2022-04-26,0.7725823885445358,0.7685374545730984,0.7646090413333486,0.7720536985831987,0.1223654460874762,-0.0032360111205523845,-0.007280945091989732,0.0023769601028147402,0.0032541145005643424,0.008719041555133894,0.7685374545730984
2801,2022-04-27,0.7531667345902152,0.7507397741135549,0.7440082047256169,0.7460203044918053,0.1520179838353387,-0.019415653954320544,-0.017797680459543552,-0.02060083660773171,-0.02603339409139338,0.029652537747862515,0.7507397741135549
2802,2022-04-28,0.7466948345114781,0.7612565972646814,0.7487622452727354,0.7452067545305952,0.1445203877439642,-0.006471900078737103,0.010516823151126564,0.004754040547118477,-0.0008135499612101915,-0.007497596091374514,0.7612565972646814
2803,2022-05-02,0.7564027761858138,0.7830993447570779,0.7709478950395178,0.759037111078548,0.1395176589828218,0.00970794167433564,0.021842747492396453,0.02218564976678239,0.013830356547952838,-0.005002728761142383,0.7830993447570779
2804,2022-05-06,0.7766273438646927,0.7798632911307956,0.7669860853434642,0.7671724528738048,0.1366069804308843,0.020224567678878924,-0.0032360536262823203,-0.003961809696053531,0.008135341795256767,-0.0029106785519375233,0.7798632911307956
