,date,open,close,high,low,volume,dopen,dclose,dhigh,dlow,dvolume,price
0,2010-12-15,0.2686708515466818,0.2644832769354325,0.2659729477819437,0.2661032133619194,0.0360458646534513,0.2686708515466818,0.2644832769354325,0.2659729477819437,0.2661032133619194,0.0360458646534513,0.2644832769354325
1,2010-12-16,0.2634476597833492,0.2654580883307251,0.2633938730248874,0.2624895226825478,0.0480684260481557,-0.00522319176333258,0.0009748113952925963,-0.0025790747570562655,-0.0036136906793715617,0.012022561394704402,0.2654580883307251
2,2010-12-17,0.2670386470909586,0.2677325181416048,0.2675849659075054,0.2687314543740389,0.0489412072746315,0.0035909873076093723,0.002274429810879719,0.004191092882617986,0.006241931691491065,0.0008727812264757995,0.2677325181416048
3,2010-12-20,0.2712824273914668,0.2719563430479978,0.2740326851153757,0.2720165695005358,0.0479156893335224,0.004243780300508204,0.004223824906393003,0.006447719207870295,0.003285115126496929,-0.001025517941109097,0.2719563430479978
4,2010-12-21,0.2745470094350688,0.2797544276119958,0.2785462176271862,0.2762874136132,0.0619674670797831,0.0032645820436020268,0.007798084563997998,0.00451353251181047,0.004270844112664152,0.0140517777462607,0.2797544276119958
5,2010-12-22,0.2810760143253044,0.2771550281414845,0.2801581191116854,0.2789155379826883,0.0386642083328787,0.006529004890235557,-0.002599399470511299,0.0016119014844992452,0.0026281243694883383,-0.0233032587469044,0.2771550281414845
6,2010-12-24,0.2817290286944431,0.2820289062146767,0.2840269251050538,0.2831864384681363,0.0517777462606779,0.0006530143691387269,0.004873878073192173,0.0038688059933683627,0.0042709004854479815,0.0131135379277992,0.2820289062146767
7,2010-12-27,0.2833612858264778,0.2810541436111853,0.2820925676623202,0.2831864300856803,0.0201394268009295,0.0016322571320346868,-0.0009747626034913859,-0.0019343574427335697,-8.382456007094419e-09,-0.031638319459748404,0.2810541436111853
8,2010-12-28,0.2784644374642487,0.2787796650085044,0.2775790347967199,0.2795726299830384,0.019812133841001,-0.004896848362229089,-0.0022744786026809294,-0.0045135328656003,-0.0036138001026418953,-0.00032729295992849766,0.2787796650085044
9,2010-12-29,0.2804231628687881,0.2833285246302638,0.2814477393764474,0.2812152496047899,0.0209467494354196,0.0019587254045393965,0.004548859621759438,0.003868704579727489,0.0016426196217514955,0.0011346155944185997,0.2833285246302638
10,2010-12-30,0.2843406036113211,0.2800793484798264,0.2808029606570537,0.2831863887561646,0.0162555503431121,0.003917440742532974,-0.003249176150437405,-0.0006447787193937238,0.001971139151374701,-0.004691199092307502,0.2800793484798264
11,2011-01-04,0.284340579959884,0.2885271934598168,0.2872507659405177,0.2861430673896059,0.0333620623820381,-2.3651437086602556e-08,0.008447844979990404,0.006447805283464003,0.0029566786334412898,0.017106512038926002,0.2885271934598168
12,2011-01-05,0.2898903710266539,0.2875525284399277,0.2869284633273756,0.2894283816366479,0.0412607324816443,0.0055497910667698935,-0.0009746650198891316,-0.0003223026131420892,0.003285314247042037,0.007898670099606202,0.2875525284399277
13,2011-01-06,0.2898903308615596,0.2904767511946672,0.2895075554699439,0.2917279991868108,0.0425480847906961,-4.016509430604387e-08,0.002924222754739525,0.0025790921425682956,0.0022996175501628913,0.0012873523090517966,0.2904767511946672
14,2011-01-07,0.2915225777549445,0.2921013230059522,0.291764277381654,0.2917279806907001,0.0346930537524137,0.0016322468933849255,0.0016245718112850027,0.0022567219117101134,-1.8496110698595913e-08,-0.007855031038282397,0.2921013230059522
15,2011-01-11,0.2918490336261883,0.2924262438737827,0.2914418887276515,0.2917279835061789,0.0363295185520559,0.0003264558712438026,0.00032492086783048046,-0.0003223886540025256,2.815478794548909e-09,0.0016364647996421969,0.2924262438737827
16,2011-01-12,0.2964193707823022,0.2843032872337553,0.2946657978070548,0.286143095482662,0.0636693904714109,0.0045703371561138795,-0.008122956640027379,0.003223909079403342,-0.005584888023516921,0.027339871919355004,0.2843032872337553
17,2011-01-13,0.2889110067354598,0.2908017045903652,0.2914419398001725,0.2877857638906078,0.0520395806286206,-0.0075083640468424084,0.006498417356609887,-0.0032238580068822964,0.001642668407945802,-0.0116298098427903,0.2908017045903652
18,2011-01-14,0.2931547835347048,0.2927510996858783,0.2940209579796881,0.2933705336575808,0.0322929053796052,0.004243776799245036,0.0019493950955131178,0.0025790181795155576,0.00558476976697303,-0.019746675249015404,0.2927510996858783
19,2011-01-17,0.2960929119082134,0.2911265604024608,0.2930538347258316,0.2930420621714511,0.0277762625325929,0.0029381283735085972,-0.001624539283417492,-0.0009671232538565055,-0.0003284714861296889,-0.004516642847012298,0.2911265604024608
20,2011-01-18,0.2905432723102363,0.2908017045903652,0.2914419398001725,0.2910709895057974,0.0414352887269394,-0.005549639597977107,-0.00032485581209562575,-0.001611894925659052,-0.001971072665653717,0.013659026194346498,0.2908017045903652
21,2011-01-19,0.2934814103776303,0.2940509457965375,0.2920867826003471,0.2930421848178619,0.0188957135532014,0.002938138067394014,0.0032492412061723153,0.0006448428001745721,0.0019711953120644665,-0.022539575173738,0.2940509457965375
22,2011-01-20,0.2944606310714289,0.2930760530815763,0.2914418619878847,0.2933705691091952,0.0394278919060451,0.000979220693798577,-0.0009748927149612063,-0.0006449206124624074,0.0003283842913333057,0.0205321783528437,0.2930760530815763
23,2011-01-21,0.2954400877785917,0.2852781148929817,0.2924091329308837,0.2861431692372009,0.0556834422491572,0.000979456707162818,-0.007797938188594589,0.0009672709429990323,-0.007227399871994278,0.016255550343112102,0.2852781148929817
24,2011-01-24,0.2889109250902476,0.2888521143276473,0.2866059859114137,0.2851575028139479,0.0308964554172439,-0.006529162688344137,0.0035739994346655757,-0.005803147019470045,-0.0009856664232529844,-0.024786986831913303,0.2888521143276473
25,2011-01-25,0.2885845398380897,0.2891771002512127,0.2875732277501251,0.2887713177838297,0.0288672390656876,-0.00032638525215789027,0.0003249859235653907,0.0009672418387114412,0.003613814969881779,-0.0020292163515562983,0.2891771002512127
26,2011-01-26,0.2882580056960638,0.2836534129702269,0.2846716241173857,0.2861430569691448,0.0308528163559201,-0.0003265341420258805,-0.0055236872809857895,-0.0029016036327393913,-0.0026282608146848685,0.0019855772902325,0.2836534129702269
27,2011-01-27,0.2810760928664678,0.2823537945546398,0.2808029803592986,0.2818723185624122,0.0464319612485135,-0.0071819128295960155,-0.0012996184155870671,-0.003868643758087098,-0.004270738406732644,0.015579144892593402,0.2823537945546398
28,2011-01-28,0.2836877247950655,0.2794295392720328,0.2808029876566785,0.2799011907415146,0.0280817359618594,0.002611631928597702,-0.0029242552826070356,7.297379867043929e-09,-0.001971127820897589,-0.0183502252866541,0.2794295392720328
29,2011-01-31,0.2771586393829396,0.2804042693476569,0.2801581805670238,0.27825855417331,0.022954146256314,-0.006529085412125879,0.0009747300756240973,-0.0006448070896546976,-0.0016426365682045696,-0.005127589705545402,0.2804042693476569
30,2011-02-01,0.2882580571163491,0.2895019885911757,0.2901523300205321,0.2874571980604358,0.0651749380870817,0.0110994177334095,0.00909771924351882,0.009994149453508294,0.009198643887125768,0.042220791830767705,0.2895019885911757
31,2011-02-02,0.3006632286985661,0.2956753874963528,0.2969225066943788,0.2966557840782521,0.0911838186360611,0.01240517158221699,0.0061733989051770966,0.006770176673846717,0.009198586017816313,0.0260088805489794,0.2956753874963528
32,2011-02-03,0.2967458294923995,0.2924262438737827,0.2962777607751236,0.2936991185298692,0.0501849205223595,-0.003917399206166572,-0.0032491436225701165,-0.0006447459192552296,-0.0029566655483829196,-0.04099889811370161,0.2924262438737827
33,2011-02-04,0.2967458722532218,0.2859279241007752,0.2930538883056195,0.2881142774797635,0.0552906906972431,4.2760822271947774e-08,-0.006498319773007466,-0.0032238724695040633,-0.005584841050105704,0.005105770174883603,0.2859279241007752
34,2011-02-07,0.2885844519499056,0.2865776682528339,0.2859611831062025,0.2877856625014288,0.0361331427760988,-0.00816142030331618,0.0006497441520586511,-0.007092705199417015,-0.0003286149783346959,-0.019157547921144297,0.2865776682528339
35,2011-02-08,0.2902168296989131,0.2882023701755887,0.2872508603542,0.290413954893526,0.0224086579897666,0.0016323777490074853,0.0016247019227548232,0.0012896772479975005,0.00262829239209722,-0.013724484786332203,0.2882023701755887
36,2011-02-09,0.2902167169496222,0.2865776682528339,0.2866059659316956,0.2881141849472067,0.0191139088598204,-1.127492909036576e-07,-0.0016247019227548232,-0.0006448944225043718,-0.0022997699463193078,-0.0032947491299461992,0.2865776682528339
37,2011-02-10,0.2849935742187712,0.2875525284399277,0.2866060717955471,0.28515758826403,0.0319874319503387,-0.005223142730851005,0.0009748601870938067,1.058638514628285e-07,-0.0029565966831767154,0.012873523090518299,0.2875525284399277
38,2011-02-14,0.2905431851701671,0.2956753874963528,0.2943433752572941,0.2910709022074545,0.0430062949345959,0.005549610951395889,0.008122859056425125,0.007737303461747003,0.005913313943424536,0.0110188629842572,0.2956753874963528
39,2011-02-15,0.2938077917834456,0.3008741539095081,0.299179324542219,0.2943562034228483,0.0487884705599982,0.0032646066132785423,0.005198766413155309,0.004835949284924923,0.0032853012153937766,0.0057821756254023,0.3008741539095081
40,2011-02-16,0.299683877140351,0.3002242471181122,0.3007912113706125,0.2999410162074826,0.0315946803984246,0.0058760853569053695,-0.0006499067913959267,0.0016118868283934717,0.0055848127846342965,-0.017193790161573602,0.3002242471181122
41,2011-02-17,0.306539427618148,0.3119213333042751,0.3120749493056431,0.307497070109001,0.0716771582243265,0.006855550477797012,0.011697086186162886,0.011283737935030624,0.0075560539015184225,0.04008247782590191,0.3119213333042751
42,2011-02-18,0.3111097772504069,0.3164701929260345,0.3182003942420212,0.3130819595637317,0.0579963124993181,0.0045703496322588855,0.004548859621759438,0.006125444936378066,0.005584889454730679,-0.013680845725008405,0.3164701929260345
43,2011-02-21,0.3166594343462143,0.3187445739451131,0.3188451317759599,0.3176812295471363,0.0284744875137735,0.005549657095807403,0.002274381019078564,0.0006447375339387329,0.004599269983404597,-0.029521824985544603,0.3187445739451131
44,2011-02-22,0.3218826984138236,0.3167950812659976,0.3269049336261504,0.3199809024182507,0.0415880254415727,0.005223264067609312,-0.0019494926791154832,0.008059801850190507,0.002299672871114433,0.013113537927799204,0.3167950812659976
45,2011-02-23,0.3202503693285666,0.3060727251554588,0.3182003009161925,0.3081540314158215,0.0645639912285486,-0.0016323290852570116,-0.010722356110538789,-0.008704632709957916,-0.01182687100242924,0.022975965786975895,0.3060727251554588
46,2011-02-24,0.3049071243777191,0.3037983441363802,0.3072390389496712,0.3048688521097104,0.0473483815363131,-0.01534324495084749,-0.0022743810190786196,-0.010961261966521307,-0.003285179306111108,-0.017215609692235498,0.3037983441363802
47,2011-02-25,0.3003368587120891,0.312896128435634,0.3117525986441583,0.3022407495059641,0.0490939439892647,-0.004570265665630013,0.009097784299253842,0.004513559694487079,-0.0026281026037462962,0.001745562452951599,0.312896128435634
48,2011-02-28,0.3147007954331021,0.312896128435634,0.3143317307942651,0.3088112005821807,0.0308091772945963,0.014363936721012993,0.0,0.0025791321501068,0.006570451076216621,-0.0182847666946684,0.312896128435634
49,2011-03-01,0.3127420091910797,0.3200442574164351,0.320457100384927,0.313738971075605,0.0417625816868679,-0.0019587862420223923,0.007148128980801083,0.0061253695906619,0.004927770493424299,0.010953404392271604,0.3200442574164351
50,2011-03-02,0.3182917892391839,0.3216689268113224,0.3227139200416754,0.3203094996524082,0.0517995657913398,0.0055497800481041915,0.0016246693948873125,0.002256819656748399,0.006570528576803181,0.010036984104471895,0.3216689268113224
51,2011-03-03,0.3222091856447287,0.3206941316799635,0.3217467045145099,0.3186668462839577,0.0466719760857943,0.003917396405544837,-0.0009747951313588965,-0.0009672155271654992,-0.0016426533684504863,-0.005127589705545499,0.3206941316799635
52,2011-03-04,0.3267794410412342,0.3219937175676832,0.3236809666083626,0.3235945973051763,0.0254852118130939,0.004570255396505463,0.0012995858877196675,0.0019342620938527233,0.004927751021218618,-0.0211867642727004,0.3219937175676832
53,2011-03-07,0.3238414678929792,0.3226436568869464,0.3220691127797819,0.3249087911265718,0.0222995603364571,-0.002937973148255002,0.0006499393192632152,-0.0016118538285807005,0.0013141938213954707,-0.003185651476636797,0.3226436568869464
54,2011-03-08,0.3248207335781107,0.3158202861346387,0.3220690199798808,0.3189952935093127,0.0342348436085139,0.000979265685131514,-0.006823370752307711,-9.279990109689606e-08,-0.005913497617259067,0.011935283272056799,0.3158202861346387
55,2011-03-09,0.3176388386827344,0.3164701929260345,0.315621262373798,0.3176812748144056,0.0323801835022528,-0.007181894895376295,0.0006499067913958156,-0.0064477576060827935,-0.0013140186949071042,-0.0018546601062610982,0.3164701929260345
56,2011-03-10,0.3153536781118207,0.3063977436068916,0.3146540988293674,0.3084826550053038,0.0365913529199986,-0.0022851605709137135,-0.010072449319142918,-0.0009671635444306048,-0.009198619809101805,0.004211169417745797,0.3063977436068916
57,2011-03-11,0.3029483900155331,0.2982747219111293,0.2998240198598438,0.2996124765507345,0.0600909874428601,-0.012405288096287603,-0.00812302169576229,-0.014830078969523597,-0.008870178454569333,0.023499634522861503,0.2982747219111293
58,2011-03-14,0.2849935347321413,0.2904767511946672,0.3062719128022792,0.2868001613627093,0.072419022266831,-0.017954855283391802,-0.007797970716462099,0.006447892942435418,-0.01281231518802517,0.0123280348239709,0.2904767511946672
59,2011-03-15,0.2820554152707873,0.2596094964458426,0.2785462036426456,0.2444207198669386,0.0955695442991021,-0.002938119461353972,-0.030867254748824624,-0.027725709159633627,-0.04237944149577069,0.023150522032271095,0.2596094964458426
60,2011-03-16,0.2738940949970747,0.2787796650085044,0.2788686005797476,0.2726736579153018,0.059065469501751,-0.008161320273712636,0.019170168562661793,0.0003223969371020097,0.02825293804836318,-0.0365040747973511,0.2787796650085044
61,2011-03-17,0.2673650491968122,0.2843032872337553,0.2885403599970613,0.2680743581100484,0.0513195361167781,-0.0065290458002624785,0.005523622225250935,0.009671759417313686,-0.004599299805253365,-0.007745933384972897,0.2843032872337553
62,2011-03-18,0.2905431690632595,0.2901517652711018,0.2949881417632408,0.2917279309608433,0.0360022255921275,0.0231781198664473,0.005848478037346505,0.0064477817661794945,0.02365357285079489,-0.015317310524650601,0.2901517652711018
63,2011-03-22,0.3065394179774182,0.3070475528146851,0.3091734162930749,0.3032262679320678,0.0620983842637544,0.015996248914158684,0.016895787543583285,0.014185274529834091,0.011498336971224488,0.0260961586716269,0.3070475528146851
64,2011-03-23,0.3088245577622142,0.3034734232685497,0.3065942531946965,0.3032262369095936,0.0315292218064389,0.0022851397847959976,-0.003574129546135396,-0.0025791630983783564,-3.102247420061488e-08,-0.030569162457315502,0.3034734232685497
65,2011-03-24,0.3075187385937934,0.3174448904737911,0.3175555546153196,0.3074970218943834,0.0545488266547386,-0.0013058191684207632,0.013971467205241395,0.01096130142062307,0.004270784984789777,0.0230196048482997,0.3174448904737911
66,2011-03-25,0.3225355928996306,0.3154953977946756,0.3185227443889707,0.3137389638837833,0.0448827745715189,0.015016854305837157,-0.0019494926791154832,0.0009671897736511226,0.006241941989399924,-0.009666052083219696,0.3154953977946756
67,2011-03-28,0.3199239444835681,0.3275173397929341,0.3249705486592409,0.3216234789797669,0.0439663542837193,-0.002611648416062484,0.012021941998258512,0.0064478042702701965,0.00788451509598359,-0.0009164202877996047,0.3275173397929341
68,2011-03-29,0.3288994159481623,0.3217599397844118,0.3277453478053483,0.3236661226870844,0.0506213111355974,0.008975471464594209,-0.005757400008522318,0.0027747991461073984,0.002042643707317493,0.006654956851878099,0.3217599397844118
69,2011-03-30,0.3183217382110739,0.3171539612274325,0.3186050312151731,0.3170131624797208,0.0546361047773862,-0.010577677737088398,-0.004605978556979307,-0.009140316590175224,-0.006652960207363612,0.004014793641788805,0.3171539612274325
70,2011-03-31,0.3203051035000978,0.3204439923793712,0.3179522039471832,0.3166805665668437,0.040475229377816,0.001983365289023875,0.0032900311519387104,-0.000652827267989875,-0.00033259591287709833,-0.0141608753995702,0.3204439923793712
71,2011-04-01,0.3298910866071769,0.3339328761433139,0.3349270331173908,0.3309843842407563,0.0602437241574933,0.009585983107079143,0.013488883763942694,0.016974829170207595,0.014303817673912644,0.0197684947796773,0.3339328761433139
72,2011-04-04,0.3374936549858301,0.3359067321951399,0.3359062205345196,0.3386351470942607,0.0410425371750253,0.007602568378653196,0.001973856051825984,0.0009791874171287684,0.007650762853504356,-0.019201186982468005,0.3359067321951399
73,2011-04-05,0.3398075973332005,0.3336038242363188,0.3394971326119893,0.3366393393299345,0.0566216820676187,0.002313942347370368,-0.0023029079588210988,0.0035909120774697545,-0.001995807764326174,0.015579144892593405,0.3336038242363188
74,2011-04-06,0.3388159320670821,0.3289978456793396,0.3346005306096487,0.3273251988583144,0.0315946803984246,-0.00099166526611838,-0.0046059785569791956,-0.0048966020023406,-0.009314140471620103,-0.025027001669194103,0.3289978456793396
75,2011-04-07,0.3279077447880526,0.3280108851255592,0.3319890476564664,0.3286558221456853,0.0262707149169221,-0.01090818727902948,-0.0009869605537803916,-0.002611482953182309,0.00133062328737088,-0.0053239654815024975,0.3280108851255592
76,2011-04-08,0.3282382648581747,0.3270238595160439,0.3300303779399876,0.3296537326951265,0.0313328460304818,0.0003305200701220756,-0.0009870256095153018,-0.0019586697164788447,0.0009979105494412055,0.005062131113559701,0.3270238595160439
77,2011-04-11,0.327246606210697,0.3319588249242832,0.3306832547440295,0.3293210828618917,0.0215358767632908,-0.000991658647477689,0.004934965408239289,0.0006528768040419131,-0.00033264983323477715,-0.009796969267191001,0.3319588249242832
78,2011-04-12,0.3269160380167546,0.3187988954837333,0.3241544479989976,0.3203395830405864,0.038816945047512,-0.00033056819394239323,-0.013159929440549889,-0.006528806745031868,-0.008981499821305305,0.0172810682842212,0.3187988954837333
79,2011-04-13,0.3143551144926673,0.313205988900841,0.3124026814616865,0.3106928603621923,0.0625784139383161,-0.01256092352408733,-0.005592906582892299,-0.011751766537311137,-0.009646722678394115,0.023761468890804105,0.313205988900841
80,2011-04-14,0.3150161530258293,0.314192916926754,0.3127290557144598,0.3133539757176687,0.0248960844852227,0.0006610385331620172,0.000986928025912992,0.00032637425277332044,0.0026611153554764178,-0.037682329453093404,0.314192916926754
81,2011-04-15,0.318982833656776,0.3135349757521012,0.3186050223345192,0.3163478584626542,0.0178701956120923,0.003966680630946684,-0.0006579411746527875,0.005875966620059403,0.0029938827449854655,-0.007025888873130402,0.3135349757521012
82,2011-04-18,0.3169995993041268,0.3112320677932802,0.315667144458279,0.3146846985394254,0.0194630213504107,-0.001983234352649188,-0.0023029079588209878,-0.0029378778762402247,-0.0016631599232287964,0.001592825738318402,0.3112320677932802
83,2011-04-19,0.3087357763924428,0.3049810899242653,0.3078325759536279,0.3073664329292016,0.0355440154482277,-0.008263822911683982,-0.0062509778690149065,-0.007834568504651085,-0.007318265610223751,0.016080994097817002,0.3049810899242653
84,2011-04-20,0.3070829696267171,0.3082710234926017,0.3065267718455459,0.3076990348421697,0.0224304775204285,-0.0016528067657257117,0.0032899335683364006,-0.0013058041080820093,0.00033260191296807795,-0.013113537927799204,0.3082710234926017
85,2011-04-21,0.313694010734536,0.3122189958191932,0.3117498028745593,0.3130213941592458,0.0192230065131299,0.006611041107818905,0.003947972326591498,0.005223031029013392,0.005322359317076086,-0.003207471007298599,0.3122189958191932
86,2011-04-22,0.3136939347076831,0.3115609245330706,0.3101175297936744,0.3113580806849118,0.0140299582155987,-7.602685292429356e-08,-0.0006580712861226079,-0.0016322730808848718,-0.001663313474334016,-0.0051930482975312,0.3115609245330706
87,2011-04-25,0.3080746156837881,0.3076130172622139,0.3101175967642116,0.3093622623597374,0.0206194564754912,-0.005619319023895009,-0.003947907270856699,6.697053717141799e-08,-0.00199581832517437,0.006589498259892499,0.3076130172622139
88,2011-04-26,0.3123718464045927,0.3109030484141526,0.3110969678811829,0.3113582003576889,0.0209903884967434,0.004297230720804623,0.0032900311519387104,0.0009793711169713282,0.0019959379979515024,0.0003709320212521988,0.3109030484141526
89,2011-04-27,0.3133635246510033,0.3112320677932802,0.3107705496631661,0.3126888125021775,0.0189611721451871,0.00099167824641061,0.00032901937912760415,-0.0003264182180168218,0.0013306121444885965,-0.0020292163515562983,0.3112320677932802
90,2011-04-28,0.313694010734536,0.3122189958191932,0.3104440445379119,0.3120234513510867,0.0303073280893728,0.0003304860835326995,0.000986928025912992,-0.00032650512525417286,-0.000665361151090782,0.011346155944185699,0.3122189958191932
91,2011-05-02,0.3153467178122667,0.3099159577489024,0.3120761892368122,0.309029570224275,0.0448827745715189,0.0016527070777306863,-0.002303038070290808,0.001632144698900273,-0.002993881126811704,0.014575446482146103,0.3099159577489024
92,2011-05-06,0.3100579213147064,0.301033052541939,0.3062003146035202,0.3027093033095427,0.0675532669292283,-0.005288796497560311,-0.008882905206963387,-0.005875874633291978,-0.006320266914732309,0.022670492357709404,0.301033052541939
93,2011-05-09,0.3044385760673109,0.3046520705451377,0.3048945977805226,0.3063684684047365,0.0340384678325569,-0.005619345247395491,0.003619018003198693,-0.0013057168229976268,0.003659165095193817,-0.033514799096671405,0.3046520705451377
94,2011-05-10,0.3080745622903318,0.3053099791919232,0.3065267083080652,0.3037072006263049,0.0394497114367069,0.003635986223020915,0.0006579086467854989,0.0016321105275426406,-0.0026612677784316197,0.005411243604149997,0.3053099791919232
95,2011-05-11,0.3074134903388705,0.3062970048014385,0.3052209822615895,0.3076990033511235,0.0349330685896946,-0.0006610719514613117,0.0009870256095153018,-0.0013057260464757192,0.003991802724818583,-0.004516642847012295,0.3062970048014385
96,2011-05-12,0.3060913578703227,0.3059680830059132,0.3065268166747746,0.3050378986117675,0.0275144281646501,-0.0013221324685477875,-0.0003289217955252943,0.001305834413185103,-0.0026611047393559906,-0.007418640425044504,0.3059680830059132
97,2011-05-13,0.3057607939576283,0.2918211604837154,0.3019566502486489,0.2904013907377396,0.040693424684435,-0.000330563912694426,-0.014146922522197791,-0.004570166426125732,-0.014636507874027926,0.013178996519784901,0.2918211604837154
98,2011-05-16,0.290555286597539,0.2852410981798381,0.2875932022485556,0.2864095148375045,0.0259216024263318,-0.015205507360089299,-0.00658006230387731,-0.01436344800009326,-0.003991875900235087,-0.014771822258103199,0.2852410981798381
99,2011-05-17,0.2846053489880331,0.2852410981798381,0.2862874442360764,0.2837483346764127,0.0344966779764567,-0.0059499376095059064,0.0,-0.00130575801247923,-0.002661180161091792,0.008575075550124895,0.2852410981798381
100,2011-05-18,0.2872498405389124,0.2878731556292564,0.2882461563499029,0.2864095894541421,0.0260307000796412,0.002644491550879313,0.0026320574494183013,0.001958712113826533,0.0026612547777293827,-0.008465977896815496,0.2878731556292564
101,2011-05-19,0.2925386099981303,0.2858991044102258,0.2895518500204436,0.2874074680714467,0.0321838077262958,0.005288769459217912,-0.0019740512190306037,0.0013056936705406752,0.000997878617304604,0.006153107646654603,0.2858991044102258
102,2011-05-20,0.2839443678531192,0.2796482566526808,0.280738094337559,0.2820852193140105,0.0468465323310895,-0.008594242145011088,-0.0062508477575450305,-0.008813755682884616,-0.005322248757436199,0.014662724604793696,0.2796482566526808
103,2011-05-23,0.2789859768338221,0.2780031597570429,0.2791057885390584,0.2767627500129125,0.0466937956164562,-0.004958391019297126,-0.0016450968956379097,-0.0016323057985005995,-0.005322469301097976,-0.00015273671463329752,0.2780031597570429
104,2011-05-24,0.2779943635287505,0.278661198515298,0.277473633875385,0.2780933831832141,0.0384241934955979,-0.0009916133050715814,0.0006580387582551528,-0.0016321546636733908,0.0013306331703015761,-0.008269602120858303,0.278661198515298
105,2011-05-25,0.2882414345961686,0.2809641390019864,0.2866138962924609,0.2830830520347588,0.0519304829753112,0.010247071067418068,0.0023029404866883874,0.00914026241707594,0.004989668851544726,0.013506289479713302,0.2809641390019864
106,2011-05-26,0.2882415107054038,0.2835961964514048,0.2862875323683371,0.2850790125171823,0.0362858794907321,7.610923524747903e-08,0.0026320574494184124,-0.0003263639241238292,0.001995960482423509,-0.0156446034845791,0.2835961964514048
107,2011-05-27,0.2832830973103192,0.2865570455848787,0.2879195977226094,0.2827503488774261,0.0330129498914478,-0.0049584133950846265,0.0029608491334738862,0.001632065354272294,-0.002328663639756201,-0.0032729295992843035,0.2865570455848787
108,2011-05-30,0.2859275136212674,0.2865570455848787,0.2875931582694092,0.2864094710393692,0.0304382452733441,0.0026444163109481944,0.0,-0.0003264394532002113,0.0036591221619430847,-0.0025747046181036973,0.2865570455848787
109,2011-05-31,0.2898942532793359,0.2957691002824394,0.2934691850391856,0.2913992988680701,0.0393187942527356,0.0039667396580684855,0.009212054697560701,0.0058760267697764434,0.004989827828700888,0.0088805489793915,0.2957691002824394
110,2011-06-01,0.3021247326624239,0.3039940968426174,0.3016302236167806,0.3000481852534378,0.0987551957757388,0.012230479383088022,0.008224996560178,0.008161038577594981,0.008648886385367704,0.059436401523003196,0.3039940968426174
111,2011-06-02,0.3004719364888077,0.2914921411045878,0.2970600340575209,0.2940604931485496,0.0536978649589247,-0.001652796173616189,-0.012501955738029591,-0.004570189559259696,-0.005987692104888198,-0.045057330816814095,0.2914921411045878
112,2011-06-03,0.2912164362267321,0.2829381576931496,0.2902047635659807,0.2854116168214918,0.0301982304360633,-0.009255500262075611,-0.008553983411438204,-0.006855270491540222,-0.008648876327057797,-0.023499634522861402,0.2829381576931496
113,2011-06-06,0.2852664957329174,0.2868861300197411,0.2872668056099624,0.2860769100043443,0.0380532614743456,-0.005949940493814698,0.003947972326591498,-0.002937957956018311,0.0006652931828525221,0.007855031038282303,0.2868861300197411
114,2011-06-07,0.2859275967067631,0.2937950815912762,0.2915105164156054,0.2877401445286295,0.0365913529199986,0.0006611009738456963,0.0069089515715350935,0.004243710805643008,0.0016632345242851843,-0.0014619085543470037,0.2937950815912762
115,2011-06-08,0.2965053286056037,0.2967561258919547,0.2967336128148473,0.2973869877109963,0.0291508929642923,0.010577731898840592,0.002961044300678506,0.0052230963992419,0.009646843182366804,-0.007440459955706299,0.2967561258919547
116,2011-06-09,0.2971663998684952,0.2977430864457352,0.2970600192960568,0.2963890117372164,0.025245196975813,0.0006610712628914994,0.0009869605537805026,0.000326406481209518,-0.0009979759737799299,-0.003905695988479299,0.2977430864457352
117,2011-06-10,0.2994802872975618,0.2970851127432149,0.2980393601805046,0.2987175671281898,0.0415007473189251,0.00231388742906663,-0.0006579737025202981,0.000979340884447788,0.0023285553909734302,0.0162555503431121,0.2970851127432149
118,2011-06-13,0.2955136449272585,0.2878731556292564,0.2918369918197205,0.2880728274881383,0.0344093998538091,-0.003966642370303308,-0.009211957113958502,-0.006202368360784083,-0.010644739640051526,-0.007091347465115999,0.2878731556292564
119,2011-06-14,0.2859275580273627,0.2832671120165423,0.2836759288874116,0.2840809828738086,0.0655458701083339,-0.009586086899895818,-0.004606043612714106,-0.008161062932308893,-0.003991844614329665,0.031136470254524803,0.2832671120165423
120,2011-06-15,0.2879109870338853,0.2895181874691595,0.2892255174507226,0.2887381649667229,0.0333620623820381,0.001983429006522597,0.006251075452617216,0.005549588563311003,0.004657182092914269,-0.0321838077262958,0.2895181874691595
121,2011-06-16,0.2859275683399221,0.2849121113285779,0.2853081366971202,0.2870748209161117,0.0335802576886571,-0.0019834186939631793,-0.004606076140581616,-0.0039173807536024285,-0.001663344050611193,0.00021819530661899844,0.2849121113285779
122,2011-06-17,0.2859275590678569,0.2803061327715987,0.28302305090954,0.2810871562083227,0.0337766334646141,-9.27206522671753e-09,-0.0046059785569791956,-0.0022850857875801878,-0.005987664707788998,0.00019637577595699868,0.2803061327715987
123,2011-06-20,0.2799777329099727,0.2760292711773494,0.277473689813424,0.278093439246193,0.0184156838786397,-0.005949826157884197,-0.004276861594249337,-0.005549361096115979,-0.002993716962129689,-0.015360949585974396,0.2760292711773494
124,2011-06-21,0.278324907739136,0.2730682268766709,0.2751885490340598,0.2724383664170856,0.0317037780517341,-0.0016528251708367026,-0.0029610443006784504,-0.002285140779364203,-0.005655072829107433,0.013288094173094397,0.2730682268766709
125,2011-06-22,0.2763415385383205,0.2776741403779152,0.2758413719368222,0.2764300810164907,0.0296091031081921,-0.001983369200815488,0.004605913501244285,0.0006528229027623622,0.003991714599405116,-0.0020946749435419992,0.2776741403779152
126,2011-06-23,0.2770027296397924,0.2770162317311298,0.2791058544733786,0.2787587010816626,0.0360458646534513,0.0006611911014718919,-0.0006579086467853879,0.0032644825365564234,0.002328620065171927,0.006436761545259198,0.2770162317311298
127,2011-06-24,0.2789859784013065,0.2740551874304514,0.2761678344218768,0.2747668663402526,0.0432681293025387,0.0019832487615141225,-0.0029610443006784504,-0.0029380200515017885,-0.003991834741410016,0.007222264649087401,0.2740551874304514
128,2011-06-27,0.2756804473751539,0.2714231950367679,0.2722505503435673,0.273436266314476,0.0219940869071906,-0.0033055310261526083,-0.002631992393683502,-0.003917284078309491,-0.0013306000257766182,-0.021274042395348098,0.2714231950367679
129,2011-06-28,0.2766721988835358,0.2773452511102574,0.2774736779831576,0.2780934273895032,0.031725597582396,0.0009917515083818773,0.005922056073489501,0.005223127639590264,0.004657161075027227,0.0097315106752054,0.2773452511102574
130,2011-06-29,0.2809693545949018,0.2789902178944256,0.2774736552645085,0.278758699846475,0.0222995603364571,0.004297155711366019,0.0016449667841682003,-2.2718649073105723e-08,0.0006652724569717883,-0.0094260372459389,0.2789902178944256
131,2011-06-30,0.2846053721541901,0.2816221452323742,0.2820437536531665,0.2820851200367452,0.0377914271064029,0.0036360175592882737,0.0026319273379486474,0.004570098388657962,0.003326420190270185,0.015491866769945802,0.2816221452323742
132,2011-07-01,0.2846054483967853,0.2822802165184968,0.2820438292095329,0.284413729058473,0.0173901659375306,7.624259523719701e-08,0.0006580712861225524,7.555636644118735e-08,0.0023286090217278232,-0.020401261168872302,0.2822802165184968
133,2011-07-04,0.2865887588929814,0.2862281888450883,0.2869404207302393,0.2867422597782393,0.019201186982468,0.0019833104961961,0.003947972326591553,0.004896591520706373,0.0023285307197662974,0.0018110210449374005,0.2862281888450883
134,2011-07-05,0.2852664095435303,0.2865570455848787,0.284655203190607,0.2870747659779044,0.011062502045581,-0.0013223493494511351,0.0003288567397903841,-0.0022852175396322894,0.00033250619966507244,-0.008138684936887002,0.2865570455848787
135,2011-07-06,0.2865887555808957,0.2911631542533276,0.288899055075619,0.2880728469816155,0.0185029620012873,0.0013223460373654183,0.004606108668448905,0.004243851885012029,0.0009980810037111265,0.007440459955706302,0.2911631542533276
136,2011-07-07,0.2922081659448389,0.2895181874691595,0.2885726381788248,0.2900687555886893,0.0189611721451871,0.0056194103639432,-0.0016449667841680893,-0.000326416896794246,0.001995908607073771,0.0004582101438997989,0.2895181874691595
137,2011-07-08,0.2931998269797107,0.2980721383527302,0.2967336334932471,0.2940605318305102,0.0426135433826818,0.0009916610348718047,0.008553950883570693,0.008160995314422326,0.003991776241820899,0.0236523712374947,0.2980721383527302
138,2011-07-11,0.2984885859685379,0.2993880532299033,0.2970599968284266,0.2983848747703052,0.0246342501172799,0.005288758988827191,0.0013159148771730855,0.00032636333517949145,0.004324342939795001,-0.0179792932654019,0.2993880532299033
139,2011-07-12,0.2974969111916024,0.2921500822792406,0.2960806598997503,0.2953910283800651,0.0250051821385322,-0.0009916747769355139,-0.007237970950662698,-0.0009793369286762998,-0.0029938463902400847,0.00037093202125229943,0.2921500822792406
140,2011-07-13,0.2941913777003171,0.2954400483754444,0.2951013289955462,0.2960563111555143,0.0181756690413589,-0.003305533491285262,0.0032899660962038,-0.000979330904204101,0.0006652827754491941,-0.0068295130971732995,0.2954400483754444
141,2011-07-14,0.296835893353452,0.2944531528773988,0.2954278668251671,0.2960564096710636,0.0216013353552765,0.0026445156531348935,-0.0009868954980455924,0.0003265378296208876,9.8515549329381e-08,0.0034256663139175976,0.2944531528773988
142,2011-07-15,0.2968358171591599,0.2937950815912762,0.2934691537039521,0.2960563336768558,0.0124807715386042,-7.619429209793083e-08,-0.0006580712861226079,-0.0019587131212149833,-7.599420781545518e-08,-0.0091205638166723,0.2937950815912762
143,2011-07-19,0.2935303504118919,0.2931371404166234,0.2928163290769588,0.2950584458652652,0.0173247073455449,-0.0033054667472680044,-0.0006579411746527875,-0.0006528246269932869,-0.0009978878115906031,0.004843935806940701,0.2931371404166234
144,2011-07-20,0.2988192148699644,0.2980721383527302,0.298692271338087,0.2990502467371365,0.0151427542793554,0.005288864458072473,0.0049349979361068,0.0058759422611281975,0.003991800871871287,-0.0021819530661895004,0.2980721383527302
145,2011-07-21,0.3014635542627108,0.3013620393931991,0.2993450727329479,0.3030419398137953,0.0183065862253302,0.002644339392746442,0.00328990104046889,0.0006528013948609024,0.003991693076658809,0.003163831945974799,0.3013620393931991
146,2011-07-22,0.3050996929797623,0.3023490975305818,0.3026095329058428,0.3047052427449214,0.0321838077262958,0.0036361387170514847,0.0009870581373827014,0.0032644601728948897,0.0016633029311260983,0.013877221500965604,0.3023490975305818
147,2011-07-25,0.3024552106912066,0.3013620393931991,0.2996715122888181,0.3033745873876853,0.0190266307371728,-0.002644482288555683,-0.0009870581373827014,-0.0029380206170246947,-0.001330655357236088,-0.013157176989123002,0.3013620393931991
148,2011-07-26,0.3021247326624239,0.3039940968426174,0.3026095425246273,0.3037073094638455,0.0170846925082641,-0.00033047802878272137,0.0026320574494183013,0.002938030235809186,0.0003327220761601968,-0.0019419382289087017,0.3039940968426174
149,2011-07-27,0.3050995823893928,0.3056389660431833,0.3032623022325831,0.3040398372488449,0.0214267791099813,0.0029748497269688756,0.0016448692005658905,0.0006527597079558078,0.0003325277849994257,0.004342086601717199,0.3056389660431833
150,2011-07-28,0.3021247048454431,0.2970851127432149,0.2990186789981842,0.2983849195033255,0.0201830658622533,-0.00297487754394965,-0.008553853299968384,-0.004243623234398919,-0.0056549177455194055,-0.0012437132477279983,0.2970851127432149
151,2011-07-29,0.297827495362382,0.2941241009704038,0.2973864500468236,0.2973869457067863,0.0267289250608219,-0.004297209483061115,-0.0029610117728111063,-0.0016322289513605592,-0.0009979737965392088,0.0065458591985686,0.2941241009704038
152,2011-08-01,0.2965053492680952,0.2980721383527302,0.2964071938524404,0.2970543607744859,0.0254197532211082,-0.0013221460942868246,0.003948037382326408,-0.0009792561943832157,-0.0003325849323004282,-0.0013091718397136992,0.2980721383527302
153,2011-08-02,0.3004718755087491,0.3030070061773673,0.300977248149283,0.3000480893548072,0.0348894295283708,0.0039665262406539115,0.00493486782463709,0.004570054296842596,0.00299372858032132,0.009469676307262597,0.3030070061773673
154,2011-08-03,0.2994801937257695,0.2832671120165423,0.2970599485472319,0.2844136303947381,0.0620111061411069,-0.000991681782979592,-0.019739894160825,-0.003917299602051116,-0.015634458960069098,0.027121676612736102,0.2832671120165423
155,2011-08-04,0.2849360245510928,0.2796482566526808,0.2853082493616588,0.2814199239854397,0.0451446089394617,-0.014544169174676713,-0.0036188553638615284,-0.011751699185573117,-0.0029937064092984134,-0.0168664972016452,0.2796482566526808
156,2011-08-05,0.2651028719316975,0.2691203033418806,0.2676804897130622,0.2641222268517021,0.0500321838077262,-0.019833152619395278,-0.010527953310800198,-0.017627759648596586,-0.017297697133737577,0.004887574868264501,0.2691203033418806
157,2011-08-08,0.2677472495483516,0.263527299175386,0.2680068892373429,0.2637895397444807,0.0354349177949182,0.002644377616654092,-0.005593004166494608,0.0003263995242807072,-0.0003326871072213966,-0.014597266012808002,0.263527299175386
158,2011-08-09,0.2528724194429241,0.2523413884259993,0.2507056088262216,0.2415021674637818,0.0563816672303378,-0.014874830105427506,-0.011185910749386685,-0.017301280411121278,-0.02228737228069891,0.020946749435419604,0.2523413884259993
159,2011-08-10,0.2594834066549603,0.2539863226823,0.2578872238260035,0.2551406641317746,0.0381623591276551,0.006610987212036179,0.0016449342563006897,0.007181614999781871,0.0136384966679928,-0.0182193081026827,0.2539863226823
160,2011-08-11,0.2489057301649513,0.2493803441253207,0.2497262267431385,0.2498182944815015,0.0225832142350618,-0.010577676490008986,-0.004605978556979279,-0.008160997082864996,-0.005322369650273107,-0.015579144892593301,0.2493803441253207
161,2011-08-12,0.2522112898779642,0.2487223866867342,0.2500527046518479,0.2501509804224885,0.0279944578392118,0.003305559713012912,-0.000657957438586515,0.0003264779087094327,0.00033268594098700977,0.0054112436041500005,0.2487223866867342
162,2011-08-15,0.25419465119907,0.2506964216418311,0.2510320711615876,0.2511489710089195,0.0186120596545968,0.00198336132110577,0.001974034955096904,0.0009793665097396764,0.0009979905864309635,-0.009382398184615,0.2506964216418311
163,2011-08-16,0.2518807628960891,0.2523413884259993,0.2510320484210474,0.253477481552895,0.0189393526145252,-0.002313888302980849,0.0016449667841682003,-2.2740540173149526e-08,0.002328510543975537,0.0003272929599284005,0.2523413884259993
164,2011-08-17,0.2538640506242156,0.2487223866867342,0.2513584629006826,0.2484877425207433,0.0345184975071186,0.0019832877281264483,-0.003619001739265104,0.000326414479635162,-0.004989739032151719,0.015579144892593398,0.2487223866867342
165,2011-08-18,0.2512196533316076,0.2520123853108054,0.2513584828130748,0.2528121810928339,0.0329474912994621,-0.0026443972926079584,0.0032899986240712,1.991239223508856e-08,0.004324438572090583,-0.001571006207656496,0.2520123853108054
166,2011-08-19,0.247914076098078,0.2434583856354335,0.2480940314129481,0.2444959362110647,0.0297182007615016,-0.0033055772335296163,-0.008553999675371876,-0.003264451400126711,-0.008316244881769186,-0.0032292905379605018,0.2434583856354335
167,2011-08-22,0.2439474473690856,0.2381944171120003,0.2438503142077016,0.2398388673071417,0.0250488211998559,-0.003966628728992394,-0.005263968523433221,-0.004243717205246522,-0.0046570689039229785,-0.0046693795616457,0.2381944171120003
168,2011-08-23,0.2442780333333731,0.2372074565582198,0.2415652711269486,0.236845072396945,0.0358494888774942,0.0003305859642875053,-0.0009869605537805026,-0.002285043080753002,-0.0029937949101967176,0.0108006676776383,0.2372074565582198
169,2011-08-24,0.2446085431002061,0.2467483517316372,0.2493997772550656,0.2444959242333509,0.0674659888065807,0.0003305097668329926,0.009540895173417413,0.007834506128117008,0.007650851836405903,0.031616499929086495,0.2467483517316372
170,2011-08-25,0.2528723697050729,0.2543153257974939,0.2582136687187759,0.2531447841478757,0.0658731630682624,0.00826382660486677,0.007566974065856685,0.008813891463710283,0.008648859914524826,-0.0015928257383183014,0.2543153257974939
171,2011-08-26,0.2558473564755761,0.2625402898298044,0.2618045216832029,0.2574692201013725,0.05007582286905,0.0029749867705032296,0.008224964032310489,0.003590852964427016,0.004324435953496797,-0.015797340199212397,0.2625402898298044
172,2011-08-29,0.258822365506563,0.2583620527296248,0.2585401658772748,0.2571366120407987,0.0380314419436837,0.002975009030986908,-0.00417823710017956,-0.0032643558059280986,-0.00033260806057383574,-0.012044380925366298,0.2583620527296248
173,2011-08-30,0.2641111757890529,0.263527299175386,0.2644160539369644,0.2651201301088918,0.0276671648792834,0.0052888102824898975,0.005165246445761162,0.005875888059689582,0.00798351806809311,-0.0103642770644003,0.263527299175386
174,2011-08-31,0.263780635286471,0.2616520188258285,0.2624574280992717,0.2634569037964255,0.0305909819879774,-0.0003305405025819108,-0.0018752803495574732,-0.0019586258376926846,-0.0016632263124662927,0.0029238171086940004,0.2616520188258285
175,2011-09-01,0.264441758744021,0.2605905857195505,0.2611516886212409,0.2604630941651577,0.0346494146910899,0.0006611234575499836,-0.001061433106277987,-0.0013057394780308096,-0.0029938096312677742,0.004058432703112496,0.2605905857195505
176,2011-09-02,0.2608056355355796,0.2583291182638446,0.2585401231351837,0.2591324549346054,0.0161028136284788,-0.0036361232084413664,-0.0022614674557059344,-0.002611565486057177,-0.0013306392305523218,-0.018546601062611096,0.2583291182638446
177,2011-09-05,0.2568390757943952,0.2484921381770797,0.253643594968496,0.2498183871430392,0.0170846925082641,-0.003966559741184428,-0.009836980086764868,-0.00489652816668773,-0.00931406779156621,0.0009818788797852987,0.2484921381770797
178,2011-09-06,0.2495668907974632,0.2446428228724254,0.2480940852852012,0.2448286369065037,0.0218849892538811,-0.007272184996931996,-0.0038493153046543216,-0.00554950968329479,-0.004989750236535501,0.004800296745617001,0.2446428228724254
179,2011-09-07,0.2508890912716124,0.2492487851654709,0.248094077157945,0.2464918668541965,0.0348239709363851,0.0013222004741492155,0.004605962293045496,-8.127256201362343e-09,0.0016632299476928014,0.012938981682503996,0.2492487851654709
180,2011-09-08,0.2518807320722306,0.2477682792790653,0.2507055781461724,0.2481550893675777,0.0221686431524857,0.0009916408006181987,-0.001480505886405581,0.0026115009882274054,0.0016632225133812184,-0.012655327783899398,0.2477682792790653
181,2011-09-09,0.2456002115297822,0.2421149847102759,0.2438503178586682,0.2434979937550227,0.0355221959175658,-0.006280520542448403,-0.005653294568789408,-0.006855260287504189,-0.004657095612555007,0.013353552765080101,0.2421149847102759
182,2011-09-12,0.237997508916026,0.240168403275296,0.2389537208377162,0.2381756289568996,0.0219940869071906,-0.0076027026137562015,-0.0019465814349798882,-0.004896597020951993,-0.005322364798123119,-0.0135281090103752,0.240168403275296
183,2011-09-13,0.2442780231547258,0.2461890838428552,0.2448296564810852,0.2425000710434325,0.022735950949695,0.006280514238699797,0.0060206805675591946,0.005875935643368996,0.004324442086532904,0.0007418640425044011,0.2461890838428552
184,2011-09-14,0.246922465366226,0.2395433477746222,0.2461354397501311,0.2415021529928809,0.0307655382332726,0.002644442211500203,-0.006645736068233016,0.0013057832690459015,-0.000997918050551605,0.0080295872835776,0.2395433477746222
185,2011-09-15,0.245269698409574,0.241813435115199,0.2425445983461839,0.2428327372842516,0.0199430510249724,-0.0016527669566520076,0.0022700873405768207,-0.0035908414039472203,0.0013305842913707011,-0.010822487208300202,0.241813435115199
186,2011-09-16,0.244939204246128,0.2510583266949377,0.252664284745605,0.245493976088909,0.0242196790347039,-0.00033049416344599347,0.009244891579738707,0.010119686399421096,0.0026612388046574065,0.004276628009731501,0.2510583266949377
187,2011-09-20,0.2525418371960824,0.2474063904898924,0.2493998207564053,0.2491530329151373,0.0234559954615376,0.007602632949954419,-0.0036519362050453086,-0.0032644639891996896,0.003659056826228302,-0.0007636835731663003,0.2474063904898924
188,2011-09-21,0.2489057699542252,0.2457614074417905,0.2464618710209132,0.2464918585921988,0.0190484502678347,-0.0036360672418572215,-0.0016449830481019,-0.002937949735492107,-0.0026611743229384976,-0.0044075451937029,0.2457614074417905
189,2011-09-22,0.2429558188879816,0.2378654465246738,0.241565265285324,0.2401715423249362,0.0263579930395697,-0.005949951066243603,-0.007895960917116696,-0.004896605735589199,-0.0063203162672625934,0.007309542771735001,0.2378654465246738
190,2011-09-26,0.2413030515823995,0.2283245025594552,0.2383008632581439,0.2295268139182595,0.0312455679078343,-0.0016527673055820868,-0.009540943965218623,-0.003264402027180091,-0.010644728406676712,0.004887574868264598,0.2283245025594552
191,2011-09-27,0.2323782164336857,0.2276665776487361,0.2307928256135546,0.2275309993115833,0.0520177610979587,-0.008924835148713811,-0.0006579249107190877,-0.007508037644589294,-0.001995814606676194,0.0207721931901244,0.2276665776487361
192,2011-09-28,0.2315825934788618,0.2324892893864496,0.2346416375157189,0.2330506382923982,0.0326856569315194,-0.0007956229548239102,0.004822711737713509,0.0038488119021642953,0.005519638980814895,-0.019332104166439303,0.2324892893864496
193,2011-09-29,0.231916750712099,0.2314914645249451,0.231011440751954,0.2286788204478652,0.0450573308168141,0.0003341572332372089,-0.0009978248615045149,-0.003630196763764887,-0.004371817844532999,0.012371673885294705,0.2314914645249451
194,2011-09-30,0.2335876706089464,0.2334871305118878,0.2323315557940995,0.2327143787922616,0.0335147990966714,0.0016709198968473948,0.001995665986942702,0.0013201150421454921,0.004035558344396395,-0.011542531720142704,0.2334871305118878
195,2011-10-03,0.2289092037012742,0.2261698403564794,0.2267212470205998,0.2253159152413446,0.023150522032271,-0.00467846690767218,-0.007317290155408385,-0.005610308773499717,-0.0073984635509170005,-0.010364277064400396,0.2261698403564794
196,2011-10-04,0.221891480828309,0.22018292371532,0.2204508679591274,0.2185899995907571,0.0261397977329507,-0.007017722872965204,-0.005986916641159412,-0.006270379061472375,-0.0067259156505874995,0.002989275700679698,0.22018292371532
197,2011-10-05,0.223228192259212,0.2191851313816829,0.2214409324043822,0.2195988920189246,0.0224086579897666,0.0013367114309029982,-0.0009977923336370875,0.0009900644452547902,0.0010088924281675127,-0.003731139743184099,0.2191851313816829
198,2011-10-06,0.2215573603973264,0.2281654412876872,0.227711280857464,0.2219529762428168,0.0328383936461526,-0.0016708318618856022,0.008980309906004291,0.006270348453081803,0.002354084223892189,0.010429735656385997,0.2281654412876872
199,2011-10-07,0.233921833280821,0.2321567082058376,0.2326615608780111,0.2337232447746955,0.0229105071949902,0.012364472883494598,0.003991266918150382,0.004950280020547093,0.011770268531878708,-0.009927886451162396,0.2321567082058376
200,2011-10-11,0.2436128966623375,0.2454608336827368,0.2435521180242396,0.2441483264068741,0.0368531872879414,0.009691063381516513,0.013304125476899215,0.010890557146228497,0.01042508163217859,0.013942680092951201,0.2454608336827368
201,2011-10-12,0.2462861948823333,0.2504497790869883,0.2491623017281034,0.2465022792124457,0.0283217507991403,0.00267329821999579,0.004988945404251488,0.005610183703863819,0.002353952805571602,-0.008531436488801104,0.2504497790869883
202,2011-10-13,0.2529696954045078,0.2501171979063763,0.2518024536697092,0.2528918552023103,0.0224086579897666,0.006683500522174507,-0.0003325811806119683,0.0026401519416058006,0.006389575989864588,-0.005913092809373698,0.2501171979063763
203,2011-10-14,0.2506304822324726,0.2487867918642599,0.2501523766700284,0.2502015209282974,0.0197684947796772,-0.002339213172035226,-0.0013304060421164277,-0.0016500769996808384,-0.0026903342740128844,-0.0026401632100894017,0.2487867918642599
204,2011-10-17,0.2549747638570192,0.2547736597136181,0.2547726251795935,0.2565910959571134,0.0209467494354196,0.004344281624546642,0.005986867849358202,0.004620248509565106,0.006389575028815986,0.0011782546557424015,0.2547736597136181
205,2011-10-18,0.2499621290438251,0.2491193893088056,0.2501523714300158,0.2502015156872553,0.0162337308124502,-0.005012634813194139,-0.005654270404812506,-0.004620253749577696,-0.006389580269858086,-0.004713018622969401,0.2491193893088056
206,2011-10-19,0.2533038553998151,0.2457933498076139,0.250152358258841,0.2475111637767888,0.0142263339915558,0.0033417263559900046,-0.003326039501191702,-1.3171174761961169e-08,-0.0026903519104664875,-0.002007396820894399,0.2457933498076139
207,2011-10-20,0.2439469352684097,0.2384760433882718,0.2412418691223267,0.2397763912713466,0.0246997087092656,-0.009356920131405405,-0.0073173064193420845,-0.008910489136514321,-0.007734772505442217,0.010473374717709798,0.2384760433882718
208,2011-10-21,0.2399369147291306,0.2394739170415774,0.2389318212556357,0.2397764572950367,0.0195502994730583,-0.004010020539279097,0.0009978736533055865,-0.0023100478666910063,6.6023690098449e-08,-0.005149409236207297,0.2394739170415774
209,2011-10-24,0.2439469975962464,0.2491193893088056,0.2475122408608335,0.2454934226501295,0.016473745649731,0.004010082867115822,0.0096454722672282,0.008580419605197814,0.005716965355092807,-0.0030765538233273014,0.2491193893088056
210,2011-10-25,0.2549747075075437,0.2447955249461094,0.2521324386273835,0.2468385620049991,0.0306128015186393,0.011027709911297284,-0.004323864362696189,0.004620197766549983,0.0013451393548696011,0.0141390558689083,0.2447955249461094
211,2011-10-26,0.2439469678643603,0.2447955249461094,0.2452020967279397,0.2417941772228806,0.0134626504183895,-0.011027739643183404,0.0,-0.006930341899443804,-0.005044384782118494,-0.0171501511002498,0.2447955249461094
212,2011-10-27,0.2442812063310955,0.2551062734220976,0.2537825870803951,0.2431394107346081,0.0257906852423604,0.0003342384667352205,0.010310748475988174,0.008580490352455394,0.001345233511727495,0.0123280348239709,0.2551062734220976
213,2011-10-28,0.2589848524237013,0.2557714683111889,0.2590628383174058,0.2586088508525807,0.0196375775957059,0.014703646092605771,0.0006651948890913362,0.005280251237010702,0.015469440117972577,-0.006153107646654499,0.2557714683111889
214,2011-10-31,0.2559772645904889,0.2467911746691184,0.2570827182909063,0.2495289349634909,0.0303727866813584,-0.0030075878332123662,-0.008980293642070508,-0.001980120026499499,-0.009079915889089768,0.010735209085652498,0.2467911746691184
215,2011-11-01,0.2456178812153424,0.2451281711824562,0.2442120913430752,0.2417942202505299,0.0272744133273693,-0.010359383375146525,-0.0016630034866622068,-0.012870626947831088,-0.0077347147129609994,-0.0030983733539891,0.2451281711824562
216,2011-11-02,0.2452837037632967,0.2484541944197142,0.2524624962690157,0.2465023100704455,0.0514940923620732,-0.0003341774520456975,0.0033260232372580023,0.00825040492594048,0.004708089819915606,0.024219679034703904,0.2484541944197142
217,2011-11-04,0.2573139855266195,0.2617583198966134,0.2597228741742447,0.25726368439522,0.0429408363426102,0.012030281763322798,0.013304125476899215,0.007260377905229043,0.010761374324774503,-0.008553256019463003,0.2617583198966134
218,2011-11-07,0.2589848825179938,0.2620909498690265,0.2630230651354726,0.2592814657689894,0.0253979336904463,0.0016708969913742933,0.0003326299724130677,0.0033001909612278557,0.0020177813737694006,-0.017542902652163902,0.2620909498690265
219,2011-11-08,0.2603215086563795,0.2541084160327256,0.2600528476422622,0.2542370108827794,0.0292599906176018,0.0013366261383856992,-0.007982533836300876,-0.0029702174932103587,-0.005044454886210026,0.003862056927155501,0.2541084160327256
220,2011-11-09,0.2576481642157372,0.260427913854497,0.2587328298002629,0.2592814434942534,0.0267943836528076,-0.002673344440642267,0.00631949782177138,-0.0013200178419993103,0.005044432611474026,-0.002465606964794198,0.260427913854497
221,2011-11-10,0.2563113928251947,0.2527779774627418,0.2531224772028378,0.2532281057907413,0.0202485244542389,-0.0013367713905425016,-0.007649936391755208,-0.0056103525974250945,-0.006053337703512129,-0.006545859198568701,0.2527779774627418
222,2011-11-11,0.2569798151978181,0.2584322966593554,0.2584028124388127,0.2522193020369209,0.0257034071197128,0.0006684223726233784,0.005654319196613633,0.005280335235974876,-0.0010088037538203976,0.005454882665473899,0.2584322966593554
223,2011-11-14,0.2639974126804358,0.2640864857444994,0.2633530012578446,0.2626443100435193,0.0238923860747755,0.00701759748261771,0.005654189085143979,0.00495018881903192,0.010425008006598402,-0.0018110210449372999,0.2640864857444994
224,2011-11-15,0.2609898810458812,0.2577670692423967,0.2580727740292772,0.2589451279704491,0.0273616914500169,-0.0030075316345545833,-0.006319416502102715,-0.0052802272285674134,-0.003699182073070184,0.0034693053752413994,0.2577670692423967
225,2011-11-16,0.2603215553174256,0.2584322966593554,0.2603829106184204,0.2602903197021024,0.0263579930395697,-0.0006683257284555988,0.0006652274169587358,0.002310136589143197,0.0013451917316533168,-0.0010036984104471978,0.2584322966593554
226,2011-11-17,0.2596532035768615,0.2617583198966134,0.260382906891333,0.2582725615889268,0.0217977111312335,-0.0006683517405641215,0.0033260232372580023,-3.727087416471875e-09,-0.002017758113175616,-0.004560281908336201,0.2617583198966134
227,2011-11-18,0.2596531851122275,0.2577670692423967,0.2577427576942014,0.2586088355964615,0.0169974143856165,-1.8464633988468648e-08,-0.003991250654216738,-0.0026401491971315694,0.00033627400753466485,-0.004800296745617001,0.2577670692423967
228,2011-11-21,0.2556431043614305,0.2511150227678808,0.2527925196396145,0.2528918722129625,0.0156227839539171,-0.004010080750797007,-0.006652046474515894,-0.004950238054586886,-0.005716963383498974,-0.0013746304316994001,0.2511150227678808
229,2011-11-22,0.2526354945064963,0.2580996341590749,0.2570826874194909,0.2535644128967214,0.0264234516315554,-0.003007609854934201,0.006984611391194107,0.004290167779876397,0.0006725406837588821,0.0108006676776383,0.2580996341590749
230,2011-11-24,0.255643055454335,0.2521127825736504,0.2544425526830726,0.2542369931079086,0.0202485244542389,0.0030075609478387166,-0.005986851585424502,-0.0026401347364183314,0.0006725802111872126,-0.0061749271773164985,0.2521127825736504
231,2011-11-25,0.2533039249675028,0.2517802664487733,0.2534525909050741,0.2535644955736245,0.0138335824396417,-0.0023391304868322083,-0.00033251612487705806,-0.0009899617779984826,-0.0006724975342841111,-0.0064149420145972,0.2517802664487733
232,2011-11-28,0.2556431420984068,0.2620909498690265,0.2610429667781165,0.2569274187386614,0.0267725641221457,0.002339217130903959,0.010310683420253153,0.007590375873042399,0.0033629231650368907,0.012938981682503998,0.2620909498690265
233,2011-11-29,0.2666708492878623,0.2664147491759878,0.2646731111759071,0.2656709859346952,0.0203576221075484,0.011027707189455505,0.004323799306961307,0.00363014439779058,0.008743567196033808,-0.006414942014597299,0.2664147491759878
234,2011-11-30,0.2673392250763765,0.2677451877459716,0.2686333352829631,0.2673524756676799,0.0510577017488353,0.0006683757885141972,0.0013304385699838273,0.003960224107056043,0.001681489732984709,0.030700079641286904,0.2677451877459716
235,2011-12-01,0.2763618797930852,0.277723224929878,0.2765536843005927,0.2764323269268463,0.0324892811555623,0.009022654716708711,0.009978037183906385,0.007920349017629558,0.009079851259166383,-0.018568420593273002,0.277723224929878
236,2011-12-02,0.280706119128259,0.2770579975129192,0.278863776376846,0.279458935964369,0.0232159806242567,0.004344239335173805,-0.0006652274169587913,0.002310092076253323,0.0030266090375227206,-0.009273300531305602,0.2770579975129192
237,2011-12-05,0.2773643796148273,0.2770579975129192,0.2782037437700369,0.2781137665975128,0.0192884651051155,-0.0033417395134316963,0.0,-0.00066003260680908,-0.0013451693668561915,-0.003927515519141198,0.2770579975129192
238,2011-12-06,0.2800377472348099,0.2743971529008189,0.2772136711109984,0.2774411581457712,0.031725597582396,0.002673367619982603,-0.0026608446121003104,-0.000990072659038499,-0.0006726084517416075,0.0124371324772805,0.2743971529008189
239,2011-12-07,0.2780326980428641,0.2810491993753348,0.280513828156191,0.277777444808209,0.0499885447464025,-0.0020050491919457736,0.006652046474515894,0.0033001570451925977,0.00033628666243779026,0.018262947164006497,0.2810491993753348
240,2011-12-08,0.2873895640578606,0.283377414015022,0.2848040360476256,0.2848395796370743,0.0299800351294443,0.009356866014996468,0.0023282146396871872,0.004290207891434583,0.007062134828865307,-0.020008509616958197,0.283377414015022
241,2011-12-09,0.2783668924921202,0.2797188095971521,0.2834839954827575,0.2801315116141553,0.0277980820632548,-0.009022671565740381,-0.0036586044178698596,-0.001320040564868119,-0.00470806802291901,-0.002181953066189502,0.2797188095971521
242,2011-12-12,0.2860529696333764,0.2893643631840488,0.2890943497813887,0.2848396804300381,0.0388824036394977,0.007686077141256187,0.009645553586896671,0.005610354298631215,0.004708168815882818,0.011084321576242902,0.2893643631840488
243,2011-12-13,0.287389558836952,0.2837100114595677,0.2867841284232147,0.2858484513496067,0.034213024077852,0.0013365892035756,-0.005654351724481088,-0.0023102213581739917,0.0010087709195685801,-0.0046693795616457034,0.2837100114595677
244,2011-12-14,0.2847162859284883,0.2803841020698457,0.282494034478803,0.2821493533664849,0.023150522032271,-0.0026732729084636975,-0.0033259093897219927,-0.00429009394441171,-0.0036990979831217907,-0.011062502045580996,0.2803841020698457
245,2011-12-15,0.278032757853785,0.2730667956505037,0.2765536924279041,0.2760960426721842,0.0327947545848288,-0.006683528074703293,-0.007317306419342029,-0.0059403420508988836,-0.0060533106943007065,0.009644232552557797,0.2730667956505037
246,2011-12-16,0.2760277086468627,0.2733993930950493,0.2732535238067512,0.2744145755309143,0.0159937159751693,-0.0020050492069222936,0.0003325974445456126,-0.003300168621152899,-0.0016814671412698767,-0.016801038609659497,0.2733993930950493
247,2011-12-19,0.2756935596314165,0.2687429800796087,0.2732535485517577,0.2686976295397899,0.0241324009120563,-0.0003341490154462057,-0.004656413015440619,2.474500648830258e-08,-0.005716945991124434,0.008138684936886999,0.2687429800796087
248,2011-12-20,0.2673391782139018,0.2707385647468828,0.268633288193641,0.2690338906192528,0.0165392042417167,-0.008354381417514711,0.0019955846672741195,-0.00462026035811669,0.0003362610794629406,-0.0075931966703396,0.2707385647468828
249,2011-12-21,0.2763618535806206,0.2710711459274947,0.2732534950858076,0.2727330850047988,0.0211867642727004,0.009022675366718802,0.0003325811806119128,0.004620206892166578,0.0036991943855460008,0.0046475600309837,0.2710711459274947
250,2011-12-22,0.2726859358605658,0.2650842943420702,0.2692932952476071,0.2660072340669537,0.0330565889527716,-0.003675917720054822,-0.005986851585424502,-0.003960199838200507,-0.0067258509378451126,0.011869824680071202,0.2650842943420702
251,2011-12-26,0.2713492580717446,0.2670799278011454,0.2679732478263862,0.2690338828705742,0.0141172363382463,-0.0013366777888211834,0.001995633459075219,-0.0013200474212208824,0.003026648803620524,-0.018939352614525302,0.2670799278011454
252,2011-12-27,0.2683416924034617,0.2670799278011454,0.2666531825661577,0.2673524211026331,0.0114552535974951,-0.003007565668282919,0.0,-0.0013200652602284868,-0.0016814617679411503,-0.0026619827407512,0.2670799278011454
253,2011-12-28,0.2683417277634747,0.2617583198966134,0.2650031359109511,0.263989532353265,0.0304164257426822,3.536001302872904e-08,-0.005321607904532011,-0.0016500466552066273,-0.003362888749368076,0.0189611721451871,0.2617583198966134
254,2011-12-29,0.2626607376418517,0.2627560959663167,0.2623629730792675,0.2626443307640482,0.0197684947796772,-0.005680990121622986,0.0009977760697033045,-0.0026401628316836123,-0.0013452015892168045,-0.010647930963005002,0.2627560959663167
255,2011-12-30,0.2643315866205376,0.2640864857444994,0.2626929686732385,0.2653346486867308,0.0160373550364931,0.0016708489786858571,0.0013303897781826723,0.00032999559397101086,0.0026903179226825946,-0.003731139743184099,0.2640864857444994
256,2012-01-04,0.2673392093395554,0.2687429800796087,0.2702834012848907,0.2663435827227955,0.0328602131768145,0.003007622719017833,0.004656494335109285,0.007590432611652209,0.0010089340360647236,0.0168228581403214,0.2687429800796087
257,2012-01-05,0.2710151306974248,0.272401617025346,0.2722635067255536,0.2727331456442026,0.0231723415629329,0.0036759213578693717,0.0036586369457373147,0.001980105440662905,0.006389562921407077,-0.009687871613881599,0.272401617025346
258,2012-01-06,0.2706808735364382,0.2694081099129652,0.2679732115835706,0.2670160926356776,0.032751115523505,-0.0003342571609865619,-0.0029935071123807777,-0.0042902951419829805,-0.005717053008524986,0.0095787739605721,0.2694081099129652
259,2012-01-10,0.2733543415496954,0.2687429800796087,0.2735835649147429,0.2703790915519288,0.0394715309673688,0.0026734680132571853,-0.000665129833356537,0.005610353331172269,0.003362998916251192,0.0067204154438638,0.2687429800796087
260,2012-01-11,0.2713492534647048,0.2684103338432618,0.2702833574428434,0.2697064629986025,0.0405188684391398,-0.002005088084990614,-0.0003326462363468785,-0.003300207471899519,-0.0006726285533262821,0.0010473374717709996,0.2684103338432618
261,2012-01-12,0.2703467315922982,0.2684103338432618,0.2692933085144813,0.269370170650724,0.0182847666946683,-0.0010025218724065699,0.0,-0.000990048928362075,-0.0003362923478785196,-0.0222341017444715,0.2684103338432618
262,2012-01-13,0.2673391659750786,0.2684103338432618,0.2679732432766652,0.2690338783028455,0.0310273726012153,-0.0030075656172195986,0.0,-0.0013200652378160815,-0.0003362923478785196,0.012742605906547001,0.2684103338432618
263,2012-01-16,0.2676733543225823,0.2654169243144833,0.2646730944108669,0.2660072614724047,0.0193102846357774,0.0003341883475037055,-0.002993409528778468,-0.0033001488657983247,-0.0030266168304407537,-0.0117170879654379,0.2654169243144833
264,2012-01-17,0.267339197281065,0.2664147491759878,0.2650031275240067,0.2660072783219543,0.0207503736594625,-0.0003341570415173467,0.0009978248615044594,0.0003300331131397827,1.684954958891538e-08,0.001440089023685101,0.2664147491759878
265,2012-01-18,0.2673392272548157,0.2727342307338254,0.2735835832484575,0.267352477846227,0.021906808784543,2.9973750703682356e-08,0.006319481557837625,0.00858045572445082,0.0013451995242727,0.0011564351250804988,0.2727342307338254
266,2012-01-19,0.2740226700001247,0.2730667956505037,0.2732535290337763,0.274078288401742,0.0207721931901244,0.006683442745309021,0.0003325649166782685,-0.0003300542146811858,0.006725810555514966,-0.0011346155944185997,0.2730667956505037
267,2012-01-20,0.2776985521863548,0.2750623803177777,0.2745735630682985,0.2740782571351171,0.0226486728270474,0.003675882186230106,0.0019955846672740085,0.0013200340345221884,-3.126662490027243e-08,0.0018764796369230008,0.2750623803177777
268,2012-01-23,0.2760277308859886,0.2740646205120081,0.2725935131029876,0.273742012841935,0.0159064378525217,-0.001670821300366221,-0.0009977598057696047,-0.001980049965310926,-0.00033624429318207527,-0.0067422349745256994,0.2740646205120081
269,2012-01-24,0.2787011134109043,0.276725432596241,0.2785337980413384,0.2787863892832695,0.0246778891786037,0.002673382524915724,0.002660812084232911,0.005940284938350804,0.005044376441334486,0.008771451326081998,0.276725432596241
270,2012-01-25,0.2830453881730677,0.2800514720974327,0.2795238597297467,0.2801315715042156,0.0189175330838633,0.004344274762163369,0.003326039501191702,0.0009900616884083169,0.001345182220946095,-0.005760356094740401,0.2800514720974327
271,2012-01-26,0.2820429149438995,0.2790537122916631,0.2818340230436834,0.280804204902256,0.028583585167083,-0.0010024732291681882,-0.0009977598057696047,0.002310163313936686,0.000672633398040412,0.0096660520832197,0.2790537122916631
272,2012-01-27,0.2800378353332682,0.2853731287937658,0.2834840695211349,0.2818130468704534,0.0272525937967074,-0.0020050796106312885,0.006319416502102715,0.0016500464774515389,0.0010088419681973937,-0.0013309913703755984,0.2853731287937658
273,2012-01-30,0.2837136475033917,0.2857056286547092,0.2861240975488475,0.2851758683948955,0.046541058901823,0.0036758121701234714,0.00033249986094341377,0.002640028027712571,0.0033628215244421167,0.0192884651051156,0.2857056286547092
274,2012-01-31,0.2870553996118159,0.2743971529008189,0.2834839803385091,0.2774411581457712,0.0340602873632188,0.003341752108424245,-0.011308475753890324,-0.0026401172103384107,-0.00773471024912431,-0.012480771538604205,0.2743971529008189
275,2012-02-01,0.2766960819448643,0.2800514720974327,0.2791938433664294,0.2771049398793201,0.0254852118130939,-0.01035931766695164,0.0056543191966137996,-0.0042901369720796945,-0.00033621826645108266,-0.008575075550124898,0.2800514720974327
276,2012-02-02,0.2790353415980811,0.2753950753459257,0.2778738193092649,0.278113858519483,0.0214267791099813,0.0023392596532167964,-0.004656396751506975,-0.0013200240571644706,0.0010089186401628925,-0.0040584327031126,0.2753950753459257
277,2012-02-03,0.2766961133141494,0.2780558874301586,0.2785338422174249,0.2784501410585256,0.0183720448173159,-0.0023392282839316825,0.0026608120842328553,0.000660022908159974,0.0003362825390426094,-0.0030547342926653988,0.2780558874301586
278,2012-02-06,0.2870554773394555,0.2820470892925741,0.2844741061925726,0.2831582041374914,0.0281908336151689,0.010359364025306128,0.003991201862415528,0.005940263975147686,0.004708063078965763,0.009818788797853,0.2820470892925741
279,2012-02-07,0.2840479112206486,0.2820470892925741,0.2831540407346024,0.2808041573097451,0.0166483018950262,-0.003007566118806926,0.0,-0.0013200654579701987,-0.002354046827746259,-0.0115425317201427,0.2820470892925741
280,2012-02-08,0.2800378455428881,0.271403824691709,0.2765537356457057,0.2734057463707847,0.0472829229443274,-0.0040100656777605215,-0.010643264600865121,-0.006600305088896696,-0.007398410938960431,0.0306346210493012,0.271403824691709
281,2012-02-09,0.2720177221764062,0.2680778502462522,0.2692934281014492,0.267352535288515,0.0491157635199266,-0.00802012336648189,-0.003325974445456792,-0.007260307544256495,-0.006053211082269694,0.0018328405755992025,0.2680778502462522
282,2012-02-10,0.2696784058555617,0.2690755612602206,0.2669832163048534,0.2683613156769727,0.0260307000796412,-0.002339316320844498,0.0009977110139683942,-0.002310211796595796,0.0010087803884576974,-0.0230850634402854,0.2690755612602206
283,2012-02-13,0.2706809055497671,0.2684103338432618,0.2683032595861192,0.269370170650724,0.018153849510697,0.0010024996942054054,-0.0006652274169587913,0.001320043281265837,0.0010088549737513053,-0.007876850568944199,0.2684103338432618
284,2012-02-14,0.2676733712776663,0.2664147491759878,0.2663231929164052,0.2660072783219543,0.0315292218064389,-0.0030075342721007647,-0.0019955846672740085,-0.001980066669714009,-0.0033628923287696844,0.013375372295741896,0.2664147491759878
285,2012-02-15,0.2676734588001245,0.2680778502462522,0.2679733622774224,0.2683614127801698,0.0406279660924493,8.752245816978643e-08,0.0016631010702644056,0.0016501693610171952,0.0023541344582154733,0.009098744286010402,0.2680778502462522
286,2012-02-16,0.2686758792864547,0.270405967302337,0.2712734240217164,0.2703790652866789,0.0313110264998199,0.0010024204863302022,0.002328117056084822,0.0033000617442939806,0.0020176525065090933,-0.0093169395926294,0.270405967302337
287,2012-02-17,0.2740226028380004,0.2773905624295975,0.2772136571624875,0.273741928930003,0.0327074764621813,0.005346723551545696,0.006984595127260462,0.005940233140771134,0.00336286364332411,0.0013964499623614,0.2773905624295975
288,2012-02-20,0.2837137097411248,0.2817144593201611,0.2824939806573762,0.2838307614677641,0.0234996345228614,0.009691106903124413,0.004323896890563617,0.005280323494888661,0.010088832537761105,-0.009207841939319901,0.2817144593201611
289,2012-02-21,0.282377004822064,0.2760602051792822,0.2808438900478351,0.2784500746546841,0.0303291476200346,-0.0013367049190607938,-0.005654254140878889,-0.0016500906095410772,-0.005380686813080016,0.006829513097173202,0.2760602051792822
290,2012-02-22,0.2756934856974096,0.2807166019307892,0.279853800761764,0.276095988351253,0.0353912787335944,-0.0066835191246544245,0.004656396751506975,-0.000990089286071083,-0.002354086303431091,0.005062131113559798,0.2807166019307892
291,2012-02-23,0.2807060809560005,0.2773905624295975,0.2772136571624875,0.2777774364817967,0.0323801835022528,0.005012595258590935,-0.003326039501191702,-0.002640143599276501,0.0016814481305437168,-0.003011095231341597,0.2773905624295975
292,2012-02-24,0.2787011807810866,0.2827123492374004,0.281173996796394,0.2797953340806061,0.0327074764621813,-0.0020049001749139483,0.005321786807802931,0.003960339633906462,0.0020178975988093817,0.00032729295992849766,0.2827123492374004
293,2012-02-27,0.2873896503292069,0.2800514720974327,0.2844741051795061,0.2828219107263449,0.0336238967499809,0.008688469548120303,-0.00266087713996771,0.0033001083831121214,0.003026576645738799,0.0009164202877995978,0.2800514720974327
294,2012-02-28,0.2813744829114532,0.2760602051792822,0.2788637921156529,0.2767686128512138,0.0416534840335584,-0.006015167417753653,-0.003991266918150493,-0.005610313063853234,-0.006053297875131092,0.0080295872835775,0.2760602051792822
295,2012-02-29,0.2790352233746411,0.2787209847356476,0.2782037178506039,0.279795202238376,0.0414352887269394,-0.0023392595368121327,0.0026607795563654,-0.0006600742650489932,0.003026589387162215,-0.00021819530661899844,0.2787209847356476
296,2012-03-01,0.2780327484652897,0.2757276077347365,0.2778737484024289,0.2777774951843434,0.0425044457293723,-0.001002474909351403,-0.002993377000911124,-0.00032996944817498264,-0.0020177070540325914,0.0010691570024329022,0.2757276077347365
297,2012-03-02,0.2797035592383005,0.2773905624295975,0.2768836409039607,0.2777774364817967,0.0335147990966714,0.001670810773010789,0.0016629546948609963,-0.0009901074984681735,-5.870254671247466e-08,-0.008989646632700903,0.2773905624295975
298,2012-03-05,0.2776985744887689,0.2757276077347365,0.2755636341045465,0.276096033349087,0.0298054788841492,-0.002004984749531591,-0.0016629546948609963,-0.0013200067994142417,-0.0016814031327097023,-0.0037093202125221963,0.2757276077347365
299,2012-03-06,0.2770302742428027,0.2727342307338254,0.2765537307143636,0.2737420339205395,0.0360458646534513,-0.0006683002459662024,-0.0029933770009110683,0.000990096609817137,-0.0023539994285475263,0.006240385769302095,0.2727342307338254
300,2012-03-07,0.2736885128276328,0.2740646205120081,0.2719334803836099,0.2734057204428664,0.0266852859994981,-0.003341761415169897,0.0013303897781826723,-0.004620250330753695,-0.00033631347767310027,-0.009360578653953198,0.2740646205120081
301,2012-03-08,0.277364417423322,0.276725432596241,0.2782037816929482,0.2784500968957143,0.0276671648792834,0.0036759045956892278,0.002660812084232911,0.006270301309338255,0.005044376452847943,0.0009818788797853022,0.276725432596241
302,2012-03-09,0.2810403759628016,0.2780558874301586,0.2785338422174249,0.2801316032629853,0.0297836593534873,0.003675958539479607,0.0013304548339175826,0.0003300605244767052,0.0016815063672709907,0.0021164944742038984,0.2780558874301586
303,2012-03-12,0.2810403441010035,0.2800514720974327,0.2798538760930639,0.2804678639069817,0.0281253750231832,-3.1861798144294795e-08,0.0019955846672741195,0.001320033875639004,0.0003362606439963889,-0.0016582843303040995,0.2800514720974327
304,2012-03-13,0.2817087195278352,0.2803841020698457,0.2818340016879647,0.2814767684955279,0.0302855085587109,0.0006683754268317355,0.0003326299724130122,0.0019801255949007945,0.001008904588546189,0.0021601335355277,0.2803841020698457
305,2012-03-14,0.285718753626221,0.2817144593201611,0.2824939806573762,0.284839638581986,0.0306128015186393,0.004010034098385795,0.0013303572503153838,0.000659978969411501,0.0033628700864581362,0.0003272929599284005,0.2817144593201611
306,2012-03-15,0.2833794735958493,0.2857056286547092,0.2851340487684016,0.28483957609726,0.0303727866813584,-0.0023392800303717043,0.003991169334548128,0.0026400681110254065,-6.248472600445254e-08,-0.00024001483728090106,0.2857056286547092
307,2012-03-16,0.2867213176932675,0.2893643631840488,0.2871142514952148,0.2875300197965555,0.0229323267256521,0.0033418440974181673,0.003658734529339569,0.001980202726813207,0.002690443699295497,-0.007440459955706299,0.2893643631840488
308,2012-03-19,0.2907312701859644,0.2896968305171248,0.2900842633601901,0.2919016848535303,0.0220377259685144,0.004009952492696922,0.00033246733307601417,0.0029700118649753082,0.004371665056974783,-0.0008946007571376986,0.2896968305171248
309,2012-03-21,0.2830453067816176,0.2810491993753348,0.2815038769614482,0.2834944140112835,0.0371804802478698,-0.007685963404346796,-0.008647631141790013,-0.008580386398741924,-0.008407270842246795,0.015142754279355401,0.2810491993753348
310,2012-03-22,0.2830453435262375,0.2870360834886268,0.2851340929298366,0.2845033278633669,0.0280817359618594,3.6744619902329134e-08,0.0059868841132920125,0.003630215968388417,0.001008913852083404,-0.009098744286010402,0.2870360834886268
311,2012-03-23,0.2897288821407441,0.2853731287937658,0.2871142496896244,0.2882026028257501,0.0351949029576373,0.006683538614506601,-0.0016629546948609963,0.001980156759787799,0.0036992749623832033,0.007113166995777902,0.2853731287937658
312,2012-03-26,0.2860528648561876,0.2857056286547092,0.284804032508253,0.2821492377161761,0.0257470461810366,-0.003676017284556521,0.00033249986094341377,-0.002310217181371421,-0.006053365109573994,-0.009447856776600701,0.2857056286547092
313,2012-03-27,0.2907314166703488,0.2886991682949575,0.2884343275531743,0.2902203697621442,0.0215358767632908,0.004678551814161214,0.0029935396402482883,0.0036302950449212945,0.008071132045968099,-0.0042111694177458005,0.2886991682949575
314,2012-03-28,0.2919279176328992,0.2868431607068565,0.2886307150118013,0.2879779978998274,0.0223431993977809,0.0011965009625504175,-0.0018560075881010052,0.00019638745862704532,-0.0022423718623167943,0.0008073226344900986,0.2868431607068565
315,2012-03-29,0.2861638736325862,0.2811062207269523,0.2826035463403715,0.2821774161444988,0.0284526679831116,-0.005764044000312996,-0.00573693997990421,-0.006027168671429828,-0.005800581755328604,0.0061094685853307,0.2811062207269523
316,2012-03-30,0.2820951769404199,0.2784065053132645,0.2789203089207892,0.2801301638388911,0.0316601389904103,-0.004068696692166307,-0.0026997154136877977,-0.003683237419582319,-0.002047252305607705,0.0032074710072986998,0.2784065053132645
317,2012-04-02,0.2827733218498157,0.2760442990521054,0.2792551783381552,0.278765370711306,0.0412389129509824,0.0006781449093957725,-0.002362206261159072,0.00033486941736604603,-0.0013647931275850844,0.0095787739605721,0.2760442990521054
318,2012-04-03,0.2753140948315263,0.27266969544483,0.2732281092768697,0.2743297128218017,0.039013320823469,-0.007459227018289383,-0.003374603607275428,-0.006027069061285528,-0.004435657889504341,-0.002225592127513401,0.27266969544483
319,2012-04-04,0.2763311847837958,0.2723321537644338,0.2742325446458948,0.2743296330549608,0.0287581414123782,0.001017089952269512,-0.0003375416803961806,0.001004435369025114,-7.976684091026698e-08,-0.0102551794110908,0.2723321537644338
320,2012-04-05,0.2712454665400105,0.271994823515176,0.2702146166657622,0.2695528798578649,0.0299582155987824,-0.005085718243785287,-0.00033733024925780564,-0.004017927980132618,-0.004776753197095862,0.0012000741864042,0.271994823515176
321,2012-04-06,0.273279678924699,0.2689575338932247,0.2698796512170349,0.2702351650304218,0.0155355058312695,0.002034212384688483,-0.0030372896219513223,-0.00033496544872729794,0.0006822851725568624,-0.0144227097675129,0.2689575338932247
322,2012-04-09,0.2671767391885054,0.2638956772741126,0.2638526416205536,0.2668231851481939,0.0138117629089798,-0.0061029397361936355,-0.005061856619112071,-0.006027009596481281,-0.0034119798822278558,-0.0017237429222896998,0.2638956772741126
323,2012-04-10,0.267515751158666,0.2605210086111023,0.2645222740718454,0.2623874616531579,0.0235432735841852,0.0003390119701606187,-0.0033746686630103384,0.0006696324512918128,-0.004435723495036015,0.0097315106752054,0.2605210086111023
324,2012-04-11,0.2566658648816071,0.2507345280385338,0.2534725390710572,0.2494215620356547,0.0878017913834673,-0.010849886277058907,-0.009786480572568479,-0.011049735000788208,-0.012965899617503218,0.0642585177992821,0.2507345280385338
325,2012-04-12,0.2549706643662733,0.2611959455964912,0.2598345495988917,0.2565869704789389,0.0376168708611077,-0.0016952005153337835,0.010461417557957375,0.006362010527834472,0.007165408443284227,-0.0501849205223596,0.2611959455964912
326,2012-04-13,0.2624298261348575,0.2564713866987695,0.2611738169697463,0.2586341218039926,0.0221686431524857,0.007459161768584188,-0.004724558897721665,0.0013392673708546021,0.0020471513250536755,-0.015448227708622003,0.2564713866987695
327,2012-04-16,0.2553096734924489,0.2557964985051819,0.2554816035760216,0.2569281286465512,0.0198994119636486,-0.007120152642408617,-0.0006748881935876305,-0.0056922133937246655,-0.00170599315744141,-0.0022692311888370988,0.2557964985051819
328,2012-04-17,0.2573440974933825,0.2554591194641229,0.2544771717896089,0.2569282124839505,0.016277369873774,0.002034424000933621,-0.00033737904105896055,-0.0010044317864127406,8.383739930062362e-08,-0.0036220420898745997,0.2554591194641229
329,2012-04-18,0.2600564386543827,0.2632206427051215,0.2618435023644542,0.2606813664978932,0.0282126531458308,0.00271234116100022,0.007761523240998602,0.0073663305748453145,0.0037531540139427166,0.011935283272056799,0.2632206427051215
330,2012-04-19,0.2620908714015022,0.2561340239216442,0.2591648883605034,0.2586342223497554,0.0210340275580672,0.002034432747119508,-0.0070866187834773275,-0.0026786140039508077,-0.0020471441481377806,-0.007178625587763599,0.2561340239216442
331,2012-04-20,0.2576830701915819,0.2557964985051819,0.2548119270266742,0.2572693346606901,0.0180883909187113,-0.004407801209920348,-0.00033752541646231426,-0.004352961333829175,-0.0013648876890653416,-0.0029456366393558996,0.2557964985051819
332,2012-04-23,0.2563269036873641,0.2514095463435912,0.254477148498712,0.2531749219319957,0.0305255233959917,-0.0013561665042177706,-0.004386952161590685,-0.0003347785279622095,-0.004094412728694374,0.0124371324772804,0.2514095463435912
333,2012-04-24,0.2498847869302551,0.2524218948979064,0.2521332411895335,0.2504452346018521,0.0140735972769225,-0.006442116757109012,0.001012348554315201,-0.0023439073091784945,-0.0027296873301436153,-0.016451926119069198,0.2524218948979064
334,2012-04-25,0.255309696491002,0.2493847353874247,0.2534725967610448,0.2504452369382708,0.0324456420942385,0.005424909560746899,-0.003037159510481696,0.0013393555715112693,2.33641872515733e-09,0.018372044817316004,0.2493847353874247
335,2012-04-26,0.2522582376906666,0.2490473238184984,0.2497894264199544,0.2518101125425449,0.0180883909187113,-0.003051458800335416,-0.00033741156892630464,-0.003683170341090364,0.0013648756042740628,-0.014357251175527202,0.2490473238184984
336,2012-04-27,0.2505629538352186,0.2490473238184984,0.2511287799128228,0.2504452880843197,0.0255943094664033,-0.001695283855447982,0.0,0.0013393534928683726,-0.0013648244582251667,0.007505918547692,0.2490473238184984
337,2012-05-01,0.2515800461091357,0.2429729234778666,0.2501241872054227,0.244303502240116,0.0350203467123422,0.0010170922739171084,-0.006074400340631808,-0.0010045927074001093,-0.006141785844203718,0.0094260372459389,0.2429729234778666
338,2012-05-02,0.2492066315038062,0.2541091641736767,0.2544770663835737,0.2487391624431514,0.0521268587512682,-0.002373414605329499,0.011136240695810096,0.004352879178151026,0.004435660203035402,0.017106512038926,0.2541091641736767
339,2012-05-07,0.2515801091746351,0.2514095463435912,0.2504590882592586,0.2521513036492518,0.045275526123433,0.0023734776708288774,-0.002699617830085488,-0.004017978124315091,0.003412141206100422,-0.006851332627835195,0.2514095463435912
340,2012-05-08,0.2542925674341111,0.2584962627106708,0.2591648897784166,0.2541985444653696,0.0437699785077623,0.002712458259476025,0.007086716367079582,0.008705801519158007,0.00204724081611779,-0.0015055476156707048,0.2584962627106708
341,2012-05-09,0.2600565301407277,0.2510720859828637,0.259164887630583,0.2524925118730658,0.0499449056850787,0.00576396270661661,-0.007424176727807097,-2.147833633170393e-09,-0.0017060325923037856,0.006174927177316401,0.2510720859828637
342,2012-05-10,0.2492066413325493,0.2497221632202849,0.2487848260265741,0.2490803782510617,0.0473265620056512,-0.010849888808178415,-0.0013499227625787813,-0.010380061604008894,-0.0034121336220041265,-0.0026183436794275025,0.2497221632202849
343,2012-05-11,0.2515800379166689,0.2497221632202849,0.2507938555772598,0.2507864082390826,0.0290636148416447,0.002373396584119586,0.0,0.0020090295506857148,0.0017060299880209129,-0.018262947164006497,0.2497221632202849
344,2012-05-14,0.2505629295806579,0.2476974498477208,0.2507939172626854,0.2480568212704569,0.0302418694973871,-0.0010171083360109856,-0.002024713372564102,6.168542560081036e-08,-0.0027295869686257135,0.0011782546557424015,0.2476974498477208
345,2012-05-15,0.2478504490503618,0.2493847353874247,0.2487848604933372,0.2483980006690206,0.0413480106042919,-0.002712480530296102,0.0016872855397039033,-0.0020090567693482053,0.0003411793985637068,0.011106141106904797,0.2493847353874247
346,2012-05-16,0.2512410291090293,0.2446602740733054,0.249789388372696,0.2443035408106377,0.0393842528447213,0.0033905800586674917,-0.004724461314119299,0.0010045278793587853,-0.004094459858382887,-0.0019637577595705974,0.2446602740733054
347,2012-05-17,0.2447989700436796,0.2520844670650463,0.2507939223990563,0.2460095898196778,0.0310055530705534,-0.006442059065349698,0.00742419299174088,0.0010045340263603042,0.0017060490090400893,-0.0083786997741679,0.2520844670650463
348,2012-05-18,0.248189477398981,0.2460100829883482,0.2467758024725902,0.2470331482683918,0.030874635886582,0.0033905073553014142,-0.0060743840766980806,-0.004018119926466085,0.0010235584487139904,-0.00013091718397140184,0.2460100829883482
349,2012-05-21,0.2475114316607986,0.2456726876833555,0.2474455465758118,0.2463508035277118,0.0214704181713051,-0.0006780457381824201,-0.0003373953049926881,0.0006697441032215978,-0.000682344740679991,-0.0094042177152769,0.2456726876833555
350,2012-05-22,0.2471723442718991,0.2453351947947605,0.2464410009591947,0.2456683608827699,0.0234778149921995,-0.00033908738889948387,-0.00033749288859499793,-0.001004545616617114,-0.0006824426449419108,0.002007396820894399,0.2453351947947605
351,2012-05-23,0.2464942962305693,0.2402733219117148,0.2444320358990556,0.2425975707241028,0.0247215282399275,-0.0006780480413298151,-0.005061872883045715,-0.0020089650601390896,-0.003070790158667097,0.0012437132477280018,0.2402733219117148
352,2012-05-24,0.2407302287375407,0.2409481450495676,0.2400790350735664,0.2398678200790648,0.0241542204427182,-0.005764067493028574,0.0006748231378528036,-0.0043530008254892005,-0.0027297506450379982,-0.0005673077972093016,0.2409481450495676
353,2012-05-25,0.243781765578547,0.2392608595098636,0.2407487381655621,0.2408914646682796,0.0217977111312335,0.003051536841006286,-0.0016872855397040143,0.0006697030919957103,0.001023644589214806,-0.002356509311484699,0.2392608595098636
354,2012-05-28,0.2393739980799125,0.2416230657710227,0.2404138693029643,0.2408914340456202,0.0152082128713411,-0.004407767498634502,0.0023622062611591,-0.0003348688625978147,-3.062265940823039e-08,-0.0065894982598924,0.2416230657710227
355,2012-05-29,0.2431036354552842,0.2473599406951921,0.2454364574860537,0.2425974781780903,0.0224522970510904,0.003729637375371714,0.005736874924169411,0.005022588183089399,0.0017060441324701081,0.007244084179749298,0.2473599406951921
356,2012-05-30,0.246155129113314,0.2419605261317502,0.243427411591813,0.2408914320329185,0.0348021514057232,0.0030514936580297858,-0.0053994145634418955,-0.0020090458942406964,-0.0017060461451718079,0.012349854354632803,0.2419605261317502
357,2012-05-31,0.2383568401833556,0.2395983036066574,0.2390745283739247,0.2381617981248475,0.0511886189328067,-0.007798288929958402,-0.0023622225250927997,-0.004352883217888293,-0.0027296339080709886,0.016386467527083497,0.2395983036066574
358,2012-06-01,0.2373397275698825,0.2277871747172596,0.235391364278871,0.2286080850084456,0.0447082183262238,-0.0010171126134730923,-0.01181112888939781,-0.0036831640950537037,-0.009553713116401907,-0.006480400606582899,0.2277871747172596
359,2012-06-04,0.2234384158807733,0.2176633151036321,0.22099333001516,0.2193955353248804,0.0331220475447573,-0.013901311689109214,-0.010123859613627495,-0.014398034263711001,-0.009212549683565191,-0.011586170781466495,0.2176633151036321
360,2012-06-05,0.2217430475456847,0.2260997915939533,0.224341628362274,0.2204190697385701,0.0265107297542029,-0.0016953683350885984,0.008436476490321199,0.0033482983471140038,0.0010235344136896862,-0.006611317790554405,0.2260997915939533
361,2012-06-06,0.2268289525204592,0.2250874593035718,0.2250113596824671,0.221442741657719,0.050294018175669,0.005085904974774513,-0.0010123322903815013,0.000669731320193101,0.0010236719191488997,0.023783288421466105,0.2250874593035718
362,2012-06-07,0.2295413932836208,0.2298119206176911,0.2286945683135481,0.2303140864443015,0.0277108039406072,0.0027124407631616,0.004724461314119299,0.0036832086310809864,0.008871344786582525,-0.022583214235061804,0.2298119206176911
363,2012-06-08,0.2312366857176886,0.2257623800250269,0.2303687687286691,0.2262196224832825,0.0375950513304458,0.0016952924340677966,-0.004049540592664186,0.0016742004151210077,-0.004094463961019007,0.009884247389838601,0.2257623800250269
364,2012-06-11,0.23021948835814,0.230149364714485,0.2300339032361754,0.2296316560358721,0.0210994861500529,-0.0010171973595486106,0.004386984689458084,-0.00033486549249370223,0.003412033552589594,-0.0164955651803929,0.230149364714485
365,2012-06-12,0.2278460876171054,0.228124586286186,0.2266855164314998,0.2279256219466585,0.0166046628337024,-0.0023734007410345925,-0.0020247784282989845,-0.003348386804675585,-0.0017060340892136039,-0.0044948233163505,0.228124586286186
366,2012-06-13,0.2285242345453761,0.2227252205145453,0.2266855497336479,0.2228075643659222,0.0359367670001418,0.0006781469282707009,-0.005399365771640713,3.330214809471599e-08,-0.005118057580736302,0.019332104166439396,0.2227252205145453
367,2012-06-14,0.2241164397046803,0.2213753140159002,0.2226674327597532,0.2211014774036637,0.0230850634402853,-0.004407794840695811,-0.0013499064986451093,-0.004018116973894703,-0.0017060869622584907,-0.012851703559856497,0.2213753140159002
368,2012-06-15,0.2230992882242039,0.2210378699191064,0.2216629363493027,0.2221251137166166,0.0222777408057952,-0.0010171514804763748,-0.0003374440967937875,-0.0010044964104505005,0.001023636312952908,-0.000807322634490102,0.2210378699191064
369,2012-06-18,0.2251336563969533,0.2271122214679371,0.227690053731348,0.2258784080987015,0.0266634664688362,0.002034368172749379,0.006074351548830709,0.0060271173820453106,0.003753294382084882,0.004385725663041001,0.2271122214679371
370,2012-06-19,0.229202314329112,0.228124586286186,0.231373252369522,0.2296316520510497,0.0246778891786037,0.004068657932158715,0.001012364818248901,0.0036831986381739845,0.0037532439523482175,-0.0019855772902325,0.228124586286186
371,2012-06-20,0.233271006399079,0.234198921571083,0.2330474556984691,0.2347497543738219,0.0176738198361353,0.004068692069966989,0.006074335284896981,0.0016742033289471048,0.005118102322772183,-0.007004069342468399,0.234198921571083
372,2012-06-21,0.2370007057292544,0.2402733219117148,0.239409459818938,0.2374794785147335,0.0353694592029325,0.0037296993301754178,0.006074400340631808,0.006362004120468889,0.0027297241409116046,0.017695639366797203,0.2402733219117148
373,2012-06-22,0.2380178389620422,0.2358862721665218,0.2363958772461483,0.2378206475147584,0.0260307000796412,0.0010171332327877924,-0.004387049745192995,-0.0030135825727896914,0.00034116900002489903,-0.009338759123291303,0.2358862721665218
374,2012-06-25,0.2400521548416673,0.2345363981957442,0.2374003679529618,0.2357733867653744,0.0243505962186753,0.0020343158796251037,-0.0013498739707775986,0.0010044907068134934,-0.0020472607493839945,-0.0016801038609659015,0.2345363981957442
375,2012-06-26,0.2302195067054335,0.2298119206176911,0.2300339215686787,0.2299728803903099,0.0277326234712691,-0.009832648136233801,-0.00472447757805311,-0.007366446384283104,-0.005800506375064518,0.0033820272525938028,0.2298119206176911
376,2012-06-27,0.2322539322410004,0.2318367803656587,0.2303688444604954,0.2306553771815253,0.019201186982468,0.0020344255355669028,0.0020248597479675945,0.0003349228918167191,0.0006824967912154034,-0.0085314364888011,0.2318367803656587
377,2012-06-28,0.2359835168732843,0.235548828069728,0.2367307340726892,0.2367970477114483,0.0307873577639344,0.0037295846322839,0.003712047704069299,0.006361889612193777,0.00614167052992301,0.011586170781466398,0.235548828069728
378,2012-06-29,0.240052123541701,0.2395983036066574,0.2390745283739247,0.2357733560233089,0.0358713084081561,0.0040686066684166855,0.004049475536929414,0.002343794301235519,-0.0010236916881393998,0.005083950644221697,0.2395983036066574
379,2012-07-02,0.2437817469300607,0.2395983036066574,0.2410835580241257,0.2415738582699026,0.0202921635155627,0.003729623388359693,0.0,0.0020090296502009997,0.005800502246593703,-0.015579144892593398,0.2395983036066574
380,2012-07-03,0.241069297670767,0.2389233828852023,0.2407487238576802,0.2412326563722438,0.0219722673765287,-0.0027124492592936755,-0.0006749207214551134,-0.00033483416644550235,-0.00034120189765879383,0.0016801038609660021,0.2389233828852023
381,2012-07-04,0.2414083791845972,0.2375735577062258,0.2394093953654059,0.240209063024246,0.0245033329333086,0.0003390815138301917,-0.0013498251789764992,-0.0013393284922743054,-0.0010235933479978143,0.002531065556779899,0.2375735577062258
382,2012-07-05,0.2386959153690694,0.2365611603601095,0.2370655171113093,0.2381618165974657,0.0215795158246146,-0.0027124638155278102,-0.0010123973461163005,-0.0023438782540965986,-0.002047246426780308,-0.0029238171086940004,0.2365611603601095
383,2012-07-06,0.2380178267892502,0.235211335181133,0.2357261884844763,0.2347497806631439,0.0307655382332726,-0.000678088579819186,-0.0013498251789764992,-0.001339328626833003,-0.0034120359343217943,0.009186022408658002,0.235211335181133
384,2012-07-09,0.2329319672279131,0.2290020092463716,0.2307036049660827,0.2309965053307183,0.014815461319427,-0.005085859561337114,-0.006209325934761395,-0.005022583518393603,-0.0037532753324255874,-0.0159500769138456,0.2290020092463716
385,2012-07-10,0.2325928467693652,0.2348780221235037,0.2357261152239011,0.2340672957650173,0.0403224926631828,-0.0003391204585478924,0.005876012877132103,0.005022510257818413,0.0030707904342990033,0.0255070313437558,0.2348780221235037
386,2012-07-11,0.2322538827795066,0.226774793635077,0.2293642803042326,0.2286080914208746,0.0239796641974231,-0.0003389639898586094,-0.008103228488426706,-0.006361834919668519,-0.00545920434414271,-0.016342828465759702,0.226774793635077
387,2012-07-12,0.2275070525131531,0.2259311020734238,0.2273552145537252,0.2255372011877631,0.0310055530705534,-0.004746830266353502,-0.0008436915616532037,-0.002009065750507383,-0.003070890233111495,0.007025888873130302,0.2259311020734238
388,2012-07-13,0.2268289053438346,0.222050251001289,0.2256809894103114,0.2238311376186078,0.0250488211998559,-0.0006781471693184937,-0.003880851072134789,-0.00167422514341381,-0.0017060635691553139,-0.0059567318706975,0.222050251001289
389,2012-07-17,0.2278461023375335,0.2230626646113391,0.2263506927740269,0.2248547822859227,0.024612430586618,0.001017196993698899,0.0010124136100501113,0.0006697033637154959,0.0010236446673149158,-0.0004363906132379032,0.2230626646113391
390,2012-07-18,0.2234383828204709,0.221544101120032,0.2226674889629746,0.2238311817697924,0.0188738940225395,-0.004407719517062592,-0.0015185634913071067,-0.003683203811052277,-0.0010236005161303185,-0.005738536564078498,0.221544101120032
391,2012-07-19,0.2258117299684855,0.2286645000938429,0.2283596900589544,0.2272431922128453,0.0184593229399635,0.0023733471480145985,0.007120398973810893,0.0056922010959797875,0.0034120104430529208,-0.0004145710825760006,0.2286645000938429
392,2012-07-20,0.2298804772773225,0.2244462862445828,0.2283597571020779,0.2251960223612606,0.0181756690413589,0.004068747308836995,-0.004218213849260105,6.704312349725683e-08,-0.002047169851584707,-0.00028365389860459875,0.2244462862445828
393,2012-07-23,0.2237774403726494,0.2198230516539282,0.2213281364624598,0.2204191218852842,0.0156664230152409,-0.006103036904673093,-0.004623234590654585,-0.007031620639618097,-0.004776900475976398,-0.002509246026118,0.2198230516539282
394,2012-07-24,0.2183525119309737,0.2180682219974908,0.2176448940980439,0.2173482465453854,0.0199212314943105,-0.005424928441675719,-0.0017548296564374177,-0.0036832423644158896,-0.0030708753398988042,0.004254808479069599,0.2180682219974908
395,2012-07-25,0.2169963533365473,0.2075394554900047,0.2146314168551412,0.208476955054197,0.0308964554172439,-0.0013561585944263932,-0.010528766507486104,-0.0030134772429027123,-0.008871291491188399,0.010975223922933399,0.2075394554900047
396,2012-07-26,0.2115713686182976,0.2125651899123276,0.2122874718866474,0.2108653224428613,0.0199212314943105,-0.0054249847182497035,0.005025734422322903,-0.0023439449684937996,0.0023883673886642975,-0.010975223922933399,0.2125651899123276
397,2012-07-27,0.2176743535174404,0.2191143019503384,0.2186493637697724,0.2180306135263209,0.0142263339915558,0.0061029848991428215,0.0065491120380108125,0.006361891883124998,0.007165291083459591,-0.0056948975027547,0.2191143019503384
398,2012-07-30,0.2230992794509468,0.2194855425013995,0.2223326041510567,0.2200778689910539,0.0104079161257241,0.00542492593350638,0.0003712405510611083,0.003683240381284314,0.002047255464733,-0.0038184178658317008,0.2194855425013995
399,2012-07-31,0.2207259298056971,0.2227252205145453,0.2213281364459989,0.2204191218688908,0.0228668681336664,-0.002373349645249684,0.003239678013145786,-0.0010044677050577988,0.0003412528778369006,0.0124589520079423,0.2227252205145453
400,2012-08-01,0.2203868625376221,0.2112514869301402,0.2176449044016147,0.212912578123996,0.0313328460304818,-0.0003390672680750051,-0.011473733584405094,-0.0036832320443841993,-0.007506543744894789,0.008465977896815403,0.2112514869301402
401,2012-08-02,0.2112323753003593,0.2109917193807865,0.2109481820290073,0.2095005611924343,0.0227577704803569,-0.00915448723726281,-0.0002597675493536955,-0.0066967223726074054,-0.0034120169315617066,-0.008575075550124902,0.2109917193807865
402,2012-08-03,0.2108932747601346,0.2100985041409601,0.2112829765742804,0.2088181056135269,0.0239796641974231,-0.0003391005402246794,-0.0008932152398264115,0.0003347945452731038,-0.0006824555789073927,0.0012218937170661998,0.2100985041409601
403,2012-08-06,0.216996319459759,0.2153010600506719,0.2153010600506719,0.2170070748195184,0.012720786375885,0.006103044699624388,0.0052025559097118035,0.0040180834763914874,0.008188969205991492,-0.0112588778215381,0.2153010600506719
404,2012-08-07,0.2132666189204673,0.2173257571593023,0.2163054977195698,0.2146185553898859,0.0133753722957419,-0.003729700539291697,0.002024697108630402,0.0010044376688979062,-0.002388519429632502,0.0006545859198568999,0.2173257571593023
405,2012-08-08,0.2122494788248843,0.211646619199834,0.2109481156166869,0.208818083199266,0.0572762679874755,-0.0010171400955830134,-0.005679137959468311,-0.005357382102882918,-0.005800472190619882,0.0439008956917336,0.211646619199834
406,2012-08-09,0.214622906524562,0.2115562079922922,0.2142965293287587,0.2122301740085762,0.0411952738896586,0.002373427699677716,-9.041120754180176e-05,0.0033484137120718127,0.003412090809310181,-0.0160809940978169,0.2115562079922922
407,2012-08-10,0.2129276157969857,0.213883690754962,0.2132920072296305,0.2139361972068684,0.0209903884967434,-0.0016952907275763207,0.002327482762669808,-0.0010045220991282133,0.001706023198292217,-0.020204885392915203,0.213883690754962
408,2012-08-13,0.2115714074023219,0.2108334062499695,0.2106133190763762,0.2122301854411302,0.0119352832720568,-0.0013562083946637993,-0.0030502845049925065,-0.0026786881532542828,-0.0017060117657382023,-0.009055105224686598,0.2108334062499695
409,2012-08-14,0.2125885615594506,0.2108465312444804,0.2122874947539358,0.2108653451569579,0.0186993377772444,0.001017154157128719,1.3124994510921306e-05,0.0016741756775595917,-0.0013648402841723029,0.0067640545051876,0.2108465312444804
410,2012-08-15,0.2119104752433888,0.2115889798187352,0.2109481684695256,0.2125714026600983,0.0258125047730223,-0.00067808631606181,0.0007424485742547893,-0.0013393262844101916,0.0017060575031404013,0.007113166995777898,0.2115889798187352
411,2012-08-16,0.2173353243265235,0.2254586185349643,0.2253461568026185,0.2187130530706527,0.0468901713924133,0.005424849083134703,0.013869638716229094,0.014397988333092887,0.0061416504105543945,0.021077666619391,0.2254586185349643
412,2012-08-17,0.2251336794471727,0.22873206047451,0.2270204003461169,0.22485481295678,0.0383805544342741,0.007798355120649192,0.003273441939545707,0.0016742435434984049,0.006141759886127307,-0.008509616958139198,0.22873206047451
413,2012-08-20,0.2285242825078251,0.2240413793507242,0.2256810821079345,0.2262196725547266,0.0216667939472621,0.0033906030606524196,-0.004690681123785789,-0.0013393182381823965,0.001364859597946605,-0.016713760487012,0.2240413793507242
414,2012-08-21,0.2254727624949099,0.2244125711099842,0.2246765581146692,0.2258784575740785,0.0204012611688722,-0.0030515200129151987,0.00037119175925998116,-0.0010045239932653105,-0.00034121498064809686,-0.0012655327783898974,0.2244125711099842
415,2012-08-22,0.2244555215405923,0.2229276576975409,0.2223326194716146,0.2234899443757185,0.0150991152180316,-0.0010172409543175998,-0.001484913412443306,-0.0023439386430545994,-0.002388513198360004,-0.005302145950840602,0.2229276576975409
416,2012-08-23,0.2241164452069301,0.223332597119267,0.2236719529853449,0.2245135427521389,0.0215358767632908,-0.0003390763336622027,0.0004049394217261193,0.0013393335137303064,0.0010235983764203815,0.0064367615452592016,0.223332597119267
417,2012-08-24,0.2203868387265392,0.2189118647673428,0.2213281019479399,0.2187130574234123,0.0330784084834335,-0.003729606480390918,-0.004420732351924195,-0.0023438510374050037,-0.005800485328726596,0.011542531720142697,0.2189118647673428
418,2012-08-27,0.2183525051431949,0.2166508689657146,0.2169752107558553,0.2180306518446773,0.0273835109806788,-0.002034333583344289,-0.002260995801628224,-0.004352891192084596,-0.0006824055787350014,-0.0056948975027547,0.2166508689657146
419,2012-08-28,0.2200478352842021,0.2119264401794627,0.2176449335381105,0.2125714005266035,0.0336457162806428,0.0016953301410072008,-0.0047244287862519,0.0006697227822552165,-0.005459251318073788,0.006262205299964001,0.2119264401794627
420,2012-08-29,0.2139447825790223,0.2142886464406218,0.2142965188146966,0.2142773999006796,0.0246560696479418,-0.006103052705179801,0.0023622062611591,-0.003348414723413906,0.0017059993740760893,-0.008989646632701,0.2142886464406218
421,2012-08-30,0.2139447888223673,0.2132762653584392,0.2119526568253713,0.2139362000929766,0.0121316590480138,6.243345007650447e-09,-0.0010123810821826007,-0.0023438619893253188,-0.00034119980770300207,-0.012524410599928,0.2132762653584392
422,2012-08-31,0.2122494139101958,0.2122637866926542,0.2126222419817553,0.2132536962153192,0.0346275951604281,-0.0016953749121715045,-0.0010124786657849938,0.0006695851563840172,-0.0006825038776573922,0.022495936112414298,0.2122637866926542
423,2012-09-03,0.2139447811385692,0.2092267085018412,0.2112829725963332,0.2108653379729872,0.0241760399733801,0.0016953672283734067,-0.003037078190813003,-0.001339269385422115,-0.002388358242331995,-0.010451555187048,0.2092267085018412
424,2012-09-04,0.2095370439677271,0.2092267085018412,0.2089391044375784,0.2098417198274872,0.0201612463315914,-0.004407737170842113,0.0,-0.002343868158754786,-0.0010236181455000049,-0.004014793641788698,0.2092267085018412
425,2012-09-05,0.2078417819642907,0.2031524057448117,0.2055907426443389,0.2037000320493843,0.031092831193201,-0.001695262003436393,-0.006074302757029498,-0.003348361793239496,-0.0061416877781028945,0.0109315848616096,0.2031524057448117
426,2012-09-06,0.205468356048835,0.2024774524954892,0.2035816841182225,0.2030175914928914,0.0210340275580672,-0.002373425915455696,-0.0006749532493224852,-0.0020090585261164084,-0.0006824405564929137,-0.010058803635133801,0.2024774524954892
427,2012-09-07,0.2078417822837663,0.2109140428333464,0.2092739647397744,0.207794505374805,0.0295436445162064,0.0023734262349312807,0.00843659033785718,0.005692280621551887,0.004776913881913619,0.008509616958139201,0.2109140428333464
428,2012-09-10,0.2119104631767601,0.2109140428333464,0.2116178331448599,0.2115477723027571,0.0197248557183534,0.004068680892993809,0.0,0.0023438684050855196,0.0037532669279520814,-0.009818788797853,0.2109140428333464
429,2012-09-11,0.2091980468885151,0.2075394554900047,0.2075998103747076,0.2091593673457002,0.0188738940225395,-0.0027124162882450065,-0.0033745873433417006,-0.004018022770152313,-0.002388404957056889,-0.0008509616958139003,0.2075394554900047
430,2012-09-12,0.208858956694952,0.2102391221118913,0.2089391305857356,0.2098417460886043,0.0154482277086219,-0.00033909019356309633,0.002699666621886615,0.0013393202110280056,0.0006823787429040828,-0.003425666313917601,0.2102391221118913
431,2012-09-13,0.2108932993068028,0.2099016617511637,0.2096088093979532,0.2098417482025732,0.0155573253619314,0.0020343426118508146,-0.00033746036072759833,0.0006696788122176056,2.113968916583886e-09,0.00010909765330950096,0.2099016617511637
432,2012-09-14,0.2146228854868813,0.2186756473940136,0.2186494061483823,0.215301007512266,0.0334275209740238,0.003729586180078487,0.008773985642849896,0.009040596750429092,0.005459259309692793,0.017870195612092403,0.2186756473940136
433,2012-09-18,0.2200478393049632,0.226774793635077,0.2260158966501562,0.2200779387559165,0.0423298894840772,0.00542495381808189,0.008099146241063393,0.0073664905017739035,0.004776931243650501,0.008902368510053396,0.226774793635077
434,2012-09-19,0.2285242049387134,0.230149364714485,0.2307035798103709,0.2289492439822736,0.0487230119680125,0.008476365633750205,0.003374571079408001,0.004687683160214701,0.008871305226357096,0.006393122483935303,0.230149364714485
435,2012-09-20,0.2271680050305739,0.2257623800250269,0.2280249004421856,0.2251960042820007,0.0393187942527356,-0.0013561999081394827,-0.004386984689458084,-0.002678679368185305,-0.0037532397002728868,-0.0094042177152769,0.2257623800250269
436,2012-09-21,0.2268289175831005,0.228124586286186,0.228024869556649,0.2262195918422674,0.0274926086339882,-0.00033908744747340736,0.0023622062611591,-3.088553660046678e-08,0.0010235875602666866,-0.0118261856187474,0.228124586286186
437,2012-09-24,0.2285242009731087,0.228124586286186,0.2283597078379363,0.2292904460301715,0.0180665713880494,0.0016952833900081843,0.0,0.000334838281287303,0.0030708541879041207,-0.009426037245938799,0.228124586286186
438,2012-09-25,0.2258118056147124,0.2291370324241035,0.2280249281913519,0.225537237795525,0.0232378001549186,-0.002712395358396291,0.0010124461379174832,-0.0003347796465844044,-0.0037532082346465045,0.0051712287668692,0.2291370324241035
439,2012-09-26,0.2267782237437767,0.2246843739702897,0.2246364336902159,0.2254453628431942,0.0197903143103391,0.0009664181290643115,-0.00445265845381379,-0.0033884945011359857,-9.18749523308171e-05,-0.0034474858445795002,0.2246843739702897
440,2012-09-27,0.2236811305390198,0.2236568836936824,0.2229372467271512,0.2247527802333027,0.0124589520079423,-0.003097093204756901,-0.0010274902766073124,-0.0016991869630647027,-0.0006925826098914956,-0.007331362302396801,0.2236568836936824
441,2012-09-28,0.2236811408829864,0.2192043065595372,0.2239567871756049,0.2212897275971377,0.0501194619303738,1.0343966599934973e-08,-0.00445257713414518,0.001019540448453704,-0.003463052636165004,0.0376605099224315,0.2192043065595372
442,2012-10-01,0.2171427484877083,0.2195467924757838,0.2188591157336059,0.2174803376476242,0.0254197532211082,-0.00653839239527812,0.0003424859162465821,-0.005097671441999019,-0.003809389949513492,-0.024699708709265602,0.2195467924757838
443,2012-10-02,0.2209280926475907,0.2229718305415206,0.2225973637041137,0.2219822903881293,0.0267943836528076,0.003785344159882409,0.0034250380657367963,0.003738247970507813,0.004501952740505105,0.0013746304316994001,0.2229718305415206
444,2012-10-03,0.2226487253805804,0.22228682618116,0.2215778427094063,0.2216359930806023,0.0309837335398915,0.0017206327329896964,-0.0006850043603605915,-0.0010195209947073958,-0.0003462973075269993,0.004189349887083898,0.22228682618116
445,2012-10-04,0.2233369675685206,0.2216018055568657,0.2215778354177379,0.2205970671036437,0.0230632439096235,0.0006882421879401968,-0.0006850206242942913,-7.291668407960472e-09,-0.0010389259769585935,-0.007920489630268,0.2216018055568657
446,2012-10-05,0.2233370290796208,0.2243419205819105,0.2253161738383404,0.2247528037381807,0.025659768058389,6.151110021335171e-08,0.002740115025044787,0.003738338420602505,0.0041557366345369995,0.0025965241487655027,0.2243419205819105
447,2012-10-09,0.2240252444778099,0.2195467924757838,0.2229372359025551,0.2209434003490195,0.0267725641221457,0.0006882153981890848,-0.0047951281061267,-0.002378937935785308,-0.00380940338916122,0.001112796063756697,0.2195467924757838
448,2012-10-10,0.2171427203436601,0.2229718305415206,0.2219176770973835,0.2185192281355844,0.0282126531458308,-0.006882524134149776,0.0034250380657367963,-0.0010195588051715998,-0.002424172213435105,0.001440089023685101,0.2229718305415206
449,2012-10-11,0.2216163805981089,0.2274244564674671,0.2273552093873719,0.2230212477482881,0.0448391355101951,0.004473660254448786,0.004452625925946502,0.005437532289988389,0.004502019612703717,0.016626482364364297,0.2274244564674671
450,2012-10-12,0.2291871031875316,0.2329045401421532,0.2317731495025458,0.2299473500457315,0.0452318870621092,0.007570722589422707,0.005480083674686109,0.004417940115173907,0.006926102297443393,0.00039275155191410144,0.2329045401421532
451,2012-10-15,0.235725480555053,0.2373571335402322,0.2368708060060092,0.2368734816349016,0.0428971972812864,0.006538377367521386,0.004452593398078991,0.005097656503463416,0.006926131589170104,-0.002334689780822796,0.2373571335402322
452,2012-10-16,0.2384785263584656,0.241124755105818,0.2392497570101273,0.2382587541202979,0.0368531872879414,0.002753045803412596,0.003767621565585799,0.002378951004118085,0.0013852724853962994,-0.0060440099933449995,0.241124755105818
453,2012-10-17,0.242607972065011,0.2438647562833268,0.2429879817956672,0.2441459087888482,0.039013320823469,0.004129445706545415,0.002740001177508805,0.0037382247855398953,0.005887154668550304,0.002160133535527596,0.2438647562833268
454,2012-10-18,0.2460492612815779,0.240782236661704,0.2436677094433096,0.2427607246071642,0.0338639115872617,0.0034412892165668896,-0.003082519621622787,0.000679727647642403,-0.0013851841816840127,-0.005149409236207297,0.240782236661704
455,2012-10-19,0.2439844829505032,0.2442072747274408,0.2429879935008729,0.2434533080092666,0.0268162031834695,-0.0020647783310746848,0.0034250380657367963,-0.0006797159424366817,0.0006925834021024035,-0.007047708403792201,0.2442072747274408
456,2012-10-22,0.2419197988674853,0.2466048875723054,0.2463864928861453,0.2431070667714545,0.0270125789594265,-0.002064684083017909,0.0023976128448645884,0.0033984993852723966,-0.0003462412378121005,0.00019637577595699868,0.2466048875723054
457,2012-10-23,0.2481139668377261,0.2452347812679818,0.2450270400481964,0.245877438316267,0.0156664230152409,0.006194167970240805,-0.001370106304323604,-0.0013594528379489157,0.0027703715448124944,-0.011346155944185598,0.2452347812679818
458,2012-10-24,0.2446727619177649,0.240782236661704,0.2423083358899299,0.2434533372308651,0.0278853601859024,-0.003441204919961194,-0.004452544606277781,-0.0027187041582664995,-0.002424101085401892,0.012218937170661498,0.240782236661704
459,2012-10-25,0.2419197169684442,0.2418097106743775,0.2419684462705801,0.2431069844704781,0.0202921635155627,-0.0027530449493207154,0.0010274740126735016,-0.00033988961934980355,-0.0003463527603869976,-0.0075931966703397,0.2418097106743775
460,2012-10-26,0.2432962599245524,0.2397547138572293,0.2419684898865353,0.2424144156754447,0.0156227839539171,0.001376542956108201,-0.0020549968171482136,4.361595520863126e-08,-0.0006925687950334047,-0.004669379561645599,0.2397547138572293
461,2012-10-29,0.2412315174938837,0.238042186692394,0.2389099059537742,0.2392976654423597,0.0140735972769225,-0.0020647424306687034,-0.0017125271648353035,-0.003058583932761094,-0.003116750233084997,-0.0015491866769945985,0.238042186692394
462,2012-10-30,0.2391667338608815,0.2332470585862673,0.2368708113685456,0.2351419556597976,0.0286490437590687,-0.002064783633002193,-0.0047951281061267,-0.002039094585228607,-0.004155709782562106,0.014575446482146199,0.2332470585862673
463,2012-10-31,0.2343489921271091,0.2353021041952166,0.2355114434391372,0.2358345736523937,0.0279289992472261,-0.0048177417337723905,0.002055045608949313,-0.0013593679294083838,0.0006926179925960951,-0.0007200445118425991,0.2353021041952166
464,2012-11-01,0.237790268437134,0.2356446389032644,0.2365310016088211,0.2375661332646949,0.018982991675849,0.0034412763100248878,0.0003425347080477925,0.0010195581696838818,0.0017315596123012034,-0.0089460075713771,0.2356446389032644
465,2012-11-02,0.2374461153710797,0.2353021041952166,0.2351716000864112,0.236527186203502,0.0142699730528796,-0.00034415306605428686,-0.0003425347080477925,-0.0013594015224099032,-0.0010389470611928964,-0.004713018622969399,0.2353021041952166
466,2012-11-05,0.2319400908466561,0.2349595694871689,0.2341520421183244,0.2334104019020061,0.0223650189284428,-0.005506024524423614,-0.00034253470804770925,-0.0010195579680867817,-0.003116784301495895,0.008095045875563199,0.2349595694871689
467,2012-11-06,0.2374461416020216,0.2370146638879194,0.2368708430174293,0.2379124375881729,0.0243069571573515,0.005506050755365505,0.0020550944007504957,0.002718800899104895,0.004502035686166805,0.0019419382289087017,0.2370146638879194
468,2012-11-07,0.2384784870384893,0.2342745813907419,0.2358512840748811,0.2306399768621326,0.048417538538746,0.0010323454364677132,-0.0027400824971774984,-0.0010195589425482099,-0.007272460726040292,0.024110581381394502,0.2342745813907419
469,2012-11-08,0.2333165899021259,0.2349595694871689,0.2348317287427608,0.2347956268391099,0.0270125789594265,-0.005161897136363419,0.0006849880964270028,-0.0010195553321203088,0.004155649976977288,-0.021404959579319503,0.2349595694871689
470,2012-11-09,0.2326283762845375,0.2322195520457263,0.23143333134625,0.2313326002064717,0.0269689398981027,-0.0006882136175883902,-0.002740017441442588,-0.003398397396510794,-0.0034630266326381998,-4.36390613237983e-05,0.2322195520457263
471,2012-11-12,0.2312518468961198,0.2270819217594193,0.2287145546388392,0.2289084263770997,0.0196375775957059,-0.0013765293884177021,-0.00513763028630701,-0.0027187767074108027,-0.0024241738293719894,-0.0073313623023967996,0.2270819217594193
472,2012-11-13,0.2291871031875316,0.2329045401421532,0.2314333061748295,0.2306399625458693,0.0264670906928791,-0.002064743708588196,0.005822618382733902,0.002718751535990299,0.0017315361687695874,0.006829513097173199,0.2329045401421532
473,2012-11-14,0.2336607507355044,0.2322195520457263,0.23143333134625,0.2334104379328771,0.0154918667699457,0.004473647547972803,-0.0006849880964268917,2.51714205035114e-08,0.002770475387007809,-0.0109752239229334,0.2322195520457263
474,2012-11-15,0.2333166560581567,0.2311920617691191,0.2327927348769267,0.2327178554196974,0.0251579188531654,-0.00034409467734769494,-0.0010274902766072014,0.001359403530676706,-0.0006925825131797181,0.009666052083219702,0.2311920617691191
475,2012-11-16,0.2312519023170932,0.2315345639492994,0.2314333566666138,0.2302937065389474,0.0313328460304818,-0.0020647537410635186,0.0003425021801802819,-0.0013593782103129004,-0.002424148880749988,0.006174927177316401,0.2315345639492994
476,2012-11-19,0.2364137328564725,0.2383846563447069,0.2395895554630899,0.2372197906270431,0.03798780288236,0.005161830539379297,0.006850092395407514,0.00815619879647611,0.006926084088095696,0.0066549568518781965,0.2383846563447069
477,2012-11-20,0.2436403391365173,0.2431797356590324,0.2412887579322903,0.2424143702797563,0.0239796641974231,0.007226606280044817,0.00479507931432549,0.0016992024692003838,0.005194579652713194,-0.014008138684936899,0.2431797356590324
478,2012-11-21,0.2443285903948726,0.2418097106743775,0.2429879762408213,0.243799596961847,0.0258561438343461,0.0006882512583552824,-0.0013700249846548829,0.0016992183085310086,0.0013852266820907067,0.0018764796369230008,0.2418097106743775
479,2012-11-22,0.2457051478462243,0.2387272073166884,0.242648190541971,0.2413755105643808,0.0240451227894088,0.0013765574513517065,-0.0030825033576891148,-0.0003397856988502923,-0.002424086397466191,-0.0018110210449372999,0.2387272073166884
480,2012-11-26,0.2439845162669951,0.238042186692394,0.2409489663175333,0.2406828907126484,0.0227795900110188,-0.0017206315792291926,-0.0006850206242944024,-0.0016992242244377176,-0.0006926198517324123,-0.0012655327783900015,0.238042186692394
481,2012-11-27,0.2377902474516594,0.235987124819511,0.2368708240976036,0.2379124185851508,0.0343439412618234,-0.006194268815335718,-0.002055061872882985,-0.004078142219929692,-0.002770472127497592,0.0115643512508046,0.235987124819511
482,2012-11-28,0.2371019804976974,0.2335895607664476,0.2368708067913613,0.2361808698985659,0.0361113232454369,-0.0006882669539619857,-0.0023975640530634057,-1.7306242300341168e-08,-0.0017315486865848995,0.0017673819836135016,0.2335895607664476
483,2012-11-29,0.2346931508634785,0.2315345639492994,0.2317732000684738,0.2313326255158149,0.0446427597342381,-0.002408829634218901,-0.0020549968171482136,-0.005097606722887504,-0.004848244382750999,0.008531436488801197,0.2315345639492994
484,2012-11-30,0.2346931508634785,0.2315345639492994,0.2338122604796334,0.2334104634695497,0.0344966779764567,0.0,0.0,0.0020390604111596156,0.0020778379537347846,-0.010146081757781401,0.2315345639492994
485,2012-12-03,0.2326284063352713,0.2311920617691191,0.2310935178340294,0.2334104680846369,0.0207067345981387,-0.0020647445282072074,-0.0003425021801802819,-0.002718742645604011,4.615087201287338e-09,-0.013789943378317997,0.2311920617691191
486,2012-12-04,0.2326284022619971,0.2339321117384291,0.2324528873981463,0.233064157671263,0.016888316732307,-4.0732741901639e-09,0.002740049969309988,0.0013593695641168912,-0.00034631041337387924,-0.003818417865831699,0.2339321117384291
487,2012-12-05,0.2343490071416388,0.2390696932329349,0.2382302055241399,0.2354882824643615,0.0452318870621092,0.0017206048796417073,0.0051375814945058,0.005777318125993608,0.0024241247930984755,0.028343570329802198,0.2390696932329349
488,2012-12-06,0.2436403801406823,0.2400972160374096,0.2406091117842364,0.2410291858714356,0.0278199015939167,0.009291372999043479,0.001027522804474712,0.002378906260096514,0.00554090340707411,-0.017411985468192497,0.2400972160374096
489,2012-12-07,0.2405433148244026,0.2394122604688501,0.2385701091978692,0.2403366313784684,0.0262707149169221,-0.003097065316279679,-0.0006849555685594921,-0.0020390025863672168,-0.0006925544929672067,-0.0015491866769946003,0.2394122604688501
490,2012-12-10,0.2426079551388381,0.2376996194564788,0.2399293750757276,0.2392976045432137,0.0171937901615736,0.002064640314435484,-0.0017126410123713132,0.0013592658778583955,-0.0010390268352546972,-0.009076924755348503,0.2376996194564788
491,2012-12-11,0.2374461045007103,0.2373571335402322,0.2372106493431771,0.2382587066737022,0.0114988926588189,-0.005161850638127796,-0.00034248591624660985,-0.0027187257325504977,-0.0010388978695115014,-0.005694897502754698,0.2373571335402322
492,2012-12-12,0.2377902625288058,0.2397547138572293,0.2392497428091585,0.2392976589024746,0.0268816617754552,0.0003441580280955092,0.0023975803169971055,0.002039093465981412,0.0010389522287723996,0.0153827691166363,0.2397547138572293
493,2012-12-13,0.241575593906012,0.2404396856897225,0.2399293880311979,0.2420680674496883,0.0195939385343821,0.003785331377206186,0.0006849718324931919,0.0006796452220393934,0.0027704085472137208,-0.007287723241073102,0.2404396856897225
494,2012-12-14,0.2415756318498324,0.2424947638265392,0.2416286426124607,0.2420681054708605,0.0253761141597844,3.7943820418995244e-08,0.0020550781368167126,0.001699254581262799,3.802117218287826e-08,0.0057821756254023,0.2424947638265392
495,2012-12-17,0.2443286298020967,0.2400972160374096,0.2416286419189154,0.2417217984745144,0.0193539236971012,0.0027529979522642745,-0.002397547789129595,-6.935453045198159e-10,-0.0003463069963461074,-0.0060221904626831975,0.2400972160374096
496,2012-12-18,0.2412314845533184,0.2442072747274408,0.2446872102386412,0.2427606954686997,0.0273180523886931,-0.003097145248778299,0.004110058690031199,0.003058568319725813,0.001038896994185301,0.0079641286915919,0.2442072747274408
497,2012-12-19,0.2474257148970049,0.2503723790264214,0.2494450009234265,0.2486478859342594,0.0269034813061171,0.006194230343686519,0.006165104298980595,0.004757790684785296,0.005887190465559716,-0.0004145710825760006,0.2503723790264214
498,2012-12-20,0.2529317051059219,0.2520849061912567,0.2525035846352571,0.2531498609222481,0.0289108781270114,0.005505990208916983,0.0017125271648352758,0.0030585837118305703,0.0045019749879887105,0.0020073968208942986,0.2520849061912567
499,2012-12-21,0.2563729739258836,0.2517424202750101,0.2538629788283787,0.2510720441810164,0.0364822552666892,0.003441268819961707,-0.0003424859162465821,0.0013593941931216436,-0.0020778167412316972,0.007571377139677798,0.2517424202750101
500,2012-12-25,0.2580935829940942,0.2503723790264214,0.2552223374570753,0.2517646421646332,0.0162555503431121,0.001720609068210588,-0.0013700412485886937,0.001359358628696572,0.0006925979836167606,-0.0202267049235771,0.2503723790264214
501,2012-12-26,0.2525876311852915,0.2507149299984029,0.2501247317676916,0.2514183803386296,0.0128080644985326,-0.0055059518088027,0.0003425509719814923,-0.005097605689383666,-0.0003462618260035577,-0.0034474858445794985,0.2507149299984029
502,2012-12-27,0.2563729812747728,0.2524274408993044,0.2531832993955327,0.2552277267111076,0.0163646479964215,0.003785350089481332,0.0017125109009015205,0.003058567627841069,0.003809346372477984,0.0035565834978889006,0.2524274408993044
503,2012-12-28,0.2553406707245638,0.2561950787288239,0.2545427364865421,0.2548814841895155,0.0228886876643283,-0.0010323105502090257,0.003767637829519499,0.0013594370910093856,-0.00034624252159209945,0.006524039667906798,0.2561950787288239
504,2013-01-04,0.2673849878809597,0.2613326276954624,0.2643981427438764,0.2631927836789035,0.0233468978082281,0.012044317156395923,0.005137548966638483,0.009855406257334332,0.008311299489387969,0.00045821014389980236,0.2613326276954624
505,2013-01-07,0.2642878109973108,0.2579075083100569,0.2609996562258894,0.2597296681860836,0.0141608753995701,-0.003097176883648911,-0.0034251193854055173,-0.0033984865179870205,-0.003463115492819857,-0.009186022408658,0.2579075083100569
506,2013-01-08,0.2591259796208483,0.2585925614622187,0.2586207929634752,0.2597297082111987,0.0245687915252942,-0.005161831376462478,0.0006850531521618297,-0.0023788632624142103,4.002511505563078e-08,0.0104079161257241,0.2585925614622187
507,2013-01-09,0.2594701259793212,0.2606476233351018,0.2599801879763737,0.26007603609068,0.021688613477924,0.00034414635847285213,0.0020550618728830683,0.001359395012898501,0.0003463278794813007,-0.0028801780473701986,0.2606476233351018
508,2013-01-10,0.2605024978696498,0.2596201005306271,0.2582809684675857,0.2607686460845447,0.013964499623613,0.0010323718903286205,-0.0010275228044746565,-0.0016992195087879858,0.0006926099938647234,-0.007724113854311002,0.2596201005306271
509,2013-01-11,0.2639436810312516,0.2657851560378065,0.2640582407328679,0.2631927252312376,0.0236087321761708,0.003441183161601802,0.0061650555071793844,0.005777272265282185,0.0024240791466929035,0.0096442325525578,0.2657851560378065
510,2013-01-15,0.2684173027436457,0.2657851560378065,0.2660973005068669,0.2670020936227424,0.0168664972016451,0.004473621712394127,0.0,0.0020390597739990413,0.003809368391504808,-0.0067422349745256994,0.2657851560378065
511,2013-01-16,0.2642877837252119,0.2599625213911388,0.2609996292930981,0.2590370290073187,0.0354349177949182,-0.004129519018433836,-0.005822634646667713,-0.005097671213768806,-0.007965064615423734,0.018568420593273096,0.2599625213911388
512,2013-01-17,0.263599614822156,0.2613326276954624,0.2603200222902433,0.2604223333243887,0.0293472687402493,-0.0006881689030558968,0.001370106304323604,-0.0006796070028547985,0.001385304317070013,-0.006087649054668898,0.2613326276954624
513,2013-01-18,0.264976101230919,0.264757682025133,0.265077816595855,0.2652706085451208,0.0195721190037202,0.0013764864087630335,0.003425054329670607,0.0047577943056116845,0.004848275220732112,-0.009775149736529098,0.264757682025133
514,2013-01-21,0.2656643588582371,0.2678402504385569,0.2681364148756461,0.2656169228348952,0.0199866900862962,0.0006882576273180563,0.003082568413423914,0.0030585982797911027,0.0003463142897743854,0.0004145710825760006,0.2678402504385569
515,2013-01-22,0.2687614749734737,0.2671552298142626,0.2674567209417397,0.2666558345160452,0.0187211573079063,0.003097116115236609,-0.0006850206242943191,-0.0006796939339063779,0.001038911681150001,-0.001265532778389901,0.2671552298142626
516,2013-01-23,0.2666966941818336,0.2633876245126105,0.2647379423864817,0.2642316589169419,0.0159500769138455,-0.002064780791640075,-0.0037676053016520994,-0.002718778555258039,-0.0024241755991032954,-0.0027710803940608,0.2633876245126105
517,2013-01-24,0.2615348299079812,0.2640726451369049,0.2626988897550755,0.263192747477855,0.016059174567155,-0.005161864273852401,0.0006850206242944301,-0.0020390526314061908,-0.0010389114390869092,0.00010909765330949922,0.2640726451369049
518,2013-01-25,0.2704820790359116,0.2698952635196389,0.270175447832961,0.2721967148697979,0.0252233774451511,0.008947249127930379,0.005822618382733957,0.007476558077885498,0.009003967391942924,0.009164202877996103,0.2698952635196389
519,2013-01-28,0.2722027156828013,0.2664702091899683,0.268816087086542,0.2690799711810192,0.0157100620765647,0.001720636646889706,-0.003425054329670607,-0.0013593607464190138,-0.0031167436887787336,-0.009513315368586402,0.2664702091899683
520,2013-01-29,0.2663526507802352,0.271950374184323,0.2732341087287566,0.2680411094060571,0.0219940869071906,-0.005850064902566121,0.005480164994354719,0.004418021642214609,-0.0010388617749620965,0.0062840248306259006,0.271950374184323
521,2013-01-30,0.276332246913555,0.2750329100698796,0.2749333008010159,0.2756598238619523,0.0174556245295163,0.009979596133319835,0.0030825358855566254,0.0016991920722593257,0.007618714455895237,-0.004538462377674302,0.2750329100698796
522,2013-01-31,0.2766763599626153,0.2746903916257656,0.2739137589636604,0.2735819743340932,0.0268380227141314,0.0003441130490602906,-0.0003425184441140372,-0.001019541837355531,-0.0020778495278591103,0.009382398184615101,0.2746903916257656
523,2013-02-01,0.2746116523427105,0.2716078720041427,0.2728942699199849,0.2735820155141505,0.0190048112065109,-0.002064707619904793,-0.00308251962162287,-0.0010194890436754922,4.118005730857632e-08,-0.0078332115076205,0.2716078720041427
524,2013-02-04,0.2780528585204166,0.2722928438366359,0.2745934449742483,0.2739282798962819,0.0154482277086219,0.003441206177706102,0.0006849718324931642,0.0016991750542634243,0.0003462643821313671,-0.0035565834978889994,0.2722928438366359
525,2013-02-05,0.2752998599212046,0.2722928438366359,0.2752731317192341,0.2742745861919788,0.0465628784324849,-0.00275299859921202,0.0,0.0006796867449858079,0.00034630629569692983,0.031114650723862998,0.2722928438366359
526,2013-02-06,0.2777087555014526,0.274347905709519,0.2796911175232359,0.2766987519884885,0.0577126586007135,0.0024088955802479828,0.002055061872883124,0.004417985804001767,0.0024241657965096697,0.011149780168228603,0.274347905709519
527,2013-02-07,0.2749557758601414,0.277772992567057,0.2783317633360188,0.2766987712841054,0.0347585123443994,-0.0027529796413111596,0.0034250868575380067,-0.00135935418721711,1.9295616937586857e-08,-0.022954146256314097,0.277772992567057
528,2013-02-08,0.2821823730683205,0.2808555284526136,0.2813903290264602,0.2822396476454736,0.0286926828203925,0.007226597208179086,0.00308253588555657,0.0030585656904414393,0.0055408763613681855,-0.006065829524006902,0.2808555284526136
529,2013-02-12,0.2839030251662919,0.2788005153715316,0.2830895737812656,0.2808544499536097,0.0303291476200346,0.001720652097971398,-0.002055013081081969,0.0016992447548053735,-0.0013851976918639042,0.0016364647996420997,0.2788005153715316
530,2013-02-13,0.2790852034867518,0.2757178819023728,0.2786715359795317,0.2760060884876568,0.0233032587469043,-0.004817821679540091,-0.003082633469158824,-0.004418037801733887,-0.004848361465952911,-0.007025888873130302,0.2757178819023728
531,2013-02-14,0.2794293812708024,0.2705803329357343,0.276292685024249,0.2728893839111093,0.0235432735841852,0.0003441777840506033,-0.005137548966638483,-0.0023788509552827297,-0.003116704576547502,0.00024001483728090106,0.2705803329357343
532,2013-02-15,0.2708262164884508,0.2664702091899683,0.271534833858593,0.2666558272965055,0.0346930537524137,-0.008603164782351624,-0.004110123745766026,-0.0047578511656559686,-0.006233556614603786,0.011149780168228502,0.2664702091899683
533,2013-02-18,0.2680732462445197,0.266812743898016,0.2660973682518152,0.2680410805147632,0.0248524454238989,-0.0027529702439310633,0.000342534708047737,-0.005437465606777825,0.0013852532182577204,-0.009840608328514803,0.266812743898016
534,2013-02-19,0.2725468841951669,0.2705803329357343,0.270175503806,0.2732356902358696,0.0165828433030405,0.004473637950647202,0.0037675890377182886,0.004078135554184792,0.005194609721106358,-0.0082696021208584,0.2705803329357343
535,2013-02-20,0.2770204673799305,0.2846230686985307,0.2847887290159082,0.27877655126461,0.0475447573122702,0.0044735831847635965,0.01404273576279641,0.01461322520990821,0.005540861028740407,0.030961914009229704,0.2846230686985307
536,2013-02-21,0.2863118370932946,0.2846230686985307,0.2864879457761463,0.2850100642121417,0.0278635406552405,0.009291369713364084,0.0,0.001699216760238098,0.006233512947531716,-0.019681216657029703,0.2846230686985307
537,2013-02-22,0.2863117928661892,0.2805129449527646,0.2827496252267714,0.2805080393083353,0.043813617569086,-4.4227105422400825e-08,-0.004110123745766137,-0.003738320549374896,-0.004502024903806412,0.0159500769138455,0.2805129449527646
538,2013-02-25,0.2863117893005252,0.2870205676958592,0.2885269577258942,0.2863952415048935,0.0242633180960277,-3.5656639862935435e-09,0.006507622743094632,0.0057773324991228225,0.005887202196558194,-0.0195502994730583,0.2870205676958592
539,2013-02-26,0.2835588567633138,0.2832530599778095,0.2844489038242934,0.2822396320326223,0.0307873577639344,-0.002752932537211372,-0.003767507718049734,-0.00407805390160082,-0.004155609472271171,0.006524039667906701,0.2832530599778095
540,2013-02-27,0.283214775408313,0.2788005153715316,0.2796911395221867,0.2780839991525876,0.0279289992472261,-0.0003440813550008026,-0.004452544606277864,-0.004757764302106671,-0.004155632880034732,-0.0028583585167082995,0.2788005153715316
541,2013-02-28,0.2821823500012795,0.2887331599164294,0.2868277998603808,0.2839711560128535,0.0373113974318412,-0.0010324254070335215,0.009932644544897784,0.007136660338194101,0.0058871568602659186,0.009382398184615098,0.2887331599164294
542,2013-03-01,0.2873442195983217,0.2877056371119547,0.2864879538444624,0.2867416036619157,0.0211867642727004,0.005161869597042179,-0.001027522804474712,-0.00033984601591841024,0.002770447649062202,-0.016124633159140797,0.2877056371119547
543,2013-03-04,0.2918177852486122,0.2870205676958592,0.2888668010212133,0.2898583036754484,0.0150991152180316,0.004473565650290501,-0.000685069416095474,0.002378847176750909,0.0031167000135327028,-0.006087649054668801,0.2870205676958592
544,2013-03-05,0.2883766281382192,0.2839380968660375,0.2861481443175703,0.2857027185901266,0.0281035554925213,-0.0034411571103930005,-0.003082470829821715,-0.0027186567036430187,-0.004155585085321822,0.0130044402744897,0.2839380968660375
545,2013-03-06,0.2876883326656667,0.2873631186678407,0.2851285687559601,0.2860489794130749,0.0270562180207503,-0.0006882954725525026,0.0034250218018032075,-0.0010195755616101976,0.00034626082294830773,-0.0010473374717709996,0.2873631186678407
546,2013-03-07,0.2880325151307263,0.2842806153101516,0.286827842918713,0.286395343021003,0.0283653898604641,0.00034418246505962813,-0.0030825033576891148,0.0016992741627528951,0.00034636360792811294,0.0013091718397137998,0.2842806153101516
547,2013-03-08,0.2890648824295977,0.2945558108270308,0.29464423403329,0.2905510117537958,0.0430499339959197,0.001032367298871406,0.01027519551687922,0.007816391114576993,0.004155668732792772,0.014684544135455599,0.2945558108270308
548,2013-03-11,0.2983561278715602,0.2966107263245103,0.298382385722316,0.298169625336606,0.0370495630638985,0.00929124544196247,0.0020549154974794925,0.003738151689026026,0.007618613582810241,-0.006000370932021201,0.2966107263245103
549,2013-03-12,0.2973237811966993,0.2870205676958592,0.2939644504509994,0.2891656912413374,0.0535887673056152,-0.0010323466748609067,-0.009590158628651091,-0.00441793527131662,-0.009003934095268618,0.016539204241716704,0.2870205676958592
550,2013-03-13,0.285967668115148,0.2805129449527646,0.28240978192722,0.2822395704151769,0.0504467548903023,-0.011356113081551267,-0.006507622743094632,-0.011554668523779399,-0.006926120826160509,-0.0031420124153129017,0.2805129449527646
551,2013-03-14,0.2814940315727634,0.2791429037041759,0.2783316477197825,0.2805080245812517,0.0215140572326289,-0.004473636542384585,-0.0013700412485886937,-0.004078134207437467,-0.0017315458339252077,-0.028932697657673402,0.2791429037041759
552,2013-03-15,0.2835588492695785,0.2887331599164294,0.2864879564956173,0.2850100748763152,0.0567962383129138,0.0020648176968150467,0.009590256212253512,0.008156308775834786,0.004502050295063509,0.0352821810802849,0.2887331599164294
553,2013-03-18,0.2900972284605261,0.2832530599778095,0.2864879640667614,0.2863953075962929,0.0284744875137735,0.00653837919094763,-0.00548009993861992,7.571144100548821e-09,0.0013852327199777026,-0.0283217507991403,0.2832530599778095
554,2013-03-19,0.2890648752414627,0.2829105740615629,0.2854684549404704,0.2850101033696359,0.0230850634402853,-0.00103235321906342,-0.0003424859162465821,-0.0010195091262910072,-0.0013852042266569997,-0.0053894240734881985,0.2829105740615629
555,2013-03-21,0.2876883497178572,0.289760682720904,0.2888668627031723,0.2888194466961161,0.0382932763116265,-0.0013765255236055096,0.006850108659341103,0.003398407762701894,0.003809343326480197,0.015208212871341196,0.289760682720904
556,2013-03-22,0.2904413892118675,0.2842806153101516,0.286827842918713,0.2867416493608108,0.026292534447584,0.0027530394940103453,-0.0054800674107524094,-0.002039019784459306,-0.002077797335305276,-0.012000741864042496,0.2842806153101516
557,2013-03-25,0.2876883717901381,0.2856506240308728,0.2847887641383539,0.2860490183146009,0.0281035554925213,-0.002753017421729398,0.0013700087207212386,-0.0020390787803590826,-0.0006926310462099239,0.0018110210449372999,0.2856506240308728
558,2013-03-26,0.2876883612687066,0.2815405328129742,0.2841090669599059,0.2846637826334966,0.0224522970510904,-1.0521431503818235e-08,-0.004110091217898626,-0.0006796971784480133,-0.0013852356811042688,-0.0056512584414309015,0.2815405328129742
559,2013-03-27,0.2867026858605178,0.2919423593177865,0.2903602584872851,0.2881695758554576,0.0298709374761348,-0.0009856754081888353,0.010401826504812306,0.006251191527379185,0.0035057932219609844,0.0074186404250444,0.2919423593177865
560,2013-03-28,0.2908828725039347,0.2832740729801739,0.2872638334663822,0.286065982647734,0.0221686431524857,0.0041801866434169055,-0.00866828633761263,-0.0030964250209029043,-0.002103593207723631,-0.007702294323649099,0.2832740729801739
561,2013-03-29,0.2870508679938542,0.2815404352293719,0.2848556192034124,0.2829108287705142,0.0143136121142034,-0.003832004510080478,-0.0017336377508019862,-0.0024082142629697767,-0.003155153877219763,-0.0078550310382823,0.2815404352293719
562,2013-04-01,0.2825222493481508,0.2711387876278304,0.279007229572092,0.2741466464300223,0.0221904626831476,-0.004528618645703419,-0.010401647601541497,-0.005848389631320394,-0.008764182340491922,0.007876850568944199,0.2711387876278304
563,2013-04-02,0.2727679959102862,0.2676714470704914,0.2693743343416391,0.2664339887239742,0.0260307000796412,-0.009754253437864568,-0.0034673405573389937,-0.00963289523045291,-0.007712657706048065,0.0038402373964936017,0.2676714470704914
564,2013-04-03,0.2689361696551562,0.2714855834865124,0.2700625555447307,0.2688881494296504,0.019397562758425,-0.003831826255130011,0.003814136416021019,0.000688221203091588,0.002454160705676167,-0.0066331373212162,0.2714855834865124
565,2013-04-04,0.2710262941488047,0.2721789800366719,0.270062502742452,0.266083527398247,0.0220595454991763,0.002090124493648482,0.0006933965501594863,-5.2802278660557533e-08,-0.0028046220314034143,0.002661982740751301,0.2721789800366719
566,2013-04-05,0.276948415216976,0.2704453097580024,0.2796952576058087,0.2727443332680012,0.039231516130088,0.005922121068171304,-0.0017336702786694969,0.009632754863356685,0.006660805869754205,0.017171970630911696,0.2704453097580024
567,2013-04-08,0.2769484625299483,0.2721789800366719,0.276943076060731,0.2716926663157331,0.0401042973565638,4.731297231774789e-08,0.0017336702786694969,-0.0027521815450777254,-0.0010516669522681044,0.0008727812264758064,0.2721789800366719
568,2013-04-09,0.274858173358193,0.2815404352293719,0.2796951913192926,0.2755488369437722,0.0349985271816803,-0.0020902891717552996,0.009361455192699986,0.002752115258561616,0.003856170628039113,-0.005105770174883506,0.2815404352293719
569,2013-04-10,0.2839157324282639,0.2936759320128537,0.292080350713517,0.2857155266710499,0.0523232345272253,0.009057559070070886,0.012135496783481803,0.01238515939422441,0.010166689727277689,0.017324707345545004,0.2936759320128537
570,2013-04-11,0.2961082965944497,0.2860478543480163,0.2948324447531881,0.2867671085570228,0.0522141368739158,0.012192564166185804,-0.007628077664837418,0.0027520940396710825,0.0010515818859729298,-0.00010909765330949922,0.2860478543480163
571,2013-04-12,0.2873992290475541,0.2860478543480163,0.2862317316623717,0.2867671085570228,0.0241542204427182,-0.0087090675468956,0.0,-0.008600713090816392,0.0,-0.028059916431197603,0.2860478543480163
572,2013-04-15,0.2856575612748186,0.2822340269467359,0.2827915907005292,0.2839626851301292,0.0124807715386042,-0.001741667772735489,-0.0038138274012803897,-0.003440140961842475,-0.002804423426893632,-0.011673448904114,0.2822340269467359
573,2013-04-16,0.2786903044099827,0.275646255538276,0.2772871322377155,0.2773018327457481,0.023150522032271,-0.006967256864835902,-0.006587771408459897,-0.005504458462813722,-0.006660852384381077,0.010669750493666802,0.275646255538276
574,2013-04-17,0.2804320451430167,0.2836208525749222,0.2814154027104205,0.2787040443986651,0.0199648705556343,0.0017417407330339585,0.007974597036646214,0.004128270472704976,0.0014022116529169848,-0.0031856514766367,0.2836208525749222
575,2013-04-18,0.2849607143664528,0.2763395870327006,0.2814153562620595,0.2794051405321551,0.0198775924329867,0.004528669223436144,-0.007281265542221582,-4.6448360990769544e-08,0.000701096133490009,-8.727812264760007e-05,0.2763395870327006
576,2013-04-19,0.277296752904384,0.2718321841779899,0.2738467464976509,0.2678363133109336,0.0453846237767425,-0.0076639614620688246,-0.00450740285471074,-0.007568609764408596,-0.01156882722122149,0.0255070313437558,0.2718321841779899
577,2013-04-22,0.274858297516629,0.2728724416425662,0.273846830085495,0.2755489614141936,0.0194412018197488,-0.002438455387755001,0.0010402574645763107,8.358784409079334e-08,0.00771264810326,-0.025943421956993704,0.2728724416425662
578,2013-04-23,0.2741615398048425,0.2700986114829227,0.2710945690059442,0.2720432176947697,0.0236960102988184,-0.0006967577117865109,-0.0027738301596434978,-0.0027522610795507885,-0.003505743719423915,0.004254808479069602,0.2700986114829227
579,2013-04-24,0.2745098484372276,0.2791134009284104,0.276943001232233,0.2751983037820716,0.0251360993225035,0.0003483086323851081,0.009014789445487725,0.00584843222628878,0.003155086087301917,0.001440089023685101,0.2791134009284104
580,2013-04-25,0.2786901772492787,0.2832740729801739,0.281071319691059,0.2790545615044072,0.02336871733889,0.004180328812051104,0.004160672051763459,0.004128318458825997,0.00385625772233561,-0.0017673819836135016,0.2832740729801739
581,2013-04-26,0.284612411846257,0.2787667189172644,0.2821034730483586,0.2815086264898384,0.0255506704050795,0.005922234596978326,-0.004507354062909474,0.0010321533572996144,0.002454064985431159,0.0021819530661894987,0.2787667189172644
582,2013-04-30,0.2835673887624285,0.2853545553814592,0.2845117389773743,0.2836121186799012,0.0385551106795692,-0.0010450230838285335,0.006587836464194807,0.0024082659290157182,0.002103492190062839,0.013004440274489704,0.2853545553814592
583,2013-05-01,0.2835672816690793,0.2857011723368703,0.2855437172523862,0.2822097272108475,0.0242196790347039,-1.0709334918868052e-07,0.0003466169554111054,0.001031978275011891,-0.0014023914690536876,-0.014335431644865303,0.2857011723368703
584,2013-05-02,0.2853091374566517,0.2787667189172644,0.2817594444226898,0.2804569130658415,0.0344748584457948,0.0017418557875724106,-0.006934453419605913,-0.0037842728296964,-0.0017528141450060541,0.0102551794110909,0.2787667189172644
585,2013-05-07,0.2800837333287902,0.2752995084713951,0.2769430811878823,0.2766006679893454,0.0706298207525556,-0.005225404127861488,-0.0034672104458692843,-0.004816363234807497,-0.0038562450764960676,0.036154962306760796,0.2752995084713951
586,2013-05-08,0.2786902593716824,0.2749527614045143,0.276599030137279,0.2769512167713645,0.0578217562540229,-0.0013934739571078159,-0.0003467470668808148,-0.0003440510506033112,0.0003505487820190667,-0.012808064498532695,0.2749527614045143
587,2013-05-09,0.2779935424742858,0.280153642129053,0.2800393253972048,0.2787040813471147,0.0522795954659015,-0.0006967168973965876,0.005200880724538726,0.0034402952599257852,0.001752864575750246,-0.005542160788121399,0.280153642129053
588,2013-05-10,0.2849608283951487,0.2846610937755648,0.283823669705928,0.2853649628644079,0.047370201066975,0.006967285920862876,0.004507451646511784,0.0037843443087232087,0.00666088151729316,-0.0049093943989265,0.2846610937755648
589,2013-05-13,0.2891411148679551,0.2836208525749222,0.2869198604651475,0.2857154668992604,0.0301982304360633,0.004180286472806383,-0.001040241200642611,0.0030961907592195193,0.000350504034852539,-0.017171970630911703,0.2836208525749222
590,2013-05-14,0.2880960116344533,0.2874348100876723,0.2862317884754963,0.2860660232625337,0.0484829971307317,-0.0010451032335017651,0.003813957512750099,-0.0006880719896512066,0.0003505563632733022,0.018284766694668404,0.2874348100876723
591,2013-05-15,0.2863542870340256,0.2822340269467359,0.2845117341962745,0.2843132563463392,0.0687315215849707,-0.0017417246004277076,-0.005200783140936416,-0.0017200542792217832,-0.0017527669161945258,0.020248524454238997,0.2822340269467359
592,2013-05-16,0.2856574171783501,0.2815404352293719,0.2834795051009804,0.2829108287705142,0.0317910561743816,-0.0006968698556755193,-0.0006935917173639949,-0.0010322290952941016,-0.0014024275758249827,-0.0369404654105891,0.2815404352293719
593,2013-05-17,0.2842640211532212,0.2874348100876723,0.2872638742512493,0.2836120255139581,0.0268598422447933,-0.0013933960251288902,0.005894374858300411,0.0037843691502688626,0.0007011967434438771,-0.004931213929588299,0.2874348100876723
594,2013-05-20,0.2926247493430886,0.2933291524181054,0.2979287826791204,0.2934280382531504,0.0547888414920195,0.008360728189867384,0.005894342330433122,0.0106649084278711,0.009816012739192304,0.0279289992472262,0.2933291524181054
595,2013-05-21,0.2947149381532357,0.3127457521044717,0.3130660546234119,0.295882048260345,0.059676416360284,0.002090188810147109,0.019416599686366276,0.015137271944291542,0.0024540100071945847,0.004887574868264501,0.3127457521044717
596,2013-05-22,0.3131781945689565,0.3162130276060758,0.3171944259823873,0.3134106330718595,0.0500321838077262,0.01846325641572083,0.0034672755016040835,0.004128371358975369,0.017528584811514536,-0.0096442325525578,0.3162130276060758
597,2013-05-23,0.3180552509652837,0.3026907377222751,0.3158182881149055,0.3042957600716869,0.0571017117421804,0.004877056396327184,-0.013522289883800664,-0.001376137867481808,-0.009114873000172607,0.007069527934454201,0.3026907377222751
598,2013-05-24,0.3062109060183558,0.2974898569977364,0.3075615915988082,0.2874683361270554,0.0604400999334504,-0.011844344946927876,-0.005200880724538726,-0.008256696516097284,-0.016827423944631492,0.0033383881912699975,0.2974898569977364
599,2013-05-27,0.2992436216648924,0.2940225814961322,0.297584733359016,0.2937785889481672,0.0383150958422884,-0.006967284353463443,-0.0034672755016041945,-0.009976858239792219,0.006310252821111806,-0.022125004091162,0.2940225814961322
600,2013-05-28,0.2905345779882511,0.2964496808528286,0.3010250458579421,0.2923763303149758,0.0272962328580312,-0.00870904367664127,0.0024270993566963828,0.0034403124989261236,-0.0014022586331914333,-0.0110188629842572,0.2964496808528286
601,2013-05-29,0.3044690901219801,0.2964496808528286,0.3020571317294551,0.2993877531043037,0.024197859504042,0.013934512133728982,0.0,0.0010320858715129888,0.007011422789327926,-0.003098373353989197,0.2964496808528286
602,2013-05-30,0.2954117195245538,0.2877816222102881,0.2962087075817628,0.2895718222573615,0.028801780473702,-0.009057370597426284,-0.0086680586425405,-0.005848424147692266,-0.009815930846942211,0.004603920969659999,0.2877816222102881
603,2013-05-31,0.2905345820792395,0.286394666470632,0.29448850615169,0.2867671961214535,0.0485484557227174,-0.004877137445314317,-0.0013869557396560817,-0.001720201430072843,-0.002804626135907984,0.019746675249015397,0.286394666470632
604,2013-06-03,0.2842640645591161,0.2749527614045143,0.2814154311595698,0.2769512167713645,0.0328820327074764,-0.006270517520123364,-0.011441905066117697,-0.013073074992120182,-0.009815979350089044,-0.015666423015240995,0.2749527614045143
605,2013-06-04,0.2738131429618827,0.2784199718503835,0.2769430214894737,0.2727443261188517,0.0274707891033263,-0.010450921597233431,0.0034672104458691733,-0.0044724096700961,-0.004206890652512785,-0.005411243604150101,0.2784199718503835
606,2013-06-05,0.2828706192427014,0.2687117207990015,0.2803833511540797,0.2706409416047872,0.0474138401282988,0.00905747628081871,-0.009708251051381955,0.003440329664606001,-0.002103384514064499,0.0199430510249725,0.2687117207990015
607,2013-06-06,0.2682393341244545,0.2642042528885559,0.2697184165040687,0.2653823283866471,0.0387514864555263,-0.014631285118246906,-0.004507467910445595,-0.010664934650011004,-0.005258613218140085,-0.008662353672772502,0.2642042528885559
608,2013-06-07,0.2640589795089664,0.257616481480096,0.2614617289414921,0.2548651938521051,0.0317910561743816,-0.004180354615488102,-0.006587771408459897,-0.008256687562576581,-0.010517134534542005,-0.006960430281144701,0.257616481480096
609,2013-06-10,0.2637106499283989,0.2669780830481995,0.2676542772598745,0.2646812181234051,0.0422862504227534,-0.00034832958056751906,0.00936160156810345,0.006192548318382396,0.009816024271300017,0.010495194248371802,0.2669780830481995
610,2013-06-11,0.2692843913661139,0.2652443965055963,0.2697183853808784,0.2678362952332184,0.0266634664688362,0.005573741437714996,-0.0017336865426031967,0.0020641081210038825,0.0031550771098132757,-0.0156227839539172,0.2652443965055963
611,2013-06-12,0.2633622962160423,0.2628173947325022,0.2638699714045946,0.2632789426224824,0.0293472687402493,-0.005922095150071582,-0.002427001773094073,-0.005848413976283773,-0.004557352610735976,0.0026838022714130993,0.2628173947325022
612,2013-06-13,0.2609236878125781,0.2551893821233996,0.2587094736747671,0.257669736263437,0.0199648705556343,-0.0024386084034642153,-0.007628012609102619,-0.005160497729827518,-0.005609206359045438,-0.009382398184614997,0.2551893821233996
613,2013-06-14,0.2609237084312375,0.2572697506771488,0.2607736656140813,0.259072041014759,0.0279289992472261,2.0618659446469678e-08,0.0020803685537492123,0.002064191939314175,0.0014023047513220255,0.007964128691591799,0.2572697506771488
614,2013-06-17,0.2591818505201187,0.2676714470704914,0.2666221061491319,0.2573191417413119,0.0350858053043279,-0.0017418579111188048,0.010401696393342597,0.005848440535050625,-0.0017528992734471283,0.007156806057101801,0.2676714470704914
615,2013-06-18,0.2675426462136201,0.2700986114829227,0.2693744258015919,0.268186934969715,0.0298054788841492,0.0083607956935014,0.002427164412431293,0.002752319652459978,0.010867793228403144,-0.005280326420178699,0.2700986114829227
616,2013-06-19,0.2748582544403378,0.2732191236537122,0.272126644032247,0.2723937779445878,0.0215576962939527,0.007315608226717674,0.0031205121707895134,0.0027522182306551346,0.004206842974872782,-0.008247782590196501,0.2732191236537122
617,2013-06-20,0.2717229075440293,0.2648976494387154,0.2686862770370893,0.2657328463947805,0.022735950949695,-0.0031353468963085107,-0.008321474214996794,-0.0034403669951577065,-0.006660931549807292,0.0011782546557423008,0.2648976494387154
618,2013-06-21,0.2584852142246143,0.2645510162193705,0.2624938543514127,0.2590720862417209,0.0236305517068327,-0.01323769331941499,-0.0003466332193449162,-0.006192422685676602,-0.006660760153059608,0.0008946007571376986,0.2645510162193705
619,2013-06-24,0.268936053731502,0.2610837244538327,0.2655900675320345,0.2632788959303102,0.0254197532211082,0.010450839506887688,-0.0034672917655377833,0.0030962131806218096,0.004206809688589275,0.0017892015142755013,0.2610837244538327
620,2013-06-25,0.2640589688902856,0.2607369936508855,0.2686863185416927,0.2594226077941144,0.0443809253662953,-0.004877084841216406,-0.000346730802947226,0.003096251009658213,-0.0038562881361957624,0.0189611721451871,0.2607369936508855
621,2013-06-26,0.2630139471287849,0.2579632610748443,0.2624938705322576,0.2597732445721571,0.0193102846357774,-0.0010450217615006752,-0.002773732576041188,-0.006192448009435136,0.0003506367780427011,-0.0250706407305179,0.2579632610748443
622,2013-06-27,0.2623171692258727,0.2624706314016876,0.260429646709606,0.258370908421483,0.0228232290723426,-0.0006967779029121712,0.004507370326843285,-0.0020642238226515897,-0.0014023361506740883,0.003512944436565201,0.2624706314016876
623,2013-06-28,0.2668459219623377,0.2645510162193705,0.2662781694206992,0.2657329382560547,0.0273835109806788,0.004528752736464969,0.002080384817682912,0.005848522711093207,0.007362029834571682,0.004560281908336197,0.2645510162193705
624,2013-07-01,0.2689360854912137,0.2694051498770284,0.2673102420241743,0.2671352095748641,0.0171501511002498,0.0020901635288760323,0.004854133657657911,0.0010320726034750982,0.0014022713188093783,-0.010233359880428998,0.2694051498770284
625,2013-07-02,0.2745099276904063,0.2752995084713951,0.2786632245492977,0.2758995256116791,0.0361113232454369,0.005573842199192547,0.005894358594366711,0.0113529825251234,0.00876431603681499,0.0189611721451871,0.2752995084713951
626,2013-07-03,0.2769484676571992,0.2752995084713951,0.2762550238433162,0.2758995256116791,0.0243505962186753,0.002438539966792941,0.0,-0.0024082007059815225,0.0,-0.011760727026761602,0.2752995084713951
627,2013-07-04,0.2748582376677383,0.2759929050215546,0.2755669134873535,0.2766006147790937,0.0112152387602142,-0.002090229989460901,0.0006933965501594863,-0.0006881103559626678,0.0007010891674146258,-0.0131353574584611,0.2759929050215546
628,2013-07-05,0.2776451132036426,0.2791134009284104,0.2772870298051923,0.2776523013954149,0.0209685689660815,0.0027868755359042874,0.0031204959068558136,0.0017201163178388046,0.0010516866163212124,0.0097533302058673,0.2791134009284104
629,2013-07-08,0.2839157315308981,0.2794602130510261,0.2831356040959415,0.2825603849926434,0.0151427542793554,0.006270618327255506,0.0003468121226156695,0.005848574290749198,0.004908083597228496,-0.0058258146867261,0.2794602130510261
630,2013-07-09,0.2839157281436351,0.2773798607612106,0.2810714286592884,0.2780029561115253,0.0339511897099093,-3.3872630256226444e-09,-0.0020803522898155125,-0.002064175436653104,-0.004557428881118097,0.018808435430553896,0.2773798607612106
631,2013-07-10,0.2793870143408347,0.2794602130510261,0.2800393459709555,0.2794052442172913,0.0348894295283708,-0.004528713802800399,0.0020803522898155125,-0.001032082688332936,0.0014022881057659808,0.0009382398184615004,0.2794602130510261
632,2013-07-11,0.277645179639105,0.280153642129053,0.2786632107760882,0.2741466561175392,0.0265107297542029,-0.001741834701729672,0.0006934290780269414,-0.0013761351948672895,-0.005258588099752104,-0.0083786997741679,0.280153642129053
633,2013-07-12,0.2804320516071726,0.2811937857460933,0.2793512374916402,0.2794051930892107,0.0189393526145252,0.0027868719680675946,0.0010401436170403011,0.0006880267155520148,0.005258536971671501,-0.007571377139677697,0.2811937857460933
634,2013-07-16,0.2828706429485758,0.2794602130510261,0.2796953172904016,0.2794052442172913,0.0272962328580312,0.0024385913414031735,-0.0017335726950672425,0.0003440797987613875,5.112808060259155e-08,0.008356880243505997,0.2794602130510261
635,2013-07-17,0.2793868885085814,0.2815404352293719,0.2800392198449006,0.2776522631799842,0.0215358767632908,-0.00348375443999438,0.002080222178345803,0.0003439025544990093,-0.0017529810373070887,-0.005760356094740397,0.2815404352293719
636,2013-07-18,0.2839157107919411,0.2867414135375129,0.285543784001938,0.285364933725917,0.1778946334864337,0.0045288222833597125,0.0052009783081410355,0.005504564157037373,0.007712670545932776,0.1563587567231429,0.2867414135375129
637,2013-07-19,0.2901861882605799,0.2874348100876723,0.2889840172108376,0.2850143099417156,0.0341693850165282,0.006270477468638791,0.0006933965501593753,0.0034402332088996346,-0.00035062378420136486,-0.1437252484699055,0.2874348100876723
638,2013-07-22,0.2898379134957887,0.2877816222102881,0.287607990172304,0.288169537403815,0.0160809940978169,-0.0003482747647912121,0.00034681212261578054,-0.0013760270385336226,0.003155227462099397,-0.018088390918711297,0.2877816222102881
639,2013-07-23,0.2887927734588745,0.2895151949053552,0.28726391034155,0.2871177726552926,0.0162337308124502,-0.0010451400369141939,0.0017335726950671315,-0.00034407983075396276,-0.0010517647485224213,0.00015273671463329752,0.2895151949053552
640,2013-07-24,0.290882899185429,0.2912487676004224,0.2889840026890661,0.290623433048591,0.0113243364135237,0.0020901257265544815,0.001733572695067187,0.0017200923475160779,0.0035056603932984154,-0.004909394398926499,0.2912487676004224
641,2013-07-25,0.2919280040613356,0.2884749862325801,0.2882959619484454,0.2895717362618735,0.0142045144608939,0.001045104875906644,-0.0027737813678422873,-0.0006880407406206768,-0.0010516967867175153,0.0028801780473702004,0.2884749862325801
642,2013-07-26,0.2901862763725865,0.2877816222102881,0.2903602197433308,0.2885201086172016,0.0326420178701956,-0.0017417276887491395,-0.0006933640222920312,0.0020642577948853935,-0.0010516276446718709,0.018437503409301698,0.2877816222102881
643,2013-07-29,0.2860059052833428,0.2773798607612106,0.284511715423784,0.2794052408838407,0.0179138346734161,-0.004180371089243684,-0.010401761449077507,-0.00584850431954681,-0.009114867733360899,-0.014728183196779498,0.2773798607612106
644,2013-07-30,0.2790385519815158,0.2839675345860682,0.2841675888101654,0.2808074288770522,0.0267289250608219,-0.006967353301827017,0.006587673824857643,-0.00034412661361860053,0.0014021879932114567,0.0088150903874058,0.2839675345860682
645,2013-07-31,0.2835672553511411,0.2832740729801739,0.2851996622079411,0.2843131273619023,0.0201830658622533,0.004528703369625298,-0.000693461605894341,0.001032073397775668,0.003505698484850106,-0.0065458591985686,0.2832740729801739
646,2013-08-01,0.2846123852156195,0.2940225814961322,0.2917362472698793,0.2857154534519765,0.028998156249659,0.0010451298644784113,0.010748508515958322,0.006536585061938216,0.0014023260900742351,0.008815090387405699,0.2940225814961322
647,2013-08-02,0.2961084847891131,0.2919423593177865,0.2944886033946873,0.2934281447579295,0.0294563663935588,0.011496099573493623,-0.002080222178345692,0.0027523561248080086,0.007712691305952979,0.00045821014389980236,0.2919423593177865
648,2013-08-05,0.2926247372705495,0.2926356908122111,0.2907041697201564,0.2920257416736477,0.011673448904114,-0.003483747518563618,0.0006933314944245761,-0.003784433674530907,-0.0014024030842818003,-0.0177829174894448,0.2926356908122111
649,2013-08-06,0.297501835881315,0.2974898569977364,0.295176561064628,0.2937786166761859,0.0257252266503747,0.004877098610765518,0.00485416618552531,0.004472391344471582,0.001752875002538179,0.014051777746260699,0.2974898569977364
650,2013-08-07,0.2981985785237829,0.294716075629894,0.2951765779235321,0.2951809181018114,0.0334711600353476,0.0006967426424678846,-0.0027737813678423984,1.6858904106076267e-08,0.0014023014256255295,0.007745933384972901,0.294716075629894
651,2013-08-08,0.2964567278776638,0.2926356908122111,0.2986168275941961,0.294479739502838,0.0367004505733081,-0.001741850646119092,-0.002080384817682912,0.0034402496706640306,-0.0007011785989733954,0.0032292905379604983,0.2926356908122111
652,2013-08-09,0.2943665447618594,0.29506275764104,0.2934563921447477,0.2923763064145018,0.0258561438343461,-0.0020901831158043893,0.0024270668288289277,-0.005160435449448386,-0.002103433088336215,-0.010844306738961997,0.29506275764104
653,2013-08-12,0.295063284257559,0.296796395391842,0.2968966921345182,0.2934280336156065,0.0226268532963855,0.0006967394956995943,0.0017336377508019862,0.003440299989770468,0.0010517272011046908,-0.0032292905379606024,0.296796395391842
654,2013-08-13,0.292973093662395,0.29506275764104,0.2986168210804701,0.2948303041901631,0.0423735285454009,-0.002090190595164021,-0.0017336377508019862,0.0017201289459519153,0.0014022705745566078,0.0197466752490154,0.29506275764104
655,2013-08-14,0.2968051047659566,0.2943693285630131,0.2955205842100043,0.2944797534981523,0.0232596196855805,0.0038320111035616278,-0.0006934290780268859,-0.003096236870465785,-0.00035055069201078704,-0.019113908859820398,0.2943693285630131
656,2013-08-15,0.2929731121399256,0.2933291524181054,0.2941444678875842,0.2941291805189883,0.0140299582155987,-0.003831992626031011,-0.0010401761449077007,-0.001376116322420129,-0.0003505729791640211,-0.0092296614699818,0.2933291524181054
657,2013-08-16,0.2919280021156855,0.2874348100876723,0.2907041601704259,0.2899223054388669,0.0150991152180316,-0.0010451100242401257,-0.005894342330433122,-0.0034403077171583085,-0.004206875080121408,0.0010691570024328988,0.2874348100876723
658,2013-08-19,0.2891411050050891,0.2961029337859477,0.2938004226367569,0.2909740238493185,0.0166046628337024,-0.002786897110596376,0.00866812369827541,0.00309626246633099,0.0010517184104515964,0.001505547615670802,0.2961029337859477
659,2013-08-20,0.2936698979625376,0.290208689039117,0.2931124421499562,0.292726956022862,0.0150772956873697,0.004528792957448513,-0.005894244746830701,-0.0006879804868006878,0.0017529321735434977,-0.0015273671463327011,0.290208689039117
660,2013-08-21,0.2919280040613356,0.2884749862325801,0.2896720763252876,0.2895717362618735,0.0116298098427902,-0.0017418939012019963,-0.0017337028065368965,-0.003440365824668612,-0.0031552197609884813,-0.0034474858445795002,0.2884749862325801
661,2013-08-22,0.2898378395690925,0.2891684478384744,0.2893280598575251,0.2895717483985351,0.0092951200619674,-0.0020901644922431406,0.0006934616058942855,-0.00034401646776249795,1.2136661620143485e-08,-0.0023346897808227997,0.2891684478384744
662,2013-08-23,0.2933214526105267,0.2929824053512245,0.2931123597250264,0.2948303003437439,0.0182193081026827,0.0034836130414342414,0.003813957512750099,0.0037842998675013395,0.0052585519452088,0.008924188040715299,0.2929824053512245
663,2013-08-26,0.2947149261241106,0.2933291524181054,0.2938004392701719,0.2951808939177451,0.0060658295240069,0.001393473513583876,0.0003467470668809258,0.0006880795451454924,0.00035059357400119007,-0.012153478578675799,0.2933291524181054
664,2013-08-27,0.292276455259391,0.2888217983551958,0.2907042500569801,0.2909741087296803,0.0158409792605361,-0.0024384708647195996,-0.004507354062909641,-0.0030961892131918245,-0.004206785188064777,0.0097751497365292,0.2888217983551958
665,2013-08-28,0.2860058878039064,0.2867414135375129,0.2872639272790581,0.2878189319274912,0.016277369873774,-0.006270567455484599,-0.0020803848176828565,-0.0034403227779220003,-0.00315517680218913,0.00043639061323789974,0.2867414135375129
666,2013-08-29,0.2880960053167066,0.2898618769165013,0.2893280394579909,0.2899222990810708,0.0134190113570657,0.0020901175128001936,0.0031204633789883585,0.00206411217893282,0.002103367153579616,-0.0028583585167083012,0.2898618769165013
667,2013-08-30,0.2940181496534323,0.2839675345860682,0.2903601028520335,0.2871177081776601,0.0206412760061531,0.005922144336725721,-0.005894342330433067,0.0010320633940426038,-0.002804590903410731,0.007222264649087399,0.2839675345860682
668,2013-09-02,0.2856574869779797,0.2836208525749222,0.2834795743684432,0.2853648957742307,0.0101897208191051,-0.008360662675452601,-0.0003466820111460156,-0.006880528483590331,-0.0017528124034293935,-0.010451555187047998,0.2836208525749222
669,2013-09-03,0.2863541996878495,0.2884749862325801,0.2882959619484454,0.2874683096062182,0.0104951942483717,0.0006967127098697623,0.004854133657657911,0.004816387580002246,0.002103413831987533,0.0003054734292665985,0.2884749862325801
670,2013-09-04,0.2877476425533248,0.2898618769165013,0.2882959537048708,0.2895717279818192,0.0114552535974951,0.001393442865475325,0.0013868906839211714,-8.243574600719228e-09,0.002103418375600963,0.0009600593491234013,0.2898618769165013
671,2013-09-05,0.292973085963348,0.290902053061409,0.2907041557396074,0.2920257276295417,0.0121316590480138,0.005225443410023178,0.0010401761449077007,0.002408202034736573,0.0024539996477225268,0.0006764054505187002,0.290902053061409
672,2013-09-06,0.2936698528659001,0.2895151949053552,0.2903601680578062,0.2892211995611922,0.0144445292981747,0.0006967669025521039,-0.0013868581560537718,-0.00034398768180121664,-0.002804528068349521,0.002312870250160899,0.2895151949053552
673,2013-09-09,0.2943664836025018,0.2915954496115684,0.2920802170775393,0.293077387744592,0.0145754464821461,0.0006966307366016999,0.0020802547062132026,0.0017200490197331053,0.0038561881833998335,0.0001309171839714001,0.2915954496115684
674,2013-09-10,0.2954115717099663,0.2915954496115684,0.2917361885533019,0.29447967189648,0.0171501511002498,0.001045088107464509,0.0,-0.00034402852423737196,0.001402284151887978,0.0025747046181037007,0.2915954496115684
675,2013-09-11,0.2933214674485286,0.2891684478384744,0.2900161170747844,0.2909740328944118,0.0121752981093376,-0.0020901042614376864,-0.0024270017730940174,-0.001720071478517493,-0.003505639002068184,-0.0049748529909122,0.2891684478384744
676,2013-09-12,0.2908830409398935,0.2919423593177865,0.2903602584872851,0.2923764309774351,0.0111497801682285,-0.0024384265086351276,0.002773911479312108,0.00034414141250066477,0.0014023980830232818,-0.0010255179411091005,0.2919423593177865
677,2013-09-13,0.2936698218005266,0.2905553385223956,0.2907041659412893,0.2895717400803108,0.0197684947796772,0.002786780860633109,-0.0013870207953908809,0.00034390745400419975,-0.002804690897124318,0.008618714611448699,0.2905553385223956
678,2013-09-17,0.2919280333122334,0.286394666470632,0.2882959908354162,0.2895717652766756,0.0126553277838993,-0.0017417884882932055,-0.004160672051763625,-0.0024081751058731005,2.5196364827895223e-08,-0.007113166995777898,0.286394666470632
679,2013-09-18,0.2884443744054745,0.2874348100876723,0.2865758170674139,0.2899223054388669,0.0152954909939887,-0.0034836589067588908,0.0010401436170403011,-0.0017201737680022644,0.0003505401621912707,0.0026401632100894,0.2874348100876723
680,2013-09-19,0.2919280162967541,0.2891684478384744,0.2882959740316362,0.2902728906464734,0.0139863191542749,0.0034836418912795875,0.0017336377508020973,0.0017201569642222858,0.0003505852076065019,-0.0013091718397137998,0.2891684478384744
681,2013-09-20,0.2901861876776351,0.2929824053512245,0.2907041595864404,0.2920257314938629,0.022539575173738,-0.0017418286191189791,0.003813957512750099,0.0024081855548042097,0.0017528408473895252,0.008553256019463098,0.2929824053512245
682,2013-09-24,0.2947148973551505,0.2954094721800535,0.2951765249257989,0.2944797229059039,0.0253106555677987,0.004528709677515397,0.002427066828828983,0.004472365339358464,0.002453991412041001,0.0027710803940606994,0.2954094721800535
683,2013-09-25,0.2975017994577996,0.2954094721800535,0.2941444391743101,0.2951808651032989,0.018568420593273,0.0027869021026490914,0.0,-0.001032085751488776,0.0007011421973949772,-0.0067422349745256994,0.2954094721800535
684,2013-09-26,0.2996251220077836,0.3010230014309009,0.2986822315908471,0.2979771539010425,0.0160809940978169,0.002123322549983986,0.005613529250847404,0.004537792416537012,0.002796288797743629,-0.002487426495456097,0.3010230014309009
685,2013-09-27,0.3042076058570392,0.3027771967939233,0.3059926177380899,0.3040076259155666,0.0256815875890509,0.004582483849255636,0.0017541953630224039,0.007310386147242776,0.006030472014524113,0.009600593491233999,0.3027771967939233
686,2013-09-30,0.3003301315344197,0.2982162693333446,0.2983341262799661,0.3004603060937817,0.0222995603364571,-0.003877474322619534,-0.004560927460578679,-0.007658491458123806,-0.003547319821784911,-0.0033820272525937993,0.2982162693333446
687,2013-10-01,0.2964525946453044,0.294006122395209,0.2938086029062623,0.2901729648281025,0.0200521486782819,-0.003877536889115296,-0.004210146938135595,-0.004525523373703766,-0.010287341265679206,-0.0022474116581751996,0.294006122395209
688,2013-10-02,0.2953950733852101,0.2915502033479633,0.2952010398312072,0.2940750254332415,0.018982991675849,-0.0010575212600942852,-0.002455919047245736,0.0013924369249448953,0.0039020606051389795,-0.0010691570024329022,0.2915502033479633
689,2013-10-03,0.2932800696236494,0.2873400889376951,0.2903274345549727,0.2905276757204469,0.0167573995483357,-0.0021150037615607076,-0.004210114410268195,-0.004873605276234538,-0.0035473497127945786,-0.0022255921275133005,0.2873400889376951
690,2013-10-04,0.2886976368083113,0.287690999571608,0.2885869306517137,0.2905277444257707,0.0140735972769225,-0.0045824328153381,0.0003509106339129042,-0.001740503903258972,6.870532376357374e-08,-0.0026838022714131982,0.287690999571608
691,2013-10-07,0.2894026739034701,0.2841826088455632,0.288586967309172,0.287335168348113,0.0114334340668332,0.0007050370951587892,-0.0035083907260448077,3.665745829106726e-08,-0.0031925760776576606,-0.002640163210089301,0.2841826088455632
692,2013-10-08,0.2855251715734601,0.2841826088455632,0.2833652489622026,0.2859162292451594,0.0140735972769225,-0.0038775023300099964,0.0,-0.005221718346969384,-0.001418939102953598,0.002640163210089301,0.2841826088455632
693,2013-10-09,0.2844675821869422,0.289094316828585,0.2868463050336504,0.2859161400421631,0.0134844699490513,-0.0010575893865178987,0.004911707983021818,0.0034810560714477745,-8.920299632286799e-08,-0.0005891273278712007,0.289094316828585
694,2013-10-10,0.2908126163494384,0.2929536181885426,0.29137182524728,0.2905277229856634,0.0166046628337024,0.00634503416249621,0.003859301359957601,0.004525520213629619,0.004611582943500281,0.0031201928846511014,0.2929536181885426
695,2013-10-11,0.2968051788818565,0.2922519920879215,0.2938086861809743,0.2933656600597076,0.0173901659375306,0.005992562532418089,-0.0007016261006210778,0.0024368609336942737,0.002837937074044228,0.0007855031038281994,0.2922519920879215
696,2013-10-15,0.2950426413583901,0.2957603828139662,0.2948529934144477,0.2962035016660031,0.0231287025016091,-0.0017625375234663898,0.0035083907260446967,0.0010443072334734294,0.0028378416062955214,0.005738536564078498,0.2957603828139662
697,2013-10-16,0.2978627053874785,0.2954096022915232,0.2976379721576838,0.2976225032235876,0.0270780375514122,0.0028200640290884094,-0.00035078052244302826,0.0027849787432360773,0.001419001557584454,0.003949335049803101,0.2954096022915232
698,2013-10-17,0.2992725835552934,0.2964620089145873,0.2969416211351067,0.2972676464346866,0.0112152387602142,0.0014098781678149042,0.001052406623064106,-0.0006963510225770908,-0.00035485678890095906,-0.015862798791198,0.2964620089145873
699,2013-10-18,0.2978626304537378,0.2982162693333446,0.2958973247817633,0.2990413672220283,0.0087932708567438,-0.0014099531015556166,0.001754260418757314,-0.0010442963533434102,0.0017737207873416705,-0.0024219679034703998,0.2982162693333446
700,2013-10-21,0.2996251312256534,0.2982162693333446,0.2976378972804796,0.299750836657905,0.008553256019463,0.0017625007719155872,0.0,0.0017405724987163418,0.0007094694358766862,-0.00024001483728080045,0.2982162693333446
701,2013-10-22,0.3006826316888028,0.2982162693333446,0.2972897827807363,0.3004603060937817,0.0075931966703396,0.0010575004631494522,0.0,-0.00034811449974331277,0.0007094694358767417,-0.0009600593491233995,0.2982162693333446
702,2013-10-23,0.30138753880958,0.295058594074008,0.2976378052518952,0.2979770709347291,0.0131571769891229,0.0007049071207771984,-0.003157675259336634,0.00034802247115889307,-0.0024832351590526325,0.0055639803187833,0.295058594074008
703,2013-10-24,0.2968051183573968,0.2968128870206327,0.2948529697258558,0.2969129472769802,0.0083568802435059,-0.004582420452183211,0.0017542929466247137,-0.0027848355260394198,-0.0010641236577488833,-0.0048002967456169995,0.2968128870206327
704,2013-10-25,0.2982150307555138,0.2866383652534718,0.2945047681725062,0.2887539637170983,0.0513195361167781,0.001409912398116997,-0.010174521767160882,-0.0003482015533495808,-0.008158983559881872,0.0429626558732722,0.2866383652534718
705,2013-10-28,0.2890501782343079,0.2887435688340093,0.2864982844729361,0.2894635815516974,0.0129826207438278,-0.009164852521205913,0.002105203580537507,-0.008006483699570077,0.0007096178345990523,-0.0383369153729503,0.2887435688340093
706,2013-10-29,0.2886975834090529,0.289094316828585,0.2875425339293631,0.289818221357875,0.0104079161257241,-0.00035259482525501484,0.0003507479945756842,0.0010442494564269489,0.0003546398061776146,-0.0025747046181037007,0.289094316828585
707,2013-10-30,0.2904600216054652,0.2894450973510281,0.2885868153619933,0.2908823629496632,0.0184593229399635,0.0017624381964123081,0.0003507805224430838,0.0010442814326302452,0.0010641415917881925,0.0080514068142394,0.2894450973510281
708,2013-10-31,0.2915176739957537,0.2880418776776534,0.2892831952525045,0.2908825149294343,0.0174992635908401,0.0010576523902884882,-0.0014032196733747004,0.0006963798905111895,1.5197977110137373e-07,-0.0009600593491233995,0.2880418776776534
709,2013-11-01,0.29010755678174,0.2859367066249833,0.2878906215491292,0.2880445211901195,0.0138772215009655,-0.0014101172140136842,-0.0021051710526701073,-0.0013925737033753105,-0.0028379937393148147,-0.0036220420898745997,0.2859367066249833
710,2013-11-05,0.2918701441730812,0.2883926907279639,0.2906756235625815,0.2912372197357992,0.0226923118883712,0.0017625873913412193,0.002455984102980646,0.0027850020134522757,0.0031926985456797174,0.008815090387405699,0.2883926907279639
711,2013-11-06,0.2950426229996242,0.3013738470090789,0.2993784634687543,0.2962034832350037,0.0643894349832535,0.0031724788265429793,0.012981156281114958,0.008702839906172821,0.004966263499204482,0.0416971230948823,0.3013738470090789
712,2013-11-07,0.3017401228690149,0.3010230014309009,0.302511490970217,0.3025887050923682,0.03798780288236,0.006697499869390722,-0.000350845578177994,0.003133027501462715,0.006385221857364509,-0.026401632100893503,0.3010230014309009
713,2013-11-08,0.2978626212900907,0.3010230014309009,0.2993784605689144,0.2986866233150926,0.0230414243789616,-0.0038775015789241918,0.0,-0.003133030401302639,-0.003902081777275579,-0.014946378503398399,0.3010230014309009
714,2013-11-11,0.3013875692631112,0.2985670498557877,0.2983340641811017,0.2986865703318507,0.0214485986406432,0.003524947973020498,-0.002455951575113191,-0.0010443963878126739,-5.2983241904946965e-08,-0.0015928257383183986,0.2985670498557877
715,2013-11-12,0.3006826282565706,0.3017246925872568,0.2993784663618504,0.3011697720918656,0.013135357458461,-0.0007049410065406159,0.0031576427314691236,0.0010444021807486936,0.002483201760014875,-0.0083132411821822,0.3017246925872568
716,2013-11-13,0.3031500290105711,0.3052330182575667,0.3028595111171501,0.3047170184137961,0.0221031845605001,0.0024674007540004816,0.0035083256703098975,0.0034810447552997004,0.0035472463219305417,0.008967827102039099,0.3052330182575667
717,2013-11-14,0.3066751563602469,0.3087415716229487,0.3063407817969537,0.308264492049614,0.0238487470134517,0.003525127349675805,0.0035085533653819723,0.003481270679803583,0.003547473635817866,0.0017455624529516024,0.3087415716229487
718,2013-11-15,0.3102001366132366,0.3140041902398832,0.3126068215313949,0.3111023483902207,0.0246342501172799,0.0035249802529896956,0.0052626186169345,0.006266039734441231,0.002837856340606737,0.0007855031038281994,0.3140041902398832
719,2013-11-18,0.3168976036519837,0.317512580965928,0.3174803885627815,0.3167780679937575,0.0381405395969932,0.006697467038747129,0.0035083907260448077,0.004873567031386583,0.0056757196035368,0.013506289479713298,0.317512580965928
720,2013-11-19,0.3165451539814141,0.3157584181307731,0.315739866573461,0.3181970574161504,0.0232814392162424,-0.0003524496705696323,-0.0017541628351548932,-0.0017405219893205093,0.00141898942239288,-0.014859100380750799,0.3157584181307731
721,2013-11-20,0.3158401390971136,0.3140041902398832,0.3157398520367208,0.3135854914218416,0.044860955040857,-0.00070501488430047,-0.0017542278908899145,-1.4536740200465914e-08,-0.004611565994308786,0.0215795158246146,0.3140041902398832
722,2013-11-21,0.3168976244424692,0.3161092311810836,0.3160879514555737,0.3174875581801551,0.0238923860747755,0.0010574853453556021,0.002105040941200398,0.00034809941885294293,0.003902066758313505,-0.0209685689660815,0.3161092311810836
723,2013-11-22,0.3197176490027312,0.3189159958065073,0.3195691197373738,0.3206801940205344,0.0301109523134157,0.00282002456026198,0.00280676462542373,0.003481168281800062,0.0031926358403792654,0.0062185662386402,0.3189159958065073
724,2013-11-25,0.3235950997854966,0.3206701586416622,0.3195690693478724,0.3217443474717326,0.0152954909939887,0.0038774507827654126,0.0017541628351548932,-5.038950140479059e-08,0.001064153451198202,-0.014815461319426999,0.3206701586416622
725,2013-11-26,0.3218326579902628,0.3238278013731314,0.3213097002738068,0.3224538756773205,0.0247651673012513,-0.0017624417952338267,0.003157642731469179,0.0017406309259344055,0.0007095282055878949,0.009469676307262599,0.3238278013731314
726,2013-11-27,0.3260626571539058,0.3234769557949534,0.3223540409485582,0.325291750665058,0.0204885392915198,0.004229999163643028,-0.000350845578177994,0.0010443406747513984,0.002837874987737521,-0.004276628009731498,0.3234769557949534
727,2013-11-28,0.3271201488583958,0.3224244190604195,0.3233983757887297,0.3238728030130707,0.0177174588974591,0.0010574917044899879,-0.001052536734533871,0.0010443348401715236,-0.0014189476519873012,-0.002771080394060703,0.3224244190604195
728,2013-11-29,0.3228901823763586,0.3227752971664649,0.3206134949361356,0.3235181038008508,0.0229105071949902,-0.004229966482037217,0.0003508781060453936,-0.002784880852594096,-0.0003546992122199222,0.005193048297531103,0.3227752971664649
729,2013-12-02,0.320775110683647,0.3220735409543741,0.3202653100061657,0.3228085633299646,0.0235214540535233,-0.0021150716927115787,-0.0007017562120907872,-0.000348184929969908,-0.0007095404708861719,0.0006109468585330999,0.3220735409543741
730,2013-12-03,0.3243001599516686,0.3199685325410412,0.3206134719790229,0.3228086111606788,0.0253761141597844,0.0035250492680216072,-0.0021050084133329428,0.0003481619728571972,4.783071422265195e-08,0.0018546601062610982,0.3199685325410412
731,2013-12-04,0.3200701345415009,0.3171617679156175,0.3167841891858702,0.3192612405203902,0.0308528163559201,-0.004230025410167704,-0.0028067646254236744,-0.0038292827931526996,-0.0035473706402886496,0.005476702196135701,0.3171617679156175
732,2013-12-05,0.320070152762021,0.3154075725525951,0.3185247797864716,0.3178423197673298,0.0394278919060451,1.8220520092704362e-08,-0.0017541953630224039,0.0017405906006013883,-0.001418920753060382,0.008575075550124999,0.3154075725525951
733,2013-12-06,0.3168976395628405,0.3140041902398832,0.3133030505325785,0.3150044302970536,0.0284526679831116,-0.0031725131991804933,-0.0014033823127119205,-0.0052217292538930815,-0.002837889470276189,-0.0109752239229335,0.3140041902398832
734,2013-12-09,0.3190125983724122,0.3206701586416622,0.3185247259839904,0.3199706741119106,0.0192230065131299,0.0021149588095716876,0.006665968401779021,0.005221675451411889,0.0049662438148569965,-0.0092296614699817,0.3206701586416622
735,2013-12-10,0.3218325226431588,0.3231259801053057,0.3213095651466334,0.3231632092440319,0.0308091772945963,0.002819924270746621,0.0024558214636434816,0.0027848391626429936,0.0031925351321213102,0.011586170781466398,0.3231259801053057
736,2013-12-11,0.3221851581633079,0.3238278013731314,0.3223540438283263,0.3242275493609141,0.0173465268762068,0.0003526355201490805,0.0007018212678256974,0.0010444786816928842,0.0010643401168821676,-0.0134626504183895,0.3238278013731314
737,2013-12-12,0.3221851552850486,0.3234769557949534,0.3209615828883052,0.3224538727966605,0.0173683464068687,-2.8782592975673538e-09,-0.000350845578177994,-0.0013924609400211008,-0.00177367656425359,2.181953066190262e-05,0.3234769557949534
738,2013-12-13,0.3168975977558177,0.3168108898095721,0.3195690693837707,0.3189064701318412,0.0522795954659015,-0.00528755752923088,-0.006666065985381275,-0.0013925135045344539,-0.003547402664819288,0.0349112490590328,0.3168108898095721
739,2013-12-16,0.3190125984082481,0.3168108898095721,0.3160879248371065,0.3189064701318412,0.0254415727517701,0.0021150006524303655,0.0,-0.0034811445466642055,0.0,-0.026838022714131403,0.3168108898095721
740,2013-12-17,0.3179550980820329,0.3168108898095721,0.3153916959277737,0.3192612048038454,0.0147281831967794,-0.001057500326215155,0.0,-0.0006962289093327967,0.0003547346720041977,-0.0107133895549907,0.3168108898095721
741,2013-12-18,0.3200700957469632,0.3241785818955744,0.3227020964637017,0.3213896098360548,0.0417625816868679,0.002114997664930285,0.007367692086002298,0.007310400535927963,0.0021284050322094017,0.027034398490088502,0.3241785818955744
742,2013-12-19,0.327120145341541,0.3259328423143317,0.3233983723118874,0.3260012078522525,0.0288890585963495,0.007050049594577779,0.001754260418757314,0.0006962758481857123,0.004611598016197704,-0.012873523090518403,0.3259328423143317
743,2013-12-20,0.326062641961247,0.3255819967361538,0.323746483924072,0.3263559396593822,0.0286272242284068,-0.0010575033802939782,-0.0003508455781779385,0.0003481116121846206,0.00035473180712969343,-0.0002618343679426996,0.3255819967361538
744,2013-12-24,0.3260626034752636,0.3248802730519304,0.328271933662276,0.3270653704890818,0.0322710858489433,-3.848598340017162e-08,-0.0007017236842233876,0.004525449738204013,0.0007094308296995977,0.0036438616205365024,0.3248802730519304
745,2013-12-25,0.3274725919018705,0.3196176219071284,0.3237464338273965,0.3210348692269794,0.0276889844099453,0.0014099884266068896,-0.005262651144802011,-0.004525499834879543,-0.006030501262102417,-0.004582101438998003,0.3196176219071284
746,2013-12-26,0.3262741094321574,0.3304937697749104,0.3290378043372995,0.3249369768745049,0.0193811981104286,-0.0011984824697131025,0.010876147867782016,0.005291370509903026,0.003902107647525521,-0.0083077862995167,0.3304937697749104
747,2013-12-27,0.3358621066104141,0.3279676881176026,0.3316834553732524,0.3299032521417757,0.0251306444398381,0.009587997178256702,-0.0025260816573078326,0.0026456510359528784,0.004966275267270781,0.0057494463294095015,0.3279676881176026
748,2013-12-30,0.3305040802269751,0.3358265510019071,0.3341898632132589,0.3311802679756467,0.0229486913736485,-0.0053580263834390185,0.00785886288430454,0.002506407840006497,0.0012770158338710202,-0.0021819530661895993,0.3358265510019071
749,2014-01-06,0.3388231053488473,0.333160144124475,0.3355823308581706,0.3334505882656148,0.0285781302844175,0.008319025121872214,-0.002666406877432137,0.001392467644911688,0.0022703202899680974,0.005629438910768999,0.333160144124475
750,2014-01-07,0.3453091266066643,0.3342828759969384,0.3411521939201715,0.3351533416280048,0.0323529090889255,0.0064860212578169985,0.0011227318724634228,0.005569863062000913,0.0017027533623900082,0.003774778804507998,0.3342828759969384
751,2014-01-08,0.3400920797973462,0.3362475591901472,0.3379494876613421,0.3381330729941249,0.0318619696490328,-0.0052170468093181155,0.001964683193208805,-0.003202706258829402,0.002979731366120064,-0.0004909394398927014,0.3362475591901472
752,2014-01-09,0.3379770891557477,0.3335811523127151,0.3337721242194348,0.3343019528751293,0.0182684020466719,-0.00211499064159848,-0.0026664068774320815,-0.004177363441907278,-0.003831120118995557,-0.013593567602360898,0.3335811523127151
753,2014-01-10,0.3313501163544162,0.3352652175935428,0.3330759201893565,0.3307546309522104,0.0225013909950796,-0.00662697280133151,0.0016840652808276513,-0.0006962040300783068,-0.0035473219229189,0.004232988948407703,0.3352652175935428
754,2014-01-14,0.3382591641769912,0.3338619003365658,0.335025427453175,0.3335925617067583,0.0196484873610368,0.00690904782257501,-0.0014033172569769548,0.001949507263818484,0.002837930754547857,-0.0028529036340428013,0.3338619003365658
755,2014-01-15,0.3385410983013998,0.3369492503465031,0.3344683492344237,0.3365722378161875,0.0161300880418062,0.00028193412440857823,0.003087350009937262,-0.0005570782187512835,0.00297967610942923,-0.0035183993192305987,0.3369492503465031
756,2014-01-16,0.3426301958271436,0.3376510390864613,0.3397597971327494,0.3401196886604403,0.0129717109784968,0.004089097525743823,0.0007017887399582423,0.005291447898325696,0.0035474508442527863,-0.0031583770633094015,0.3376510390864613
757,2014-01-17,0.3400920720784912,0.3391946165078277,0.3366962765583327,0.3371398126516986,0.0132062709331122,-0.002538123748652421,0.001543577421366349,-0.0030635205744167227,-0.0029798760087416665,0.00023455995461539939,0.3391946165078277
758,2014-01-20,0.3398102033364127,0.3414401453084894,0.3390635771412389,0.3411129508290662,0.0133317332344181,-0.0002818687420784727,0.0022455288006617002,0.00236730058290624,0.003973138177367552,0.00012546230130590016,0.3414401453084894
759,2014-01-21,0.3436170761431518,0.3434047309180958,0.3428230852130296,0.3439507037379627,0.0196103031823785,0.003806872806739081,0.0019645856096064396,0.003759508071790707,0.0028377529088965403,0.006278569947960401,0.3434047309180958
760,2014-01-22,0.3427710988919248,0.3394752994759435,0.339481205137183,0.3391263311491308,0.0221359138564929,-0.0008459772512269814,-0.003929431442152298,-0.003341880075846626,-0.004824372588831893,0.0025256106741144008,0.3394752994759435
761,2014-01-23,0.343476106983516,0.336528242158263,0.3410129037695362,0.3399777108094481,0.0171174218042569,0.000705008091591186,-0.0029470573176805237,0.0015316986323531956,0.0008513796603172863,-0.005018492052236,0.336528242158263
762,2014-01-24,0.3364261285170202,0.3328794936842266,0.3334936635609558,0.3352952323856067,0.013560838306368,-0.007049978466495799,-0.0036487484740364007,-0.007519240208580413,-0.004682478423841396,-0.0035565834978889006,0.3328794936842266
763,2014-01-27,0.3252870277790921,0.3229154922751194,0.3233286333939749,0.3249368913676705,0.0161028136284788,-0.01113910073792812,-0.009964001409107193,-0.010165030166980893,-0.010358341017936201,0.0025419753221108,0.3229154922751194
764,2014-01-28,0.3300811528030866,0.3243189721714336,0.3301517996880805,0.3279167815579041,0.0236469163548292,0.004794125023994511,0.0014034798963141748,0.00682316629410562,0.0029798901902335917,0.0075441027263504,0.3243189721714336
765,2014-01-29,0.3240181873164621,0.3227752971664649,0.32318955105992,0.3211059117431202,0.0245033329333086,-0.006062965486624494,-0.0015436750049686587,-0.006962248628160528,-0.006810869814783904,0.0008564165784793985,0.3227752971664649
766,2014-01-30,0.3206341198270684,0.3177231013239818,0.3177588992298891,0.3194031367443938,0.0151700286926828,-0.003384067489393683,-0.00505219584248312,-0.005430651830030886,-0.0017027749987263974,-0.0093333042406258,0.3177231013239818
767,2014-01-31,0.3220441296884941,0.3201088577611654,0.3216577950160978,0.3203963988362798,0.0203030732808937,0.0014100098614256984,0.0023857564371835838,0.0038988957862087226,0.0009932620918859936,0.005133044588210898,0.3201088577611654
768,2014-02-03,0.3176731358107755,0.3116886289406291,0.3180373908355308,0.3150044219710132,0.0227141314190331,-0.00437099387771861,-0.00842022882053628,-0.0036204041805670273,-0.005391976865266601,0.0024110581381394,0.3116886289406291
769,2014-02-04,0.300330133526874,0.2958305454240284,0.2997962134172445,0.2991123204802489,0.0238432921307862,-0.01734300228390151,-0.015858083516600674,-0.018241177418286292,-0.01589210149076431,0.0011291607117531015,0.2958305454240284
770,2014-02-05,0.2848201272544066,0.2893750323245683,0.2900490079944978,0.2860580877297666,0.048199343232127,-0.015510006272467403,-0.006455513099460131,-0.009747205422746708,-0.013054232750482286,0.024356051101340797,0.2893750323245683
771,2014-02-06,0.2911650841219508,0.289094316828585,0.2893527333076602,0.2896053892193505,0.0248251710105715,0.006344956867544216,-0.0002807154959832969,-0.0006962746868375835,0.003547301489583876,-0.023374172221555498,0.289094316828585
772,2014-02-07,0.2956771590408281,0.297093602516616,0.2949226421928005,0.2938622826401345,0.0185793303586039,0.004512074918877285,0.007999285688030988,0.005569908885140307,0.004256893420784003,-0.006245840651967597,0.297093602516616
773,2014-02-10,0.3055471429410928,0.2984969523014604,0.302720373778426,0.2982609596169575,0.0182520373986755,0.009869983900264723,0.0014033497848444099,0.007797731585625467,0.004398676976823002,-0.0003272929599284005,0.2984969523014604
774,2014-02-12,0.3118921237741729,0.306355815185765,0.3092649216215369,0.3066326904690818,0.022425022637763,0.006344980833080105,0.007858862884304596,0.006544547843110926,0.008371730852124337,0.0041729852390875,0.306355815185765
775,2014-02-13,0.3082261142660601,0.3013036518711493,0.3056445016877526,0.3037947921921246,0.0175701770654913,-0.0036660095081127997,-0.005052163314615665,-0.0036204199337843135,-0.0028378982769572403,-0.004854845572271702,0.3013036518711493
776,2014-02-14,0.3135841134277383,0.2990582857098247,0.3105181186151001,0.29925418478617,0.0241269460293909,0.005357999161678173,-0.0022453661613246467,0.004873616927347502,-0.004540607405954578,0.0065567689638996,0.2990582857098247
777,2014-02-17,0.2952540956910346,0.2977952286172371,0.2964542743664755,0.2940041049886395,0.0211649447420386,-0.018330017736703674,-0.0012630570925875606,-0.014063844248624613,-0.005250079797530505,-0.0029620012873523005,0.2977952286172371
778,2014-02-18,0.3001891146654044,0.306355815185765,0.3059230097669705,0.3020920688824917,0.019615758065044,0.004935018974369765,0.008560586568527873,0.009468735400495032,0.00808796389385219,-0.0015491866769946003,0.306355815185765
779,2014-02-19,0.3055471478512293,0.3056541565572765,0.3062015238494613,0.3047880922722586,0.0348785197630399,0.005358033185824895,-0.0007016586284884774,0.00027851408249079945,0.002696023389766933,0.0152627616979959,0.3056541565572765
780,2014-02-20,0.3072390292282208,0.3024262861600104,0.3060621760680649,0.305213663886157,0.0135662931890335,0.0016918813769914998,-0.0032278703972661305,-0.00013934778139640391,0.00042557161389839004,-0.021312226574006398,0.3024262861600104
781,2014-02-21,0.3041371150675745,0.3135129869137136,0.3131637812284325,0.3052137460945069,0.0369350105279235,-0.0031019141606462575,0.011086700753703216,0.007101605160367619,8.220834990524395e-08,0.02336871733889,0.3135129869137136
782,2014-02-24,0.3138660042842397,0.3076187096390155,0.3126066795538686,0.3086190651921403,0.0247869868319132,0.009728889216665204,-0.005894277274698101,-0.000557101674563909,0.0034053190976333636,-0.012148023696010302,0.3076187096390155
783,2014-02-25,0.3123151098621067,0.3119692793808776,0.3116320775571407,0.3107475861277742,0.0261943465596055,-0.00155089442213302,0.004350569741862098,-0.0009746019967279418,0.0021285209356339263,0.0014073597276923026,0.3119692793808776
784,2014-02-26,0.306393113892135,0.3031280423721012,0.3042520483468552,0.3064907716902378,0.0186666084812515,-0.005921995969971672,-0.00884123700877637,-0.007380029210285466,-0.004256814437536394,-0.0075277380783539995,0.3031280423721012
785,2014-02-27,0.3018811046457998,0.2952691469599292,0.2996569212221994,0.2979771273621534,0.0351130797176552,-0.0045120092463352135,-0.007858895412172051,-0.004595127124655818,-0.00851364432808438,0.016446471236403696,0.2952691469599292
786,2014-02-28,0.2973691420390594,0.291480105793636,0.2947833743631067,0.2927271136618358,0.0259761512529865,-0.004511962606740416,-0.0037890411662931944,-0.004873546859092692,-0.005250013700317635,-0.009136928464668698,0.291480105793636
787,2014-03-03,0.2921521247273594,0.2904977316691642,0.2932516641642679,0.2910243723305859,0.0243778706320027,-0.00521701731169999,-0.0009823741244717743,-0.0015317101988387982,-0.0017027413312498685,-0.0015982806209837996,0.2904977316691642
788,2014-03-04,0.2917290524461281,0.2927430653026214,0.2911629094982327,0.291024304702923,0.0279562736605535,-0.0004230722812312848,0.0022453336334571916,-0.0020887546660351974,-6.762766291412703e-08,0.0035784030285508014,0.2927430653026214
789,2014-03-05,0.2973691099763435,0.2968128870206327,0.296315054816916,0.297693367956114,0.0224304775204285,0.005640057530215403,0.0040698217180112906,0.005152145318683299,0.006669063253190999,-0.005525796140125001,0.2968128870206327
790,2014-03-06,0.2965231777691429,0.2942868704190597,0.2935301935919631,0.2940041731257464,0.0233032587469043,-0.0008459322072006392,-0.002526016601572978,-0.002784861224952917,-0.0036891948303676148,0.0008727812264757995,0.2942868704190597
791,2014-03-07,0.2956771381847084,0.2984969523014604,0.2961758251451505,0.2975514901499089,0.0265761883461886,-0.0008460395844344659,0.004210081882400685,0.002645631553187422,0.0035473170241624996,0.0032729295992843,0.2984969523014604
792,2014-03-10,0.2993430925017868,0.2944271305834491,0.2956187950618576,0.296983867623039,0.0127862449678707,0.0036659543170783904,-0.0040698217180112906,-0.0005570300832928865,-0.0005676225268698709,-0.013789943378317899,0.2944271305834491
793,2014-03-11,0.296100204172168,0.2954096022915232,0.2963151409753176,0.2971258658330185,0.013135357458461,-0.0032428883296188316,0.0009824717080740841,0.0006963459134599614,0.00014199820997945478,0.00034911249059029967,0.2954096022915232
794,2014-03-12,0.2944081010165295,0.291760723706017,0.2936693513381501,0.2945716861913797,0.0250488211998559,-0.0016921031556385024,-0.0036488785855061656,-0.002645789637167495,-0.0025541796416387874,0.011913463741394901,0.291760723706017
795,2014-03-13,0.2942671782454156,0.2955499275116474,0.2942264330943752,0.2951393391531399,0.0306455308146321,-0.00014092277111388274,0.003789203805630359,0.0005570817562250974,0.0005676529617602011,0.005596709614776197,0.2955499275116474
796,2014-03-14,0.2946901316642129,0.2893750323245683,0.2947833567338859,0.2923014101600481,0.0383805544342741,0.0004229534187972783,-0.006174895187079088,0.0005569236395107091,-0.002837928993091765,0.0077350236196420015,0.2893750323245683
797,2014-03-17,0.2897550958719099,0.2892346745765766,0.2907452032979571,0.2904567516115032,0.03620405625075,-0.0049350357923029775,-0.00014035774799170397,-0.004038153435928782,-0.0018446585485449307,-0.0021764981835240976,0.2892346745765766
798,2014-03-18,0.292998157527114,0.2920414717298678,0.2908844922078213,0.2928689993592916,0.0137353945516631,0.0032430616552041047,0.002806797153291185,0.00013928890986419917,0.0024122477477884208,-0.0224686616990869,0.2920414717298678
799,2014-03-19,0.2939850836054442,0.2902170161731809,0.29060593550511,0.2898891713084455,0.0146681794874592,0.0009869260783301748,-0.0018244555566868659,-0.00027855670271131894,-0.002979828050846123,0.0009327849357960993,0.2902170161731809
800,2014-03-20,0.2934211714166679,0.2839019258774473,0.2900490393435012,0.2870513716435095,0.0269362106021099,-0.0005639121887762721,-0.0063150902957336275,-0.0005568961616088108,-0.0028377996649359694,0.012268031114650699,0.2839019258774473
801,2014-03-24,0.2848201171963664,0.2868489506672604,0.2861501112085234,0.2859161750840778,0.0314146692704639,-0.008601054220301496,0.002947024789813124,-0.003898928134977775,-0.0011351965594317281,0.004478458668354002,0.2868489506672604
802,2014-03-25,0.2945491229952547,0.2893750323245683,0.2908844700529187,0.2883283769538284,0.0285781302844175,0.009729005798888302,0.002526081657307888,0.00473435884439527,0.0024122018697506076,-0.0028365389860464003,0.2893750323245683
803,2014-03-26,0.289191130526537,0.2897960405128083,0.2892135174015449,0.2901729945221553,0.0208976554914303,-0.005357992468717709,0.00042100818823997965,-0.0016709526513737916,0.0018446175683268784,-0.0076804747929872,0.2897960405128083
804,2014-03-27,0.2911650830184537,0.2927792037633441,0.2914891993565611,0.2895636547380488,0.0145154427728259,0.001973952491916675,0.002983163250535825,0.0022756819550162066,-0.0006093397841064885,-0.0063822127186044,0.2927792037633441
805,2014-03-28,0.2937341910478582,0.2927792037633441,0.2905025381042201,0.2907126992919409,0.0263307186262423,0.002569108029404521,0.0,-0.0009866612523409812,0.0011490445538920868,0.0118152758534164,0.2927792037633441
806,2014-03-31,0.2975878378214402,0.3010184800573271,0.3007920286742747,0.2994743020643806,0.0318837891796947,0.00385364677358202,0.008239276293983022,0.010289490570054571,0.008761602772439703,0.005553070553452399,0.3010184800573271
807,2014-04-01,0.2991579010602379,0.2956203828725164,0.2959997080569066,0.2915745458961019,0.0449264136328427,0.0015700632387976587,-0.005398097184810713,-0.004792320617368062,-0.007899756168278704,0.013042624453148001,0.2956203828725164
808,2014-04-02,0.2974451126315522,0.2995979230306084,0.2998053790290313,0.2993306721131648,0.0215413316459562,-0.0017127884286856632,0.003977540158091986,0.0038056709721246973,0.0077561262170628975,-0.0233850819868865,0.2995979230306084
809,2014-04-03,0.3018697748404333,0.3013027085629936,0.3026245097045234,0.3033524802736129,0.0206958248328078,0.004424662208881103,0.0017047855323852334,0.0028191306754921097,0.004021808160448115,-0.0008455068131483987,0.3013027085629936
810,2014-04-04,0.3020124243117292,0.3018708402956523,0.3007920390382054,0.3024906091879456,0.0114061596535058,0.0001426494712958859,0.0005681317326586832,-0.0018324706663180312,-0.0008618710856672651,-0.009289665179302,0.3018708402956523
811,2014-04-07,0.3035824628946986,0.3015867744293229,0.3013559043389721,0.3032088167712144,0.0162991894044359,0.0015700385829693908,-0.0002840658663293971,0.0005638653007666861,0.0007182075832687929,0.0048930297509300995,0.3015867744293229
812,2014-04-08,0.3004424722484355,0.2951942352812213,0.2969863970091363,0.2967453623248768,0.0177610979587829,-0.00313999064626308,-0.006392539148101617,-0.0043695073298357645,-0.006463454446337613,0.0014619085543470002,0.2951942352812213
813,2014-04-09,0.2935915107202717,0.2974671200183977,0.2965635233795839,0.2937290524295737,0.0384896520875836,-0.006850961528163835,0.002272884737176406,-0.0004228736295524005,-0.0030163098953031042,0.0207285541288007,0.2974671200183977
814,2014-04-10,0.2965887798763953,0.2900801389070051,0.2928987504042812,0.2905691082796426,0.0345566816857769,0.0029972691561236386,-0.0073869811113925765,-0.0036647729753027103,-0.003159944149931093,-0.0039329704018067,0.2900801389070051
815,2014-04-11,0.2875969227190635,0.2897960405128083,0.28881113364748,0.288270986079382,0.0144663488288366,-0.008991857157331806,-0.00028409839419685223,-0.004087616756801193,-0.0022981222002605994,-0.0200903328569403,0.2897960405128083
816,2014-04-14,0.2888814561753712,0.296756808977171,0.2978320798404062,0.290281848264217,0.0260307000796412,0.0012845334563076904,0.006960768464362721,0.009020946192926205,0.002010862184834983,0.0115643512508046,0.296756808977171
817,2014-04-15,0.2963032777997841,0.2913586142087579,0.2931806006655631,0.2934417138269943,0.0193375590491048,0.007421821624412905,-0.005398194768413078,-0.004651479174843098,0.0031598655627773087,-0.0066931410305363995,0.2913586142087579
818,2014-04-16,0.2943051096611149,0.3035755282444352,0.3012149098288486,0.2957398613956451,0.0133753722957419,-0.0019981681386692096,0.012216914035677262,0.008034309163285458,0.0022981475686508213,-0.005962186753362901,0.3035755282444352
819,2014-04-17,0.3060088101213154,0.3055643471152823,0.3057253865478166,0.3059378064074882,0.0116625391387831,0.011703700460200528,0.00198881887084712,0.004510476718968037,0.010197945011843068,-0.0017128331569588005,0.3055643471152823
820,2014-04-18,0.3090061432730003,0.307979346105292,0.3060073444358735,0.3067996481200074,0.0091369284646687,0.002997333151684878,0.002414998990009687,0.00028195788805690514,0.0008618417125191846,-0.002525610674114399,0.307979346105292
821,2014-04-21,0.3107188170228329,0.3139456726063637,0.3141824990884608,0.3126885209670982,0.016162817337799,0.0017126737498325828,0.005966326501071706,0.00817515465258728,0.005888872847090831,0.0070258888731303,0.3139456726063637
822,2014-04-22,0.3159998220558115,0.3101102141732376,0.3147463945734113,0.3132631385060622,0.0149409236207329,0.005281005032978625,-0.0038354584331261043,0.0005638954849505051,0.000574617538963984,-0.0012218937170661009,0.3101102141732376
823,2014-04-23,0.3158570204916047,0.3173550159760621,0.3150282083996785,0.3145557386532747,0.0250924602611797,-0.0001428015642068181,0.0072448018028244965,0.00028181382626718543,0.001292600147212497,0.0101515366404468,0.3173550159760621
824,2014-04-24,0.319996144691973,0.3179232778201905,0.3188339354590822,0.3204447120415509,0.0152136677540066,0.004139124200368327,0.0005682618441283926,0.003805727059403685,0.0058889733882762085,-0.0098787925071731,0.3179232778201905
825,2014-04-25,0.3167133524051547,0.3201961300294995,0.3184110300289615,0.3177156319702425,0.0204667197608579,-0.0032827922868183257,0.0022728522093090064,-0.00042290543012069026,-0.0027290800713083985,0.005253052006851298,0.3201961300294995
826,2014-04-28,0.3199961214153701,0.3207643918736279,0.3188339122670186,0.3191519807729835,0.0110352276322536,0.003282769010215403,0.0005682618441283926,0.00042288223805714287,0.0014363488027410165,-0.009431492128604299,0.3207643918736279
827,2014-04-30,0.3224225529168934,0.3203382768102002,0.3192568328684596,0.321737434885132,0.020963114083416,0.0024264315015233295,-0.0004261150634276567,0.0004229206014409459,0.0025854541121484997,0.009927886451162401,0.3203382768102002
828,2014-05-01,0.3218516444527641,0.3199120966910376,0.320243489142851,0.3194392964637464,0.0172810682842212,-0.0005709084641293272,-0.00042618011916262244,0.0009866562743914287,-0.002298138421385598,-0.0036820457991948025,0.3199120966910376
829,2014-05-02,0.3212807096509166,0.3179232778201905,0.3172834738555243,0.3072304799402169,0.026396177218228,-0.0005709348018475002,-0.00198881887084712,-0.0029600152873267005,-0.012208816523529509,0.009115108934006803,0.3179232778201905
830,2014-05-07,0.3051524819062986,0.2984615294538213,0.303047329205252,0.2977507687658485,0.0656876970576362,-0.016128227744617973,-0.019461748366369158,-0.014236144650272287,-0.00947971117436841,0.03929151983940821,0.2984615294538213
831,2014-05-08,0.2995860498246607,0.2977512184125945,0.2972682519501608,0.296314414435646,0.0389151329354905,-0.005566432081637929,-0.0007103110412268188,-0.005779077255091192,-0.001436354330202505,-0.026772564122145702,0.2977512184125945
832,2014-05-09,0.2970169426581229,0.2960464979359442,0.2988187142917839,0.2973198187351655,0.0222559212751333,-0.0025691071665377985,-0.0017047204766503232,0.0015504623416230934,0.0010054042995195078,-0.016659211660357203,0.2960464979359442
833,2014-05-12,0.2990151108010561,0.2930633021575409,0.2961406158709453,0.2960271178702582,0.0138663117356345,0.0019981681429331877,-0.0029831957784032803,-0.002678098420838604,-0.0012927008649072924,-0.008389609539498799,0.2930633021575409
834,2014-05-13,0.2975878948287938,0.2961886121887774,0.2964225795459005,0.2983252927593987,0.0151918482233447,-0.001427215972262308,0.0031253100312365056,0.00028196367495519903,0.0022981748891404696,0.001325536487710199,0.2961886121887774
835,2014-05-14,0.2963032749012664,0.2976091041597613,0.2964225029401434,0.2966016270550883,0.013342642999749,-0.001284619927527375,0.0014204919709838726,-7.660575712664652e-08,-0.0017236657043103731,-0.0018492052235956988,0.2976091041597613
836,2014-05-15,0.2961605224345615,0.2966146947243377,0.2955767653202845,0.296601611246524,0.0133917369437383,-0.0001427524667049207,-0.00099440943542356,-0.0008457376198588995,-1.5808564290953342e-08,4.9093943989299976e-05,0.2966146947243377
837,2014-05-16,0.2947333003828672,0.2903642373012018,0.2917711171375459,0.2911436195585709,0.0211431252113767,-0.0014272220516942657,-0.006250457423135902,-0.003805648182738597,-0.005457991687953134,0.007751388267638399,0.2903642373012018
838,2014-05-19,0.2901660148985793,0.2896539587878425,0.287965417027127,0.2904254615719042,0.0145208976554914,-0.00456728548428792,-0.0007102785133593081,-0.0038057001104188637,-0.0007181579866666898,-0.006622227555885299,0.2896539587878425
839,2014-05-20,0.2910223487825301,0.2882333692332564,0.2888110966730772,0.2898509183240032,0.016070084332486,0.0008563338839507884,-0.001420589554586127,0.0008456796459501703,-0.0005745432479009605,0.0015491866769945985,0.2882333692332564
840,2014-05-21,0.2870259601653648,0.290222155576236,0.2888110740191963,0.288845470715969,0.0137626689649905,-0.003996388617165281,0.0019887863429796093,-2.265388088229514e-08,-0.0010054476080342267,-0.0023074153674954995,0.290222155576236
841,2014-05-22,0.2937342385054166,0.2949101043591571,0.2934625692749086,0.2945908489654545,0.0182793118120029,0.0067082783400517765,0.004687948782921114,0.00465149525571229,0.005745378249485511,0.004516642847012399,0.2949101043591571
842,2014-05-23,0.296874302823425,0.2971830541520684,0.2981140504380233,0.2984689826005363,0.0140735972769225,0.0031400643180083954,0.0022729497929113163,0.004651481163114701,0.0038781336350817708,-0.004205714535080398,0.2971830541520684
843,2014-05-26,0.2997287215000381,0.2966146947243377,0.2971272481559613,0.2974634164623133,0.0112861522348654,0.002854418676613124,-0.0005683594277307025,-0.0009868022820619937,-0.001005566138223002,-0.0027874450420571004,0.2966146947243377
844,2014-05-27,0.2965887719446023,0.2939156623958661,0.296986348698554,0.2970325752125672,0.0089623722193735,-0.0031399495554357837,-0.002699032328471629,-0.00014089945740730636,-0.0004308412497460723,-0.0023237800154919004,0.2939156623958661
845,2014-05-28,0.295589648076096,0.2930633021575409,0.2936034716689861,0.2958834763481017,0.0103097282377456,-0.000999123868506313,-0.0008523602383251894,-0.00338287702956791,-0.0011490988644655142,0.0013473560183721,0.2930633021575409
846,2014-05-29,0.2938768997066002,0.2943418099871612,0.2927577545191732,0.2940162509169713,0.0108279420909656,-0.001712748369495809,0.0012785078296203012,-0.0008457171498129079,-0.0018672254311303815,0.0005182138532199999,0.2943418099871612
847,2014-05-30,0.2983014458423028,0.3001661198190019,0.2995234352895925,0.2961707125787385,0.0357185716935228,0.0044245461357025895,0.005824309831840679,0.006765680770419336,0.002154461661767193,0.0248906296025572,0.3001661198190019
848,2014-06-02,0.3068651553091278,0.303291397322371,0.3062891769599858,0.305075969699892,0.0206030918274947,0.008563709466824998,0.003125277503369106,0.006765741670393288,0.008905257121153476,-0.015115479866028098,0.303291397322371
849,2014-06-03,0.3117179111604858,0.2995979230306084,0.3078396515727583,0.3022033273999192,0.0325056458035587,0.004852755851358026,-0.0036934742917625885,0.0015504746127724678,-0.002872642299972805,0.011902553976063997,0.2995979230306084
850,2014-06-04,0.3008706239262432,0.3005923649938994,0.3002282665304777,0.3007670263279992,0.0329474912994621,-0.010847287234242609,0.000994441963291015,-0.007611385042280594,-0.0014363010719199987,0.0004418454959034049,0.3005923649938994
851,2014-06-05,0.3015842698316168,0.29988208648054,0.3005101725993827,0.3006234125979774,0.023046879261627,0.0007136459053735944,-0.0007102785133594192,0.00028190606890499126,-0.00014361373002175215,-0.009900612037835103,0.29988208648054
852,2014-06-06,0.3017269788464971,0.3005923649938994,0.3024835109384433,0.3020597344712161,0.0314092143877985,0.00014270901488028231,0.0007102785133594192,0.001973338339060604,0.0014363218732386662,0.008362335126171499,0.3005923649938994
853,2014-06-09,0.3035824074315039,0.303291397322371,0.3023425105165248,0.3036396421176578,0.016473745649731,0.001855428585006813,0.0026990323284715734,-0.00014100042191850237,0.001579907646441725,-0.0149354687380675,0.303291397322371
854,2014-06-10,0.3040106414877782,0.29988208648054,0.3005101725993827,0.3023470015727874,0.0232487099202496,0.00042823405627429034,-0.0034093108418309925,-0.0018323379171421017,-0.0012926405448704381,0.006774964270518602,0.29988208648054
855,2014-06-11,0.3012988714481435,0.3013027085629936,0.2991007030672848,0.3017725325660008,0.0175810868308222,-0.0027117700396346867,0.0014206220824536375,-0.0014094695320978623,-0.0005744690067865932,-0.005667623089427403,0.3013027085629936
856,2014-06-12,0.301869701232773,0.3062746256286417,0.3038930188974703,0.3036396674615108,0.0178156467854376,0.0005708297846295229,0.0049719170656480904,0.004792315830185467,0.001867134895509992,0.00023455995461540285,0.3062746256286417
857,2014-06-13,0.3075788098257523,0.3065587240228384,0.305584430388966,0.3070868560621638,0.0221468236218238,0.005709108592979295,0.0002840983941966857,0.001691411491495709,0.0034471886006530172,0.004331176836386199,0.3065587240228384
858,2014-06-16,0.3097198213617409,0.3081214278302578,0.3088264273711284,0.3106777672182197,0.0245797012906252,0.002141011535988613,0.0015627038074194077,0.0032419969821624317,0.0035909111560559204,0.0024328776688013996,0.3081214278302578
859,2014-06-17,0.3111470627938723,0.3088316738157498,0.3096720894069403,0.3115395120141887,0.0238760214267791,0.0014272414321313542,0.000710245985491964,0.0008456620358118783,0.0008617447959690105,-0.000703679863846101,0.3088316738157498
860,2014-06-18,0.3101479710763942,0.3088316738157498,0.3082625669048536,0.3113958923744995,0.0169101362629689,-0.0009990917174780845,0.0,-0.001409522502086702,-0.00014361963968922975,-0.0069658851638101996,0.3088316738157498
861,2014-06-19,0.3110042732834338,0.315224180435984,0.3150282257448265,0.3126885256403902,0.0250433663171905,0.0008563022070395832,0.006392506620234217,0.006765658839972877,0.0012926332658906858,0.008133230054221601,0.315224180435984
862,2014-06-20,0.3159997564332197,0.3089736904849807,0.3124910849616095,0.3124012680835299,0.0256652229410545,0.004995483149785929,-0.006250489951003302,-0.0025371407832169846,-0.00028725755686026533,0.0006218566238639991,0.3089736904849807
863,2014-06-23,0.3124315582741606,0.3156503605551466,0.3153101310715527,0.3144121196014148,0.03286566805948,-0.0035681981590591216,0.006676670070165924,0.002819046109943213,0.002010851517884882,0.007200445118425498,0.3156503605551466
864,2014-06-24,0.3172843112727558,0.3170709175818653,0.315451080290664,0.3144121080271342,0.0251197346745071,0.004852752998595222,0.0014205570267186718,0.000140949219111286,-1.1574280589510266e-08,-0.007745933384972897,0.3170709175818653
865,2014-06-25,0.3191397916700397,0.3147980328446889,0.3192567982841094,0.3181465808352776,0.0274653342206609,0.001855480397283893,-0.002272884737176406,0.0038057179934454233,0.0037344728081433742,0.0023455995461537996,0.3147980328446889
866,2014-06-26,0.3194252643568338,0.316218622399275,0.3165787354167007,0.3169975352137871,0.0120825651040246,0.0002854726867941304,0.001420589554586127,-0.002678062867408737,-0.0011490456214904854,-0.0153827691166363,0.316218622399275
867,2014-06-27,0.3148580056400826,0.3084055262244546,0.3117863789658046,0.3092414062878866,0.0265380041675303,-0.004567258716751232,-0.0078130961748204,-0.004792356450896096,-0.007756128925900496,0.0144554390635057,0.3084055262244546
868,2014-06-30,0.3087206293051805,0.3126671647767433,0.3107996496281941,0.3073741084828992,0.0442991021263132,-0.006137376334902078,0.004261638552288671,-0.0009867293376104591,-0.0018672978049874,0.017761097958782904,0.3126671647767433
869,2014-07-01,0.3135734084537034,0.3150821637667531,0.3131958695314503,0.3125449329987373,0.0194139274064214,0.00485277914852289,0.002414998990009798,0.0023962199032561693,0.005170824515838113,-0.024885174719891802,0.3150821637667531
870,2014-07-02,0.3211379906595838,0.324457898693258,0.3224987197735097,0.322886482502458,0.0460555743445958,0.00756458220588041,0.009375734926504897,0.009302850242059402,0.010341549503720682,0.026641646938174397,0.324457898693258
871,2014-07-03,0.3259907530234485,0.3203382768102002,0.3223577779369632,0.3218810764352123,0.0183120411079957,0.004852762363864671,-0.004119621883057756,-0.00014094183654650427,-0.0010054060672456955,-0.027743533236600098,0.3203382768102002
872,2014-07-04,0.3237070870433771,0.3172129993068311,0.3196796633086691,0.3192956513932946,0.0212522228646861,-0.002283665980071403,-0.003125277503369106,-0.0026781146282940926,-0.0025854250419177216,0.0029401817566904014,0.3172129993068311
873,2014-07-07,0.319139820216077,0.3132354266208718,0.3178473044263052,0.3165666399379176,0.0118480051494092,-0.004567266827300076,-0.00397757268595933,-0.0018323588823638826,-0.0027290114553769618,-0.009404217715276901,0.3132354266208718
874,2014-07-08,0.3140016288499743,0.3084055262244546,0.310094956233326,0.3109649954126224,0.0219231734325394,-0.005138191366102718,-0.004829900396417175,-0.007752348192979208,-0.005601644525295213,0.0100751682831302,0.3084055262244546
875,2014-07-09,0.3092915940999163,0.309115804737814,0.3089673279537931,0.3098159227188888,0.0316055901637555,-0.00471003475005799,0.0007102785133594192,-0.0011276282795328885,-0.0011490726937335993,0.009682416731216097,0.309115804737814
876,2014-07-10,0.3137162034128125,0.3099681649761391,0.3116454656777297,0.3121140882340357,0.0249069942505536,0.004424609312896177,0.0008523602383250783,0.002678137723936602,0.0022981655151468883,-0.006698595913201898,0.3099681649761391
877,2014-07-11,0.308720717484193,0.3095419848569766,0.3088264153316873,0.3092414270866176,0.024519697581305,-0.004995485928619481,-0.0004261801191625114,-0.0028190503460424066,-0.0028726611474180763,-0.00038729666924859976,0.3095419848569766
878,2014-07-14,0.3094343840497285,0.3102522958982034,0.3085445199768737,0.3108214013291669,0.0120443809253662,0.000713666565535509,0.0007103110412268188,-0.0002818953548135994,0.001579974242549298,-0.0124753166559388,0.3102522958982034
879,2014-07-15,0.312003389036641,0.3109624768279604,0.3119272834942546,0.3126885280724675,0.0147227283141139,0.002569004986912482,0.0007101809297569983,0.0033827635173808712,0.0018671267433005845,0.0026783473887477,0.3109624768279604
880,2014-07-16,0.3140016019226326,0.3074110842611636,0.311081591024703,0.3102468048455831,0.0198503180196593,0.0019982128859916126,-0.0035513925667968183,-0.0008456924695515733,-0.002441723226884407,0.0051275897055454,0.3074110842611636
881,2014-07-17,0.3092916129789407,0.305848510565214,0.3065711627163036,0.3076614496548606,0.0360131353574584,-0.004709988943691901,-0.0015625736959495873,-0.004510428308399428,-0.0025853551907225047,0.016162817337799097,0.305848510565214
882,2014-07-18,0.3040105957248569,0.303291397322371,0.3026244106537145,0.3037832836425291,0.0150882054527007,-0.0052810172540838085,-0.002557113242843023,-0.003946752062589098,-0.0038781660123314854,-0.020924929904757698,0.303291397322371
883,2014-07-22,0.3077215095121451,0.3041437250328287,0.3051615327061497,0.3063686553885927,0.0216504292992657,0.003710913787288217,0.0008523277104577343,0.0025371220524352256,0.0025853717460636028,0.006562223846565001,0.3041437250328287
884,2014-07-23,0.3067224331983393,0.3065587240228384,0.3051615694092802,0.3078050198874182,0.0132117258157777,-0.0009990763138058023,0.002414998990009687,3.6703130479320834e-08,0.0014363644988255042,-0.008438703483488002,0.3065587240228384
885,2014-07-24,0.3068651320956939,0.3061325113758084,0.3050205710073311,0.3070868182347878,0.0210394824407327,0.0001426988973545762,-0.00042621264703002204,-0.00014099840194908841,-0.0007182016526304236,0.007827756624955,0.3061325113758084
886,2014-07-25,0.3077215719716204,0.3092578214070449,0.3069939780377904,0.3096722758261717,0.022539575173738,0.0008564398759265401,0.0031253100312365056,0.0019734070304592843,0.0025854575913838995,0.0015000927330053003,0.3092578214070449
887,2014-07-28,0.3092915026984444,0.3072689700083303,0.3061481924788991,0.3086667648021549,0.0111388704028976,0.001569930726823987,-0.001988851398714575,-0.0008457855588913099,-0.001005511024016803,-0.0114007047708404,0.3072689700083303
888,2014-07-29,0.3088633419106198,0.3068428224170352,0.3054434586048375,0.3082359115107087,0.0117825465574235,-0.0004281607878245941,-0.0004261475912951118,-0.0007047338740615583,-0.0004308532914461538,0.0006436761545259,0.3068428224170352
889,2014-07-30,0.3094343497094423,0.305848510565214,0.3065711627163036,0.3079487108682098,0.0156827876632373,0.0005710077988224649,-0.0009943118518211946,0.0011277041114660658,-0.0002872006424989304,0.003900241105813799,0.305848510565214
890,2014-07-31,0.308863372157068,0.3021549712177165,0.3050206275104529,0.3055069058404039,0.0211594898593731,-0.0005709775523742855,-0.0036935393474974987,-0.0015505352058506894,-0.002441805027805888,0.005476702196135802,0.3021549712177165
891,2014-08-01,0.3004424481788484,0.2980353493346587,0.298818756686309,0.3011979416761081,0.0271925900873872,-0.008420923978219585,-0.004119621883057811,-0.006201870824143918,-0.004308964164295825,0.0060331002280141,0.2980353493346587
892,2014-08-04,0.3007278710266421,0.3004502832689336,0.2993825283827419,0.2994743239786152,0.0175483575348294,0.00028542284779370375,0.0024149339342748877,0.000563771696432902,-0.0017236176974929074,-0.0096442325525578,0.3004502832689336
893,2014-08-05,0.303154187924486,0.3001661198190019,0.3022015185785537,0.3029214471368394,0.019397562758425,0.0024263168978438943,-0.00028416344993170695,0.0028189901958118324,0.003447123158224208,0.0018492052235956,0.3001661198190019
894,2014-08-06,0.3087206128892077,0.3245999153624889,0.3237672325395403,0.3088104196718842,0.0973587458133775,0.005566424964721706,0.024433795543487014,0.02156571396098661,0.005888972535044834,0.0779611830549525,0.3245999153624889
895,2014-08-07,0.3162852377720772,0.3140877543313295,0.3153101374354764,0.3101031428309892,0.0484611776000698,0.007564624882869464,-0.010512161031159373,-0.008457095104063894,0.0012927231591050026,-0.0488975682133077,0.3140877543313295
896,2014-08-08,0.3154289037567347,0.307979346105292,0.3115044736022829,0.3102468263123842,0.0239469349014302,-0.0008563340153424637,-0.006108408226037532,-0.003805663833193529,0.000143683481394985,-0.0245142426986396,0.307979346105292
897,2014-08-11,0.3165707422688789,0.3163607041242408,0.3153101900945626,0.3162794091685217,0.0169210460282999,0.0011418385121441665,0.008381358018948792,0.0038057164922797315,0.006032582856137503,-0.007025888873130302,0.3163607041242408
898,2014-08-12,0.3268471169910028,0.3228952924694409,0.3239082485703902,0.325615502933113,0.0312019288465105,0.010276374722123893,0.006534588345200099,0.008598058475827564,0.009336093764591269,0.014280882818210602,0.3228952924694409
899,2014-08-13,0.3254198534925738,0.3227532432723425,0.3230625429048275,0.3244664527673579,0.0200739682089438,-0.0014272634984289767,-0.0001420491970983706,-0.0008457056655626904,-0.0011490501657550611,-0.0111279606375667,0.3227532432723425
900,2014-08-14,0.3245634789863066,0.3196279982968408,0.3210892222843722,0.3203011129774359,0.021481327936636,-0.0008563745062671879,-0.0031252449755017064,-0.001973320620455299,-0.004165339789922007,0.0014073597276921986,0.3196279982968408
901,2014-08-15,0.3201388540197181,0.3180652944894214,0.3164377248292035,0.3175720295484766,0.022217737096475,-0.0044246249665885196,-0.0015627038074194077,-0.004651497455168685,-0.0027290834289593335,0.000736409159839,0.3180652944894214
902,2014-08-18,0.3227080292945602,0.3238897019048644,0.3240492035230816,0.3246100935174053,0.0243451413360098,0.002569175274842128,0.005824407415442989,0.007611478693878071,0.007038063968928698,0.002127404239534801,0.3238897019048644
903,2014-08-19,0.3267043828085508,0.3272990452745628,0.3302511018618259,0.3263336693470013,0.0312455679078343,0.00399635351399058,0.0034093433696984476,0.006201898338744294,0.0017235758295960357,0.006900426571824499,0.3272990452745628
904,2014-08-20,0.3279889418065631,0.3282934547099864,0.3298282347400148,0.3294935800050777,0.0283490252124676,0.0012845589980122751,0.00099440943542356,-0.0004228671218110547,0.0031599106580764147,-0.0028965426953667,0.3282934547099864
905,2014-08-21,0.330843540538445,0.3275832087244945,0.3267273281323175,0.3296372601954538,0.018453868057298,0.00285459873188193,-0.0007102459854919085,-0.0031009066076973513,0.00014368019037608315,-0.009895157155169598,0.3275832087244945
906,2014-08-22,0.3304153141397806,0.3271569960774644,0.3284187131022544,0.3290626999439153,0.0277108039406072,-0.0004282263986644108,-0.00042621264703007755,0.0016913849699369266,-0.000574560251538514,0.009256935883309197,0.3271569960774644
907,2014-08-25,0.3311289922104994,0.3275832087244945,0.3282777900172868,0.3302117826012578,0.0154809570046148,0.0007136780707188151,0.00042621264703007755,-0.00014092308496760353,0.0011490826573424817,-0.012229846935992399,0.3275832087244945
908,2014-08-26,0.3297016583634933,0.3261625866420409,0.3270091750684198,0.3296372064977851,0.0132717295250979,-0.001427333847006107,-0.001420622082453582,-0.0012686149488669862,-0.0005745761034726682,-0.0022092274795168995,0.3261625866420409
909,2014-08-27,0.3292734971008267,0.3265887667612035,0.3260225405532413,0.3283445473255823,0.0198830473156522,-0.00042816126266659316,0.00042618011916262244,-0.0009866345151784972,-0.0012926591722027814,0.006611317790554299,0.3265887667612035
910,2014-08-28,0.3255625775553966,0.3253102589315831,0.3243311134142799,0.3257591483210431,0.0178592858467614,-0.0037109195454301247,-0.0012785078296204122,-0.001691427138961421,-0.002585399004539246,-0.0020237614688908,0.3253102589315831
911,2014-08-29,0.3254199069080444,0.3241738653547961,0.3244721186219954,0.3270519009657792,0.0194248371717524,-0.00014267064735218327,-0.0011363935767870204,0.0001410052077154833,0.001292752644736106,0.0015655513249910012,0.3241738653547961
912,2014-09-01,0.325562547732032,0.3299981101309019,0.3282777288630565,0.3257591184796714,0.028905423244346,0.00014264082398762756,0.005824244776105825,0.0038056102410611303,-0.001292782486107813,0.0094805860725936,0.3299981101309019
913,2014-09-02,0.3319852854920122,0.3297139792088377,0.3292643901697736,0.3315044074970055,0.0244487841066538,0.006422737759980202,-0.0002841309220641963,0.000986661306717096,0.005745289017334121,-0.0044566391376922,0.3297139792088377
914,2014-09-03,0.3309861281484713,0.331134503707689,0.3294052856190226,0.3286317085960571,0.0267998385354731,-0.0009991573435409462,0.0014205244988512722,0.0001408954492490011,-0.0028726989009483783,0.0023510544288192978,0.331134503707689
915,2014-09-04,0.3308434453471758,0.3319868639460141,0.3303919787598243,0.3282008378333887,0.0258725084823425,-0.0001426828012954795,0.0008523602383251339,0.0009866931408016866,-0.0004308707626684005,-0.0009273300531305977,0.3319868639460141
916,2014-09-05,0.3349825818263851,0.3299981101309019,0.3310967734097812,0.3333716594798855,0.0204067160515377,0.004139136479209271,-0.0019887538151122097,0.0007047946499569302,0.005170821646496793,-0.005465792430804802,0.3299981101309019
917,2014-09-08,0.3354107578741365,0.3322709948680784,0.3318015224086468,0.3350952360345336,0.0127153314932195,0.00042817604775141627,0.0022728847371764616,0.0007047489988655786,0.0017235765546481097,-0.0076913845583182,0.3322709948680784
918,2014-09-09,0.3354107209867685,0.3290036681676109,0.3312376856945365,0.3315043805492194,0.0193539236971012,-3.688736799345449e-08,-0.0032673267004674766,-0.0005638367141103107,-0.003590855485314237,0.006638592203881702,0.3290036681676109
919,2014-09-10,0.3284171443671506,0.3312766504883896,0.3288415876138508,0.3304990412758171,0.0194521115850798,-0.006993576619617914,0.002272982320778716,-0.0023960980806856935,-0.0010053392734022948,9.818788797859995e-05,0.3312766504883896
920,2014-09-11,0.333269811281139,0.3315606838268515,0.3299691341305408,0.3319352929192888,0.0178756504947578,0.0048526669139883905,0.0002840333384618865,0.0011275465166900034,0.0014362516434717199,-0.001576461090322001,0.3315606838268515
921,2014-09-12,0.3314143717164587,0.3291457498925767,0.3285596401860884,0.3313607771750659,0.0238323823654553,-0.0018554395646802613,-0.0024149339342747767,-0.001409493944452389,-0.0005745157442229032,0.0059567318706975,0.3291457498925767
922,2014-09-16,0.330415402527597,0.3263047334227416,0.3263045168296437,0.3290627879699004,0.0151645738100173,-0.0009989691888617203,-0.0028410164698351448,-0.0022551233564447326,-0.002297989205165496,-0.008667808555438,0.3263047334227416
923,2014-09-17,0.3268471164220401,0.3237476201798986,0.3253177703899421,0.3260464050823267,0.0166755763083536,-0.0035682861055568726,-0.0025571132428429677,-0.0009867464397015913,-0.003016382887573721,0.0015110024983363002,0.3237476201798986
924,2014-09-18,0.3272752816859055,0.3257364065228783,0.3258815477514184,0.3283445151274969,0.013342642999749,0.00042816526386535436,0.001988786342979665,0.0005637773614763364,0.0022981100451702208,-0.0033329333086046,0.3257364065228783
925,2014-09-19,0.3279890302772768,0.3263047334227416,0.3247540332006272,0.3274828182380654,0.0217758916005716,0.0007137485913713548,0.0005683268998633029,-0.001127514550791242,-0.0008616968894314958,0.0084332486008226,0.3263047334227416
926,2014-09-22,0.3278462222233075,0.3270149468803661,0.3265863460454306,0.3290627163984194,0.0112479680562071,-0.00014280805396932328,0.0007102134576245089,0.0018323128448033965,0.0015798981603539763,-0.010527923544364501,0.3270149468803661
927,2014-09-24,0.3285598696461738,0.324315882024027,0.3270092144451596,0.3263336877063936,0.0188084354305538,0.0007136474228662815,-0.002699064856339084,0.00042286839972904833,-0.0027290286920257922,0.007560467374346699,0.324315882024027
928,2014-09-25,0.3294161915056899,0.3338336336197628,0.3312377266709311,0.3282008636245751,0.0307164442892833,0.0008563218595161182,0.009517751595735813,0.004228512225771475,0.0018671759181815295,0.011908008858729502,0.3338336336197628
929,2014-09-26,0.3338238054715772,0.3321105674258779,0.3323774154141312,0.3334719686430568,0.017531992886833,0.0044076139658872915,-0.0017230661938849035,0.0011396887432000846,0.005271105018481659,-0.013184451402450302,0.3321105674258779
930,2014-09-29,0.3344009469214283,0.3354130892789125,0.3332322865556103,0.3363755901886791,0.0232487099202496,0.000577141449851104,0.00330252185303459,0.000854871141479141,0.0029036215456222925,0.0057167170334166025,0.3354130892789125
931,2014-09-30,0.3390173060477518,0.3342643676403667,0.3370788931488192,0.3359400115938616,0.0323910932675838,0.0046163591263235215,-0.001148721638545791,0.003846606593208901,-0.0004355785948174651,0.009142383347334197,0.3342643676403667
932,2014-10-01,0.3364205938029546,0.3309619433709345,0.3325199254378447,0.3344882600236621,0.0243833255146681,-0.002596712244797239,-0.0033024242694322248,-0.004558967710974526,-0.0014517515701994999,-0.008007767752915698,0.3309619433709345
933,2014-10-02,0.3303615889244048,0.3223469051523166,0.3262513727520549,0.325196951501505,0.0280981006098558,-0.0060590048785497674,-0.008615038218617865,-0.006268552685789797,-0.009291308522157093,0.003714775095187698,0.3223469051523166
934,2014-10-03,0.3228599145869761,0.3214853720553741,0.3209800486109378,0.3230192751296938,0.0144718037115021,-0.00750167433742871,-0.000861533096942535,-0.005271324141117084,-0.00217767637181121,-0.013626296898353698,0.3214853720553741
935,2014-10-06,0.3281976644933917,0.3229212497076558,0.3243993022969288,0.3249066174572483,0.0184975071186218,0.005337749906415612,0.001435877652281703,0.003419253685990997,0.0018873423275544976,0.004025703407119699,0.3229212497076558
936,2014-10-07,0.3280534301440476,0.3253622384637478,0.3251116784058538,0.3276650128524729,0.0201885207449187,-0.00014423434934413004,0.0024409887560919996,0.0007123761089249947,0.0027583953952246,0.0016910136262969014,0.3253622384637478
937,2014-10-08,0.3208402570026359,0.3203367480004306,0.3208376054204228,0.3208416504408937,0.0253979336904463,-0.007213173141411677,-0.005025490463317184,-0.004274072985431032,-0.006823362411579215,0.005209412945527597,0.3203367480004306
938,2014-10-09,0.3237254921215888,0.3187572923412811,0.3209800630628691,0.3220030536420028,0.0165555688897131,0.002885235118952889,-0.0015794556591495201,0.0001424576424463031,0.0011614032011091346,-0.008842364800733197,0.3187572923412811
939,2014-10-10,0.3175221601989345,0.3138753798848318,0.3158511587734116,0.3164862620576436,0.023990573962754,-0.00620333192265432,-0.004881912456449311,-0.005128904289457503,-0.0055167915843592485,0.007435005073040898,0.3138753798848318
940,2014-10-14,0.3098762067615716,0.3058346211658183,0.3080154015129583,0.3089370258098164,0.0289436074230043,-0.007645953437362851,-0.008040758719013497,-0.007835757260453269,-0.007549236247827162,0.004953033460250302,0.3058346211658183
941,2014-10-15,0.3043942926778848,0.3041116850834031,0.3034565072632068,0.3054528321988548,0.0201448816835949,-0.005481914083686812,-0.001722936082415194,-0.004558894249751533,-0.003484193610961639,-0.008798725739409402,0.3041116850834031
942,2014-10-16,0.298623812890019,0.2909019554778067,0.2951933957829267,0.29325798339505,0.0334547953873512,-0.005770479787865823,-0.01320972960559641,-0.008263111480280083,-0.012194848803804781,0.013309913703756303,0.2909019554778067
943,2014-10-17,0.2937189028283627,0.2886046097843174,0.2929139364000763,0.2918062244388922,0.0359585865308037,-0.004904910061656276,-0.002297345693489272,-0.0022794593828504017,-0.0014517589561577893,0.002503791143452498,0.2886046097843174
944,2014-10-20,0.2971811737917697,0.2965017254407282,0.2964756075867131,0.2961615158433757,0.0255124862264212,0.0034622709634070103,0.007897115656410825,0.0035616711866368056,0.004355291404483486,-0.010446100304382502,0.2965017254407282
945,2014-10-21,0.2987680494268576,0.2913326569705431,0.2988975337708693,0.2944193711108712,0.0225504849390689,0.0015868756350878588,-0.005169068470185112,0.002421926184156209,-0.0017421447325045025,-0.002962001287352297,0.2913326569705431
946,2014-10-22,0.2979024336590101,0.2990861946200859,0.297615279397654,0.2970325344814971,0.022539575173738,-0.0008656157678474941,0.0077535376495427855,-0.0012822543732153302,0.0026131633706258928,-1.0909765330902738e-05,0.2990861946200859
947,2014-10-23,0.2983352798401114,0.2965017254407282,0.2967605389418621,0.2971777519084597,0.0146736343701246,0.00043284618110128736,-0.0025844691793576735,-0.0008547404557918692,0.0001452174269626072,-0.007865940803613398,0.2965017254407282
948,2014-10-24,0.3029516673311014,0.2973632260098032,0.3008920833489261,0.2999361177157405,0.0133208234690871,0.004616387490990026,0.0008615005690749689,0.004131544407063981,0.002758365807280838,-0.001352810901037501,0.2973632260098032
949,2014-10-27,0.3017975934163262,0.2985119151204816,0.2988975739900933,0.2983391912921422,0.0226377630617165,-0.0011540739147751777,0.0011486891106783914,-0.0019945093588327745,-0.0015969264235983216,0.009316939592629402,0.2985119151204816
950,2014-10-28,0.2992008810351138,0.2926249891438242,0.2963331688421798,0.2950001313361526,0.0250433663171905,-0.0025967123812124515,-0.005886925976657409,-0.0025644051479135066,-0.0033390599559895984,0.002405603255473999,0.2926249891438242
951,2014-10-29,0.2974696886120687,0.2989426491410853,0.2969029875731909,0.2984843539129588,0.0290690697243102,-0.0017311924230450915,0.006317659997261138,0.0005698187310110847,0.003484222576806195,0.004025703407119701,0.2989426491410853
952,2014-10-30,0.300499241388977,0.3002349487864991,0.3018893896111318,0.3024041615566189,0.0276235258179596,0.0030295527769083064,0.0012922996454137747,0.004986402037940929,0.003919807643660123,-0.0014455439063506027,0.3002349487864991
953,2014-10-31,0.3039615616374432,0.3101422866505307,0.3104374856784367,0.3058884300923342,0.0321838077262958,0.0034623202484662108,0.009907337864031585,0.008548096067304889,0.0034842685357152625,0.004560281908336204,0.3101422866505307
954,2014-11-04,0.3188206093891949,0.3081320969707773,0.3149964576587882,0.310824452275749,0.0295872835775302,0.014859047751751675,-0.0020101896797533603,0.004558971980351489,0.004936022183414823,-0.0025965241487656034,0.3081320969707773
955,2014-11-05,0.3059811644612882,0.3035373080001964,0.3021742789977029,0.301097489751025,0.0503322023543273,-0.012839444927906674,-0.00459478897058091,-0.012822178661085315,-0.009726962524723992,0.020744918776797103,0.3035373080001964
956,2014-11-06,0.3080008875314529,0.2983683371136136,0.3047387362762534,0.3016782649809403,0.0467265249124491,0.0020197230701646807,-0.005168970886582802,0.002564457278550536,0.0005807752299152869,-0.0036056774418782023,0.2983683371136136
957,2014-11-07,0.300066469927602,0.2969325245170668,0.2974729198573171,0.2983392158275706,0.0332856940247215,-0.007934417603850885,-0.0014358125965467927,-0.007265816418936311,-0.0033390491533696887,-0.0134408308877276,0.2969325245170668
958,2014-11-10,0.2994893426971794,0.3009528062929713,0.2988975136078608,0.2992102030398955,0.0255124862264212,-0.0005771272304225805,0.004020281775904466,0.0014245937505437123,0.0008709872123248696,-0.007773207798300302,0.3009528062929713
959,2014-11-11,0.3030959472259066,0.2989426491410853,0.3020318388146474,0.3012427120539852,0.0249124491332191,0.0036066045287271864,-0.0020101571518859607,0.0031343252067865812,0.0020325090140896895,-0.0006000370932021,0.2989426491410853
960,2014-11-12,0.303240203029636,0.2965017254407282,0.300607166583546,0.2996457601100309,0.0240233032587469,0.0001442558037293984,-0.0024409237003570894,-0.001424672231101376,-0.0015969519439542612,-0.000889145874472197,0.2965017254407282
961,2014-11-13,0.2994894278289932,0.2969325245170668,0.298470190609431,0.2990651019974674,0.021388594931323,-0.0037507752006428197,0.00043079907633858383,-0.002136975974115052,-0.0005806581125635257,-0.0026347083274239,0.2969325245170668
962,2014-11-14,0.3035286729022527,0.2963580823781254,0.2997523002791623,0.298484309836223,0.0338202725259379,0.004039245073259534,-0.0005744421389414223,0.0012821096697313017,-0.0005807921612444034,0.012431677594614901,0.2963580823781254
963,2014-11-17,0.2971812091701091,0.2897532988949958,0.2944810796798309,0.2925321203270402,0.0310655567798736,-0.006347463732143621,-0.006604783483129595,-0.005271220599331383,-0.005952189509182804,-0.002754715746064302,0.2897532988949958
964,2014-11-18,0.294584369921938,0.2914762024495436,0.2910617549653507,0.2932579011247938,0.0178865602600888,-0.0025968392481711122,0.0017229035545477944,-0.0034193247144801986,0.0007257807977535946,-0.0131789965197848,0.2914762024495436
965,2014-11-19,0.2932860330629773,0.292337735546486,0.2904918888535878,0.2923868475104689,0.0246997087092656,-0.0012983368589606914,0.000861533096942424,-0.0005698661117629067,-0.0008710536143248793,0.006813148449176798,0.292337735546486
966,2014-11-20,0.2955942345145976,0.2967888489265966,0.2951933432263402,0.2957259390447248,0.0347857867577268,0.0023082014516203064,0.004451113380110616,0.004701454372752434,0.003339091534255878,0.010086078048461199,0.2967888489265966
967,2014-11-21,0.3007876947773472,0.2980811160441429,0.2976152868418794,0.2967421698070629,0.0282508373244891,0.005193460262749583,0.0012922671175462641,0.002421943615539157,0.001016230762338144,-0.006534949433237697,0.2980811160441429
968,2014-11-25,0.304250067589482,0.3025322944799883,0.3004647196853374,0.3024041703009059,0.0359367670001418,0.003462372812134795,0.004451178435845415,0.0028494328434580107,0.005662000493842967,0.007685929675652698,0.3025322944799883
969,2014-11-26,0.3028074529151119,0.2969325245170668,0.2990400533995327,0.3000813382048653,0.0334057014433619,-0.0014426146743700685,-0.005599769962921497,-0.0014246662858046766,-0.0023228320960405613,-0.002531065556779899,0.2969325245170668
970,2014-11-27,0.2981909580922662,0.2963580823781254,0.2966180124228272,0.2983391237861203,0.0335202539793369,-0.004616494822845707,-0.0005744421389414223,-0.0024220409767055084,-0.0017422144187450028,0.00011455253597500437,0.2963580823781254
971,2014-11-28,0.2961713997448248,0.2907584099988062,0.2927714945493422,0.292096609089088,0.0450518759341486,-0.002019558347441386,-0.005599672379319187,-0.0038465178734850003,-0.0062425146970322976,0.011531621954811694,0.2907584099988062
972,2014-12-01,0.2928532832227177,0.2871687321320358,0.2892097291862246,0.2890478319602881,0.0421226039427891,-0.0033181165221071174,-0.003589677866770391,-0.003561765363117586,-0.0030487771287999177,-0.0029292719913594986,0.2871687321320358
973,2014-12-02,0.2878041387027026,0.2873123751946386,0.2865028985830276,0.2877412737953884,0.0479375088641843,-0.005049144520015092,0.00014364306260278292,-0.0027068306031970413,-0.0013065581648997182,0.005814904921395199,0.2873123751946386
974,2014-12-03,0.2914107002541846,0.2897532988949958,0.2892097728960032,0.2913706980491304,0.0342075691951866,0.0036065615514819793,0.0024409237003572004,0.0027068743129756156,0.0036294242537420196,-0.013729939668997694,0.2897532988949958
975,2014-12-04,0.2957385579662916,0.2901840329155996,0.2920591065878849,0.2932579827079559,0.0383369153729503,0.0043278577121070305,0.00043073402060378463,0.002849333691881728,0.0018872846588254832,0.004129346177763699,0.2901840329155996
976,2014-12-05,0.2914107250810504,0.2907584099988062,0.2899221369381565,0.2922417951933037,0.0350421662430041,-0.00432783288524119,0.0005743770832066231,-0.0021369696497284263,-0.0010161875146522115,-0.0032947491299461992,0.2907584099988062
977,2014-12-08,0.2925647825047517,0.2920506120606176,0.2897796119668336,0.2910803242040039,0.0258561438343461,0.0011540574237012824,0.0012922020618114094,-0.00014252497132288822,-0.001161470989299751,-0.009186022408658002,0.2920506120606176
978,2014-12-09,0.2904008971036072,0.288317486298449,0.2872152625951822,0.2904996794727915,0.0285072168097664,-0.002163885401144483,-0.00373312576216861,-0.0025643493716513976,-0.000580644731212443,0.002651072975420301,0.288317486298449
979,2014-12-10,0.2892467659643702,0.2873123751946386,0.2870727613740775,0.2900641184038381,0.0376496001571006,-0.0011541311392370135,-0.0010051111038104077,-0.0001425012211047072,-0.00043556106895337177,0.0091423833473342,0.2873123751946386
980,2014-12-11,0.2876597660275122,0.2844405873622079,0.2845082353007919,0.2851279788952294,0.0421826076521094,-0.0015869999368580134,-0.0028717878324306945,-0.0025645260732856112,-0.004936139508608717,0.0045330074950087965,0.2844405873622079
981,2014-12-12,0.2840532528892894,0.2818561181828502,0.2815164773592623,0.2849828689271649,0.0414025594309466,-0.0036065131382228,-0.0025844691793576735,-0.002991757941529616,-0.00014510996806449405,-0.0007800482211627949,0.2818561181828502
982,2014-12-15,0.2820335892213127,0.2805638510653039,0.279236988399571,0.2801920218756621,0.0414571082576013,-0.002019663667976679,-0.0012922671175463196,-0.002279488959691267,-0.004790847051502789,5.454882665469757e-05,0.2805638510653039
983,2014-12-16,0.2798696845160019,0.2745333470817786,0.2786671614130181,0.2767078130864306,0.0419644123454904,-0.002163904705310804,-0.006030503983525282,-0.0005698269865528904,-0.003484208789231502,0.0005073040878890989,0.2745333470817786
984,2014-12-17,0.2755417819147778,0.2778357713512108,0.2763876458596619,0.2758367199291538,0.0432899488332006,-0.004327902601224121,0.0033024242694321693,-0.002279515553356204,-0.0008710931572767922,0.0013255364877102008,0.2778357713512108
985,2014-12-18,0.2826106273057959,0.2832919633072644,0.2837959513421247,0.2844021482462694,0.0500540033383881,0.007068845391018097,0.005456191956053624,0.007408305482462796,0.008565428317115598,0.0067640545051875015,0.2832919633072644
986,2014-12-19,0.2880926777691624,0.2907584099988062,0.2884974581325635,0.2878864778943045,0.053103282748388,0.005482050463366528,0.007466446691541784,0.004701506790438792,0.0034843296480350783,0.003049279409999897,0.2907584099988062
987,2014-12-22,0.2973254142563197,0.2979375380372749,0.3038838997838337,0.2941290130007001,0.2540557052617798,0.009232736487157278,0.007179128038468707,0.015386441651270177,0.006242535106395608,0.2009524225133918,0.2979375380372749
988,2014-12-24,0.3022303834764006,0.2937736457266351,0.2984701636094823,0.2948549444000694,0.0772302287777789,0.004904969220080879,-0.004163892310639794,-0.005413736174351369,0.0007259313993692729,-0.17682547648400088,0.2937736457266351
989,2014-12-25,0.3000664250087428,0.2936300351918998,0.2963331281782435,0.2952904408491774,0.0369022812319307,-0.0021639584676577672,-0.0001436105347353278,-0.0021370354312388318,0.0004354964491080082,-0.040327947545848196,0.2936300351918998
990,2014-12-26,0.2937188885960664,0.2920506120606176,0.2909193591687369,0.2936935185774396,0.0407697930417516,-0.0063475364126764355,-0.001579423131282176,-0.005413769009506575,-0.0015969222717377995,0.003867511809820902,0.2920506120606176
991,2014-12-29,0.2935745727813626,0.2875994661526396,0.2900645213025949,0.289628508310385,0.0542324434601411,-0.00014431581470375487,-0.004451145907978016,-0.0008548378661419886,-0.004065010267054581,0.013462650418389496,0.2875994661526396
992,2014-12-30,0.2883810736680147,0.2868815110625651,0.2869301782116333,0.2890477748128114,0.0273507816846859,-0.0051934991133479325,-0.0007179550900744958,-0.003134343090961611,-0.0005807334975735934,-0.026881661775455198,0.2868815110625651
993,2015-01-05,0.2885253923037223,0.2860200430213575,0.2863603624364653,0.2854183919558466,0.0429517461079412,0.00014431863570762982,-0.0008614680412076248,-0.0005698157751680144,-0.0036293828569647912,0.015600964423255297,0.2860200430213575
994,2015-01-06,0.2813123034454148,0.2825740732729247,0.2840809146702951,0.2823697079326039,0.0833506071284406,-0.007213088858307515,-0.0034459697484327534,-0.002279447766170173,-0.0030486840232427093,0.0403988610204994,0.2825740732729247
995,2015-01-07,0.2827549325469178,0.284727840959546,0.2840809165835726,0.2844021821753341,0.0718680791176181,0.0014426291015030013,0.0021537676866212885,1.913277480891651e-09,0.0020324742427301756,-0.011482528010822501,0.284727840959546
996,2015-01-08,0.2883811942861902,0.2850150295011494,0.2869302982229577,0.2873057510959019,0.0552797809319121,0.005626261739272387,0.00028718854160336704,0.0028493816393850846,0.0029035689205678117,-0.016588298185706,0.2850150295011494
997,2015-01-09,0.2880926410046926,0.285732919535489,0.2855055875109419,0.2870153689465934,0.030667350345294,-0.0002885532814975722,0.000717890034339641,-0.0014247107120157754,-0.00029038214930848794,-0.024612430586618095,0.285732919535489
998,2015-01-13,0.2841975539227123,0.2782665378996821,0.2816589614263048,0.2777240372479464,0.0704225352112676,-0.0038950870819803307,-0.007466381635806929,-0.0038466260846370948,-0.009291331698646987,0.0397551848659736,0.2782665378996821
999,2015-01-14,0.2795811324759002,0.2766870822405325,0.2793794697881158,0.2790306045736755,0.0505558525436117,-0.004616421446812069,-0.0015794556591495756,-0.002279491638189024,0.001306567325729091,-0.019866682667655892,0.2766870822405325
1000,2015-01-15,0.2778499532805091,0.2781228948370793,0.2779547601373216,0.2764173793148343,0.0625565944076542,-0.0017311791953911193,0.0014358125965467927,-0.0014247096507941648,-0.002613225258841223,0.012000741864042493,0.2781228948370793
1001,2015-01-16,0.2745319860751921,0.2753948801787211,0.2738232587046,0.2743849864474282,0.0712462224937541,-0.0033179672053170184,-0.002728014658358202,-0.004131501432721618,-0.0020323928674060854,0.00868962808609991,0.2753948801787211
1002,2015-01-19,0.2745318762594825,0.2720923257978191,0.272825878767487,0.2745300627348663,0.0561634719237189,-1.0981570958135123e-07,-0.0033025543809019897,-0.0009973799371130188,0.00014507628743809509,-0.015082750570035205,0.2720923257978191
1003,2015-01-20,0.2735220332621232,0.2791279408851548,0.2770999046383904,0.2751107538873247,0.0521214038686027,-0.0010098429973592893,0.007035615087335689,0.0042740258709034196,0.0005806911524584013,-0.004042068055116199,0.2791279408851548
1004,2015-01-21,0.2788598076019915,0.27410254800544,0.2761026935834685,0.2761270490322968,0.0390296854714655,0.0053377743398683175,-0.005025392879714818,-0.0009972110549218982,0.0010162951449720903,-0.0130917183971372,0.27410254800544
1005,2015-01-22,0.2774171750282383,0.2835791193210003,0.2813739939763579,0.2780143516285477,0.0478611405068677,-0.0014426325737532109,0.00947657131556029,0.0052713003928893665,0.0018873025962509171,0.008831455035402197,0.2835791193210003
1006,2015-01-23,0.2869384854958863,0.2863071990350933,0.2840808600068266,0.2854183836549866,0.0313492106784783,0.009521310467647981,0.0027280797140930013,0.002706866030468713,0.0074040320264389115,-0.0165119298283894,0.2863071990350933
1007,2015-01-26,0.2843418196124774,0.2814253841622464,0.281374024275271,0.2830955843619275,0.0263361735089078,-0.0025966658834088996,-0.00488181487284689,-0.0027068357315556124,-0.002322799293059119,-0.005013037169570498,0.2814253841622464
1008,2015-01-27,0.2841975838368377,0.2850150295011494,0.2832261464301935,0.2844022062757218,0.030056403486761,-0.00014423577563971168,0.0035896453389029914,0.0018521221549225309,0.0013066219137943258,0.0037202299778531997,0.2850150295011494
1009,2015-01-28,0.2883811306836782,0.2871687321320358,0.2870727114828781,0.2861442877804852,0.0400224741165817,0.004183546846840525,0.0021537026308864338,0.003846565052684603,0.0017420815047633487,0.0099660706298207,0.2871687321320358
1010,2015-01-29,0.2846303274524154,0.2837227298557356,0.2840808917655877,0.2851280434094005,0.0211322154460457,-0.0037508032312628115,-0.0034460022763002085,-0.0029918197172904004,-0.0010162443710846625,-0.018890258670536,0.2837227298557356
1011,2015-01-30,0.2865057118871055,0.2834355087862649,0.2847931960718337,0.2862894304216469,0.0394115272580486,0.0018753844346900972,-0.00028722106947071113,0.00071230430624597,0.0011613870122463843,0.0182793118120029,0.2834355087862649
1012,2015-02-02,0.2849188586403042,0.2874559206736391,0.2870727356419489,0.2867250118853398,0.0369731947065818,-0.0015868532468013008,0.004020411887374231,0.00227953957011523,0.0004355814636928801,-0.0024383325514667972,0.2874559206736391
1013,2015-02-03,0.2899679511495557,0.29621447184339,0.2953357714541277,0.2913705755839493,0.0618910987224664,0.005049092509251507,0.008758551169750883,0.008263035812178798,0.004645563698609523,0.024917904015884597,0.29621447184339
1014,2015-02-04,0.2955942146339604,0.3000912731960288,0.2977577485210986,0.2964518050746839,0.1068338770033056,0.005626263484404703,0.0038768013526387923,0.002421977066970893,0.0050812294907345845,0.0449427782808392,0.3000912731960288
1015,2015-02-05,0.2986237528758054,0.2966452709197287,0.2984701008631029,0.29616146826573,0.0481829785841306,0.0030295382418449868,-0.0034460022763000975,0.0007123523420042854,-0.000290336808953906,-0.058650898419175,0.2966452709197287
1016,2015-02-06,0.3015090425896,0.2995169936964246,0.3011770169335757,0.3019685919965698,0.0677823720011782,0.002885289713794592,0.0028717227766958953,0.002706916070472798,0.005807123730839803,0.019599393417047604,0.2995169936964246
1017,2015-02-09,0.3015090418446007,0.2987990711342174,0.3000372908183912,0.2999361192087015,0.0371750253652043,-7.449992844854592e-10,-0.0007179225622072072,-0.0011397261151844806,-0.002032472787868278,-0.030607346635973906,0.2987990711342174
1018,2015-02-10,0.2929975843023216,0.3021015279315171,0.3008921186536509,0.2948549500807775,0.0444518388409465,-0.00851145754227911,0.0033024567972997354,0.0008548278352596972,-0.005081169127924001,0.007276813475742203,0.3021015279315171
1019,2015-02-12,0.3042499967535861,0.2900403898529968,0.3004646497307512,0.2915158103317288,0.1010407916125724,0.011252412451264515,-0.012061138078520328,-0.0004274689228996875,-0.003339139749048703,0.0565889527716259,0.2900403898529968
1020,2015-02-13,0.2931418198287535,0.294060801740371,0.2922015782227941,0.2939838638562624,0.0367168152213045,-0.011108176924832625,0.004020411887374231,-0.008263071507957132,0.002468053524533609,-0.0643239763912679,0.294060801740371
1021,2015-02-16,0.2990565660286068,0.3015271508483105,0.2998947999094812,0.2992102188367401,0.0297727495881563,0.005914746199853327,0.007466349107939474,0.007693221686687124,0.005226354980477688,-0.006944065633148203,0.3015271508483105
1022,2015-02-17,0.3026631847569704,0.3031066390353275,0.3027442081069577,0.3037107503499717,0.0298491179454729,0.0036066187283635975,0.0015794881870169752,0.0028494081974764773,0.004500531513231598,7.636835731660019e-05,0.3031066390353275
1023,2015-02-18,0.3039615299861244,0.3012400273624421,0.3007496564165342,0.30298485383913,0.0354076433815908,0.0012983452291540076,-0.0018666116728853765,-0.0019945516904235072,-0.0007258965108417059,0.005558525436117904,0.3012400273624421
1024,2015-02-19,0.3036729950026539,0.3046860296387422,0.3026017072636836,0.3035655620538644,0.0240778520854016,-0.0002885349834705342,0.0034460022763000975,0.0018520508471494002,0.0005807082147344378,-0.011329791296189204,0.3046860296387422
1025,2015-02-20,0.3059812307008214,0.3042552956181384,0.3027442071663479,0.3061787577938872,0.01824658251601,0.0023082356981675156,-0.00043073402060378463,0.0001424999026643503,0.002613195740022778,-0.0058312695693916,0.3042552956181384
1026,2015-02-23,0.3069910599276756,0.2985119151204816,0.3033140645973489,0.2987747273887193,0.0319983417156697,0.0010098292268542197,-0.005743380497656825,0.0005698574310009641,-0.007404030405167905,0.013751759199659697,0.2985119151204816
1027,2015-02-24,0.2992007780909949,0.2972195829472004,0.2960481355912738,0.2992101814130605,0.0326201983395337,-0.007790281836680735,-0.0012923321732811743,-0.007265929006075089,0.0004354540243411975,0.0006218566238640061,0.2972195829472004
1028,2015-02-25,0.2997779132098409,0.3029630285005921,0.3006071729134957,0.3005168385808847,0.031611045046421,0.000577135118845995,0.0057434455533916795,0.004559037322221904,0.0013066571678241878,-0.0010091532931126995,0.3029630285005921
1029,2015-02-26,0.3020860881712035,0.3049731856524781,0.3027441755261835,0.3040010676535526,0.0251906481491583,0.0023081749613626523,0.002010157151886016,0.0021370026126877883,0.0034842290726679326,-0.0064203968972627035,0.3049731856524781
1030,2015-02-27,0.3033844232600792,0.3019578848689143,0.3011769783865856,0.3037106751871285,0.0326038336915373,0.0012983350888756684,-0.0030153007835638235,-0.001567197139597909,-0.0002903924664240942,0.007413185542378999,0.3019578848689143
1031,2015-03-02,0.3049713750219985,0.3031066390353275,0.3011770529223852,0.3032752142443991,0.026925300836779,0.0015869517619193085,0.0011487541664131906,7.453579964344925e-08,-0.0004354609427293932,-0.005678532854758299,0.3031066390353275
1032,2015-03-03,0.3051156255715628,0.3082756424497778,0.3065908149764503,0.3066142737751535,0.0337329944032903,0.0001442505495642954,0.005169003414450313,0.005413762054065074,0.0033390595307543625,0.0068076935665113,0.3082756424497778
1033,2015-03-04,0.3113189216902152,0.3102858321295311,0.3102949831711005,0.3128568937396813,0.0345621365684424,0.0062032961186523905,0.0020101896797533048,0.0037041681946501925,0.006242619964527796,0.0008291421651520983,0.3102858321295311
1034,2015-03-05,0.3101648633061146,0.3101422866505307,0.3101525542810307,0.3089371608920149,0.041937137932163,-0.001154058384100598,-0.00014354547900041759,-0.0001424288900697679,-0.003919732847666391,0.007375001363720601,0.3101422866505307
1035,2015-03-06,0.3116074676192058,0.3112909432333416,0.3088703293668303,0.3099533742715799,0.0259488768396591,0.0014426043130912336,0.0011486565828109363,-0.001282224914200436,0.0010162133795649786,-0.0159882610925039,0.3112909432333416
1036,2015-03-09,0.3105975498606463,0.3104293450806642,0.3101524484036013,0.3121309490826673,0.0236087321761708,-0.0010099177585595198,-0.0008615981526773897,0.0012821190367710011,0.002177574811087435,-0.002340144663488298,0.3104293450806642
1037,2015-03-10,0.3139156850867022,0.3074141744085701,0.3102950131263604,0.3108244516267547,0.0480138772215009,0.003318135226055896,-0.003015170672094114,0.0001425647227590865,-0.001306497455912603,0.024405145045330097,0.3074141744085701
1038,2015-03-11,0.3058369640243574,0.3074141744085701,0.3065908399550346,0.3069046487789664,0.0376059610957768,-0.008078721062344807,0.0,-0.003704173171325764,-0.003919802847788312,-0.010407916125724094,0.3074141744085701
1039,2015-03-12,0.3123287758432223,0.3055475627356847,0.3084429161410072,0.307775710624011,0.0322219919049541,0.006491811818864879,-0.001866611672885432,0.0018520761859726065,0.0008710618450445962,-0.0053839691908227,0.3055475627356847
1040,2015-03-13,0.3064139957634958,0.3055475627356847,0.3041688803515244,0.3063239384040865,0.0368586421706069,-0.005914780079726456,0.0,-0.004274035789482822,-0.0014517722199244854,0.0046366502656527975,0.3055475627356847
1041,2015-03-16,0.3049714202563567,0.2993734807452915,0.3014620507525958,0.301823486761461,0.0342402984911794,-0.00144257550713911,-0.006174081990393154,-0.002706829598928595,-0.004500451642625525,-0.0026183436794275025,0.2993734807452915
1042,2015-03-17,0.3015090737323847,0.2999477602448958,0.2987550987642297,0.3019686231868214,0.0167573995483357,-0.003462346523971982,0.0005742794996042577,-0.002706951988366124,0.00014513642536040372,-0.0174828989428437,0.2999477602448958
1043,2015-03-18,0.3006435381031667,0.2993734807452915,0.2977578770790297,0.3005169004032324,0.0222722859231297,-0.0008655356292180394,-0.0005742794996042577,-0.0009972216852000004,-0.0014517227835889601,0.0055148863747940015,0.2993734807452915
1044,2015-03-19,0.3009320066850631,0.2989426491410853,0.3000372976312301,0.300516826000843,0.0312619325558307,0.0002884685818964061,-0.0004308316042062055,0.0022794205522004285,-7.440238941613941e-08,0.008989646632701,0.2989426491410853
1045,2015-03-20,0.3039614795891992,0.3010963842998392,0.3003221987019638,0.3026944536426111,0.0385769302102311,0.0030294729041361323,0.002153735158753889,0.00028490107073370075,0.0021776276417680984,0.007314997654400399,0.3010963842998392
1046,2015-03-23,0.3035287311233802,0.3036809510627993,0.3016044442359303,0.3037107336117443,0.0191957320998025,-0.0004327484658190328,0.0025845667629600944,0.0012822455339664973,0.0010162799691331714,-0.0193811981104286,0.3036809510627993
1047,2015-03-24,0.3051155527092118,0.3066961542627607,0.3057359478921939,0.3066142005549218,0.0409279846390504,0.0015868215858316215,0.0030152031999614026,0.00413150365626358,0.0029034669431775018,0.021732252539247904,0.3066961542627607
1048,2015-03-25,0.3080008984042652,0.3098550981089273,0.3081579887530163,0.3099533729606407,0.026914391071448,0.0028853456950533873,0.0031589438461666064,0.0024220408608224275,0.0033391724057189043,-0.014013593567602404,0.3098550981089273
1049,2015-03-26,0.3117517734481401,0.3134447434478303,0.3134293310980101,0.3128569531902116,0.0416643937988893,0.0037508750438748906,0.0035896453389029914,0.005271342344993768,0.0029035802295709345,0.014750002727441303,0.3134447434478303
1050,2015-03-27,0.3176981844828178,0.309668192982633,0.3153308309445417,0.3097257125264718,0.026074339140965,0.00594641103467769,-0.0037765504651973147,0.0019014998465315958,-0.0031312406637398205,-0.015590054657924304,0.309668192982633
1051,2015-03-30,0.3085043299543279,0.3045845101644706,0.3053866437964489,0.3062010927385487,0.0261234330849543,-0.009193854528489864,-0.005083682818162405,-0.009944187148092754,-0.0035246197879231222,4.9093943989299976e-05,0.3045845101644706
1052,2015-03-31,0.3092340215517562,0.303858292996067,0.3071161026184755,0.3063479824565908,0.0231832513282639,0.0007296915974283058,-0.0007262171684035978,0.001729458822026575,0.00014688971804210915,-0.002940181756690398,0.303858292996067
1053,2015-04-01,0.3036886193768486,0.2990651816177214,0.302072031742191,0.3020891261986032,0.0410370822923598,-0.005545402174907621,-0.004793111378345594,-0.005044070876284501,-0.004258856257987609,0.017853830964095898,0.2990651816177214
1054,2015-04-02,0.3029589492576084,0.3012438981786671,0.3023602637837772,0.3038514304705338,0.0291618027296232,-0.0007296701192401889,0.0021787165609457038,0.0002882320415861783,0.001762304271930637,-0.0118752795627366,0.3012438981786671
1055,2015-04-03,0.3052938683342638,0.3048750816042874,0.3026484849195368,0.3048794507564885,0.0162391856951156,0.002334919076655395,0.003631183425620299,0.0002882211357596032,0.0010280202859546672,-0.012922617034507599,0.3048750816042874
1056,2015-04-06,0.3050020023925952,0.3047298446761802,0.3053867218690513,0.3045857122326759,0.0248633551892298,-0.0002918659416686342,-0.00014523692810719524,0.0027382369495145276,-0.00029373852381259224,0.008624169494114198,0.3047298446761802
1057,2015-04-07,0.3092341474740575,0.3108303161025629,0.3123044753378591,0.3103132986243288,0.0327129313448467,0.004232145081462302,0.006100471426382703,0.006917753468807797,0.005727586391652939,0.007849576155616902,0.3108303161025629
1058,2015-04-08,0.3143417915132539,0.3128637306796665,0.3121603243631116,0.3141315758724942,0.0227250411843641,0.005107644039196446,0.0020334145771035983,-0.00014415097474751448,0.003818277248165358,-0.009987890160482602,0.3128637306796665
1059,2015-04-09,0.3152173517731175,0.315187651640852,0.3137455605608436,0.314278391530403,0.0313164813824854,0.0008755602598635726,0.0023239209611854994,0.0015852361977319873,0.00014681565790880535,0.0085914401981213,0.315187651640852
1060,2015-04-10,0.3178442154077242,0.317656907113747,0.3169162068004023,0.3167750388485849,0.0281253750231832,0.00262686363460668,0.0024692554728950045,0.0031706462395587054,0.0024966473181818882,-0.003191106359302198,0.317656907113747
1061,2015-04-13,0.3195953403483622,0.3211427885555252,0.3203749814304751,0.3195652965100867,0.0389860464101417,0.0017511249406380047,0.0034858814417781936,0.003458774630072825,0.002790257661501816,0.010860671386958502,0.3211427885555252
1062,2015-04-14,0.3249949465916418,0.3247740370368804,0.3239779934341,0.3263208541952631,0.0217595269525752,0.00539960624327962,0.0036312484813552093,0.0036030120036248947,0.006755557685176383,-0.0172265194575665,0.3247740370368804
1063,2015-04-15,0.3248490151550856,0.3218690707796637,0.3231132639332439,0.3245585389917098,0.0372895779011793,-0.00014593143655622365,-0.002904966257216701,-0.0008647295008560874,-0.0017623152035532996,0.015530050948604102,0.3218690707796637
1064,2015-04-16,0.3271839702366729,0.340315559347582,0.3386780725247016,0.3277894590404746,0.071382594560391,0.00233495508158732,0.018446488567918307,0.015564808591457702,0.003230920048764796,0.0340930166592117,0.340315559347582
1065,2015-04-17,0.3429448158099029,0.3485946497513082,0.3487663267431504,0.3436502156447135,0.0749773622369382,0.015760845573229987,0.008279090403726208,0.010088254218448778,0.015860756604238913,0.003594767676547192,0.3485946497513082
1066,2015-04-20,0.3473227468457999,0.3427846521811399,0.3458838728811986,0.3462935956948524,0.0348839746457053,0.004377931035897009,-0.005809997570168313,-0.0028824538619517948,0.0026433800501389215,-0.0400933875912329,0.3427846521811399
1067,2015-04-21,0.3439663119862324,0.3424942108527928,0.3428574299569153,0.3429158833061567,0.0305037038653298,-0.003356434859567492,-0.0002904413283471019,-0.003026442924283279,-0.0033777123886957194,-0.004380270780375499,0.3424942108527928
1068,2015-04-22,0.344112204899935,0.3427846521811399,0.3454515136419563,0.342768965545048,0.0327456606408396,0.00014589291370259438,0.0002904413283471019,0.002594083685040993,-0.00014691776110870025,0.0022419567755097985,0.3427846521811399
1069,2015-04-23,0.3471768285407637,0.3458348878943312,0.3486221360433193,0.3480559241567212,0.0384187386129324,0.003064623640828712,0.003050235713191296,0.00317062240136301,0.00528695861167322,0.005673077972092801,0.3458348878943312
1070,2015-04-24,0.3480524779012526,0.3410417439881182,0.3451633423887523,0.3440907709746836,0.0373168523145067,0.0008756493604888949,-0.004793143906212993,-0.0034587936545670273,-0.003965153182037606,-0.0011018862984256972,0.3410417439881182
1071,2015-04-27,0.3409017580763716,0.3411870134440929,0.3418486520192919,0.3404193295084434,0.019501205529069,-0.007150719824881024,0.00014526945597470586,-0.0033146903694604157,-0.0036714414662402106,-0.017815646785437702,0.3411870134440929
1072,2015-04-28,0.3414854500163233,0.3410417439881182,0.3417045118458582,0.3423284667932503,0.0259106926610008,0.0005836919399517249,-0.00014526945597470586,-0.00014414017343367114,0.0019091372848069055,0.006409487131931797,0.3410417439881182
1073,2015-04-30,0.3449878692989554,0.3375557974906051,0.3457398201624647,0.3410067350145758,0.0704334449765985,0.0035024192826321188,-0.003485946497513104,0.0040353083166064785,-0.0013217317786745064,0.0445227523155977,0.3375557974906051
1074,2015-05-01,0.340317934861599,0.3398797184517906,0.3401191626314233,0.3423284274852084,0.0268380227141314,-0.0046699344373564156,0.0023239209611854994,-0.005620657531041406,0.0013216924706326294,-0.0435954222624671,0.3398797184517906
1075,2015-05-07,0.3502415311528658,0.352661609016985,0.3602958097161406,0.3512868998070842,0.0774211496710705,0.009923596291266823,0.01278189056519441,0.020176647084717336,0.008958472321875799,0.0505831269569391,0.352661609016985
1076,2015-05-08,0.340026147490847,0.3362486000819051,0.3424251406404401,0.335572977807234,0.0759265118207307,-0.010215383662018851,-0.01641300893507991,-0.017870669075700507,-0.015713921999850222,-0.0014946378503398056,0.3362486000819051
1077,2015-05-11,0.344404161843193,0.345399209637877,0.3445869107461274,0.3457062400280654,0.0466937956164562,0.004378014352346027,0.009150609555971911,0.0021617701056872995,0.010133262220831385,-0.029232716204274492,0.345399209637877
1078,2015-05-12,0.3509712484516565,0.3426395453645024,0.3487663909494067,0.3452657379017452,0.0459955706352756,0.0065670866084635016,-0.0027596642733745957,0.0041794802032792955,-0.0004405021263201858,-0.0006982249811805993,0.3426395453645024
1079,2015-05-13,0.3556409867564837,0.3484493152395986,0.3539545158394011,0.3515805176973892,0.0590327402057581,0.004669738304827198,0.005809769875096182,0.005188124889994372,0.006314779795643988,0.013037169570482496,0.3484493152395986
1080,2015-05-14,0.3458635214235134,0.3430752561488241,0.3444428034600347,0.3435033737650798,0.0422044271827713,-0.009777465332970303,-0.005374059090774486,-0.009511712379366377,-0.008077143932309405,-0.016828313022986797,0.3430752561488241
1081,2015-05-15,0.3430907962800597,0.3372653561622581,0.3405516244022553,0.3377758900005465,0.0472611034136655,-0.002772725143453725,-0.005809899986566003,-0.0038911790577794148,-0.005727483764533303,0.005056676230894203,0.3372653561622581
1082,2015-05-18,0.3371074941861035,0.3372653561622581,0.3399751378773087,0.3382164717301568,0.0432299451238803,-0.0059833020939562,0.0,-0.0005764865249465734,0.00044058172961031206,-0.004031158289785203,0.3372653561622581
1083,2015-05-19,0.3385668186723625,0.3369748497781762,0.3363721643454299,0.3379227427604455,0.0420462355854725,0.0014593244862590171,-0.0002905063840819011,-0.003602973531878828,-0.00029372896971130436,-0.0011837095384078025,0.3369748497781762
1084,2015-05-20,0.3376912526668086,0.3305840020791812,0.335363386881521,0.3329295668160991,0.0629057068982446,-0.000875566005553885,-0.006390847698995006,-0.001008777463908872,-0.004993175944346395,0.020859471312772097,0.3305840020791812
1085,2015-05-21,0.3301025990149978,0.3324721146724427,0.3314721051313544,0.3321951803318362,0.0413698301349537,-0.007588653651810828,0.0018881125932614928,-0.0038912817501666197,-0.0007343864842628833,-0.021535876763290898,0.3324721146724427
1086,2015-05-22,0.3352102683888724,0.339153501283387,0.3368044589775217,0.3360135056987735,0.0504849390689606,0.005107669373874635,0.0066813866109443065,0.005332353846167315,0.0038183253669372696,0.009115108934006903,0.339153501283387
1087,2015-05-25,0.3422151332389316,0.3440919471734421,0.3428574541825596,0.3436502028411473,0.0375186829731292,0.007004864850059189,0.004938445890055099,0.006052995205037881,0.007636697142373805,-0.0129662560958314,0.3440919471734421
1088,2015-05-26,0.3449878931093721,0.3493208994475792,0.3473251543554666,0.3461468260377846,0.0320747100729863,0.002772759870440511,0.005228952274137111,0.004467700172907041,0.0024966231966373487,-0.005443972900142903,0.3493208994475792
1089,2015-05-27,0.3479065529677643,0.3538235694975778,0.3510722198125266,0.348937142260025,0.0459519315739518,0.002918659858392181,0.004502670049998603,0.003747065457059995,0.002790316222240352,0.0138772215009655,0.3538235694975778
1090,2015-05-28,0.3557870398560429,0.3535330956413633,0.3529457796348234,0.3545178082388042,0.0447791318008749,0.007880486888278582,-0.0002904738562145015,0.0018735598222967553,0.005580665978779209,-0.0011727997730768963,0.3535330956413633
1091,2015-05-29,0.3575381514913499,0.3568737076271668,0.3594310123351902,0.3595109382389803,0.0873108519435747,0.001751111635307001,0.0033406119858034877,0.0064852327003668275,0.004993130000176094,0.0425317201426998,0.3568737076271668
1092,2015-06-01,0.3512630281810618,0.3618121860450894,0.3592869487000277,0.353049167707574,0.0637239392980657,-0.006275123310288067,0.004938478417922609,-0.00014406363516250575,-0.006461770531406286,-0.023586912645508995,0.3618121860450894
1093,2015-06-02,0.3619162528964323,0.3609407319485786,0.364475236379589,0.3642105068384827,0.0408352516337373,0.010653224715370502,-0.0008714540965107931,0.00518828767956131,0.01116133913090872,-0.022888687664328403,0.3609407319485786
1094,2015-06-03,0.3626458946401962,0.3670411057913591,0.364186975886294,0.3642104785962122,0.0308800907692475,0.0007296417437638869,0.006100373842780504,-0.0002882604932950006,-2.8242270522227386e-08,-0.0099551608644898,0.3670411057913591
1095,2015-06-04,0.3690669490439947,0.3642813764622496,0.3646193046003476,0.3645041616249553,0.041418924078943,0.006421054403798476,-0.002759729329109506,0.00043232871405357587,0.00029368302874310803,0.0105388333096955,0.3642813764622496
1096,2015-06-05,0.3648348758921415,0.3644266133903568,0.3626016596232155,0.3645041640954247,0.0406061465617874,-0.0042320731518531995,0.00014523692810719524,-0.0020176449771320826,2.470469384618923e-09,-0.0008127775171556037,0.3644266133903568
1097,2015-06-08,0.3661483397454148,0.366024414766741,0.3656281979074783,0.3680288623557409,0.0382169079543099,0.0013134638532733,0.0015978013763842114,0.003026538284262803,0.003524698260316206,-0.0023892386074774938,0.366024414766741
1098,2015-06-09,0.3660023758675452,0.3696555656644939,0.367069337816418,0.3667070738496213,0.0407316088630933,-0.00014596387786958154,0.0036311508977528995,0.0014411399089396815,-0.001321788506119581,0.0025147009087833974,0.3696555656644939
1099,2015-06-10,0.3719856152223746,0.3663148235672206,0.3682222494762995,0.3681756252375313,0.0453191651847568,0.005983239354829417,-0.003340742097273308,0.001152911659881517,0.0014685513879099665,0.004587556321663501,0.3663148235672206
1100,2015-06-11,0.3709641195565865,0.3680578293438446,0.3666369764639979,0.3687631121377256,0.0267343799434874,-0.0010214956657881302,0.001743005776624007,-0.0015852730123016023,0.0005874869001943339,-0.018584785241269403,0.3680578293438446
1101,2015-06-12,0.3768014916757188,0.3776441822120056,0.3773017142185333,0.3741968844742894,0.066675030820087,0.0058373721191323225,0.009586352868160952,0.010664737754535414,0.00543377233656378,0.03994065087659959,0.3776441822120056
1102,2015-06-15,0.3769473897504381,0.3732867490901142,0.3742752646730221,0.3753717611691149,0.0286817730550615,0.00014589807471931948,-0.004357433121891352,-0.003026449545511234,0.0011748766948255218,-0.03799325776502549,0.3732867490901142
1103,2015-06-16,0.3763636698544332,0.375174959266978,0.3734105529905565,0.3722877189315564,0.0418007658655262,-0.0005837198960049195,0.0018882101768638027,-0.000864711682465602,-0.0030840422375585375,0.013118992810464702,0.375174959266978
1104,2015-06-17,0.3794282270443527,0.3702364808490554,0.3747075449574269,0.3739031136633343,0.0279999127218773,0.0030645571899194923,-0.004938478417922609,0.0012969919668704422,0.0016153947317779083,-0.013800853143648904,0.3702364808490554
1105,2015-06-18,0.3706723203737781,0.3591977912276895,0.3660605754950736,0.3606859263107402,0.0476265805522523,-0.008755906670574576,-0.011038689621365894,-0.008646969462353327,-0.013217187352594084,0.019626667830375002,0.3591977912276895
1106,2015-06-19,0.3613325172415524,0.3552760688901198,0.3584222625065753,0.3562801171848107,0.0394169821407141,-0.00933980313222571,-0.003921722337569711,-0.007638312988498319,-0.004405809125929527,-0.008209598411538198,0.3552760688901198
1107,2015-06-22,0.3541816299024499,0.3501922884883552,0.3533780120078244,0.35246166340984,0.0477684075015546,-0.0071508873391025185,-0.005083780401764604,-0.005044250498750846,-0.003818453774970698,0.008351425360840499,0.3501922884883552
1108,2015-06-23,0.357246335850876,0.3549855299781705,0.3564045890623283,0.3571612323836969,0.0384514679089252,0.0030647059484261163,0.004793241489815303,0.003026577054503876,0.004699568973856927,-0.0093169395926294,0.3549855299781705
1109,2015-06-24,0.3568085334664633,0.3538235694975778,0.3566928252320201,0.3568675226895605,0.0386369339195513,-0.000437802384412711,-0.0011619604805926942,0.0002882361696918134,-0.00029370969413639036,0.0001854660106260994,0.3538235694975778
1110,2015-06-25,0.3531601607550659,0.3529520503453321,0.3516486606721229,0.3537834496661823,0.0272744133273693,-0.0036483727113973963,-0.0008715191522457033,-0.005044164559897202,-0.0030840730233782088,-0.011362520592182002,0.3529520503453321
1111,2015-06-26,0.3518467920632673,0.3490303930634973,0.3484780900820243,0.3498182875139372,0.0296527421695159,-0.0013133686917985998,-0.0039216572818348006,-0.0031705705900986203,-0.0039651621522451275,0.0023783288421466015,0.3490303930634973
1112,2015-06-29,0.343674502654087,0.3483041758950937,0.3463163369092508,0.3451188234047158,0.0314201241531294,-0.0081722894091803,-0.0007262171684035978,-0.002161753172773506,-0.004699464109221396,0.001767381983613498,0.3483041758950937
1113,2015-06-30,0.3522845761360262,0.3490303930634973,0.3502075054639512,0.3504057372178851,0.0400115643512508,0.008610073481939207,0.0007262171684035978,0.003891168554700397,0.005286913813169314,0.0085914401981214,0.3490303930634973
1114,2015-07-01,0.3546195133923316,0.3574547529231981,0.3579898704870253,0.3568675119555826,0.0441245458810181,0.0023349372563054027,0.008424359859700803,0.0077823650230741115,0.00646177473769749,0.004112981529767301,0.3574547529231981
1115,2015-07-02,0.3597272477514713,0.3605049886363895,0.3592869942999352,0.3611264617592923,0.0396242676820021,0.005107734359139693,0.003050235713191407,0.0012971238129099172,0.004258949803709722,-0.0045002781990160015,0.3605049886363895
1116,2015-07-03,0.36249990794515,0.3597786738843836,0.3595751507535094,0.3624481304905358,0.0286326791110723,0.002772660193678722,-0.0007263147520059077,0.0002881564535741621,0.0013216687312435083,-0.0109915885709298,0.3597786738843836
1117,2015-07-06,0.3547654933878185,0.3483041758950937,0.3516487104981711,0.3518743497625873,0.0310328274838808,-0.007734414557331537,-0.0114744979892899,-0.007926440255338285,-0.010573780727948512,0.0024001483728085006,0.3483041758950937
1118,2015-07-07,0.3531602321351055,0.3541141084095272,0.3540987390041306,0.3517275029784814,0.0383205507249539,-0.0016052612527129861,0.005809932514433458,0.0024500285059594895,-0.0001468467841059251,0.007287723241073098,0.3541141084095272
1119,2015-07-08,0.3575382142588657,0.3480136695110118,0.3568369633097868,0.3514337526486176,0.0309073651825749,0.004377982123760227,-0.006100438898515359,0.002738224305656234,-0.00029375032986378447,-0.007413185542378999,0.3480136695110118
1120,2015-07-09,0.3448418922753055,0.3446728948858711,0.3432897570957446,0.3443844415470967,0.0393624333140594,-0.012696321983560244,-0.0033407746251407078,-0.013547206214042207,-0.007049311101520905,0.0084550681314845,0.3446728948858711
1121,2015-07-10,0.3481983930492138,0.3471421178308986,0.347469216423715,0.3486433604950906,0.0220268162031834,0.003356500773908311,0.002469222945027494,0.0041794593279703696,0.004258918947993906,-0.017335617110876,0.3471421178308986
1122,2015-07-13,0.3505333601592805,0.3488851236075226,0.3481898450538376,0.3504057243401323,0.0266252822901779,0.002334967110066699,0.001743005776624007,0.0007206286301226217,0.0017623638450416923,0.004598466086994501,0.3488851236075226
1123,2015-07-14,0.3557870506823946,0.3542593453376343,0.3566928758465624,0.3546646870737757,0.0281144652578523,0.005253690523114085,0.005374221730111706,0.008503030792724797,0.004258962733643401,0.001489182967674401,0.3542593453376343
1124,2015-07-15,0.3584137684175051,0.3564379643149777,0.3574133694090293,0.3577486385965685,0.026177981911609,0.0026267177351105286,0.002178618977343394,0.0007204935624668951,0.0030839515227928382,-0.0019364833462433007,0.3564379643149777
1125,2015-07-16,0.3525765247675553,0.3539688714814199,0.3515046242041956,0.3496715042691206,0.0426189982653473,-0.005837243649949808,-0.0024690928335577844,-0.005908745204833699,-0.008077134327447943,0.0164410163537383,0.3539688714814199
1126,2015-07-17,0.3554951301423214,0.3504828599281719,0.3510722133078919,0.3526086122978043,0.0343603059098198,0.0029186053747661256,-0.003486011553248014,-0.0004324108963036921,0.0029371080286837437,-0.008258692355527501,0.3504828599281719
1127,2015-07-21,0.3522845630797516,0.3467064070465769,0.3480457178396894,0.348790265616402,0.0415716607935763,-0.0032105670625698357,-0.003776452881595005,-0.0030264954682024947,-0.0038183466814023515,0.007211354883756502,0.3467064070465769
1128,2015-07-22,0.3473227804938092,0.3471421178308986,0.3454515471086838,0.3476153516718138,0.0311419251371902,-0.004961782585942376,0.00043571078432169674,-0.002594170731005596,-0.001174913944588185,-0.010429735656386097,0.3471421178308986
1129,2015-07-23,0.3460094271120168,0.3456896834940914,0.3430015833114002,0.3457062227692138,0.0148918296767436,-0.0013133533817923926,-0.0014524343368071957,-0.0024499637972836275,-0.001909128902599977,-0.016250095460446604,0.3456896834940914
1130,2015-07-24,0.3473228392131465,0.3438014733172277,0.3435780629704997,0.3465874014435391,0.0127753352025397,0.001313412101129674,-0.0018882101768636916,0.0005764796590995158,0.0008811786743253003,-0.0021164944742038984,0.3438014733172277
1131,2015-07-27,0.3430907148072041,0.339153501283387,0.3406956486363521,0.339391268278454,0.0180883909187113,-0.004232124405942395,-0.004647972033840708,-0.0028824143341475983,-0.007196133165085106,0.0053130557161716,0.339153501283387
1132,2015-07-28,0.3357940972717024,0.3372653561622581,0.3363721795615649,0.3373353082709361,0.0236851005334875,-0.007296617535501704,-0.0018881451211288924,-0.004323469074787201,-0.0020559600075178985,0.0055967096147762005,0.3372653561622581
1133,2015-07-29,0.3411936365391917,0.3385725860988255,0.3405516108825996,0.339538181030647,0.0271816803220562,0.005399539267489317,0.0013072299365674,0.00417943132103471,0.002202872759710872,0.0034965797885686996,0.3385725860988255
1134,2015-07-30,0.3429447794229147,0.3252097152933347,0.3556839726107841,0.3261739610854366,0.1183273147794591,0.001751142883722967,-0.013362870805490812,0.015132361728184496,-0.013364219945210365,0.0911456344574029,0.3252097152933347
1135,2015-07-31,0.3404639894732977,0.3313102192475849,0.3385339637881474,0.3295517814029302,0.1664775640675969,-0.0024807899496169794,0.006100503954250214,-0.01715000882263673,0.003377820317493563,0.0481502492881378,0.3313102192475849
1136,2015-08-03,0.3357939720268221,0.3368294827385992,0.3343544069930838,0.3291110903378961,0.0580617710913038,-0.004670017446475605,0.005519263491014281,-0.004179556795063599,-0.0004406910650340823,-0.10841579297629308,0.3368294827385992
1137,2015-08-04,0.3296648329113553,0.339589309651311,0.3369486462792168,0.3316077935194186,0.0337929981126106,-0.0061291391154668085,0.002759826912711816,0.0025942392861330044,0.0024967031815225083,-0.024268772978693204,0.339589309651311
1138,2015-08-05,0.3210546798020076,0.3211427885555252,0.3189337984478735,0.3158938203204437,0.0907528829054887,-0.008610153109347707,-0.018446521095785817,-0.018014847831343272,-0.015713973198974884,0.056959884792878106,0.3211427885555252
1139,2015-08-06,0.3226599337852707,0.3207070127154686,0.3210955447362488,0.3205932772199658,0.0398588276366175,0.0016052539832631108,-0.00043577584005660697,0.002161746288375288,0.004699456899522059,-0.050894055268871204,0.3207070127154686
1140,2015-08-07,0.3222221973506854,0.32245005101996,0.3241220857679083,0.3241179553164574,0.029112708785634,-0.00043773643458527856,0.0017430383044914066,0.003026541031659502,0.003524678096491596,-0.010746118850983501,0.32245005101996
1141,2015-08-10,0.3210547255734398,0.3241930242687166,0.3222485696476322,0.3219150737201992,0.0244269645759919,-0.0011674717772456322,0.0017429732487566074,-0.0018735161202760864,-0.0022028815962581993,-0.004685744209642101,0.3241930242687166
1142,2015-08-11,0.3303944815961413,0.3337793771368776,0.332625075238378,0.3320483539439855,0.0566053174196223,0.00933975602270154,0.009586352868161008,0.010376505590745766,0.010133280223786345,0.032178352843630395,0.3337793771368776
1143,2015-08-12,0.3317078782507723,0.3236120115005528,0.3275809121282241,0.3263208149777046,0.0266252822901779,0.0013133966546309828,-0.01016736563632481,-0.005044163110153876,-0.005727538966280921,-0.0299800351294444,0.3236120115005528
1144,2015-08-13,0.3261623902696399,0.3269527210699586,0.3278691510388458,0.3264676896656544,0.0300127644254372,-0.005545487981132413,0.0033407095694057976,0.0002882389106216854,0.00014687468794982728,0.003387482135259301,0.3269527210699586
1145,2015-08-14,0.3258705464550461,0.32245005101996,0.3226809025995482,0.3233836599838833,0.0214758730539706,-0.00029184381459379516,-0.004502670049998603,-0.005188248439297605,-0.0030840296817711277,-0.008536891371466602,0.32245005101996
1146,2015-08-17,0.3226599709262908,0.3202713019311469,0.3193661664689491,0.321915036623924,0.0207340090114661,-0.0032105755287553106,-0.0021787490888131034,-0.003314736130599072,-0.0014686233599592868,-0.0007418640425044983,0.3202713019311469
1147,2015-08-18,0.3244112418281092,0.3196903867465854,0.3215280083610383,0.3211808086522966,0.0187702512518955,0.0017512709018184247,-0.0005809151845614924,0.002161841892089178,-0.0007342279716274214,-0.001963757759570601,0.3196903867465854
1148,2015-08-19,0.3181360659952154,0.3124279873674774,0.3146103138790894,0.3148658534915258,0.0307873577639344,-0.006275175832893831,-0.007262399379107998,-0.0069176944819488995,-0.0063149551607707965,0.0120171065120389,0.3124279873674774
1149,2015-08-20,0.3073369418993442,0.3067632917811512,0.3055308361071483,0.3069354534511026,0.0290472501936483,-0.010799124095871193,-0.005664695586326207,-0.009079477771941069,-0.007930400040423169,-0.0017401075702861007,0.3067632917811512
1150,2015-08-21,0.2994564963920862,0.3018248784189635,0.3025043446669488,0.3012079607824028,0.0362258757814119,-0.007880445507257972,-0.004938413362187699,-0.003026491440199508,-0.0057274926686998184,0.007178625587763599,0.3018248784189635
1151,2015-08-24,0.2991646020540072,0.2888977834535292,0.2973160676786754,0.2915152231549144,0.0520559452766171,-0.000291894338079024,-0.012927094965434316,-0.005188276988273399,-0.009692737627488401,0.0158300694952052,0.2888977834535292
1152,2015-08-25,0.2755233458778818,0.2785852459448321,0.2859307495139028,0.2721298715866289,0.0574671888807671,-0.02364125617612539,-0.010312537508697095,-0.011385318164772618,-0.019385351568285525,0.005411243604150004,0.2785852459448321
1153,2015-08-26,0.2793175509659066,0.2807638974500429,0.2800218463337565,0.2741858260183015,0.0492412258212325,0.0037942050880248046,0.0021786515052107935,-0.005908903180146308,0.002055954431672613,-0.008225963059534602,0.2807638974500429
1154,2015-08-27,0.2918679486679393,0.2830879159948307,0.2891013724958092,0.2860814859689287,0.0431699414145601,0.0125503977020327,0.0023240185447878092,0.009079526162052709,0.011895659950627191,-0.0060712844066724,0.2830879159948307
1155,2015-08-28,0.2931813145209014,0.2999366357142323,0.3022160950819521,0.2937181224118446,0.0844524934268663,0.0013133658529621006,0.016848719719401606,0.01311472258614288,0.007636636442915901,0.0412825520123062,0.2999366357142323
1156,2015-08-31,0.3064613312747752,0.3018248784189635,0.3026484717831297,0.2987113386714964,0.0515868253673863,0.013280016753873802,0.0018882427047312023,0.00043237670117762805,0.004993216259651823,-0.03286566805948,0.3018248784189635
1157,2015-09-01,0.30646126299004,0.2909312305585002,0.3068278258974392,0.2941586554146925,0.0626056883516435,-6.828473519959743e-08,-0.010893647860463318,0.004179354114309475,-0.004552683256803913,0.0110188629842572,0.2909312305585002
1158,2015-09-02,0.285300913069569,0.2790209892570212,0.2876601824179299,0.2815288389624067,0.062807519010266,-0.021160349920471,-0.011910241301478997,-0.019167643479509278,-0.01262981645228578,0.00020183065862250382,0.2790209892570212
1159,2015-09-03,0.2816525295113408,0.2861380866522872,0.2843454219662086,0.2834379768930166,0.0581272296832895,-0.0036483835582282187,0.007117097395266003,-0.003314760451721299,0.0019091379306098721,-0.004680289326976506,0.2861380866522872
1160,2015-09-04,0.287489869428803,0.2798924108256646,0.2840571717627947,0.2802070644104344,0.0536051319536116,0.005837339917462214,-0.00624567582662261,-0.00028825020341388674,-0.003230912482582171,-0.004522097729677897,0.2798924108256646
1161,2015-09-07,0.2772745037331052,0.2762612274000443,0.2811748163483843,0.2762418849846802,0.043409956251841,-0.010215365695697809,-0.003631183425620299,-0.002882355414410398,-0.003965179425754195,-0.0101951757017706,0.2762612274000443
1162,2015-09-08,0.2781501119248643,0.2766969707122334,0.2817512762923644,0.2787384799590769,0.0337493590512868,0.0008756081917590808,0.00043574331218915185,0.0005764599439800899,0.002496594974396693,-0.009660597200554198,0.2766969707122334
1163,2015-09-09,0.2876358395628789,0.2896240331498003,0.288957212465697,0.2879906256514344,0.0424989908467068,0.00948572763801464,0.01292706243756686,0.007205936173332594,0.009252145692357494,0.008749631795420001,0.2896240331498003
1164,2015-09-10,0.2861764973213921,0.2851213630998017,0.2834807096309592,0.28270368789535,0.0394060723753832,-0.0014593422414868051,-0.004502670049998603,-0.005476502834737773,-0.005286937756084409,-0.003092918471323605,0.2851213630998017
1165,2015-09-11,0.2831118596605319,0.2804734235938284,0.2817512787247493,0.281528795361734,0.0384187386129324,-0.0030646376608602366,-0.004647939505973309,-0.0017294309062099167,-0.0011748925336160232,-0.000987333762450797,0.2804734235938284
1166,2015-09-14,0.2809229095152658,0.2771327790801574,0.2784366119564719,0.2768293684449616,0.0370822923598913,-0.0021889501452660998,-0.0033406445136709984,-0.003314666768277408,-0.004699426916772387,-0.0013364462530411,0.2771327790801574
1167,2015-09-15,0.2799013256879671,0.2752445038475588,0.2801659770599393,0.2775636138450808,0.0281471945538451,-0.0010215838272986666,-0.0018882752325986019,0.001729365103467384,0.0007342454001192378,-0.008935097806046201,0.2752445038475588
1168,2015-09-16,0.2800472096958976,0.2800376477537718,0.2798777082851665,0.2797664631218295,0.0208758359607684,0.00014588400793047462,0.004793143906213049,-0.0002882687747727819,0.0022028492767486862,-0.0072713585930766975,0.2800376477537718
1169,2015-09-17,0.2815065688229298,0.2798924108256646,0.2820395024133573,0.2806476460304694,0.0324892811555623,0.0014593591270322115,-0.00014523692810725075,0.002161794128190786,0.0008811829086398659,0.0116134451947939,0.2798924108256646
1170,2015-09-18,0.2766907852847543,0.2768422401682081,0.2762747893090469,0.2769761886931662,0.0420189611721451,-0.0048157835381754666,-0.003050170657456497,-0.0057647131043103705,-0.0036714573373031745,0.009529680016582796,0.2768422401682081
1171,2015-09-24,0.2785878733924321,0.2730657547587456,0.2755541626851655,0.2749201134527202,0.0499121763890858,0.0018970881076777468,-0.00377648540946246,-0.000720626623881393,-0.002056075240445987,0.007893215216940704,0.2730657547587456
1172,2015-09-25,0.2796094530822569,0.2739372739109914,0.276130673059003,0.274185842123227,0.0391224184767785,0.001021579689824803,0.0008715191522457588,0.000576510373837491,-0.000734271329493219,-0.010789757912307303,0.2739372739109914
1173,2015-09-28,0.2786329872125226,0.2745260608394727,0.2766268992937366,0.274297198826585,0.0331384121927537,-0.0009764658697342665,0.0005887869284812997,0.0004962262347335544,0.00011135670335798986,-0.005984006284024797,0.2745260608394727
1174,2015-09-29,0.2704987429197664,0.263486086367343,0.2672793776356705,0.2664090504739132,0.047059272755043,-0.00813424429275622,-0.011039974472129677,-0.009347521658066071,-0.007888148352671764,0.013920860562289299,0.263486086367343
1175,2015-09-30,0.2673930170255359,0.2687852988351445,0.2680096910081151,0.2667067513208712,0.034431219384471,-0.003105725894230471,0.005299212467801517,0.0007303133724446131,0.00029770084695796006,-0.012628053370571997,0.2687852988351445
1176,2015-10-01,0.2702030053584303,0.2723180691978335,0.2735597643846018,0.2681950746565918,0.0314964925104461,0.0028099883328943642,0.0035327703626890083,0.005550073376486664,0.0014883233357206316,-0.0029347268740248997,0.2723180691978335
1177,2015-10-02,0.2704988241039973,0.2676077412421156,0.267133394590676,0.2681951088860243,0.043824527334417,0.0002958187455670003,-0.004710327955717908,-0.006426369793925801,3.422943251063515e-08,0.0123280348239709,0.2676077412421156
1178,2015-10-05,0.2736045845728216,0.2749676591678005,0.2761887510631938,0.274148354805741,0.0396788165086569,0.0031057604688243257,0.007359917925684911,0.009055356472517817,0.005953245919716688,-0.004145710825760103,0.2749676591678005
1179,2015-10-06,0.280555669009927,0.2779116913938093,0.2804243713154774,0.2798040249535429,0.0360785939494441,0.006951084437105404,0.0029440322260087526,0.004235620252283634,0.005655670147801883,-0.003600222559212801,0.2779116913938093
1180,2015-10-07,0.2845487420462251,0.2908651339318678,0.2900638954101346,0.286352549053842,0.0702916180272962,0.003993073036298089,0.012953442538058524,0.009639524094657181,0.006548524100299102,0.034213024077852094,0.2908651339318678
1181,2015-10-08,0.2898729835935242,0.2910123550598887,0.291670515332351,0.2888827447612027,0.0484611776000698,0.005324241547299102,0.00014722112802090237,0.0016066199222163902,0.002530195707360683,-0.021830440427226393,0.2910123550598887
1182,2015-10-09,0.2962324524368519,0.301021895483408,0.3026245970841094,0.2981103246416157,0.070024328776688,0.00635946884332772,0.010009540423519314,0.010954081751758382,0.009227579880413006,0.021563151176618202,0.301021895483408
1183,2015-10-13,0.3002256445824379,0.2970475755841923,0.2982430147682054,0.2948360745824079,0.0445282071982631,0.0039931921455859665,-0.003974319899215706,-0.004381582315903965,-0.003274250059207784,-0.025496121578424902,0.2970475755841923
1184,2015-10-14,0.2914998409189563,0.2921899614447187,0.2919626296994619,0.2897757326557457,0.0361822367200881,-0.00872580366348158,-0.004857614139473609,-0.00628038506874351,-0.005060341926662215,-0.008345970478175,0.2921899614447187
1185,2015-10-15,0.2920914681229711,0.2930732231571092,0.2945916715884046,0.292603611449552,0.0326201983395337,0.0005916272040147885,0.000883261712390504,0.002629041888942696,0.0028278787938063044,-0.003562038380554397,0.2930732231571092
1186,2015-10-16,0.2974156499036064,0.2958699691993623,0.2967824611227754,0.2960267019624082,0.0299473058334515,0.0053241817806353176,0.0027967460422531065,0.002190789534370796,0.0034230905128562195,-0.0026728925060822036,0.2958699691993623
1187,2015-10-19,0.2963803313859838,0.294250731958337,0.2940073978025745,0.2949848435176169,0.0248906296025572,-0.0010353185176226187,-0.0016192372410253064,-0.002775063320200888,-0.0010418584447913215,-0.0050566762308943,0.294250731958337
1188,2015-10-20,0.2959367218327969,0.2924844037007605,0.2972206446796169,0.2943895802039546,0.0311637446678521,-0.00044360955318689665,-0.0017663282575764994,0.003213246877042386,-0.0005952633136622754,0.006273115065294901,0.2924844037007605
1189,2015-10-21,0.2885419785527044,0.2905707892594283,0.2897718399343803,0.2887339391384642,0.0747373473996574,-0.007394743280092486,-0.001913614441332201,-0.00744880474523657,-0.0056556410654904354,0.0435736027318053,0.2905707892594283
1190,2015-10-22,0.2897250902511827,0.2921899614447187,0.2925468604570574,0.2899245736540534,0.049972180098406,0.0011831116984782897,0.0016191721852903962,0.002775020522677085,0.0011906345155892062,-0.024765167301251403,0.2921899614447187
1191,2015-10-23,0.3014087341534183,0.2949867074869717,0.297658736892422,0.297217302718833,0.0362913343733976,0.011683643902235585,0.0027967460422529955,0.005111876435364593,0.007292729064779624,-0.013680845725008398,0.2949867074869717
1192,2015-10-26,0.2994861224230537,0.294250731958337,0.2961982129541792,0.2970685039008177,0.0293472687402493,-0.0019226117303645651,-0.0007359755286346914,-0.0014605239382428081,-0.00014879881801532768,-0.0069440656331483,0.294250731958337
1193,2015-10-27,0.2947535310406798,0.2846828223910129,0.2910863349417474,0.2876921126793161,0.0405515977351327,-0.0047325913823739185,-0.009567909567324118,-0.005111878012431792,-0.009376391221501579,0.0112043289948834,0.2846828223910129
1194,2015-10-28,0.2857319120351276,0.2854187653917803,0.2850980456009651,0.2851619226586975,0.0355876545095515,-0.009021619005552206,0.0007359430007674028,-0.005988289340782327,-0.0025301900206186057,-0.004963943225581198,0.2854187653917803
1195,2015-10-29,0.2919435082299673,0.2880683878896147,0.2905020884347034,0.2882874156957311,0.0775029729110526,0.006211596194839686,0.002649622497834403,0.005404042833738298,0.0031254930370335776,0.041915318401501096,0.2880683878896147
1196,2015-10-30,0.2885419853060942,0.2927787809010674,0.2909402860755187,0.2891804462309602,0.0418498598095155,-0.0034015229238730793,0.004710393011452707,0.00043819764081531876,0.0008930305352291001,-0.0356531131015371,0.2927787809010674
1197,2015-11-02,0.2920914218413152,0.2892459942744447,0.2896257858337172,0.2897757449683811,0.0380096224130218,0.0035494365352209956,-0.003532786626622708,-0.0013145002418015195,0.000595298737420924,-0.0038402373964937023,0.2892459942744447
1198,2015-11-04,0.2965281989010075,0.3030826334691588,0.3018942868911884,0.2982591049200132,0.0708152867631817,0.0044367770596923095,0.013836639194714118,0.012268501057471237,0.008483359951632075,0.032805664350159906,0.3030826334691588
1199,2015-11-05,0.3003735080280984,0.2948395514146857,0.2979508708248751,0.2963243544955822,0.0617983657171534,0.0038453091270909123,-0.008243082054473105,-0.003943416066313321,-0.0019347504244309754,-0.009016921046028303,0.2948395514146857
1200,2015-11-06,0.2962324176988256,0.2936619125019882,0.2938613019617408,0.2951336517888066,0.0390242305888,-0.004141090329272845,-0.0011776389126975095,-0.004089568863134274,-0.001190702706775626,-0.022774135128353398,0.2936619125019882
1201,2015-11-09,0.2957887447204434,0.2986666827137479,0.296344235725305,0.2954313256487275,0.0546524694253826,-0.00044367297838215913,0.005004770211759713,0.002482933763564177,0.00029767385992091056,0.015628238836582597,0.2986666827137479
1202,2015-11-10,0.2971198291709622,0.2920427728445652,0.2942995276643559,0.2943895505966386,0.0482266176454544,0.0013310844505187713,-0.006623909869182709,-0.0020447080609490853,-0.0010417750520888558,-0.006425851779928202,0.2920427728445652
1203,2015-11-11,0.2937182761550159,0.2920427728445652,0.2926929208321348,0.2934965499674981,0.0338802762352581,-0.0034015530159463014,0.0,-0.0016066068322211358,-0.0008930006291405501,-0.014346341410196299,0.2920427728445652
1204,2015-11-12,0.2922393422086731,0.2932203792293953,0.2922547855899822,0.2915617403847151,0.0462628598858838,-0.0014789339463427975,0.00117760638483011,-0.00043813524215258193,-0.0019348095827829703,0.012382583650625702,0.2932203792293953
1205,2015-11-13,0.2953451335946556,0.2883628301456565,0.2942995601910043,0.2906687846171692,0.0649240134844699,0.0031057913859824926,-0.00485754908373881,0.0020447746010220924,-0.0008929557675458888,0.018661153598586097,0.2883628301456565
1206,2015-11-16,0.2854361591197268,0.2926315597730465,0.2909402506662551,0.2869479323444708,0.0620438354370997,-0.009908974474928778,0.00426872962739,-0.0033593095247491656,-0.003720852272698416,-0.002880178047370195,0.2926315597730465
1207,2015-11-17,0.2980072288481,0.3007275508109685,0.2997035588077535,0.2987056916556203,0.0452209772967783,0.012571069728373185,0.008095991037922023,0.008763308141498394,0.011757759311149474,-0.016822858140321403,0.3007275508109685
1208,2015-11-18,0.2980071919371622,0.2938091661578766,0.2959061219590951,0.2948360384190662,0.0489248426266351,-3.691093780622268e-08,-0.0069183846530919135,-0.0037974368486584087,-0.0038696532365540826,0.0037038653298568022,0.2938091661578766
1209,2015-11-19,0.2987466904879334,0.2958699691993623,0.2972206286689476,0.2973662029686788,0.033602077219319,0.0007394985507712115,0.0020608030414857037,0.0013145067098525032,0.0025301645496126346,-0.0153227654073161,0.2958699691993623
1210,2015-11-20,0.2957886917009118,0.2957226504877391,0.2934230964404005,0.2951336134844265,0.038184178658317,-0.0029579987870215763,-0.0001473187116232122,-0.003797532228547118,-0.002232589484252312,0.004582101438997996,0.2957226504877391
1211,2015-11-24,0.2959366896169701,0.2961643463996692,0.2942995252250141,0.2963243676970183,0.0365422589760094,0.0001479979160582956,0.0004416959119301067,0.0008764287846136365,0.0011907542125917936,-0.001641919682307598,0.2961643463996692
1212,2015-11-25,0.2997818863642631,0.3021994693403706,0.3011640313147695,0.3015334408107883,0.0423462541320736,0.0038451967472930004,0.0060351229407014095,0.006864506089755362,0.005209073113770002,0.0058039951560642025,0.3021994693403706
1213,2015-11-26,0.3105782500816854,0.3017579360677777,0.308028650048876,0.3042124655169489,0.0552034125745955,0.010796363717422264,-0.00044153327259294217,0.006864618734106487,0.0026790247061606043,0.012857158442521902,0.3017579360677777
1214,2015-11-27,0.3123529519198546,0.3045546821100307,0.3103655024900318,0.3073379191499018,0.0598727921362411,0.0017747018381692459,0.0027967460422529955,0.0023368524411558345,0.003125453632952857,0.004669379561645599,0.3045546821100307
1215,2015-11-30,0.3054019689628333,0.2999915752823338,0.3020404571892416,0.3031706693965614,0.0574944632940945,-0.0069509829570213455,-0.0045631068276968945,-0.008325045300790201,-0.004167249753340374,-0.0023783288421466015,0.2999915752823338
1216,2015-12-01,0.3040708439095736,0.3044074609820098,0.3061298993098578,0.3045100860780708,0.0461319427019124,-0.001331125053259663,0.004415885699676048,0.004089442120616182,0.0013394166815093866,-0.011362520592182103,0.3044074609820098
1217,2015-12-02,0.3049582649514735,0.3039659277094168,0.3035009847921021,0.3051054729782103,0.031714687817065,0.0008874210418998718,-0.0004415332725929977,-0.0026289145177557094,0.000595386900139494,-0.014417254884847401,0.3039659277094168
1218,2015-12-03,0.3045145391965911,0.3097066409219438,0.3083207449585434,0.3055519351875434,0.0687806155289599,-0.00044372575488238475,0.005740713212526949,0.0048197601664413114,0.00044646220933314273,0.03706592771189491,0.3097066409219438
1219,2015-12-04,0.3080639694151073,0.3088234117374207,0.3072982981175732,0.3088261840807351,0.0447518573875476,0.0035494302185161697,-0.0008832291845230489,-0.0010224468409701926,0.003274248893191667,-0.02402875814141231,0.3088234117374207
1220,2015-12-07,0.3116134518990148,0.3108842147789064,0.3124102264018295,0.3123981672872954,0.055094314921286,0.003549482483907518,0.002060803041485648,0.0051119282842563285,0.003571983206560325,0.0103424575337384,0.3108842147789064
1221,2015-12-08,0.309690829881489,0.2963115349998227,0.3058377903633304,0.2984079860317449,0.0712625871417505,-0.001922622017525799,-0.014572679779083664,-0.006572436038499108,-0.013990181255550516,0.016168272220464505,0.2963115349998227
1222,2015-12-09,0.2959367449335353,0.2980779933688689,0.2989733160103627,0.2966220824456168,0.0512649872901233,-0.013754084947953715,0.0017664583690462088,-0.00686447435296772,-0.0017859035861281236,-0.019997599851627204,0.2980779933688689
1223,2015-12-10,0.2991903421978967,0.2963115349998227,0.2975126971324782,0.2985568270289568,0.0432844939505351,0.0032535972643614186,-0.0017664583690462088,-0.001460618877884512,0.0019347445833400312,-0.007980493339588196,0.2963115349998227
1224,2015-12-11,0.2920914202552932,0.2976363299848062,0.2960521668299259,0.2939430416925641,0.0369622849412509,-0.0070989219426034755,0.0013247949849835017,-0.0014605303025522764,-0.004613785336392728,-0.006322209009284201,0.2976363299848062
1225,2015-12-14,0.2913519694901569,0.2879212318173287,0.291524516490341,0.2879897858391956,0.051123160340821,-0.000739450765136318,-0.00971509816747751,-0.00452765033958491,-0.005953255853368478,0.014160875399570096,0.2879212318173287
1226,2015-12-15,0.2883940772043819,0.2815916666205855,0.2848060026827805,0.2847154836903556,0.0461319427019124,-0.0029578922857749768,-0.006329565196743214,-0.0067185138075605,-0.0032743021488400026,-0.004991217638908599,0.2815916666205855
1227,2015-12-16,0.2886898563378361,0.2904236006592748,0.2910863394420086,0.2903710963336194,0.0393624333140594,0.00029577913345418816,0.008831934038689315,0.006280336759228122,0.005655612643263808,-0.006769509387853,0.2904236006592748
1228,2015-12-17,0.2940140541770371,0.2935147564297022,0.2944455846725405,0.2949848629355361,0.0432190353585494,0.0053241978392009615,0.0030911557704274006,0.003359245230531882,0.004613766601916702,0.0038566020444900026,0.2935147564297022
1229,2015-12-18,0.2903166921294161,0.2824748307493737,0.2899178885483646,0.2854596268435209,0.0684315030383696,-0.003697362047621,-0.011039925680328522,-0.004527696124175917,-0.009525236092015221,0.025212467679820202,0.2824748307493737
1230,2015-12-21,0.2836614477032901,0.2814444454925646,0.2821770065482984,0.2815899909451546,0.0436445162064564,-0.0066552444261259724,-0.0010303852568090965,-0.007740882000066174,-0.003869635898366308,-0.024786986831913202,0.2814444454925646
1231,2015-12-22,0.2817388160984261,0.2814444454925646,0.2795480237276678,0.2818876502461745,0.0251088249091762,-0.0019226316048640002,0.0,-0.002628982820630621,0.00029765930101993687,-0.0185356912972802,0.2814444454925646
1232,2015-12-24,0.2869150623876048,0.2867435603767638,0.2872888514281162,0.2870967100438251,0.0438572566304098,0.0051762462891786765,0.0052991148841992075,0.007740827700448427,0.005209059797650573,0.018748431721233597,0.2867435603767638
1233,2015-12-25,0.2880982217974263,0.2867435603767638,0.2845138281809879,0.289924529612471,0.0,0.0011831594098214993,0.0,-0.0027750232471283054,0.0028278195686459173,-0.0438572566304098,0.2867435603767638
1234,2015-12-28,0.2839572296035367,0.2861548059761499,0.2845138827447836,0.2823341481965435,0.0184593229399635,-0.004140992193889581,-0.0005887544006139,5.456379570389913e-08,-0.007590381415927494,0.0184593229399635,0.2861548059761499
1235,2015-12-29,0.2867672371635543,0.2874796334890008,0.2864126169221287,0.285608468975538,0.0296636519348468,0.002810007560017591,0.0013248275128509013,0.001898734177345096,0.0032743207789944773,0.0112043289948833,0.2874796334890008
1236,2015-12-30,0.2898730548032918,0.2852716743752291,0.2902100432108336,0.2876921556199541,0.023357807573559,0.003105817639737496,-0.002207959113771696,0.003797426288704886,0.002083686644416105,-0.0063058443612878,0.2852716743752291
1237,2016-01-04,0.2925351292095873,0.2879212318173287,0.291524516490341,0.2884362861731844,0.0349930722990148,0.0026620744062955115,0.0026495574420996038,0.0013144732795074,0.0007441305532303044,0.011635264725455799,0.2879212318173287
1238,2016-01-05,0.2941619342814698,0.289834781202926,0.291378433604398,0.2903710862726482,0.0480411516348283,0.0016268050718825089,0.0019135493855972907,-0.00014608288594297747,0.0019348000994637848,0.0130480793358135,0.289834781202926
1239,2016-01-06,0.2909082670811202,0.2810028471642368,0.2891876231692016,0.2827806539830032,0.0530269143910714,-0.003253667200349586,-0.008831934038689204,-0.002190810435196422,-0.007590432289644955,0.004985762756243101,0.2810028471642368
1240,2016-01-07,0.2798161632954739,0.2748204705676471,0.2775032506699342,0.2757855341977065,0.0717317070509813,-0.011092103785646346,-0.0061823765965897115,-0.011684372499267404,-0.006995119785296711,0.018704792659909895,0.2748204705676471
1241,2016-01-08,0.2744919945894089,0.2711405116048046,0.2731216357690185,0.2737018892340018,0.0398097336926282,-0.005324168706064947,-0.0036799589628424556,-0.004381614900915709,-0.0020836449637047227,-0.031921973358353097,0.2711405116048046
1242,2016-01-12,0.2662098149325695,0.2553901441212222,0.263043810637065,0.2582232964699097,0.0836451707923762,-0.008282179656839417,-0.01575036748358244,-0.010077825131953488,-0.01547859276409208,0.043835437099748,0.2553901441212222
1243,2016-01-13,0.2582235932398106,0.2592173892678204,0.2583701188409117,0.2577768599326408,0.0350421662430041,-0.007986221692758921,0.0038272451465982127,-0.00467369179615329,-0.00044643653726889054,-0.048603004549372095,0.2592173892678204
1244,2016-01-14,0.2554135710753752,0.2522990046147285,0.253550328117083,0.2512282498823798,0.0489957561012862,-0.0028100221644353773,-0.0069183846530919135,-0.00481979072382871,-0.006548610050261028,0.0139535898582821,0.2522990046147285
1245,2016-01-15,0.2588151502725442,0.2540654141919736,0.2598306507446183,0.2556932109912114,0.0452700712407676,0.0034015791971689913,0.0017664095772451094,0.006280322627535306,0.0044649611088316,-0.0037256848605186008,0.2540654141919736
1246,2016-01-18,0.2477231225436249,0.2502382828929114,0.2494608569149485,0.2482516661726338,0.0344475840324674,-0.01109202772891929,-0.003827131299062203,-0.010369793829669821,-0.007441544818577589,-0.010822487208300202,0.2502382828929114
1247,2016-01-19,0.2514204925198351,0.2517102827419821,0.2520898498756599,0.2507818143780085,0.0369895593545782,0.003697369976210202,0.0014719998490707042,0.0026289929607114237,0.0025301482053746993,0.0025419753221107982,0.2517102827419821
1248,2016-01-20,0.2509767624564714,0.2387567263563876,0.2482923854910326,0.2406611975103645,0.0764883647352745,-0.0004437300633637342,-0.012953556385594506,-0.0037974643846273026,-0.010120616867644011,0.0394988053806963,0.2387567263563876
1249,2016-01-21,0.239293078066685,0.2352239234658312,0.2425962372548367,0.2376845223109352,0.0528796325591036,-0.01168368438978637,-0.00353280289055638,-0.005696148236195908,-0.0029766751994292906,-0.023608732176170898,0.2352239234658312
1250,2016-01-22,0.2449130772300163,0.2497966195088487,0.2482923560023948,0.2445308072700502,0.0438299822170825,0.00561999916333128,0.014572696043017502,0.005696118747558099,0.00684628495911499,-0.009049650342021098,0.2497966195088487
1251,2016-01-25,0.2585194156691495,0.2543598564480154,0.2553030287804396,0.2559909193928565,0.0425426299080306,0.013606338439133198,0.004563236939166687,0.007010672778044791,0.011460112122806315,-0.0012873523090519007,0.2543598564480154
1252,2016-01-26,0.2542304802059945,0.2469999222583968,0.2532582699606898,0.2478051785295341,0.0342948473178341,-0.004288935463155008,-0.007359934189618611,-0.0020447588197498034,-0.00818574086332241,-0.008247782590196498,0.2469999222583968
1253,2016-01-27,0.2540825836089764,0.2552430368407374,0.2548648611768715,0.2550979186684233,0.0352276322536302,-0.00014789659701808233,0.008243114582340616,0.0016065912161817297,0.007292740138889198,0.0009327849357960993,0.2552430368407374
1254,2016-01-28,0.2531951676253137,0.2484718570517326,0.2522358378053369,0.2494422835461906,0.0530432790390678,-0.0008874159836627094,-0.006771179789004794,-0.002629023371534589,-0.005655635122232688,0.0178156467854376,0.2484718570517326
1255,2016-01-29,0.2542304467261407,0.2627501758944431,0.2628978327231669,0.254353741267961,0.0596327772989603,0.0010352791008270135,0.014278318842710497,0.010661994917829987,0.004911457721770401,0.006589498259892496,0.2627501758944431
1256,2016-02-01,0.2665055856972064,0.2665772584017042,0.2668411957504245,0.2653672174797957,0.035571289861555,0.012275138971065691,0.0038270825072611037,0.003943363027257563,0.011013476211834683,-0.0240614874374053,0.2665772584017042
1257,2016-02-02,0.2617730815235432,0.2555374465689117,0.2658189318374883,0.2555444127825932,0.0421116941774582,-0.004732504173663166,-0.011039811832792512,-0.0010222639129361943,-0.00982280469720248,0.006540404315903199,0.2555374465689117
1258,2016-02-03,0.2571883050215739,0.270110093820128,0.2683018085003889,0.2574791911302533,0.1576242895015328,-0.004584776501969312,0.01457264725121632,0.002482876662900646,0.0019347783476600933,0.1155125953240746,0.270110093820128
1259,2016-02-04,0.2703509087529321,0.2723180691978335,0.2773571635906712,0.2705763940997138,0.1021317681456671,0.013162603731358191,0.0022079753777055067,0.009055355090282269,0.013097202969460486,-0.05549252135586569,0.2723180691978335
1260,2016-02-05,0.2709425837613189,0.2808557236198182,0.2792559841706611,0.2701300001099478,0.0744755130317147,0.000591675008386805,0.008537654421984675,0.0018988205799899127,-0.00044639398976598077,-0.027656255113952408,0.2808557236198182
1261,2016-02-08,0.2762666817497418,0.2764396427529375,0.2760426818242629,0.2722135296577627,0.0513631751781019,0.005324097988422871,-0.004416080866880723,-0.003213302346398217,0.0020835295478148774,-0.023112337853612795,0.2764396427529375
1262,2016-02-09,0.2675409474160927,0.2578926105467707,0.2646504860476871,0.2600093642153384,0.068344224915722,-0.008725734333649093,-0.01854703220616677,-0.011392195776575798,-0.012204165442424308,0.016981049737620095,0.2578926105467707
1263,2016-02-10,0.2589630724390976,0.2505326438292846,0.2596846286030955,0.2507817718812958,0.0553779688198906,-0.008577874976995081,-0.007359966717486122,-0.004965857444591604,-0.009227592334042578,-0.012966256095831394,0.2505326438292846
1264,2016-02-12,0.2483146433439125,0.2421422918549894,0.2526739998317405,0.2440843205854543,0.0609583137866704,-0.010648429095185097,-0.00839035197429519,-0.007010628771354999,-0.006697451295841511,0.005580344966779803,0.2421422918549894
1265,2016-02-15,0.2551178373437576,0.2590702169316007,0.2596846569733061,0.2531631192165476,0.045919202277959,0.006803193999845081,0.01692792507661131,0.007010657141565624,0.009078798631093316,-0.0150391115087114,0.2590702169316007
1266,2016-02-16,0.2736045966969968,0.2726124789260079,0.2739979482221283,0.2701299100245617,0.102900906601499,0.018486759353239235,0.013542261994407168,0.01431329124882219,0.01696679080801411,0.05698170432354,0.2726124789260079
1267,2016-02-17,0.2682803625282486,0.2596589388043471,0.2668412448199225,0.2601581500916092,0.0704825389205878,-0.005324234168748221,-0.012953540121660778,-0.007156703402205811,-0.009971759932952518,-0.032418367680911206,0.2596589388043471
1268,2016-02-18,0.2691677957813869,0.2810028471642368,0.2820309686819899,0.2708741001310873,0.0807922671583334,0.0008874332531382811,0.021343908359889696,0.015189723862067406,0.010715950039478117,0.010309728237745605,0.2810028471642368
1269,2016-02-19,0.2764145567703121,0.2698156840919536,0.2757505718312945,0.2690880678045024,0.0497376201437907,0.007246760988925238,-0.01118716307228318,-0.006280396850695424,-0.0017860323265849187,-0.031054647014542705,0.2698156840919536
1270,2016-02-22,0.2662099574617779,0.2643694293994022,0.2662571434249837,0.2652185318710371,0.0388223999301775,-0.010204599308534235,-0.005446254692551389,-0.009493428406310789,-0.0038695359334652846,-0.0109152202136132,0.2643694293994022
1271,2016-02-23,0.2715340640467412,0.2609837500532644,0.2715149862329002,0.2634324544429222,0.0598018786615899,0.005324106584963295,-0.0033856793461378154,0.005257842807916524,-0.0017860774281149294,0.0209794787314124,0.2609837500532644
1272,2016-02-24,0.2558573093532508,0.25877582346736,0.2595385937160501,0.2556932574737812,0.0419807769934868,-0.01567675469349039,-0.0022079265859044073,-0.01197639251685012,-0.007739196969140993,-0.0178211016681031,0.25877582346736
1273,2016-02-25,0.2633999300832099,0.263780577415186,0.2656728697481669,0.2637301698994774,0.0378568856983886,0.007542620729959093,0.005004753947826013,0.006134276032116803,0.008036912425696208,-0.0041238912950982,0.263780577415186
1274,2016-02-26,0.2679846390437156,0.260247807052497,0.2649425941910118,0.2614976872819817,0.0402952182498554,0.004584708960505723,-0.0035327703626890083,-0.0007302755571551023,-0.0022324826174957013,0.002438332551466804,0.260247807052497
1275,2016-02-29,0.2614772829470121,0.2520046436783553,0.2591004082807606,0.2542049206309828,0.0550179465639694,-0.006507356096703498,-0.008243163374141715,-0.0058421859102512075,-0.007292766650998872,0.014722728314113996,0.2520046436783553
1276,2016-03-01,0.2540825836699086,0.2543598564480154,0.2531122133543251,0.2518236208142386,0.047162915525687,-0.007394699277103511,0.002355212769660109,-0.005988194926435486,-0.002381299816744231,-0.007855031038282397,0.2543598564480154
1277,2016-03-02,0.2613294143653824,0.2621614214938293,0.2608531130815517,0.2613488920770251,0.0293581785055803,0.007246830695473772,0.0078015650458139185,0.00774089972722658,0.009525271262786517,-0.017804737020106702,0.2621614214938293
1278,2016-03-03,0.2656183627440696,0.2677549623701366,0.2668413258585977,0.2665580069012382,0.0328438485288181,0.004288948378687207,0.005593540876307257,0.005988212777046031,0.005209114824213101,0.0034856700232378038,0.2677549623701366
1279,2016-03-04,0.2700551516820987,0.2780588474660954,0.276480878780187,0.269385761462133,0.0449045941021808,0.004436788938029124,0.010303885095958809,0.0096395529215893,0.0028277545608947907,0.012060745573362695,0.2780588474660954
1280,2016-03-07,0.2809993331926855,0.2765868638809584,0.2788177410975709,0.2780180230816902,0.0492848648825563,0.010944181510586792,-0.0014719835851370044,0.002336862317383892,0.008632261619557213,0.004380270780375499,0.2765868638809584
1281,2016-03-08,0.283809361127862,0.2771757158651746,0.2818849346506655,0.2777204064862185,0.0625893237036471,0.0028100279351764845,0.0005888519842162099,0.0030671935530945937,-0.00029761659547172803,0.013304458821090805,0.2771757158651746
1282,2016-03-09,0.2734566756390673,0.268932487435298,0.2707847174608499,0.2683439143658594,0.0655731445216613,-0.0103526854887947,-0.00824322842987657,-0.011100217189815575,-0.00937649212035907,0.002983820818014196,0.268932487435298
1283,2016-03-10,0.2759709035202075,0.2749676591678005,0.2738518728338956,0.2745948550469936,0.0498412629144347,0.0025142278811401964,0.006035171732502509,0.0030671553730456935,0.006250940681134187,-0.0157318816072266,0.2749676591678005
1284,2016-03-11,0.2730130590612629,0.2798252733072742,0.279255922591034,0.272808919701663,0.0627802445969387,-0.002957844458944592,0.004857614139473665,0.005404049757138374,-0.0017859353453306137,0.012938981682504007,0.2798252733072742
1285,2016-03-14,0.2839572217617781,0.279089265250772,0.2808625161808965,0.2814411625286609,0.036514984562682,0.010944162700515236,-0.000736008056502202,0.0016065935898625372,0.008632242826997927,-0.026265260034256707,0.279089265250772
1286,2016-03-15,0.2809993269688662,0.2780588474660954,0.2786716939491487,0.276232038516973,0.0805249779077252,-0.0029578947929119193,-0.0010304177846766072,-0.0021908222317478243,-0.005209124011687938,0.0440099933450432,0.2780588474660954
1287,2016-03-16,0.2783372204930221,0.2785004457944232,0.27881773184137,0.2784645141263244,0.0344748584457948,-0.0026621064758440838,0.0004415983283277969,0.0001460378922212846,0.002232475609351414,-0.0460501194619304,0.2785004457944232
1288,2016-03-17,0.284696707076467,0.2810028471642368,0.2869968078421622,0.2818876533601299,0.066582297814774,0.006359486583444873,0.0025024013698136116,0.008179076000792207,0.0034231392338054945,0.032107439368979196,0.2810028471642368
1289,2016-03-18,0.2842530337404697,0.2879212318173287,0.2869968223379881,0.2860549661985443,0.0978115010746118,-0.00044367333599731884,0.0069183846530919135,1.449582592849552e-08,0.004167312838414428,0.0312292032598378,0.2879212318173287
1290,2016-03-22,0.2920915073127799,0.2885100838015448,0.292692999515922,0.2887340105548015,0.0481557041708032,0.007838473572310212,0.0005888519842160989,0.005696177177933859,0.0026790443562572097,-0.0496557969038086,0.2885100838015448
1291,2016-03-23,0.2898730059792293,0.2892459942744447,0.2896257858337172,0.2903710862769603,0.0351839931923064,-0.00221850133355056,0.0007359104728998922,-0.0030672136822048057,0.001637075722158765,-0.012971710978496802,0.2892459942744447
1292,2016-03-24,0.2872109508070251,0.2852716743752291,0.2853902443031568,0.2826318558394813,0.0588036351338082,-0.0026620551722042474,-0.003974319899215595,-0.004235541530560383,-0.007739230437478983,0.023619641941501804,0.2852716743752291
1293,2016-03-25,0.2900209093924855,0.289834781202926,0.2897718268104247,0.2902222452680185,0.064383980100588,0.0028099585854604037,0.0045631068276968945,0.004381582507267889,0.007590389428537181,0.005580344966779803,0.289834781202926
1294,2016-03-28,0.2925351196587185,0.2904236006592748,0.2890415650619098,0.2896269367045839,0.0250542760825214,0.002514210266232997,0.0005888194563488103,-0.000730261748514871,-0.0005953085634345934,-0.039329704018066604,0.2904236006592748
1295,2016-03-29,0.2911964642667998,0.2904236006592748,0.2908279746967767,0.2907812826164382,0.0366240822159915,-0.001338655391918686,0.0,0.00178640963486687,0.0011543459118543153,0.011569806133470098,0.2904236006592748
1296,2016-03-30,0.288350385060831,0.2898272022098132,0.2897924227926264,0.2855052811287198,0.05416152998549,-0.002846079205968799,-0.0005963984494616326,-0.001035551904150278,-0.005276001487718396,0.017537447769498504,0.2898272022098132
1297,2016-03-31,0.2958399833358918,0.2995179044767128,0.2994077695105434,0.2940975698083649,0.0877036034954888,0.007489598275060794,0.009690702266899609,0.009615346717916973,0.008592288679645066,0.03354207350999879,0.2995179044767128
1298,2016-04-01,0.2989856162414005,0.2859508887751859,0.2952657663666724,0.2886708341149488,0.0425262652600342,0.003145632905508733,-0.013567015701526908,-0.004142003143870976,-0.005426735693416063,-0.04517733823545459,0.2859508887751859
1299,2016-04-04,0.285654155591357,0.2855036956536589,0.2863901180179194,0.2864097806909308,0.0395478993246855,-0.013331460650043536,-0.00044719312152696755,-0.008875648348752985,-0.0022610534240180002,-0.002978365935348705,0.2855036956536589
1300,2016-04-05,0.28280807977088,0.2728311800427221,0.2792895038161812,0.2728429737900695,0.0748355352876359,-0.0028460758204769676,-0.012672515610936796,-0.007100614201738242,-0.013566806900861317,0.0352876359629504,0.2728311800427221
1301,2016-04-06,0.2744196552990419,0.270892990797541,0.2749995159240565,0.2702803252136191,0.0504140255943094,-0.00838842447183813,-0.0019381892451811322,-0.004289987892124647,-0.002562648576450388,-0.024421509693326494,0.270892990797541
1302,2016-04-07,0.2748691196048143,0.2777511338401392,0.2810646876563577,0.2766115656987777,0.0708807453551674,0.0004494643057724179,0.0068581430425982415,0.0060651717323012,0.006331240485158596,0.020466719760858003,0.2777511338401392
1303,2016-04-08,0.2745695017996598,0.2834164474559467,0.2847628683334626,0.2740489189050625,0.044135455646349,-0.0002996178051545284,0.005665313615807466,0.0036981806771048675,-0.0025626467937152064,-0.026745289708818405,0.2834164474559467
1304,2016-04-11,0.2871520056015385,0.2874417710513039,0.2869817498646722,0.2858067480104391,0.0407807028070826,0.012582503801878697,0.004025323595357233,0.002218881531209582,0.011757829105376594,-0.003354752839266402,0.2874417710513039
1305,2016-04-12,0.2859536885487473,0.2923617085847873,0.2917154921046991,0.286861963783125,0.0345239523897841,-0.0011983170527911646,0.0049199375334834095,0.004733742240026928,0.0010552157726859135,-0.0062567504172985,0.2923617085847873
1306,2016-04-13,0.29224500444273,0.2978779795119974,0.2961533715270936,0.294097599478519,0.0509213296821985,0.006291315893982685,0.005516270927210076,0.004437879422394486,0.007235635695393983,0.016397377292414403,0.2978779795119974
1307,2016-04-14,0.3039288442079761,0.3041397241051339,0.3042895032806486,0.3041973570810668,0.0822759952433423,0.011683839765246118,0.006261744593136498,0.008136131753554987,0.010099757602547832,0.031354665561143795,0.3041397241051339
1308,2016-04-15,0.3054266264116538,0.3038414110328671,0.3068041452858746,0.3066090725421517,0.0698934115927166,0.0014977822036776889,-0.00029831307226679815,0.0025146420052259977,0.0024117154610848734,-0.012382583650625695,0.3038414110328671
1309,2016-04-18,0.2977873912696238,0.3062269723028462,0.3045853801018557,0.294851380798375,0.09318576057429,-0.007639235142030021,0.002385561269979075,-0.002218765184018867,-0.011757691743776721,0.023292348981573396,0.3062269723028462
1310,2016-04-19,0.3145640512113583,0.316513975435605,0.3140527470107558,0.3129403327963894,0.0664404708654716,0.016776659941734495,0.01028700313275882,0.009467366908900099,0.018088951998014413,-0.0267452897088184,0.316513975435605
1311,2016-04-20,0.3481175488236162,0.334106379788224,0.3439343584539991,0.3370590552305448,0.2244193277402603,0.0335534976122579,0.017592404352618995,0.029881611443243306,0.024118722434155415,0.1579788568747887,0.334106379788224
1312,2016-04-21,0.3430246128257336,0.3509533104749166,0.3494077146207041,0.3411290806090573,0.1380630802631435,-0.005092935997882575,0.01684693068669263,0.005473356166704968,0.004070025378512476,-0.08635624747711679,0.3509533104749166
1313,2016-04-22,0.3479677579435191,0.3528914509282965,0.3525142184907884,0.3486661701487935,0.0755283053861511,0.004943145117785486,0.0019381404533798663,0.0031065038700843206,0.007537089539736197,-0.06253477487699241,0.3528914509282965
1314,2016-04-25,0.3514129936203615,0.3479715459226806,0.3474846331681236,0.3436916863929783,0.068136939374434,0.0034452356768424064,-0.004919905005615899,-0.005029585322664787,-0.004974483755815162,-0.007391366011717096,0.3479715459226806
1315,2016-04-26,0.3494657358625808,0.3533387741612933,0.3508870473023821,0.3480632421547162,0.0693151940301764,-0.001947257757780707,0.005367228238612687,0.0034024141342585135,0.004371555761737866,0.0011782546557423945,0.3533387741612933
1316,2016-04-27,0.3568055182508791,0.3597495289151598,0.3591710300516393,0.3577107057490154,0.1091358374881356,0.007339782388298299,0.006410754753866543,0.00828398274925718,0.009647463594299244,0.0398206434579592,0.3597495289151598
1317,2016-04-28,0.363845803903894,0.3512515584914485,0.3652361426952767,0.3522840309524906,0.0962677692802827,0.007040285653014899,-0.00849797042371131,0.006065112643637405,-0.005426674796524811,-0.012868068207852898,0.3512515584914485
1318,2016-05-02,0.3392797892977759,0.3490151700215367,0.3476325604032249,0.341430546518058,0.0802031398304622,-0.02456601460611807,-0.0022363884699118097,-0.017603582292051834,-0.010853484434432625,-0.016064629449820497,0.3490151700215367
1319,2016-05-06,0.3431744702357979,0.3420080818739434,0.3405320447551399,0.3399231955870941,0.0844743129575282,0.003894680938021977,-0.007007088147593321,-0.007100515648085004,-0.00150735093096388,0.004271173127066,0.3420080818739434
1320,2016-05-09,0.3463201007823865,0.3463316534858326,0.3445261204514689,0.3444454585722256,0.0767338344552208,0.003145630546588618,0.004323571611889232,0.003994075696329036,0.0045222629851314755,-0.007740478502307399,0.3463316534858326
1321,2016-05-10,0.3407777774027778,0.3373863598291246,0.3381651930882735,0.3361546410290298,0.1048592094784041,-0.0055423233796086935,-0.008945293656707987,-0.006360927363195434,-0.008290817543195772,0.028125375023183297,0.3373863598291246
1322,2016-05-11,0.3442229943561661,0.3226266122844093,0.3399403205655966,0.3249997301136486,0.164153784052105,0.003445216953388286,-0.014759747544715318,0.001775127477323113,-0.011154910915381233,0.05929457457370091,0.3226266122844093
1323,2016-05-12,0.3189080630107865,0.3254593016201805,0.3245557168429775,0.3198744907918732,0.1028572675401752,-0.0253149313453796,0.002832689335771188,-0.015384603722619072,-0.005125239321775388,-0.06129651651192981,0.3254593016201805
1324,2016-05-13,0.3278955394682733,0.3218811060906155,0.3316562326004474,0.3234922441724862,0.0733845364986199,0.00898747645748682,-0.003578195529565009,0.007100515757469894,0.003617753380612987,-0.029472731041555303,0.3218811060906155
1325,2016-05-16,0.3198068083360724,0.3171103413571992,0.3205616261033556,0.3197237442455404,0.0499885447464025,-0.008088731132200933,-0.004770764733416311,-0.011094606497091819,-0.0037684999269457786,-0.023395991752217397,0.3171103413571992
1326,2016-05-17,0.3213047188574545,0.3248629031707189,0.3242598314272749,0.3212311503878394,0.0528741776764381,0.0014979105213820954,0.007752561813519743,0.0036982053239192902,0.0015074061422989948,0.002885632930035603,0.3248629031707189
1327,2016-05-18,0.328195204615604,0.3406662748142903,0.3389048185496711,0.3302756946072122,0.0890127753352025,0.006890485758149489,0.015803371643571373,0.014644987122396202,0.009044544219372785,0.03613859765876439,0.3406662748142903
1328,2016-05-19,0.3422757085196793,0.3324664548235087,0.3400882559076725,0.3352501865601379,0.0678205561798365,0.014080503904075337,-0.00819981999078162,0.0011834373580014157,0.004974491952925708,-0.021192219155365996,0.3324664548235087
1329,2016-05-20,0.3364337989866671,0.3409644577750874,0.3400882419540051,0.3378128050073971,0.0581326845659549,-0.005841909533012224,0.00849800295157871,-1.3953667388211244e-08,0.0025626184472591906,-0.009687871613881599,0.3409644577750874
1330,2016-05-23,0.3406279573136272,0.3406662748142903,0.3409758122852378,0.3408276334380956,0.0528305386151143,0.004194158326960129,-0.0002981829607970887,0.0008875703312327121,0.003014828430698502,-0.005302145950840595,0.3406662748142903
1331,2016-05-24,0.3404781778931117,0.3399208336762312,0.3390527330653233,0.3409783609065693,0.039749729983308,-0.00014977942051552784,-0.0007454411380590775,-0.0019230792199145252,0.00015072746847372143,-0.013080808631806301,0.3399208336762312
1332,2016-05-25,0.3469192502461838,0.344244372760253,0.3460053743621264,0.344897655372973,0.0618201852478153,0.006441072353072119,0.004323539084021777,0.006952641296803119,0.003919294466403711,0.0220704552645073,0.344244372760253
1333,2016-05-26,0.3418262913412053,0.3418589741296112,0.3433426716567019,0.3439931913080615,0.0563598476996759,-0.005092958904978517,-0.0023853986306417996,-0.0026627027054245134,-0.0009044640649115143,-0.0054603375481394045,0.3418589741296112
1334,2016-05-27,0.3427250405294446,0.338579026616578,0.3411237257981052,0.3406768580011742,0.0553725139372252,0.0008987491882392895,-0.0032799475130331768,-0.0022189458585967214,-0.003316333306887298,-0.0009873337624506998,0.338579026616578
1335,2016-05-30,0.339729168621407,0.3360444877137366,0.335650320274044,0.3338934459510084,0.0700516031900153,-0.002995871908037573,-0.0025345389028414433,-0.00547340552406117,-0.006783412050165805,0.0146790892527901,0.3360444877137366
1336,2016-05-31,0.3308914944085475,0.330677422114461,0.3304729051005268,0.3266579171293941,0.0786757726841295,-0.008837674212859525,-0.005367065599275578,-0.005177415173517219,-0.007235528821614268,0.008624169494114195,0.330677422114461
1337,2016-06-01,0.3352354889296001,0.330677422114461,0.3313604868620498,0.332235366661092,0.0668604968307131,0.004343994521052608,0.0,0.000887581761522982,0.0055774495316978645,-0.011815275853416393,0.330677422114461
1338,2016-06-02,0.3337374717304227,0.3257574195252428,0.331064541759108,0.3293711862248388,0.0505122134822879,-0.001498017199177415,-0.004920002589218209,-0.0002959451029417859,-0.002864180436253194,-0.016348283348425204,0.3257574195252428
1339,2016-06-03,0.3292437610028674,0.3323173470791764,0.3312125186017564,0.3302757086592904,0.0431590316492292,-0.004493710727555278,0.006559927553933587,0.00014797684264838962,0.0009045224344516045,-0.007353181833058699,0.3323173470791764
1340,2016-06-06,0.3265474835813117,0.3348518534541505,0.3326917970326118,0.3248489787278762,0.0550452209772967,-0.002696277421555704,0.0025345063749741548,0.0014792784308554352,-0.005426729931414187,0.011886189328067502,0.3348518534541505
1341,2016-06-07,0.3439234356810552,0.3457352875642385,0.3463012839889512,0.3448976892723722,0.0706080012218937,0.01737595209974352,0.010883434110087964,0.0136094869563394,0.020048710544495973,0.015562780244597,0.3457352875642385
1342,2016-06-08,0.3520122238048997,0.3524442578067695,0.3557687228453289,0.353489984290287,0.0916147543666335,0.008088788123844504,0.006708970242531032,0.009467438856377686,0.008592295017914808,0.021006753144739793,0.3524442578067695
1343,2016-06-09,0.3571051029977488,0.3642221757435138,0.3628692535820004,0.3578614384266921,0.078059370942931,0.005092879192849065,0.011777917936744264,0.007100530736671495,0.004371454136405106,-0.013555383423702494,0.3642221757435138
1344,2016-06-10,0.371485204652686,0.3631785841725252,0.3673071370392891,0.3653985576955202,0.0876981486128233,0.014380101654937194,-0.0010435915709886001,0.004437883457288683,0.0075371192688281075,0.009638777669892296,0.3631785841725252
1345,2016-06-13,0.3572549108141261,0.34841883662781,0.3545852401893427,0.3518317656098463,0.0334766149180131,-0.014230293838559893,-0.014759747544715207,-0.012721896849946401,-0.013566792085673907,-0.0542215336948102,0.34841883662781
1346,2016-06-14,0.350813874554406,0.3464807287022974,0.3480764254962184,0.3468573404626611,0.0410643567056872,-0.00644103625972009,-0.0019381079255125777,-0.006508814693124254,-0.004974425147185213,0.007587741787674102,0.3464807287022974
1347,2016-06-15,0.3463200470916137,0.3466297713908948,0.3474846421875342,0.3461035760605606,0.0476484000829142,-0.00449382746279231,0.00014904268859738945,-0.0005917833086842017,-0.0007537644021005097,0.006584043377226997,0.3466297713908948
1348,2016-06-16,0.3476682384128011,0.3367899939075304,0.345709547272323,0.3399231909185714,0.0506431306662593,0.0013481913211874086,-0.009839777483364398,-0.0017750949152112172,-0.006180385141989153,0.0029947305833451024,0.3367899939075304
1349,2016-06-17,0.3403283813506763,0.3335100463944973,0.3386089472411331,0.337209816307329,0.0817523265074568,-0.0073398570621248105,-0.0032799475130331213,-0.0071006000311898965,-0.002713374611242436,0.0311091958411975,0.3335100463944973
1350,2016-06-20,0.3404781418562742,0.3470770295681568,0.3467449878167961,0.3423350163208816,0.0492412258212325,0.00014976050559789567,0.013566983173659508,0.008136040575662973,0.0051252000135526,-0.0325111006862243,0.3470770295681568
1351,2016-06-21,0.3482673470704379,0.3515496763965108,0.3557686555842221,0.3480631973730561,0.0553997883505525,0.007789205214163708,0.004472646828354021,0.009023667767426025,0.005728181052174486,0.006158562529320004,0.3515496763965108
1352,2016-06-22,0.356655798453016,0.3524442578067695,0.3532539380506633,0.3525855231043348,0.0433335878945243,0.0083884513825781,0.0008945814102587213,-0.002514717533558808,0.004522325731278698,-0.0120662004560282,0.3524442578067695
1353,2016-06-23,0.3560565736136524,0.355127806870341,0.3565083253244535,0.3545451324658205,0.0625947785863126,-0.000599224839363588,0.0026835490635714887,0.0032543872737901824,0.0019596093614857035,0.019261190691788298,0.355127806870341
1354,2016-06-24,0.3624977011523055,0.3355973271200769,0.3594669492113351,0.3341950103178445,0.0660477193135575,0.006441127538653113,-0.019530479750264118,0.0029586238868816173,-0.02035012214797599,0.0034529407272449048,0.3355973271200769
1355,2016-06-27,0.3401786196164728,0.3397717584597664,0.3383131110962215,0.3370591049425676,0.0531687413403737,-0.02231908153583273,0.004174431339689533,-0.02115383811511362,0.0028640946247230903,-0.012878977973183804,0.3397717584597664
1356,2016-06-28,0.3365835478197194,0.3432007486613969,0.3445260745836331,0.3349486636942563,0.122505754901212,-0.0035950717967533907,0.003428990201630455,0.006212963487411627,-0.002110441248311279,0.0693370135608383,0.3432007486613969
1357,2016-06-29,0.3295433191749166,0.3208375470474943,0.3340231564605205,0.3109807085090764,0.4241662211845823,-0.007040228644802804,-0.022363201613902595,-0.010502918123112603,-0.023967955185179912,0.3016604662833703,0.3208375470474943
1358,2016-06-30,0.329543295425183,0.3297828081763349,0.3374254982580231,0.3289189711758304,0.1211365793521781,-2.3749733568667608e-08,0.008945261128840587,0.003402341797502595,0.017938262666754023,-0.3030296418324042,0.3297828081763349
1359,2016-07-01,0.3163615721500474,0.3117431781743214,0.3213012637819062,0.3135433079616676,0.138275820687097,-0.013181723275135615,-0.018039630002013474,-0.016124234476116883,-0.015375663214162782,0.01713924133491891,0.3117431781743214
1360,2016-07-04,0.3108192331352104,0.298921571082986,0.3069521545112421,0.2996750274378083,0.1312553866966321,-0.005542339014836972,-0.012821607091335396,-0.014349109270664129,-0.013868280523859355,-0.007020433990464925,0.298921571082986
1361,2016-07-05,0.2967387895490415,0.2996670447489125,0.2985202535348843,0.2943990914788374,0.1104613739758457,-0.014080443586168945,0.0007454736659264771,-0.008431900976357765,-0.0052759359589708565,-0.02079401272078639,0.2996670447489125
1362,2016-07-06,0.2961395971664951,0.3016051852022924,0.2999995320778888,0.2975646502181095,0.0896455417243975,-0.0005991923825463541,0.0019381404533799218,0.001479278543004503,0.0031655587392721007,-0.020815832251448202,0.3016051852022924
1363,2016-07-07,0.3010827475926473,0.2978779795119974,0.2991119467123235,0.2995242967233,0.0517995657913398,0.004943150426152176,-0.003727205690294999,-0.0008875853655653243,0.001959646505190482,-0.0378459759330577,0.2978779795119974
1364,2016-07-08,0.2932935734088412,0.2913181170137986,0.2928989699571548,0.2924394551471998,0.0719280828269384,-0.007789174183806091,-0.006559862498198787,-0.0062129767551686865,-0.007084841576100176,0.0201285170355986,0.2913181170137986
1365,2016-07-11,0.2926943899935305,0.2913181170137986,0.2890528128379526,0.2945498337672889,0.0,-0.0005991834153107334,0.0,-0.0038461571192022204,0.0021103786200890595,-0.0719280828269384,0.2913181170137986
1366,2016-07-12,0.3033296057119442,0.302350593812484,0.3032539284363051,0.3041972789650097,0.0728008640534142,0.010635215718413693,0.011032476798685409,0.01420111559835252,0.009647445197720816,0.0728008640534142,0.302350593812484
1367,2016-07-13,0.3085723487789502,0.3004124533591041,0.3051770156837927,0.3014839280240279,0.0855161955466338,0.005242743067006006,-0.0019381404533799218,0.001923087247487576,-0.0027133509409817957,0.0127153314932196,0.3004124533591041
1368,2016-07-14,0.3007832483741846,0.3033943154949424,0.3039936821810111,0.3010317975588671,0.0752882905488702,-0.007789100404765603,0.002981862135838287,-0.0011833335027816028,-0.0004521304651607938,-0.010227904997763604,0.3033943154949424
1369,2016-07-15,0.3058760893294603,0.2983252376892593,0.3044373802582187,0.3016346874361958,0.0797612943345588,0.005092840955275735,-0.005069077805683109,0.00044369807720762156,0.000602889877328705,0.004473003785688601,0.2983252376892593
1370,2016-07-19,0.3043781873623378,0.3084632306612883,0.3062125430220635,0.3017854375122977,0.0411789092416622,-0.0014979019671225169,0.010137992972028997,0.0017751627638448175,0.00015075007610187985,-0.0385823850928966,0.3084632306612883
1371,2016-07-20,0.3066250569247756,0.3035433256556724,0.3056208203497086,0.3048002604962942,0.043409956251841,0.0022468695624378032,-0.004919905005615899,-0.0005917226723549107,0.0030148229839965235,0.002231047010178802,0.3035433256556724
1372,2016-07-21,0.3093213515816513,0.3078668972675615,0.308431484342258,0.3093225463436322,0.0342948473178341,0.0026962946568757085,0.004323571611889121,0.002810663992549367,0.004522285847337992,-0.009115108934006896,0.3078668972675615
1373,2016-07-22,0.3027305411879165,0.3001143679819093,0.3011830304616045,0.3023884758672428,0.0507576832022343,-0.006590810393734825,-0.007752529285652177,-0.007248453880653483,-0.006934070476389387,0.016462835884400194,0.3001143679819093
1374,2016-07-25,0.3004835462015618,0.2999651626539747,0.3013308370992171,0.2992227766614155,0.0367768189306248,-0.0022469949863546668,-0.0001492053279346095,0.00014780663761260193,-0.0031656992058273214,-0.013980864271609494,0.2999651626539747
1375,2016-07-26,0.296588937748551,0.293405300155776,0.2930468440816752,0.2942482904550839,0.0393951626100522,-0.003894608453010817,-0.006559862498198732,-0.008283993017541902,-0.004974486206331619,0.0026183436794273984,0.293405300155776
1376,2016-07-27,0.2964391912060442,0.2938526233887727,0.2937865422852844,0.2947005755890297,0.058961826731107,-0.0001497465425068234,0.0004473232329967325,0.0007396982036091959,0.0004522851339457956,0.019566664121054803,0.2938526233887727
1377,2016-07-28,0.2922450104655952,0.2929580745063815,0.2920113677713941,0.2912334941833979,0.0446482146169035,-0.004194180740448972,-0.0008945488823912107,-0.0017751745138903097,-0.003467081405631789,-0.014313612114203504,0.2929580745063815
1378,2016-07-29,0.2956902340599582,0.2990707113551857,0.2979285347260813,0.2948513317147922,0.062300214922377,0.0034452235943630005,0.006112636848804198,0.005917166954687192,0.00361783753139433,0.0176520003054735,0.2990707113551857
1379,2016-08-01,0.2988358433278918,0.311295887469192,0.3094669411284316,0.2987705687711128,0.0707989221151853,0.0031456092679336134,0.012225176114006309,0.01153840640235032,0.003919237056320579,0.008498707192808305,0.311295887469192
1380,2016-08-02,0.3096208885012779,0.3077177569953618,0.3082835033779764,0.3099254846841682,0.0742409530770993,0.010785045173386076,-0.00357813047383021,-0.0011834377504552074,0.011154915913055397,0.0034420309619139916,0.3077177569953618
1381,2016-08-03,0.3001840154779722,0.2957907638421527,0.303549841341699,0.291685749308757,0.1966703396209947,-0.009436873023305703,-0.011926993153209109,-0.004733662036277397,-0.01823973537541118,0.1224293865438954,0.2957907638421527
1382,2016-08-04,0.2911963656960553,0.2729802064673857,0.2881651547424471,0.2725414238036581,0.2191280915547506,-0.008987649781916907,-0.022810557374767004,-0.015384686599251907,-0.019144325505098925,0.022457751933755904,0.2729802064673857
1383,2016-08-05,0.2763669298237247,0.2729802064673857,0.276922562850489,0.2755562625116601,0.0743336860824123,-0.014829435872330599,0.0,-0.011242591891958087,0.00301483870800201,-0.1447944054723383,0.2729802064673857
1384,2016-08-08,0.2771159735617858,0.2716384807274012,0.2758871478173216,0.2728429836804265,0.064073051788656,0.000749043738061117,-0.0013417257399844784,-0.0010354150331673972,-0.002713278831233623,-0.010260634293756302,0.2716384807274012
1385,2016-08-09,0.2754682321081831,0.2723839056015265,0.2727806191530132,0.2741996366601839,0.0502176498183524,-0.0016477414536026913,0.0007454248741252667,-0.0031065286643083834,0.0013566529797574,-0.01385540197030359,0.2723839056015265
1386,2016-08-10,0.2703752478966633,0.2741729057827067,0.2720409236226545,0.2698280773682778,0.0538724212042198,-0.005092984211519824,0.0017890001811802225,-0.0007396955303587416,-0.00437155929190608,0.0036547713858673947,0.2741729057827067
1387,2016-08-12,0.2814599339300487,0.2781983594895337,0.2784019218179463,0.2773652326176388,0.0372350290745246,0.011084686033385416,0.004025453706826998,0.006360998195291845,0.007537155249360994,-0.0166373921296952,0.2781983594895337
1388,2016-08-15,0.2786138191492813,0.2753656050980276,0.2760350077452976,0.2775159159747258,0.0282999312684784,-0.002846114780767406,-0.002832754391506098,-0.002366914072648718,0.00015068335708701142,-0.008935097806046198,0.2753656050980276
1389,2016-08-16,0.2778649236534704,0.2767074772134156,0.2788457110876593,0.2791741301818133,0.0483084408854365,-0.0007488954958109195,0.0013418721153879987,0.00281070334236172,0.001658214207087505,0.020008509616958103,0.2767074772134156
1390,2016-08-17,0.2778649428719503,0.2852055126928618,0.2835794464812806,0.2796263800426761,0.0387460315728608,1.921847991859238e-08,0.00849803547944622,0.004733735393621263,0.0004522498608627856,-0.009562409312575702,0.2852055126928618
1391,2016-08-18,0.2873018206997645,0.2798382844542491,0.283727335561736,0.2820382125570487,0.0372077546611972,0.009436877827814216,-0.005367228238612742,0.00014788908045543225,0.0024118325143726027,-0.0015382769116636039,0.2798382844542491
1392,2016-08-19,0.2825085136033196,0.2808819410809726,0.2810646584390014,0.2817367551312983,0.0354021884989253,-0.004793307096444932,0.0010436566267235103,-0.0026626771227346024,-0.00030145742575038437,-0.0018055661622718988,0.2808819410809726
1393,2016-08-22,0.2805612194836838,0.2825219311014229,0.2807688173410604,0.2796263884583717,0.0202321598062425,-0.0019472941196357896,0.0016399900204502882,-0.00029584109794100755,-0.0021103666729266335,-0.015170028692682799,0.2825219311014229
1394,2016-08-23,0.2810106206730876,0.279391091332722,0.2785499049019779,0.2793249283043492,0.0278308113592476,0.00044940118940378637,-0.003130839768700877,-0.00221891243908251,-0.0003014601540224926,0.0075986515530051014,0.279391091332722
1395,2016-08-24,0.2786138652266957,0.2771547028628101,0.2782539846210439,0.2794755889798841,0.0447900415662059,-0.002396755446391896,-0.0022363884699119208,-0.00029592028093400335,0.00015066067553493045,0.016959230206958296,0.2771547028628101
1396,2016-08-25,0.2766665916796062,0.2722348466489954,0.2736682162776947,0.2749533621428376,0.0404643196124851,-0.0019472735470894564,-0.004919856213814688,-0.0045857683433491725,-0.004522226837046506,-0.004325721953720794,0.2722348466489954
1397,2016-08-26,0.273371144387289,0.2694021410492904,0.2699699787058527,0.2723907344865256,0.0362531501947393,-0.003295447292317233,-0.002832705599704999,-0.0036982375718420113,-0.0025626276563119887,-0.004211169417745804,0.2694021410492904
1398,2016-08-29,0.2724723823471798,0.2714893892470026,0.2723368493710152,0.2738981557405383,0.0397060909219842,-0.0008987620401091911,0.0020872481977122215,0.0023668706651625016,0.001507421254012653,0.003452940727244898,0.2714893892470026
1399,2016-08-30,0.2727719351369636,0.2741729057827067,0.2724847143241145,0.2723906857932841,0.0374804987944709,0.00029955278978377464,0.002683516535704089,0.00014786495309926373,-0.0015074699472541475,-0.002225592127513297,0.2741729057827067
1400,2016-08-31,0.2772657684260273,0.2813291992582345,0.2792895071948394,0.2776667157318451,0.0349385234723601,0.00449383328906372,0.00715629347552782,0.0068047928707249405,0.005276029938560967,-0.0025419753221107982,0.2813291992582345
1401,2016-09-01,0.2808607520606813,0.2779001440008691,0.2798811881305144,0.2806815301024596,0.0249669979598738,0.003594983634653992,-0.003429055257365421,0.0005916809356749653,0.003014814370614516,-0.009971525512486302,0.2779001440008691
1402,2016-09-02,0.2810105226023759,0.2799873596707139,0.2785498076900386,0.280832250283463,0.0233196233949007,0.0001497705416946271,0.002087215669844822,-0.00133138044047576,0.00015072018100337203,-0.0016473745649730996,0.2799873596707139
1403,2016-09-05,0.2840064498654422,0.2825219311014229,0.2866859682963109,0.2849023580519259,0.0368750068186033,0.0029959272630663003,0.002534571430708954,0.008136160606272258,0.004070107768462894,0.013555383423702598,0.2825219311014229
1404,2016-09-06,0.286702646565314,0.2880381369728981,0.2908279290861207,0.2880679000840804,0.0491866769945778,0.002696196699871811,0.005516205871475222,0.004141960789809829,0.0031655420321545225,0.012311670175974503,0.2880381369728981
1405,2016-09-07,0.2902977121506064,0.2895290517768835,0.2930468948867476,0.2921379629410575,0.0484339031867424,0.0035950655852923785,0.0014909148039853881,0.0022189658006269153,0.004070062856977086,-0.000752773807835401,0.2895290517768835
1406,2016-09-08,0.2913462537220542,0.2893799765604187,0.2896445279654927,0.2897260812671434,0.0376223257437732,0.001048541571447792,-0.00014907521646478905,-0.0034023669212548957,-0.002411881673914096,-0.010811577442969199,0.2893799765604187
1407,2016-09-09,0.2919453806162938,0.2886345028944923,0.2906799913208888,0.2915349468394499,0.0359749511788001,0.0005991268942396322,-0.0007454736659264216,0.0010354633553960602,0.0018088655723065283,-0.001647374564973103,0.2886345028944923
1408,2016-09-12,0.2870022269262014,0.2874417710513039,0.2877213935498904,0.288821587027421,0.0292599906176018,-0.004943153690092406,-0.001192731843188355,-0.0029585977709983835,-0.002713359812028915,-0.006714960561198299,0.2874417710513039
1409,2016-09-13,0.2870022295187368,0.2896780944654809,0.287721396148922,0.2873141701142832,0.0248688100718953,2.592535353063141e-09,0.002236323414176955,2.5990316010471304e-09,-0.0015074169131378268,-0.004391180545706499,0.2896780944654809
1410,2016-09-14,0.2887997629136581,0.2866963624411123,0.2863900755671643,0.2880679090802469,0.023254164802915,0.0017975333949213357,-0.0029817320243685774,-0.0013313205817577223,0.0007537389659637017,-0.0016146452689803012,0.2866963624411123
1411,2016-09-15,0.2849051715829063,0.2850564049485295,0.2838752889905478,0.2856560488155708,0.022954146256314,-0.0038945913307518176,-0.0016399574925827776,-0.002514786576616468,-0.0024118602646761023,-0.0003000185466009997,0.2850564049485295
1412,2016-09-16,0.2876013890769925,0.2889326533274219,0.2875734575202581,0.2876156485568686,0.0279835480738809,0.002696217494086217,0.0038762483788923885,0.0036981685297102773,0.001959599741297835,0.005029401817566899,0.2889326533274219
1413,2016-09-20,0.291196437028827,0.2956416560978204,0.2933427318668886,0.2903290479014409,0.0427335508013222,0.003595047951834518,0.006709002770398487,0.005769274346630493,0.002713399344572265,0.0147500027274413,0.2956416560978204
1414,2016-09-21,0.297038349610907,0.3007106363199012,0.2994077922209762,0.2948513019645916,0.0423462541320736,0.00584191258208,0.005068980222080799,0.006065060354087604,0.00452225406315071,-0.0003872966692485963,0.3007106363199012
1415,2016-09-23,0.305276898153634,0.2999651626539747,0.3014787748672037,0.3011824266504095,0.0306400759319667,0.008238548542726987,-0.0007454736659264771,0.002070982646227515,0.006331124685817924,-0.011706178200106901,0.2999651626539747
1416,2016-09-26,0.299734622717208,0.2956416560978204,0.2960054540274806,0.2971124366561343,0.0288781488310186,-0.005542275436425992,-0.004323506556154322,-0.005473320839723128,-0.004069989994275214,-0.0017619271009481005,0.2956416560978204
1417,2016-09-27,0.2959898633667289,0.3041397241051339,0.3017747184744563,0.2978661977545918,0.0407043344497659,-0.003744759350479132,0.008498068007313508,0.00576926444697573,0.0007537610984574838,0.0118261856187473,0.3041397241051339
1418,2016-09-28,0.3045149281402589,0.3029321270265268,0.300726284955562,0.302629999459804,0.0191520930384787,0.008525064773529989,-0.0012075970786071255,-0.0010484335188943317,0.004763801705212234,-0.0215522414112872,0.3029321270265268
1419,2016-09-29,0.3104294036761409,0.3095735043605233,0.3097122310702462,0.3104133090564562,0.0383696446689431,0.0059144755358820356,0.006641377333996501,0.008985946114684229,0.007783309596652188,0.019217551630464395,0.3095735043605233
1420,2016-09-30,0.3069413861965692,0.3139506493700816,0.3121084008044415,0.307513643553707,0.0317583268783888,-0.0034880174795717256,0.004377145009558325,0.002396169734195319,-0.002899665502749227,-0.006611317790554294,0.3139506493700816
1421,2016-10-03,0.3161921097135703,0.3150072195601777,0.3166013343343162,0.3162125461589456,0.0256434034103926,0.009250723517001125,0.0010565701900960844,0.004492933529874676,0.008698902605238645,-0.006114923467996202,0.3150072195601777
1422,2016-10-04,0.3140689816663098,0.3199881468451058,0.3174999030904782,0.3142285576186206,0.0338966408832546,-0.002123128047260503,0.004980927284928105,0.0008985687561620104,-0.001983988540324999,0.008253237472862,0.3199881468451058
1423,2016-10-05,0.3204383217327232,0.3205918965926083,0.3191473250935772,0.3217065782788266,0.0243833255146681,0.006369340066413376,0.0006037497475024911,0.001647422003098975,0.007478020660205975,-0.0095133153685865,0.3205918965926083
1424,2016-10-06,0.3283241266804773,0.335685640280169,0.3354715666523405,0.3304054339328556,0.0636312062927526,0.007885804947754094,0.015093743687560723,0.01632424155876333,0.008698855654029003,0.0392478807780845,0.335685640280169
1425,2016-10-07,0.3406078278362168,0.3459493859877103,0.3453559771741028,0.3410882602564495,0.0645148972845594,0.012283701155739513,0.010263745707541294,0.00988441052176231,0.010682826323593908,0.0008836909918068098,0.3459493859877103
1426,2016-10-11,0.3551663801935417,0.3563641911116301,0.3580860088862612,0.3568074058284029,0.0546742889560445,0.014558552357324894,0.01041480512391979,0.012730031712158363,0.01571914557195342,-0.009840608328514903,0.3563641911116301
1427,2016-10-12,0.3491003324226795,0.3486663411711398,0.3532935266046451,0.3513133438788437,0.0516250095460446,-0.006066047770862171,-0.007697849940490276,-0.004792482281616106,-0.005494061949559204,-0.003049279409999904,0.3486663411711398
1428,2016-10-13,0.3465223099471325,0.3397610567913796,0.3459551322279303,0.3304055094944614,0.1285061258332333,-0.002578022475547004,-0.008905284379760237,-0.007338394376714796,-0.020907834384382318,0.07688111628718869,0.3397610567913796
1429,2016-10-14,0.3431859551292746,0.3598357277638685,0.3573371737371226,0.3447510113760114,0.0984224479331449,-0.003336354817857934,0.02007467097248894,0.011382041509192309,0.014345501881549982,-0.030083677900088382,0.3598357277638685
1430,2016-10-17,0.3565312396794791,0.3566660497214476,0.3567381057199959,0.3581808941450641,0.0332966037900524,0.013345284550204506,-0.0031696780424209092,-0.0005990680171266693,0.013429882769052714,-0.0651258441430925,0.3566660497214476
1431,2016-10-18,0.3550146935683195,0.3557603763083928,0.3547911304794877,0.3545181727810368,0.0296091031081921,-0.001516546111159589,-0.0009056734130548083,-0.0019469752405082419,-0.003662721364027288,-0.0036875006818603007,0.3557603763083928
1432,2016-10-19,0.3556212651397408,0.3550056647281142,0.3532934670352787,0.3558916507072258,0.0340984715418771,0.0006065715714212994,-0.000754711580278622,-0.0014976634442089853,0.0013734779261889707,0.004489368433684998,0.3550056647281142
1433,2016-10-20,0.3554696328453346,0.3584772664360874,0.3567380734776496,0.3560443000900033,0.0390242305888,-0.00015163229440617876,0.0034716017079732264,0.003444606442370879,0.0001526493827775366,0.004925759046922905,0.3584772664360874
1434,2016-10-21,0.361990619980313,0.3575716255509001,0.3579361859214082,0.3603174418095123,0.0369950142372437,0.0065209871349783954,-0.0009056408851872977,0.0011981124437586144,0.004273141719508988,-0.0020292163515563053,0.3575716255509001
1435,2016-10-24,0.3580477463896932,0.3598357277638685,0.3573371737371226,0.3587913548852682,0.025774320594364,-0.003942873590619789,0.0022641022129684107,-0.0005990121842855967,-0.0015260869242441077,-0.011220693642879698,0.3598357277638685
1436,2016-10-25,0.3609291264593929,0.3587791901016398,0.3585352907093532,0.3607753177263139,0.0283053861511438,0.0028813800696996794,-0.0010565376622287403,0.0011981169722306007,0.0019839628410456833,0.002531065556779802,0.3587791901016398
1437,2016-10-26,0.3586543481531875,0.3568169790263563,0.3549409462547759,0.3578756796760947,0.0320201612463315,-0.002274778306205427,-0.001962211075283493,-0.003594344454577292,-0.0028996380502192,0.0037147750951877015,0.3568169790263563
1438,2016-10-27,0.3559245903754593,0.3602885156785947,0.3588347848319053,0.356807361449581,0.0318346952357054,-0.002729757777728159,0.0034715366522384272,0.0038938385771293826,-0.0010683182265137092,-0.0001854660106260994,0.3602885156785947
1439,2016-10-28,0.3639621538544634,0.3678354688420437,0.3663230527440616,0.3662693771403895,0.0692388256728597,0.008037563479004084,0.0075469531634489995,0.007488267912156288,0.009462015690808512,0.0374041304371543,0.3678354688420437
1440,2016-10-31,0.3625972974439613,0.3654204698520339,0.364675630622742,0.3610805627211088,0.0371313863038806,-0.0013648564105021022,-0.002414998990009798,-0.001647422121319575,-0.005188814419280707,-0.032107439368979106,0.3654204698520339
1441,2016-11-01,0.3671468092122121,0.3616470095342432,0.3631779745323107,0.3635223296345006,0.0373223071971721,0.004549511768250802,-0.003773460317790689,-0.0014976560904312874,0.0024417669133918185,0.00019092089329150047,0.3616470095342432
1442,2016-11-02,0.348190450790312,0.3559113706690364,0.3546414272813779,0.3503976943388314,0.0620165610237723,-0.018956358421900077,-0.005735638865206838,-0.008536547250932836,-0.013124635295669207,0.024694253826600204,0.3559113706690364
1443,2016-11-04,0.351678407872513,0.3524398014889306,0.3499987357153638,0.3496346382915369,0.0416207547375655,0.0034879570822009542,-0.0034715691801057713,-0.004642691566014101,-0.0007630560472944858,-0.020395806286206804,0.3524398014889306
1444,2016-11-07,0.3544080831038852,0.3509303783283733,0.3519456286745465,0.3517711551546948,0.043409956251841,0.0027296752313722417,-0.0015094231605572994,0.001946892959182711,0.0021365168631579112,0.0017892015142755013,0.3509303783283733
1445,2016-11-08,0.3527399826243,0.3524398014889306,0.350897329555305,0.3534499441511706,0.0254033885731117,-0.0016681004795852106,0.0015094231605572994,-0.0010482991192414803,0.0016787889964757774,-0.0180065676787293,0.3524398014889306
1446,2016-11-09,0.3559245723505879,0.3387043890176812,0.3591342902674467,0.339867379147324,0.0591854769203914,0.0031845897262878786,-0.01373541247124943,0.008236960712141694,-0.01358256500384658,0.03378208834727971,0.3387043890176812
1447,2016-11-10,0.3566828379893093,0.3651185136586142,0.3637769748643337,0.3589439163480998,0.0476593098482451,0.0007582656387213893,0.026414124640933012,0.004642684596886992,0.01907653720077579,-0.0115261670721463,0.3651185136586142
1448,2016-11-11,0.3680567006564267,0.3616470095342432,0.3682699452405475,0.3644380123353375,0.0416589389162239,0.01137386266711743,-0.003471504124370972,0.004492970376213823,0.005494095987237713,-0.006000370932021201,0.3616470095342432
1449,2016-11-14,0.3674500435880418,0.3657222634061166,0.3705163436426213,0.368100633681745,0.0395697188553474,-0.0006066570683849193,0.004075253871873352,0.0022463984020738015,0.003662621346407491,-0.002089220060876501,0.3657222634061166
1450,2016-11-15,0.3751842649167811,0.3707032557467796,0.3735116664550073,0.3734421019072356,0.0413752850176192,0.007734221328739299,0.004980992340663015,0.0029953228123859588,0.0053414682254905865,0.0018055661622718017,0.3707032557467796
1451,2016-11-16,0.3783689658826598,0.3768917150545801,0.37665674493136,0.3800044554542065,0.0563162086383521,0.003184700965878695,0.006188459307800487,0.003145078476352703,0.006562353546970934,0.014940923620732897,0.3768917150545801
1452,2016-11-17,0.3774590063279471,0.3771935411365302,0.375907879579794,0.3792413491164293,0.0368804617012688,-0.0009099595547126804,0.0003018260819501184,-0.000748865351565986,-0.0007631063377772085,-0.019435746937083297,0.3771935411365302
1453,2016-11-18,0.3821601708765504,0.3844385381065593,0.3821979453367694,0.3838196937306615,0.0539269700308746,0.004701164548603309,0.007244996970029116,0.006290065756975383,0.004578344614232177,0.017046508329605796,0.3844385381065593
1454,2016-11-21,0.3905010822796164,0.3864008467654451,0.3883383725819133,0.3882455517039141,0.0374914085598018,0.008340911403065976,0.001962308658885803,0.006140427245143909,0.004425857973252623,-0.0164355614710728,0.3864008467654451
1455,2016-11-22,0.3929274979111145,0.3930420939879718,0.391932740186013,0.3951130947396584,0.0412716422469752,0.002426415631498091,0.0066412472225266805,0.003594367604099702,0.006867543035744272,0.0037802336871734024,0.3930420939879718
1456,2016-11-24,0.4003583341019038,0.3856461026572991,0.3964256157119783,0.388398117920987,0.0565507685929675,0.007430836190789325,-0.007395991330672702,0.004492875525965334,-0.006714976818671392,0.015279126345992301,0.3856461026572991
1457,2016-11-25,0.3876196893468438,0.3877592430374913,0.3887876573114405,0.3899242605680094,0.0381350847143278,-0.01273864475505998,0.0021131403801922244,-0.007637958400537825,0.0015261426470223882,-0.018415683878639705,0.3877592430374913
1458,2016-11-28,0.3905010290728846,0.3940986316502005,0.3920824224268133,0.3894664012861338,0.0340875617765461,0.002881339726040766,0.0063393886127091625,0.0032947651153727997,-0.00045785928187558333,-0.004047522937781697,0.3940986316502005
1459,2016-11-29,0.392775774697464,0.3942495609551092,0.3926814977840934,0.39419734866767,0.0284363033351152,0.0022747456245794107,0.00015092930490873124,0.0005990753572800989,0.004730947381536177,-0.0056512584414309015,0.3942495609551092
1460,2016-11-30,0.3885295493137768,0.3906269974143598,0.3904350168317681,0.39083988832671,0.0718189851736289,-0.0042462253836871855,-0.0036225635407494128,-0.0022464809523252693,-0.0033574603409599613,0.04338268183851371,0.3906269974143598
1461,2016-12-01,0.4203762247618062,0.4171920513602015,0.4178418207776055,0.4122055909690972,0.0626602371782983,0.03184667544802938,0.026565053945841688,0.027406803945837388,0.021365702642387185,-0.009158747995330604,0.4171920513602015
1462,2016-12-02,0.4246224588849235,0.4224749023106821,0.4323689849722769,0.4242619746214643,0.0616456290025201,0.0042462341231173095,0.005282850950480589,0.014527164194671371,0.012056383652367109,-0.0010146081757781977,0.4224749023106821
1463,2016-12-05,0.4168881779390704,0.4209654466222574,0.4184408187384222,0.4166312867115244,0.0304000610946858,-0.0077342809458531,-0.001509455688424699,-0.013928166233854677,-0.007630687909939926,-0.031245567907834303,0.4209654466222574
1464,2016-12-06,0.4297785598767803,0.427606758900519,0.4266779021496314,0.4256354558755809,0.0361876916027536,0.012890381937709916,0.006641312278261646,0.008237083411209212,0.009004169164056497,0.005787630508067798,0.427606758900519
1465,2016-12-07,0.4255324394751206,0.4407384541521335,0.4385093447304807,0.427619528503946,0.0964750548215707,-0.004246120401659725,0.01313169525161445,0.011831442580849283,0.001984072628365141,0.06028736321881711,0.4407384541521335
1466,2016-12-08,0.4397875132608297,0.4485871358139301,0.4453984006826519,0.438454859213043,0.0673023423266165,0.014255073785709116,0.007848681661796642,0.006889055952171208,0.01083533070909698,-0.029172712494954206,0.4485871358139301
1467,2016-12-09,0.4549526732917327,0.4724353646878121,0.4725057866860365,0.4553948972183317,0.0825432844939505,0.015165160030903013,0.023848228873881994,0.02710738600338458,0.016940038005288705,0.015240942167334001,0.4724353646878121
1468,2016-12-12,0.4928653909211349,0.4679072253176102,0.4867333726463978,0.4677564926117606,0.0652567613270638,0.03791271762940218,-0.004528139370201911,0.014227585960361333,0.012361595393428904,-0.017286523166886697,0.4679072253176102
1469,2016-12-13,0.4708760264103206,0.481491643428216,0.4814916434282159,0.468519568170596,0.0491212184025921,-0.02198936451081429,0.01358441811060579,-0.005241729218181945,0.0007630755588353688,-0.016135542924471703,0.481491643428216
1470,2016-12-14,0.4731507898229309,0.481491643428216,0.4784963610429704,0.4692826293565416,0.048417538538746,0.0022747634126102922,0.0,-0.00299528238524549,0.0007630611859456016,-0.0007036798638460975,0.481491643428216
1471,2016-12-15,0.4814915588572523,0.4739447227926345,0.4762498694369587,0.4769132113573894,0.0409716237003742,0.008340769034321405,-0.007546920635581489,-0.0022464916060117024,0.007630582000847819,-0.0074459148383718005,0.4739447227926345
1472,2016-12-16,0.4807333196016129,0.4777181831104253,0.4777475256093694,0.4784393487291132,0.0405188684391398,-0.0007582392556393924,0.0037734603177908,0.0014976561724107107,0.0015261373717238014,-0.0004527552612344013,0.4777181831104253
1473,2016-12-19,0.4799750651542918,0.4777181831104253,0.4777475256093694,0.4807285322158554,0.0295054603375481,-0.0007582544473211383,0.0,0.0,0.0022891834867421745,-0.0110134081015917,0.4777181831104253
1474,2016-12-20,0.479975070322778,0.4724353646878121,0.4755010690105121,0.4723348645173488,0.0337329944032903,5.168486194584432e-09,-0.005282818422613189,-0.002246456598857305,-0.00839366769850658,0.004227534065742198,0.4724353646878121
1475,2016-12-21,0.469359586764454,0.4762088900613378,0.4762499695672003,0.47080882123827,0.0374259499678161,-0.01061548355832398,0.00377352537352571,0.0007489005566881923,-0.0015260432790787926,0.003692955564525799,0.4762088900613378
1476,2016-12-22,0.4807333272514948,0.4746994343729131,0.4769987126267672,0.4738609892961517,0.0281144652578523,0.011373740487040818,-0.001509455688424699,0.0007487430595669031,0.003052168057881721,-0.009311484709963798,0.4746994343729131
1477,2016-12-26,0.4769420116793285,0.4656431231046418,0.4725057462442321,0.4685195185644049,0.0208758359607684,-0.0037913155721663316,-0.009056311268271333,-0.004492966382535102,-0.005341470731746845,-0.007238629297083899,0.4656431231046418
1478,2016-12-27,0.4655682332502611,0.4701712950027112,0.4710081430772637,0.4669934338984177,0.017417440350858,-0.011373778429067394,0.004528171898069422,-0.0014976031669683976,-0.001526084665987193,-0.0034583956099103995,0.4701712950027112
1479,2016-12-28,0.4723924661732085,0.4769634390022792,0.4762498295102979,0.4708086827815154,0.0221086394431655,0.006824232922947426,0.006792143999568012,0.005241686433034187,0.0038152488830976994,0.0046911990923074985,0.4769634390022792
1480,2016-12-29,0.4814915997408671,0.4709260065829898,0.4762499098754998,0.4738610070404007,0.0204830844088543,0.009099133567658568,-0.006037432419289446,8.036520193765995e-08,0.0030523242588852972,-0.0016255550343112005,0.4709260065829898
1481,2016-12-30,0.468601271103136,0.4686619368978888,0.4695105220083868,0.4708087598720413,0.0136972103730048,-0.012890328637731097,-0.0022640696851009556,-0.006739387867113034,-0.00305224716835939,-0.0067858740358494995,0.4686619368978888
1482,2017-01-04,0.4708760333427947,0.4882838524835189,0.4904774978050092,0.4708087586599164,0.0392424258954189,0.002274762239658723,0.01962191558563009,0.020966975796622433,-1.2121249004515278e-09,0.0255452155224141,0.4882838524835189
1483,2017-01-05,0.4822498406578951,0.4890385315359301,0.4852357435768637,0.479202421976149,0.0299145765374586,0.011373807315100404,0.0007546790524111668,-0.00524175422814549,0.008393663316232591,-0.009327849357960303,0.4890385315359301
1484,2017-01-06,0.4837663123013231,0.4845103596378607,0.4822404240372647,0.4845438128971944,0.0237287395948113,0.0015164716434279968,-0.004528171898069366,-0.0029953195395990284,0.005341390921045408,-0.006185836942647301,0.4845103596378607
1485,2017-01-10,0.4837663373908976,0.4777181831104253,0.4784963461824247,0.4792024098913606,0.0340711971285497,2.5089574473557974e-08,-0.006792176527435412,-0.003744077854839989,-0.0053414030058338,0.010342457533738404,0.4777181831104253
1486,2017-01-11,0.476183753215575,0.4807368993200699,0.4837380498618577,0.4723348200499302,0.0438845310437372,-0.007582584175322593,0.003018716209644612,0.005241703679432996,-0.006867589841430377,0.009813333915187496,0.4807368993200699
1487,2017-01-12,0.4898323406289656,0.4973400661681879,0.4957191866335277,0.4921744171544326,0.0672259739692999,0.01364858741339059,0.016603166848117967,0.011981136771670009,0.019839597104502393,0.0233414429255627,0.4973400661681879
1488,2017-01-13,0.4974149292013589,0.5086604471215602,0.5069515399426534,0.4990420119069368,0.0469283555710716,0.007582588572393301,0.011320380953372344,0.011232353309125698,0.0068675947525042025,-0.0202976183982283,0.5086604471215602
1489,2017-01-16,0.5125799650125303,0.5003588149057001,0.5114444101119574,0.5043833875305989,0.0276235258179596,0.015165035811171457,-0.00830163221586011,0.004492870169303997,0.005341375623662048,-0.019304829753112,0.5003588149057001
1490,2017-01-17,0.5049974028571418,0.4943212849028083,0.4994632638164388,0.4990419417475275,0.0194957506464035,-0.00758256215538855,-0.006037530002891811,-0.011981146295518608,-0.005341445783071386,-0.0081277751715561,0.4943212849028083
1491,2017-01-18,0.4996896216191729,0.5116791308033375,0.5077002884176194,0.4982788799491145,0.0402952182498554,-0.005307781237968878,0.01735784590052919,0.008237024601180587,-0.0007630617984129562,0.0207994676034519,0.5116791308033375
1492,2017-01-19,0.5110634414851885,0.5063963123807244,0.5069514723999061,0.5051464340469672,0.0333456977340417,0.011373819866015544,-0.005282818422613134,-0.0007488160177132608,0.006867554097852724,-0.006949520515813698,0.5063963123807244
1493,2017-01-20,0.5065139064654248,0.5169619492259506,0.516686129770914,0.5097247916282532,0.0309510042438987,-0.004549535019763629,0.010565636845226267,0.009734657371007871,0.004578357581285997,-0.0023946934901430024,0.5169619492259506
1494,2017-01-23,0.5148547087699824,0.5116791308033375,0.5114443908395783,0.5112509181713732,0.0309400944785677,0.008340802304557582,-0.005282818422613134,-0.0052417389313357265,0.00152612654312001,-1.0909765330999882e-05,0.5116791308033375
1495,2017-01-24,0.512579945697361,0.5116791308033375,0.5114443908395783,0.5120139792432709,0.0288126902390329,-0.002274763072621422,0.0,0.0,0.0007630610718976083,-0.002127404239534801,0.5116791308033375
1496,2017-01-25,0.5209208249399199,0.5154526561768631,0.5159373942776877,0.5188816098816651,0.0164137419404108,0.008340879242558885,0.003773525373525599,0.004493003438109433,0.00686763063839424,-0.0123989482986221,0.5154526561768631
1497,2017-01-26,0.5231956811008731,0.5207355721830785,0.5196815893944735,0.5188817018503065,0.0497539847917871,0.0022748561609532425,0.0052829160062154434,0.003744195116785809,9.196864136917782e-08,0.0333402428513763,0.5207355721830785
1498,2017-01-27,0.5277450222385974,0.5297916557562778,0.5398995583925426,0.5303274343073238,0.0376986941010898,0.0045493411377243165,0.009056083573199314,0.020217968998069047,0.0114457324570173,-0.012055290690697301,0.5297916557562778
1499,2017-01-30,0.5338111175337981,0.5350745392346258,0.5309137729886333,0.530327494468959,0.0264780004582101,0.006066095295200635,0.005282883478347933,-0.008985785403909263,6.016163522915008e-08,-0.011220693642879701,0.5350745392346258
1500,2017-01-31,0.530778134995375,0.5275276836547791,0.5286673463607304,0.5326167131950018,0.0283108410338093,-0.0030329825384231013,-0.00754685557984669,-0.0022464266279028644,0.0022892187260428187,0.001832840575599199,0.5275276836547791
1501,2017-02-01,0.5307780630022716,0.5403573251293715,0.5369043001796973,0.5280382744113802,0.0351730834269754,-7.199310336769571e-08,0.012829641474592424,0.00823695381896683,-0.00457843878362163,0.006862242393166101,0.5403573251293715
1502,2017-02-02,0.5459432454312101,0.5260183255499568,0.5391508554204268,0.5288014274359789,0.0431044828225744,0.015165182428938495,-0.014338999579414757,0.0022465552407295863,0.0007631530245987284,0.007931399395598997,0.5260183255499568
1503,2017-02-03,0.5322946711490409,0.5328105346052597,0.5354067591514662,0.5349059241060222,0.0313983046224675,-0.013648574282169146,0.006792209055302978,-0.0037440962689606616,0.006104496670043313,-0.011706178200106894,0.5328105346052597
1504,2017-02-06,0.5421518659310617,0.5388479344966817,0.5384019285653009,0.5387211170474753,0.0203248928115556,0.00985719478202074,0.006037399891421935,0.0029951694138347085,0.0038151929414530494,-0.011073411810911902,0.5388479344966817
1505,2017-02-07,0.5330529459130624,0.5313011765004373,0.536155600158198,0.5265122705448675,0.042569904321358,-0.009098920017999279,-0.00754675799624438,-0.0022463284071029266,-0.012208846502607784,0.0222450115098024,0.5313011765004373
1506,2017-02-08,0.5315362300199667,0.5146978144851148,0.5249230858710628,0.5104877854383046,0.0349657978856874,-0.0015167158930956548,-0.01660336201532253,-0.01123251428713512,-0.016024485106562847,-0.007604106435670603,0.5146978144851148
1507,2017-02-09,0.517887634572316,0.5011133963745089,0.5121931207036498,0.5059094011595239,0.0398970118152758,-0.013648595447650735,-0.013584418110605845,-0.012729965167413093,-0.004578384278780767,0.004931213929588403,0.5011133963745089
1508,2017-02-10,0.5057556689617689,0.5131885214360273,0.512193223965124,0.5066725642448894,0.0332856940247215,-0.01213196561054708,0.012075125061518421,1.0326147426020782e-07,0.0007631630853655036,-0.006611317790554301,0.5131885214360273
1509,2017-02-13,0.523195600192995,0.526773004602368,0.5294161770666059,0.5257491724837936,0.0312346581425033,0.017439931231226113,0.013584483166340644,0.01722295310148192,0.019076608238904225,-0.002051035882218201,0.526773004602368
1510,2017-02-14,0.5292615408433029,0.5290369767038666,0.5279184407780756,0.5288013221056949,0.029309084561591,0.006065940650307855,0.002263972101498646,-0.001497736288530338,0.0030521496219012567,-0.0019255735809123008,0.5290369767038666
1511,2017-02-15,0.5353276364108083,0.5343198601822146,0.5309137829263939,0.5318536267105535,0.0305855271053119,0.00606609556750537,0.005282883478347933,0.002995342148318314,0.0030523046048586133,0.0012764425437209008,0.5343198601822146
1512,2017-02-16,0.5398769504445393,0.5531868690203615,0.55412700231031,0.5417732083886776,0.0576908390700516,0.0045493140337310445,0.01886700883814696,0.023213219383916073,0.009919581678124123,0.027105311964739698,0.5531868690203615
1513,2017-02-17,0.5535256750837058,0.5516776410270089,0.5526295115698705,0.5532192712081762,0.0370822923598913,0.013648724639166443,-0.0015092279933526243,-0.0014974907404394777,0.01144606281949856,-0.020608546710160297,0.5516776410270089
1514,2017-02-20,0.545943267320594,0.5365839949230504,0.5391508770374724,0.538721244932866,0.025452482517101,-0.007582407763111809,-0.015093646103958469,-0.01347863453239806,-0.01449802627531016,-0.0116298098427903,0.5365839949230504
1515,2017-02-21,0.5391189086233494,0.5343198601822146,0.5346578857679058,0.5371950548123812,0.0170574180949367,-0.006824358697244515,-0.002264134740835866,-0.004492991269566593,-0.0015261901204848272,-0.0083950644221643,0.5343198601822146
1516,2017-02-22,0.5406354855549771,0.5365839949230504,0.5398996977000246,0.538721244932866,0.031611045046421,0.0015165769316276556,0.002264134740835866,0.005241811932118701,0.0015261901204848272,0.014553626951484305,0.5365839949230504
1517,2017-02-23,0.5368442027639238,0.5373386739754616,0.5346579430019701,0.5341428673616917,0.0263689028049006,-0.003791282791053341,0.0007546790524112224,-0.005241754698054435,-0.004578377571174297,-0.005242142241520403,0.5373386739754616
1518,2017-02-24,0.5383606839420618,0.5418667808177962,0.5384020183729235,0.5410103905071004,0.0254306629864391,0.0015164811781380738,0.004528106842334512,0.003744075370953337,0.006867523145408727,-0.0009382398184615004,0.5418667808177962
1519,2017-02-27,0.5383606389827215,0.5305463998644239,0.5361555117686425,0.532616672831992,0.0246887989439347,-4.4959340361749867e-08,-0.011320380953372289,-0.00224650660428094,-0.008393717675108436,-0.0007418640425044011,0.5305463998644239
1520,2017-02-28,0.5421518319380534,0.5463947900765284,0.5511318422507051,0.5448255714652648,0.0438190724517515,0.0037911929553319235,0.01584839021210449,0.014976330482062594,0.012208898633272791,0.0191302735078168,0.5463947900765284
1521,2017-03-01,0.5542840197853621,0.5546964873481233,0.5526296016524154,0.5516932390106165,0.0288672390656876,0.01213218784730874,0.00830169727159491,0.0014977594017102636,0.00686766754535173,-0.014951833386063897,0.5546964873481233
1522,2017-03-02,0.5656577329878412,0.5599792081871341,0.5593688843004982,0.5623759923540632,0.0354403726775837,0.011373713202479041,0.005282720839010824,0.006739282648082878,0.010682753343446705,0.006573133611896102,0.5599792081871341
1523,2017-03-03,0.5558004381319949,0.5516776410270089,0.5541271525226344,0.5539823322719116,0.0260470647276377,-0.0098572948558463,-0.0083015671601252,-0.005241731777863801,-0.008393660082151588,-0.009393307949946004,0.5516776410270089
1524,2017-03-06,0.5565587531314109,0.5667714822981719,0.5646107007194143,0.5600868818162528,0.0294890956895517,0.0007583149994160321,0.015093841271162978,0.01048354819677988,0.006104549544341142,0.003442030961914002,0.5667714822981719
1525,2017-03-07,0.5747569166253005,0.579601253884234,0.5818336313808478,0.5784004068281725,0.0501849205223595,0.018198163493889585,0.012829771586062133,0.017222930661433433,0.01831352501191974,0.020695824832807797,0.579601253884234
1526,2017-03-08,0.5815811444541213,0.5818652585136,0.5795871069607603,0.5822156501353973,0.0287963255910365,0.006824227828820861,0.0022640046293660454,-0.002246524420087437,0.003815243307224825,-0.021388594931322998,0.5818652585136
1527,2017-03-09,0.582339461699513,0.579601253884234,0.5833312726456632,0.5822157129418148,0.0278908150685678,0.0007583172453916598,-0.0022640046293660454,0.003744165684902878,6.280641751121863e-08,-0.0009055105224686985,0.579601253884234
1528,2017-03-10,0.5914383457589093,0.5848839096675099,0.5840799253638481,0.5845047285736528,0.0306291661666357,0.009098884059396295,0.0052826557832759136,0.0007486527181849167,0.0022890156318379207,0.002738351098067901,0.5848839096675099
1529,2017-03-13,0.5815811020032398,0.5826199050381438,0.5788382441584572,0.5806894854687701,0.019915776611645,-0.009857243755669542,-0.0022640046293661564,-0.0052416812053909245,-0.003815243104882682,-0.0107133895549907,0.5826199050381438
1530,2017-03-14,0.5899220071891217,0.601487239154965,0.5975588650821849,0.5936616317007714,0.0391387831247749,0.00834090518588193,0.018867334116821288,0.018720620923727727,0.01297214623200127,0.0192230065131299,0.601487239154965
1531,2017-03-15,0.6035704377484123,0.5856386212477885,0.5968098955520253,0.5906092394574762,0.0230141499656342,0.013648430559290659,-0.01584861790717651,-0.0007489695301595711,-0.003052392243295121,-0.016124633159140703,0.5856386212477885
1532,2017-03-16,0.5899219081731274,0.5894121140934467,0.590819380219138,0.5936615320570964,0.0258288694210187,-0.013648529575284951,0.0037734928456581995,-0.005990515332887303,0.0030522925996201433,0.002814719455384501,0.5894121140934467
1533,2017-03-17,0.5891637522663041,0.579601253884234,0.5840800932780711,0.5852679578327287,0.03850601673558,-0.0007581559068232657,-0.009810860209212735,-0.006739286941066958,-0.008393574224367706,0.012677147314561297,0.579601253884234
1534,2017-03-21,0.5815811444541213,0.5818652585136,0.5803359275123894,0.5806895278545705,0.0222886505711262,-0.0075826078121827845,0.0022640046293660454,-0.0037441657656817062,-0.0045784299781581606,-0.016217366164453798,0.5818652585136
1535,2017-03-22,0.5770316801475642,0.579601253884234,0.5780895282188088,0.5806895904963579,0.0250160919038631,-0.004549464306557116,-0.0022640046293660454,-0.0022463992935806143,6.264178742387827e-08,0.002727441332736901,0.579601253884234
1536,2017-03-23,0.5777899238738914,0.5901668907294602,0.5863265442349137,0.5806895796611585,0.0317474171130578,0.0007582437263271569,0.010565636845226156,0.008237016016104937,-1.0835199404368723e-08,0.0067313252091946996,0.5901668907294602
1537,2017-03-24,0.590680105603206,0.5788464121924856,0.5833311189046004,0.5829786205163839,0.0326692922835229,0.012890181729314665,-0.011320478536974599,-0.0029954253303132727,0.0022890408552254105,0.0009218751704651029,0.5788464121924856
1538,2017-03-27,0.5739986101167852,0.5712996216683739,0.5713500907659858,0.57229586519951,0.0260416098449722,-0.01668149548642084,-0.007546790524111668,-0.01198102813861468,-0.010682755316873904,-0.006627682438550702,0.5712996216683739
1539,2017-03-28,0.5739985475058373,0.5735636262977399,0.5795870537557083,0.5776372302668553,0.0363567929653833,-6.261094787074484e-08,0.0022640046293660454,0.00823696298972254,0.005341365067345283,0.0103151831204111,0.5735636262977399
1540,2017-03-29,0.5869592043891773,0.5902767698656631,0.587194307524803,0.5899119326512625,0.0321347137823065,0.012960656883339916,0.016713143567923194,0.007607253769094657,0.012274702384407199,-0.0042220791830768,0.5902767698656631
1541,2017-03-30,0.6006980887906452,0.5986332440660225,0.6007622576243881,0.599897338533421,0.0306073466359738,0.013738884401467977,0.008356474200359343,0.013567950099585113,0.00998540588215846,-0.0015273671463327011,0.5986332440660225
1542,2017-03-31,0.6068044754776357,0.587997802417276,0.5992548763348212,0.5945207141007858,0.0288072353563674,0.006106386686990484,-0.010635441648746524,-0.0015073812895668448,-0.005376624432635202,-0.0018001112796063971,0.587997802417276
1543,2017-04-03,0.5923021960717375,0.587238081545412,0.5894557060760036,0.5899119924520885,0.0270071240767611,-0.01450227940589821,-0.0007597208718639337,-0.009799170258817602,-0.0046087216486973,-0.0018001112796063,0.587238081545412
1544,2017-04-04,0.5930654720976032,0.587238081545412,0.5932246044524487,0.5899119924520885,0.0298491179454729,0.0007632760258656779,0.0,0.003768898376445118,0.0,0.002841993868711798,0.587238081545412
1545,2017-04-05,0.5900122539089792,0.578881412177848,0.5826715763326393,0.5837669629864781,0.0284526679831116,-0.0030532181886240295,-0.008356669367563963,-0.010553028119809404,-0.006145029465610352,-0.0013964499623612993,0.578881412177848
1546,2017-04-06,0.5777998281442625,0.572803905425876,0.575887548893296,0.5760858070591331,0.030149136492074,-0.012212425764716706,-0.0060775067519720505,-0.006784027439343365,-0.007681155927344974,0.0016964685089623996,0.572803905425876
1547,2017-04-07,0.5770366422667432,0.5864783606735481,0.5841792146492635,0.5768540114253522,0.0508558710902128,-0.0007631858775192235,0.01367445524767208,0.008291665755967514,0.0007682043662190496,0.0207067345981388,0.5864783606735481
1548,2017-04-10,0.5930653611483802,0.5978735882498933,0.5932244934734556,0.5868394243735774,0.0359094925868144,0.016028718881636927,0.011395227576345257,0.009045278824192149,0.009985412948225192,-0.014946378503398403,0.5978735882498933
1549,2017-04-11,0.5984082894267289,0.5963542115619004,0.5924707110648196,0.593752451361272,0.0347094184004102,0.005342928278348702,-0.0015193766879929571,-0.0007537824086359945,0.006913026987694582,-0.0012000741864042,0.5963542115619004
1550,2017-04-12,0.5915388628419038,0.5917961465536562,0.5894556490734899,0.5891438209062244,0.0275798867566358,-0.0068694265848250335,-0.004558065008244183,-0.003015061991329726,-0.004608630455047558,-0.007129531643774396,0.5917961465536562
1551,2017-04-13,0.5869591908251244,0.5652070870416458,0.5849329552109448,0.563796026770739,0.040693424684435,-0.004579672016779446,-0.026589059512010405,-0.004522693862545113,-0.02534779413548538,0.0131135379277992,0.5652070870416458
1552,2017-04-14,0.5594812032530384,0.5538117293538306,0.554027938836711,0.5545785994483782,0.0261670721462781,-0.02747798757208597,-0.011395357687815189,-0.030905016374233818,-0.00921742732236086,-0.0145263525381569,0.5538117293538306
1553,2017-04-17,0.553375103900071,0.5408971576173597,0.5495053685370307,0.5438251034455712,0.0483084408854365,-0.0061060993529673535,-0.012914571736470926,-0.004522570299680284,-0.01075349600280695,0.022141368739158403,0.5408971576173597
1554,2017-04-18,0.5472688242708668,0.5378583391856389,0.5479977375453999,0.5422888034050415,0.0441845495903383,-0.006106279629204292,-0.0030388184317208244,-0.0015076309916307595,-0.0015363000405297367,-0.0041238912950982,0.5378583391856389
1555,2017-04-19,0.5388728558213692,0.5386180925853702,0.5381986697396478,0.5384482976019865,0.0345566816857769,-0.008395968449497526,0.0007597533997313333,-0.009799067805752126,-0.00384050580305495,-0.009627867904561403,0.5386180925853702
1556,2017-04-20,0.5243706452041239,0.5203856373851888,0.5276457882331347,0.5246222691459709,0.0451773382354545,-0.014502210617245326,-0.018232455200181352,-0.010552881506513123,-0.01382602845601566,0.010620656549677601,0.5203856373851888
1557,2017-04-21,0.5266603577977118,0.5287420790576807,0.5261381134013572,0.5276946117520998,0.0341584752511973,0.0022897125935879004,0.008356441672491832,-0.0015076748317774946,0.003072342606128875,-0.0110188629842572,0.5287420790576807
1558,2017-04-24,0.533529840725508,0.5287420790576807,0.5306607905939189,0.5315351838900335,0.0226268532963855,0.006869482927796211,0.0,0.004522677192561719,0.003840572137933762,-0.011531621954811801,0.5287420790576807
1559,2017-04-25,0.5289501558833124,0.5302614232178062,0.5306607609413345,0.5307670398039236,0.0267998385354731,-0.004579684842195619,0.0015193441601255575,-2.965258438791807e-08,-0.0007681440861099231,0.004172985239087601,0.5302614232178062
1560,2017-04-26,0.5434524913417434,0.5454552551534714,0.543475106807155,0.5430569644221094,0.0340548324805533,0.014502335458431048,0.015193831935665147,0.012814345865820531,0.012289924618185788,0.007254993945080199,0.5454552551534714
1561,2017-04-27,0.5465056291306883,0.5462149760253353,0.5434751405241472,0.5430569981131601,0.0275635221086394,0.003053137788944893,0.0007597208718639337,3.3716992198229434e-08,3.369105072703604e-08,-0.006491310371913899,0.5462149760253353
1562,2017-04-28,0.545742345181141,0.5416568459613562,0.5457364715965919,0.5468975629948176,0.0253979336904463,-0.0007632839495473887,-0.004558130063979093,0.002261331072444639,0.0038405648816575155,-0.002165588418193101,0.5416568459613562
1563,2017-05-01,0.5419259544353848,0.5355793392093842,0.535937325465697,0.5407526358703364,0.0222831956884607,-0.0038163907457561264,-0.0060775067519720505,-0.009799146130894942,-0.006144927124481225,-0.003114738001985598,0.5355793392093842
1564,2017-05-02,0.5434524102539745,0.5538117293538306,0.5525203798194682,0.5445931122006927,0.0401806657138804,0.0015264558185896782,0.018232390144446442,0.016583054353771276,0.003840476330356335,0.017897470025419696,0.5538117293538306
1565,2017-05-08,0.5686404350093852,0.5796410029382423,0.5781488032706638,0.5714770374085115,0.0469665397497299,0.02518802475541071,0.02582927358441167,0.025628423451195537,0.026883925207818793,0.006785874035849501,0.5796410029382423
1566,2017-05-09,0.5831428837613498,0.587238081545412,0.5917170451018706,0.5860714195845619,0.057810846488692,0.014502448751964603,0.007597078607169738,0.013568241831206862,0.014594382176050358,0.010844306738962105,0.587238081545412
1567,2017-05-10,0.5892490096207545,0.5955945557457712,0.5917169624094539,0.588375681079605,0.0320910747209827,0.006106125859404732,0.008356474200359232,-8.269241669189853e-08,0.0023042614950431473,-0.0257197717677093,0.5955945557457712
1568,2017-05-11,0.6014614474104965,0.5902767698656631,0.594732103513568,0.5945206196251005,0.0332147805500703,0.012212437789741903,-0.005317785880108117,0.0030151411041140497,0.006144938545495471,0.0011237058290875998,0.5902767698656631
1569,2017-05-12,0.5869592638906781,0.587238081545412,0.5856868076995586,0.5837670758640459,0.0353258201416087,-0.014502183519818357,-0.003038688320251115,-0.009045295814009369,-0.01075354376105464,0.0021110395915383967,0.587238081545412
1570,2017-05-15,0.5930654119771012,0.5902767698656631,0.587194307524803,0.5837670166861452,0.0212794972780135,0.006106148086423069,0.003038688320251115,0.0015074998252443406,-5.9177900690876584e-08,-0.014046322863595199,0.5902767698656631
1571,2017-05-16,0.6029879222781573,0.6016719974420085,0.5969933660466584,0.5899118572923581,0.0310655567798736,0.009922510301056175,0.011395227576345368,0.009799058521855475,0.006144840606212898,0.009786059501860102,0.6016719974420085
1572,2017-05-17,0.5938286120663373,0.5682457753618969,0.5902093505234008,0.5684046541619076,0.0474411145416262,-0.009159310211820038,-0.03342622208011159,-0.0067840155232575805,-0.021507203130450514,0.0163755577617526,0.5682457753618969
1573,2017-05-18,0.560244579644949,0.5363390275533807,0.5532742586120913,0.5415207517608778,0.0675423571638974,-0.0335840324213883,-0.03190674780851621,-0.0369350919113095,-0.02688390240102978,0.020101242622271205,0.5363390275533807
1574,2017-05-19,0.5396360929627452,0.5173468189534679,0.535183512603919,0.5223178544990325,0.0793794525479757,-0.02060848668220383,-0.018992208599912797,-0.018090746008172287,-0.01920289726184532,0.011837095384078289,0.5173468189534679
1575,2017-05-22,0.5266603673270652,0.516587098081604,0.5216154456468662,0.5169410191193774,0.0393678881967248,-0.012975725635679947,-0.0007597208718639337,-0.013568066957052816,-0.005376835379655054,-0.040011564351250896,0.516587098081604
1576,2017-05-23,0.5175009886426613,0.4991142336418168,0.5118162443504745,0.5038830074539036,0.0579308539073324,-0.009159378684403974,-0.017472864439787184,-0.00979920129639178,-0.013058011665473823,0.0185629657106076,0.4991142336418168
1577,2017-05-24,0.5068151383146055,0.5044320520497924,0.5057860195488298,0.5069554756137754,0.0379496187037016,-0.010685850328055801,0.005317818407975572,-0.0060302248016446125,0.003072468159871833,-0.0199812352036308,0.5044320520497924
1578,2017-05-25,0.5068151877122757,0.4960755453215656,0.5027709507010614,0.5000424951384176,0.0462083110592291,4.939767028755426e-08,-0.008356506728226742,-0.003015068847768476,-0.006912980475357822,0.008258692355527501,0.4960755453215656
1579,2017-05-26,0.4968927214288564,0.4899981686810633,0.4922181562850795,0.4938976991819189,0.0306237112839702,-0.009922466283419362,-0.006077376640502341,-0.010552794415981892,-0.006144795956498694,-0.015584599775258903,0.4899981686810633
1580,2017-05-29,0.4884966482931739,0.4877190711212063,0.4861878823396162,0.489288975048656,0.0256324936450616,-0.00839607313568247,-0.0022790975598569463,-0.006030273945463294,-0.004608724133262909,-0.004991217638908599,0.4877190711212063
1581,2017-05-30,0.4869700002983009,0.4884786618816005,0.4846802274968291,0.4862164209861459,0.0258615987170115,-0.0015266479948730094,0.0007595907603941687,-0.0015076548427870873,-0.003072554062510058,0.0002291050719498977,0.4884786618816005
1582,2017-05-31,0.481627201064553,0.471005992609018,0.4771425629336334,0.4731586055172102,0.0839015502776535,-0.005342799233747919,-0.01747266927258251,-0.007537664563195712,-0.013057815468935752,0.058039951560642004,0.471005992609018
1583,2017-06-01,0.4739943830392916,0.4755640576172621,0.4726198274671018,0.4739266628336598,0.0299363960681205,-0.00763281802526139,0.004558065008244128,-0.004522735466531591,0.0007680573164496329,-0.053965154209533,0.4755640576172621
1584,2017-06-02,0.4953660846940196,0.4975949545374261,0.4990020885368183,0.4969700727835353,0.0720917293069026,0.021371701654728015,0.022030896920163967,0.02638226106971653,0.02304340994987547,0.042155333238782094,0.4975949545374261
1585,2017-06-05,0.4907865216152767,0.4953159870890388,0.5012635218403632,0.4923614787192643,0.0549470330893182,-0.00457956307874291,-0.0022789674483872924,0.0022614333035448353,-0.004608594064270999,-0.017144696217584396,0.4953159870890388
1586,2017-06-06,0.490786432447856,0.4816415318413668,0.4869416184617542,0.4846802443473594,0.0388660389915012,-8.916742066933381e-08,-0.013674455247671968,-0.014321903378608947,-0.007681234371904877,-0.016080994097817,0.4816415318413668
1587,2017-06-07,0.4877333156559714,0.4922771361294505,0.4892029441949209,0.4900570327151515,0.0348021514057232,-0.003053116791884636,0.010635604288083689,0.0022613257331666747,0.005376788367792096,-0.004063887585777998,0.4922771361294505
1588,2017-06-08,0.4946028192284176,0.4854399735613493,0.4892029642271517,0.4892889382795625,0.0322274467876196,0.006869503572446201,-0.006837162568101185,2.0032230818589625e-08,-0.0007680944355890063,-0.0025747046181036,0.4854399735613493
1589,2017-06-09,0.4808638098137313,0.4801221226255063,0.4809113463442147,0.4823758654077828,0.0316601389904103,-0.01373900941468631,-0.005317850935843027,-0.00829161788293703,-0.0069130728717796686,-0.0005673077972093016,0.4801221226255063
1590,2017-06-12,0.4991825572735885,0.4945562987450423,0.4944795030045057,0.4931295921070153,0.0402352145405352,0.018318747459857232,0.014434176119536013,0.013568156660291042,0.010753726699232469,0.008575075550124898,0.4945562987450423
1591,2017-06-13,0.4946027148089152,0.4991142336418168,0.5020171115425862,0.4977380927288559,0.0479593283948462,-0.0045798424646733005,0.004557934896774474,0.007537608538080498,0.004608500621840594,0.007724113854311002,0.4991142336418168
1592,2017-06-14,0.5022356615994209,0.4945562987450423,0.4982484016554547,0.4977382798837164,0.0257961401250259,0.00763294679050569,-0.004557934896774474,-0.003768709887131516,1.871548604981399e-07,-0.0221631882698203,0.4945562987450423
1593,2017-06-15,0.4999457803089964,0.4831609410572272,0.4937256708882417,0.4877527379485397,0.0388987682874941,-0.0022898812904245114,-0.011395357687815133,-0.00452273076721299,-0.0099855419351767,0.013102628162468197,0.4831609410572272
1594,2017-06-16,0.4869700962672578,0.4877190711212063,0.4861878823396162,0.4885208604881401,0.0401206620045602,-0.0129756840417386,0.004558130063979149,-0.007537788548625524,0.0007681225396004021,0.0012218937170661026,0.4877190711212063
1595,2017-06-19,0.4938395432728182,0.4854399735613493,0.4907105234389457,0.4900570527823562,0.0219668124938632,0.006869447005560414,-0.002279097559857002,0.0045226410993295385,0.0015361922942160877,-0.018153849510697,0.4854399735613493
1596,2017-06-20,0.4923129843372739,0.4816415318413668,0.4861878388666121,0.4869845878228619,0.0275253379299811,-0.0015265589355443199,-0.003798441719982504,-0.004522684572333624,-0.003072464959494259,0.0055585254361179,0.4816415318413668
1597,2017-06-21,0.4839169419311547,0.4778430901213842,0.4786500359772142,0.4785353214763713,0.0318783342970292,-0.008396042406119186,-0.003798441719982615,-0.007537802889397871,-0.008449266346490625,0.004352996367048102,0.4778430901213842
1598,2017-06-22,0.4770474869558089,0.4755640576172621,0.4741273867253701,0.4777672354660234,0.0224632068164213,-0.006869454975345801,-0.0022790325041220916,-0.004522649251844146,-0.0007680860103478904,-0.0094151274806079,0.4755640576172621
1599,2017-06-23,0.4778107062593584,0.4801221226255063,0.4763886691058678,0.4800715221016947,0.0251579188531654,0.0007632193035495005,0.004558065008244183,0.00226128238049772,0.002304286635671282,0.0026947120367440992,0.4801221226255063
1600,2017-06-26,0.4846801877996026,0.4793624342815098,0.4809113448984501,0.4823758639576155,0.0161246331591407,0.006869481540244193,-0.0007596883439964786,0.004522675792582309,0.0023043418559208217,-0.0090332856940247,0.4793624342815098
1601,2017-06-27,0.4785740228037287,0.4846802852173528,0.4824189464060743,0.4816077918859217,0.0191520930384787,-0.006106164995873908,0.0053178509358429715,0.00150760150762419,-0.0007680720716938261,0.0030274598793380014,0.4846802852173528
1602,2017-06-28,0.4900232368008077,0.4899981686810633,0.4929719360037397,0.4900571260934125,0.027858085772575,0.011449213997079044,0.005317883463710482,0.010552989597665374,0.008449334207490833,0.0087059927340963,0.4899981686810633
1603,2017-06-29,0.4968927214288564,0.4899981686810633,0.4952332751597201,0.4908252407111138,0.0233741722215555,0.00686948462804865,0.0,0.002261339155980424,0.0007681146177012654,-0.0044839135510195,0.4899981686810633
1604,2017-06-30,0.4892598861518183,0.4846802852173528,0.4846802852173528,0.4846802498883837,0.0243887803973336,-0.007632835277038064,-0.005317883463710482,-0.010552989942367308,-0.006144990822730068,0.0010146081757780971,0.4846802852173528
1605,2017-07-03,0.4900232455318937,0.4953159870890388,0.4914643853231832,0.4923614787192643,0.0234941796401959,0.0007633593800753791,0.010635701871685999,0.006784100105830415,0.007681228830880571,-0.0008946007571376986,0.4953159870890388
1606,2017-07-04,0.4478902945475724,0.4400106756460929,0.4450314710151589,0.4298368312132163,0.4027121676612736,-0.042132950984321293,-0.05530531144294587,-0.04643291430802432,-0.06252464750604797,0.3792179880210777,0.4400106756460929
1607,2017-07-05,0.4442266582105779,0.4311983559114682,0.4393027965901331,0.433370262632218,0.2196626700559671,-0.0036636363369945135,-0.008812319734624707,-0.0057286744250257815,0.003533431419001698,-0.1830494976053065,0.4311983559114682
1608,2017-07-06,0.4304876036399498,0.4299827895053389,0.4299558703319772,0.4327556941225481,0.1417724004756657,-0.013739054570628073,-0.0012155664061292981,-0.009346926258155919,-0.0006145685096698994,-0.0778902695803014,0.4299827895053389
1609,2017-07-07,0.430487662096311,0.4261844128410912,0.4264885147384043,0.4301441446842308,0.1454380816268642,5.845636119605757e-08,-0.0037983766642477046,-0.003467355593572863,-0.0026115494383173177,0.003665681151198502,0.4261844128410912
1610,2017-07-10,0.4300296982720705,0.4298308843644071,0.4292021322412362,0.4319876214051154,0.1091031081921427,-0.00045796382424051485,0.003646471523315875,0.0027136175028318887,0.0018434767208845848,-0.0363349734347215,0.4298308843644071
1611,2017-07-11,0.4358304943543973,0.4308943829902673,0.4316141083790184,0.4353672145952819,0.0855489248426266,0.005800796082326809,0.001063498625860193,0.0024119761377822124,0.0033795931901665077,-0.02355418334951609,0.4308943829902673
1612,2017-07-12,0.4306402731200641,0.420258811230051,0.4258854473204115,0.4203122356864315,0.3474378416120269,-0.005190221234333214,-0.01063557176021629,-0.005728661058606921,-0.01505497890885038,0.2618889167694003,0.420258811230051
1613,2017-07-13,0.4182751931771725,0.4147890551532762,0.4159355470118031,0.4155499157187334,0.3499089034594866,-0.0123650799428916,-0.005469756076774801,-0.009949900308608428,-0.004762319967698103,0.00247106184745971,0.4147890551532762
1614,2017-07-14,0.4138482527001292,0.414485212343545,0.4123174646075256,0.4149354840955467,0.1417887651236622,-0.004426940477043284,-0.0003038428097311696,-0.0036180824042774673,-0.0006144316231866953,-0.2081201383358244,0.414485212343545
1615,2017-07-17,0.4164433631241909,0.414485212343545,0.4112621547047927,0.4190832744844629,0.0,0.0025951104240616862,0.0,-0.0010553099027328927,0.004147790388916217,-0.1417887651236622,0.414485212343545
1616,2017-07-18,0.4162907273605207,0.4020263560298697,0.4124682120668433,0.4014166228582843,0.4562791154362269,-0.0001526357636701947,-0.012458856313675326,0.0012060573620505943,-0.017666651626178642,0.4562791154362269,0.4020263560298697
1617,2017-07-19,0.4051467833702183,0.4099269846959636,0.4108097994875105,0.407561451381022,0.2535920402352145,-0.011143943990302385,0.007900628666093923,-0.001658412579332802,0.006144828522737733,-0.20268707520101242,0.4099269846959636
1618,2017-07-20,0.4106425259963008,0.4062806432841175,0.4114129616970932,0.4104804709051249,0.381225384841972,0.005495742626082489,-0.00364634141184611,0.000603162209582675,0.002919019524102895,0.12763334460675752,0.4062806432841175
1619,2017-07-21,0.4043835480477156,0.4191952150205885,0.4198551948930623,0.4064861601149652,1.0,-0.006258977948585209,0.012914571736470981,0.008442233195969095,-0.003994310790159716,0.618774615158028,0.4191952150205885
1620,2017-07-24,0.4135428974225368,0.4102309576171645,0.4100560996546988,0.4106339884790381,0.3679318357862122,0.009159349374821213,-0.008964257403423992,-0.009799095238363476,0.004147828364072903,-0.6320681642137878,0.4102309576171645
1621,2017-07-25,0.4111004232382834,0.4073441744378452,0.406890234124085,0.4090977775628483,0.1079684925977242,-0.002442474184253418,-0.0028867831793192855,-0.0031658655306138206,-0.001536210916189773,-0.259963343188488,0.4073441744378452
1622,2017-07-26,0.413848237710979,0.4061286405595834,0.4096038614608723,0.4089441852453655,0.0966223366535385,0.00274781447269562,-0.0012155338782617875,0.0027136273367873165,-0.000153592317482798,-0.011346155944185699,0.4061286405595834
1623,2017-07-27,0.4083526359459264,0.4005069793418767,0.404478117824593,0.4034137459474965,0.1349756166744853,-0.0054956017650525935,-0.0056216612177067415,-0.005125743636279323,-0.005530439297869005,0.03835328002094679,0.4005069793418767
1624,2017-07-28,0.4022463554764445,0.4014185402989376,0.3992015883092921,0.4029527761598946,0.0796903808599077,-0.006106280469481917,0.0009115609570609084,-0.005276529515300887,-0.0004609697876019059,-0.05528523581457759,0.4014185402989376
1625,2017-07-31,0.40331503526177,0.406736423762648,0.4037243402056981,0.4049499769444354,0.0886582079619467,0.0010686797853254881,0.005317883463710427,0.0045227518964059965,0.001997200784540798,0.008967827102039,0.406736423762648
1626,2017-08-01,0.4106423894617214,0.4014185402989376,0.4090007214045667,0.4044890048862107,0.110717753461123,0.007327354199951397,-0.005317883463710427,0.00527638119886864,-0.00046097205822470677,0.022059545499176297,0.4014185402989376
1627,2017-08-02,0.4045362561707309,0.4005069793418767,0.4002569704374908,0.4017238846661932,0.0850416207547375,-0.0061061332909904675,-0.0009115609570609084,-0.008743750967075914,-0.002765120220017514,-0.025676132706385496,0.4005069793418767
1628,2017-08-03,0.4036202773076334,0.4000511012797439,0.3990509035067685,0.4027992254005068,0.0702479789659724,-0.0009159788630975219,-0.00045587806213276405,-0.0012060669307223382,0.0010753407343135901,-0.014793641788765105,0.4000511012797439
1629,2017-08-04,0.4014831887549002,0.3973163208249587,0.398297197981857,0.39803698052373,0.1071938992592269,-0.0021370885527332018,-0.0027347804547852017,-0.0007537055249114966,-0.004762244876776789,0.0369459202932545,0.3973163208249587
1630,2017-08-07,0.3991932996061982,0.3995953208012134,0.3964880477001153,0.3998803661859667,0.0562562049290319,-0.0022898891487019846,0.002278999976254692,-0.0018091502817416671,0.001843385662236685,-0.050937694330195,0.3995953208012134
1631,2017-08-08,0.4013304718613028,0.3994433831324141,0.3972418361979947,0.4000340074555845,0.0616838131811784,0.002137172255104569,-0.0001519376687992846,0.0007537884978793818,0.00015364126961781022,0.0054276082521465055,0.3994433831324141
1632,2017-08-09,0.3993460433348951,0.3970124454873601,0.3949805669471488,0.3955790224768534,0.0926839113690664,-0.0019844285264076778,-0.002430937645054032,-0.00226126925084591,-0.004454984978731091,0.031000098187887994,0.3970124454873601
1633,2017-08-10,0.3987353968115165,0.4009627923482746,0.4007092391576544,0.4000340427120483,0.1150489302975093,-0.0006106465233786107,0.0039503468609145,0.005728672210505603,0.004455020235194895,0.022365018928442906,0.4009627923482746
1634,2017-08-11,0.4028570592158604,0.4009627923482746,0.3978448857203719,0.4054108444874307,0.0,0.004121662404343918,0.0,-0.002864353437282474,0.0053768017753824116,-0.1150489302975093,0.4009627923482746
1635,2017-08-14,0.3984300845239736,0.4053689847434543,0.4025183456164046,0.4006485418042436,0.1414232879850754,-0.004426974691886798,0.004406192395179698,0.004673459896032683,-0.004762302683187114,0.1414232879850754,0.4053689847434543
1636,2017-08-15,0.40881056030486,0.4011146974892064,0.4100560826587429,0.3989586691756779,0.202359782241084,0.010380475780886411,-0.004254287254247868,0.007537737042338288,-0.0016898726285656807,0.06093649425600861,0.4011146974892064
1637,2017-08-16,0.4034677122977552,0.4062806432841175,0.4065887990965848,0.4049500362751764,0.1268751159162566,-0.005342848007104828,0.0051659457949110865,-0.0034672835621580855,0.00599136709949849,-0.07548466632482739,0.4062806432841175
1638,2017-08-17,0.408047302702609,0.3982279143098871,0.4029705544398567,0.4014166159545528,0.1115359858609441,0.004579590404853839,-0.008052728974230428,-0.003618244656728109,-0.0035334203206235926,-0.015339130055312511,0.3982279143098871
1639,2017-08-18,0.3991933288040273,0.3926062205643129,0.3973926214376859,0.3963470874383635,0.1297443841982959,-0.008853973898581724,-0.005621693745574197,-0.0055779330021707985,-0.005069528516189303,0.0182083983373518,0.3926062205643129
1640,2017-08-21,0.3969034938847549,0.3989876026538836,0.3972418492781993,0.3988050561854266,0.1000043639061323,-0.0022898349192724265,0.006381382089570731,-0.00015077215948661182,0.0024579687470631106,-0.029740020292163605,0.3989876026538836
1641,2017-08-22,0.4013304836795332,0.4008108221516078,0.3999554360440934,0.4014166159489125,0.0885654749566336,0.0044269897947783465,0.0018232194977241822,0.002713586765894116,0.002611559763485871,-0.011438888949498696,0.4008108221516078
1642,2017-08-23,0.4056048968799275,0.407496144634512,0.4044781534627917,0.4058717574920176,0.1324718255310328,0.004274413200394289,0.00668532248290421,0.004522717418698308,0.004455141543105112,0.04390635057439919,0.407496144634512
1643,2017-08-24,0.4109477940388473,0.4140293993371471,0.4129204598227881,0.4104804099541521,0.2302015033656626,0.005342897158919779,0.006533254702635105,0.008442306359996377,0.004608652462134488,0.09772967783462982,0.4140293993371471
1644,2017-08-25,0.417511965445096,0.412965835655552,0.4151818153599099,0.414781849124845,0.1108704901757563,0.006564171406248709,-0.0010635636815951033,0.002261355537121812,0.004301439170692922,-0.11933101318990631,0.412965835655552
1645,2017-08-28,0.4165959666972093,0.4094712367453006,0.4130711838230435,0.4089441402333577,0.0715844252190135,-0.000915998747886726,-0.0034945989102513897,-0.002110631536866414,-0.005837708891487325,-0.039286064956742806,0.4094712367453006
1646,2017-08-29,0.4088105585045461,0.407647984719709,0.4067394323844003,0.4090977407379407,0.0750155464155966,-0.007785408192663157,-0.0018232520255916373,-0.006331751438643174,0.000153600504583018,0.003431121196583106,0.407647984719709
1647,2017-08-30,0.4106423799538464,0.4106866730399601,0.4077946832152577,0.4077150851477729,0.0674768985719117,0.001831821449300275,0.003038688320251115,0.0010552508308573905,-0.001382655590167814,-0.007538647843684895,0.4106866730399601
1648,2017-08-31,0.4136955156222318,0.4081037977261069,0.4085484947343759,0.4094049782189206,0.1230566980504249,0.003053135668385387,-0.0025828753138532057,0.000753811519118186,0.0016898930711476967,0.0555797994785132,0.4081037977261069
1649,2017-09-01,0.4100318258970654,0.4090154562667701,0.4064379461674222,0.4083296242751696,0.0672750679132891,-0.003663689725166397,0.0009116585406632183,-0.002110548566953696,-0.0010753539437509674,-0.0557816301371358,0.4090154562667701
1650,2017-09-04,0.4106424581507015,0.4102309576171645,0.4085485404647918,0.4109412530284901,0.0746446143943443,0.000610632253636112,0.001215501350394388,0.0021105942973695946,0.002611628753320494,0.0073695464810552,0.4102309576171645
1651,2017-09-05,0.4152221704927365,0.4158527164184736,0.4139758192546766,0.4158572612894066,0.1899881083557892,0.004579712342035025,0.005621758801309107,0.005427278789884804,0.004916008260916482,0.11534349396144489,0.4158527164184736
1652,2017-09-06,0.4190384524400891,0.4231455944093704,0.4198551932086753,0.4150890493232085,0.1596589607357545,0.003816281947352562,0.0072928779908967845,0.005879373953998734,-0.0007682119661980846,-0.03032914762003469,0.4231455944093704
1653,2017-09-07,0.4231602050724207,0.4219301581147108,0.4191014575642705,0.4232310876921881,0.1075921056938065,0.00412175263233161,-0.0012154362946595887,-0.0007537356444048404,0.008142038368979587,-0.052066855041947996,0.4219301581147108
1654,2017-09-08,0.4220916063200588,0.4228417515996392,0.4198552433429879,0.4212340149525863,0.1053501489182967,-0.0010685987523618712,0.0009115934849284191,0.0007537857787174307,-0.001997072739601813,-0.0022419567755098124,0.4228417515996392
1655,2017-09-11,0.4263659267912521,0.4219301581147108,0.4213627963640777,0.4243064667403901,0.0797067455079041,0.004274320471193305,-0.0009115934849284191,0.0015075530210897914,0.0030724517878037982,-0.02564340341039259,0.4219301581147108
1656,2017-09-12,0.4251447404609518,0.4187394995977929,0.4227196267883712,0.422770274097127,0.0904092252975638,-0.0012211863303003279,-0.0031906585169179102,0.0013568304242935203,-0.0015361926432631012,0.0107024797896597,0.4187394995977929
1657,2017-09-13,0.4227022177713618,0.4228417515996392,0.4201567735902219,0.4243064729846781,0.0675750864598902,-0.0024425226895899987,0.004102252001846329,-0.0025628531981493063,0.0015361988875511323,-0.0228341388376736,0.4228417515996392
1658,2017-09-14,0.4259079465129561,0.4339331688941208,0.4317649118400283,0.4278397411780422,0.1562932981311572,0.0032057287415943048,0.011091417294481598,0.011608138249806388,0.003533268193364081,0.08871821167126699,0.4339331688941208
1659,2017-09-15,0.4353726445819705,0.4327177000715938,0.4353831028371853,0.4330629680613344,0.1406214202332507,0.009464698069014399,-0.0012154688225269883,0.0036181909971569892,0.005223226883292187,-0.0156718778979065,0.4327177000715938
1660,2017-09-18,0.43476198651888,0.4327177000715938,0.4293528657008971,0.437518023014732,0.0,-0.000610658063090519,0.0,-0.006030237136288197,0.0044550549533976525,-0.1406214202332507,0.4327177000715938
1661,2017-09-19,0.4368991852424313,0.436820017129175,0.433724813188702,0.4344455535959208,0.0992515900982969,0.0021371987235513368,0.004102317057581184,0.004371947487804895,-0.00307246941881123,0.0992515900982969,0.436820017129175
1662,2017-09-20,0.4382730886876818,0.4459362772571331,0.4435239644852733,0.4402832681606075,0.1413578293930897,0.0013739034452504573,0.009116260127958076,0.009799151296571329,0.00583771456468668,0.04210623929479279,0.4459362772571331
1663,2017-09-21,0.452469959031244,0.4573315373613459,0.4635744390509377,0.4550310319743843,0.16196637610325,0.014196870343562207,0.011395260104212823,0.02005047456566439,0.014747763813776849,0.020608546710160297,0.4573315373613459
1664,2017-09-22,0.4602553278477392,0.4626492907135866,0.4696046196045632,0.4608686281997134,0.153827691166363,0.0077853688164952195,0.005317753352240717,0.006030180553625475,0.005837596225329089,-0.008138684936886992,0.4626492907135866
1665,2017-09-25,0.4694147839218702,0.471005992609018,0.4703585454511647,0.4685499178011335,0.1174436237876523,0.00915945607413099,0.008356701895431362,0.0007539258466014997,0.0076812896014200605,-0.036384067378710694,0.471005992609018
1666,2017-09-26,0.4739943152887512,0.4740446158735342,0.4741273189558186,0.476999052759527,0.0802631435397824,0.004579531366880996,0.003038623264516205,0.003768773504653933,0.0084491349583935,-0.03718048024786991,0.4740446158735342
1667,2017-09-27,0.4801501093889262,0.4863574871181513,0.4848662538047931,0.4769691498380757,0.0877254230261507,0.006155794100175027,0.012312871244617107,0.01073893484897448,-2.990292145127471e-05,0.007462279486368309,0.4863574871181513
1668,2017-09-28,0.4909748777850716,0.4894358269088084,0.4902113641796518,0.483972085961733,0.1090049203041642,0.010824768396145379,0.003078339790657081,0.005345110374858686,0.007002936123657322,0.021279497278013496,0.4894358269088084
1669,2017-09-29,0.4878820341072587,0.4886661850373761,0.485629861427722,0.4894186283332042,0.0602382692748279,-0.003092843677812873,-0.0007696418714323028,-0.004581502751929756,0.005446542371471186,-0.0487666510293363,0.4886661850373761
1670,2017-10-02,0.4886551883992753,0.4802010677597765,0.4825755516454969,0.4785253342856859,0.0900710225723044,0.0007731542920165757,-0.008465117277599576,-0.0030543097822250953,-0.01089329404751832,0.0298327532974765,0.4802010677597765
1671,2017-10-03,0.4832428682745998,0.4802010677597765,0.479521276002171,0.476191064362341,0.0890564143965263,-0.005412320124675518,0.0,-0.0030542756433259433,-0.0023342699233449005,-0.0010146081757781006,0.4802010677597765
1672,2017-10-04,0.4816965351112298,0.4763533463206265,0.4757034749155053,0.4785253780110296,0.0496448871384776,-0.001546333163369995,-0.0038477214391500203,-0.003817801086665684,0.002334313648688635,-0.039411527258048695,0.4763533463206265
1673,2017-10-05,0.4762841773004614,0.4825097331511339,0.4802848512951806,0.4761910706901197,0.0489248426266351,-0.005412357810768376,0.006156386830507399,0.004581376379675317,-0.002334307320909945,-0.000720044511842502,0.4825097331511339
1674,2017-10-06,0.4894284201814188,0.4878966407495461,0.4879205770811517,0.4909748172062345,0.0563216635210176,0.01314424288095739,0.005386907598412205,0.007635725785971104,0.014783746516114804,0.007396820894382497,0.4878966407495461
1675,2017-10-09,0.4902016088388933,0.4878966407495461,0.4841027321900628,0.4933090873355827,0.0,0.0007731886574744995,0.0,-0.0038178448910889395,0.002334270129348226,-0.0563216635210176,0.4878966407495461
1676,2017-10-10,0.4948408037662302,0.4909749154844684,0.4909749154844683,0.4940872402652758,0.0697788590567417,0.004639194927336887,0.003078274734922337,0.006872183294405532,0.0007781529296930767,0.0697788590567417,0.4909749154844684
1677,2017-10-11,0.4940676268022728,0.4955922462671832,0.4932656344834651,0.4909748914147885,0.0617383620078332,-0.0007731769639574004,0.004617330782714757,0.002290718998996799,-0.0031123488504872787,-0.008040497048908496,0.4955922462671832
1678,2017-10-12,0.4979334556929572,0.4855879428303213,0.4932655205803601,0.4909747780406536,0.0620329256717688,0.0038658288906844307,-0.010004303436861872,-1.1390310500347667e-07,-1.1337413491352422e-07,0.00029456366393560557,0.4855879428303213
1679,2017-10-13,0.4878819646568991,0.4832792449110965,0.4871569300095896,0.4870842889089546,0.048832109621322,-0.010051491036058124,-0.0023086979192248336,-0.006108590570770511,-0.003890489131698982,-0.013200816050446804,0.4832792449110965
1680,2017-10-16,0.4902015302574866,0.4832792449110965,0.4871569300095896,0.4886404687457245,0.0449427782808391,0.002319565600587492,0.0,0.0,0.0015561798367698665,-0.0038893313404829016,0.4832792449110965
1681,2017-10-17,0.48710877612337,0.4832792449110965,0.4818119480188888,0.4847500191537999,0.0437863431557587,-0.003092754134116582,0.0,-0.00534498199070077,-0.003890449591924583,-0.0011564351250803948,0.4832792449110965
1682,2017-10-18,0.4871088656192516,0.4840488867825288,0.4856298815221107,0.4870843784003373,0.0546415596600517,8.949588159445909e-08,0.0007696418714323028,0.0038179335032218487,0.0023343592465374097,0.010855216504292997,0.4840488867825288
1683,2017-10-19,0.4863356607090051,0.4740446809292691,0.4802848825167072,0.479303461786999,0.0547942963746849,-0.0007732049102465166,-0.010004205853259673,-0.005344999005403472,-0.007780916613338296,0.00015273671463320038,0.4740446809292691
1684,2017-10-20,0.473964566584162,0.4778923698405516,0.4757033926867652,0.4761910255613594,0.058007222264649,-0.012371094124843107,0.0038476889112825097,-0.004581489829941998,-0.0031124362256396143,0.003212925889964101,0.4778923698405516
1685,2017-10-23,0.4840159671357175,0.4794314258883442,0.4802847558765824,0.4808595150660603,0.0518704792659909,0.010051400551555512,0.0015390560477925863,0.0045813631898172225,0.00466848950470089,-0.006136742998658101,0.4794314258883442
1686,2017-10-24,0.4793770139121326,0.4809707096312088,0.4779942265087134,0.4808596930667436,0.0442118240036656,-0.004638953223584874,0.0015392837428646056,-0.0022905293678689986,1.7800068330409147e-07,-0.007658655262325301,0.4809707096312088
1687,2017-10-25,0.4840160568638391,0.4802010677597765,0.477994138180508,0.4808596042090307,0.0412443678336479,0.0046390429517064735,-0.0007696418714323028,-8.8328205416488e-08,-8.885771290989553e-08,-0.0029674561700177016,0.4802010677597765
1688,2017-10-26,0.4824697723330252,0.5032877542012181,0.5009013016924854,0.4824158767952425,0.102153587676329,-0.0015462845308139017,0.023086686441441573,0.022907163511977358,0.0015562725862118265,0.0609092198426811,0.5032877542012181
1689,2017-10-27,0.5056652452398038,0.5055962244253708,0.5062460956527155,0.5034241217535839,0.0667186698814108,0.023195472906778647,0.0023084702241527033,0.005344793960230132,0.02100824495834136,-0.0354349177949182,0.5055962244253708
1690,2017-10-30,0.5133972504667652,0.509444108503858,0.5100640594705901,0.5127613203395337,0.1909099835262543,0.00773200522696138,0.0038478840784872403,0.003817963817874581,0.009337198585949835,0.1241913136448435,0.509444108503858
1691,2017-10-31,0.508758145007885,0.507135475640368,0.5054826719157479,0.5080928065334176,0.0580945003872966,-0.004639105458880244,-0.0023086328634900344,-0.0045813875548421645,-0.0046685138061161036,-0.1328154831389577,0.507135475640368
1692,2017-11-01,0.513397392015756,0.5225266541477748,0.5192270300425119,0.515873822634061,0.0682787663237363,0.004639247007870995,0.015391178507406789,0.013744358126764,0.007781016100643412,0.010184265936439708,0.5225266541477748
1693,2017-11-02,0.5249951387405082,0.5271438873468872,0.5276262044657775,0.5197641887150934,0.0625893237036471,0.011597746724752223,0.004617233199112447,0.008399174423265543,0.003890366081032437,-0.005689442620089205,0.5271438873468872
1694,2017-11-03,0.5296342710416025,0.5271438873468872,0.5230447902446563,0.5329917204638308,0.0,0.004639132301094362,0.0,-0.004581414221121127,0.013227531748737364,-0.0625893237036471,0.5271438873468872
1695,2017-11-06,0.5342733526193126,0.5286829433946798,0.5283897233378326,0.529879309746145,0.0452918907714295,0.004639081577710091,0.0015390560477925863,0.005344933093176296,-0.003112410717685754,0.0452918907714295,0.5286829433946798
1696,2017-11-07,0.5335000663447582,0.5402261402399972,0.5383160213620898,0.5353258419838857,0.0576744744220551,-0.0007732862745544189,0.01154319684531735,0.009926298024257152,0.005446532237740609,0.012382583650625605,0.5402261402399972
1697,2017-11-08,0.5389124530803392,0.5371479956165446,0.5329711060705372,0.5337697287911308,0.0614819825225559,0.005412386735580976,-0.0030781446234525722,-0.0053449152915525655,-0.0015561131927548377,0.0038075081005007963,0.5371479956165446
1698,2017-11-09,0.5365929666579102,0.5302220970260747,0.5344983229731933,0.5298793572525039,0.0775847961510348,-0.0023194864224289624,-0.006925898590469881,0.0015272169026561144,-0.0038903715386269244,0.016102813628478894,0.5302220970260747
1699,2017-11-10,0.5265415285689745,0.5486913876290666,0.5467154432567766,0.5298793725257042,0.1010080623165795,-0.010051438088935716,0.01846929060299185,0.012217120283583238,1.527320026006862e-08,0.0234232661655447,0.5486913876290666
1700,2017-11-13,0.5520567568256208,0.5486913876290666,0.5535875647502277,0.5501097156764653,0.0930930275689769,0.025515228256646316,0.0,0.006872121493451178,0.02023034315076111,-0.007915034747602592,0.5486913876290666
1701,2017-11-14,0.548190795514989,0.5502304762047265,0.5512968398504396,0.5462192474985921,0.0910365368040933,-0.0038659613106318824,0.001539088575659986,-0.002290724899788099,-0.0038904681778731964,-0.002056490764883609,0.5502304762047265
1702,2017-11-15,0.5582421618756908,0.5232960357962676,0.5574053053511884,0.5267669131212686,0.2264485440918165,0.010051366360701808,-0.026934440408458937,0.006108465500748728,-0.01945233437732352,0.1354120072877232,0.5232960357962676
1703,2017-11-16,0.5257682688430647,0.5294524876825099,0.5314439904030053,0.52209840081853,0.1116996323409083,-0.032473893032626044,0.0061564518862422535,-0.0259613149481831,-0.00466851230273857,-0.1147489117509082,0.5294524876825099
1704,2017-11-17,0.5427785066310838,0.5417654239828618,0.5451883198381189,0.5438850093628784,0.0981169745038784,0.017010237788019134,0.012312936300351907,0.013744329435113611,0.02178660854434844,-0.013582657837029888,0.5417654239828618
1705,2017-11-20,0.5458711569262059,0.539456661007902,0.5428975084540024,0.5446629950084043,0.0442336435343275,0.003092650295122068,-0.002308762974959744,-0.0022908113841164646,0.0007779856455258916,-0.053883330969550905,0.539456661007902
1706,2017-11-21,0.5489639355456704,0.5602346170022513,0.5619867564398362,0.5485534691439511,0.1013026259805151,0.0030927786194644424,0.020777955994349284,0.01908924798583378,0.003890474135546773,0.057068982446187605,0.5602346170022513
1707,2017-11-22,0.5698399842833382,0.5756256328703209,0.5726766771077431,0.5687837653467107,0.0802904179531098,0.020876048737667796,0.015391015868069569,0.01068992066790686,0.020230296202759623,-0.021012208027405305,0.5756256328703209
1708,2017-11-23,0.5783450586756267,0.5756256328703209,0.5711495393021223,0.5820112947733783,0.0,0.008505074392288536,0.0,-0.0015271378056207485,0.013227529426667606,-0.0802904179531098,0.5756256328703209
1709,2017-11-24,0.5798914009773052,0.5787038100216408,0.5772580558223543,0.5796769900268883,0.0516795583726994,0.0015463423016784938,0.003078177151319972,0.006108516520232032,-0.00233430474648999,0.0516795583726994,0.5787038100216408
1710,2017-11-27,0.5837573436504873,0.5787038100216408,0.5795487623930781,0.5788989001073891,0.0440699970543633,0.0038659426731820767,0.0,0.0022907065707237217,-0.0007780899194992363,-0.007609561318336101,0.5787038100216408
1711,2017-11-28,0.576798646486838,0.5671605155927212,0.5734402111879423,0.571896090482966,0.0640512322579941,-0.0069586971636492745,-0.01154329442891966,-0.006108551205135759,-0.007002809624423123,0.0199812352036308,0.5671605155927212
1712,2017-11-29,0.574479107101662,0.5763951771581508,0.5726766684665612,0.5757865663550744,0.047784772149551,-0.0023195393851760393,0.009234661565429625,-0.0007635427213811274,0.0038904758721084454,-0.016266460108443098,0.5763951771581508
1713,2017-11-30,0.5767986943089758,0.5802429636530356,0.5757309654908813,0.5742304078492416,0.0794885502012851,0.0023195872073138446,0.0038477864948848195,0.0030542970243201406,-0.0015561585058327942,0.031703778051734105,0.5802429636530356
1714,2017-12-01,0.5876233762106206,0.5994818310717249,0.5955837994927763,0.5897922491990948,0.0872399384689235,0.010824681901644762,0.0192388674186893,0.01985283400189497,0.015561841349853167,0.0077513882676383955,0.5994818310717249
1715,2017-12-04,0.6030870146326235,0.60563812031863,0.605510060973885,0.6037977350976409,0.0600964423255255,0.015463638422002934,0.006156289246905033,0.009926261481108756,0.01400548589854611,-0.027143496143397998,0.60563812031863
1716,2017-12-05,0.6030871492687948,0.5994818310717249,0.5955837994927763,0.5999074196998707,0.0458591985686387,1.3463617132281058e-07,-0.006156289246905033,-0.009926261481108756,-0.003890315397770183,-0.0142372437568868,0.5994818310717249
1717,2017-12-06,0.5999944745665542,0.592555932481255,0.6001652932671728,0.5960170488869312,0.0691406377848812,-0.0030926747022406165,-0.006925898590469881,0.004581493774396539,-0.0038903708129395254,0.023281439216242504,0.592555932481255
1718,2017-12-07,0.5945821056766806,0.5910167788498601,0.5925295550787719,0.5921265507740774,0.0749991817676001,-0.00541236888987362,-0.0015391536313948961,-0.007635738188400909,-0.003890498112853802,0.0058585439827189,0.5910167788498601
1719,2017-12-08,0.5829841684228387,0.6064077296621948,0.6024558418517556,0.5859017227564647,0.0693970172701585,-0.011597937253841839,0.015390950812334658,0.009926286772983683,-0.006224828017612705,-0.0056021644974416085,0.6064077296621948
1720,2017-12-11,0.62473637631492,0.6271856856565441,0.623072227458104,0.6216938858121446,0.0741100358931279,0.04175220789208123,0.020777955994349284,0.020616385606348375,0.03579216305567989,0.004713018622969398,0.6271856856565441
1721,2017-12-12,0.6309219762573129,0.6533505817771731,0.649033664154812,0.6341434170597873,0.100795321892626,0.006185599942392983,0.026164896120629,0.02596143669670803,0.012449531247642698,0.0266852859994981,0.6533505817771731
1722,2017-12-13,0.6548908555833161,0.6564288239842279,0.6559058150885707,0.655929969148663,0.0696424869901048,0.023968879326003112,0.003078242207054771,0.006872150933758703,0.0217865520888757,-0.0311528349025212,0.6564288239842279
1723,2017-12-14,0.657983569875694,0.6656634204939227,0.668122878649992,0.6598203789896663,0.0939494441474563,0.003092714292377896,0.009234596509694826,0.01221706356142127,0.003890409841003306,0.02430695715735151,0.6656634204939227
1724,2017-12-15,0.6688082590193188,0.6672025741253175,0.6742314786401583,0.6652670567957821,0.110095896837259,0.010824689143624888,0.0015391536313947851,0.00610859999016633,0.005446677806115852,0.016146452689802693,0.6672025741253175
1725,2017-12-18,0.6749935755438612,0.6610459595997381,0.6704134412744894,0.6652668661970186,0.0710171174218042,0.00618531652454235,-0.0061566145255793625,-0.0038180373656688804,-1.9059876354976524e-07,-0.039078779415454803,0.6610459595997381
1726,2017-12-19,0.6556639844871339,0.6502723395701182,0.6520879103305659,0.6434804685508675,0.1117760006982249,-0.01932959105672727,-0.010773620029619901,-0.01832553094392353,-0.02178639764615109,0.0407588832764207,0.6502723395701182
1727,2017-12-20,0.6541175199113235,0.6695110768773377,0.6704134764625533,0.6559298218010596,0.0691406377848812,-0.0015464645758104245,0.019238737307219478,0.018325566131987436,0.012449353250192141,-0.04263536291334369,0.6695110768773377
1728,2017-12-21,0.6703545990200218,0.6818240457055571,0.6795764240571835,0.6722698303360771,0.0636693904714109,0.016237079108698316,0.012312968828219417,0.00916294759463021,0.01634000853501749,-0.005471247313470304,0.6818240457055571
1729,2017-12-22,0.6873646235593402,0.6872107906646322,0.6910298318559452,0.6909438648675538,0.0483629897120912,0.017010024539318436,0.005386744959075096,0.011453407798761694,0.018674034531476646,-0.015306400759319702,0.6872107906646322
1730,2017-12-25,0.6958697712158525,0.6979846058614566,0.6940841807412965,0.6963905680622406,0.0362749697254012,0.008505147656512224,0.01077381519682441,0.003054348885351277,0.005446703194686875,-0.012088019986689999,0.6979846058614566
1731,2017-12-26,0.7036016183166923,0.6956759079422318,0.699429124418007,0.7010590690791455,0.0279835480738809,0.00773184710083985,-0.0023086979192248336,0.005344943676710456,0.004668501016904858,-0.008291421651520303,0.6956759079422318
1732,2017-12-27,0.711333490469513,0.7141451660173562,0.7162276266492108,0.7111742250176247,0.0423353443667426,0.0077318721528206735,0.01846925807512445,0.016798502231203827,0.010115155938479226,0.0143517962928617,0.7141451660173562
1733,2017-12-28,0.7113335042322604,0.6956759079422318,0.7024834000704874,0.6995028891255847,0.0479702381601771,1.3762747386181218e-08,-0.01846925807512445,-0.013744226578723429,-0.011671335892040058,0.005634893793434501,0.6956759079422318
1734,2017-12-29,0.7020552979355088,0.6964455172857966,0.699429181007463,0.7010591258004771,0.0325165555688897,-0.009278206296751579,0.0007696093435648477,-0.003054219063024388,0.0015562366748924639,-0.015453682591287397,0.6964455172857966
1735,2018-01-01,0.6997357319731667,0.6964455172857966,0.6910299222835742,0.7041714859594137,0.0,-0.002319565962342063,0.0,-0.008399258723888803,0.003112360158936567,-0.0325165555688897,0.6964455172857966
1736,2018-01-02,0.6997357319731667,0.6964455172857966,0.6910299222835742,0.7041714859594137,0.0,0.0,0.0,0.0,0.0,0.0,0.6964455172857966
1737,2018-01-03,0.6997357319731667,0.6964455172857966,0.6910299222835742,0.7041714859594137,0.0,0.0,0.0,0.0,0.0,0.0,0.6964455172857966
1738,2018-01-04,0.7144262668950503,0.7064496580833214,0.711646235292207,0.7119523370219044,0.0594200368750068,0.014690534921883547,0.010004140797524763,0.02061631300863287,0.007780851062490712,0.0594200368750068,0.7064496580833214
1739,2018-01-05,0.7128798771791648,0.690289032871687,0.7063012404389715,0.6948343451359266,0.0736463708665626,-0.001546389715885499,-0.016160625211634416,-0.005344994853235585,-0.017117991885977846,0.014226333991555803,0.690289032871687
1740,2018-01-08,0.6935501625051094,0.690289032871687,0.6849213109986567,0.6979467050245534,0.0,-0.01932971467405542,0.0,-0.02137992944031475,0.0031123598886267922,-0.0736463708665626,0.690289032871687
1741,2018-01-09,0.6989625320187128,0.6802848920741622,0.6917934800740375,0.6878315840046139,0.0731063374826807,0.0054123695136034655,-0.010004140797524763,0.006872169075380796,-0.0101151210199395,0.0731063374826807,0.6802848920741622
1742,2018-01-10,0.6834988135104203,0.6925977958466467,0.6933206731037597,0.6878316386729635,0.0609255844906776,-0.015463718508292534,0.012312903772484507,0.0015271930297221514,5.4668349624975576e-08,-0.012180752992003094,0.6925977958466467
1743,2018-01-11,0.6881379160074214,0.6895195536395918,0.6887392292169409,0.6862754288540178,0.0632220900928421,0.0046391024970010575,-0.003078242207054882,-0.0045814438868188034,-0.0015562098189456641,0.002296505602164503,0.6895195536395918
1744,2018-01-12,0.6958697546747274,0.687980400008197,0.6887391816796913,0.6893877414935643,0.065327674801715,0.00773183866730609,-0.0015391536313947851,-4.7537249581175445e-08,0.0031123126395464773,0.0021055847088728985,0.687980400008197
1745,2018-01-15,0.695869786420535,0.6795153477863323,0.6872120751554099,0.6854973227577479,0.0546906536040409,3.174580753828593e-08,-0.008465052221864777,-0.0015271065242813409,-0.0038904187358164144,-0.010637021197674103,0.6795153477863323
1746,2018-01-16,0.6804060608646159,0.681054501417727,0.6788128638235482,0.6792726498568522,0.0348730648803744,-0.015463725555919128,0.0015391536313947851,-0.008399211331861722,-0.006224672900895678,-0.0198175887236665,0.681054501417727
1747,2018-01-17,0.6726741964078924,0.6564288239842279,0.6688864889611036,0.6590423296191192,0.0839888284003011,-0.0077318644567234696,-0.024625677433499193,-0.009926374862444631,-0.02023032023773297,0.0491157635199267,0.6564288239842279
1748,2018-01-18,0.6633957781961766,0.6525809073778733,0.6620142143850338,0.6559298174417538,0.0636093867620907,-0.009278418211715822,-0.003847916606354529,-0.006872274576069759,-0.003112512177365412,-0.0203794416382104,0.6525809073778733
1749,2018-01-19,0.6572102741425827,0.6695110768773377,0.6643049254241702,0.6613764514008312,0.0416152998549001,-0.00618550405359386,0.016930169499464354,0.0022907110391363616,0.005446633959077407,-0.021994086907190603,0.6695110768773377
1750,2018-01-22,0.6711277809595435,0.6710502955644675,0.6658321750701869,0.6722698235685775,0.030160046257405,0.0139175068169608,0.0015392186871298064,0.0015272496460166929,0.010893372167746218,-0.011455253597495097,0.6710502955644675
1751,2018-01-23,0.6773134308338453,0.6702808813881073,0.6704137280612508,0.6722699628956956,0.0421007844121272,0.006185649874301813,-0.000769414176360228,0.004581552991063886,1.3932711817599142e-07,0.011940738154722203,0.6702808813881073
1752,2018-01-24,0.6726739525107339,0.6602763502561733,0.665831971339399,0.6652668093485447,0.0533432975856689,-0.004639478323111401,-0.010004531131934002,-0.004581756721851793,-0.007003153547150975,0.011242513173541697,0.6602763502561733
1753,2018-01-25,0.664168928384338,0.6733587983164877,0.669649864451155,0.6676011279437841,0.0598891567842375,-0.008505024126395866,0.013082448060314444,0.0038178931117560655,0.0023343185952394707,0.0065458591985686,0.6733587983164877
1754,2018-01-26,0.6664886310778918,0.6441159202117434,0.6581964674548061,0.6442585637568906,0.0967368891895135,0.002319702693553749,-0.029242878104744352,-0.011453396996348952,-0.02334256418689351,0.036847732405275994,0.6441159202117434
1755,2018-01-29,0.6463856555128393,0.661815568943303,0.6581963959524452,0.649705123546894,0.0560652840357403,-0.020102975565052472,0.017699648731559603,-7.150236092101636e-08,0.0054465597900034135,-0.040671605153773195,0.661815568943303
1756,2018-01-30,0.661849351625891,0.6394984593175589,0.6543784767312226,0.6442584202267221,0.056348937934345,0.01546369611305165,-0.02231710962574407,-0.0038179192212225432,-0.005446703320171942,0.00028365389860469936,0.6394984593175589
1757,2018-01-31,0.6278293170821648,0.6279554251115788,0.6329988112027799,0.6318092430294605,0.0493339588265456,-0.03402003454372615,-0.01154303420598013,-0.021379665528442726,-0.012449177197261574,-0.007014979107799399,0.6279554251115788
1758,2018-02-01,0.6278290881319657,0.6541199959535333,0.6513242328750455,0.6318090126279038,0.0576581097740587,-2.2895019913260484e-07,0.02616457084195456,0.018325421672265585,-2.3040155672227058e-07,0.008324150947513098,0.6541199959535333
1759,2018-02-02,0.6541175375078752,0.6448853994438385,0.6536149786900318,0.6450365799537794,0.0486630082586923,0.026288449375909462,-0.009234596509694826,0.002290745814986339,0.0132275673258756,-0.0089951015153664,0.6448853994438385
1760,2018-02-05,0.6262828379835599,0.6141033677076994,0.623835880533697,0.6185816093937111,0.06573133611896,-0.027834699524315276,-0.030782031736139137,-0.029779098156334838,-0.02645497056006829,0.0170683278602677,0.6141033677076994
1761,2018-02-06,0.5721594946973817,0.5863993179556756,0.5848937229919673,0.5742303395810686,0.1099377052399602,-0.05412334328617818,-0.027704049752023785,-0.038942157541729694,-0.04435126981264248,0.044206369121000205,0.5863993179556756
1762,2018-02-07,0.606179886192404,0.6010209196473849,0.6146730058996429,0.602241672242324,0.0819923413447376,0.03402039149502234,0.01462160169170934,0.02977928290767562,0.02801133266125544,-0.027945363895222605,0.6010209196473849
1763,2018-02-08,0.5984479007838832,0.60409903174297,0.6093279223328304,0.60146348262207,0.0720808195415716,-0.007731985408520825,0.0030781120955850616,-0.005345083566812514,-0.0007781896202541105,-0.009911521803165999,0.60409903174297
1764,2018-02-09,0.5853037210629031,0.5902471044505604,0.5940565710226021,0.5866797996463307,0.0697406748780833,-0.013144179720980143,-0.013851927292409583,-0.015271351310228276,-0.014783682975739287,-0.0023401446634882944,0.5902471044505604
1765,2018-02-12,0.5930356064138,0.5902471044505604,0.5856573135916913,0.5967949686057501,0.0,0.007731885350896972,0.0,-0.008399257430910856,0.01011516895941944,-0.0697406748780833,0.5902471044505604
1766,2018-02-13,0.598448024051867,0.5817821172844305,0.5932930992144576,0.5866798956137724,0.0784303029641832,0.005412417638066991,-0.008464987166129867,0.0076357856227663445,-0.01011507299197767,0.0784303029641832,0.5817821172844305
1767,2018-02-14,0.5775718142418164,0.5863993179556756,0.5940565489396221,0.5796769688182875,0.061563805762538,-0.020876209810050672,0.0046172006712450475,0.0007634497251645112,-0.007002926795484976,-0.0168664972016452,0.5863993179556756
1768,2018-02-15,0.6108189920094396,0.5917862580819553,0.607037290581067,0.5967950167626953,0.0765483684445947,0.033247177767623204,0.005386940126279716,0.012980741641444915,0.017118047944407855,0.014984562682056703,0.5917862580819553
1769,2018-02-16,0.5953552627397077,0.5994818310717249,0.5955837994927763,0.5944607894302222,0.0419535025801595,-0.01546372926973183,0.007695572989769639,-0.011453491088290746,-0.0023342273324731266,-0.0345948658644352,0.5994818310717249
1770,2018-02-19,0.60617994405364,0.6187206984904142,0.6146730645715663,0.6092445405384351,0.039438801671376,0.010824681313932216,0.0192388674186893,0.019089265078790052,0.01478375110821295,-0.0025147009087835015,0.6187206984904142
1771,2018-02-20,0.6231901790452367,0.6171816749704891,0.6169638543105437,0.6178036143079545,0.043088118174578,0.017010234991596707,-0.0015390235199250757,0.002290789738977339,0.008559073769519365,0.0036493165032020006,0.6171816749704891
1772,2018-02-21,0.6224169902374882,0.6171816749704891,0.6192545616904094,0.618581704502297,0.0446645792649,-0.0007731888077484594,0.0,0.0022907073798656974,0.0007780901943424956,0.001576461090322001,0.6171816749704891
1773,2018-02-22,0.6154580876188059,0.6064077296621948,0.609327961720787,0.6069101510624733,0.0647276377085128,-0.006958902618682261,-0.010773945308294341,-0.009926599969622418,-0.011671553439823734,0.020063058443612794,0.6064077296621948
1774,2018-02-23,0.6177776831077011,0.6325725607270889,0.6299443517474415,0.6185815299922247,0.0438081626864206,0.002319595488895154,0.02616483106489409,0.020616390026654496,0.011671378929751453,-0.020919475022092196,0.6325725607270889
1775,2018-02-26,0.6479319803144313,0.631802951383524,0.6429249658960521,0.6333651830247377,0.0510686115141663,0.03015429720673024,-0.0007696093435648477,0.012980614148610625,0.014783653032512944,0.007260448827745701,0.631802951383524
1776,2018-02-27,0.6463857732758094,0.6456550738431382,0.6406344278567997,0.6419243408138535,0.0442009142383347,-0.0015462070386219606,0.013852122459614202,-0.0022905380392523877,0.008559157789115868,-0.0068676972758316,0.6456550738431382
1777,2018-02-28,0.6471589555186165,0.6348813237020486,0.6421615595134997,0.6403681541805006,0.0601073520908565,0.0007731822428070911,-0.01077375014108961,0.0015271316567000426,-0.001556186633352885,0.0159064378525218,0.6348813237020486
1778,2018-03-01,0.6286023985972469,0.6202597870660742,0.6207815991117364,0.6201377841636382,0.0615419862318761,-0.018556556921369594,-0.01462153663597443,-0.021379960401763376,-0.020230370016862453,0.0014346341410196028,0.6202597870660742
1779,2018-03-02,0.607726283409295,0.6164120005711894,0.6162001640369561,0.6115787725148295,0.069173367080874,-0.02087611518795185,-0.0038477864948848195,-0.00458143507478026,-0.008559011648808679,0.0076313808489979,0.6164120005711894
1780,2018-03-05,0.6084994947168167,0.6087164926371545,0.610855203940921,0.6076883449295813,0.0452591614754366,0.0007732113075217262,-0.00769550793403484,-0.005344960096035134,-0.0038904275852481573,-0.023914205605437402,0.6087164926371545
1781,2018-03-06,0.623190045140578,0.6402681337168585,0.6375800837326946,0.6271405618865598,0.0518104755566707,0.014690550423761217,0.031551641079703985,0.026724879791773626,0.019452216956978408,0.006551314081234098,0.6402681337168585
1782,2018-03-07,0.634787775463184,0.631802951383524,0.629944295563234,0.6271404637812513,0.0456464581446853,0.011597730322606026,-0.008465182333334487,-0.007635788169460644,-9.810530843257226e-08,-0.006164017411985398,0.631802951383524
1783,2018-03-08,0.6456124634596603,0.6333421050149189,0.6398707387976625,0.6325871408438407,0.0451882480007855,0.01082468799647629,0.0015391536313948961,0.009926443234428595,0.005446677062589389,-0.00045821014389980236,0.6333421050149189
1784,2018-03-09,0.636334174237553,0.6241074434494893,0.6383435746390842,0.6279185751323106,0.058847274195132,-0.009278289222107272,-0.009234661565429625,-0.0015271641585783424,-0.0046685657115300705,0.013659026194346502,0.6241074434494893
1785,2018-03-12,0.6448393483978674,0.6441159202117434,0.6413979497239409,0.6434804737040442,0.0365422589760094,0.008505174160314377,0.020008476762254035,0.003054375084856731,0.015561898571733512,-0.0223050152191226,0.6441159202117434
1786,2018-03-13,0.6394271492942738,0.6279554251115788,0.6329988112027799,0.6279187920255844,0.0422807955400879,-0.005412199103593585,-0.016160495100164596,-0.008399138521161031,-0.015561681678459727,0.005738536564078502,0.6279554251115788
1787,2018-03-14,0.6231900846772688,0.6310335372071638,0.6291808650613596,0.6232501512912885,0.0321074393689791,-0.016237064617005026,0.0030781120955850616,-0.003817946141420281,-0.004668640734295959,-0.010173356171108802,0.6310335372071638
1788,2018-03-15,0.626282642472872,0.60794675318212,0.6200178419326264,0.6123566976327027,0.0443591058356334,0.0030925577956032457,-0.023086784025043827,-0.009163023128733183,-0.010893453658585739,0.0122516664666543,0.60794675318212
1789,2018-03-16,0.6092725224750094,0.60563812031863,0.605510060973885,0.6100224540161734,0.0425099006120378,-0.017010119997862616,-0.0023086328634900344,-0.01450778095874139,-0.002334243616529341,-0.0018492052235956,0.60563812031863
1790,2018-03-19,0.6123652850996983,0.6048685760308,0.6078007760222432,0.6092443728104955,0.0240396679067433,0.0030927626246889384,-0.0007695442878299374,0.002290715048358205,-0.0007780812056779052,-0.0184702327052945,0.6048685760308
1791,2018-03-20,0.6069530135436716,0.6064077296621948,0.6016922729774188,0.5960168919408392,0.0254906666957593,-0.005412271556026749,0.0015391536313947851,-0.006108503044824465,-0.013227480869656305,0.0014509987890160003,0.6064077296621948
1792,2018-03-21,0.6092725792005264,0.6064077296621948,0.6016922729774188,0.6131348705605499,0.0,0.0023195656568547607,0.0,0.0,0.01711797861971076,-0.0254906666957593,0.6064077296621948
1793,2018-03-22,0.6154582468314684,0.6379595659091035,0.6337623296473043,0.6193597502805677,0.0526450726044882,0.006185667630942082,0.031551836246908715,0.032070056669885494,0.006224879720017729,0.0526450726044882,0.6379595659091035
1794,2018-03-23,0.6162314384401336,0.592555932481255,0.6116188293982259,0.5975732291712311,0.052274140583236,0.0007731916086651802,-0.04540363342784848,-0.022143500249078407,-0.021786521109336543,-0.0003709320212521988,0.592555932481255
1795,2018-03-26,0.5876233552838901,0.5956340445768401,0.5910023646034587,0.5890141381843138,0.0318892440623602,-0.028608083156243524,0.0030781120955850616,-0.020616464794767198,-0.008559090986917317,-0.0203848965208758,0.5956340445768401
1796,2018-03-27,0.6015407980585868,0.625646662136619,0.6207816025554632,0.6030198060137265,0.0462464952378874,0.013917442774696753,0.03001261755977891,0.029779237952004545,0.014005667829412705,0.014357251175527205,0.625646662136619
1797,2018-03-28,0.6231361983895138,0.6194289602759925,0.6176968784604838,0.6176565035084283,0.0366949956906427,0.021595400330926995,-0.006217701860626534,-0.0030847240949793964,0.014636697494701756,-0.009551499547244706,0.6194289602759925
1798,2018-03-29,0.6301640456182264,0.6217605578138931,0.6362046454225168,0.6223714340741802,0.0520232159806242,0.007027847228712525,0.002331597537900576,0.018507766962032934,0.004714930565751896,0.0153282202899815,0.6217605578138931
1799,2018-03-30,0.6348493977365389,0.6287554805390648,0.6292643476528277,0.6302297759746994,0.0313983046224675,0.004685352118312558,0.0069949227251717705,-0.006940297769689074,0.007858341900519261,-0.020624911358156695,0.6287554805390648
1800,2018-04-02,0.6325067544456361,0.6202062461962725,0.6277220076817288,0.6270864599536506,0.0153173105246506,-0.002342643290902835,-0.008549234342792311,-0.0015423399710988717,-0.003143316021048781,-0.0160809940978169,0.6202062461962725
1801,2018-04-03,0.6122039645151806,0.596112919841251,0.6045871872623539,0.5995825660089282,0.0416971230948822,-0.020302789930455534,-0.024093326355021483,-0.02313482041937487,-0.027503893944722413,0.0263798125702316,0.596112919841251
1802,2018-04-04,0.6059571226524348,0.59378145241482,0.6030450097159753,0.5995827019308847,0.0382332726023063,-0.006246841862745711,-0.0023314674264309776,-0.0015421775463786425,1.3592195646783267e-07,-0.003463850492575901,0.59378145241482
1803,2018-04-05,0.5965866162893472,0.5898954131478291,0.5907064578477641,0.5870095042858429,0.047784772149551,-0.009370506363087672,-0.003886039266990937,-0.0123385518682112,-0.012573197645041834,0.009551499547244699,0.5898954131478291
1804,2018-04-06,0.5903396710376814,0.59378145241482,0.5945622794002775,0.5940819431975738,0.0417571268042024,-0.006246945251665803,0.003886039266990937,0.0038558215525134054,0.007072438911730927,-0.006027645345348602,0.59378145241482
1805,2018-04-09,0.5872160636605751,0.5766829186735005,0.5837659608138775,0.580722841942577,0.0496230676078157,-0.0031236073771062633,-0.017098533741319533,-0.010796318586399956,-0.013359101254996841,0.007865940803613303,0.5766829186735005
1806,2018-04-10,0.5739411819625677,0.59222688057426,0.5891640090375101,0.5744362112710595,0.045390078659408,-0.01327488169800739,0.015543961900759462,0.0053980482236325456,-0.006286630671517468,-0.0042329889484077,0.59222688057426
1807,2018-04-11,0.6114231443920844,0.6031077775106879,0.6053583961510112,0.6058691977990184,0.0438354370997479,0.037481962429516735,0.010880896936427908,0.016194387113501074,0.031432986527958895,-0.0015546415596600985,0.6031077775106879
1808,2018-04-12,0.608299611743481,0.5914497247654497,0.6007314107611496,0.5972251075933372,0.028065371313863,-0.003123532648603433,-0.011658052745238234,-0.004626985389861615,-0.008644090205681132,-0.015770065785884902,0.5914497247654497
1809,2018-04-13,0.595024871730538,0.5999990241639769,0.5976468736611059,0.5940819084611402,0.0265052748715375,-0.013274740012943043,0.008549299398527221,-0.0030845371000436383,-0.003143199132197072,-0.0015600964423254995,0.5999990241639769
1810,2018-04-16,0.6082995196667159,0.5930040363830703,0.6007313198299639,0.595653372410805,0.0281635592018415,0.013274647936177941,-0.00699498778090657,0.003084446168857946,0.0015714639496647864,0.0016582843303039989,0.5930040363830703
1811,2018-04-17,0.5973675392629652,0.5968902708172659,0.5991892382532237,0.5972252488973949,0.0256924973543819,-0.010931980403750763,0.003886234434195557,-0.001542081576740184,0.0015718764865899626,-0.002471061847459599,0.5968902708172659
1812,2018-04-18,0.5997100127100184,0.6038849333194981,0.6007314082949679,0.5972251051415499,0.0292599906176018,0.002342473447053295,0.006994662502232241,0.001542170041744173,-1.437558450056997e-07,0.0035674932632198987,0.6038849333194981
1813,2018-04-19,0.6192319463777065,0.6287554805390648,0.6277220330752472,0.6207999040149782,0.0483193506507675,0.019521933667688063,0.02487054721956672,0.02699062478027936,0.023574798873428282,0.0190593600331657,0.6287554805390648
1814,2018-04-20,0.6231361714084711,0.6334185455033964,0.6300353656068913,0.627086346638919,0.0347366928137375,0.0039042250307645965,0.004663064964331554,0.002313332531644119,0.006286442623940847,-0.013582657837029999,0.6334185455033964
1815,2018-04-23,0.634849362762828,0.6349730522882217,0.6354335709572546,0.6380879674556754,0.0166373921296952,0.011713191354356889,0.0015545067848252714,0.005398205350363283,0.011001620816756374,-0.0180993006840423,0.6349730522882217
1816,2018-04-24,0.647343314880979,0.6598434693963185,0.6554836509764914,0.6498752984429511,0.0340111934192295,0.012493952118150964,0.0248704171080969,0.020050080019236804,0.01178733098727569,0.0173738012895343,0.6598434693963185
1817,2018-04-25,0.6559329270960532,0.6528486767826166,0.6516278792495676,0.6522327807415624,0.0293145394442565,0.00858961221507426,-0.00699479261370195,-0.0038557717269238623,0.002357482298611324,-0.004696653974973,0.6528486767826166
1818,2018-04-26,0.6629606728289792,0.6512941699977913,0.6608816595705029,0.6545901429180767,0.0362258757814119,0.007027745732925972,-0.0015545067848252714,0.009253780320935379,0.002357362176514277,0.006911336337155398,0.6512941699977913
1819,2018-04-27,0.664522475730909,0.6660610411454754,0.6608817173418557,0.6655917161081832,0.0430008400519304,0.0015618029019297541,0.014766871147684046,5.777135281270773e-08,0.011001573190106528,0.006774964270518505,0.6660610411454754
1820,2018-04-30,0.6692077105774253,0.6660610411454754,0.6608817173418557,0.6734499418001334,0.0,0.004685234846516395,0.0,0.0,0.00785822569195016,-0.0430008400519304,0.6660610411454754
1821,2018-05-01,0.6637417373265445,0.6738331847351923,0.6739915258216154,0.661662736912323,0.036733179869301,-0.005465973250880829,0.0077721435897168956,0.013109808479759621,-0.011787204887810376,0.036733179869301,0.6738331847351923
1822,2018-05-02,0.6567138813894232,0.6357503382085017,0.6508568030279221,0.6404455210662664,0.043202670710553,-0.007027855937121297,-0.038082846526690584,-0.02313472279369322,-0.021217215846056625,0.006469490841252,0.6357503382085017
1823,2018-05-03,0.6387538109114722,0.6357503382085017,0.6308067119393842,0.6428029892419704,0.0,-0.017960070477951007,0.0,-0.020050091088537947,0.002357468175704036,-0.043202670710553,0.6357503382085017
1824,2018-05-04,0.6387538109114722,0.6357503382085017,0.6308067119393842,0.6428029892419704,0.0,0.0,0.0,0.0,0.0,0.0,0.6357503382085017
1825,2018-05-07,0.645781623923228,0.6341958964794113,0.6392894025397066,0.6373021900455994,0.0402133950098733,0.007027813011755812,-0.0015544417290903612,0.008482690600322362,-0.005500799196371031,0.0402133950098733,0.6341958964794113
1826,2018-05-08,0.6332874778957179,0.6170972976823569,0.6300353311338495,0.6215855552015584,0.0424880810813759,-0.012494146027510089,-0.017098598797054443,-0.0092540714058571,-0.015716634844040955,0.0022746860715026004,0.6170972976823569
1827,2018-05-09,0.6286023194680833,0.6124341676622905,0.6215526781359669,0.6168706947973482,0.0406770600364386,-0.004685158427634617,-0.004663130020066353,-0.008482652997882534,-0.004714860404210208,-0.0018110210449372999,0.6124341676622905
1828,2018-05-10,0.6348493927210858,0.6310870780769655,0.6323489718122892,0.6318014163099461,0.0402079401272078,0.006247073253002444,0.018652910414674984,0.010796293676322288,0.014930721512597889,-0.0004691199092308057,0.6310870780769655
1829,2018-05-11,0.6309448885185451,0.6256465320251492,0.6284930445545759,0.6310154522433531,0.0313873948571366,-0.0039045042025406262,-0.0054405460518163196,-0.003855927257713332,-0.0007859640665930367,-0.0088205452700712,0.6256465320251492
1830,2018-05-14,0.623136213995022,0.6225377786784383,0.6207815226135663,0.6192281640631603,0.0285781302844175,-0.007808674523523185,-0.003108753346710902,-0.007711521941009547,-0.011787288180192812,-0.0028092645727190967,0.6225377786784383
1831,2018-05-15,0.629383314538577,0.6373047148818571,0.6346624736598191,0.626300687314421,0.0374859536771364,0.00624710054355504,0.014766936203418846,0.013880951046252754,0.007072523251260732,0.008907823392718898,0.6373047148818571
1832,2018-05-16,0.6129849307946186,0.614765830255926,0.6130700095438146,0.6105841744896245,0.0621529330904092,-0.01639838374395841,-0.02253888462593112,-0.02159246411600446,-0.01571651282479647,0.024666979413272803,0.614765830255926
1833,2018-05-17,0.623136171245622,0.6108797259332002,0.6215526371437513,0.6145131866459643,0.0403443121938447,0.010151240451003463,-0.0038861043227258474,0.008482627599936676,0.003929012156339784,-0.021808620896564504,0.6108797259332002
1834,2018-05-18,0.6176702159416262,0.6318642989415106,0.6308066772428429,0.6168708053792056,0.0526505274871537,-0.005465955303995851,0.02098457300831047,0.009254040099091587,0.0023576187332412513,0.012306215293309004,0.6318642989415106
1835,2018-05-21,0.6325067451880574,0.6349730522882217,0.631577784725718,0.6310155638755016,0.0287581414123782,0.014836529246431196,0.003108753346711013,0.0007711074828751219,0.01414475849629604,-0.023892386074775503,0.6349730522882217
1836,2018-05-22,0.6434389654771703,0.632641454750321,0.6369758903404307,0.6365163271026697,0.0235869126455089,0.010932220289112893,-0.002331597537900687,0.005398105614712656,0.005500763227168082,-0.005171228766869297,0.632641454750321
1837,2018-05-23,0.6278214470215391,0.6124341676622905,0.6207815209670637,0.6168706947973482,0.0445882109075833,-0.015617518455631196,-0.020207287088030434,-0.016194369373366935,-0.01964563230532146,0.021001298262074402,0.6124341676622905
1838,2018-05-24,0.6122040421170031,0.6015534008373323,0.6061295783474092,0.6074408679874377,0.039967925289927,-0.015617404904536003,-0.010880766824958199,-0.014651942619654523,-0.009429826809910558,-0.004620285617656303,0.6015534008373323
1839,2018-05-25,0.5950247716333771,0.596112919841251,0.593790987489812,0.5940818085226078,0.0506704050795867,-0.017179270483625997,-0.005440480996081298,-0.012338590857597254,-0.013359059464829848,0.0107024797896597,0.596112919841251
1840,2018-05-28,0.5903395993761842,0.5759057628646903,0.5829948491089555,0.5712930162387162,0.0540415225668495,-0.004685172257192893,-0.020207156976560725,-0.010796138380856468,-0.022788792283891635,0.0033711174872627994,0.5759057628646903
1841,2018-05-29,0.5872161503216113,0.5774602045937806,0.582994889704236,0.5799371050098323,0.0336839004593011,-0.0031234490545728466,0.0015544417290902501,4.059528047051231e-08,0.00864408877111611,-0.0203576221075484,0.5774602045937806
1842,2018-05-30,0.5700369996392908,0.5564758267526747,0.5629448455472137,0.5602915835538879,0.052999639977744,-0.017179150682320565,-0.02098437784110585,-0.020050044157022273,-0.019645521455944448,0.019315739518442898,0.5564758267526747
1843,2018-05-31,0.577064761140379,0.5681337493864431,0.5714274850753799,0.572078832896434,0.0588254546644701,0.007027761501088192,0.011657922633768414,0.008482639528166191,0.011787249342546158,0.005825814686726105,0.5681337493864431
1844,2018-06-01,0.5762838652213875,0.5797917370759464,0.5814525050218233,0.5760079223298291,0.0591363829764021,-0.0007808959189914422,0.011657987689503324,0.010025019946443448,0.003929089433395094,0.0003109283119319961,0.5797917370759464
1845,2018-06-04,0.5762838759554734,0.5852321530162928,0.58222367303501,0.5767937556141077,0.0384078288476014,1.0734085842400987e-08,0.005440415940346388,0.0007711680131866627,0.0007858332842786142,-0.020728554128800702,0.5852321530162928
1846,2018-06-05,0.5840925420019195,0.5704652818686089,0.5768255149237967,0.5720787629265941,0.0426517275613401,0.007808666046446144,-0.014766871147683935,-0.005398158111213247,-0.0047149926875136305,0.004243898713738703,0.5704652818686089
1847,2018-06-06,0.5770647285405275,0.5844549321517477,0.5799101815129316,0.5791512033326516,0.0325001909208932,-0.0070278134613920296,0.01398965028313881,0.0030846665891348657,0.007072440406057479,-0.0101515366404469,0.5844549321517477
1848,2018-06-07,0.5809691107193391,0.5852321530162928,0.5829948302178378,0.5783654007247728,0.0354731019735765,0.003904382178811616,0.0007772208645451251,0.003084648704906212,-0.0007858026078787494,0.002972911052683297,0.5852321530162928
1849,2018-06-08,0.5794073845729215,0.5759057628646903,0.5768255914464269,0.5767937743042885,0.0547288377826993,-0.0015617261464175858,-0.009326390151602526,-0.0061692387714109564,-0.0015716264204843622,0.0192557358091228,0.5759057628646903
1850,2018-06-11,0.5762838561067783,0.5844549321517477,0.5837659672942676,0.5767937357478512,0.0299363960681205,-0.003123528466143166,0.008549169287057401,0.006940375847840685,-3.855643726513591e-08,-0.024792441714578797,0.5844549321517477
1851,2018-06-12,0.5872162357024079,0.5883411015302085,0.585308446592182,0.5846521258308973,0.0401206620045602,0.010932379595629538,0.0038861693784607576,0.0015424792979144009,0.007858390083046118,0.010184265936439701,0.5883411015302085
1852,2018-06-13,0.5872160701792647,0.5844549321517477,0.5814524958254659,0.5830803159739857,0.0264943651062065,-1.6552314319184802e-07,-0.0038861693784607576,-0.0038559507667160764,-0.0015718098569116323,-0.0136262968983537,0.5844549321517477
1853,2018-06-14,0.5856544052409687,0.5774602045937806,0.5799102606581817,0.5815087502808616,0.0329474912994621,-0.0015616649382960146,-0.006994727557967151,-0.001542235167284134,-0.0015715656931241107,0.0064531261932556025,0.5774602045937806
1854,2018-06-15,0.5879970233000463,0.5875638156099284,0.585308361924887,0.5877953318029425,0.0633748268074753,0.00234261805907765,0.010103611016147873,0.0053981012667052575,0.006286581522080947,0.0304273355080132,0.5875638156099284
1855,2018-06-18,0.5809690408074926,0.5650248659282624,0.576825503341988,0.569721284057785,0.0357676656375121,-0.007027982492553764,-0.022538949681666032,-0.008482858582898989,-0.01807404774515753,-0.0276071611699632,0.5650248659282624
1856,2018-06-19,0.5676943870451298,0.554144229214774,0.5668006373649201,0.560291588698491,0.0425371750253652,-0.01327465376236281,-0.010880636713488379,-0.010024865977067865,-0.009429695359293944,0.006769509387853097,0.554144229214774
1857,2018-06-20,0.5512959967863655,0.5440405531428913,0.5444370101556236,0.5382884890406539,0.0464428710138444,-0.016398390258764217,-0.010103676071882672,-0.02236362720929652,-0.0220030996578372,0.003905695988479202,0.5440405531428913
1858,2018-06-21,0.5442680255691561,0.5494808389717681,0.5475215198326258,0.5453607737412877,0.0357949400508395,-0.007027971217209439,0.00544028582887679,0.003084509677002134,0.007072284700633813,-0.010647930963004905,0.5494808389717681
1859,2018-06-22,0.5411447572424399,0.5556986709438644,0.5544621599641352,0.5422177054770138,0.0512977165861162,-0.0031232683267161665,0.006217831972096244,0.006940640131509412,-0.003143068264273907,0.0155027765352767,0.5556986709438644
1860,2018-06-25,0.5708178774827921,0.554144229214774,0.5691141093541648,0.5579341205833501,0.0446045755555798,0.02967312024035218,-0.0015544417290903612,0.014651949390029673,0.015716415106336368,-0.0066931410305363995,0.554144229214774
1861,2018-06-26,0.5458299092811377,0.5448177740074365,0.5413524011495566,0.5398601541558029,0.0265434590501958,-0.024987968201654387,-0.009326455207337547,-0.027761708204608215,-0.018073966427547217,-0.018061116505383997,0.5448177740074365
1862,2018-06-27,0.5575428375487613,0.6186516743557124,0.648543075191182,0.5422174665591268,0.3444758403246746,0.011712928267623601,0.07383390034827597,0.10719067404162541,0.00235731240332393,0.3179323812744788,0.6186516743557124
1863,2018-06-28,0.6246980344345542,0.6279782596745197,0.6369759002305017,0.5964393824346597,0.2129804387907616,0.06715519688579286,0.009326585318807257,-0.011567174960680382,0.05422191587553282,-0.131495401533913,0.6279782596745197
1864,2018-06-29,0.6254787381777981,0.6139884792799111,0.6176968019257972,0.6011541560289303,0.0825269198459541,0.0007807037432439046,-0.01398978039460863,-0.019279098304704423,0.004714773594270638,-0.1304535189448075,0.6139884792799111
1865,2018-07-02,0.6192319461280816,0.5984446474906214,0.6153835162065301,0.6019401598528816,0.0503540218849892,-0.006246792049716454,-0.015543831789289642,-0.002313285719267144,0.0007860038239513312,-0.032172897960964904,0.5984446474906214
1866,2018-07-03,0.5989291071736775,0.6101025050686549,0.6053583176264414,0.6003683619650543,0.0399842899379234,-0.0203028389544041,0.011657857578033504,-0.010025198580088657,-0.001571797887827353,-0.010369731947065801,0.6101025050686549
1867,2018-07-04,0.6114230853199525,0.6108797259332002,0.6130699088452632,0.6090124292207446,0.0407752479244171,0.012493978146274953,0.0007772208645452361,0.007711591218821812,0.008644067255690335,0.0007909579864937011,0.6108797259332002
1868,2018-07-05,0.6082997043054994,0.5898954131478291,0.6038161311942549,0.5956535532110695,0.054150620220159,-0.003123381014453086,-0.02098431278537105,-0.009253777651008321,-0.013358876009675114,0.0133753722957419,0.5898954131478291
1869,2018-07-06,0.5887778353257818,0.5852321530162928,0.5891640876804605,0.5877952713887636,0.0558525436117869,-0.019521868979717638,-0.004663260131536284,-0.014652043513794455,-0.007858281822305857,0.0017019233916279047,0.5852321530162928
1870,2018-07-09,0.5919012461600358,0.59222688057426,0.5930197944369703,0.5932959500816004,0.0340002836538986,0.003123410834254048,0.006994727557967151,0.0038557067565098135,0.005500678692836769,-0.021852259957888302,0.59222688057426
1871,2018-07-10,0.5997099614318485,0.6668381318985508,0.6924990481677257,0.6011541662737194,0.2947436750635493,0.007808715271812705,0.0746112513242908,0.09947925373075539,0.007858216192119016,0.2607433914096507,0.6668381318985508
1872,2018-07-11,0.6918530197073949,0.7266827072423622,0.7403109164624411,0.6844514650618059,0.2834029740020292,0.09214305827554636,0.05984457534381138,0.0478118682947154,0.08329729878808645,-0.011340701061520131,0.7266827072423622
1873,2018-07-12,0.7387052710647393,0.743003824951932,0.7433954470542706,0.734744012942536,0.1587861795092787,0.04685225135734439,0.016321117709569788,0.0030845305918295596,0.05029254788073012,-0.12461679449275048,0.743003824951932
1874,2018-07-13,0.7496375024564608,0.7336774348003293,0.7588186074086122,0.7402447881100404,0.1157417003960244,0.010932231391721503,-0.009326390151602637,0.015423160354341547,0.005500775167504357,-0.043044479113254305,0.7336774348003293
1875,2018-07-16,0.7371435440821864,0.7336774348003293,0.7279723225546035,0.741816433095412,0.0,-0.012493958374274361,0.0,-0.030846284854008643,0.0015716449853716563,-0.1157417003960244,0.7336774348003293
1876,2018-07-17,0.734800926815802,0.711138615230133,0.7295146367266082,0.7127410007969666,0.092874832262358,-0.002342617266384406,-0.022538819570196322,0.0015423141720046774,-0.029075432298445447,0.092874832262358,0.711138615230133
1877,2018-07-18,0.741828840962134,0.7461127084101127,0.7495647850936585,0.7433881407017293,0.1236949193222853,0.0070279141463319705,0.03497409317997968,0.020050148367050324,0.030647139904762755,0.030820087059927295,0.7461127084101127
1878,2018-07-19,0.7574462442149205,0.7694286837891192,0.7788687108409641,0.7622478357924576,0.1139852281777419,0.015617403252786488,0.023315975379006537,0.02930392574730556,0.018859695090728268,-0.009709691144543398,0.7694286837891192
1879,2018-07-20,0.7808725031263358,0.7702059697093993,0.7788687970291608,0.7693203235241738,0.0610510467919835,0.023426258911415365,0.0007772859202800353,8.618819669070632e-08,0.007072487731716204,-0.0529341813857584,0.7702059697093993
1880,2018-07-23,0.7629124596532874,0.758547982019896,0.7588187331543904,0.759104653727659,0.0446754890302309,-0.01796004347304847,-0.011657987689503213,-0.020050063874770374,-0.010215669796514781,-0.016375557761752597,0.758547982019896
1881,2018-07-24,0.773063733005831,0.7709831255182096,0.7742418085225194,0.7724635688622727,0.0614165239305702,0.010151273352543622,0.012435143498313539,0.015423075368129036,0.013358915134613736,0.016741034900339298,0.7709831255182096
1882,2018-07-25,0.7824341993529069,0.783418334072258,0.7804110628251714,0.7842509039948273,0.0436008771451326,0.009370466347075945,0.01243520855404845,0.006169254302651916,0.011787335132554588,-0.0178156467854376,0.783418334072258
1883,2018-07-26,0.7902430303121386,0.8051800628893789,0.8066305154546756,0.7936808814616787,0.0708916551204983,0.007808830959231683,0.021761728817120907,0.026219452629504203,0.00942997746685137,0.027290777975365707,0.8051800628893789
1884,2018-07-27,0.8058604202234094,0.7927447892795956,0.8050881396716352,0.7952524662975041,0.0497921689704454,0.015617389911270818,-0.01243527360978336,-0.001542375783040395,0.0015715848358254236,-0.0210994861500529,0.7927447892795956
1885,2018-07-30,0.7886813201704698,0.7787552691079265,0.7850381464152449,0.7842510443837732,0.0459737511046137,-0.017179100052939655,-0.013989520171669101,-0.02004999325639023,-0.01100142191373088,-0.0038184178658317025,0.7787552691079265
1886,2018-07-31,0.7793107342373371,0.7818639573989026,0.7804110875622561,0.7763927031136091,0.0642639726819476,-0.009370585933132669,0.0031086882909761027,-0.0046270588529888634,-0.00785834127016416,0.0182902215773339,0.7818639573989026
1887,2018-08-01,0.7824342547153782,0.7880815942037942,0.7834957469695693,0.7811076690670616,0.0388114901648465,0.0031235204780410974,0.006217636804891624,0.003084659407313173,0.0047149659534525545,-0.025452482517101097,0.7880815942037942
1888,2018-08-02,0.782434243278999,0.7725375672472999,0.780411106637684,0.7763927220908166,0.0515268216580661,-1.1436379176998912e-08,-0.015544026956494261,-0.003084640331885269,-0.004714946976245082,0.0127153314932196,0.7725375672472999
1889,2018-08-03,0.7871194840784191,0.7803095807255471,0.780411112397895,0.7834651312124531,0.0300127644254372,0.004685240799420121,0.007772013478247186,5.760210974870006e-09,0.007072409121636536,-0.021514057232628902,0.7803095807255471
1890,2018-08-06,0.780091597352297,0.7865271524747038,0.7834957069617511,0.7826792743103237,0.0310000981878879,-0.00702788672612209,0.006217571749156714,0.0030845945638561245,-0.0007858569021294004,0.0009873337624506998,0.7865271524747038
1891,2018-08-07,0.7902428542365875,0.8082886861246201,0.8020033930754394,0.7936807046201335,0.0390624147674583,0.010151256884290416,0.021761533649916287,0.01850768611368836,0.011001430309809823,0.008062316579570402,0.8082886861246201
1892,2018-08-08,0.8167925904970934,0.8036255561045537,0.8189689248174462,0.8062539384774559,0.0555252506518584,0.02654973626050594,-0.004663130020066464,0.016965531742006768,0.012573233857322341,0.016462835884400097,0.8036255561045537
1893,2018-08-09,0.7918047552748072,0.7942992310086859,0.7942919787460441,0.7873942801781281,0.0434426855478338,-0.024987835222286203,-0.009326325095867727,-0.02467694607140214,-0.018859658299327786,-0.012082565104024598,0.7942992310086859
1894,2018-08-10,0.8292865561181233,0.8113975695828008,0.8359343891226297,0.8156838153013185,0.0815995897928235,0.03748180084331609,0.017098338574114913,0.04164241037658567,0.028289535123190435,0.0381569042449897,0.8113975695828008
1895,2018-08-13,0.8199161056675617,0.8020711794311982,0.8189689501288245,0.8062539633958598,0.0573308168141303,-0.009370450450561618,-0.009326390151602637,-0.016965438993805204,-0.009429851905458753,-0.024268772978693204,0.8020711794311982
1896,2018-08-14,0.8042986619208486,0.8098431929094454,0.8050881263564506,0.799967388637944,0.0416534840335584,-0.015617443746713033,0.007772013478247186,-0.013880823772373985,-0.006286574757915719,-0.0156773327805719,0.8098431929094454
1897,2018-08-15,0.8277248602777455,0.7880815942037942,0.8220536085330322,0.7826793142764521,0.1009535134899248,0.023426198356896855,-0.021761598705651197,0.01696548217658167,-0.017288074361491934,0.05930002945636641,0.7880815942037942
1898,2018-08-16,0.7707211670699385,0.7880815942037942,0.7865803758946461,0.7724636204154142,0.0511613445194793,-0.05700369320780696,0.0,-0.03547323263838609,-0.010215693861037933,-0.049792168970445506,0.7880815942037942
1899,2018-08-17,0.7871195400737506,0.8051800628893789,0.7989189426491815,0.7905375908420286,0.0429244716946138,0.016398373003812083,0.017098468685584733,0.012338566754535374,0.018073970426614405,-0.008236872824865495,0.8051800628893789
1900,2018-08-20,0.8089838968446593,0.8098431929094454,0.8081727551930654,0.8078256144595348,0.0456464581446853,0.0218643567709087,0.004663130020066464,0.00925381254388391,0.017288023617506254,0.0027219864500714966,0.8098431929094454
1901,2018-08-21,0.8105456108374598,0.8036255561045537,0.8127996673800266,0.8109688737901896,0.053632406366939,0.001561713992800473,-0.006217636804891735,0.004626912186961207,0.003143259330654735,0.007985948222253701,0.8036255561045537
1902,2018-08-22,0.8074220907741595,0.8300503498860061,0.8297650942628253,0.8031106181969241,0.0569217006142197,-0.0031235200633003,0.02642479378145246,0.016965426882798673,-0.007858255593265473,0.003289294247280701,0.8300503498860061
1903,2018-08-23,0.8417806652207609,0.834713740129012,0.8405614817074836,0.8329720597014322,0.0473429266536476,0.0343585744466014,0.004663390243005883,0.010796387444658273,0.02986144150450809,-0.0095787739605721,0.834713740129012
1904,2018-08-24,0.8464657499377026,0.8440400001691449,0.8575267899378214,0.8486883623653136,0.0569544299102126,0.004685084716941734,0.009326260040132928,0.016965308230337817,0.015716302663881465,0.009611503256564999,0.8440400001691449
1905,2018-08-27,0.8589596967983664,0.8611384037989946,0.8559844630628821,0.8581182205225432,0.0354403726775837,0.01249394686066374,0.017098403629849712,-0.0015423268749392705,0.00942985815722952,-0.0215140572326289,0.8611384037989946
1906,2018-08-28,0.8745771458310639,0.8611384037989946,0.8667806634979095,0.8644048008926718,0.0396842713913223,0.015617449032697572,0.0,0.010796200435027381,0.006286580370128636,0.004243898713738599,0.8611384037989946
1907,2018-08-29,0.8698919481235605,0.8751280540821336,0.8714076436082712,0.8691197731397283,0.0391660575381023,-0.004685197707503419,0.013989650283138921,0.004626980110361667,0.004714972247056526,-0.0005182138532199981,0.8751280540821336
1908,2018-08-30,0.8870712042298138,0.8875633276919168,0.8868308491658238,0.8911228670912766,0.1301044064542171,0.01717925610625326,0.012435273609783248,0.01542320555755261,0.022003093951548314,0.09093834891611478,0.8875633276919168
1909,2018-08-31,0.890194683452631,0.8720193007354226,0.8837462092715221,0.8801213394044007,0.0595454991763127,0.0031234792228171937,-0.015544026956494261,-0.003084639894301633,-0.0110015276868759,-0.07055890727790438,0.8720193007354226
1910,2018-09-03,0.8698920173341829,0.8626929105838199,0.8667807693309575,0.8659765517200576,0.0345839560991043,-0.02030266611844811,-0.009326390151602637,-0.016965439940564653,-0.01414478768434313,-0.024961543077208402,0.8626929105838199
1911,2018-09-04,0.8714536529787765,0.8735736123530432,0.8714076034959056,0.8659764429585989,0.037769607575741,0.0015616356445936619,0.010880701769223289,0.004626834164948135,-1.087614587280683e-07,0.0031856514766367,0.8735736123530432
1912,2018-09-05,0.8730154823014558,0.8642472872571754,0.863696115307192,0.8628332362247154,0.039335158900732,0.0015618293226792312,-0.009326325095867838,-0.007711488188713589,-0.0031432067338834635,0.0015655513249909978,0.8642472872571754
1913,2018-09-06,0.8527126439763869,0.8658015338190611,0.8606113322194299,0.8549748569343582,0.0377968819890684,-0.02030283832506885,0.0015542465618857415,-0.0030847830877621663,-0.007858379290357265,-0.001538276911663597,0.8658015338190611
1914,2018-09-07,0.8558362410827368,0.8549208320498379,0.8498152395225106,0.8486883837735366,0.0509486040955259,0.003123597106349907,-0.010880701769223178,-0.01079609269691928,-0.006286473160821537,0.0131517221064575,0.8549208320498379
1915,2018-09-10,0.858959721557916,0.8595840271256392,0.8636960596982621,0.8549749549821676,0.0394115272580486,0.0031234804751791856,0.004663195075801263,0.01388082017575154,0.006286571208630964,-0.011537076837477303,0.8595840271256392
1916,2018-09-11,0.8636450078588169,0.8766824958112238,0.879119255999442,0.8675481677734366,0.0427990093933079,0.004685286300900926,0.017098468685584622,0.015423196301179831,0.012573212791268995,0.003387482135259301,0.8766824958112238
1917,2018-09-12,0.8855092841293248,0.8658015338190611,0.8791191028047938,0.8659763716375576,0.0402406694232007,0.02186427627050791,-0.010880961992162708,-1.5319464818919215e-07,-0.001571796135878989,-0.0025583399701071957,0.8658015338190611
1918,2018-09-13,0.8745771550717606,0.8891176393095375,0.8852884450261131,0.8801212611172682,0.0360185902401239,-0.010932129057564244,0.023316105490476358,0.006169342221319374,0.014144889479710598,-0.0042220791830768,0.8891176393095375
1919,2018-09-14,0.8964415653377835,0.8984440294611401,0.8991692556361263,0.8926944034573947,0.0432081255932184,0.021864410266022927,0.009326390151602637,0.013880810610013117,0.01257314234012652,0.007189535353094495,0.8984440294611401
1920,2018-09-17,0.902688544887176,0.8984440294611401,0.8914576839754391,0.9084108542224898,0.0,0.006246979549392462,0.0,-0.007711571660687144,0.01571645076509509,-0.0432081255932184,0.8984440294611401
1921,2018-09-18,0.902688411960244,0.9233143164577672,0.93001540532786,0.9084107204529096,0.0488375645039875,-1.3292693201716332e-07,0.024870286996627078,0.03855772135242086,-1.3376958019062357e-07,0.0488375645039875,0.9233143164577672
1922,2018-09-19,0.941732274973804,0.952848188864605,0.9546926809809938,0.944558799208996,0.0463774124218588,0.03904386301356,0.029533872406837802,0.024677275653133823,0.03614807875608639,-0.0024601520821287,0.952848188864605
1923,2018-09-20,0.9682818022491168,0.945076045274888,0.9608618012287972,0.9461303087904648,0.0532287450496939,0.02654952727531279,-0.007772143589717007,0.006169120247803361,0.0015715095814687885,0.006851332627835105,0.945076045274888
1924,2018-09-21,0.941732151765204,0.9279776416450384,0.9315578414706992,0.928842225120936,0.0637021197674038,-0.02654965048391278,-0.0170984036298496,-0.029303959758097964,-0.01728808366952883,0.010473374717709892,0.9279776416450384
1925,2018-09-24,0.932361682593411,0.9279776416450384,0.9207616413212044,0.9382720954267324,0.0,-0.009370469171792961,0.0,-0.010796200149494783,0.00942987030579645,-0.0637021197674038,0.9279776416450384
1926,2018-09-25,0.9479789811040956,0.9373039016851712,0.9408115783390846,0.9382719468548348,0.0516795583726994,0.015617298510684607,0.009326260040132817,0.02004993701788016,-1.4857189756245504e-07,0.0516795583726994,0.9373039016851712
1927,2018-09-26,0.9574802407801992,0.9749216647632444,0.97045104539669,0.9603803128016688,0.0438681663957408,0.009501259676103602,0.037617763078073185,0.02963946705760545,0.022108365946833963,-0.007811391976958598,0.9749216647632444
1928,2018-09-27,0.9748031644580492,0.9420063904248368,0.962675084603311,0.9508716849889026,0.0459301120432899,0.017322923677849933,-0.032915274338407574,-0.007775960793379055,-0.00950862781276618,0.0020619456475491,0.9420063904248368
1929,2018-09-28,0.9574803295484556,0.9420063904248368,0.953343823686316,0.9524564711305508,0.0551052246866169,-0.01732283490959352,0.0,-0.009331260916994988,0.0015847861416481424,0.009175112643326995,0.9420063904248368
1930,2018-10-01,0.9464565291868328,0.959247591392736,0.9548988541036684,0.9524562918548212,0.0336511711633082,-0.01102380036162287,0.017241200967899162,0.0015550304173523877,-1.7927572959486326e-07,-0.021454053523308696,0.959247591392736
1931,2018-10-02,0.977952645362,1.0,0.9937791601866252,0.984152067725058,0.0637348490633966,0.03149611617516723,0.040752408607264035,0.038880306082956784,0.031695775870236864,0.030083677900088403,1.0
1932,2018-10-03,1.0,0.9733543419986488,0.9953344826482352,0.9825673928518228,0.0470701825203739,0.022047354638000005,-0.026645658001351213,0.0015553224616100536,-0.0015846748732352145,-0.016664666543022705,0.9733543419986488
1933,2018-10-04,0.999999886964364,1.0,1.0,0.9968303552319832,0.0511286152234865,-1.1303563596243293e-07,0.026645658001351213,0.004665517351764792,0.014262962380160338,0.004058432703112604,1.0
1934,2018-10-05,0.985826732078165,0.9890282852576874,0.992224022557766,0.9889064976228208,0.0353476396722706,-0.01417315488619908,-0.010971714742312622,-0.007775977442234017,-0.007923857609162366,-0.015780975551215902,0.9890282852576874
1935,2018-10-08,0.9937007475100992,0.9890282852576874,0.9813375520908312,1.0,0.0,0.007874015431934223,0.0,-0.010886470466934806,0.01109350237717921,-0.0353476396722706,0.9890282852576874
1936,2018-10-09,0.9921259712267176,0.965517337841262,0.97978236849366,0.9730586633718816,0.045275526123433,-0.0015747762833815404,-0.023510947416425343,-0.001555183597171217,-0.026941336628118373,0.045275526123433,0.965517337841262
1937,2018-10-10,0.9937007660803476,0.9764891176393096,0.998444881483492,0.974643441351982,0.0456137288486924,0.0015747948536299905,0.010971779798047532,0.018662512989832014,0.0015847779801003714,0.00033820272525939693,0.9764891176393096
1938,2018-10-11,0.9322833909839472,0.9357367090320456,0.9455676838843426,0.9270998055653662,0.0556561678358298,-0.06141737509640044,-0.040752408607263924,-0.05287719759914933,-0.0475436357866158,0.0100424389871374,0.9357367090320456
1939,2018-10-12,0.9354330955620174,0.9404390026045064,0.9393469427984752,0.9350238340118056,0.046530149136492,0.0031497045780701782,0.0047022935724607695,-0.006220741085867454,0.007924028446439357,-0.009126018699337803,0.9404390026045064
1940,2018-10-15,0.9385826449003076,0.929467157750724,0.9315708353295764,0.9286846329319336,0.0422153369481022,0.0031495493382902584,-0.010971844853782442,-0.007776107468898785,-0.006339201079871959,-0.004314812188389798,0.929467157750724
1941,2018-10-16,0.9417322540769087,0.8996865939972423,0.9455677290084756,0.8541996906779641,0.2348927024579701,0.0031496091766011203,-0.029780563753481704,0.013996893678899225,-0.07448494225396951,0.1926773655098679,0.8996865939972423
1942,2018-10-17,0.9118109951681108,0.8996865939972423,0.9222395777993848,0.9033280587874574,0.0926348174250771,-0.029921258908797932,0.0,-0.02332815120909082,0.04912836810949328,-0.142257885032893,0.8996865939972423
1943,2018-10-18,0.8944882607178813,0.8463951478830701,0.8849146344531071,0.8526149995996835,0.0968732612561503,-0.01732273445022947,-0.053291446114172136,-0.03732494334627767,-0.05071305918777391,0.004238443831073191,0.8463951478830701
1944,2018-10-19,0.8267715425007541,0.8244513931197706,0.82270604781741,0.8240886704193086,0.1037791427106402,-0.06771671821712721,-0.021943754763299572,-0.06220858663569717,-0.0285263291803749,0.006905881454489907,0.8244513931197706
1945,2018-10-22,0.815748133104981,0.7931036367131631,0.8149302091752806,0.7987323027109218,0.0958477433150413,-0.011023409395773176,-0.031347756406607474,-0.007775838642129385,-0.025356367708386784,-0.007931399395598906,0.7931036367131631
1946,2018-10-23,0.78897636759458,0.7899687309610326,0.7916019453385286,0.790808262251741,0.0732208900186557,-0.026771765510400947,-0.00313490575213049,-0.023328263836752017,-0.007924040459180826,-0.0226268532963856,0.7899687309610326
1947,2018-10-24,0.777952712316261,0.7852665024443066,0.780715441083161,0.7686212239225251,0.080764992745006,-0.011023655278319056,-0.00470222851672597,-0.010886504255367524,-0.02218703832921587,0.007544102726350296,0.7852665024443066
1948,2018-10-25,0.7708661374300304,0.769592559185268,0.7721618248074668,0.7654516904818852,0.0856416578479396,-0.0070865748862305455,-0.015673943259038592,-0.008553616275694287,-0.00316953344063986,0.004876665102933608,0.769592559185268
1949,2018-10-26,0.7787401083057752,0.7664577184888723,0.7776050154660709,0.7654516464184972,0.0747428022823229,0.007873970875744818,-0.003134840696395691,0.005443190658604102,-4.4063388049409014e-08,-0.010898855565616705,0.7664577184888723
1950,2018-10-29,0.785826782220723,0.7868339553203718,0.7884915460759121,0.7828843525740644,0.0681260296091031,0.007086673914947772,0.020376236831499472,0.010886530609841238,0.017432706155567246,-0.006616772673219792,0.7868339553203718
1951,2018-10-30,0.7732284323861363,0.7946710245334935,0.7900468334005213,0.7670365661127596,0.107690293581785,-0.012598349834586742,0.007837069213121661,0.0015552873246091892,-0.015847786461304803,0.039564263972681896,0.7946710245334935
1952,2018-10-31,0.7984250726105763,0.8072099969846667,0.8040435116501966,0.7908081495793893,0.0815832251448271,0.025196640224440014,0.012538972451173191,0.01399667824967532,0.023771583466629664,-0.026107068436957898,0.8072099969846667
1953,2018-11-01,0.8110235873553434,0.7836991146239762,0.8009331822457227,0.789223452757074,0.0720208158322514,0.012598514744767142,-0.023510882360690433,-0.003110329404473866,-0.0015846968223153235,-0.00956240931257571,0.7836991146239762
1954,2018-11-02,0.7763779245809884,0.8025078985794104,0.7978227672945711,0.7797147415154356,0.0564689453529854,-0.03464566277435499,0.018808783955434172,-0.0031104149511516077,-0.009508711241638323,-0.015551870479265997,0.8025078985794104
1955,2018-11-05,0.7968503938066697,0.7884013431407022,0.7978227963537375,0.795562631092187,0.0625947785863126,0.020472469225681245,-0.014106555438708201,2.905916640649764e-08,0.015847889576751317,0.006125833233327202,0.7884013431407022
1956,2018-11-06,0.8031495563790667,0.8056426742200712,0.8087092168859819,0.8050712976519008,0.0471683704083525,0.0062991625723970435,0.017241331079368982,0.010886420532244312,0.00950866655971383,-0.0154264081779601,0.8056426742200712
1957,2018-11-07,0.7999998669895604,0.7586206492757508,0.7947122438581472,0.7614896028525581,0.1000043639061323,-0.003149689389506327,-0.047022024944320395,-0.013996973027834647,-0.04358169479934271,0.052835993497779794,0.7586206492757508
1958,2018-11-08,0.7795275554619455,0.8181819068941839,0.8149301039118846,0.7836767314929057,0.080972278286294,-0.02047231152761486,0.05956125761843312,0.02021786005373738,0.022187128640347664,-0.019032085619838296,0.8181819068941839
1959,2018-11-09,0.815748089477855,0.7656741221623095,0.8055989041538231,0.7733756803114781,0.0794558209052923,0.03622053401590952,-0.05250778473187445,-0.009331199758061515,-0.010301051181427656,-0.0015164573810017012,0.7656741221623095
1960,2018-11-12,0.766929030536901,0.7499999837360662,0.7651632804523475,0.7535656973516014,0.0640348676099977,-0.04881905894095406,-0.01567413842624321,-0.040435623701475576,-0.019809982959876682,-0.015420953295294595,0.7499999837360662
1961,2018-11-13,0.7314958924247538,0.7311911347248972,0.7301709853717931,0.725039479695704,0.0618638243091391,-0.03543313811214721,-0.018808849011169082,-0.03499229508055435,-0.028526217655897357,-0.0021710433008585994,0.7311911347248972
1962,2018-11-14,0.7133858428038984,0.7178684358356914,0.716951885644943,0.7036450519846409,0.0658786179509278,-0.018110049620855384,-0.013322698889205786,-0.013219099726850092,-0.021394427711063146,0.004014793641788694,0.7178684358356914
1963,2018-11-15,0.7322834264512565,0.7014107010828853,0.7379471678654452,0.7052297855812896,0.0590327402057581,0.018897583647358163,-0.016457734752806097,0.020995282220502176,0.0015847335966486797,-0.006845877745169697,0.7014107010828853
1964,2018-11-16,0.7094488132606308,0.6724138637674362,0.7060653930184682,0.6711569154297408,0.1063102082674201,-0.02283461319062574,-0.02899683731544911,-0.03188177484697707,-0.034072870151548806,0.047277468061662005,0.6724138637674362
1965,2018-11-19,0.6740156745477818,0.6481191248572433,0.6664074676813371,0.6465926654472443,0.0834433401337537,-0.03543313871284903,-0.024294738910192848,-0.039657925337131084,-0.02456424998249651,-0.02286686813366641,0.6481191248572433
1966,2018-11-20,0.6472440588813754,0.6379310714972285,0.6454121680861792,0.6402535562489424,0.0857125713225908,-0.0267716156664064,-0.010188053360014826,-0.02099529959515789,-0.006339109198301829,0.002269231188837109,0.6379310714972285
1967,2018-11-21,0.6173228932179768,0.6238245811142551,0.6220841106792043,0.6156894650672181,0.0697788590567417,-0.02992116566339853,-0.014106490382973402,-0.023328057406974856,-0.024564091181724312,-0.01593371226584911,0.6238245811142551
1968,2018-11-22,0.6275589065644147,0.61050149189064,0.6244167190389668,0.6141044751635828,0.0435354185531469,0.010236013346437867,-0.013323089223615137,0.002332608359762456,-0.0015849899036353143,-0.02624344050359479,0.61050149189064
1969,2018-11-23,0.6133856815729977,0.61050149189064,0.6057542019070424,0.6172740466482981,0.0,-0.014173224991417044,0.0,-0.01866251713192435,0.0031695714847153056,-0.0435354185531469,0.61050149189064
1970,2018-11-26,0.5921258836957821,0.6042319406093185,0.6065318473611279,0.5927099072907329,0.0624256772236829,-0.021259797877215547,-0.0062695512813214505,0.0007776454540854294,-0.024564139357565185,0.0624256772236829,0.6042319406093185
1971,2018-11-27,0.6181102257318289,0.605015732103086,0.6143079905853338,0.6022187144321349,0.0631784510315183,0.025984342036046826,0.000783791493767505,0.007776143224205945,0.00950880714140201,0.000752773807835401,0.605015732103086
1972,2018-11-28,0.6094487980572363,0.6065831199234164,0.6057543245851321,0.6022187040579522,0.0548488452013397,-0.008661427674592659,0.0015673878203303904,-0.008553666000201687,-1.0374182735084503e-08,-0.008329605830178596,0.6065831199234164
1973,2018-11-29,0.6173227402686062,0.6026645527889881,0.6166407219303692,0.6085577760840644,0.0640130480793358,0.007873942211369944,-0.003918567134428286,0.010886397345237109,0.006339072026112169,0.009164202877996103,0.6026645527889881
1974,2018-11-30,0.6141731354140773,0.6473353984192107,0.6516329455082307,0.6109349558549825,0.1523057789026958,-0.0031496048545289757,0.04467084563022261,0.03499222357786147,0.002377179770918114,0.08829273082336,0.6473353984192107
1975,2018-12-03,0.6614173756445443,0.6684954267444777,0.6671851986705671,0.6529319325436022,0.0987279213624115,0.04724424023046703,0.021160028325266977,0.015552253162336438,0.04199697668861968,-0.05357785754028431,0.6684954267444777
1976,2018-12-04,0.6748031124833804,0.6379310714972285,0.6679627137181059,0.6450079143398999,0.0616838131811784,0.013385736838836149,-0.03056435524724921,0.0007775150475387571,-0.007924018203702254,-0.0370441081812331,0.6379310714972285
1977,2018-12-05,0.6204724892749236,0.6253919689345855,0.6290825462369665,0.6188590270892634,0.0511177054581555,-0.05433062320845683,-0.012539102562643012,-0.03888016748113943,-0.026148887250636466,-0.010566107723022904,0.6253919689345855
1978,2018-12-06,0.6291339179606676,0.6238245811142551,0.6321929774777414,0.6236133964065645,0.0612692420986024,0.008661428685744044,-0.0015673878203303904,0.0031104312407749246,0.00475436931730111,0.0101515366404469,0.6238245811142551
1979,2018-12-07,0.6220471631315782,0.5956112750696341,0.6150855260172123,0.592709930801594,0.0742518628424302,-0.007086754829089492,-0.028213306044621023,-0.017107451460529055,-0.030903465604970592,0.012982620743827798,0.5956112750696341
1980,2018-12-10,0.596850306000834,0.6120689447667053,0.6073094661915364,0.5942947067391635,0.0548270256706778,-0.025196857130744155,0.016457669697071187,-0.007776059825675974,0.0015847759375695603,-0.019424837171752397,0.6120689447667053
1981,2018-12-11,0.6039368924162392,0.5611284827994263,0.5972005754189815,0.5641837499730864,0.0971896444507478,0.0070865864154051605,-0.05094046196727897,-0.010108890772554835,-0.030110956766077113,0.042362618780070006,0.5611284827994263
1982,2018-12-12,0.5748031599796566,0.5775862826079673,0.5793157835586514,0.5760697641085342,0.0789212424040758,-0.02913373243658257,0.016457799808541007,-0.017884791860330096,0.011886014135447764,-0.018268402046672003,0.5775862826079673
1983,2018-12-13,0.5842519199815881,0.5815047196309258,0.5878693799913335,0.583993635798935,0.0855543797252921,0.009448760001931511,0.003918437022958465,0.008553596432682053,0.007923871690400874,0.006633137321216301,0.5815047196309258
1984,2018-12-14,0.584251940883602,0.5783699439902651,0.5824261658281092,0.5808240846065433,0.0731990704879938,2.0902013897483585e-08,-0.0031347756406606697,-0.0054432141632242415,-0.0031695511923917064,-0.012355309237298301,0.5783699439902651
1985,2018-12-17,0.5748031900546431,0.5634797271692591,0.5738725780347307,0.5641838975321211,0.0577235683660444,-0.009448750828958907,-0.014890216821005997,-0.008553587793378559,-0.016640187074422275,-0.015475502121949404,0.5634797271692591
1986,2018-12-18,0.5519684778428638,0.5783699439902651,0.5762053256056462,0.5515055428187642,0.0960550288563293,-0.02283471221177924,0.014890216821005997,0.0023327475709155054,-0.012678354713356876,0.0383314604902849,0.5783699439902651
1987,2018-12-19,0.5614172155055783,0.5611284827994263,0.5676515886143965,0.5435815343841816,0.1121032936581534,0.00944873766271448,-0.017241461190838803,-0.008553736991249727,-0.00792400843458263,0.0160482648018241,0.5611284827994263
1988,2018-12-20,0.558267585308427,0.5548588664623699,0.582426056456408,0.556259796488479,0.0726699468694428,-0.0031496301971513097,-0.006269616337056361,0.01477446784201153,0.012678262104297455,-0.039433346788710605,0.5548588664623699
1989,2018-12-21,0.5511811758797562,0.5391850858426686,0.5497668539791427,0.5348653859985638,0.0692170061421978,-0.007086409428670781,-0.015673780619701372,-0.03265920247726528,-0.021394410489915194,-0.003452940727244988,0.5391850858426686
1990,2018-12-24,0.5417323557218175,0.5391850858426686,0.5349923557816835,0.5451664971363139,0.0,-0.009448820157938687,0.0,-0.01477449819745924,0.010301111137750119,-0.0692170061421978,0.5391850858426686
1991,2018-12-25,0.5196849803698553,0.5148902818767408,0.5186625191833362,0.5071315000259233,0.0494430564798551,-0.022047375351962217,-0.024294803965927758,-0.016329836598347303,-0.0380349971103906,0.0494430564798551,0.5148902818767408
1992,2018-12-26,0.5251968803758955,0.5211599632695321,0.5287714740931344,0.5174326969036664,0.0451555187047926,0.005511900006040182,0.006269681392791271,0.01010895490979824,0.010301196877743113,-0.004287537775062501,0.5211599632695321
1993,2018-12-27,0.5787400959711071,0.5736677154735391,0.5785381065515466,0.5705229416651798,0.1093813072080819,0.05354321559521158,0.05250775220400705,0.049766632458412174,0.05309024476151336,0.0642257885032893,0.5736677154735391
1994,2018-12-28,0.5653543221256045,0.5658307763718872,0.5637636632535691,0.5499207744247713,0.0721735525468847,-0.013385773845502547,-0.007836939101651952,-0.014774443297977502,-0.02060216724040853,-0.03720775466119719,0.5658307763718872
1995,2018-12-31,0.5685039283770007,0.5658307763718872,0.5614308480952784,0.5721077797329752,0.0,0.003149606251396153,0.0,-0.0023328151582906465,0.022187005308203944,-0.0721735525468847,0.5658307763718872
1996,2019-01-04,0.5574803025405927,0.5713166662709109,0.5676516844886773,0.5586370939739769,0.0593436685176901,-0.011023625836408035,0.005485889899023766,0.006220836393398876,-0.013470685758998346,0.0593436685176901,0.5713166662709109
1997,2019-01-07,0.5952755839382124,0.5752351683496043,0.5956454728427254,0.5816164986623502,0.0888982227992275,0.037795281397619784,0.0039185020786933755,0.027993788354048088,0.02297940468837334,0.0295545542815374,0.5752351683496043
1998,2019-01-08,0.5850393722134735,0.5885580624060148,0.5909798512287989,0.5863708656156794,0.0661404523188706,-0.010236211724738986,0.013322894056410517,-0.004665621613926474,0.004754366953329203,-0.022757770480356904,0.5885580624060148
1999,2019-01-09,0.6023622049335515,0.6034483442827556,0.6018663201853247,0.5911252220338372,0.0847852412694603,0.017322832720078063,0.014890281876740796,0.010886468956525786,0.004754356418157801,0.0186447889505897,0.6034483442827556
2000,2019-01-10,0.6212598227756736,0.5916928380466755,0.615085586526236,0.5966719542772626,0.0989133873730376,0.018897617842122072,-0.011755506236080127,0.013219266340911306,0.00554673224342539,0.014128146103577308,0.5916928380466755
2001,2019-01-11,0.5984251154666728,0.5862068830919169,0.5917573736600271,0.5919175343886353,0.0516631937247029,-0.022834707309000835,-0.005485954954758565,-0.023328212866208897,-0.004754419888627348,-0.04725019364833471,0.5862068830919169
2002,2019-01-15,0.5889762879093335,0.6026645527889881,0.6010886230166147,0.5895403455814374,0.0699752348326987,-0.009448827557339223,0.016457669697071187,0.009331249356587579,-0.0023771888071978386,0.0183120411079958,0.6026645527889881
2003,2019-01-16,0.6165353742034984,0.5924764994289733,0.6096423124128321,0.5903327724043259,0.0801485910038075,0.027559086294164814,-0.010188053360014826,0.008553689396217368,0.0007924268228884923,0.010173356171108802,0.5924764994289733
2004,2019-01-17,0.5976377350373063,0.5830721074512561,0.5925349994775684,0.5871631973523254,0.0419044086361702,-0.018897639166192026,-0.009404391977717141,-0.017107312935263685,-0.0031695750520005506,-0.038244182367637304,0.5830721074512561
2005,2019-01-18,0.5944881700831857,0.5916928380466755,0.5933126454102631,0.589540416975144,0.0489139328613041,-0.003149564954120665,0.008620730595419346,0.0007776459326946927,0.0023772196228186715,0.007009524225133901,0.5916928380466755
2006,2019-01-21,0.6141732761858382,0.6253919689345855,0.6236393103609977,0.612519882125481,0.1051974122036634,0.019685106102652505,0.03369913088790999,0.03032666495073466,0.022979465150336997,0.0562834793423593,0.6253919689345855
2007,2019-01-22,0.6220472228232774,0.6065831199234164,0.621306425344699,0.6133122065011251,0.0715189666270278,0.007873946637439233,-0.018808849011169082,-0.0023328850162986914,0.0007923243756440268,-0.0336784455766356,0.6065831199234164
2008,2019-01-23,0.5944881596354546,0.5932602258670059,0.5987558701665231,0.5911251926536523,0.055623438539837,-0.027559063187822752,-0.013322894056410517,-0.022550555178175946,-0.022187013847472792,-0.015895528087190795,0.5932602258670059
2009,2019-01-24,0.5881888998218846,0.5956112750696341,0.5925349820797925,0.5895403589791255,0.0583781542859013,-0.006299259813570046,0.002351049202628186,-0.006220888086730603,-0.0015848336745267755,0.0027547157460642985,0.5956112750696341
2010,2019-01-25,0.5984251866957835,0.605015732103086,0.6034215198661,0.6022187144321349,0.06647865504413,0.010236286873898881,0.00940445703345194,0.010886537786307549,0.012678355453009438,0.008100500758228706,0.605015732103086
2011,2019-01-28,0.5984251948452805,0.5940439523050385,0.5995335027738212,0.599841543465004,0.0403279475458482,8.149496966147751e-09,-0.010971779798047532,-0.003888017092278817,-0.0023771709671309704,-0.0261507074982818,0.5940439523050385
2012,2019-01-29,0.588976411822682,0.5838558989450237,0.5855366472925247,0.5863708971961801,0.0454991763127175,-0.00944878302259844,-0.010188053360014826,-0.013996855481296477,-0.013470646268823883,0.005171228766869297,0.5838558989450237
2013,2019-01-30,0.5952756801900164,0.585423351821089,0.5964231743360014,0.5887481313082348,0.0456246386140234,0.00629926836733441,0.0015674528760653006,0.010886527043476701,0.0023772341120547047,0.0001254623013058967,0.585423351821089
2014,2019-01-31,0.5992124521693296,0.6010970999129229,0.5995333584484539,0.5974642204694497,0.0695933930461155,0.003936771979313192,0.015673748091833972,0.003110184112452452,0.008716089161214913,0.023968754432092107,0.6010970999129229
2015,2019-02-01,0.6031494928468096,0.590909046552908,0.5987557870921318,0.5958794680961939,0.0310710116625391,0.003937040677480019,-0.010188053360014937,-0.0007775713563220599,-0.0015847523732558377,-0.0385223813835764,0.590909046552908
2016,2019-02-04,0.6047245295678924,0.6144202541922729,0.6096424917179939,0.6069732035693635,0.0765265489139328,0.0015750367210827232,0.023511207639364873,0.010886704625862054,0.011093735473169608,0.0454555372513937,0.6144202541922729
2017,2019-02-05,0.6141732088276621,0.5916928380466755,0.6065319310878181,0.5974643473108314,0.060309182749479,0.009448679259769777,-0.022727416145597368,-0.003110560630175785,-0.009508856258532039,-0.0162173661644538,0.5916928380466755
2018,2019-02-06,0.5968504042969605,0.6018809564624252,0.5972007001913332,0.5919176253959472,0.0622402112130568,-0.017322804530701674,0.010188118415749736,-0.00933123089648491,-0.005546721914884256,0.0019310284635777955,0.6018809564624252
2019,2019-02-07,0.6047244662300282,0.580721123304363,0.598755955938869,0.5863709185339722,0.0463774124218588,0.007874061933067722,-0.021159833158062247,0.0015552557475357887,-0.005546706861975004,-0.015862798791198,0.580721123304363
2020,2019-02-08,0.5724410067935746,0.5603449515285983,0.5707621791237106,0.5602219531274367,0.0736572806318936,-0.03228345943645361,-0.020376171775764673,-0.027993776815158355,-0.02614896540653544,0.0272798682100348,0.5603449515285983
2021,2019-02-12,0.5685039984937564,0.5603449515285983,0.5629861276370116,0.5594295599829849,0.0555961641265096,-0.003937008299818134,0.0,-0.0077760514866990205,-0.0007923931444517862,-0.018061116505384,0.5603449515285983
2022,2019-02-13,0.568503889793405,0.5815047196309258,0.5777605149914826,0.5681457759400764,0.0664022866868133,-1.0870035138665912e-07,0.021159768102327448,0.014774387354471008,0.008716215957091489,0.010806122560303708,0.5815047196309258
2023,2019-02-14,0.592125883102343,0.5893416587325777,0.5909797481185521,0.5871631562329692,0.0745246069757039,0.023621993308937994,0.007836939101651952,0.013219233127069518,0.019017380292892794,0.008122320288890594,0.5893416587325777
2024,2019-02-15,0.5842519849218771,0.6057994585411186,0.6127528080991553,0.5871632730345888,0.1214475076641101,-0.00787389818046591,0.016457799808540896,0.021773059980603193,1.1680161959848334e-07,0.0469229006884062,0.6057994585411186
2025,2019-02-18,0.623622056008273,0.6410659121936241,0.6407465822096423,0.6259905252111255,0.0897055454337177,0.0393700710863959,0.03526645365250547,0.02799377411048698,0.03882725217653671,-0.0317419622303924,0.6410659121936241
2026,2019-02-19,0.6464567079902994,0.6692790881267754,0.6656299507950867,0.6473851440985179,0.1302080492248611,0.022834651982026388,0.028213175933151313,0.024883368585444376,0.021394618887392358,0.040502503791143396,0.6692790881267754
2027,2019-02-20,0.662992060581198,0.6520376269359367,0.6625194496562998,0.6576861738840829,0.0876054156075102,0.016535352590898555,-0.01724146119083869,-0.0031105011387868586,0.010301029785565019,-0.042602633617350893,0.6520376269359367
2028,2019-02-21,0.6566928490877234,0.6371473450591958,0.6493001653407887,0.6426307077261911,0.0630093496688886,-0.006299211493474566,-0.014890281876740907,-0.013219284315511115,-0.015055466157891773,-0.024596065938621597,0.6371473450591958
2029,2019-02-22,0.6393699920525076,0.6308777287221394,0.6360808565756885,0.6339143610532164,0.0507904124982271,-0.017322857035215855,-0.006269616337056361,-0.013219308765100246,-0.008716346672974717,-0.012218937170661505,0.6308777287221394
2030,2019-02-25,0.6393701394043332,0.6238245811142551,0.6321929774777414,0.6259905758083685,0.0674987181025736,1.473518256300821e-07,-0.007053147607884336,-0.003887879097947078,-0.007923785244847936,0.016708305604346503,0.6238245811142551
2031,2019-02-26,0.6228346416511277,0.6089342341817794,0.6158632071654074,0.6125198304632677,0.0626275078823054,-0.016535497753205508,-0.014890346932475707,-0.016329770312333958,-0.013470745345100732,-0.004871210220268207,0.6089342341817794
2032,2019-02-27,0.6149606658071852,0.6175549647771987,0.615863247077191,0.617274228788328,0.066882316361375,-0.007873975843942449,0.008620730595419346,3.991178354478819e-08,0.004754398325060305,0.004254808479069602,0.6175549647771987
2033,2019-02-28,0.6275588832010524,0.6191221574303245,0.6321927443080589,0.6251979520846188,0.0917893106119287,0.012598217393867128,0.0015671926531257707,0.016329497230867962,0.007923723296290763,0.024906994250553705,0.6191221574303245
2034,2019-03-01,0.6188975709506304,0.6183385611037616,0.6135303296799376,0.6164817331249233,0.050915874799533,-0.008661312250421993,-0.0007835963265628854,-0.01866241462812135,-0.008716218959695543,-0.0408734358123957,0.6183385611037616
2035,2019-03-04,0.6322834021932328,0.6520376269359367,0.6477449548869691,0.6331219914860027,0.0824232770753101,0.013385831242602397,0.03369906583217508,0.03421462520703156,0.016640258361079407,0.03150740227577709,0.6520376269359367
2036,2019-03-05,0.648818802806913,0.641849508520187,0.6493001340138264,0.6434230696639477,0.0671714251426451,0.016535400613680196,-0.010188118415749736,0.001555179126857209,0.010301078177945011,-0.015251851932664998,0.641849508520187
2037,2019-03-06,0.6440944393571476,0.6300940673398417,0.6399689196211787,0.6323296129437911,0.085565289490623,-0.004724363449765345,-0.011755441180345216,-0.009331214392647613,-0.011093456720156603,0.018393864347977906,0.6300940673398417
2038,2019-03-07,0.6275590660896788,0.6261756303168833,0.6290825082344702,0.6299524927208313,0.0590054657924308,-0.01653537326746879,-0.003918437022958465,-0.010886411386708539,-0.002377120222959772,-0.026559823698192202,0.6261756303168833
2039,2019-03-08,0.6244093427802596,0.6042319406093185,0.6197511312138704,0.6101425516228133,0.0590981987977438,-0.0031497233094192056,-0.021943689707564773,-0.00933137702059983,-0.019809941098018036,9.273300531299766e-05,0.6042319406093185
2040,2019-03-11,0.5976377039080002,0.6026645527889881,0.5995334131252392,0.5982566678951415,0.0393297040180665,-0.026771638872259418,-0.0015673878203303904,-0.020217718088631154,-0.011885883727671742,-0.0197684947796773,0.6026645527889881
2041,2019-03-12,0.6157479410193301,0.6120689447667053,0.6143079107443199,0.6133121373548167,0.0422862504227534,0.018110237111329863,0.009404391977717141,0.014774497619080673,0.015055469459675175,0.0029565464046868994,0.6120689447667053
2042,2019-03-13,0.6173227185272828,0.590909046552908,0.6150854903764628,0.594294682276789,0.0537305942549175,0.0015747775079527626,-0.021159898213797268,0.0007775796321428663,-0.019017455078027656,0.011444343832164104,0.590909046552908
2043,2019-03-14,0.6125983833055383,0.6097178955640772,0.6158631690240276,0.6085578275061222,0.0588909132564558,-0.004724335221744536,0.018808849011169193,0.000777678647564839,0.01426314522933314,0.005160319001538294,0.6097178955640772
2044,2019-03-15,0.6181101930420042,0.624608177440818,0.6244168232298319,0.6220285076677193,0.0718789888829491,0.005511809736465922,0.014890281876740796,0.00855365420580434,0.013470680161597137,0.012988075626493296,0.624608177440818
2045,2019-03-18,0.6354330321204792,0.6434169613962522,0.6430793491866099,0.6370839803898525,0.0435790576144707,0.017322839078474983,0.018808783955434172,0.018662525956777976,0.015055472722133145,-0.028299931268478393,0.6434169613962522
2046,2019-03-19,0.652755933532203,0.6528214184297042,0.6500778618850609,0.6497623360680933,0.044457293723612,0.017322901411723768,0.009404457033452052,0.006998512698450976,0.012678355678240827,0.0008782361091412977,0.6528214184297042
2047,2019-03-20,0.6629920290818212,0.641849508520187,0.6609642082775478,0.6473850343786272,0.0637566685940585,0.01023609554961824,-0.010971909909517241,0.010886346392486868,-0.002377301689466149,0.0192993748704465,0.641849508520187
2048,2019-03-22,0.6488189584726688,0.6575236469464302,0.6547435257574178,0.6505547622325835,0.0804704290810704,-0.014173070609152405,0.01567413842624321,-0.006220682520129972,0.0031697278539563056,0.016713760487011897,0.6575236469464302
2049,2019-03-25,0.6440944994496327,0.6261756303168833,0.6368585590161077,0.6299524927208313,0.0538778760868853,-0.004724459023036087,-0.03134801662954689,-0.017884966741310127,-0.020602269511752147,-0.026592552994185094,0.6261756303168833
2050,2019-03-26,0.6220471699005145,0.6293103409018092,0.6259720023158879,0.6125197613572834,0.084932523101428,-0.022047329549118255,0.0031347105849258705,-0.010886556700219763,-0.01743273136354795,0.031054647014542698,0.6293103409018092
2051,2019-03-27,0.6378646990075266,0.6213745170831481,0.6307160728091259,0.6226509938607171,0.0608492161333609,0.015817529107012174,-0.007935823818661092,0.004744070493237995,0.01013123250343373,-0.024083306968067097,0.6213745170831481
2052,2019-03-28,0.6195261701613297,0.5967735608289011,0.6133931150505556,0.6001842841360433,0.066375012273486,-0.01833852884619691,-0.024600956254246964,-0.01732295775857029,-0.022466709724673795,0.005525796140125092,0.5967735608289011
2053,2019-03-29,0.5892275546703436,0.5880441221005066,0.5874085161397461,0.5745079137675209,0.1375557761752544,-0.030298615490986114,-0.00872943872839449,-0.02598459891080951,-0.02567637036852244,0.07118076390176842,0.5880441221005066
2054,2019-04-01,0.6019848608708537,0.6039157697378287,0.6047315669184162,0.5969747149734996,0.0797394748038969,0.012757306200510077,0.015871647637322073,0.017323050778670135,0.02246680120597877,-0.057816301371357515,0.6039157697378287
2055,2019-04-02,0.6035795101723715,0.5864569573367744,0.5992196781667378,0.5929627757652809,0.0885600200739682,0.0015946493015178698,-0.01745881240105429,-0.0055118887516784065,-0.00401193920821874,0.008820545270071298,0.5864569573367744
2056,2019-04-03,0.5876328444228845,0.5682045300259865,0.5811091812461566,0.5721007105889032,0.10728663226454,-0.015946665749487,-0.01825242731078791,-0.0181104969205812,-0.020862065176377675,0.018726612190571798,0.5682045300259865
2057,2019-04-04,0.5613209934879757,0.572966089372918,0.5818966620061823,0.5576578424304871,0.0833124229497823,-0.026311850934908843,0.004761559346931565,0.0007874807600256606,-0.014442868158416111,-0.02397420931475769,0.572966089372918
2058,2019-04-05,0.5700916658821323,0.5721725395189193,0.572447763096663,0.5712984259103232,0.0658240691242731,0.008770672394156631,-0.0007935498539987096,-0.009448898909519277,0.0136405834798361,-0.0174883538255092,0.5721725395189193
2059,2019-04-08,0.5852409984617064,0.5904249668297071,0.58819602594003,0.5865437927267527,0.0703025277926271,0.01514933257957407,0.0182524273107878,0.015748262843366945,0.015245366816429518,0.004478458668354002,0.5904249668297071
2060,2019-04-09,0.592416766181542,0.6086771339175555,0.6047314409627692,0.5945674350260843,0.1037682329453093,0.007175767719835635,0.01825216708784838,0.016535415022739253,0.008023642299331613,0.0334657051526822,0.6086771339175555
2061,2019-04-10,0.594808903524234,0.5872505722465079,0.59055819179512,0.5873461114007056,0.0729808751813748,0.0023921373426919468,-0.021426561671047617,-0.014173249167649171,-0.0072213236253787505,-0.0307873577639345,0.5872505722465079
2062,2019-04-11,0.5900248855968258,0.5880441221005066,0.588983337898834,0.591358006210423,0.0351894480749719,-0.004784017927408235,0.0007935498539987096,-0.001574853896286088,0.00401189480971742,-0.0377914271064029,0.5880441221005066
2063,2019-04-12,0.5860382463966907,0.5634431007905247,0.5787470117050375,0.56568168976508,0.0920565998625369,-0.003986639200135089,-0.024601021309981874,-0.010236326193796441,-0.02567631644534296,0.056867151787565004,0.5634431007905247
2064,2019-04-15,0.5732808889281602,0.5682045300259865,0.570085429840403,0.5704959400122163,0.0642476080339511,-0.012757357468530461,0.004761429235461745,-0.008661581864634504,0.00481425024713622,-0.027808991828585802,0.5682045300259865
2065,2019-04-16,0.5692942593796793,0.5578879915895946,0.5622113461410466,0.5544482583553815,0.0780320965296036,-0.003986629548480947,-0.010316538436391909,-0.007874083699356382,-0.01604768165683479,0.013784488495652503,0.5578879915895946
2066,2019-04-17,0.5653076769081821,0.5674110452277227,0.5653610615495461,0.5592626415307577,0.0861598717011597,-0.003986582471497191,0.00952305363812811,0.0031497154084995094,0.004814383175376191,0.008127775171556093,0.5674110452277227
2067,2019-04-18,0.5700916263314704,0.5618559360267925,0.5692980797875924,0.5680888447800088,0.0687042471716433,0.004783949423288303,-0.005555109200930164,0.003937018238046264,0.008826203249251097,-0.017455624529516392,0.5618559360267925
2068,2019-04-19,0.5716862272065242,0.5682045300259865,0.5732350730991898,0.5745078664539337,0.0505776720742736,0.0015946008750538088,0.006348593999193963,0.003936993311597359,0.006419021673924941,-0.01812657509736971,0.5682045300259865
2069,2019-04-22,0.5653076769081821,0.5674110452277227,0.5637862396510795,0.5624721832325124,0.053321478055007,-0.006378550298342112,-0.0007934847982637994,-0.009448833448110205,-0.012035683221421345,0.002743805980733399,0.5674110452277227
2070,2019-04-23,0.5804569718939387,0.576934033810116,0.5850463413699635,0.5777175123291469,0.0881072648127338,0.015149294985756678,0.00952298858239331,0.021260101718883928,0.015245329096634563,0.034785786757726804,0.576934033810116
2071,2019-04-24,0.5796596676197086,0.5666174953737241,0.5740226144371181,0.5704960697335701,0.0667732187080655,-0.0007973042742301928,-0.010316538436391909,-0.011023726932845368,-0.007221442595576777,-0.021334046104668297,0.5666174953737241
2072,2019-04-25,0.5605236938673274,0.5721725395189193,0.5685107083298359,0.5592626444655832,0.0646458144685307,-0.019135973752381186,0.005555044145195254,-0.0055119061072822495,-0.011233425267986985,-0.002127404239534808,0.5721725395189193
2073,2019-04-26,0.5676996728784311,0.5721725395189193,0.5677232973764704,0.5688912696213752,0.0543906350574399,0.0071759790111037836,0.0,-0.0007874109533654305,0.009628625155791992,-0.010255179411090797,0.5721725395189193
2074,2019-05-07,0.5637130340590021,0.5451907710633392,0.56299884782251,0.5480292641868806,0.1077830265870981,-0.003986638819429067,-0.02698176845558009,-0.0047244495539604525,-0.020862005434494568,0.0533923915296582,0.5451907710633392
2075,2019-05-08,0.53979309117282,0.5253512115166866,0.5338646296826715,0.5263648451045032,0.1094358560347367,-0.023919942886182044,-0.01983955954665262,-0.02913421813983852,-0.021664419082377373,0.0016528294476386013,0.5253512115166866
2076,2019-05-09,0.5230491375787454,0.5213832996073561,0.5244156957127867,0.5223529154700942,0.074917358527618,-0.016743953594074656,-0.003967911909330546,-0.009448933969884776,-0.004011929634408995,-0.0345184975071187,0.5213832996073561
2077,2019-05-10,0.5198597504725403,0.5237639816972196,0.53465197322965,0.5215504667374798,0.0915220213613205,-0.0031893871062050883,0.0023806820898635284,0.01023627751686329,-0.0008024487326143692,0.016604662833702502,0.5237639816972196
2078,2019-05-13,0.5222518015404729,0.5134474757886951,0.5204786359214003,0.5175385978946981,0.0660640839615539,0.00239205106793261,-0.01031650590852451,-0.014173337308249656,-0.004011868842781707,-0.025457937399766595,0.5134474757886951
2079,2019-05-14,0.5039131886619524,0.5134474757886951,0.5118171155051592,0.501490889432847,0.08086863551565,-0.018338612878520455,0.0,-0.00866152041624113,-0.016047708461851107,0.014804551554096101,0.5134474757886951
2080,2019-05-15,0.5238464729975761,0.5285255410441511,0.5267779330174964,0.5167362218107661,0.0884509224206587,0.01993328433562369,0.015078065255455964,0.014960817512337243,0.01524533237791903,0.0075822869050087005,0.5285255410441511
2081,2019-05-16,0.5358063548159196,0.5063051692961652,0.5354393703287594,0.5047003617652858,0.1627300596764163,0.01195988181834351,-0.022220371747985856,0.00866143731126301,-0.012035860045480296,0.07427913725575759,0.5063051692961652
2082,2019-05-17,0.5198599462178971,0.5293192535374869,0.5299277076121462,0.5191435062127452,0.0884945614819825,-0.015946408598022543,0.023014084241321675,-0.005511662716613186,0.014443144447459422,-0.0742354981944338,0.5293192535374869
2083,2019-05-20,0.5381984076270014,0.5428099913898735,0.5409513066631421,0.5359934488745595,0.068458777451697,0.018338461409104334,0.013490737852386636,0.011023599050995814,0.016849942661814277,-0.020035784030285497,0.5428099913898735
2084,2019-05-21,0.5358063709906707,0.5269383112246839,0.5307149213174989,0.5319814784605336,0.0618038205998189,-0.0023920366363306966,-0.015871680165189583,-0.010236385345643195,-0.0040119704140259005,-0.006654956851878099,0.5269383112246839
2085,2019-05-22,0.5286304570865282,0.5253512115166866,0.5259905201003311,0.5255624596698927,0.0520777648072789,-0.007175913904142517,-0.0015870997079973082,-0.004724401217167773,-0.006419018790640885,-0.009726055792539996,0.5253512115166866
2086,2019-05-23,0.5118865259902052,0.5047181021160354,0.5070926769482176,0.5038980726558882,0.0776120705643621,-0.016743931096322995,-0.020633109400651217,-0.018897843152113514,-0.021664387014004527,0.025534305757083202,0.5047181021160354
2087,2019-05-24,0.4791959099388312,0.4848785100415153,0.4834703033692386,0.471321199521138,0.12397857322089,-0.03269061605137402,-0.01983959207452013,-0.023622373578979006,-0.03257687313475016,0.04636650265652789,0.4848785100415153
2088,2019-05-27,0.4879665521527836,0.4872592571871136,0.4929192359953772,0.489455091420972,0.0669532298360262,0.008770642213952407,0.0023807471455983276,0.009448932626138606,0.018133891899833998,-0.0570253433848638,0.4872592571871136
2089,2019-05-28,0.4839798236505329,0.4761490387852533,0.4866198745681824,0.48143116418677,0.1839386434797787,-0.003986728502250736,-0.011110218401860328,-0.006299361427194783,-0.008023927234201977,0.1169854136437525,0.4761490387852533
2090,2019-05-29,0.4791959115095146,0.4872592571871136,0.4842577158740527,0.4782216958801628,0.0974514788186906,-0.004783912141018254,0.011110218401860328,-0.0023621586941297013,-0.0032094683066072327,-0.0864871646610881,0.4872592571871136
2091,2019-05-30,0.4847772354970016,0.4983694105332391,0.4992185307857547,0.4870479424819462,0.0815504958488343,0.0055813239874869525,0.011110153346125473,0.01496081491170198,0.008826246601783438,-0.0159009829698563,0.4983694105332391
2092,2019-05-31,0.4903585129062272,0.4880528070411123,0.491344381941234,0.4902574446741042,0.0913420102333598,0.0055812774092255935,-0.010316603492126764,-0.0078741488445207,0.003209502192157987,0.00979151438452551,0.4880528070411123
2093,2019-06-03,0.4744119173821607,0.4604361921967597,0.4724465437847878,0.4621739798574593,0.1906154198623187,-0.015946595524066465,-0.027616614844352627,-0.01889783815644619,-0.02808346481664492,0.09927340962895889,0.4604361921967597
2094,2019-06-04,0.4696279016735442,0.4777362360768529,0.4740213353297545,0.4685930329899989,0.0815341312008378,-0.004784015708616529,0.017300043880093208,0.0015747915449667027,0.006419053132539598,-0.1090812886614809,0.4777362360768529
2095,2019-06-05,0.4871691476998863,0.4769426211671194,0.4842576428279012,0.4793449827186123,0.0751901026608917,0.017541246026342106,-0.0007936149097335088,0.01023630749814669,0.01075194972861343,-0.006344028539946103,0.4769426211671194
2096,2019-06-06,0.470425332560788,0.4667849163074234,0.4697693973284567,0.4708398021932146,0.0598291530749173,-0.016743815139098284,-0.01015770485969597,-0.014488245499444496,-0.008505180525397726,-0.0153609495859744,0.4667849163074234
2097,2019-06-07,0.4783984461453082,0.4801168856388489,0.4787457049390178,0.4783820483620309,0.0636148416447562,0.007973113584520186,0.013331969331425497,0.008976307610561118,0.0075422461688163245,0.0037856885698389006,0.4801168856388489
2098,2019-06-10,0.4951424692237436,0.4928142688044414,0.4921317638128714,0.4950717275630136,0.0543851801747744,0.01674402307843542,0.01269738316559249,0.013386058873853579,0.016689679200982688,-0.009229661469981797,0.4928142688044414
2099,2019-06-11,0.4943451383554284,0.4928142688044414,0.4921317638128714,0.4926645716753491,0.0333838819127,-0.0007973308683151825,0.0,0.0,-0.0024071558876644916,-0.0210012982620744,0.4928142688044414
2100,2019-06-12,0.4847771603697621,0.4832912802220482,0.4866198804635242,0.4838383258693474,0.0570798922115185,-0.009567977985666332,-0.0095229885823932,-0.0055118833493471575,-0.00882624580600172,0.023696010298818494,0.4832912802220482
2101,2019-06-13,0.4756876256457445,0.4721811919316576,0.4713441475123954,0.4727654749055741,0.07188989864828,-0.009089534724017578,-0.011110088290390618,-0.015275732951128829,-0.011072850963773306,0.01481000643676151,0.4721811919316576
2102,2019-06-14,0.4823851339445927,0.4817040829304486,0.4811079710269295,0.4822335214557026,0.0621911172690675,0.006697508298848187,0.009522890998791,0.009763823514534087,0.009468046550128506,-0.009698781379212505,0.4817040829304486
2103,2019-06-17,0.4791958411747994,0.4793233683127177,0.4771709475554607,0.4822335520784433,0.0366731761599808,-0.003189292769793295,-0.0023807146177308725,-0.003937023471468792,3.0622740732066944e-08,-0.0255179411090867,0.4793233683127177
2104,2019-06-18,0.4839798243106891,0.4769426211671194,0.4779583564171317,0.4812706779937598,0.0428371935719662,0.00478398313588968,-0.0023807471455983276,0.0007874088616710018,-0.0009628740846835404,0.006164017411985398,0.4769426211671194
2105,2019-06-19,0.4903584925767661,0.503924422150567,0.5015807024369608,0.4902574243488333,0.078359389489532,0.0063786682660770255,0.0269818009834476,0.023622346019829155,0.008986746355073516,0.0355221959175658,0.503924422150567
2106,2019-06-20,0.5055078108353096,0.5023372899147022,0.5094548425374006,0.5047003913727338,0.063762123476724,0.015149318258543487,-0.0015871322358648188,0.007874140100439742,0.014442967023900521,-0.014597266012808002,0.5023372899147022
2107,2019-06-21,0.5294277475220437,0.5142410256426937,0.5259904797930846,0.5167361802910978,0.1760126989668452,0.02391993668673409,0.011903735727991527,0.016535637255683966,0.012035788918363988,0.11225057549012121,0.5142410256426937
2108,2019-06-24,0.5254411615597677,0.5182090026077592,0.5212660826223809,0.5207481753055944,0.0698988664753821,-0.003986585962275968,0.003967976965065456,-0.004724397170703609,0.004011995014496561,-0.10611383249146311,0.5182090026077592
2109,2019-06-25,0.519062477052566,0.512653893406829,0.5126045259493895,0.5111195140087134,0.0607837575413752,-0.006378684507201693,-0.005555109200930164,-0.0086615566729914,-0.009628661296881003,-0.009115108934006896,0.512653893406829
2110,2019-06-26,0.5198597699350099,0.5055116194421666,0.5204785972541183,0.5087123204475357,0.0641166908499798,0.0007972928824439007,-0.007142273964662382,0.007874071304728725,-0.0024071935611776896,0.0033329333086045965,0.5055116194421666
2111,2019-06-27,0.5182651834540417,0.5205897497533575,0.5165416179512318,0.5143290928093396,0.0693479233261692,-0.0015945864809682186,0.015078130311190874,-0.003936979302886501,0.005616772361803912,0.005231232476189396,0.5205897497533575
2112,2019-06-28,0.5262384237417904,0.5142410256426937,0.5196911926099338,0.5183409510373435,0.0598837019015721,0.007973240287748706,-0.006348724110663784,0.0031495746587020257,0.004011858228003873,-0.009464221424597095,0.5142410256426937
2113,2019-07-01,0.5238464705588548,0.5245576291348205,0.5220534648201491,0.5191433757067226,0.074513697210373,-0.0023919531829356133,0.010316603492126819,0.0023622722102153437,0.000802424669379187,0.014629995308800901,0.5245576291348205
2114,2019-07-02,0.5206571415777408,0.5166218053161595,0.5149667612974372,0.5183409853354792,0.0628020641276006,-0.0031893289811140146,-0.00793582381866098,-0.007086703522711901,-0.0008023903712434111,-0.011711633082772399,0.5166218053161595
2115,2019-07-03,0.5023185516977459,0.501543772588571,0.5000059762112126,0.4998861434907105,0.0571835349821625,-0.018338589879994927,-0.015078032727588564,-0.01496078508622467,-0.018454841844768755,-0.005618529145438103,0.501543772588571
2116,2019-07-04,0.5086972009099486,0.5031309373523032,0.5023682100947129,0.5038980717338845,0.046851987213755,0.006378649212202769,0.0015871647637322184,0.00236223388350032,0.004011928243173979,-0.0103315477684075,0.5031309373523032
2117,2019-07-05,0.5055078758355093,0.501543772588571,0.5000059762112126,0.5038980708060453,0.0337002651072975,-0.003189325074439364,-0.0015871647637322184,-0.00236223388350032,-9.278391388534146e-10,-0.0131517221064575,0.501543772588571
2118,2019-07-08,0.5023184819471639,0.4951950484779072,0.496856263274462,0.4990836887262362,0.0484993617787281,-0.003189393888345382,-0.006348724110663784,-0.0031497129367505927,-0.00481438207980911,0.014799096671430603,0.4951950484779072
2119,2019-07-09,0.4991291656124481,0.5055116194421666,0.5031555577085954,0.5022932375396804,0.0510086078048461,-0.0031893163347158082,0.01031657096425942,0.006299294434133462,0.003209548813444152,0.0025092460261179964,0.5055116194421666
2120,2019-07-10,0.5047104502953529,0.5063051692961652,0.5047303476187277,0.5063051323909306,0.0452918907714295,0.005581284682904808,0.0007935498539985986,0.0015747899101322682,0.004011894851250197,-0.005716717033416599,0.5063051692961652
2121,2019-07-11,0.5166704870875717,0.5174153876980256,0.5181164055977586,0.5175386004090423,0.0593218489870282,0.011960036792218798,0.011110218401860439,0.013386057979030919,0.011233468018111759,0.0140299582155987,0.5174153876980256
2122,2019-07-12,0.5214544725755628,0.5166218053161595,0.5157541722474334,0.5151314436306156,0.0467756188564384,0.004783985487991083,-0.0007935823818661092,-0.00236223335032526,-0.0024071567784267334,-0.012546230130589801,0.5166218053161595
2123,2019-07-16,0.5118864263972095,0.503924422150567,0.5086673999596181,0.5055027452369313,0.0467810737391038,-0.009568046178353273,-0.012697383165592546,-0.0070867722878152906,-0.009628698393684298,5.454882665401062e-06,0.503924422150567
2124,2019-07-17,0.4983318974431315,0.5031309373523032,0.5000059771318851,0.4974789880175292,0.0496503420211431,-0.013554528954077993,-0.0007934847982637994,-0.008661422827732967,-0.008023757219402072,0.002869268282039303,0.5031309373523032
2125,2019-07-18,0.4943451596563623,0.4777362360768529,0.4889821415943149,0.4822335836078584,0.1106304753384754,-0.003986737786769223,-0.025394701275450293,-0.011023835537570192,-0.015245404409670815,0.060980133317332305,0.4777362360768529
2126,2019-07-19,0.4799932424770846,0.4872592571871136,0.4858325377142936,0.4790240812759349,0.0556398031878334,-0.014351917179277696,0.00952302111026071,-0.0031496038800213344,-0.0032095023319235194,-0.054990672150642,0.4872592571871136
2127,2019-07-22,0.4919531406652971,0.4864656097495126,0.4881947046560327,0.4894550254324329,0.0361767818374226,0.011959898188212525,-0.0007936474376010194,0.00236216694173913,0.010430944156498034,-0.0194630213504108,0.4864656097495126
2128,2019-07-23,0.4943451727099073,0.4951950484779072,0.4937066197671753,0.4902574498580874,0.0585799849445238,0.002392032044610193,0.0087294387283946,0.0055119151111425735,0.0008024244256544799,0.0224032031071012,0.4951950484779072
2129,2019-07-24,0.5023185170445904,0.4983694105332391,0.4992185307857547,0.5030956506362113,0.0524214224152038,0.007973344334683108,0.003174362055331892,0.005511911018579396,0.01283820077812392,-0.006158562529320004,0.4983694105332391
2130,2019-07-25,0.4999263876939299,0.4920206213668405,0.4937065195477142,0.4934668910938689,0.0438954408090681,-0.0023921293506605212,-0.006348789166398583,-0.0055120112380404596,-0.009628759542342435,-0.008525981606135699,0.4920206213668405
2131,2019-07-26,0.4903584789451503,0.4864656097495126,0.4897695262839554,0.4902574107200271,0.0475065731336118,-0.009567908748779608,-0.00555501161732791,-0.003936993263758792,-0.0032094803738417776,0.0036111323245437005,0.4864656097495126
2132,2019-07-29,0.4855744937847098,0.4864656097495126,0.4826828289583033,0.4870478695696504,0.033280239142056,-0.004783985160440485,0.0,-0.007086697325652147,-0.0032095411503766935,-0.014226333991555797,0.4864656097495126
2133,2019-07-30,0.4943451657061337,0.485672059895514,0.4905569693097854,0.4886526722316639,0.0361167781281024,0.00877067192142389,-0.0007935498539985986,0.007874140351482095,0.0016048026620135158,0.002836538986046397,0.485672059895514
2134,2019-07-31,0.4855744879791229,0.4793233683127177,0.4795331799691016,0.4822335520784433,0.0684369579210351,-0.00877067772701079,-0.006348691582796273,-0.011023789340683765,-0.006419120153220603,0.0323201797929327,0.4793233683127177
2135,2019-08-01,0.4772822257272896,0.4769426211671194,0.4787457672184779,0.4766168531950153,0.0480902455788176,-0.008292262251833271,-0.0023807471455983276,-0.0007874127506237172,-0.0056166988834280285,-0.0203467123422175,0.4769426211671194
2136,2019-08-02,0.4659601863733633,0.4610710060576647,0.4603203547496408,0.4621739378348193,0.1358374881356302,-0.011322039353926339,-0.015871615109454673,-0.01842541246883711,-0.014442915360195985,0.0877472425568126,0.4610710060576647
2137,2019-08-05,0.4595815851714758,0.4474214346285822,0.4541786051586438,0.4499777162359624,0.1037027743533236,-0.0063786012018874905,-0.013649571429082519,-0.006141749590997003,-0.012196221598856916,-0.032134713782306604,0.4474214346285822
2138,2019-08-06,0.4270504221946988,0.4350415559770444,0.4333909647237249,0.4255852090216441,0.1480509704236262,-0.032531162976776995,-0.012379878651537779,-0.020787640434918875,-0.024392507214318293,0.04434819607030259,0.4350415559770444
2139,2019-08-07,0.4369373533862595,0.4328195448245398,0.4349657947323594,0.4331276101478272,0.1346537785972223,0.0098869311915607,-0.0022220111525045882,0.001574830008634509,0.007542401126183096,-0.013397191826403893,0.4328195448245398
2140,2019-08-08,0.4366184734799891,0.4205984346939632,0.4322886497044423,0.4252643134310137,0.1298534818516053,-0.0003188799062703862,-0.01222111013057664,-0.002677145027917105,-0.007863296716813517,-0.004800296745616994,0.4205984346939632
2141,2019-08-09,0.4280071754335951,0.4323433043173913,0.4313436135953387,0.4303994672195183,0.0943585603473669,-0.00861129804639399,0.011744869623428134,-0.0009450361091036252,0.005135153788504598,-0.035494921504238414,0.4323433043173913
2142,2019-08-13,0.4307181452199444,0.4236139306447316,0.4296113257361269,0.427189951539919,0.0827723895659004,0.002710969786349271,-0.008729373672659746,-0.0017322878592117563,-0.003209515679599262,-0.011586170781466495,0.4236139306447316
2143,2019-08-14,0.4299208722833748,0.4310736765955813,0.4280365617689938,0.4305599886256403,0.0851998123520363,-0.0007972729365696152,0.00745974595084975,-0.0015747639671331304,0.0033700370857213113,0.002427422786135905,0.4310736765955813
2144,2019-08-15,0.414612124842689,0.422979149311694,0.4228396862417381,0.4164380422076421,0.1075157373364898,-0.015308747440685777,-0.00809452728388732,-0.005196875527255673,-0.014121946417998243,0.022315924984453492,0.422979149311694
2145,2019-08-16,0.4182797997868993,0.4144084465763931,0.4179577004586557,0.4190056571217482,0.0854834662506409,0.003667674944210275,-0.008570702735300917,-0.00488198578308241,0.00256761491410612,-0.02203227108584889,0.4144084465763931
2146,2019-08-19,0.4213096998506562,0.4340892701299521,0.4318161648667569,0.4226966138091411,0.089536444071088,0.0030299000637569184,0.01968082355355899,0.013858464408101179,0.003690956687392888,0.004052977820447098,0.4340892701299521
2147,2019-08-20,0.4520866203056464,0.4494847423158605,0.4475643482970337,0.449014809838363,0.113537927799173,0.030776920454990198,0.015395472185908421,0.015748183430276785,0.02631819602922192,0.024001483728085,0.4494847423158605
2148,2019-08-21,0.4466647714683955,0.447262666107621,0.4472493562704896,0.448372902888337,0.0553452395238978,-0.005421848837250887,-0.0022220762082394985,-0.00031499202654405867,-0.0006419069500260277,-0.058192688275275205,0.447262666107621
2149,2019-08-22,0.4504919526655284,0.4378984135183215,0.4448871264041343,0.4425957214783593,0.051434088652753,0.0038271811971328784,-0.009364252589299515,-0.0023622298663553143,-0.005777181409977683,-0.003911150871144797,0.4378984135183215
2150,2019-08-23,0.4385319580751013,0.4394855457541862,0.4382728248705529,0.438904737336003,0.0430008400519304,-0.01195999459042707,0.0015871322358647078,-0.00661430153358139,-0.0036909841423563017,-0.008433248600822597,0.4394855457541862
2151,2019-08-26,0.4256152026750843,0.4290102713247006,0.4272490877297824,0.4271899460029629,0.065627693348316,-0.012916755400017021,-0.010475274429485593,-0.01102373714077054,-0.011714791333040098,0.0226268532963856,0.4290102713247006
2152,2019-08-27,0.4353426720986317,0.4332956552202185,0.4338633809147972,0.436979030617405,0.04955760901583,0.009727469423547408,0.0042853838955179135,0.00661429318501483,0.009789084614442112,-0.016070084332486002,0.4332956552202185
2153,2019-08-28,0.4375752950008257,0.4286929945057179,0.4327610914385967,0.433448669664714,0.0496776164344704,0.0022326229021940036,-0.004602660714500606,-0.001102289476200502,-0.003530360952690992,0.00012000741864039849,0.4286929945057179
2154,2019-08-29,0.4364590001816059,0.4374223356505102,0.4381154642810605,0.4384234089479168,0.1042973565638603,-0.0011162948192198208,0.00872934114479229,0.005354372842463817,0.0049747392832028,0.0546197401293899,0.4374223356505102
2155,2019-08-30,0.4461863995843148,0.4531352472947386,0.4515014505335619,0.4488544196400681,0.1033754813933952,0.009727399402708892,0.01571291164422839,0.01338598625250137,0.010431010692151299,-0.0009218751704651029,0.4531352472947386
2156,2019-09-02,0.4482594548958152,0.4499608852394067,0.4481942805430631,0.4493357967677758,0.0500703679863846,0.002073055311500427,-0.003174362055331892,-0.003307169990498793,0.0004813771277076828,-0.0533051134070106,0.4499608852394067
2157,2019-09-03,0.4520865889013158,0.4510718745517253,0.4503989768582794,0.4511010097389623,0.0550670405079586,0.0038271340055006098,0.001110989312318622,0.0022046963152163035,0.0017652129711864806,0.004996672521574007,0.4510718745517253
2158,2019-09-04,0.4485784073767291,0.4455168954622649,0.4444147668005523,0.448212486956811,0.0517777462606779,-0.0035081815245867065,-0.005554979089460399,-0.005984210057727091,-0.0028885227821512927,-0.003289294247280701,0.4455168954622649
2159,2019-09-05,0.4554353952871852,0.4598012807522524,0.4587455192576899,0.4575200990532636,0.0866289916103904,0.0068569879104560805,0.014284385289987489,0.014330752457137608,0.009307612096452589,0.03485124534971249,0.4598012807522524
2160,2019-09-06,0.4678737330463648,0.4631342812170756,0.4634699800177196,0.4655439477746343,0.0602764534534862,0.01243833775917963,0.0033330004648232103,0.004724460760029692,0.008023848721370741,-0.026352538156904193,0.4631342812170756
2161,2019-09-09,0.4646845179749257,0.4640866971756378,0.4625252333258764,0.4661859548804329,0.0570471629155256,-0.0031892150714391,0.0009524159585621583,-0.0009447466918431902,0.0006420071057985921,-0.0032292905379606024,0.4640866971756378
2162,2019-09-10,0.4791958783699779,0.485672059895514,0.4858325041157907,0.4822335895094089,0.0951276988031987,0.014511360395052186,0.02158536271987621,0.02330727078991429,0.016047634628976015,0.0380805358876731,0.485672059895514
2163,2019-09-11,0.5023185226884374,0.5070988167337662,0.5047304129795719,0.5014908854553327,0.1085576199255954,0.02312264431845945,0.021426756838252237,0.018897908863781177,0.01925729594592379,0.013429921122396701,0.5070988167337662
2164,2019-09-12,0.5031157515406303,0.500750060095235,0.5031554889539318,0.503897939410527,0.0887563958499252,0.0007972288521929105,-0.006348756638531183,-0.0015749240256400787,0.0024070539551942494,-0.0198012240756702,0.500750060095235
2165,2019-09-13,0.5015212225044222,0.5047181021160354,0.5023682110139174,0.500688530791838,0.1001571006207656,-0.0015945290362080478,0.003968042020800366,-0.0007872779400144303,-0.0032094086186890136,0.011400704770840403,0.5047181021160354
2166,2019-09-17,0.5421850836834418,0.5245576291348205,0.5370142730125818,0.5231553028760172,0.1777473516544659,0.040663861179019545,0.019839527018785108,0.03464606199866438,0.022466772084179243,0.07759025103370029,0.5245576291348205
2167,2019-09-18,0.5102917964268109,0.5023372899147022,0.5110296643072225,0.5063051620925199,0.0920784193931988,-0.031893287256630876,-0.022220339220118346,-0.025984608705359236,-0.016850140783497336,-0.0856689322612671,0.5023372899147022
2168,2019-09-19,0.5071024810602707,0.5142410256426937,0.5181163708141462,0.5087123265598696,0.0769302102311779,-0.003189315366540213,0.011903735727991527,0.007086706506923668,0.002407164467349787,-0.015148209162020906,0.5142410256426937
2169,2019-09-20,0.519062511811122,0.5158282554621608,0.5149667932721558,0.5167362465676327,0.1548913932861304,0.01196003075085128,0.0015872298194671286,-0.0031495775419904115,0.008023920007763086,0.07796118305495252,0.5158282554621608
2170,2019-09-24,0.5222518040777152,0.5174153876980256,0.5173289946470021,0.5223529129709868,0.0677605524705163,0.0031892922665932577,0.0015871322358648188,0.002362201374846329,0.00561666640335412,-0.08713084081561412,0.5174153876980256
2171,2019-09-25,0.5182651766339886,0.5086860140253658,0.5118171451981842,0.5103171586928686,0.0786430433881367,-0.003986627443726576,-0.008729373672659801,-0.005511849448817885,-0.012035754278118205,0.010882490917620405,0.5086860140253658
2172,2019-09-26,0.5198598105799188,0.5166218053161595,0.5165415831974294,0.5191433707616951,0.0996061574715527,0.0015946339459301795,0.007935791290793692,0.004724437999245157,0.0088262120688265,0.020963114083416,0.5166218053161595
2173,2019-09-27,0.5247843290504923,0.5166217077325572,0.5214841934302983,0.5149493880930122,0.0854398271893171,0.0049245184705735134,-9.758360230982532e-08,0.004942610232868905,-0.004193982668682983,-0.0141663302822356,0.5166217077325572
2174,2019-09-30,0.5125230790224147,0.4970959119952041,0.5061464882844927,0.5017878070782639,0.0745573362716967,-0.012261250028077653,-0.019525795737353135,-0.015337705145805569,-0.013161581014748291,-0.010882490917620405,0.4970959119952041
2175,2019-10-01,0.4969920535654665,0.4979094664876766,0.4964594511170312,0.4976747691721369,0.0420298709374761,-0.015531025456948178,0.0008135544924725013,-0.009687037167461499,-0.004113037906126993,-0.032527465334220594,0.4979094664876766
2176,2019-10-02,0.4920875267210705,0.4979094664876766,0.4988812045371143,0.4943843574751311,0.0448118610968678,-0.004904526844396018,0.0,0.002421753420083106,-0.0032904116970057795,0.0027819901593916993,0.4979094664876766
2177,2019-10-03,0.4871830321698455,0.4858685607427023,0.4851579673155822,0.4882971081196091,0.0595182247629853,-0.0049044945512249916,-0.012040905744974295,-0.013723237221532125,-0.0060872493555220175,0.014706363666117502,0.4858685607427023
2178,2019-10-04,0.4891448025510997,0.4954687054266566,0.4924231672091929,0.4901067841524743,0.0582035980406061,0.001961770381254224,0.009600144683954315,0.007265199893610685,0.0018096760328651929,-0.0013146267223792044,0.4954687054266566
2179,2019-10-07,0.4978094502346995,0.4930279768935041,0.4932304223105183,0.4943843331720045,0.02952727986821,0.008664647683599813,-0.0024407285331525252,0.0008072551013253992,0.004277549019530202,-0.028676318172396097,0.4930279768935041
2180,2019-10-08,0.5043488273577882,0.507672380620287,0.5085682016053508,0.506723384787067,0.072315379496187,0.006539377123088663,0.014644403726782884,0.015337779294832488,0.012339051615062546,0.04278809962797699,0.507672380620287
2181,2019-10-09,0.5035314460571091,0.4970959119952041,0.4988812276871076,0.4993199981909938,0.0462846794165457,-0.0008173813006790986,-0.01057646862508288,-0.009686973918243191,-0.007403386596073203,-0.02603070007964129,0.4970959119952041
2182,2019-10-10,0.4994443128494617,0.5003501950208292,0.4980739492702381,0.4968521621311602,0.0465792430804813,-0.004087133207647364,0.0032542830256251376,-0.0008072784168694502,-0.002467836059833639,0.00029456366393559863,0.5003501950208292
2183,2019-10-11,0.5117056173840768,0.507672380620287,0.5061464482643729,0.5091911934792118,0.0475229377816083,0.012261304534615103,0.007322185599457742,0.008072498994134814,0.012339031348051643,0.0009436947011269986,0.507672380620287
2184,2019-10-15,0.5174274928875751,0.5044180000110595,0.5134116365536737,0.5083685195528194,0.0541178909241662,0.0057218755034982305,-0.0032543806092274474,0.0072651882893007835,-0.0008226739263924587,0.006594953142557897,0.5044180000110595
2185,2019-10-16,0.5068010198898839,0.5044180000110595,0.503724624543227,0.5034329028581319,0.0700570580726808,-0.01062647299769115,0.0,-0.00968701201044675,-0.00493561669468745,0.0159391671485146,0.5044180000110595
2186,2019-10-17,0.496992076627796,0.4970959119952041,0.4972667253321332,0.497674792266147,0.0531960157537011,-0.009808943262087921,-0.0073220880158554325,-0.006457899211093798,-0.0057581105919848885,-0.016861042318979697,0.4970959119952041
2187,2019-10-18,0.5068010139477859,0.5011636844575669,0.5013028656629817,0.5050781025011304,0.0449536880461701,0.009808937319989885,0.004067772462362784,0.004036140330848481,0.007403310234983362,-0.008242327707531,0.5011636844575669
2188,2019-10-21,0.5059836695858524,0.507672380620287,0.5053391971507136,0.5050781789923039,0.0441790947076728,-0.0008173443619334808,0.006508696162720096,0.00403633148773197,7.649117350627677e-08,-0.0007745933384973036,0.507672380620287
2189,2019-10-23,0.51824495482762,0.5133673921790646,0.5134116771120778,0.5165945881871459,0.0669586847186917,0.012261285241767617,0.005695011558777607,0.008072479961364176,0.011516409194841981,0.022779590011018896,0.5133673921790646
2190,2019-10-24,0.5231495961089525,0.5288254805097897,0.5247133072554367,0.5239981288953391,0.063451195164792,0.0049046412813325,0.01545808833072515,0.011301630143358943,0.007403540708193268,-0.0035074895538996925,0.5288254805097897
2191,2019-10-25,0.5321412297920752,0.5288254805097897,0.5271350609812311,0.5272885410077118,0.0551324990999443,0.008991633683122724,0.0,0.00242175372579434,0.003290412112372687,-0.008318696064847704,0.5288254805097897
2192,2019-10-28,0.5345935072206676,0.5215032949103321,0.5279423257495841,0.5272885545173831,0.0284581228657771,0.002452277428592331,-0.007322185599457631,0.0008072647683530221,1.3509671270561796e-08,-0.026674376234167196,0.5215032949103321
2193,2019-10-29,0.5264191824343201,0.5231303388395423,0.5255204600154743,0.5272884421945001,0.045286435888764,-0.008174324786347498,0.0016270439292102035,-0.0024218657341098515,-1.1232288299467541e-07,0.016828313022986898,0.5231303388395423
2194,2019-10-30,0.5247844517325352,0.515808250823687,0.5190625615544358,0.5190625237192983,0.0511122505754901,-0.0016347307017848811,-0.007322088015855321,-0.006457898461038503,-0.008225918475201821,0.005825814686726098,0.515808250823687
2195,2019-10-31,0.517427660658536,0.5215032949103321,0.5174480593356016,0.515772111829016,0.0490284853972791,-0.007356791073999225,0.005695044086645118,-0.0016145022188341906,-0.003290411890282341,-0.002083765178210996,0.5215032949103321
2196,2019-11-01,0.5133405540312026,0.515808250823687,0.5126045514573354,0.5165947145732478,0.0346766891044173,-0.004087106627333359,-0.005695044086645118,-0.004843507878266151,0.0008226027442318484,-0.014351796292861804,0.515808250823687
2197,2019-11-05,0.528054072245388,0.5271982739412423,0.5279422609069447,0.5314015044957198,0.0721408232508918,0.014713518214185428,0.011390023117555326,0.015337709449609327,0.014806789922471975,0.0374641341464745,0.5271982739412423
2198,2019-11-06,0.5362283597435014,0.5337069701039623,0.5303640894212472,0.5330467857953821,0.0564307611743271,0.00817428749811333,0.006508696162719985,0.0024218285143025042,0.001645281299662349,-0.015710062076564703,0.5337069701039623
2199,2019-11-07,0.5256018733071701,0.5215032949103321,0.5198698131234437,0.5231755392715377,0.072626307808119,-0.01062648643633124,-0.012203675193630192,-0.010494276297803529,-0.009871246523844412,0.016195546633791906,0.5215032949103321
2200,2019-11-08,0.5296888859969757,0.5247575128802223,0.5255204790640909,0.5256432554996904,0.0909819879774386,0.0040870126898056025,0.0032542179698902274,0.005650665940647226,0.002467716228152672,0.0183556801693196,0.5247575128802223
2201,2019-11-11,0.5296889421810869,0.5239439909156172,0.5230987811894412,0.5272885172366991,0.0419316830494976,5.6184111141277526e-08,-0.0008135219646051572,-0.002421697874649742,0.0016452617370087408,-0.049050304927941005,0.5239439909156172
2202,2019-11-12,0.5239670450412083,0.5312662415708097,0.5279423401215672,0.5248207596568811,0.0754519370288345,-0.0057218971398785845,0.0073222506551925415,0.0048435589321259576,-0.0024677575798179863,0.0335202539793369,0.5312662415708097
2203,2019-11-13,0.5272366447485052,0.5182489143011046,0.5206769941821171,0.5239980716689785,0.0500267289250608,0.0032695997072968996,-0.013017327269705059,-0.007265345939450052,-0.0008226879879026372,-0.025425208103773703,0.5182489143011046
2204,2019-11-14,0.5198798243805661,0.5101131091534394,0.5142189553022557,0.513304203874701,0.0582963310459192,-0.007356820367939054,-0.00813580514766521,-0.006458038879861405,-0.0106938677942775,0.0082696021208584,0.5101131091534394
2205,2019-11-15,0.5051661719673092,0.5011636844575669,0.506953622602822,0.5042554997283272,0.1143834346123214,-0.01471365241325695,-0.008949424695872565,-0.007265332699433746,-0.00904870414637382,0.056087103566402195,0.5011636844575669
2206,2019-11-18,0.5027139006911617,0.4922143248174292,0.4964593515124472,0.4935616555276599,0.086498074426419,-0.002452271276147444,-0.008949359640137655,-0.010494271090374763,-0.010693844200667268,-0.02788536018590239,0.4922143248174292
2207,2019-11-19,0.4937223199759556,0.4881464872993315,0.4883868912199817,0.4920810304651662,0.0674878083372426,-0.008991580715206116,-0.0040678375180976944,-0.0080724602924655,-0.00148062506249369,-0.0190102660891764,0.4881464872993315
2208,2019-11-20,0.486855988735906,0.4780581318530117,0.4814445771455125,0.4800710240989144,0.1269514842735732,-0.006866331240049595,-0.010088355446319808,-0.0069423140744692136,-0.012010006366251824,0.05946367593633059,0.4780581318530117
2209,2019-11-21,0.4790087103473026,0.4725257596314202,0.4769238858921924,0.4731611349026252,0.1172145187157024,-0.00784727838860344,-0.0055323722215915305,-0.004520691253320053,-0.0069098891962892095,-0.009736965557870791,0.4725257596314202
2210,2019-11-22,0.4829324429252291,0.4791972252427961,0.4817675133694125,0.483855093126975,0.0934803242382256,0.0039237325779264975,0.006671465611375937,0.004843627477220058,0.01069395822434982,-0.023734194477476808,0.4791972252427961
2211,2019-11-25,0.4888178031573101,0.4889600743196715,0.4859651475234436,0.4891196396519305,0.0634621049301229,0.005885360232081027,0.009762849076875357,0.004197634154031127,0.005264546524955505,-0.030018219308102695,0.4889600743196715
2212,2019-11-26,0.4929049303035162,0.4835905040746033,0.4891941734306798,0.4886261195995038,0.1244749675434481,0.004087127146206071,-0.005369570245068178,0.0032290259072361716,-0.0004935200524266992,0.0610128626133252,0.4835905040746033
2213,2019-11-27,0.4888177936185786,0.4881464872993315,0.4867723891002462,0.4919164998551142,0.0439608994010538,-0.004087136684937598,0.004555983224728222,-0.002421784330433552,0.0032903802556104034,-0.0805140681423943,0.4881464872993315
2214,2019-11-28,0.495357167778639,0.491400802852824,0.4900013989618246,0.494384314055211,0.0406552405057767,0.006539374160060396,0.0032543155534924817,0.003229009861578369,0.002467814200096785,-0.0033056588952770985,0.491400802852824
2215,2019-11-29,0.4953571855136933,0.4861939044728094,0.4900014165051287,0.491093920229608,0.1028790870708371,1.7735054314016452e-08,-0.005206898380014591,1.754330408720861e-08,-0.0032903938256029774,0.062223846565060394,0.4861939044728094
2216,2019-12-02,0.4835863538460749,0.4826142451892097,0.4793457438032146,0.481551798771718,0.0894709854791023,-0.011770831667618387,-0.003579659283599712,-0.010655672701914087,-0.009542121457890018,-0.013408101591734792,0.4826142451892097
2217,2019-12-03,0.4826053830722335,0.4811497104857158,0.4796685593626131,0.4840195021100865,0.0739245698825018,-0.0009809707738414053,-0.0014645347034938916,0.0003228155593985038,0.0024677033383684877,-0.015546415596600499,0.4811497104857158
2218,2019-12-04,0.4781913816157161,0.4767564641817761,0.4741793535277789,0.4774387715832451,0.0937639781368302,-0.00441400145651738,-0.004393246303939724,-0.005489205834834199,-0.006580730526841383,0.019839408254328394,0.4767564641817761
2219,2019-12-05,0.4857116704737303,0.475454763982673,0.4801529866927302,0.4807291874961849,0.0962786790456137,0.007520288858014201,-0.001301700199103084,0.005973633164951309,0.0032904159129397703,0.0025147009087835015,0.475454763982673
2220,2019-12-06,0.4785183182942007,0.4739902292791792,0.4738563821138056,0.4784258032215351,0.0740336675358113,-0.0071933521795296,-0.0014645347034937806,-0.006296604578924614,-0.002303384274649767,-0.022245011509802404,0.4739902292791792
2221,2019-12-09,0.4839132370872216,0.4938414988581092,0.4900013627861176,0.4869808524344534,0.0936276060701934,0.0053949187930208975,0.019851269578929964,0.016144980672312015,0.008555049212918275,0.0195939385343821,0.4938414988581092
2222,2019-12-10,0.4912700567972671,0.4881464872993315,0.4883868912199817,0.4915874386350101,0.0427990093933079,0.007356819710045481,-0.005695011558777663,-0.0016144715661359221,0.004606586200556706,-0.050828596676885496,0.4881464872993315
2223,2019-12-11,0.4889812821230651,0.4848921717458389,0.4851578813392574,0.4889551440195434,0.0538669663215544,-0.002288774674202021,-0.0032543155534926482,-0.003229009880724276,-0.0026322946154667126,0.011067956928246504,0.4848921717458389
2224,2019-12-12,0.486529046097442,0.4816378887202138,0.4814445730564073,0.4858292401735177,0.0479156893335224,-0.0024522360256230558,-0.003254283025625082,-0.003713308282850103,-0.0031259038460256794,-0.005951276988032002,0.4816378887202138
2225,2019-12-13,0.4953571813956472,0.4897736613400115,0.4900014124316066,0.4935617247708579,0.0777811719269918,0.008828135298205197,0.008135772619797699,0.008556839375199299,0.007732484597340217,0.029865482593469397,0.4897736613400115
2226,2019-12-16,0.490452645308338,0.4889600743196715,0.486772398599064,0.493561715171552,0.0343493961444889,-0.00490453608730923,-0.000813587020340012,-0.0032290138325425932,-9.599305905716449e-09,-0.0434317757825029,0.4889600743196715
2227,2019-12-17,0.4961745809865902,0.4962822599191292,0.4924231443676585,0.4976747175784749,0.0635002891087812,0.005721935678252188,0.007322185599457742,0.005650745768594478,0.0041130024069229165,0.029150892964292296,0.4962822599191292
2228,2019-12-18,0.4986268713352491,0.4930279768935041,0.4932304223105183,0.4984973475910728,0.049050304927941,0.002452290348658903,-0.0032542830256251376,0.0008072779428597854,0.0008226300125978581,-0.014449984180840196,0.4930279768935041
2229,2019-12-19,0.4953571581537853,0.4905872158324841,0.4900013894410342,0.4943843044492599,0.0478556856242022,-0.003269713181463796,-0.0024407610610199804,-0.003229032869484061,-0.004113043141812878,-0.001194619303738799,0.4905872158324841
2230,2019-12-20,0.4961746040021386,0.4954687054266566,0.4932304183029784,0.4952069320322189,0.0759210569380652,0.0008174458483533042,0.004881489594172506,0.0032290288619442054,0.0008226275829589791,0.028065371313862997,0.4954687054266566
2231,2019-12-23,0.5002616862665457,0.4962822599191292,0.4948448975366797,0.4984973204174476,0.0460992134059196,0.0040870822644070715,0.0008135544924726124,0.0016144792337012825,0.0032903883852287152,-0.0298218435321456,0.4962822599191292
2232,2019-12-24,0.5002617570773024,0.4995366405283566,0.4956522187513086,0.500142596889283,0.0401533913005531,7.081075670267722e-08,0.003254380609227392,0.0008073212146288977,0.0016452764718353774,-0.005945822105366497,0.4995366405283566
2233,2019-12-25,0.5068011307717657,0.4970959119952041,0.5004957300420821,0.5009652041158406,0.0312673874384962,0.006539373694463335,-0.0024407285331525252,0.004843511290773539,0.0008226072265575812,-0.008886003862056902,0.4970959119952041
2234,2019-12-26,0.4969920250960466,0.4954687054266566,0.4940376693967639,0.4976747406636087,0.0396079030340057,-0.009809105675719076,-0.001627206568547479,-0.006458060645318231,-0.0032904634522318843,0.008340515595509503,0.4954687054266566
2235,2019-12-27,0.4994443401637884,0.4970959119952041,0.4972667253321332,0.5017878070782639,0.0415880254415727,0.002452315067741795,0.001627206568547479,0.0032290559353692627,0.004113066414655198,0.001980122407567002,0.4970959119952041
2236,2019-12-30,0.4961746080336003,0.4930279768935041,0.4924231712101738,0.4943843331720045,0.044135455646349,-0.0032697321301881077,-0.004067935101700004,-0.004843554121959359,-0.007403473906259395,0.0025474302047762964,0.4930279768935041
2237,2020-01-06,0.5018965357416877,0.5052316195592669,0.5053391686827708,0.5042555476880246,0.0945112970620001,0.005721927708087382,0.012203642665762793,0.01291599747259703,0.009871214516020133,0.050375841415651094,0.5052316195592669
2238,2020-01-07,0.5076185580383276,0.5060452716353417,0.5021102384188927,0.5059008279576778,0.0505722171916082,0.005722022296639873,0.0008136520760748667,-0.0032289302638781603,0.0016452802696531599,-0.043939079870391896,0.5060452716353417
2239,2020-01-08,0.5018966036997808,0.4970959119952041,0.5004957300420821,0.4984973952285704,0.0892527901724833,-0.00572195433854672,-0.008949359640137655,-0.0016145083768105417,-0.007403432729107373,0.03868057298087511,0.4970959119952041
2240,2020-01-09,0.497809430985464,0.491400802852824,0.4916159011000843,0.496852122611227,0.0674659888065807,-0.004087172714316856,-0.005695109142380084,-0.008879828941997847,-0.001645272617343374,-0.02178680136590261,0.491400802852824
2241,2020-01-10,0.4986268423660215,0.4905872158324841,0.4924231426013687,0.495206907285282,0.0467265249124491,0.00081741138055752,-0.0008135870203399009,0.000807241501284417,-0.0016452153259450264,-0.020739463894131595,0.4905872158324841
2242,2020-01-14,0.4904526339689691,0.4813124148786369,0.4851578852308701,0.4859937475944376,0.1256586770818559,-0.008174208397052407,-0.009274800953847195,-0.007265257370498601,-0.009213159690844408,0.0789321521694068,0.4813124148786369
2243,2020-01-15,0.4822783751772446,0.4772444797769369,0.4762780759787752,0.4805645408819518,0.1035009436947011,-0.008174258791724509,-0.004067935101700004,-0.008879809252094917,-0.005429206712485812,-0.022157733387154807,0.4772444797769369
2244,2020-01-16,0.479826252292423,0.4791972252427961,0.4769240060983982,0.4827034288474989,0.0599273409628958,-0.002452122884821606,0.001952745465859218,0.000645930119622995,0.0021388879655471205,-0.0435736027318053,0.4791972252427961
2245,2020-01-17,0.4806435756462017,0.4803361559932433,0.4777311600435389,0.4808935943010525,0.079821298043879,0.0008173233537787095,0.0011389307504471868,0.0008071539451406928,-0.0018098345464463983,0.019893957080983196,0.4803361559932433
2246,2020-01-20,0.4835863096745413,0.4835905040746033,0.4811216623179624,0.4866518525685486,0.0409879883483706,0.002942734028339611,0.0032543480813599923,0.0033905022744235014,0.005758258267496097,-0.0388333096955084,0.4835905040746033
2247,2020-01-21,0.4848941750689762,0.4803361559932433,0.4807987041698178,0.4855002002733434,0.0545270071240767,0.0013078653944348928,-0.0032543480813599923,-0.000322958148144592,-0.0011516522952051966,0.013539018775706103,0.4803361559932433
2248,2020-01-22,0.4826054157027163,0.4800107146795338,0.4783769605304876,0.4846776070716704,0.0575871962994076,-0.002288759366259885,-0.0003254413137094847,-0.002421743639330176,-0.0008225932016729942,0.0030601891753309005,0.4800107146795338
2249,2020-01-23,0.4808070465419073,0.4725257596314202,0.4748250529787011,0.475628943272902,0.1394104362815156,-0.0017983691608089991,-0.0074849550481136395,-0.003551907551786526,-0.009048663798768397,0.08182323998210798,0.4725257596314202
2250,2020-01-24,0.4755756417018244,0.4738276224698605,0.4717576176853854,0.4771097281709194,0.0568562420222341,-0.005231404840082887,0.0013018628384403041,-0.0030674352933157123,0.0014807848980173954,-0.08255419425928148,0.4738276224698605
2251,2020-01-27,0.4690362566840629,0.4640646758093828,0.4661068439695927,0.4688836829280344,0.0814850372568486,-0.006539385017761523,-0.009762946660477667,-0.005650773715792701,-0.008226045242885005,0.024628795234614496,0.4640646758093828
2252,2020-01-28,0.4580828041097921,0.4528372269732786,0.452706406631296,0.4548993941583152,0.1429124709527498,-0.010953452574270828,-0.011227448836104215,-0.013400437338296656,-0.013984288769719189,0.061427433695901215,0.4528372269732786
2253,2020-01-29,0.4580828696988284,0.453976320363063,0.4536751827625278,0.4585189325769466,0.0645421716978867,6.558903631326274e-08,0.0011390933897844069,0.0009687761312317522,0.003619538418631385,-0.07837029925486311,0.453976320363063
2254,2020-01-30,0.458246266132381,0.4510474135954125,0.452867884213197,0.4525961336255631,0.0840597418749522,0.00016339643355262057,-0.0029289067676505076,-0.0008072985493307594,-0.005922798951383479,0.0195175701770655,0.4510474135954125
2255,2020-01-31,0.4531782951321985,0.449908385261363,0.4506075910007924,0.4544058701788095,0.0870217431623045,-0.005067971000182525,-0.0011390283340494967,-0.0022602932124046182,0.0018097365532463994,0.0029620012873523005,0.449908385261363
2256,2020-02-03,0.4438596878652405,0.447142215414501,0.4452797176054191,0.4453572517487218,0.0636966648847383,-0.00931860726695799,-0.00276616984686201,-0.005327873395373273,-0.009048618430087696,-0.023325078277566205,0.447142215414501
2257,2020-02-04,0.444677108888776,0.4482812437485505,0.4457640977279954,0.4471669379168607,0.0567962383129138,0.0008174210235354917,0.0011390283340494967,0.00048438012257628893,0.0018096861681388687,-0.006900426571824499,0.4482812437485505
2258,2020-02-05,0.4515434106502391,0.4502337940472051,0.4480243356380838,0.4529251024175316,0.0672587032652927,0.006866301761463134,0.0019525502986545984,0.002260237910088392,0.005758164500670904,0.010462464952378896,0.4502337940472051
2259,2020-02-06,0.4687093203722929,0.4622747973757817,0.4657839260012453,0.4629609338221145,0.1234658142503354,0.017165909722053785,0.012041003328576605,0.017759590363161493,0.010035831404582918,0.056207110985042705,0.4622747973757817
2260,2020-02-07,0.4621699300512974,0.4612984734346533,0.4580343137101959,0.459999562420935,0.1086776273442358,-0.006539390320995486,-0.0009763239411283986,-0.007749612291049424,-0.0029613714011795245,-0.014788186906099593,0.4612984734346533
2261,2020-02-10,0.4579193595850164,0.4562543119754271,0.4552896693913317,0.4591769889999613,0.0810377368782797,-0.004250570466281023,-0.005044161459226204,-0.0027446443188641756,-0.0008225734209736935,-0.027639890465956107,0.4562543119754271
2262,2020-02-12,0.460208115163122,0.4578814534882397,0.4564198271041224,0.4567091664182681,0.0832251448271347,0.0022887555781055946,0.0016271415128126243,0.0011301577127906803,-0.002467822581693202,0.002187407948854997,0.4578814534882397
2263,2020-02-13,0.4621699531977735,0.4604849189421807,0.4606175009943788,0.4632899973000389,0.1073248164431983,0.0019618380346514974,0.0026034654539409674,0.004197673890256437,0.006580830881770805,0.024099671616063606,0.4604849189421807
2264,2020-02-14,0.4606985361255901,0.4599967732355502,0.4569041464113024,0.4613157110454686,0.0583236054592465,-0.0014714170721834008,-0.00048814570663047174,-0.0037133545830764225,-0.001974286254570301,-0.0490012109839518,0.4599967732355502
2265,2020-02-17,0.4642951587783085,0.4617865540855489,0.4590029299139371,0.4646060723849191,0.0692988293821799,0.0035966226527184286,0.0017897808499987011,0.0020987835026347046,0.003290361339450487,0.010975223922933403,0.4617865540855489
2266,2020-02-18,0.4629872477734012,0.4643899544837551,0.4614246259961446,0.4650996066757388,0.0693097391475109,-0.0013079110049072917,0.002603400398206168,0.0024216960822074918,0.0004935342908197193,1.0909765330996413e-05,0.4643899544837551
2267,2020-02-19,0.4693632714914084,0.4671562869699543,0.4651381588599014,0.4697063122830729,0.083792452624344,0.006376023718007162,0.00276633248619923,0.0037135328637568077,0.004606705607334116,0.014482713476833095,0.4671562869699543
2268,2020-02-20,0.4775374824189077,0.4723631528221015,0.4719190382820647,0.4766161963378963,0.0913038260547015,0.008174210927499315,0.005206865852147191,0.006780879422163322,0.006909884054823401,0.007511373430357501,0.4723631528221015
2269,2020-02-21,0.4757391221951341,0.475454763982673,0.4735335172358926,0.4787549203190059,0.0687969801769563,-0.0017983602237736096,0.0030916111605714947,0.0016144789538278803,0.0021387239811095915,-0.022506845877745194,0.475454763982673
2270,2020-02-25,0.4598811504885798,0.4639019714164618,0.4635236514174262,0.4614802773015275,0.1293843619423746,-0.015857971706554286,-0.011552792566211223,-0.010009865818466412,-0.017274643017478386,0.060587381765418294,0.4639019714164618
2271,2020-02-26,0.4584097805157709,0.4583696317227376,0.4575499510570227,0.459670518841976,0.0954113527018033,-0.0014713699728088891,-0.0055323396937241864,-0.005973700360403511,-0.0018097584595515026,-0.0339730092405713,0.4583696317227376
2272,2020-02-27,0.4556305767675689,0.4447014868813484,0.4499618179649959,0.4461798588947251,0.1480618801889571,-0.0027792037482020082,-0.013668144841389174,-0.007588133092026772,-0.013490659947250905,0.052650527487153806,0.4447014868813484
2273,2020-02-28,0.4314348365066459,0.4324977791598507,0.4334938304503173,0.4295632256289377,0.1828694864773458,-0.024195740260923027,-0.012203707721497703,-0.016467987514678595,-0.01661663326578744,0.03480760628838869,0.4324977791598507
2274,2020-03-02,0.4263668745617799,0.431521585330192,0.4343011413590609,0.4270954758721026,0.1337646327227501,-0.005067961944865973,-0.0009761938296586892,0.0008073109087435859,-0.002467749756835058,-0.049104853754595695,0.431521585330192
2275,2020-03-03,0.4461484699706669,0.428918119876251,0.4415663947130684,0.4315374946175279,0.1266405559616412,0.01978159540888702,-0.002603465453941023,0.007265253354007517,0.004442018745425269,-0.007124076761108905,0.428918119876251
2276,2020-03-04,0.4266938349280925,0.429080824269172,0.4304263171778675,0.4284115923721086,0.0716062447496754,-0.019454635042574442,0.00016270439292098704,-0.01114007753520091,-0.0031259022454193097,-0.055034311211965795,0.429080824269172
2277,2020-03-05,0.4332331938608869,0.4334741031009791,0.4310720981008688,0.4340052720054456,0.080464974198405,0.006539358932794392,0.004393278831807124,0.0006457809230012712,0.005593679633337012,0.008858729448729591,0.4334741031009791
2278,2020-03-06,0.4278383472630783,0.4243621366515228,0.4241298700395838,0.4264374779272774,0.1058574530061858,-0.005394846597808589,-0.009111966449456332,-0.006942228061284972,-0.007567794078168211,0.02539247880778081,0.4243621366515228
2279,2020-03-09,0.4038060317131474,0.3962122599484043,0.401203804861068,0.394355825332948,0.2167770371259314,-0.024032315549930905,-0.02814987670311847,-0.02292606517851581,-0.03208165259432938,0.1109195841197456,0.3962122599484043
2280,2020-03-10,0.3779754957537563,0.3950732316143548,0.3958759177657642,0.3686906068123383,0.2268085663477378,-0.02583053595939111,-0.0011390283340494967,-0.005327887095303796,-0.02566521852060971,0.01003152922180639,0.3950732316143548
2281,2020-03-11,0.3923621341024645,0.3968631100479558,0.4071774561458456,0.394849390106227,0.1605590163755577,0.014386638348708236,0.001789878433601011,0.01130153838008141,0.02615878329388871,-0.0662495499721801,0.3968631100479558
2282,2020-03-12,0.388928941290565,0.3827068520278035,0.3863503732348355,0.3767521126761439,0.1379430728445031,-0.0034331928118995214,-0.014156258020152301,-0.020827082911010097,-0.018097277430083103,-0.02261594353105459,0.3827068520278035
2283,2020-03-13,0.3500197657607137,0.3685506590633861,0.3829599614174643,0.3479610601419019,0.2246266132815483,-0.03890917552985129,-0.014156192964417447,-0.0033904118173712083,-0.028791052534241968,0.08668354043704518,0.3685506590633861
2284,2020-03-16,0.370455325885775,0.3635064976041599,0.3731115420962181,0.3652357525211855,0.1293516326463817,0.020435560125061314,-0.005044161459226204,-0.009848419321246193,0.017274692379283585,-0.0952749806351666,0.3635064976041599
2285,2020-03-17,0.3547607466540023,0.3788016863747594,0.3821526541433793,0.3520740233709131,0.1910954495368804,-0.0156945792317727,0.015295188770599544,0.009041112047161182,-0.013161729150272417,0.06174381689049871,0.3788016863747594
2286,2020-03-18,0.3812452500187223,0.387100228443213,0.4049172139064433,0.3807006582222308,0.1685176901844841,0.02648450336471997,0.008298542068453596,0.02276455976306402,0.028626634851317723,-0.02257775935239631,0.387100228443213
2287,2020-03-19,0.3889289913553033,0.3955614423767202,0.3932927881018834,0.3854717576973348,0.1635101078975791,0.007683741336581007,0.008461213933507183,-0.011624425804559912,0.0047710994751040126,-0.005007582286904982,0.3955614423767202
2288,2020-03-23,0.3926891802045065,0.3927953050577256,0.4016882429760157,0.3925461946548194,0.1224893902532156,0.0037601888492032054,-0.0027661373189946104,0.008395454874132291,0.007074436957484553,-0.041020717644363505,0.3927953050577256
2289,2020-03-24,0.4109993869272967,0.4124838702437345,0.4105679820406518,0.4050497215404716,0.1070902564885829,0.018310206722790212,0.01968856518600892,0.008879739064636127,0.012503526885652205,-0.0153991337646327,0.4124838702437345
2290,2020-03-25,0.4330697132630527,0.4318469615881666,0.4307491914762259,0.4289051876412543,0.1299134855609255,0.022070326335756008,0.019363091344432093,0.02018120943557411,0.023855466100782707,0.02282322907234259,0.4318469615881666
2291,2020-03-26,0.4275112427135595,0.4284299091138856,0.4343010992246702,0.429563243129357,0.1281188291639846,-0.005558470549493211,-0.0034170524742809794,0.003551907748444272,0.0006580554881027156,-0.0017946563969409024,0.4284299091138856
2292,2020-03-27,0.4307809493120209,0.4219213105347679,0.4305877859412997,0.4155790152318185,0.1785601291716215,0.003269706598461375,-0.00650859857911773,-0.0037133132833704896,-0.013984227897538504,0.05044130000763691,0.4219213105347679
2293,2020-03-30,0.4070457740457898,0.4158771123190515,0.4134761808057833,0.400798700388685,0.1429779295447354,-0.02373517526623109,-0.00604419821571639,-0.017111605135516406,-0.014780314843133524,-0.03558219962688611,0.4158771123190515
2294,2020-03-31,0.4191913892983163,0.41604505369863,0.4323008840916919,0.4184535601722109,0.1186818821527149,0.012145615252526498,0.00016794137957848454,0.018824703285908573,0.017654859783525934,-0.0242960473920205,0.41604505369863
2295,2020-04-01,0.4156488334712494,0.4091612461686238,0.4189736054554397,0.4077587171778497,0.0916038446013026,-0.0035425558270668622,-0.00688380753000617,-0.01332727863625216,-0.010694842994361187,-0.027078037551412304,0.4091612461686238
2296,2020-04-02,0.4058649201184993,0.4121833778043494,0.4104775183321112,0.4080982360412308,0.0741482200717862,-0.00978391335275014,0.0030221316357255668,-0.0084960871233285,0.00033951886338107196,-0.017455624529516392,0.4121833778043494
2297,2020-04-03,0.430662164214057,0.4182276410758007,0.4299685742470744,0.4194720593322632,0.1043028114465257,0.024797244095557724,0.0060442632714513,0.019491055914963196,0.011373823291032426,0.030154591374739498,0.4182276410758007
2298,2020-04-06,0.4259388385982942,0.4330023839674045,0.4314678349225951,0.4259228052103861,0.0837433586803547,-0.00472332561576283,0.014774742891603798,0.0014992606755206972,0.006450745878122888,-0.020559452766171007,0.4330023839674045
2299,2020-04-07,0.4369036641945097,0.4306519202663902,0.4364655952030942,0.4274507047715611,0.0778957244629668,0.010964825596215533,-0.0023504637010142715,0.004997760280499086,0.0015278995611749946,-0.00584763421738789,0.4306519202663902
2300,2020-04-08,0.4336986137478169,0.4264545567801575,0.4289690725109181,0.4262624274378341,0.0802904179531098,-0.0032050504466928365,-0.00419736348623273,-0.0074965226921761,-0.0011882773337270058,0.002394693490142999,0.4264545567801575
2301,2020-04-09,0.4369036884248777,0.4264545567801575,0.4323008711323621,0.4249043580052934,0.0528741776764381,0.0032050746770608263,0.0,0.0033317986214440043,-0.0013580694325406872,-0.0274162402766717,0.4264545567801575
2302,2020-04-10,0.4240833361598927,0.4241040280234083,0.4253040970282311,0.4177745238170878,0.0577399330140408,-0.012820352264985013,-0.0023505287567491817,-0.0069967741041310205,-0.007129834188205619,0.004865755337602695,0.4241040280234083
2303,2020-04-13,0.4178418154578662,0.4182276410758007,0.419806579418701,0.4189627801140583,0.0409388944043813,-0.006241520702026493,-0.005876386947607615,-0.0054975176095301,0.0011882562969705024,-0.016801038609659494,0.4182276410758007
2304,2020-04-14,0.4230711899742099,0.4261187390767355,0.4256372420878541,0.4237160253073772,0.0537905979642377,0.005229374516343699,0.007891098000934793,0.005830662669153108,0.004753245193318878,0.012851703559856396,0.4261187390767355
2305,2020-04-15,0.4242519866614886,0.4180597322240897,0.4211393006511813,0.4225276796738875,0.080764992745006,0.001180796687278718,-0.008059006852645767,-0.004497941436672759,-0.0011883456334896847,0.026974394780768296,0.4180597322240897
2306,2020-04-16,0.4136245722516836,0.4068107174118747,0.4086450340801885,0.4053821130341539,0.0948058607259357,-0.010627414409805025,-0.011249014812215019,-0.01249426657099284,-0.0171455666397336,0.014040867980929711,0.4068107174118747
2307,2020-04-17,0.4090700171367061,0.4064749647641876,0.4088116420798377,0.4079285163359756,0.0571017117421804,-0.004554555114977488,-0.0003357526476870931,0.00016660799964923756,0.002546403301821709,-0.037704148983755306,0.4064749647641876
2308,2020-04-20,0.404515414738449,0.4027812302494855,0.405146655464125,0.404024063275199,0.0476429452002487,-0.004554602398257113,-0.0036937345147021183,-0.0036649866157127398,-0.0039044530607765804,-0.009458766541931701,0.4027812302494855
2309,2020-04-21,0.3940567218234853,0.3997591311416273,0.3971503336354279,0.3938385816213372,0.0850034365760792,-0.010458692914963708,-0.003022099107858167,-0.007996321828697084,-0.010185481653861794,0.0373604913758305,0.3997591311416273
2310,2020-04-22,0.3918638142739377,0.3786043398030177,0.3878213636361547,0.3790696885407814,0.193484688144358,-0.002192907549547596,-0.02115479133860959,-0.009328969999273184,-0.014768893080555845,0.10848125156827881,0.3786043398030177
2311,2020-04-23,0.3918637774241875,0.3935469915463325,0.3943183236830773,0.390443434725108,0.1246440689060778,-3.684975019568881e-08,0.014942651743314772,0.006496960046922573,0.011373746184326627,-0.0688406192382802,0.3935469915463325
2312,2020-04-24,0.3997921558376803,0.4011023043717128,0.3998158121984577,0.3992708625444523,0.0913638297640217,0.00792837841349281,0.0075553128253803,0.0054974885153804,0.008827427819344313,-0.033280239142056106,0.4011023043717128
2313,2020-04-27,0.3999608358491451,0.4047960063585475,0.4023146419553056,0.3997801228417735,0.0546524694253826,0.0001686800114648057,0.0036937019868347187,0.002498829756847898,0.0005092602973211791,-0.0367113603386391,0.4047960063585475
2314,2020-04-28,0.4026598689862174,0.4042923448591494,0.4034807962647123,0.402835802221801,0.0553234199932359,0.0026990331370723153,-0.0005036614993981225,0.0011661543094066973,0.0030556793800274873,0.0006709505678533026,0.4042923448591494
2315,2020-04-30,0.4210468719133569,0.4147017828849421,0.4216390349588824,0.4182836892047863,0.1265860071349865,0.018387002927139462,0.010409438025792694,0.018158238694170103,0.015447886982985326,0.0712625871417506,0.4147017828849421
2316,2020-05-01,0.4148054245174162,0.4084897083453822,0.4111439191232602,0.4094563310785897,0.0690751791928955,-0.00624144739594068,-0.006212074539559909,-0.010495115835622182,-0.008827358126196616,-0.05751082794209099,0.4084897083453822
2317,2020-05-07,0.4063709827142355,0.4039565271557275,0.4041471393590612,0.4048728614404082,0.0796958357425731,-0.008434441803180703,-0.004533181189654678,-0.00699677976419899,-0.004583469638181514,0.010620656549677601,0.4039565271557275
2318,2020-05-08,0.4126124633281031,0.4101686342231548,0.4123100143803729,0.412172440641758,0.0734390853252746,0.006241480613867589,0.006212107067427308,0.008162875021311689,0.007299579201349826,-0.006256750417298507,0.4101686342231548
2319,2020-05-11,0.4169984222214119,0.4136944924140134,0.4128098577592111,0.4138700894456168,0.0565234941796402,0.004385958893308839,0.0035258581908585995,0.0004998433788381829,0.001697648803858809,-0.0169155911456344,0.4136944924140134
2320,2020-05-12,0.4166610203821204,0.4138623687378569,0.4129764030830088,0.4162466619559389,0.0410534469403563,-0.0003374018392915401,0.0001678763238435188,0.0001665453237977288,0.0023765725103220836,-0.015470047239283899,0.4138623687378569
2321,2020-05-13,0.4132871838792774,0.4147017828849421,0.4148088390871967,0.4145490184964072,0.0481175199921449,-0.0033738365028430084,0.0008394141470851602,0.0018324360041878651,-0.001697643459531717,0.007064073051788598,0.4147017828849421
2322,2020-05-14,0.4126124894367156,0.4064749647641876,0.4089782421630206,0.4099656073409171,0.0522032271085848,-0.0006746944425617962,-0.008226818120754487,-0.00583059692417609,-0.0045834111554901025,0.0040857071164399,0.4064749647641876
2323,2020-05-15,0.4141306862592228,0.4106723607782878,0.4123100495464697,0.4128514975117106,0.0551543186306062,0.0015181968225072007,0.004197396014100185,0.0033318073834491257,0.0028858901707934925,0.0029510915220214012,0.4106723607782878
2324,2020-05-18,0.419528658651118,0.4147017828849421,0.4189735864675902,0.4182836892047863,0.0483629897120912,0.005397972391895212,0.004029422106654301,0.006663536921120483,0.005432191693075739,-0.006791328918514999,0.4147017828849421
2325,2020-05-19,0.4291439568770365,0.4222571282381898,0.426137007216221,0.4269414075737707,0.0746718888076717,0.0096152982259185,0.0075553453532477,0.0071634207486308,0.00865771836898438,0.0263088990955805,0.4222571282381898
2326,2020-05-20,0.4176731523767396,0.4236003014682754,0.4228052131905361,0.4198115803675529,0.0467592542084419,-0.011470804500296916,0.0013431732300855925,-0.0033317940256848977,-0.007129827206217798,-0.027912634599229796,0.4236003014682754
2327,2020-05-21,0.4315056166641217,0.4242718718193844,0.430301732673324,0.4281297114885575,0.0682023979664197,0.013832464287382107,0.000671570351109041,0.0074965194827879,0.008318131121004602,0.021443143757977803,0.4242718718193844
2328,2020-05-22,0.4293127508412747,0.4194030030377775,0.4259705013959069,0.417604809163203,0.0715298763923588,-0.002192865822847001,-0.0048688687816069165,-0.00433123127741708,-0.010524902325354524,0.0033274784259390983,0.4194030030377775
2329,2020-05-25,0.426951015560443,0.4180597322240897,0.4233049745809779,0.4226974480463578,0.0453191651847568,-0.002361735280831667,-0.0013432708136877913,-0.0026655268149290423,0.00509263888315481,-0.026210711207602003,0.4180597322240897
2330,2020-05-26,0.4232398678470572,0.4289729618607501,0.4284692957441511,0.4238857724380364,0.0953895331711414,-0.0037111477133858206,0.010913229636660415,0.005164321163173224,0.0011883243916785968,0.050070367986384604,0.4289729618607501
2331,2020-05-27,0.3997921457616876,0.4089934023726477,0.4114770963504232,0.3992708524815978,0.4216897044544572,-0.023447722085369604,-0.019979559488102427,-0.016992199393727925,-0.024614919956438552,0.3263001712833158,0.4089934023726477
2332,2020-05-28,0.4080578600744101,0.3997591311416273,0.4029809804613987,0.4002893911560831,0.2579177621889353,0.008265714312722494,-0.009234271231020386,-0.008496115889024491,0.0010185386744852587,-0.16377194226552189,0.3997591311416273
2333,2020-05-29,0.40164774466218,0.4012702132234238,0.4013151144454934,0.4018172359973675,0.1452307960855762,-0.006410115412230077,0.001511082081796511,-0.001665866015905293,0.0015278448412844314,-0.1126869661033591,0.4012702132234238
2334,2020-06-01,0.404852752247187,0.4000948837893144,0.4004820986153087,0.4028357278943345,0.0818396046301044,0.0032050075850069693,-0.0011753294341094178,-0.0008330158301846913,0.001018491896967011,-0.06339119145547181,0.4000948837893144
2335,2020-06-02,0.4041780345533791,0.3979122638842762,0.4001489502404228,0.402326475203489,0.0938021623154885,-0.0006747176938078914,-0.002182619905038208,-0.00033314837488590543,-0.0005092526908455075,0.01196255768538411,0.3979122638842762
2336,2020-06-03,0.4048527661954645,0.4056354530335001,0.4079786579688033,0.4070796918004327,0.1521803166013899,0.0006747316420854244,0.00772318914922393,0.007829707728380486,0.004753216596943666,0.05837815428590139,0.4056354530335001
2337,2020-06-04,0.4109256235765867,0.4021096924262439,0.406646014107848,0.4035148180059619,0.0919147729132346,0.0060728573811221764,-0.003525760607256234,-0.0013326438609552738,-0.003564873794470791,-0.06026554368815529,0.4021096924262439
2338,2020-06-05,0.4062023051624532,0.4026133539256419,0.4011485115620519,0.4041938354392043,0.0676078157558831,-0.004723318414133482,0.0005036614993980115,-0.005497502545796118,0.0006790174332423904,-0.02430695715735151,0.4026133539256419
2339,2020-06-08,0.4132872456032924,0.414533939088966,0.4148089010384693,0.4153978705104104,0.1497856231112468,0.0070849404408391825,0.011920585163324116,0.0136603894764174,0.011204035071206098,0.0821778073553637,0.414533939088966
2340,2020-06-09,0.4181791765702061,0.4131907658588804,0.4141425216018818,0.4152280980294295,0.0613510653385845,0.0048919309669137045,-0.0013431732300855925,-0.0006663794365874831,-0.00016977248098087871,-0.08843455777266229,0.4131907658588804
2341,2020-06-10,0.4080579047507886,0.4078181379942731,0.4066460233237751,0.4077587778485648,0.0917947654945942,-0.010121271819417466,-0.005372627864607349,-0.007496498278106722,-0.007469320180864714,0.030443700156009702,0.4078181379942731
2342,2020-06-11,0.4026598174228283,0.3962333054786361,0.3986496475217911,0.3989313113442504,0.1381339937377947,-0.005398087327960321,-0.011584832515636967,-0.00799637580198398,-0.008827466504314374,0.0463392282432005,0.3962333054786361
2343,2020-06-12,0.3878152298970438,0.3903569835867633,0.3893206221304244,0.3848414109903476,0.1280915547506573,-0.014844587525784492,-0.0058763218918728155,-0.009329025391366708,-0.01408990035390284,-0.010042438987137386,0.3903569835867633
2344,2020-06-15,0.3974304882385636,0.3979122638842762,0.4046468726310058,0.3985918042429628,0.1866988141085085,0.009615258341519772,0.007555280297512901,0.015326250500581395,0.013750393252615234,0.05860725935785119,0.3979122638842762
2345,2020-06-16,0.403671965876816,0.4002627926410254,0.4003155527394147,0.4018171984374241,0.1263350825323747,0.006241477638252391,0.0023505287567491817,-0.004331319891591079,0.003225394194461273,-0.06036373157613381,0.4002627926410254
2346,2020-06-17,0.4048528251875291,0.4034528656563294,0.4009819456286751,0.4023265212131903,0.0775847961510348,0.0011808593107131005,0.003190073015303996,0.0006663928892604032,0.0005093227757662078,-0.048750286381339894,0.4034528656563294
2347,2020-06-18,0.4023224807774263,0.3967370320337691,0.4006487566681805,0.3992708574231022,0.112501500092733,-0.0025303444101028028,-0.0067158336225602855,-0.00033318896049461255,-0.0030556637900880923,0.03491670394169821,0.3967370320337691
2348,2020-06-19,0.3997921414363742,0.3943864707491525,0.3994826230487234,0.3980825472313893,0.3592094784041195,-0.002530339341052068,-0.0023505612846165813,-0.0011661336194571104,-0.0011883101917128935,0.24670797831138647,0.3943864707491525
2349,2020-06-22,0.3964183644446621,0.3927075123435125,0.39465149661025,0.3958756842031199,0.0706625500485484,-0.0033737769917120963,-0.0016789584056400297,-0.004831126438473388,-0.00220686302826939,-0.28854692835557105,0.3927075123435125
2350,2020-06-23,0.3955749174463118,0.3910285539378724,0.3928190191614562,0.3940083579322482,0.0770774920631457,-0.0008434469983503168,-0.0016789584056400852,-0.0018324774487938345,-0.0018673262708717164,0.0064149420145972885,0.3910285539378724
2351,2020-06-24,0.3916951048196322,0.3880064873578817,0.3888208775691568,0.3892551599937204,0.0861107777571704,-0.0038798126266795796,-0.003022066579990712,-0.003998141592299387,-0.004753197938527798,0.0090332856940247,0.3880064873578817
2352,2020-06-25,0.3859596808914993,0.3802832656807903,0.3813243119435663,0.3809369822247586,0.1025081550495848,-0.005735423928132921,-0.007723221677091385,-0.007496565625590479,-0.00831817776896182,0.016397377292414403,0.3802832656807903
2353,2020-06-26,0.3874778754276389,0.3821301329381414,0.3839897675436636,0.3858599870695184,0.0582636017499263,0.0015181945361396054,0.0018468672573511147,0.0026654556000972884,0.004923004844759826,-0.0442445532996585,0.3821301329381414
2354,2020-06-29,0.3795495051710351,0.3791080013024158,0.3773261629553432,0.3785603792030093,0.0712189480804268,-0.007928370256603812,-0.0030221316357256223,-0.006663604588320382,-0.007299607866509128,0.012955346330500495,0.3791080013024158
2355,2020-06-30,0.39135771980857,0.383976967667625,0.3878213405761166,0.3870482878059926,0.1017772007724113,0.011808214637534897,0.004868966365209226,0.0104951776207734,0.008487908602983318,0.030558252691984505,0.383976967667625
2356,2020-07-01,0.3859596491245388,0.3814584975312975,0.3811577059056823,0.3826345309123411,0.0570144336195328,-0.005398070684031198,-0.0025184701363274997,-0.006663634670434293,-0.004413756893651477,-0.044762767152878497,0.3814584975312975
2357,2020-07-02,0.3846101396923056,0.3843127203153121,0.3846560836032345,0.3846716526453275,0.0578490306673503,-0.0013495094322331647,0.002854222784014593,0.0034983776975521796,0.002037121732986369,0.0008345970478174994,0.3843127203153121
2358,2020-07-03,0.3900082099935426,0.3868311904516396,0.3874881704996979,0.387048292481827,0.0512104384634686,0.005398070301236957,0.0025184701363274997,0.002832086896463415,0.0023766398364994945,-0.006638592203881702,0.3868311904516396
2359,2020-07-06,0.3886586774791524,0.3917001568168489,0.3908199508834263,0.3911224565876684,0.0593218489870282,-0.0013495325143901837,0.004868966365209282,0.003331780383728389,0.004074164105841438,0.008111410523559598,0.3917001568168489
2360,2020-07-07,0.3952375509192541,0.3917001568168489,0.3903201760543449,0.3923107834162639,0.0393242491354011,0.006578873440101718,0.0,-0.000499774829081423,0.0011883268285954873,-0.0199975998516271,0.3917001568168489
2361,2020-07-08,0.3960809892489397,0.3906927687623179,0.3941517442057068,0.3948571486560951,0.058318150576581,0.0008434383296855863,-0.0010073880545309888,0.0038315681513619304,0.0025463652398312053,0.0189939014411799,0.3906927687623179
2362,2020-07-09,0.3879839283486824,0.3888459340328343,0.3868217729245046,0.386199479770741,0.0715080568616969,-0.008097060900257302,-0.001846834729483604,-0.007329971281202219,-0.00865766888535413,0.013189906285115897,0.3888459340328343
2363,2020-07-10,0.3874778303795085,0.3774290103689083,0.382823598674652,0.3804276913474451,0.097882414549263,-0.0005060979691738909,-0.011416923663925993,-0.003998174249852604,-0.005771788423295898,0.026374357687566102,0.3774290103689083
2364,2020-07-13,0.3841041017503553,0.383976967667625,0.3844895421612352,0.3853507075963172,0.0602273595094969,-0.0033737286291531943,0.006547957298716711,0.0016659434865832212,0.004923016248872092,-0.0376550550397661,0.383976967667625
2365,2020-07-14,0.3829232864199528,0.3821301329381414,0.3821572682465462,0.383653127615023,0.0527596251404632,-0.0011808153304024849,-0.001846834729483604,-0.002332273914688987,-0.0016975799812941617,-0.007467734369033696,0.3821301329381414
2366,2020-07-15,0.3895021160332382,0.3888459340328343,0.3893206216196496,0.3919712418544595,0.0747482571649883,0.006578829613285375,0.006715801094692886,0.007163353373103365,0.008318114239436458,0.021988632024525098,0.3888459340328343
2367,2020-07-16,0.4004669244495568,0.3950581061559965,0.3998158363735085,0.3972337954800791,0.1216220639094053,0.010964808416318583,0.0062121721231622185,0.010495214753858895,0.005262553625619615,0.046873806744417004,0.3950581061559965
2368,2020-07-17,0.3957435936220874,0.393043297519067,0.3918194469591975,0.3924804976793202,0.0689278973609277,-0.004723330827469396,-0.002014808636929488,-0.007996389414310967,-0.004753297800758893,-0.0526941665484776,0.393043297519067
2369,2020-07-20,0.3938880667058765,0.3911964953174508,0.3898204311798428,0.3933293461896773,0.0376059610957768,-0.0018555269162108812,-0.0018468022016162045,-0.0019990157793547403,0.0008488485103571031,-0.0313219362651509,0.3911964953174508
2370,2020-07-21,0.3881526573485853,0.3883422725334362,0.3858222785573232,0.3878970899212872,0.060112806973522,-0.005735409357291221,-0.0028542227840146484,-0.0039981526225195685,-0.005432256268390112,0.022506845877745194,0.3883422725334362
2371,2020-07-22,0.3954062460297424,0.3885101488572797,0.3924858717601313,0.3926503160012705,0.0721735525468847,0.007253588681157108,0.0001678763238435188,0.006663593202808071,0.004753226079983297,0.01206074557336271,0.3885101488572797
2372,2020-07-27,0.3852848920388436,0.3873348519510377,0.3858222413060044,0.3829740805456783,0.0708043769978507,-0.010121353990898807,-0.0011752969062420182,-0.006663630454126879,-0.009676235455592208,-0.001369175549034013,0.3873348519510377
2373,2020-07-28,0.3889961014179425,0.3880064873578817,0.3874881784952884,0.389594670866159,0.0510740663968318,0.003711209379098912,0.0006716354068440067,0.0016659371892839836,0.006620590320480735,-0.019730310601018895,0.3880064873578817
2374,2020-07-29,0.3888274184782665,0.3826338269654069,0.3841563958129009,0.3863692946562116,0.0514395435354185,-0.00016868293967597925,-0.005372660392474804,-0.003331782682387485,-0.003225376209947395,0.0003654771385867006,0.3826338269654069
2375,2020-07-30,0.3868030860500306,0.3792758450983919,0.3823238238723325,0.3833135721754865,0.0412607324816443,-0.0020243324282359088,-0.0033579818670149697,-0.001832571940568406,-0.0030557224807251093,-0.010178811053774196,0.3792758450983919
2376,2020-07-31,0.3760070360144149,0.3660121517607172,0.3738277676907979,0.3699027130810641,0.1329136710269362,-0.010796050035615734,-0.013263693337674687,-0.008496056181534595,-0.013410859094422412,0.09165293854529188,0.3660121517607172
2377,2020-08-03,0.3620058635718526,0.3648368548544752,0.362166439966098,0.3632821271911495,0.0814032140168665,-0.01400117244256227,-0.0011752969062420182,-0.01166132772469991,-0.006620585889914599,-0.05151045701006969,0.3648368548544752
2378,2020-08-04,0.3679100106658554,0.3695379774237083,0.3696630300073062,0.3702422601449399,0.0686987922889778,0.005904147094002776,0.004701122569233107,0.007496590041208229,0.006960132953790388,-0.012704421727888701,0.3695379774237083
2379,2020-08-05,0.3716211315142356,0.3744069112610501,0.3743275279116952,0.3727886055673848,0.0660095351348992,0.0037111208483802116,0.004868933837341771,0.004664497904388998,0.002546345422444918,-0.0026892571540785976,0.3744069112610501
2380,2020-08-06,0.3744888023852206,0.3755821431115572,0.378492244119831,0.3761837344078955,0.0603855511067956,0.002867670870984995,0.001175231850507108,0.004164716208135799,0.003395128840510686,-0.005623984028103594,0.3755821431115572
2381,2020-08-07,0.3778626776281528,0.3769254139252451,0.3809911956911261,0.379918507992817,0.0951713378645225,0.0033738752429322005,0.0013432708136879024,0.002498951571295094,0.0037347735849215247,0.0347857867577269,0.3769254139252451
2382,2020-08-11,0.3854536327293053,0.3911964953174508,0.391153155686601,0.3877273260780336,0.1558132684565955,0.007590955101152486,0.014271081392205731,0.010161959995474867,0.007808818085216607,0.060641930592072985,0.3911964953174508
2383,2020-08-12,0.3962496765306291,0.3958975528309491,0.3991494557582436,0.3967244853355623,0.1063102082674201,0.010796043801323818,0.004701057513498252,0.007996300071642648,0.008997159257528697,-0.049503060189175385,0.3958975528309491
2384,2020-08-13,0.4035033346184956,0.3992555021700967,0.4009819694749584,0.4016475233569481,0.0817850558034496,0.007253658087866488,0.0033579493391476256,0.0018325137167147787,0.004923038021385773,-0.02452515246397051,0.3992555021700967
2385,2020-08-14,0.3972617599515067,0.3980801402081198,0.3963173480443373,0.399101053973752,0.0441845495903383,-0.0062415746669888805,-0.001175361961976873,-0.004664621430621074,-0.0025464693831960816,-0.03760050621311129,0.3980801402081198
2386,2020-08-17,0.3994547407274549,0.3957296114513707,0.3953178469280559,0.3963849387694703,0.0459410218086209,0.0021929807759482056,-0.002350528756749126,-0.0009995011162814427,-0.0027161152042817216,0.0017564722182825954,0.3957296114513707
2387,2020-08-18,0.3942254029850926,0.3910285539378724,0.3896537955689506,0.3872180374226223,0.0923893477051308,-0.005229337742362283,-0.004701057513498308,-0.005664051359105304,-0.009166901346848,0.0464483258965099,0.3910285539378724
2388,2020-08-19,0.3916950743335904,0.3903569835867633,0.3889874473878886,0.3901039197641259,0.0411516348283348,-0.0025303286515022116,-0.0006715703511090965,-0.000666348181061982,0.0028858823415036094,-0.051237712876795995,0.3903569835867633
2389,2020-08-20,0.3891647466706839,0.3927075123435125,0.3896537991837651,0.3897644112295726,0.0512158933461341,-0.0025303276629065063,0.0023505287567491817,0.0006663517958764853,-0.0003395085345532789,0.010064258517799296,0.3927075123435125
2390,2020-08-21,0.394394104589484,0.3896854132356543,0.3911531226573153,0.3933293129766324,0.0350148918296767,0.005229357918800082,-0.003022099107858167,0.001499323473550196,0.0035649017470597566,-0.016201001516457397,0.3896854132356543
2391,2020-08-24,0.3908516192872726,0.3856558935453977,0.3873215366387693,0.3877272804069864,0.0639257699566882,-0.0035424853022114067,-0.004029519690256611,-0.003831586018545996,-0.005602032569645976,0.028910878127011493,0.3856558935453977
2392,2020-08-25,0.3947314710916225,0.3890138103566778,0.3906533422102525,0.3914619847323595,0.0716989777549884,0.0038798518043499097,0.003357916811280115,0.003331805571483215,0.003734704325373095,0.007773207798300208,0.3890138103566778
2393,2020-08-26,0.3898395399037353,0.3869990993033506,0.3868217986732493,0.3897644343513755,0.0537142296069211,-0.004891931187887166,-0.002014711053327234,-0.0038315435370032125,-0.0016975503809840142,-0.017984748148067303,0.3869990993033506
2394,2020-08-27,0.3868031403519332,0.3878385785061707,0.3854890759498367,0.3870482973603823,0.0549088489106599,-0.003036399551802127,0.0008394792028201259,-0.0013327227234125605,-0.0027161369909931565,0.001194619303738799,0.3878385785061707
2395,2020-08-28,0.3903455902488626,0.3880064873578817,0.3923192761870747,0.3892551599937204,0.0802522337744515,0.0035424498969294227,0.00016790885171097392,0.00683020023723796,0.0022068626333380803,0.025343384863791597,0.3880064873578817
2396,2020-08-31,0.3947314822550286,0.3922038508441144,0.3936519768320751,0.3950268986024638,0.0853470941840041,0.004385892006165959,0.00419736348623273,0.0013327006450004064,0.005771738608743415,0.005094860409552607,0.3922038508441144
2397,2020-09-01,0.3922011799105623,0.3911964953174508,0.3884877066730846,0.3921410451727879,0.0415989352069037,-0.002530302344466273,-0.0010073555266635892,-0.005164270158990514,-0.0028858534296758998,-0.0437481589771004,0.3911964953174508
2398,2020-09-02,0.3910203263112006,0.3886780251811233,0.3866551951519412,0.3894248685245661,0.050397660946313,-0.0011808535993617086,-0.0025184701363274997,-0.0018325115211433873,-0.002716176648221824,0.008798725739409298,0.3886780251811233
2399,2020-09-03,0.3893334353531698,0.3873348519510377,0.3864885907774346,0.3884063316797483,0.0652294869137364,-0.0016868909580308178,-0.001343173230085648,-0.00016660437450660703,-0.0010185368448177856,0.014831825967423398,0.3873348519510377
2400,2020-09-04,0.3871405107961449,0.3869990993033506,0.3849893247599267,0.3880668541075158,0.0420353258201416,-0.0021929245570248557,-0.0003357526476870931,-0.0014992660175078831,-0.00033947757223251607,-0.023194161093594796,0.3869990993033506
2401,2020-09-07,0.3879838952690743,0.3891816866805214,0.3884876389320438,0.3897643751753424,0.0449973271074939,0.0008433844729293649,0.002182587377170808,0.0034983141721171007,0.0016975210678266128,0.0029620012873523005,0.3891816866805214
2402,2020-09-08,0.3932132937086768,0.3943864707491525,0.3918194767564528,0.3938385968344662,0.0487557412640054,0.005229398439602517,0.005204784068631119,0.0033318378244089897,0.0040742216591238,0.0037584141565115,0.3943864707491525
2403,2020-09-09,0.3952375550355965,0.3948901647764181,0.3918194792027289,0.3899341597231988,0.0926239076597462,0.002024261326919685,0.0005036940272655777,2.4462761261112576e-09,-0.0039044371112674225,0.043868166395740794,0.3948901647764181
2404,2020-09-10,0.3960810013112841,0.3969049083576126,0.393818556037569,0.3962152041043085,0.0544015448227708,0.0008434462756876093,0.0020147435811945225,0.0019990768348400745,0.006281044381109713,-0.038222362836975395,0.3969049083576126
2405,2020-09-11,0.3982739021199324,0.3980801402081198,0.3988161964567722,0.3980824956492647,0.0706080012218937,0.0021929008086483126,0.001175231850507219,0.004997640419203198,0.0018672915449561844,0.016206456399122902,0.3980801402081198
2406,2020-09-14,0.4040093229325573,0.4056354530335001,0.4048134600130848,0.4060611334326716,0.0935621474782077,0.005735420812624903,0.0075553128253803,0.0059972635563126375,0.007978637783406906,0.022954146256313993,0.4056354530335001
2407,2020-09-15,0.406708352288024,0.4071465025874292,0.4059795848549617,0.4075889716038772,0.0632711840368313,0.0026990293554666756,0.0015110495539290558,0.0011661248418768921,0.0015278381712056088,-0.030290963441376398,0.4071465025874292
2408,2020-09-16,0.4107568683982458,0.4059712382090547,0.4056464088896477,0.4082679919937711,0.0410425371750253,0.004048516110221834,-0.0011752643783745076,-0.0003331759653140143,0.0006790203898939251,-0.022228646861806,0.4059712382090547
2409,2020-09-17,0.4116003370987172,0.4044601886551255,0.4066459835960472,0.4082680172266911,0.0411025408843455,0.0008434687004713615,-0.0015110495539291668,0.0009995747063994975,2.523291997569288e-08,6.0003709320202714e-05,0.4044601886551255
2410,2020-09-18,0.4089012873344703,0.4073144114391402,0.4064793627761264,0.4091167864079176,0.0918493143212489,-0.002699049764246897,0.002854222784014704,-0.00016662081992080413,0.0008487691812265052,0.050746773436903404,0.4073144114391402
2411,2020-09-23,0.4085639107701218,0.4059712382090547,0.4051466341027833,0.406230901164426,0.0574508242327707,-0.0003373765643485127,-0.001343173230085537,-0.0013327286733431087,-0.0028858852434915927,-0.0343984900884782,0.4059712382090547
2412,2020-09-24,0.4055275219208046,0.3985838342353853,0.4013150732116256,0.4011381730496378,0.0814523079608557,-0.003036388849317173,-0.007387403973669382,-0.003831560891157715,-0.005092728114788225,0.024001483728085,0.3985838342353853
2413,2020-09-25,0.4040093606405747,0.3948901647764181,0.3991494507931871,0.3970639912539404,0.1001461908554347,-0.0015181612802299127,-0.003693669458967208,-0.0021656224184384842,-0.004074181795697407,0.018693882894579003,0.3948901647764181
2414,2020-09-28,0.3984425985001495,0.3957296114513707,0.3954844215801482,0.3941780795400436,0.0751464635995679,-0.005566762140425174,0.0008394466749526153,-0.003665029213038906,-0.002885911713896794,-0.0249997272558668,0.3957296114513707
2415,2020-09-29,0.4019265541543368,0.3945236732940028,0.3970969094480679,0.3950680689469836,0.0683114956197292,0.0034839556541872985,-0.001205938157367914,0.0016124878679197319,0.0008899894069400172,-0.0068349679798387075,0.3945236732940028
2416,2020-09-30,0.392406299287542,0.3862541460833032,0.3875241496323267,0.3893196884397571,0.0966823403628587,-0.009520254866794808,-0.008269527210699568,-0.009572759815741239,-0.00574838050722648,0.02837084474312951,0.3862541460833032
2417,2020-10-02,0.3898099588614392,0.3840145698823825,0.3849601117521798,0.3851391681330165,0.1021426779109981,-0.0025963404261027945,-0.0022395762009207454,-0.0025640378801468633,-0.004180520306740598,0.005460337548139391,0.3840145698823825
2418,2020-10-05,0.3913678114450045,0.3852205405676178,0.391455873224778,0.3886229957405356,0.0601509911521803,0.001557852583565278,0.0012059706852353136,0.006495761472598172,0.0034838276075190855,-0.0419916867588178,0.3852205405676178
2419,2020-10-06,0.3906753812889071,0.3898720906668765,0.3904301799383592,0.3912358456496269,0.0559507314997654,-0.0006924301560973789,0.004651550099258717,-0.0010256932864187718,0.002612849909091275,-0.004200259652414898,0.3898720906668765
2420,2020-10-07,0.3894637240798854,0.3890106876814038,0.3878660611335722,0.3893197224839104,0.0428699228679591,-0.0012116572090217215,-0.0008614029854727145,-0.002564118804787019,-0.0019161231657164879,-0.013080808631806301,0.3890106876814038
2421,2020-10-08,0.3939642139888282,0.3929731674368723,0.3935071426912412,0.3935003359539133,0.0680878454304447,0.004500489908942806,0.003962479755468484,0.005641081557669014,0.004180613470002925,0.025217922562485603,0.3929731674368723
2422,2020-10-09,0.3962143691607466,0.3914225639961396,0.3935070844880298,0.3941970626917537,0.0374150402024852,0.0022501551719184,-0.0015506034407326563,-5.8203211417140466e-08,0.0006967267378403807,-0.030672805227959503,0.3914225639961396
2423,2020-10-12,0.3894636760081503,0.3914225639961396,0.3890626238860866,0.3903648385502032,0.0308528163559201,-0.006750693152596299,0.0,-0.004444460601943201,-0.0038322241415504887,-0.006562223846565098,0.3914225639961396
2424,2020-10-13,0.3917139911199334,0.3869433465385632,0.3870113806408585,0.3889713699796756,0.0575162828247564,0.0022503151117830855,-0.004479217457576401,-0.002051243245228096,-0.001393468570527634,0.026663466468836296,0.3869433465385632
2425,2020-10-14,0.386174909281155,0.385737310797593,0.3842762865788026,0.3860100594202708,0.0493721430052039,-0.005539081838778381,-0.0012060357409702238,-0.0027350940620559094,-0.002961310559404795,-0.008144139819552497,0.385737310797593
2426,2020-10-15,0.386174909372239,0.3847036402261727,0.3839344090734763,0.3870551971254862,0.0341475654858664,9.108397369672616e-11,-0.0010336705714202865,-0.00034187750532627126,0.0010451377052154154,-0.0152245775193375,0.3847036402261727
2427,2020-10-16,0.3832323074771968,0.380052090126914,0.378806200374678,0.3814810838389244,0.0642639726819476,-0.002942601895042196,-0.004651550099258717,-0.00512820869879832,-0.0055741132865618215,0.030116407196081198,0.380052090126914
2428,2020-10-19,0.3813282831327467,0.3793629547273888,0.3800027898404466,0.3823520499791197,0.0395915383860093,-0.0019040243444500837,-0.0006891353995251981,0.001196589465768616,0.0008709661401953284,-0.024672434295938295,0.3793629547273888
2429,2020-10-20,0.3789049500099143,0.3740222692286049,0.3750454854563066,0.3759069535916697,0.0791285279453638,-0.002423333122832383,-0.005340685498783915,-0.004957304384139993,-0.00644509638745,0.0395369895593545,0.3740222692286049
2430,2020-10-21,0.3792510928091666,0.3748836071583427,0.3769257836954564,0.378519769643697,0.0505176683649534,0.0003461427992522692,0.0008613379297378043,0.001880298239149758,0.002612816052027289,-0.028610859580410403,0.3748836071583427
2431,2020-10-22,0.3757892065978331,0.3743667718726325,0.3731650912686756,0.375384316987287,0.0490993988719302,-0.003461886211333476,-0.000516835285710171,-0.0037606924267807873,-0.003135452656409965,-0.0014182694930232054,0.3743667718726325
2432,2020-10-23,0.3808089832942796,0.3754004749719203,0.3779514884801916,0.3781714364419878,0.0464319612485135,0.005019776696446487,0.0010337030992877971,0.004786397211516025,0.0027871194547007816,-0.002667437623416695,0.3754004749719203
2433,2020-10-26,0.376481584411165,0.3755727425578679,0.3750454395042931,0.3781714122609847,0.0441463654116799,-0.004327398883114564,0.00017226758594757197,-0.002906048975898523,-2.4181003088763475e-08,-0.002285595836833604,0.3755727425578679
2434,2020-10-27,0.3742313189210371,0.3729885010735823,0.3704300015035688,0.3739907565821346,0.0614928922878868,-0.0022502654901279118,-0.0025842414842855987,-0.004615438000724281,-0.00418065567885012,0.0173465268762069,0.3729885010735823
2435,2020-10-28,0.3731927852777866,0.3698874568314539,0.3685496818635937,0.3722488543522066,0.0567744187822519,-0.0010385336432505166,-0.00310104424212837,-0.001880319639975092,-0.001741902229927983,-0.004718473505634896,0.3698874568314539
2436,2020-10-29,0.3643649800105003,0.3638576684610122,0.3622248779103059,0.3642360755478633,0.0752173770742191,-0.008827805267286326,-0.006029788370441713,-0.0063248039532878275,-0.008012778804343312,0.018442958291967203,0.3638576684610122
2437,2020-10-30,0.3693847492185475,0.3626517303036444,0.366498438149627,0.3654554406579434,0.0698497725313928,0.005019769208047253,-0.001205938157367803,0.004273560239321128,0.001219365110080084,-0.00536760454282631,0.3626517303036444
2438,2020-11-02,0.3676537586360727,0.3652359067321951,0.3664983978338112,0.3675457024534652,0.065327674801715,-0.001730990582474834,0.0025841764285506885,-4.031581579688748e-08,0.0020902617955217973,-0.004522097729677793,0.3652359067321951
2439,2020-11-04,0.3733659242931921,0.3678201482164808,0.3712847882600776,0.3713779526169747,0.0665113843401228,0.005712165657119406,0.0025842414842857098,0.004786390426266385,0.0038322501635095207,0.0011837095384077956,0.3678201482164808
2440,2020-11-05,0.3681730150396172,0.3698874568314539,0.3671821453985266,0.3663263281432926,0.0686169690489957,-0.005192909253574907,0.002067308614973118,-0.004102642861550987,-0.005051624473682126,0.0021055847088728985,0.3698874568314539
2441,2020-11-06,0.3704232719740644,0.3712657276305042,0.3702591128416044,0.3724230742605288,0.0494976053065098,0.0022502569344471923,0.0013782707990502852,0.0030769674430777827,0.006096746117236207,-0.0191193637424859,0.3712657276305042
2442,2020-11-09,0.3745775873073049,0.3707489248726615,0.3709429138275975,0.3738166638388605,0.0518104755566707,0.00415431533324051,-0.0005168027578427159,0.0006838009859930771,0.0013935895783316887,0.0023128702501609005,0.3707489248726615
2443,2020-11-10,0.3875596332985563,0.3824639664416497,0.384447197766023,0.3786939488737541,0.1462454042613543,0.012982045991251412,0.011715041568988227,0.01350428393842551,0.0048772850348936525,0.09443492870468359,0.3824639664416497
2444,2020-11-11,0.3842708492296212,0.3874601167685385,0.3870113286809649,0.3847906876133461,0.1514002683802271,-0.0032887840689351244,0.004996150326888771,0.002564130914941898,0.006096738739591989,0.0051548641188728095,0.3874601167685385
2445,2020-11-12,0.3854825810558301,0.3848759728678552,0.3830797690694443,0.3825262812356475,0.130873544910049,0.0012117318262089283,-0.002584143900683289,-0.003931559611520585,-0.002264406377698591,-0.020526723470178115,0.3848759728678552
2446,2020-11-13,0.3815013672607384,0.3776401487564433,0.3769258439180921,0.3799133736782795,0.115621692977384,-0.003981213795091698,-0.0072358241114118815,-0.006153925151352213,-0.0026129075573680383,-0.015251851932664984,0.3776401487564433
2447,2020-11-16,0.3792511027603817,0.3798797574852315,0.3782933300262685,0.3806100813426858,0.0868635515650058,-0.0022502645003567023,0.0022396087287882005,0.0013674861081764411,0.0006967076644063264,-0.028758141412378202,0.3798797574852315
2448,2020-11-17,0.3827129851011301,0.3785014866861812,0.3798317751717915,0.3809584434420848,0.0781466490655786,0.003461882340748401,-0.0013782707990502852,0.001538445145522982,0.00034836209939898,-0.008716902499427207,0.3785014866861812
2449,2020-11-18,0.3802896567684595,0.3798797574852315,0.3793189627940358,0.3800874992560378,0.0608601258986919,-0.0024233283326706156,0.0013782707990502852,-0.0005128123777556892,-0.0008709441860469957,-0.017286523166886697,0.3798797574852315
2450,2020-11-19,0.3816744279521971,0.3819471311559396,0.37931896885053,0.3825262129082225,0.0627856994796041,0.0013847711837375876,0.0020673736707080836,6.056494195050277e-09,0.0024387136521846764,0.001925573580912207,0.3819471311559396
2451,2020-11-20,0.3792511243235669,0.3805688928847567,0.3782933515349974,0.3807843058818026,0.0554979762385311,-0.0024233036286301912,-0.0013782382711828856,-0.0010256173155326342,-0.0017419070264198533,-0.007287723241073005,0.3805688928847567
2452,2020-11-24,0.3885982246887638,0.3828085341414123,0.3873532333838189,0.3860100557080889,0.0743118665517504,0.009347100365196925,0.0022396412566556,0.009059881848821505,0.005225749826286263,0.018813890313219298,0.3828085341414123
2453,2020-11-25,0.3929256201232615,0.3871155815966434,0.3906011305094011,0.3894939216916514,0.1013408101591734,0.004327395434497672,0.004307047455231083,0.003247897125582211,0.0034838659835625396,0.027028943607423,0.3871155815966434
2454,2020-11-26,0.3870404554318785,0.3867710789526157,0.3846182349832042,0.386881091946802,0.0522795954659015,-0.005885164691383005,-0.0003445026440276888,-0.0059828955261969075,-0.002612829744849443,-0.0490612146932719,0.3867710789526157
2455,2020-11-27,0.3827130445887149,0.3838422697685675,0.3808574931762769,0.3839197660358285,0.1063265729154165,-0.0043274108431635705,-0.002928809184048198,-0.0037607418069273146,-0.002961325910973478,0.054046977449515,0.3838422697685675
2456,2020-11-30,0.3821937178156767,0.3745390394585801,0.3776095544426773,0.374687560874253,0.232830756810421,-0.0005193267730382312,-0.00930323030998742,-0.0032479387335995757,-0.009232205161575524,0.1265041838950045,0.3745390394585801
2457,2020-12-01,0.377866433578534,0.3733331663569471,0.3757293043468215,0.3736424859020792,0.0696479418727703,-0.004327284237142681,-0.0012058731016330038,-0.0018802500958557955,-0.001045074972173765,-0.1631828149376507,0.3733331663569471
2458,2020-12-02,0.3759623460272971,0.3760896428993129,0.3760711502454678,0.3778230585716852,0.0800504031158289,-0.0019040875512368882,0.0027564765423658266,0.0003418458986462758,0.004180572669605975,0.010402461243058589,0.3760896428993129
2459,2020-12-03,0.3785587309352703,0.379707489899284,0.3782933539353005,0.3800875232784655,0.0742245884291028,0.0025963849079732038,0.003617846999971086,0.0022222036898327246,0.0022644647067803225,-0.005825814686726091,0.379707489899284
2460,2020-12-04,0.3809820875882976,0.3790183870276262,0.3774386577540892,0.3804359134725746,0.0475502121949356,0.0024233566530272865,-0.0006891028716577985,-0.0008546961812113119,0.0003483901941090939,-0.026674376234167206,0.3790183870276262
2461,2020-12-07,0.3828860728541003,0.3786737867999962,0.3800027355676934,0.3820036161807336,0.0522468661699086,0.00190398526580271,-0.00034460022762999865,0.002564077813604182,0.00156770270815898,0.004696653974973,0.3786737867999962
2462,2020-12-08,0.3775201600864997,0.3772955485288133,0.375216386597666,0.3769520403902282,0.0505831269569391,-0.005365912767600622,-0.0013782382711828856,-0.004786348970027388,-0.005051575790505358,-0.0016637392129694936,0.3772955485288133
2463,2020-12-09,0.3808089820315852,0.3790183870276262,0.3772677059019313,0.3814810777420767,0.059480040584327,0.003288821945085507,0.0017228384988128842,0.002051319304265331,0.004529037351848453,0.008896913627387898,0.3790183870276262
2464,2020-12-10,0.3865210916652975,0.3855650432116455,0.3853019170817515,0.3861842334428477,0.0886745726099431,0.005712109633712326,0.006546656184019284,0.008034211179820172,0.004703155700771011,0.0291945320256161,0.3855650432116455
2465,2020-12-11,0.3891175440949813,0.3883215522818787,0.388037017678957,0.3905390677817796,0.0651040246124305,0.00259645242968376,0.0027565090702332262,0.0027351005972054976,0.004354834338931912,-0.023570547997512598,0.3883215522818787
2466,2020-12-14,0.3875596649663902,0.3871155815966434,0.3894045458295914,0.3896680980117888,0.0540087932708567,-0.0015578791285910665,-0.0012059706852353136,0.0013675281506344006,-0.0008709697699907926,-0.011095231341573808,0.3871155815966434
2467,2020-12-15,0.3839247390618033,0.3840145698823825,0.3820541125335204,0.3847907622854093,0.0497321652611252,-0.0036349259045869164,-0.003101011714260915,-0.007350433296070991,-0.004877335726379495,-0.004276628009731498,0.3840145698823825
2468,2020-12-16,0.3873865895005658,0.3890106876814038,0.3866694764424148,0.3898423046085399,0.0524977907725204,0.003461850438762515,0.004996117799021316,0.004615363908894388,0.005051542323130598,0.0027656255113951977,0.3890106876814038
2469,2020-12-17,0.3911946786994411,0.3883215522818787,0.3875241882097998,0.3917584083675857,0.0566216820676187,0.003808089198875264,-0.0006891353995250871,0.0008547117673849969,0.001916103759045773,0.0041238912950983045,0.3883215522818787
2470,2020-12-18,0.3903291608228806,0.3953850437516081,0.3923105099743794,0.3926293265493358,0.1173508907823392,-0.0008655178765604732,0.007063491469729399,0.004786321764579604,0.0008709181817501133,0.060729208714720505,0.3953850437516081
2471,2020-12-21,0.399157033052698,0.3931454024949525,0.3970968923770747,0.3943712669737256,0.0679132891851496,0.008827872229817402,-0.0022396412566556,0.0047863824026952995,0.0017419404243897985,-0.0494376015971896,0.3931454024949525
2472,2020-12-22,0.3934449067275259,0.3841868049404626,0.388891712774923,0.3879261717449787,0.0770229432364909,-0.0057121263251720955,-0.008958597554489911,-0.008205179602151669,-0.006445095228746922,0.009109654051341301,0.3841868049404626
2473,2020-12-23,0.3851363142457092,0.3824639664416497,0.3834215650172441,0.3856616390210514,0.0441409105290145,-0.008308592481816701,-0.0017228384988128842,-0.0054701477576789,-0.0022645327239272928,-0.03288203270747641,0.3824639664416497
2474,2020-12-24,0.3877327669322451,0.3841868049404626,0.3856438363763925,0.387403589630138,0.0396351774473331,0.0025964526865359105,0.0017228384988128842,0.0022222713591483756,0.0017419506090866066,-0.004505733081681396,0.3841868049404626
2475,2020-12-25,0.3875596833199531,0.3838422697685675,0.383763492131602,0.3872294352307429,0.0360513195361167,-0.0001730836122920132,-0.0003445351718950884,-0.0018803442447904994,-0.00017415439939511002,-0.0035838579112164037,0.3838422697685675
2476,2020-12-28,0.3856556951396281,0.3850482729816702,0.3827378737750248,0.3867068941155998,0.0330347694221097,-0.0019039881803250003,0.0012060032131027132,-0.0010256183565772181,-0.0005225411151431048,-0.003016550114006998,0.3850482729816702
2477,2020-12-29,0.3885982633222534,0.3922840320373472,0.3897464413632056,0.3900164951668657,0.0610074077306597,0.0029425681826252825,0.007235759055676971,0.007008567588180803,0.0033096010512659313,0.02797263830855,0.3922840320373472
2478,2020-12-30,0.3960413120075663,0.3910780288242445,0.391284862848063,0.3945454637556113,0.0344421291498019,0.007443048685312925,-0.0012060032131027132,0.001538421484857444,0.004528968588745574,-0.026565278580857797,0.3910780288242445
2479,2021-01-04,0.3920600879552377,0.3872878166547235,0.3875241232728081,0.3868809811951403,0.0422698857747569,-0.003981224052328591,-0.003790212169520968,-0.003760739575254912,-0.007664482560470975,0.007827756624954996,0.3872878166547235
2480,2021-01-05,0.3891175661143822,0.3869433465385632,0.3866695030032709,0.3905390898816217,0.0402952182498554,-0.0029425218408555276,-0.0003444701161602892,-0.0008546202695371985,0.0036581086864814205,-0.0019746675249014967,0.3869433465385632
2481,2021-01-06,0.3911946811128663,0.3938345704223451,0.3923105555362594,0.3912358552299418,0.0682187626144161,0.0020771149984841197,0.006891223883781883,0.005641052532988466,0.0006967653483200831,0.027923544364560703,0.3938345704223451
2482,2021-01-07,0.4005417889751966,0.4019317649913622,0.4030798589286626,0.4025583417812415,0.1160580835906219,0.009347107862330284,0.008097194569017085,0.010769303392403229,0.011322486551299693,0.0478393209762058,0.4019317649913622
2483,2021-01-08,0.4048691176125295,0.4034822383206252,0.4013703991550032,0.4034292572509397,0.0743827800264016,0.004327328637332928,0.0015504733292630024,-0.001709459773659383,0.0008709154696981969,-0.041675303564220306,0.4034822383206252
2484,2021-01-12,0.411619856007662,0.4076170181899087,0.4071824147552904,0.4098743838639213,0.0675859962252212,0.006750738395132461,0.004134779869283511,0.005812015600287157,0.006445126612981578,-0.0067967838011804005,0.4076170181899087
2485,2021-01-13,0.4093695883557065,0.4179538540155815,0.4164132379526367,0.4112678994064815,0.1095558634533771,-0.002250267651955462,0.010336835825672797,0.009230823197346305,0.0013935155425602308,0.041969867228155905,0.4179538540155815
2486,2021-01-14,0.4192360921501512,0.42260553422631,0.4196612102033932,0.4199776079563369,0.0922911598171523,0.009866503794444648,0.004651680210728482,0.0032479722507565145,0.008709708549855366,-0.0172647036362248,0.42260553422631
2487,2021-01-15,0.4271983961489172,0.4222609014708126,0.4261569132329278,0.4264226405896408,0.0511886189328067,0.007962303998766018,-0.00034463275549739825,0.006495703029534616,0.0064450326333039265,-0.041102540884345604,0.4222609014708126
2488,2021-01-18,0.4168126878682861,0.4182984217153441,0.4162422969192995,0.4182356000205611,0.0393078844874046,-0.010385708280631067,-0.003962479755468484,-0.009914616313628333,-0.008187040569079707,-0.011880734445402101,0.4182984217153441
2489,2021-01-19,0.4218324616738068,0.4201935278001045,0.4218833984786663,0.4225904365979307,0.0637839430073859,0.005019773805520655,0.0018951060847604007,0.005641101559366812,0.004354836577369625,0.024476058519981296,0.4201935278001045
2490,2021-01-20,0.4221786811641909,0.4267402490398587,0.4239347251068231,0.4238098120580085,0.0591145634457402,0.00034621949038410316,0.006546721239754194,0.0020513266281568243,0.0012193754600777762,-0.0046693795616456965,0.4267402490398587
2491,2021-01-21,0.4306603384044036,0.4272570843255688,0.428721076842715,0.430603286839154,0.0634075561034682,0.008481657240212714,0.0005168352857101155,0.0047863517358918695,0.006793474781145503,0.0042929926577279995,0.4272570843255688
2492,2021-01-22,0.4287562817745346,0.4308749963812747,0.4306014155809503,0.4309516648739217,0.0606473854747384,-0.0019040566298689776,0.0036179120557058853,0.0018803387382352876,0.0003483780347677268,-0.0027601706287297967,0.4308749963812747
2493,2021-01-25,0.4332567654078359,0.4348374436088758,0.4345330767291763,0.4360032600291796,0.0565834978889604,0.0045004836333013,0.003962447227601085,0.003931661148226018,0.005051595155257882,-0.004063887585777998,0.4348374436088758
2494,2021-01-26,0.4379303503376188,0.4363880145217411,0.436755345778726,0.4400097131833159,0.0604728292294432,0.00467358492978287,0.0015505709128653122,0.0022222690495496966,0.00400645315413628,0.0038893313404827975,0.4363880145217411
2495,2021-01-27,0.4351607567468841,0.4281184547831741,0.4350458685024533,0.4314742129622733,0.0852434514133601,-0.002769593590734698,-0.008269559738566967,-0.0017094772762726862,-0.008535500221042602,0.024770622183916895,0.4281184547831741
2496,2021-01-28,0.4259867741594388,0.4289798902965143,0.4282082425334221,0.4276420187223498,0.0630202594342195,-0.009173982587445284,0.0008614355133401697,-0.0068376259690312025,-0.003832194239923481,-0.02222319197914059,0.4289798902965143
2497,2021-01-29,0.4278908116722535,0.4227777692843901,0.4256441297765221,0.4264226866313871,0.0779830025856143,0.0019040375128147047,-0.006202121012124195,-0.0025641127568999944,-0.0012193320909626992,0.0149627431513948,0.4227777692843901
2498,2021-02-01,0.4154279526856756,0.4201935278001045,0.4172679856977858,0.412835659332072,0.0678423757104984,-0.012462858986577896,-0.0025842414842855987,-0.008376144078736325,-0.013587027299315102,-0.010140626875115896,0.4201935278001045
2499,2021-02-02,0.420447711184009,0.4213995310132072,0.4213705837070438,0.4229388305262859,0.049879447093093,0.00501975849833336,0.0012060032131027132,0.004102598009257996,0.010103171194213889,-0.017962928617405408,0.4213995310132072
2500,2021-02-03,0.4275446548318704,0.4245006077832031,0.4244475727269017,0.4274678521678109,0.0393897077273867,0.007096943647861398,0.0031010767699958808,0.003076989019857923,0.004529021641525022,-0.010489739365706297,0.4245006077832031
2501,2021-02-04,0.4289294076765721,0.4288076227105667,0.4285501441403528,0.4304291297477874,0.0470920020510358,0.001384752844701742,0.004307014927363628,0.004102571413451106,0.0029612775799764957,0.007702294323649099,0.4288076227105667
2502,2021-02-05,0.4315258168744946,0.4301858609817496,0.4290629579622277,0.4325194159764091,0.0443591058356334,0.002596409197922478,0.0013782382711828856,0.0005128138218749023,0.002090286228621674,-0.002732896215402403,0.4301858609817496
2503,2021-02-08,0.4393151185510971,0.445691212303861,0.4435930058139982,0.4417516389424877,0.1049573973663826,0.0077893016766025225,0.015505351322111394,0.014530047851770478,0.009232222966078618,0.0605982915307492,0.445691212303861
2504,2021-02-09,0.4554129254886219,0.4541329420447733,0.4528237992213315,0.4541192682591508,0.0970369077361145,0.016097806937524772,0.008441729740912285,0.009230793407333293,0.012367629316663076,-0.007920489630268104,0.4541329420447733
2505,2021-02-10,0.4500469807211589,0.4618856014418953,0.4627384433580733,0.4511579888800999,0.1092176607281177,-0.005365944767462993,0.007752659397121997,0.009914644136741813,-0.002961279379050885,0.012180752992003205,0.4618856014418953
2506,2021-02-12,0.4607789288558234,0.4601628279988173,0.4588067967143566,0.4600418428752959,0.0599164311975649,0.010731948134664493,-0.001722773443077974,-0.003931646643716702,0.008883853995196034,-0.0493012295305528,0.4601628279988173
2507,2021-02-15,0.4761843056003732,0.4722224372675681,0.479319699985165,0.4762416360913166,0.0784084834335213,0.015405376744549837,0.01205960926875077,0.020512903270808402,0.016199793216020664,0.018492052235956402,0.4722224372675681
2508,2021-02-16,0.4805116971895447,0.4746343786380387,0.4765846439140519,0.477286817229315,0.0715953349843444,0.004327391589171448,0.002411941370470627,-0.0027350560711130734,0.0010451811379983966,-0.006813148449176909,0.4746343786380387
2509,2021-02-17,0.4933207360412793,0.4937576094879886,0.4950463684024325,0.492789938828416,0.141614208878367,0.012809038851734622,0.01912323084994988,0.01846172448838057,0.015503121599101,0.07001887389402262,0.4937576094879886
2510,2021-02-18,0.5011100197428958,0.4875554884758645,0.4970976430161098,0.4908738218977783,0.1080448609550408,0.007789283701616523,-0.006202121012124084,0.002051274613677323,-0.0019161169306377013,-0.03356934792332621,0.4875554884758645
2511,2021-02-19,0.4851853212494068,0.474462176107826,0.4800035623187327,0.4741514666577464,0.0776666193910169,-0.015924698493489042,-0.013093312368038512,-0.017094080697377112,-0.016722355240031905,-0.030378241564023897,0.474462176107826
2512,2021-02-22,0.4813772300338721,0.4723948024371179,0.4784650674656846,0.4772868746417312,0.0525087005378514,-0.003808091215534659,-0.0020673736707080836,-0.001538494853048078,0.003135407983984817,-0.025157918853165505,0.4723948024371179
2513,2021-02-24,0.4768767508672363,0.468776890381412,0.4731658741468202,0.4718869046293906,0.0815559507314997,-0.004500479166635818,-0.0036179120557058853,-0.005299193318864415,-0.005399970012340605,0.029047250193648295,0.468776890381412
2514,2021-02-25,0.4827619339734774,0.478080023107797,0.477781277517299,0.4812932411538349,0.067089601902663,0.0058851831062410875,0.009303132726385,0.004615403370478777,0.009406336524444336,-0.014466348828836698,0.478080023107797
2515,2021-02-26,0.4799923900261394,0.4796305289649274,0.4808581887992005,0.4776352324796795,0.0862962437677965,-0.0027695439473379713,0.001550505857130402,0.0030769112819015176,-0.003658008674155444,0.019206641865133503,0.4796305289649274
2516,2021-03-01,0.4810309822991998,0.4837652763063435,0.480003493442375,0.4802481283079283,0.051745016964685,0.0010385922730604125,0.004134747341416056,-0.00085469535682553,0.002612895828248807,-0.0345512268031115,0.4837652763063435
2517,2021-03-02,0.4862237235678546,0.4767016872530118,0.4837641175527231,0.4790286541135771,0.0579199441420015,0.005192741268654766,-0.007063589053331654,0.0037606241103481097,-0.0012194741943512,0.0061749271773164985,0.4767016872530118
2518,2021-03-03,0.4829350077447376,0.4829038407930033,0.4810291224580304,0.4846029050519201,0.0540142481535222,-0.0032887158231170166,0.006202153539991484,-0.0027349950946926604,0.005574250938343017,-0.003905695988479299,0.4829038407930033
2519,2021-03-04,0.4933207610138343,0.4851435796332613,0.4875249809492065,0.4849513109468591,0.0595782284723055,0.010385753269096742,0.002239738840258021,0.006495858491176065,0.00034840589493900787,0.0055639803187832945,0.4851435796332613
2520,2021-03-05,0.4931476381490317,0.4847989794056312,0.4926532065886072,0.486519013816881,0.0773120520177611,-0.00017312286480264394,-0.00034460022763010967,0.005128225639400685,0.001567702870021892,0.017733823545455607,0.4847989794056312
2521,2021-03-08,0.4957440770260646,0.4944467448875138,0.4938497791175341,0.4938351246526502,0.0662331853241836,0.002596438877032925,0.009647765481882564,0.0011965725289269091,0.007316110835769218,-0.011078866693577508,0.4944467448875138
2522,2021-03-09,0.499032832584817,0.4997874303862977,0.4976104726155414,0.5004543711367992,0.0770502176498183,0.0032887555587524098,0.005340685498783915,0.003760693498007339,0.006619246484149022,0.010817032325634704,0.4997874303862977
2523,2021-03-10,0.501975459973593,0.4996151302724826,0.4969267089142489,0.4980156814962792,0.0718735340002836,0.0029426273887760424,-0.0001723001138150826,-0.000683763701292528,-0.0024386896405200753,-0.005176683649534705,0.4996151302724826
2524,2021-03-11,0.5038794849608182,0.4987536947591425,0.5010292621428564,0.5041123804108754,0.0594745857016615,0.0019040249872251946,-0.0008614355133401141,0.004102553228607475,0.006096698914596188,-0.012398948298622092,0.4987536947591425
2525,2021-03-12,0.5097647305224846,0.5061617864565019,0.5034224579649852,0.5063769384162942,0.0813104810115534,0.0058852455616663635,0.007408091697359398,0.002393195822128824,0.002264558005418804,0.021835895309891898,0.5061617864565019
2526,2021-03-15,0.5078606751237351,0.5061617864565019,0.5041062131790401,0.5100349334740951,0.0681423942570995,-0.0019040553987494935,0.0,0.0006837552140549485,0.0036579950578009557,-0.013168086754453898,0.5061617864565019
2527,2021-03-16,0.5064759390453657,0.5032330423281887,0.5025677535560609,0.5044608155192786,0.0709298392991566,-0.0013847360783694196,-0.002928744128313232,-0.0015384596229792713,-0.005574117954816549,0.0027874450420570934,0.5032330423281887
2528,2021-03-17,0.5054373211829057,0.5049558157712667,0.5034224233862363,0.5056800920912138,0.0701825203739867,-0.0010386178624599562,0.0017227734430780295,0.0008546698301754585,0.0012192765719352128,-0.0007473189251698958,0.5049558157712667
2529,2021-03-18,0.5064759582987345,0.5047835807131865,0.5032515279045158,0.5041124288853327,0.0803176923664372,0.0010386371158287444,-0.00017223505808017237,-0.00017089548172055657,-0.0015676632058810869,0.010135171992450495,0.5047835807131865
2530,2021-03-19,0.5005907452776088,0.4994428626865351,0.4981232914512666,0.4997576281927808,0.2659691690031747,-0.005885213021125657,-0.005340718026651425,-0.005128236453249169,-0.004354800692551897,0.18565147663673748,0.4994428626865351
2531,2021-03-22,0.5019753939636963,0.5053003184152943,0.5032514437230524,0.5042865474360777,0.0695061149234679,0.001384648686087453,0.005857455728759231,0.005128152271785813,0.004528919243296903,-0.1964630540797068,0.5053003184152943
2532,2021-03-23,0.508553026127959,0.5009933360157981,0.5041061949691874,0.5060285143413724,0.0583672445205703,0.00657763216426277,-0.004306982399496229,0.0008547512461349882,0.0017419669052947118,-0.011138870402897592,0.5009933360157981
2533,2021-03-24,0.4959171269600634,0.4910010678898879,0.4909437510423566,0.4927899050351177,0.0917020324892811,-0.012635899167895648,-0.009992268125910198,-0.013162443926830802,-0.0132386093062547,0.033334787968710804,0.4910010678898879
2534,2021-03-25,0.5040526654432403,0.5037499101417662,0.506670382900537,0.5058543781880772,0.098618823709102,0.00813553848317694,0.012748842251878278,0.015726631858180407,0.0130644731529595,0.006916791219820889,0.5037499101417662
2535,2021-03-26,0.5080336799409662,0.5085736627712377,0.5066702338949274,0.5102090352080361,0.0706570951658829,0.00398101449772581,0.004823752629471545,-1.4900560962871623e-07,0.004354657019958852,-0.0279617285432191,0.5085736627712377
2536,2021-03-29,0.5189387722843517,0.5058172838124743,0.5145336781852212,0.5077704833548654,0.0897873686736998,0.010905092343385547,-0.0027563789587634613,0.007863444290293842,-0.0024385518531706563,0.019130273507816903,0.5058172838124743
2537,2021-03-30,0.5067932258514166,0.5139075499457273,0.5127034590829646,0.5076941611388528,0.0734172657946127,-0.012145546432935084,0.008090266133253032,-0.0018302191022566694,-7.632221601261424e-05,-0.016370102879087092,0.5139075499457273
2538,2021-03-31,0.5092671518622179,0.5019479963972134,0.5046761464681776,0.5073384835162893,0.0602600888054897,0.0024739260108013195,-0.011959553548513857,-0.008027312614786952,-0.00035567762256349944,-0.013157176989123005,0.5019479963972134
2539,2021-04-01,0.5006084743107458,0.4901643535558,0.4959507312927606,0.4945349881187046,0.0766574660979042,-0.008658677551472094,-0.011783642841413422,-0.008725415175416973,-0.012803495397584685,0.016397377292414507,0.4901643535558
2540,2021-04-02,0.4965442370676817,0.4852397970651406,0.4931585809544203,0.487244081166011,0.051952302505973,-0.0040642372430641505,-0.004924556490659426,-0.002792150338340349,-0.007290906952693632,-0.024705163591931208,0.4852397970651406
2541,2021-04-05,0.4901828228097644,0.4901643535558,0.4880978875385118,0.4909784618528647,0.0387405766901953,-0.006361414257917308,0.004924556490659426,-0.005060693415908479,0.003734380686853722,-0.013211725815777696,0.4901643535558
2542,2021-04-06,0.4868254015410257,0.4801394274509829,0.4819901049413437,0.4797753563917406,0.0640021383140048,-0.0033574212687386695,-0.010024926104817089,-0.006107782597168099,-0.011203105461124074,0.025261561623809492,0.4801394274509829
2543,2021-04-07,0.4854118148555364,0.4845363494039431,0.4809430889364396,0.4849324035113589,0.0514231788874221,-0.0014135866854892987,0.004396921952960153,-0.0010470160049040889,0.0051570471196182854,-0.012578959426582693,0.4845363494039431
2544,2021-04-08,0.4887691830966821,0.4783806781865193,0.4832116296718483,0.48155362270684,0.0375350476211256,0.003357368241145686,-0.006155671217423775,0.002268540735408664,-0.0033787808045189216,-0.013888131266296504,0.4783806781865193
2545,2021-04-09,0.4832913273301641,0.4797877036203842,0.4797215218811644,0.4838654425731152,0.042673547092002,-0.005477855766517992,0.0014070254338648946,-0.0034901077906838718,0.002311819866275211,0.005138499470876405,0.4797877036203842
2546,2021-04-12,0.4808174214210763,0.474687301478359,0.4769293585034219,0.478530622394944,0.0421716978867784,-0.0024739059090878035,-0.005100402142025173,-0.002792163377742518,-0.005334820178171218,-0.0005018492052236007,0.474687301478359
2547,2021-04-13,0.4756929880207284,0.4708181116467005,0.4727412195005965,0.4749741299732324,0.0367713640479593,-0.005124433400347905,-0.003869189831658515,-0.004188139002825386,-0.0035564924217115768,-0.005400333838819105,0.4708181116467005
2548,2021-04-14,0.4682712491219522,0.4627277804577126,0.4624452205347486,0.4637709805219224,0.0784084834335213,-0.007421738898776176,-0.008090331188987887,-0.010295998965847875,-0.011203149451310013,0.041637119385562006,0.4627277804577126
2549,2021-04-15,0.4737492038045258,0.473104462920996,0.4720431938256579,0.4749741242210014,0.0520832196899444,0.00547795468257356,0.010376682463283382,0.009597973290909279,0.011203143699078988,-0.026325263743576903,0.473104462920996
2550,2021-04-16,0.4771066020201543,0.4732803411002291,0.47309024256081,0.4769302167660673,0.031611045046421,0.0033573982156285265,0.00017587817923309101,0.0010470487351521007,0.0019560925450659017,-0.020472174643523397,0.4732803411002291
2551,2021-04-19,0.471628764800813,0.4699387858062698,0.4668080201315547,0.4724846230193527,0.0325983788088718,-0.005477837219341308,-0.0033415552939592974,-0.006282222429255302,-0.0044455937467146045,0.000987333762450797,0.4699387858062698
2552,2021-04-20,0.4716287005641149,0.4687075734959032,0.4661099366133164,0.4705284582728919,0.0478556856242022,-6.423669812738453e-08,-0.0012312123103666028,-0.0006980835182383016,-0.0019561647464607645,0.015257306815330399,0.4687075734959032
2553,2021-04-21,0.4643837556055304,0.4632554475232794,0.4598276684137837,0.4618149971909516,0.0559398217344344,-0.007244944958584465,-0.005452125972623789,-0.0062822681995327034,-0.008713461081940321,0.008084136110232204,0.4632554475232794
2554,2021-04-22,0.4673877444381865,0.4616725439101815,0.4634923027266587,0.4623484174878446,0.0399242862286032,0.003003988832656068,-0.0015829036130979302,0.0036646343128750036,0.0005334202968930168,-0.0160155355058312,0.4616725439101815
2555,2021-04-23,0.4594359960637055,0.4555169377484925,0.4551159317817765,0.4570136559036092,0.0528632679111072,-0.007951748374480982,-0.006155606161688976,-0.008376370944882194,-0.0053347615842354035,0.012938981682504,0.4555169377484925
2556,2021-04-26,0.4587291866854006,0.4570998088337231,0.4565120293651096,0.4575471176063374,0.0484666324827353,-0.0007068093783049179,0.001582871085230586,0.001396097583333089,0.0005334617027281663,-0.004396635428371903,0.4570998088337231
2557,2021-04-27,0.4581990133964655,0.4563962961167906,0.4538943923190743,0.4579027695111987,0.0288290548870293,-0.0005301732889350652,-0.0007035127169324751,-0.0026176370460352927,0.0003556519048613094,-0.019637577595705998,0.4563962961167906
2558,2021-04-28,0.4610262933324024,0.4592102819287854,0.4566864963710906,0.4605701351385077,0.0298000240014837,0.0028272799359368994,0.002813985811994768,0.0027921040520162976,0.002667365627309015,0.0009709691144543994,0.4592102819287854
2559,2021-04-30,0.4647371727021879,0.4602655835320515,0.4605256717456648,0.4639488638168406,0.0455591800220377,0.0037108793697854803,0.0010553016032661122,0.0038391753745741775,0.0033787286783328874,0.015759156020554003,0.4602655835320515
2560,2021-05-06,0.4744559785056266,0.4766219289220557,0.4739627495488928,0.4744405735662174,0.076182891306008,0.009718805803438701,0.01635634539000419,0.013437077803228004,0.010491709749376799,0.030623711283970297,0.4766219289220557
2561,2021-05-07,0.4788737372107652,0.4810189159307507,0.4778019906220952,0.4756854840171312,0.0518213853220017,0.004417758705138608,0.004396987008695008,0.0038392410732024373,0.0012449104509137943,-0.0243615059840063,0.4810189159307507
2562,2021-05-10,0.4894761447207959,0.4938578278475627,0.4900175648005365,0.4904450863081436,0.0683769542117149,0.01060240751003072,0.012838911916812024,0.012215574178441269,0.01475960229101242,0.0165555688897132,0.4938578278475627
2563,2021-05-11,0.4935402591228904,0.4861192204891736,0.4875743627303763,0.4863549968405515,0.0611874188586203,0.004064114402094476,-0.007738607358389105,-0.0024432020701601886,-0.004090089467592095,-0.007189535353094599,0.4861192204891736
2564,2021-05-12,0.4866486818057495,0.4734561867515948,0.4860037563975125,0.4740849443647548,0.104144619849227,-0.006891577317140907,-0.012663033737578822,-0.001570606332863822,-0.012270052475796711,0.0429572009906067,0.4734561867515948
2565,2021-05-13,0.4733957217678673,0.4734561867515948,0.4769293382074582,0.4724845184586213,0.0700679678380118,-0.013252960037882178,0.0,-0.009074418190054279,-0.0016004259061334625,-0.03407665201121521,0.4734561867515948
2566,2021-05-14,0.475869619400298,0.4741596994685271,0.4746607827744077,0.4763966872127538,0.0704825389205878,0.002473897632430666,0.0007035127169323085,-0.00226855543305049,0.003912168754132472,0.00041457108257600406,0.4741596994685271
2567,2021-05-17,0.4772833087590152,0.473983821289294,0.4718686576476422,0.4742628118083152,0.0351348992483171,0.0014136893587172183,-0.00017587817923309101,-0.002792125126765521,-0.002133875404438601,-0.0353476396722707,0.473983821289294
2568,2021-05-18,0.4774600057267724,0.4799635492717498,0.4818155944903771,0.4803088756848312,0.0504249353596404,0.0001766969677571839,0.005979727982455774,0.0099469368427349,0.006046063876516017,0.015290036111323298,0.4799635492717498
2569,2021-05-19,0.4703918024549816,0.4629037236926806,0.4671570056389159,0.4664384327825037,0.0935894218915351,-0.007068203271790807,-0.017059825579069154,-0.014658588851461207,-0.013870442902327529,0.043164486531894704,0.4629037236926806
2570,2021-05-20,0.4594359425347455,0.4627277804577126,0.4612236458198144,0.4595031600667207,0.0585036165872072,-0.010955859920236066,-0.00017594323496800124,-0.00593335981910148,-0.006935272715782981,-0.0350858053043279,0.4627277804577126
2571,2021-05-21,0.4629701681059688,0.4551652139178938,0.4582571499449305,0.4584362933141331,0.0708480160591745,0.003534225571223293,-0.007562566539818849,-0.002966495874883901,-0.001066866752587603,0.012344399471967298,0.4551652139178938
2572,2021-05-24,0.4610262933324024,0.4592102819287854,0.4620961903838587,0.4625262353692003,0.0442609179476549,-0.0019438747735663897,0.004045068010891606,0.0038390404389281874,0.004089942055067186,-0.026587098111519596,0.4592102819287854
2573,2021-05-25,0.4645605087375065,0.4614967307866832,0.4603512059367901,0.4643045911093363,0.0376277806264387,0.0035342154051040686,0.002286448857897805,-0.0017449844470686093,0.0017783557401360173,-0.006633137321216204,0.4614967307866832
2574,2021-05-26,0.4578456525147191,0.4588585580981866,0.4572100459279249,0.4598588890026102,0.049568518781161,-0.006714856222787391,-0.0026381726884965873,-0.0031411600088651626,-0.004445702106726124,0.011940738154722304,0.4588585580981866
2575,2021-05-27,0.4629701822087566,0.4527029844643652,0.4573846255316219,0.4577250127345096,0.1693031932883123,0.005124529694037483,-0.0061555736338214095,0.00017457960369698933,-0.0021338762681005763,0.1197346745071513,0.4527029844643652
2576,2021-05-28,0.4594360038422094,0.4599138271735853,0.4600021857433981,0.4621706163071294,0.05571617154515,-0.0035341783665471804,0.007210842709220122,0.002617560211776171,0.004445603572619805,-0.1135870217431623,0.4599138271735853
2577,2021-05-31,0.4592592972680577,0.4546375793801945,0.4554649863775112,0.4557688679236045,0.0514777277140768,-0.0001767065741516971,-0.005276247793390809,-0.004537199365886868,-0.006401748383524919,-0.004238443831073205,0.4546375793801945
2578,2021-06-01,0.4589059405851843,0.458682712446821,0.4554650094828434,0.458436286163851,0.0465846979631468,-0.00035335668287339583,0.004045133066626516,2.3105332203066098e-08,0.002667418240246522,-0.004893029750929999,0.458682712446821
2579,2021-06-02,0.4670343377217942,0.4639589277123443,0.4652374061604445,0.4660828080263094,0.0735972769225734,0.0081283971366099,0.0052762152655232986,0.009772396677601103,0.0076465218624584,0.027012578959426596,0.4639589277123443
2580,2021-06-03,0.4624400332173343,0.4673006131177733,0.4648883819249416,0.4644823943135643,0.04391726033973,-0.004594304504459912,0.003341685405429007,-0.00034902423550292605,-0.001600413712745108,-0.029680016582843395,0.4673006131177733
2581,2021-06-04,0.4733957855923292,0.4727527065625297,0.4699490962688801,0.4740850082821396,0.0578599404326812,0.01095575237499491,0.00545209344475639,0.0050607143439385105,0.009602613968575313,0.013942680092951201,0.4727527065625297
2582,2021-06-07,0.4818777410935717,0.4724010152597984,0.4791980614136857,0.4763967561367712,0.0455809995526996,0.008481955501242477,-0.0003516913027313273,0.00924896514480561,0.002311747854631563,-0.012278940879981604,0.4724010152597984
2583,2021-06-08,0.4732190506791354,0.4736320649308279,0.4702981150237342,0.4749741218983399,0.0449100489848463,-0.008658690414436288,0.0012310496710294938,-0.008899946389951507,-0.0014226342384313084,-0.0006709505678532957,0.4736320649308279
2584,2021-06-09,0.4756929338636263,0.4734561867515948,0.4725666473959905,0.4765745018041049,0.0280326420178701,0.0024738831844909326,-0.00017587817923309101,0.0022685323722563266,0.0016003799057650037,-0.0168774069669762,0.4734561867515948
2585,2021-06-10,0.4751628134469803,0.473983821289294,0.4718686576476422,0.4769302065782871,0.034213024077852,-0.0005301204166460183,0.0005276345376992175,-0.0006979897483483377,0.00035570477418223057,0.006180382059981896,0.473983821289294
2586,2021-06-11,0.479403786536592,0.4722251045526979,0.4736137700361107,0.4746184679120602,0.04288083263329,0.004240973089611688,-0.001758716736596111,0.0017451123884685282,-0.0023117386662269146,0.008667808555438,0.4722251045526979
2587,2021-06-14,0.4767531275255109,0.4734561867515948,0.4708215710714034,0.4747962387376717,0.0254579373997665,-0.00265065901108108,0.0012310821988968934,-0.0027921989647073375,0.0001777708256114896,-0.017422895233523496,0.4734561867515948
2588,2021-06-15,0.4739258829721003,0.4799635492717498,0.4765803654012144,0.4767523494735674,0.0494757857758479,-0.0028272445534106017,0.006507362520154991,0.005758794329811023,0.001956110735895744,0.0240178483760814,0.4799635492717498
2589,2021-06-16,0.4870021133964591,0.4869985463296042,0.4896684250704007,0.4895557982224291,0.0579635832033252,0.013076230424358792,0.007034997057854431,0.013088059669186303,0.01280344874886169,0.008487797427477302,0.4869985463296042
2590,2021-06-17,0.4896527426036614,0.4813706072334821,0.4849567345685378,0.4865328205591687,0.0540633420975114,0.002650629207202271,-0.0056279390961221365,-0.004711690501862931,-0.003022977663260429,-0.003900241105813801,0.4813706072334821
2591,2021-06-18,0.4825845159690216,0.4701145664019007,0.4765804078990744,0.4731958654583557,0.0811304698835928,-0.007068226634639796,-0.011256040831581382,-0.008376326669463363,-0.013336955100813008,0.027067127786081405,0.4701145664019007
2592,2021-06-21,0.4640304067266518,0.4565722393517586,0.4586061242466359,0.458080664114003,0.0772302287777789,-0.018554109242369776,-0.013542327050142078,-0.017974283652438527,-0.01511520134435268,-0.003900241105813912,0.4565722393517586
2593,2021-06-22,0.472865686786133,0.4660694658631416,0.4676805161603533,0.4692836737587653,0.0534360305909819,0.008835280059481199,0.009497226511382961,0.009074391913717395,0.011203009644762285,-0.023794198186796997,0.4660694658631416
2594,2021-06-23,0.4672110894225731,0.4680041258347057,0.4650629224629354,0.4689280749673992,0.0327456606408396,-0.005654597363559888,0.0019346599715641122,-0.002617593697417875,-0.0003555987913660963,-0.0206903699501423,0.4680041258347057
2595,2021-06-24,0.467387789326745,0.4722251045526979,0.4694255969228454,0.4680389262076418,0.0352658164322885,0.0001766999041719064,0.004220978717992208,0.00436267445991001,-0.0008891487597573744,0.0025201557914489026,0.4722251045526979
2596,2021-06-25,0.4785202026598043,0.4782048000072862,0.4758823487369673,0.4806644990073184,0.0589127327871177,0.011132413333059255,0.0059796954545883185,0.006456751814121864,0.012625572799676577,0.023646916354829198,0.4782048000072862
2597,2021-06-28,0.4806407656486753,0.4776772630531892,0.4767549541277748,0.4794198149648949,0.0466992504991217,0.002120562988871033,-0.0005275369540970187,0.0008726053908075238,-0.001244684042423505,-0.012213482287996,0.4776772630531892
2598,2021-06-29,0.4719821987172777,0.4699387858062698,0.4673315218425804,0.4707063595593901,0.0522141368739158,-0.008658566931397604,-0.007738477246919395,-0.009423432285194377,-0.008713455405504777,0.005514886374794102,0.4699387858062698
2599,2021-06-30,0.4733958362691023,0.4718733807220991,0.4697746815064323,0.4749741907809663,0.039957015524596,0.0014136375518246092,0.001934594915829313,0.0024431596638518904,0.0042678312215762015,-0.012257121349319805,0.4718733807220991
2600,2021-07-01,0.4797572114759519,0.4690593623822369,0.4737882795071049,0.4717732269550764,0.0320310710116625,0.0063613752068495955,-0.002814018339862223,0.00401359800067258,-0.003200963825889913,-0.007925944512933498,0.4690593623822369
2601,2021-07-02,0.4758696858696118,0.4729286172696303,0.4718687157821521,0.4755076220561561,0.0334002465606964,-0.003887525606340092,0.003869254887393425,-0.0019195637249527775,0.0037343951010797016,0.001369175549033902,0.4729286172696303
2602,2021-07-05,0.4725122142655907,0.4683557846095696,0.4675059596272512,0.4717731929481044,0.022010451555187,-0.0033574716040211117,-0.0045728326600606994,-0.004362756154900893,-0.003734429108051718,-0.0113897950055094,0.4683557846095696
2603,2021-07-06,0.4753395227702883,0.478732467072853,0.480594032136531,0.4767523617769206,0.0511940738154722,0.00282730850469759,0.010376682463283382,0.013088072509279791,0.004979168828816216,0.029183622260285202,0.478732467072853
2604,2021-07-07,0.4721588513104933,0.4641348058915774,0.4668079564959755,0.4671497689572899,0.0838142721550059,-0.0031806714597950037,-0.01459766118127559,-0.013786075640555506,-0.009602592819630718,0.0326201983395337,0.4641348058915774
2605,2021-07-08,0.4585524721822392,0.4519994392195653,0.4544179186481479,0.4570136627607154,0.080775902510337,-0.013606379128254076,-0.012135366672012093,-0.012390037847827606,-0.010136106196574457,-0.0030383696446689007,0.4519994392195653
2606,2021-07-09,0.447243245925001,0.4539340341353946,0.4521492968602959,0.4488335975457009,0.0726808566347737,-0.011309226257238236,0.001934594915829313,-0.0022686217878519765,-0.00818006521501452,-0.008095045875563311,0.4539340341353946
2607,2021-07-12,0.4640303735649326,0.461144974428217,0.4608747229182832,0.4653715216727042,0.0567907834302484,0.01678712763993162,0.0072109402928223765,0.008725426057987262,0.01653792412700328,-0.015890073204525297,0.461144974428217
2608,2021-07-13,0.4656207357314191,0.467476458769139,0.4652374317930331,0.4667941281900122,0.0519468476233076,0.001590362166486503,0.006331484340922011,0.004362708874749932,0.0014226065173080227,-0.0048439358069407995,0.467476458769139
2609,2021-07-14,0.4700383807808108,0.4688834842030038,0.4668079811524972,0.4724845835662916,0.0301382267267431,0.004417645049391683,0.0014070254338647836,0.0015705493594641018,0.00569045537627938,-0.021808620896564497,0.4688834842030038
2610,2021-07-15,0.4695082421989144,0.4683557846095696,0.4669824580064095,0.4714175728783512,0.036825912874614,-0.0005301385818963777,-0.0005276995934341833,0.0001744768539122532,-0.0010670106879404062,0.006687686147870901,0.4683557846095696
2611,2021-07-16,0.4702150933194967,0.4673006131177733,0.465935438505269,0.470528478662285,0.0345894109817697,0.0007068511205822747,-0.0010551714917962918,-0.0010470195011405004,-0.0008890942160661996,-0.0022365018928443003,0.4673006131177733
2612,2021-07-19,0.462440054883498,0.4600897378806858,0.4584316521263873,0.460214540553266,0.0399351959939341,-0.0077750384359986935,-0.007210875237087522,-0.0075037863788816606,-0.010313938109018983,0.0053457850121644,0.4600897378806858
2613,2021-07-20,0.4551950254019758,0.452175284870931,0.4512767619190138,0.4547018744940382,0.0508340515595509,-0.007245029481522169,-0.007914453009754796,-0.007154890207373532,-0.005512666059227789,0.010898855565616795,0.452175284870931
2614,2021-07-21,0.4601428099227336,0.4509441701441667,0.4561629883718968,0.4548797454619728,0.0345457719204459,0.004947784520757781,-0.001231114726764293,0.004886226452883002,0.00017787096793459023,-0.016288279639104994,0.4509441701441667
2615,2021-07-26,0.4619098783416384,0.4519994392195653,0.4563375134859978,0.4564802054842634,0.0335638930406606,0.0017670684189047825,0.0010552690753986016,0.00017452511410104288,0.001600460022290584,-0.0009818788797853056,0.4519994392195653
2616,2021-07-27,0.4603195087115846,0.4563962961167906,0.4577335285305898,0.4607480014569642,0.0398806471672794,-0.0015903696300537673,0.004396856897225299,0.0013960150445919695,0.0042677959727008274,0.0063167541266188,0.4563962961167906
2617,2021-07-28,0.4571387939441805,0.4574515326643218,0.454941423235783,0.4591475496121252,0.0299145765374586,-0.0031807147674041136,0.001055236547531202,-0.0027921052948067793,-0.0016004518448389793,-0.009966070629820797,0.4574515326643218
2618,2021-07-29,0.456432009166872,0.4565722393517586,0.4535454125914537,0.4575471525313734,0.0401152071218948,-0.0007067847773085112,-0.0008792933125632008,-0.0013960106443293152,-0.0016003970807518253,0.0102006305844362,0.4565722393517586
2619,2021-07-30,0.4571388999576214,0.4527029844643652,0.4523239136220478,0.4564802608490543,0.0385278362662419,0.000706890790749426,-0.003869254887393425,-0.0012214989694058764,-0.0010668916823191044,-0.0015873708556529004,0.4527029844643652
2620,2021-08-02,0.4573155205285943,0.4613208200795827,0.4586061047157309,0.459858907935258,0.0339784641232367,0.0001766205709728963,0.008617835615217506,0.006282191093683054,0.0033786470862037232,-0.004549372143005201,0.4613208200795827
2621,2021-08-03,0.459082518292833,0.4574515326643218,0.4568609646057835,0.4587918752883096,0.0338475469392653,0.0017669977642386647,-0.0038692874152608803,-0.001745140109947363,-0.001067032646948407,-0.00013091718397140184,0.4574515326643218
2622,2021-08-04,0.4597893495768752,0.4630794717604439,0.4598275792847325,0.4625262019997331,0.0316928682864031,0.0007068312840421975,0.005627939096122081,0.0029666146789489867,0.0037343267114234857,-0.002154678652862195,0.4630794717604439
2623,2021-08-05,0.4566087167544307,0.4606173398905177,0.4570355565321155,0.4587919492125081,0.0375241378557947,-0.0031806328224444624,-0.0024621318699262207,-0.0027920227526170294,-0.003734252787225001,0.005831269569391596,0.4606173398905177
2624,2021-08-06,0.4656206754697188,0.4664211896937403,0.465935391478872,0.4653714789914911,0.0640785066713215,0.009011958715288093,0.005803849803222627,0.008899834946756502,0.006579529778983018,0.026554368815526808,0.4664211896937403
2625,2021-08-10,0.4686247682560778,0.4606173398905177,0.4722177444417811,0.4655493283075464,0.0572162642781553,0.0030040927863589917,-0.005803849803222627,0.006282352962909132,0.00017784931605530074,-0.0068622423931662055,0.4606173398905177
2626,2021-08-11,0.4707451302637547,0.4676522718926372,0.4680294920570259,0.471417550269288,0.0542979020521268,0.0021203620076769014,0.0070349320021195205,-0.004188252384755231,0.005868221961741582,-0.002918362226028502,0.4676522718926372
2627,2021-08-12,0.4716287289016959,0.4671247349385402,0.4676805228883505,0.4712397810205498,0.0274162402766716,0.0008835986379411853,-0.0005275369540970187,-0.00034896916867538375,-0.000177769248738191,-0.026881661775455198,0.4671247349385402
2628,2021-08-13,0.4703918195102948,0.4613208200795827,0.4650629093751132,0.466438449694477,0.0447464025048821,-0.0012369093914010865,-0.005803914858957482,-0.0026176135132373046,-0.0048013313260728,0.0173301622282105,0.4613208200795827
2629,2021-08-16,0.4604962608205027,0.4558687266348262,0.454766965278931,0.4571915100176242,0.0433008585985315,-0.009895558689792083,-0.005452093444756501,-0.010295944096182175,-0.009246939676852806,-0.0014455439063505993,0.4558687266348262
2630,2021-08-17,0.4604962210938894,0.4548134250315601,0.4568609857988571,0.4596810281534569,0.0400552034125746,-3.972661333229155e-08,-0.0010553016032661122,0.0020940205199260764,0.0024895181358327023,-0.0032456551859569027,0.4548134250315601
2631,2021-08-18,0.4578456569161261,0.4604414291834172,0.4582571068910944,0.4602145135171311,0.0401697559485495,-0.0026505641777632705,0.005628004151857102,0.0013961210922373013,0.0005334853636742021,0.00011455253597490028,0.4604414291834172
2632,2021-08-19,0.4560785889309338,0.4476025497944726,0.45127679440622,0.452212349533502,0.0754246626155071,-0.0017670679851923277,-0.012838879388944568,-0.006980312484874407,-0.00800216398362913,0.035254906666957596,0.4476025497944726
2633,2021-08-20,0.4497171814903217,0.4477784605015732,0.4460415895078443,0.4481223633613613,0.0515540960713935,-0.006361407440612088,0.00017591070710060164,-0.0052352048983757005,-0.0040899861721406805,-0.02387056654411359,0.4477784605015732
2634,2021-08-23,0.4520143127754125,0.4504165356064674,0.4497062070854377,0.45327926185188,0.0367986384612867,0.002297131285090792,0.0026380751048941664,0.0036646175775933987,0.005156898490518702,-0.014755457610106805,0.4504165356064674
2635,2021-08-24,0.4574921738591933,0.4574515326643218,0.4559884264356001,0.4593253325057504,0.057178080099497,0.005477861083780788,0.007034997057854431,0.006282219350162432,0.006046070653870417,0.020379441638210302,0.4574515326643218
2636,2021-08-25,0.4650906469981117,0.4646625054850116,0.4624453067187289,0.4659050047124135,0.0483793543600877,0.007598473138918427,0.007210972820689776,0.006456880283128796,0.006579672206663056,-0.008798725739409298,0.4646625054850116
2637,2021-08-26,0.470038345715722,0.4648382860806424,0.4659354081109615,0.4696393163789523,0.0475338475469392,0.004947698717610305,0.0001757805956308367,0.003490101392232603,0.0037343116665388143,-0.0008455068131485027,0.4648382860806424
2638,2021-08-27,0.462970097535627,0.4581550453812542,0.4573845418800409,0.459147572117386,0.0496012480771538,-0.007068248180094994,-0.006683240699388249,-0.008550866230920606,-0.010491744261566294,0.0020674005302145984,0.4581550453812542
2639,2021-08-30,0.4665042363853436,0.4669488242314397,0.4638413085791921,0.4685723612479034,0.0397933690446318,0.003534138849716595,0.008793778850185507,0.006456766699151184,0.00942478913051742,-0.009807879032521997,0.4669488242314397
2640,2021-08-31,0.4626166839259905,0.4639589277123443,0.4619217714572036,0.4651936764025539,0.0586072593578512,-0.0038875524593531274,-0.0029898965190953697,-0.0019195371219885016,-0.0033786848453495333,0.0188138903132194,0.4639589277123443
2641,2021-09-01,0.4668577094484777,0.4680041258347057,0.4654119590915666,0.4685724005841173,0.038391464199605,0.0042410255224872295,0.004045198122361371,0.0034901876343629845,0.0033787241815634306,-0.020215795158246203,0.4680041258347057
2642,2021-09-02,0.4732189927728605,0.4662452789866398,0.4682039446366178,0.4699948947573817,0.033280239142056,0.006361283324382794,-0.0017588468480658759,0.002791985545051223,0.0014224941732643992,-0.005111225057548997,0.4662452789866398
2643,2021-09-03,0.4735724689261721,0.473983821289294,0.4734392157889553,0.4760410749882964,0.0599218860802304,0.00035347615331160487,0.007738542302654194,0.005235271152337517,0.006046180230914688,0.026641646938174397,0.473983821289294
2644,2021-09-06,0.4776366932074944,0.4755666923745246,0.4732647552225375,0.4778193426841013,0.034856700232378,0.004064224281322304,0.001582871085230586,-0.00017446056641778895,0.0017782676958049137,-0.025065185847852396,0.4755666923745246
2645,2021-09-07,0.4795804424515635,0.4783806781865193,0.4753587861129705,0.4795975767239198,0.0402733987191935,0.0019437492440690929,0.0028139858119947125,0.002094030890432974,0.0017782340398184715,0.005416698486815495,0.4783806781865193
2646,2021-09-08,0.4825845392076014,0.4833052346771788,0.4797215474311858,0.4826206622916413,0.0541233458068316,0.0030040967560379106,0.004924556490659482,0.00436276131821528,0.0030230855677215174,0.0138499470876381,0.4833052346771788
2647,2021-09-09,0.4836448007086797,0.4808430052236502,0.4795470427471563,0.4845767766003916,0.0444081997796227,0.0010602615010782968,-0.002462229453528586,-0.00017450468402946395,0.001956114308750312,-0.009715146027208896,0.4808430052236502
2648,2021-09-10,0.4818777133421247,0.4773254741668556,0.4771039206432781,0.4808423869648298,0.0766683758632351,-0.001767087366555009,-0.0035175310567945872,-0.0024431221038782036,-0.00373438963556183,0.0322601760836124,0.4773254741668556
2649,2021-09-13,0.4817009927999284,0.483656991035645,0.4798960502033305,0.4838654526760838,0.0413425557216264,-0.00017672054219630695,0.006331516868789411,0.00279212956005237,0.0030230657112539916,-0.035325820141608705,0.483656991035645
2650,2021-09-14,0.4924800332814542,0.4998374907742836,0.4961251946047245,0.4947128235679419,0.1002116494474203,0.010779040481525781,0.016180499738638554,0.016229144401394002,0.01084737089185811,0.058869093725793895,0.4998374907742836
2651,2021-09-15,0.4976045329508392,0.4906919880934994,0.4914135523182898,0.4948906386888382,0.0563816672303378,0.0051244996693849965,-0.009145502680784179,-0.00471164228643467,0.00017781512089631857,-0.043829982217082494,0.4906919880934994
2652,2021-09-16,0.5036125300403311,0.5082795132660028,0.5053741630223413,0.5050267596043218,0.1218075299200314,0.0060079970894919565,0.01758752517250345,0.013960610704051468,0.010136120915483549,0.0654258626896936,0.5082795132660028
2653,2021-09-17,0.511034331768047,0.5130282891610315,0.5111330159902487,0.5121399346397518,0.1122723950207831,0.007421801727715893,0.004748775895028645,0.005758852967907457,0.007113175035430075,-0.009535134899248301,0.5130282891610315
2654,2021-09-21,0.5066165159746618,0.5084553589173685,0.5058976245236851,0.5064493082993127,0.0478938698028605,-0.0044178157933851825,-0.004572930243663009,-0.005235391466563599,-0.005690626340439153,-0.06437852521792259,0.5084553589173685
2655,2021-09-22,0.5099739217898905,0.5084553589173685,0.5055486412060839,0.5068049826260126,0.0565834978889604,0.003357405815228698,0.0,-0.000348983317601248,0.0003556743266999174,0.008689628086099903,0.5084553589173685
2656,2021-09-24,0.5251707169229012,0.5137316717664941,0.5189857530932306,0.5176524541379857,0.0742845921384231,0.015196795133010643,0.005276312849125664,0.013437111887146691,0.010847471511973072,0.0177010942494627,0.5137316717664941
2657,2021-09-27,0.5196926972928901,0.5197113021653476,0.5186366519661992,0.5222758309435436,0.0606637501227348,-0.005478019630011044,0.005979630398853408,-0.0003491011270313482,0.0046233768055579105,-0.013620842015688306,0.5197113021653476
2658,2021-09-28,0.5278213008370506,0.530263927863599,0.5270131074283676,0.5276107309862033,0.1188018895713553,0.008128603544160451,0.010552625698251439,0.008376455462168364,0.005334900042659685,0.05813813944862051,0.530263927863599
2659,2021-09-29,0.525737656082295,0.5284695280564241,0.5247162463917052,0.527618874643531,0.0743773251437361,-0.0020836447547556425,-0.0017943998071748846,-0.0022968610366623787,8.143657327708276e-06,-0.044424564427619204,0.5284695280564241
2660,2021-09-30,0.5338509231161279,0.5286490168289428,0.5305919384232183,0.5345135469924456,0.0796521966812493,0.008113267033832972,0.00017948877251872108,0.005875692031513058,0.00689467234891461,0.005274871537513201,0.5286490168289428
2661,2021-10-01,0.530064632568398,0.5212916035490506,0.5266746927914515,0.5236272226523907,0.0802140495957931,-0.0037862905477299424,-0.007357413279892255,-0.003917245631766764,-0.010886324340054876,0.0005618529145438034,0.5212916035490506
2662,2021-10-04,0.5322281077463992,0.5295460703571268,0.5284551269016986,0.5325175490961718,0.073984573591822,0.002163475178001195,0.008254466808076177,0.0017804341102470866,0.008890326443781071,-0.006229476003971099,0.5295460703571268
2663,2021-10-05,0.5392597132278182,0.5491058577159517,0.5466164929883034,0.5424967319969094,0.1471781891971503,0.007031605481419012,0.01955978735882491,0.01816136608660479,0.009979182900737626,0.0731936156053283,0.5491058577159517
2664,2021-10-06,0.5634189601406193,0.5787143490506904,0.5751044921034972,0.5669905769441852,0.1655993279584556,0.024159246912801136,0.02960849133473875,0.02848799911519384,0.0244938449472758,0.0184211387613053,0.5787143490506904
2665,2021-10-07,0.5697293194942076,0.544619614239009,0.56353124816201,0.5461253879368366,0.1365848070608001,0.006310359353588257,-0.03409473481168146,-0.011573243941487288,-0.020865189007348572,-0.02901452089765552,0.544619614239009
2666,2021-10-08,0.5724337609555344,0.5598725818376749,0.5679825517444633,0.5615475630048907,0.0940476320354349,0.0027044414613268675,0.0152529675986659,0.004451303582453381,0.0154221750680541,-0.04253717502536519,0.5598725818376749
2667,2021-10-11,0.5733352795024229,0.5796117278575488,0.5768851479321948,0.5724338319171536,0.0911729088707302,0.000901518546888469,0.01973914601987392,0.008902596187731482,0.010886268912262853,-0.002874723164704704,0.5796117278575488
2668,2021-10-12,0.5832513686329305,0.5921728843143141,0.5893486279453708,0.5860415217171387,0.0967532538375099,0.009916089130507566,0.012561156456765366,0.012463480013175987,0.013607689799985168,0.005580344966779713,0.5921728843143141
2669,2021-10-13,0.5976749583810028,0.5885840196442297,0.5920194543831727,0.5923918791460955,0.0484229934214115,0.01442358974807234,-0.0035888646700844573,0.002670826437801921,0.006350357428956732,-0.048330260416098406,0.5885840196442297
2670,2021-10-14,0.5823498372013441,0.5787143490506904,0.5786655106304539,0.5742480563290708,0.0571726252168315,-0.015325121179658674,-0.00986967059353927,-0.013353943752718811,-0.018143822817024646,0.008749631795420001,0.5787143490506904
2671,2021-10-15,0.5841527883685349,0.5894811382281485,0.5848973035607445,0.5842271009793644,0.0504576646556332,0.0018029511671907583,0.010766789177458103,0.006231792930290636,0.009979044650293534,-0.006714960561198302,0.5894811382281485
2672,2021-10-18,0.5922661743485956,0.5975563764866455,0.5946902581195141,0.5932991034482314,0.0687915252942909,0.008113385980060728,0.008075238258496986,0.009792954558769607,0.00907200246886708,0.018333860638657704,0.5975563764866455
2673,2021-10-19,0.5949705154229272,0.590378451979272,0.5893486588421423,0.5887631076376266,0.0448773196888534,0.0027043410743315954,-0.007177924507373534,-0.005341599277371878,-0.00453599581060482,-0.023914205605437507,0.590378451979272
2674,2021-10-20,0.5967734360363269,0.5858922735580641,0.5920194029767619,0.5905774576377985,0.0521486782819301,0.0018029206133997056,-0.004486178421207909,0.0026707441346196514,0.0018143500001718271,0.007271358593076704,0.5858922735580641
2675,2021-10-21,0.5922661324169515,0.5849950899184103,0.594690216016248,0.5914846912249756,0.0745191520930384,-0.004507303619375458,-0.0008971836396537425,0.0026708130394861307,0.0009072335871771475,0.0223704738111083,0.5849950899184103
2676,2021-10-22,0.5787440718182002,0.581406160192591,0.5840071554371981,0.5787840969144,0.0656931519403017,-0.013522060598751273,-0.0035889297258193675,-0.010683060579049997,-0.012700594310575575,-0.008826000152736699,0.581406160192591
2677,2021-10-25,0.589561754938444,0.5867895873091875,0.5857877017391387,0.590577540259502,0.0313110264998199,0.010817683120243782,0.005383427116596562,0.0017805463019406886,0.011793443345102017,-0.0343821254404818,0.5867895873091875
2678,2021-10-26,0.5949704325975818,0.5894811382281485,0.5893485767994108,0.590577395555227,0.0352003578403028,0.005408677659137773,0.0026915509189610054,0.0035608750602720285,-1.4470427500690164e-07,0.0038893313404829016,0.5894811382281485
2679,2021-10-27,0.5949705783782462,0.5867895873091875,0.5893487212025985,0.591484725421191,0.0304982489826643,1.4578066442894055e-07,-0.0026915509189610054,1.444031877406715e-07,0.0009073298659639795,-0.004702108857638502,0.5867895873091875
2680,2021-10-28,0.5769412103828285,0.5544892848325481,0.5697631570833172,0.5597332869361082,0.0920893291585298,-0.018029367995417656,-0.0323003024766394,-0.019585564119281362,-0.03175143848508277,0.061591080175865495,0.5544892848325481
2681,2021-10-29,0.5616162287313552,0.558975463253756,0.5590801170504005,0.5588261208597559,0.0639039504260263,-0.015324981651473335,0.004486178421207909,-0.010683040032916646,-0.0009071660763523282,-0.0281853787325035,0.558975463253756
2682,2021-11-01,0.5652219999662726,0.5634615115634942,0.5608605163837674,0.5588260106673858,0.045597364200696,0.003605771234917454,0.0044860483097382,0.0017803993333669332,-1.1019237011744565e-07,-0.018306586225330296,0.5634615115634942
2683,2021-11-02,0.5652220084277308,0.5535919710814248,0.5626410343824095,0.5570116488414292,0.0548433903186742,8.461458200770267e-09,-0.00986954048206945,0.001780517998642095,-0.001814361825956623,0.009246026117978194,0.5535919710814248
2684,2021-11-04,0.5634190217458779,0.5580780844468978,0.5608604793211736,0.5615475288061472,0.0628402483062589,-0.0018029866818529694,0.004486113365472999,-0.0017805550612359777,0.004535879964718048,0.007996857987584698,0.5580780844468978
2685,2021-11-05,0.5526013393001716,0.5526946573303013,0.549287130838207,0.5497540864798269,0.0413589203696228,-0.010817682445706245,-0.005383427116596451,-0.011573348482966539,-0.011793442326320291,-0.021481327936636097,0.5526946573303013
2686,2021-11-08,0.5643205154290111,0.566153192593925,0.5644215214899994,0.5651762921789583,0.0694133819181549,0.011719176128839437,0.013458535263623728,0.01513439065179234,0.01542220569913133,0.028054461548532098,0.566153192593925
2687,2021-11-09,0.5742367049099134,0.5634615115634942,0.5742143382024285,0.5678978614899083,0.0478502307415367,0.009916189480902338,-0.002691681030430826,0.009792816712429153,0.0027215693109500227,-0.021563151176618195,0.5634615115634942
2688,2021-11-10,0.5661235820919599,0.558975463253756,0.5679826666849611,0.5597333061208919,0.0622347563303913,-0.008113122817953511,-0.0044860483097382,-0.0062316715174673964,-0.00816455536901639,0.0143845255888546,0.558975463253756
2689,2021-11-11,0.5571087881450238,0.550900290050994,0.5546287553956888,0.5515685524123684,0.0474356596589607,-0.00901479394693605,-0.008075173202762076,-0.013353911289272324,-0.008164753708523542,-0.014799096671430603,0.550900290050994
2690,2021-11-12,0.5589117292069818,0.550900290050994,0.5555190102197589,0.5542901077696663,0.0500594582210536,0.0018029410619579966,0.0,0.0008902548240701247,0.0027215553572979,0.0026237985620929036,0.550900290050994
2691,2021-11-15,0.5489954821165164,0.5437223655436204,0.5448358816210621,0.5437667119650922,0.0608655807813573,-0.009916247090465458,-0.007177924507373534,-0.0106831285986968,-0.010523395804574065,0.0108061225603037,0.5437223655436204
2692,2021-11-16,0.5471925584382659,0.544619614239009,0.5439456439604867,0.5461253879368366,0.0473538364189786,-0.0018029236782505231,0.0008972486953885417,-0.0008902376605753881,0.0023586759717444394,-0.013511744362378703,0.544619614239009
2693,2021-11-17,0.5516999649591499,0.550900290050994,0.5528482457475485,0.5533829226505669,0.0582526919845954,0.004507406520883994,0.006280675811984993,0.008902601787061815,0.0072575347137302515,0.010898855565616802,0.550900290050994
2694,2021-11-18,0.5408822369123265,0.5311611115032526,0.5359333231624439,0.5345134025339794,0.0801758654171348,-0.01081772804682335,-0.01973917854774132,-0.01691492258510463,-0.01886952011658749,0.021923173432539397,0.5311611115032526
2695,2021-11-19,0.5417837612534137,0.5376212435598888,0.5386041408609934,0.5415894882473009,0.0673459813879403,0.0009015243410871454,0.006460132056636203,0.002670817698549488,0.007076085713321523,-0.012829884029194494,0.5376212435598888
2696,2021-11-22,0.5221317314710134,0.5345706500401557,0.5311259950383957,0.5254416209098273,0.0619674670797831,-0.019652029782400215,-0.0030505935197331358,-0.007478145822597648,-0.016147867337473643,-0.005378514308157202,0.5345706500401557
2697,2021-11-24,0.5498970313525511,0.5392362847060148,0.5475067242260799,0.5443110788392005,0.0524705163591931,0.02776529988153764,0.00466563466585912,0.016380729187684184,0.018869457929373223,-0.009496950720590001,0.5392362847060148
2698,2021-11-25,0.542685155032763,0.5419278681528432,0.5439455926472687,0.5443109665295601,0.0334493405046857,-0.007211876319788035,0.002691583446828405,-0.0035611315788112163,-1.1230964036545998e-07,-0.019021175854507404,0.5419278681528432
2699,2021-11-26,0.5390793614668296,0.5333145539111995,0.5350431333277669,0.5345134673247378,0.0566162271849532,-0.0036057935659334905,-0.008613314241643688,-0.008902459319501843,-0.009797499204822313,0.0231668866802675,0.5333145539111995
2700,2021-11-29,0.5262783961708223,0.5223682434333554,0.5252502575644342,0.5261672802858985,0.0676023608732176,-0.012800965296007272,-0.010946310477844112,-0.009792875763332654,-0.00834618703883927,0.010986133688264399,0.5223682434333554
2701,2021-11-30,0.531506949630891,0.5259572056870422,0.5313040147323103,0.5314289782763931,0.1906972431023008,0.0052285534600686745,0.003588962253686767,0.006053757167876039,0.005261697990494585,0.1230948822290832,0.5259572056870422
2702,2021-12-01,0.5233937621341204,0.5232655571844789,0.5218673826114628,0.5234458075759486,0.0641876043246309,-0.00811318749677059,-0.0026916485025633152,-0.009436632120847444,-0.00798317070044452,-0.1265096387776699,0.5232655571844789
2703,2021-12-02,0.5178046652018682,0.5153699052821028,0.5131428727960273,0.5174583843012096,0.0593054843390318,-0.00558909693225218,-0.007895651902376066,-0.008724509815435488,-0.005987423274739001,-0.0048821199855991,0.5153699052821028
2704,2021-12-03,0.5246558617003392,0.5218299722830042,0.5190185749673015,0.5219943522840892,0.0439336249877265,0.0068511964984709905,0.006460067000901404,0.0058757021712742,0.004535967982879585,-0.015371859351305299,0.5218299722830042
2705,2021-12-06,0.5293435687548009,0.5268545519660331,0.5291675511010687,0.5303404605537084,0.0415662059109108,0.004687707054461754,0.00502457968302894,0.010148976133767196,0.008346108269619235,-0.002367419076815702,0.5268545519660331
2706,2021-12-07,0.5354735020727249,0.535288442490893,0.5336187699304608,0.5336063047761742,0.068251491910409,0.006129933317923997,0.008433890524859877,0.004451218829392034,0.0032658442224657858,0.026685285999498196,0.535288442490893
2707,2021-12-08,0.5462911301844635,0.5345706500401557,0.540384666747052,0.5392308455016541,0.0518868439139874,0.010817628111738586,-0.0007177924507373312,0.0067658968165912325,0.00562454072547991,-0.016364647996421594,0.5345706500401557
2708,2021-12-09,0.5347522172259721,0.533135000082946,0.5316600796989887,0.5361462923386817,0.0395369895593545,-0.01153891295849141,-0.0014356499572096837,-0.008724587048063337,-0.0030845531629724032,-0.0123498543546329,0.533135000082946
2709,2021-12-10,0.5372763903413018,0.5308022315418177,0.5320162154589435,0.5350577262390002,0.0625347748769924,0.0025241731153297087,-0.002332768541128294,0.00035613575995485647,-0.0010885660996815538,0.022997785317637895,0.5308022315418177
2710,2021-12-13,0.5407019929735671,0.5279311593224706,0.5368236385579932,0.5337877259849249,0.044871864806188,0.0034256026322653232,-0.002871072219347126,0.00480742309904969,-0.0012700002540753097,-0.017662910070804394,0.5279311593224706
2711,2021-12-14,0.5279010740871384,0.529007766678908,0.5263186161524458,0.5296146144584621,0.0460173901659375,-0.012800918886428758,0.0010766073564374423,-0.010505022405547404,-0.004173111526462714,0.0011455253597494955,0.529007766678908
2712,2021-12-15,0.5336706213256757,0.5300845692025501,0.5286333700193051,0.53360636510628,0.0455482702567067,0.005769547238537287,0.001076802523642062,0.0023147538668593093,0.003991750647817871,-0.00046911990923079877,0.5300845692025501
2713,2021-12-16,0.5367356122420116,0.535826843752714,0.5359334401248359,0.5395937340469479,0.0625893237036471,0.0030649909163359412,0.005742274550163962,0.007300070105530798,0.00598736894066787,0.017041053446940402,0.535826843752714
2714,2021-12-17,0.5426851515582753,0.5383389384270238,0.5394943159309573,0.5417708562911565,0.0881399941087267,0.005949539316263741,0.002512094674309795,0.0035608758061214107,0.002177122244208629,0.025550670405079592,0.5383389384270238
2715,2021-12-20,0.5298844058777218,0.5169849789560962,0.5261406395240499,0.522175770613966,0.0470865471683704,-0.01280074568055356,-0.021353959470927664,-0.013353676406907433,-0.019595085677190482,-0.04105344694035629,0.5169849789560962
2716,2021-12-21,0.5251966295993715,0.5142931678141957,0.5186623600201772,0.5199984423905516,0.0322383565529505,-0.004687776278350264,-0.0026918111419005353,-0.007478279503872698,-0.002177328223414432,-0.0148481906154199,0.5142931678141957
2717,2021-12-22,0.5217710611839245,0.5191381936689711,0.5158135964708132,0.5218128204318115,0.0307600833506071,-0.0034255684154470556,0.00484502585477542,-0.0028487635493640306,0.0018143780412599453,-0.0014782732023434011,0.5191381936689711
2718,2021-12-23,0.5233937694267824,0.5281105830392543,0.5240039688632103,0.5267116591571881,0.0227686802456879,0.0016227082428579287,0.008972389370283218,0.008190372392397172,0.004898838725376553,-0.0079914031049192,0.5281105830392543
2719,2021-12-24,0.5315069469992426,0.5243421970687837,0.5257844219072082,0.529433157519572,0.0219831771418596,0.008113177572460217,-0.003768385970470578,0.001780453043997876,0.0027214983623838895,-0.0007855031038283,0.5243421970687837
2720,2021-12-27,0.5257376028885252,0.524162773352,0.5207990505029332,0.5243529771140502,0.0200248742649545,-0.005769344110717389,-0.00017942371678369984,-0.004985371404275019,-0.005080180405521828,-0.001958302876905099,0.524162773352
2721,2021-12-28,0.5354734436928679,0.5255982931977399,0.5289893762473199,0.53052179534473,0.0250706407305178,0.009735840804342644,0.0014355198457398632,0.008190325744386717,0.006168818230679829,0.0050457664655633,0.5255982931977399
2722,2021-12-29,0.5307857221976946,0.5295460703571268,0.5268526794342507,0.5321546529793827,0.0274598793379954,-0.004687721495173269,0.003947777159386878,-0.002136696813069161,0.0016328576346527068,0.002389238607477598,0.5295460703571268
2723,2021-12-30,0.5300647004611607,0.5270339756828168,0.5254284360320121,0.5312476119050108,0.0270562180207503,-0.0007210217365338778,-0.002512094674309906,-0.0014242434022386785,-0.0009070410743718949,-0.00040366131724509785,0.5270339756828168
2724,2022-01-04,0.5408823730607867,0.5365446362034514,0.5359334580651857,0.539049463131624,0.0375459573864566,0.01081767259962596,0.00951066052063454,0.010505022033173606,0.0078018512266132545,0.0104897393657063,0.5365446362034514
2725,2022-01-05,0.5453897379400177,0.5544892848325481,0.5519580584244634,0.5461255084854736,0.0571453508035042,0.0045073648792309795,0.017944648629096727,0.016024600359277774,0.007076045353849536,0.019599393417047598,0.5544892848325481
2726,2022-01-06,0.5571087017228293,0.5464140465740511,0.5528481599862761,0.5488469119144967,0.0468083481524312,0.011718963782811676,-0.008075238258496986,0.000890101561812684,0.0027214034290231615,-0.010337002651072999,0.5464140465740511
2727,2022-01-07,0.5553058216513531,0.5598725818376749,0.5572994943448809,0.5579188226946813,0.0679351087158115,-0.0018028800714762205,0.013458535263623728,0.004451334358604786,0.009071910780184544,0.021126760563380302,0.5598725818376749
2728,2022-01-11,0.5643204921806713,0.5580780844468978,0.5590799698630111,0.5542900486277156,0.043824527334417,0.009014670529318147,-0.0017944973907770834,0.001780475518130209,-0.003628774066965712,-0.0241105813813945,0.5580780844468978
2729,2022-01-12,0.5679263863719627,0.5724338033501751,0.570653293852974,0.5715265765825448,0.0569653396755435,0.0036058941912914255,0.014355718903277359,0.011573323989962914,0.017236527954829217,0.013140812341126497,0.5724338033501751
2730,2022-01-13,0.5706308768842866,0.5697421873754792,0.5697631181326599,0.5724338410234651,0.0382932763116265,0.0027044905123239094,-0.0026916159746959156,-0.0008901757203141347,0.0009072644409202635,-0.018672063363917003,0.5697421873754792
2731,2022-01-14,0.569729352438093,0.5634615115634942,0.5644215355354104,0.5633619360786469,0.056867151787565,-0.0009015244461936245,-0.006280675811984993,-0.0053415825972494835,-0.009071904944818132,0.0185738754759385,0.5634615115634942
2732,2022-01-17,0.5769410846729801,0.5652559438985365,0.5697630329374963,0.57152657039658,0.025037911434525,0.007211732234887136,0.0017944323350422842,0.005341497402085893,0.008164634317933017,-0.031829240353039995,0.5652559438985365
2733,2022-01-18,0.5715323020876892,0.5742283007409523,0.5733240921025382,0.573340980671698,0.0473538364189786,-0.005408782585290872,0.008972356842415818,0.003561059165041902,0.0018144102751180835,0.0223159249844536,0.5742283007409523
2734,2022-01-19,0.5841529262854875,0.5796117278575488,0.5786656576480349,0.5778769428387114,0.0627966092449351,0.012620624197798302,0.005383427116596451,0.005341565545496696,0.004535962167013352,0.015442772825956505,0.5796117278575488
2735,2022-01-20,0.5769411080534683,0.5733310520455638,0.5697630560270945,0.5706194084885063,0.0391496928901059,-0.007211818232019218,-0.006280675811984993,-0.008902601620940365,-0.0072575343502050416,-0.023646916354829205,0.5733310520455638
2736,2022-01-21,0.5607146474944523,0.5634615115634942,0.5617507711716782,0.5497541598448633,0.0617601815384951,-0.016226460559015998,-0.009869540482069561,-0.008012284855416385,-0.02086524864364303,0.0226104886483892,0.5634615115634942
2737,2022-01-24,0.571532206676813,0.5760226680202597,0.5724337417397596,0.5642690355133315,0.0566762308942734,0.010817559182360714,0.012561156456765477,0.010682970568081429,0.014514875668468208,-0.0050839506442217006,0.5760226680202597
2738,2022-01-25,0.5769410999961925,0.5832005925276332,0.5786655956961586,0.5787840660277445,0.0678969245371532,0.0054088933193794375,0.007177924507373534,0.006231853956399025,0.014515030514412941,0.011220693642879795,0.5832005925276332
2739,2022-01-26,0.586857385654868,0.5286490168289428,0.5813364694469154,0.5316105431910838,0.1895899019212096,0.009916285658675528,-0.0545515756986904,0.002670873750756808,-0.04717352283666065,0.12169297738405642,0.5286490168289428
2740,2022-01-27,0.5340310983615211,0.5094481094315527,0.5279210452319949,0.5145553468423889,0.1494637850339839,-0.05282628729334693,-0.01920090739739011,-0.053415424214920515,-0.0170551963486949,-0.04012611688722573,0.5094481094315527
2741,2022-01-28,0.5208695972926166,0.5304433515803827,0.5291674236316724,0.520179905022244,0.0764283610259543,-0.013161501068904458,0.020995242148829973,0.0012463783996774502,0.005624558179855077,-0.07303542400802959,0.5304433515803827
2742,2022-01-31,0.5282617117789724,0.5257777819702585,0.5277430294857026,0.5303403790264095,0.0543906350574399,0.007392114486355794,-0.0046655696101242095,-0.0014243941459697318,0.010160474004165532,-0.022037725968514395,0.5257777819702585
2743,2022-02-01,0.525376994786818,0.5238038608626976,0.5277430290893822,0.5245344273053156,0.0578272111366884,-0.0028847169921544236,-0.0019739211075608942,-3.9632042092563324e-10,-0.005805951721093883,0.0034365760792485003,0.5238038608626976
2744,2022-02-02,0.5253769318335371,0.5275721817774333,0.5268527111685157,0.5278002082201171,0.0411298152976729,-6.295328092154051e-08,0.0037683209147356678,-0.000890317920866468,0.0032657809148014527,-0.0166973958390155,0.5275721817774333
2745,2022-02-03,0.5363749254240848,0.5401334683456684,0.536823618371978,0.5365092610648271,0.053839691908227,0.010997993590547761,0.012561286568235186,0.009970907203462276,0.008709052844710019,0.012709876610554102,0.5401334683456684
2746,2022-02-04,0.546291084857709,0.5410306845131896,0.5439456408356417,0.5470325698240532,0.0459301120432899,0.009916159433624228,0.0008972161675211421,0.007122022463663669,0.010523308759226135,-0.007909579864937101,0.5410306845131896
2747,2022-02-07,0.5462911585567402,0.5517975387463825,0.5501774981782008,0.547939828770087,0.0504685744209642,7.369903110010512e-08,0.010766854233192902,0.006231857342559155,0.0009072589460337177,0.004538462377674302,0.5517975387463825
2748,2022-02-08,0.5516999819087871,0.5517975387463825,0.5501774981782008,0.550661384210998,0.0449373233981737,0.005408823352046954,0.0,0.0,0.0027215554409110165,-0.0055312510227905065,0.5517975387463825
2749,2022-02-09,0.528261706043518,0.5372623310705864,0.5394943977423887,0.5290703473841276,0.1133742813192088,-0.023438275865269143,-0.01453520767579608,-0.01068310043581211,-0.021591036826870358,0.0684369579210351,0.5372623310705864
2750,2022-02-10,0.5379975473829349,0.5428251493760993,0.5386041139999242,0.5401379873419024,0.062403857693021,0.009735841339416962,0.005562818305512862,-0.0008902837424644705,0.011067639957774822,-0.050970423626187804,0.5428251493760993
2751,2022-02-14,0.5453895995209036,0.5607697654773286,0.5599702107012949,0.5470325548794222,0.0723208343788525,0.007392052137968674,0.017944616101229327,0.021366096701370685,0.0068945675375197135,0.009916976685831504,0.5607697654773286
2752,2022-02-15,0.5607146954030735,0.5625643279238406,0.561750819168828,0.558826058414638,0.0585036165872072,0.015325095882169903,0.0017945624465119936,0.0017806084675330291,0.011793503535215799,-0.013817217791645305,0.5625643279238406
2753,2022-02-16,0.5580102758195085,0.5517975387463825,0.551958007881043,0.550661384210998,0.0617547266558296,-0.002704419583565043,-0.010766789177458103,-0.009792811287784975,-0.008164674203639977,0.003251110068622401,0.5517975387463825
2754,2022-02-17,0.549897009794124,0.5535919710814248,0.5519579767675538,0.5497541680747655,0.0447245829742202,-0.008113266025384425,0.0017944323350422842,-3.111348922946178e-08,-0.0009072161362324582,-0.0170301436816094,0.5535919710814248
2755,2022-02-18,0.5562072487013199,0.5473112952694397,0.5501774131096951,0.5524756690810764,0.0344966779764567,0.006310238907195842,-0.006280675811985104,-0.0017805636578586137,0.002721501006310856,-0.010227904997763507,0.5473112952694397
2756,2022-02-21,0.5526013779171215,0.5410306845131896,0.547506659760916,0.5461253847994695,0.035271271314954,-0.003605870784198384,-0.006280610756250082,-0.002670753348779198,-0.006350284281606888,0.0007745933384973036,0.5410306845131896
2757,2022-02-22,0.5444882074948246,0.535288442490893,0.5394944301077886,0.5354206750369771,0.0553125102279049,-0.008113170422296867,-0.005742242022296562,-0.008012229653127312,-0.010704709762492381,0.0200412389129509,0.535288442490893
2758,2022-02-24,0.5408823047155319,0.5535919710814248,0.5501774671650778,0.5370535767331043,0.0627256957702839,-0.0036059027792927356,0.018303528590531748,0.010683037057289124,0.0016329016961271758,0.0074131855423790055,0.5535919710814248
2759,2022-02-25,0.5480941620722453,0.548208674076298,0.5492873058607702,0.54793989115068,0.0640294127273322,0.007211857356713369,-0.0053832970051267415,-0.000890161304307524,0.010886314417575704,0.0013037169570482982,0.548208674076298
2760,2022-02-28,0.5580101615445452,0.5526946573303013,0.5581896775292639,0.5570115661693297,0.0735754573919115,0.00991599947229993,0.00448598325400329,0.008902371668493614,0.009071675018649694,0.009546044664579298,0.5526946573303013
2761,2022-03-01,0.5571087287023241,0.5580780844468978,0.5608604793211736,0.5579187887169313,0.0687424313503016,-0.000901432842221106,0.005383427116596451,0.002670801791909705,0.0009072225476016715,-0.0048330260416099,0.5580780844468978
2762,2022-03-02,0.5661233845316067,0.5760226680202597,0.5813362882675941,0.5606402957351108,0.0975987606506584,0.009014655829282625,0.017944583573361927,0.020475808946420537,0.0027215070181794143,0.028856329300356795,0.5760226680202597
2763,2022-03-03,0.5940689990637328,0.6119119652784532,0.6107147261952314,0.596020542131203,0.1261823458177414,0.027945614532126073,0.03588929725819345,0.02937843792763728,0.035380246396092274,0.02858358516708301,0.6119119652784532
2764,2022-03-04,0.6139013034896063,0.6163980786439263,0.6142757004231646,0.6078139029597303,0.099655251415542,0.01983230442587347,0.00448611336547311,0.0035609742279332224,0.011793360828527222,-0.0265270944021994,0.6163980786439263
2765,2022-03-07,0.649058735522905,0.6585680517141048,0.6570080128088192,0.6504516835118149,0.1551368630060767,0.0351574320332988,0.04216997307017856,0.04273231238565456,0.04263778055208467,0.055481611590534705,0.6585680517141048
2766,2022-03-08,0.6634823561369059,0.6047342359382842,0.6570081050577216,0.6069068861479308,0.1193801071338955,0.01442362061400082,-0.05383381577582058,9.224890240577821e-08,-0.04354479736388417,-0.0357567558721812,0.6047342359382842
2767,2022-03-09,0.6075910766557479,0.5993507437659529,0.6222880593199724,0.601463673356159,0.1434525043366317,-0.05589127948115802,-0.005383492172331361,-0.03472004573774912,-0.005443212791771734,0.024072397202736198,0.5993507437659529
2768,2022-03-10,0.5787439859498433,0.6110147165830646,0.6062634357387172,0.5824127509212339,0.1218075299200314,-0.02884709070590452,0.011663972817111734,-0.016024623581255226,-0.01905092243492512,-0.021644974416600307,0.6110147165830646
2769,2022-03-11,0.6093939250463541,0.6217814407047878,0.6249587286710642,0.6087210611900958,0.0900764774549699,0.030649939096510814,0.010766724121723192,0.018695292932346952,0.026308310268861934,-0.0317310524650615,0.6217814407047878
2770,2022-03-14,0.6283248570203128,0.6110147165830646,0.6276295480114473,0.6177929647622435,0.1003534763967227,0.018930931973958676,-0.010766724121723192,0.002670819340383157,0.00907190357214771,0.010276998941752796,0.6110147165830646
2771,2022-03-15,0.6066895721189631,0.5805088464414676,0.6027024212914187,0.5833199400191857,0.1127142405166864,-0.021635284901349694,-0.030505870141597002,-0.024927126720028614,-0.0344730247430578,0.012360764119963702,0.5805088464414676
2772,2022-03-16,0.5706307262898117,0.5823032787765098,0.5822265326871015,0.5715265050245617,0.0963714120509267,-0.03605884582915142,0.0017944323350421731,-0.02047588860431726,-0.011793434994624041,-0.0163428284657597,0.5823032787765098
2773,2022-03-17,0.5769410255491703,0.5894811382281485,0.5929095953903438,0.5796911762823196,0.0837106293843619,0.006310299259358554,0.007177859451638735,0.010683062703242374,0.008164671257757883,-0.012660782666564799,0.5894811382281485
2774,2022-03-18,0.5913646505192819,0.5912757006746605,0.5902389305894394,0.5860415692954479,0.2827429331995069,0.014423624970111626,0.0017945624465119936,-0.0026706648009043876,0.0063503930131283415,0.19903230381514497,0.5912757006746605
2775,2022-03-22,0.6184086552039206,0.6163980786439263,0.6133854457848701,0.6114426426788928,0.0788175996334318,0.027044004684638745,0.025122377969265752,0.02314651519543065,0.025401073383444883,-0.2039253335660751,0.6163980786439263
2776,2022-03-23,0.6184087266699614,0.6235760031512998,0.6213978093409924,0.6168858235476841,0.0450464210514831,7.146604075192187e-08,0.007177924507373534,0.008012363556122337,0.005443180868791253,-0.033771178581948696,0.6235760031512998
2777,2022-03-24,0.6274234594512881,0.6181926410904383,0.6196173278173269,0.6187002215342468,0.0726426724561154,0.009014732781326695,-0.005383362060861541,-0.0017804815236655003,0.001814397986562688,0.027596251404632302,0.6181926410904383
2778,2022-03-25,0.618408732727001,0.6307538626029385,0.6276295986765797,0.6177930146333219,0.0705043584512497,-0.009014726724287048,0.012561221512500276,0.008012270859252824,-0.0009072069009248285,-0.0021383140048657073,0.6307538626029385
2779,2022-03-28,0.6391424461830726,0.638828840638496,0.6463248401927055,0.6413797183611054,0.0559834607957582,0.020733713456071556,0.008074978035557456,0.018695241516125782,0.023586703727783487,-0.014520897655491492,0.638828840638496
2780,2022-03-29,0.6184087798824113,0.6298566789632848,0.6267393917173267,0.6214218021925413,0.0760956131833604,-0.020733666300661313,-0.008972161675211199,-0.019585448475378797,-0.019957916168564127,0.0201121523876022,0.6298566789632848
2781,2022-03-30,0.6300403746364556,0.6233728340912869,0.6304731987435043,0.6246689650854002,0.0665441136361156,0.011631594754044294,-0.006483844871997935,0.003733807026177538,0.003247162892858868,-0.009551499547244796,0.6233728340912869
2782,2022-03-31,0.6374854679919848,0.625225361197572,0.6313922634987914,0.6124940151312637,0.1004516642847012,0.007445093355529231,0.00185252710628514,0.0009190647552871356,-0.012174949954136483,0.0339075506485856,0.625225361197572
2783,2022-04-01,0.6216646348234343,0.6029951009778852,0.613930151997666,0.6068747786665395,0.065120389260427,-0.01582083316855054,-0.02223026021968677,-0.01746211150112542,-0.0056192364647241755,-0.0353312750242742,0.6029951009778852
2784,2022-04-04,0.6021212513192856,0.610405144347291,0.6065776606285438,0.6012555335963337,0.0514122691220911,-0.019543383504148637,0.007410043369405761,-0.007352491369122194,-0.005619245070205836,-0.013708120138335902,0.610405144347291
2785,2022-04-05,0.6086357693172477,0.6113314729561684,0.6139301863196938,0.6124940238218569,0.0588363644298011,0.006514517997962099,0.0009263286088774247,0.007352525691149969,0.011238490225523257,0.007424095307710002,0.6113314729561684
2786,2022-04-06,0.606774411051357,0.6215202419292668,0.6332302962031807,0.6087477959209899,0.1058574530061858,-0.0018613582658907335,0.010188768973098394,0.01930010988348696,-0.003746227900866983,0.047021088576384706,0.6215202419292668
2787,2022-04-07,0.6123583047221943,0.6094789458498833,0.6084158358505988,0.6031286643624377,0.071797165642967,0.0055838936708373366,-0.012041296079383534,-0.024814460352581946,-0.005619131558552204,-0.03406028736321881,0.6094789458498833
2788,2022-04-08,0.6160808352779644,0.6224465705381443,0.6185254521639755,0.6134305392096041,0.0551052246866169,0.0037225305557700983,0.01296762468826107,0.010109616313376701,0.010301874847166381,-0.0166919409563501,0.6224465705381443
2789,2022-04-11,0.6384161075440805,0.6261516247507145,0.6323113244466527,0.6227959059745495,0.0473592913016441,0.02233527226611609,0.003705054212570169,0.013785872282677247,0.009365366764945371,-0.007745933384972793,0.6261516247507145
2790,2022-04-12,0.6263178088715876,0.6178152527724314,0.6277160043382618,0.6237324070690451,0.0420080514068142,-0.012098298672492902,-0.008336371978283075,-0.004595320108390921,0.000936501094495612,-0.005351239894829905,0.6178152527724314
2791,2022-04-13,0.6291096926406313,0.6280040868012648,0.6286350382090256,0.630288129791573,0.0484993617787281,0.0027918837690437126,0.010188834028833416,0.0009190338707637524,0.0065557227225279124,0.006491310371913903,0.6280040868012648
2792,2022-04-14,0.6356242526259027,0.6391193144947105,0.6387447770642585,0.6368439862868137,0.0526177981911609,0.006514559985271395,0.01111522769344564,0.01010973885523292,0.006555856495240708,0.004118436412432799,0.6391193144947105
2793,2022-04-15,0.6458612575449441,0.6418981051541381,0.6405829025392181,0.643399744261468,0.0515159118927351,0.010237004919041337,0.0027787906594276546,0.001838125474959651,0.006555757974654242,-0.0011018862984258013,0.6418981051541381
2794,2022-04-18,0.6477224017666754,0.642824238595811,0.6405827765298129,0.6396534772746826,0.0436881552677801,0.0018611442217313368,0.0009261334416728051,-1.2600940524354343e-07,-0.0037462669867853737,-0.007827756624954996,0.642824238595811
2795,2022-04-19,0.6514449902498457,0.6539394012335218,0.651611507304142,0.6508919444497928,0.0493939625358658,0.003722588483170308,0.01111516263771084,0.011028730774329087,0.011238467175110234,0.0057058072680857,0.6539394012335218
2796,2022-04-20,0.6551675945311486,0.6530132027361141,0.6506925112310725,0.6555746818272196,0.0333293330860453,0.003722604281302888,-0.0009261984974077153,-0.0009189960730694446,0.004682737377426749,-0.016064629449820504,0.6530132027361141
2797,2022-04-21,0.6514449559399482,0.6456030292552387,0.6479352446470517,0.6471457696788414,0.044250008182324,-0.0037226385912003668,-0.007410173480875359,-0.0027572665840208677,-0.008428912148378154,0.010920675096278698,0.6456030292552387
2798,2022-04-22,0.6412080637422373,0.6381930509415679,0.6387447733840164,0.6415266589602993,0.0419044086361702,-0.010236892197710956,-0.007409978313670851,-0.009190471263035294,-0.005619110718542153,-0.0023455995461537996,0.6381930509415679
2799,2022-04-25,0.6281790879326,0.6196677798787166,0.6286350691634479,0.6265420201984058,0.0356912972801955,-0.013028975809637244,-0.01852527106285129,-0.01010970422056845,-0.014984638761893487,-0.0062131113559746945,0.6196677798787166
2800,2022-04-26,0.6207339948251841,0.6178152527724314,0.6185254332644953,0.6153035907573011,0.051134070106152,-0.007445093107415923,-0.00185252710628514,-0.01010963589895264,-0.011238429441104647,0.015442772825956498,0.6178152527724314
2801,2022-04-27,0.6188727234763829,0.6178152527724314,0.6222016616940018,0.6227958719232957,0.0563762123476724,-0.0018612713488012078,0.0,0.003676228429506545,0.007492281165994541,0.005242142241520399,0.6178152527724314
2802,2022-04-28,0.6235258901824463,0.6307828774606925,0.6277159925939271,0.624668930527469,0.0478065916802129,0.004653166706063416,0.01296762468826107,0.005514330899925257,0.0018730586041733055,-0.008569620667459497,0.6307828774606925
2803,2022-05-02,0.6142196220964607,0.6372667873884253,0.635068540802756,0.6181132736746969,0.0458646534513042,-0.009306268085985558,0.006483909927732845,0.007352548208828913,-0.0065556568527720405,-0.0019419382289087017,0.6372667873884253
2804,2022-05-06,0.6663352143025405,0.6669070909775178,0.672749874719104,0.6630669542718842,0.0871799347596033,0.05211559220607975,0.02964030358909242,0.03768133391634798,0.044953680597187295,0.0413152813082991,0.6669070909775178
