,date,open,close,high,low,volume,dopen,dclose,dhigh,dlow,dvolume,price
0,2010-12-15,0.3111378380983292,0.317337058654705,0.3158412866666281,0.3134947979932865,0.3845454571942205,0.3111378380983292,0.317337058654705,0.3158412866666281,0.3134947979932865,0.3845454571942205,0.317337058654705
1,2010-12-16,0.3149546479742785,0.3140816458759894,0.3141553360641715,0.3160632931197153,0.1933376649485887,0.003816809875949345,-0.003255412778715605,-0.0016859506024565762,0.002568495126428816,-0.1912077922456318,0.3140816458759894
2,2010-12-17,0.3126929460763423,0.3106847459392693,0.3124694583378392,0.3123534203958547,0.1940427664453269,-0.0022617018979362302,-0.003396899936720099,-0.00168587772633233,-0.003709872723860641,0.0007051014967381919,0.3106847459392693
3,2010-12-20,0.3104311417936705,0.3081369703080115,0.3089569760930716,0.3093568630930086,0.1186639200729576,-0.0022618042826718088,-0.002547775631257798,-0.0035124822447675785,-0.0029965573028460923,-0.07537884637236929,0.3081369703080115
4,2010-12-21,0.3084519643977828,0.3111092521593795,0.3105023718235128,0.3104982836642406,0.1507460381745446,-0.00197917739588771,0.002972281851367997,0.0015453957304412125,0.0011414205712320102,0.032082118101586996,0.3111092521593795
5,2010-12-22,0.3128342984930502,0.3133740087285316,0.3130314439810311,0.3150645379733769,0.1931045735447084,0.004382334095267448,0.0022647565691520932,0.0025290721575182973,0.0045662543091363195,0.04235853537016379,0.3133740087285316
6,2010-12-24,0.3114206317622384,0.3136570725367341,0.3120479061862622,0.3140656718870487,0.0984607226416248,-0.0014136667308118356,0.00028306380820247723,-0.0009835377947688961,-0.0009988660863282095,-0.0946438509030836,0.3136570725367341
7,2010-12-27,0.3136824026276542,0.3146478182384911,0.3135933624568684,0.3157779392251852,0.1269444921958084,0.002261770865415791,0.000990745701757001,0.0015454562706062047,0.0017122673381365083,0.028483769554183594,0.3146478182384911
8,2010-12-28,0.3129756165919823,0.3128078139929814,0.3113454226219909,0.3147791091590348,0.0750146410538062,-0.0007067860356718692,-0.0018400042455096743,-0.0022479398348775326,-0.0009988300661504246,-0.05192985114200219,0.3128078139929814
9,2010-12-29,0.3111379248781868,0.3136570725367341,0.3116264096782546,0.3132095183299989,0.0912523709766238,-0.0018376917137954973,0.0008492585437526734,0.0002809870562637262,-0.001569590829035905,0.016237729922817593,0.3136570725367341
10,2010-12-30,0.313258291041095,0.3111092521593795,0.3114858548964434,0.3132094534517957,0.1069365088152255,0.0021203661629081716,-0.0025478203773545705,-0.0001405547818111863,-6.487820319867055e-08,0.015684137838601703,0.3111092521593795
11,2011-01-04,0.3153787084310804,0.324131082258629,0.3251142169601692,0.3174902070397879,0.6351536800762209,0.0021204173899854184,0.01302183009924951,0.013628362063725752,0.0042807535879922365,0.5282171712609953,0.324131082258629
12,2011-01-05,0.3235777974026319,0.3295097868215406,0.3270813094047628,0.3260518408162062,0.4051041190164708,0.008199088971551471,0.005378704562911563,0.0019670924445936433,0.008561633776418276,-0.23004956105975005,0.3295097868215406
13,2011-01-06,0.3330490188370969,0.3358791475940158,0.3377591833906204,0.3360402614077726,0.4943344220644323,0.00947122143446505,0.006369360772475241,0.010677873985857567,0.009988420591566405,0.08923030304796148,0.3358791475940158
14,2011-01-07,0.3327663303618806,0.3324821581651022,0.3327012438380934,0.3327583492251115,0.3405669365670881,-0.00028268847521634166,-0.0033969894289136437,-0.00505793955252698,-0.0032819121826611064,-0.1537674854973442,0.3324821581651022
15,2011-01-11,0.330787211182218,0.3371530018500721,0.3370566827143211,0.3331863841954227,0.2993796855014233,-0.0019791191796625918,0.004670843684969894,0.004355438876227691,0.0004280349703111863,-0.04118725106566479,0.3371530018500721
16,2011-01-12,0.3398344352701956,0.3374361551504681,0.3387427295108973,0.3398929895750417,0.2970487714626194,0.00904722408797759,0.0002831533003960218,0.0016860467965761905,0.006706605379619035,-0.002330914038803922,0.3374361551504681
17,2011-01-13,0.3401171347624996,0.3392761593959778,0.3402881663654194,0.3401783495216086,0.2547951272242019,0.00028269949230402824,0.0018400042455097299,0.0015454368545221309,0.0002853599465668655,-0.04225364423841749,0.3392761593959778
18,2011-01-14,0.3365830942041026,0.3355960614127649,0.3380401961190465,0.3383233352791541,0.2391663485940217,-0.0035340405583970114,-0.003680097983212949,-0.00224797024637291,-0.001855014242454489,-0.015628778630180196,0.3355960614127649
19,2011-01-17,0.3398344154908314,0.3348883795192103,0.3380402070238948,0.3360402786989062,0.2015832733608575,0.003251321286728781,-0.0007076818935545792,1.0904848302129011e-08,-0.002283056580247911,-0.037583075233164204,0.3348883795192103
20,2011-01-18,0.3346040282982407,0.3385684551293748,0.3383212141774762,0.3373245099605983,0.213296116405847,-0.005230387192590669,0.0036800756101644794,0.00028100715358136963,0.001284231261692137,0.011712843044989513,0.3385684551293748
21,2011-01-19,0.3401172149723646,0.3398423988776247,0.3380402733235011,0.3407491901994767,0.1413320591003254,0.005513186674123871,0.001273943748249906,-0.00028094085397506463,0.003424680238878375,-0.0719640573055216,0.3398423988776247
22,2011-01-20,0.3361590304592837,0.3367284285108168,0.3352302332503073,0.3376099139652996,0.1826212876551879,-0.003958184513080887,-0.0031139703668078833,-0.002810040073193798,-0.003139276234177091,0.0412892285548625,0.3367284285108168
23,2011-01-21,0.3329076354066574,0.321724928023666,0.3318582025514887,0.3234833225005823,0.5998840370265696,-0.0032513950526262825,-0.015003500487150823,-0.00337203069881864,-0.014126591464717286,0.41726274937138164,0.321724928023666
24,2011-01-24,0.3251326858015561,0.3279527121459431,0.3269407154713375,0.3256236607656209,0.2903707027414463,-0.007774949605101333,0.006227784122277147,-0.004917487080151162,0.002140338265038566,-0.3095133342851233,0.3279527121459431
25,2011-01-25,0.3300803970915567,0.3320574953336533,0.3301722281013366,0.3310460053468843,0.1891915516020663,0.0049477112900006,0.0041047831877101815,0.0032315126299991004,0.005422344581263394,-0.10117915113937997,0.3320574953336533
26,2011-01-26,0.3283840667106679,0.3263958388277811,0.3268002705700613,0.3286202688858231,0.1589071509529068,-0.0016963303808887886,-0.005661656505872192,-0.003371957531275338,-0.002425736461061201,-0.030284400649159493,0.3263958388277811
27,2011-01-27,0.3288082397883951,0.3289436815781841,0.3296103428471065,0.329333799759371,0.1900918671495543,0.0004241730777271857,0.0025478427504029844,0.002810072277045217,0.0007135308735479184,0.031184716196647505,0.3289436815781841
28,2011-01-28,0.3295149705600099,0.3276697154568858,0.3289077517330806,0.3274787208622879,0.2008402945109888,0.0007067307716148163,-0.00127396612129832,-0.0007025911140258745,-0.0018550788970830845,0.010748427361434498,0.3276697154568858
29,2011-01-31,0.3194783111911023,0.3234235122303164,0.3242713469743065,0.3224845396036375,0.2605291757596594,-0.010036659368907574,-0.004246203226569378,-0.0046364047587741375,-0.004994181258650421,0.05968888124867058,0.3234235122303164
30,2011-02-01,0.3272531358367105,0.3255465355379318,0.3252547492875449,0.3269079102805934,0.1448954439371469,0.0077748246456081915,0.0021230233076153793,0.0009834023132384018,0.004423370676955918,-0.11563373182251249,0.3255465355379318
31,2011-02-02,0.3283839286358138,0.3314912111059096,0.3298911232775645,0.3310458805854183,0.2444779189599461,0.0011307927991032751,0.005944675567977842,0.004636373990019593,0.004137970304824878,0.09958247502279921,0.3314912111059096
32,2011-02-03,0.3326249784137935,0.3346053157110079,0.3331227677800057,0.3356122308274004,0.2227275773353573,0.004241049777979733,0.0031141046050982557,0.0032316445024412332,0.004566350241982098,-0.021750341624588804,0.3346053157110079
33,2011-02-04,0.3357348568037896,0.3330482410354103,0.3342466628840045,0.3357548096411295,0.1492979578279377,0.0031098783899961013,-0.0015570746755975695,0.0011238951039987954,0.00014257881372914394,-0.07342961950741961,0.3330482410354103
34,2011-02-07,0.335310836915259,0.3343221847836602,0.3339657226635453,0.3361829527403627,0.1291093286093475,-0.00042401988853063566,0.001273943748249906,-0.00028094022045921374,0.0004281430992331692,-0.020188629218590187,0.3343221847836602
35,2011-02-08,0.3350280397441826,0.3340390538563126,0.3335441620387416,0.3356121278981067,0.1324337947571916,-0.0002827971710763766,-0.0002831309273476079,-0.00042156062480369627,-0.0005708248422560125,0.0033244661478440962,0.3340390538563126
36,2011-02-09,0.3340386725766917,0.3316329891135431,0.3336848363288178,0.33318650935234,0.1416671279934035,-0.0009893671674909288,-0.002406064742769498,0.0001406742900761926,-0.0024256185457666724,0.009233333236211894,0.3316329891135431
37,2011-02-10,0.3278186518761615,0.3299344049068927,0.3291887841577779,0.330617968024873,0.1532488571237103,-0.006220020700530182,-0.001698584206650422,-0.004496052171039877,-0.0025685413274670332,0.011581729130306806,0.3299344049068927
38,2011-02-14,0.3340385875629851,0.3326236900692034,0.332279745863564,0.3350414413883223,0.1551048474271079,0.006219935686823608,0.002689285162310706,0.0030909617057860994,0.004423473363449337,0.0018559903033975866,0.3326236900692034
39,2011-02-15,0.3333317931065547,0.338426945598322,0.3366352518067,0.3350414660517246,0.2846774452016677,-0.0007067944564304041,0.0058032555291185894,0.0043555059431359955,2.4663402264923917e-08,0.12957259777455982,0.338426945598322
40,2011-02-16,0.3357349284555931,0.337577664681521,0.3370567195419359,0.3388941284564968,0.1672897005649553,0.00240313534903841,-0.0008492809168009763,0.0004214677352358809,0.0038526624047722224,-0.11738774463671242,0.337577664681521
41,2011-02-17,0.3391276049306455,0.3358791475940158,0.3370567063816937,0.3381806452383954,0.2059012916177417,0.0033926764750523697,-0.0016985170875051803,-1.316024217379308e-08,-0.000713483218101385,0.038611591052786415,0.3358791475940158
42,2011-02-18,0.3353108897854079,0.3338976114444049,0.3341062913296826,0.3358976386041564,0.184226704699414,-0.0038167151452375703,-0.0019815361496109407,-0.0029504150520111017,-0.0022830066342390265,-0.021674586918327715,0.3338976114444049
43,2011-02-21,0.3331903783966848,0.333331371962758,0.3312962260469258,0.3341852509756243,0.1207908791333661,-0.002120511388723101,-0.0005662394816468574,-0.0028100652827567907,-0.0017123876285320971,-0.06343582556604789,0.333331371962758
44,2011-02-22,0.3322007785132533,0.3286604387855945,0.3314366681819751,0.330760589034713,0.1978363290434802,-0.0009895998834315023,-0.00467093317716355,0.00014044213504926795,-0.003424661940911289,0.0770454499101141,0.3286604387855945
45,2011-02-23,0.3251327815317171,0.3238481079426201,0.3239903360714771,0.3257664401957468,0.2183571135126,-0.0070679969815362065,-0.004812330842974388,-0.007446332110498,-0.004994148838966206,0.020520784469119813,0.3238481079426201
46,2011-02-24,0.3218814507645213,0.3187526014262012,0.3206183694538769,0.3206295242365059,0.2422431551252429,-0.0032513307671958036,-0.0050955065164188795,-0.0033719666176001972,-0.005136915959240873,0.023886041612642878,0.3187526014262012
47,2011-02-25,0.3169336934845632,0.3193186842965094,0.3175273016689683,0.3182036707469732,0.2414885217051801,-0.004947757279958109,0.0005660828703081822,-0.0030910677849085855,-0.0024258534895327255,-0.0007546334200627947,0.3193186842965094
48,2011-02-28,0.3169337458701371,0.3200264556822576,0.3194943463909442,0.3157779724000161,0.3451617508660802,5.238557393427712e-08,0.0007077713857482348,0.001967044721975897,-0.002425698346957106,0.1036732291609001,0.3200264556822576
49,2011-03-01,0.3237192060170348,0.3254051154990725,0.3231474054078873,0.3246249560373412,0.2272670324259279,0.006785460146897682,0.005378659816814846,0.003653059016943072,0.008846983637325112,-0.11789471844015229,0.3254051154990725
50,2011-03-02,0.3197609811643177,0.3184694704988536,0.3194943317267725,0.3204868021556311,0.2285810852153036,-0.003958224852717074,-0.006935645000218871,-0.0036530736811147824,-0.004138153881710127,0.001314052789375686,0.3184694704988536
51,2011-03-03,0.3180646689976854,0.3215834184926132,0.3192133581767947,0.3206295185199629,0.1529254428008263,-0.0016963121666323522,0.0031139479937595804,-0.0002809735499778032,0.00014271636433182966,-0.07565564241447731,0.3215834184926132
52,2011-03-04,0.326829107572567,0.3249804079215268,0.3248333103717887,0.3257664213958182,0.1799145137276268,0.008764438574881628,0.0033969894289136437,0.0056199521949940046,0.005136902875855276,0.0269890709268005,0.3249804079215268
53,2011-03-07,0.3211746260220509,0.3215834184926132,0.320337357480164,0.3230552957271335,0.171345490992474,-0.005654481550516122,-0.0033969894289136437,-0.004495952891624688,-0.0027111256686846996,-0.008569022735152781,0.3215834184926132
54,2011-03-08,0.3204678148044177,0.3200264556822576,0.3204778296470345,0.3224844910382229,0.1206539379335864,-0.0007068112176331631,-0.0015569628103555555,0.0001404721668704645,-0.0005708046889105756,-0.0506915530588876,0.3200264556822576
55,2011-03-09,0.3218813736442598,0.3193186842965094,0.3211802793002434,0.3210575241150161,0.2022563247895621,0.0014135588398420662,-0.0007077713857482348,0.0007024496532089253,-0.0014269669232068183,0.08160238685597569,0.3193186842965094
56,2011-03-10,0.3180646510081121,0.3128078139929814,0.3168248771110786,0.3142083488422258,0.2167196464003403,-0.0038167226361476847,-0.0065108703035279825,-0.004355402189164803,-0.0068491752727902755,0.014463321610778207,0.3128078139929814
57,2011-03-11,0.3063315654707604,0.3058722137388595,0.3072709224715954,0.3080725650386151,0.4126009212937738,-0.011733085537351695,-0.006935600254121932,-0.00955395463948322,-0.006135783803610739,0.1958812748934335,0.3058722137388595
58,2011-03-14,0.2659020690929052,0.2839332696089254,0.2884441183012376,0.2668345318938158,0.5220023717050345,-0.0404294963778552,-0.02193894412993408,-0.018826804170357758,-0.04123803314479929,0.1094014504112607,0.2839332696089254
59,2011-03-15,0.2729701477210252,0.2653912254157113,0.2731297189432039,0.25056758224884,0.636135577615067,0.007068078628119978,-0.01854204419321409,-0.015314399358033692,-0.01626694964497577,0.11413320591003251,0.2653912254157113
60,2011-03-16,0.2834309639642567,0.2920011698419541,0.2927996056126569,0.285384549956277,0.5869328958984654,0.01046081624323153,0.026609944426242815,0.019669886669452963,0.034816967707436974,-0.04920268171660158,0.2920011698419541
61,2011-03-17,0.2824414628016726,0.2871887495067861,0.2897086392436095,0.2825307206194049,0.4451667040584127,-0.0009895011625841166,-0.004812420335168044,-0.0030909663690473765,-0.0028538293368721157,-0.14176619184005274,0.2871887495067861
62,2011-03-18,0.2906403617435686,0.300635152945291,0.2984194807291191,0.2933752306930303,0.3554498227048509,0.008198898941896016,0.013446403438504895,0.008710841485509602,0.010844510073625413,-0.08971688135356176,0.300635152945291
63,2011-03-22,0.3109965179988544,0.3115339149908284,0.3107833891279833,0.3104983204718521,0.3738727845390471,0.020356156255285807,0.010898762045537413,0.012363908398864198,0.01712308977882182,0.018422961834196172,0.3115339149908284
64,2011-03-23,0.3102897498317762,0.3162048257949434,0.3157008818259836,0.3127814389044677,0.3014104943577312,-0.0007067681670782089,0.004670910804115025,0.004917492698000292,0.002283118432615583,-0.07246229018131589,0.3162048257949434
65,2011-03-24,0.3172164187870867,0.320875647106865,0.3208992656060733,0.3187744496477557,0.2871627822955424,0.0069266689553104666,0.004670821311921591,0.005198383780089688,0.0059930107432880075,-0.014247712062188833,0.320875647106865
66,2011-03-25,0.3251327249588428,0.326961966444186,0.3255357495294554,0.3259090670431949,0.2838878480710229,0.007916306171756149,0.006086319337321011,0.004636483923382118,0.007134617395439191,-0.0032749342245194657,0.326961966444186
67,2011-03-28,0.3251327680103076,0.3271035430943841,0.3263787856456183,0.3271933405258981,0.2872035732912215,4.305146478200683e-08,0.00014157665019809418,0.0008430361161628763,0.0012842734827032132,0.003315725220198573,0.3271035430943841
68,2011-03-29,0.3242432718577966,0.327967299373492,0.3282655076541789,0.3272943376180923,0.2502323629932432,-0.0008894961525109935,0.0008637562791078968,0.001886722008560604,0.00010099709219418829,-0.036971210297978285,0.327967299373492
69,2011-03-30,0.3258249722767591,0.3330063586888284,0.330695013471983,0.3281652311031165,0.2591073181959891,0.001581700418962495,0.0050390593153363805,0.0024295058178041007,0.0008708934850242267,0.008874955202745893,0.3330063586888284
70,2011-03-31,0.3335895973135114,0.3324305211694231,0.331552516866571,0.3335355028118679,0.1784256423853409,0.007764625036752293,-0.0005758375194052645,0.0008575033945880106,0.005370271708751373,-0.0806816758106482,0.3324305211694231
71,2011-04-01,0.3328706557559465,0.3345900796650558,0.3352681843363727,0.3348417615390385,0.2511443331109252,-0.0007189415575649116,0.002159558495632652,0.0037156674698016756,0.001306258727170606,0.07271869072558432,0.3345900796650558
72,2011-04-04,0.3371843250873771,0.3403489470661729,0.3386980487724835,0.339776579334274,0.2892868277134025,0.004313669331430625,0.00575886740111714,0.003429864436110819,0.004934817795235524,0.03814249460247726,0.3403489470661729
73,2011-04-05,0.3406352248854064,0.3367496381606884,0.3385551199848298,0.3360028875743023,0.3268407665210817,0.003450899798029261,-0.0035993089054844885,-0.00014292878765370665,-0.00377369175997172,0.03755393880767921,0.3367496381606884
74,2011-04-06,0.3360340645520064,0.3315667425172668,0.3342678867612093,0.3325195714712197,0.1946196676699309,-0.004601160333399967,-0.0051828956434216145,-0.004287233223620512,-0.003483316103082612,-0.13222109885115077,0.3315667425172668
75,2011-04-07,0.3314326453307363,0.3276793358676926,0.3305520292822961,0.3300519811824951,0.1711094859460451,-0.004601419221270109,-0.00388740664957421,-0.003715857478913176,-0.0024675902887245638,-0.023510181723885804,0.3276793358676926
76,2011-04-08,0.3271191092643583,0.3324305211694231,0.3301234198753938,0.3280201114001001,0.2282664118200651,-0.004313536066378021,0.0047511853017305206,-0.00042860940690231386,-0.0020318697823950016,0.05715692587401999,0.3324305211694231
77,2011-04-11,0.3314327487970593,0.3289751828303141,0.3306950343142508,0.3312132261784559,0.1171837896583171,0.00431363953270103,-0.0034553383391090486,0.0005716144388570044,0.0031931147783557656,-0.111082622161748,0.3289751828303141
78,2011-04-12,0.3243871537910888,0.3237922424407957,0.3239782935977031,0.324391598699351,0.1464017971347239,-0.0070455950059705175,-0.005182940389518387,-0.006716740716547709,-0.006821627479104864,0.029218007476406793,0.3237922424407957
79,2011-04-13,0.3194982555644242,0.3226403660445497,0.3205483458553489,0.3217789547287841,0.1471302077718501,-0.004888898226664606,-0.0011518763962459766,-0.003429947742354167,-0.00261264397056693,0.0007284106371261978,0.3226403660445497
80,2011-04-14,0.3217989330695263,0.3212007274999398,0.3199767547103259,0.3216338907824422,0.1469116845807122,0.0023006775051021,-0.0014396385446099336,-0.0005715911450230315,-0.00014506394634189457,-0.0002185231911379093,0.3212007274999398
81,2011-04-15,0.3163349678404107,0.3148659778333206,0.3162611084980216,0.3164088027528915,0.2951345083082517,-0.005463965229115575,-0.006334749666619177,-0.003715646212304302,-0.005225088029550684,0.14822282372753953,0.3148659778333206
82,2011-04-18,0.315328425421564,0.3111226759884122,0.3134028576731575,0.313651063061527,0.1403851252720613,-0.0010065424188467342,-0.0037433018449083977,-0.0028582508248640726,-0.0027577396913645025,-0.15474938303619043,0.3111226759884122
83,2011-04-19,0.3098644494014366,0.3111226759884122,0.3102588340798073,0.3123447883520026,0.1331243280411872,-0.005463976020127381,0.0,-0.003144023593350198,-0.0013062747095244354,-0.007260797230874083,0.3111226759884122
84,2011-04-20,0.3131715548634763,0.313714123810123,0.3129740846369704,0.3156830130870475,0.1088799083950782,0.0033071054620397167,0.0025914478217107795,0.002715250557163096,0.0033382247350449146,-0.024244419646109003,0.313714123810123
85,2011-04-21,0.3167662681238383,0.3188971089457381,0.317404309917226,0.3184407021749521,0.1444758794101622,0.0035947132603619814,0.0051829851356151035,0.004430225280255606,0.00275768908790458,0.03559597101508401,0.3188971089457381
86,2011-04-22,0.3166225014106589,0.3177453667877824,0.3166897877508314,0.3172796000780938,0.1258635308103131,-0.00014376671317939405,-0.0011517421579556597,-0.0007145221663946155,-0.0011611020968582686,-0.018612348599849116,0.3177453667877824
87,2011-04-25,0.3163349980531907,0.3150099707727445,0.3165469424334659,0.3172796829473489,0.1004361722895111,-0.00028750335746818845,-0.0027353960150379164,-0.0001428453173654698,8.286925506917342e-08,-0.025427358520801996,0.3150099707727445
88,2011-04-26,0.3124526032476977,0.3112666241817393,0.3115449880736722,0.3124899065349253,0.1495922357253367,-0.003882394805493017,-0.0037433465910052255,-0.0050019543597937255,-0.004789776412423563,0.0491560634358256,0.3112666241817393
89,2011-04-27,0.3114460918746775,0.3112666241817393,0.3126882549564318,0.3135058889830737,0.1295376340639777,-0.0010065113730202135,0.0,0.0011432668827596193,0.0010159824481483781,-0.020054601661359,0.3112666241817393
90,2011-04-28,0.3136029206415252,0.313714123810123,0.3124024511958171,0.3129253312567523,0.20847695163062,0.002156828766847696,0.002447499628383698,-0.00028580376061471124,-0.0005805577263213735,0.0789393175666423,0.313714123810123
91,2011-05-02,0.3184917855722994,0.3176014185944553,0.3171185603368175,0.3198921906133221,0.145294612966292,0.004888864930774228,0.003887294784332307,0.004716109141000402,0.006966859356569766,-0.06318233866432799,0.3176014185944553
92,2011-05-06,0.3120212996189684,0.3131383086637661,0.3112592202668284,0.3095871270354287,0.3107953370064654,-0.0064704859533309955,-0.004463109930689213,-0.005859340069989116,-0.010305063577893403,0.16550072404017338,0.3131383086637661
93,2011-05-09,0.3161911816602968,0.3127063969646396,0.3144032472989976,0.314086512369798,0.1315538747075431,0.004169882041328399,-0.00043191169912648597,0.0031440270321692054,0.004499385334369332,-0.1792414622989223,0.3127063969646396
94,2011-05-10,0.3130277751709759,0.3112666241817393,0.3151177428757737,0.312344747202173,0.2772389157753348,-0.003163406489320897,-0.001439772782900306,0.0007144955767761085,-0.0017417651676250312,0.14568504106779173,0.3112666241817393
95,2011-05-11,0.3113023594524783,0.3102588525901591,0.3109733758088861,0.3120545291980114,0.1885767730243318,-0.0017254157184976027,-0.0010077715915801644,-0.004144367066887589,-0.00029021800416156873,-0.08866214275100304,0.3102588525901591
96,2011-05-12,0.306557282170233,0.3040680287438186,0.3059714706598342,0.3065390851230458,0.1870412834012697,-0.004745077282245325,-0.00619082384634051,-0.005001905149051911,-0.005515444074965625,-0.001535489623062103,0.3040680287438186
97,2011-05-13,0.3031063985349944,0.2994609706198023,0.3016841968385105,0.2987014799616169,0.243178434383313,-0.0034508836352385996,-0.0046070581240162944,-0.004287273821323712,-0.007837605161428896,0.056137150982043305,0.2994609706198023
98,2011-05-16,0.2947666927911555,0.2925503834337778,0.2931096142508553,0.2927507149999446,0.2482102950645809,-0.008339705743838854,-0.006910587186024497,-0.0085745825876552,-0.005950764961672295,0.005031860681267902,0.2925503834337778
99,2011-05-17,0.291171893525379,0.2929822056407108,0.2941098865094121,0.2930409144135674,0.2404454376728154,-0.0035947992657765493,0.0004318222069329969,0.0010002722585568113,0.00029019941362279367,-0.007764857391765495,0.2929822056407108
100,2011-05-18,0.2926098601477615,0.2965816040383889,0.2955390735640578,0.2934764290189072,0.2093452171100745,0.0014379666223825471,0.0035993983976780886,0.0014291870546456753,0.000435514605339804,-0.031100220562740893,0.2965816040383889
101,2011-05-19,0.3005181501827144,0.2962935510403959,0.3001121186758134,0.2979757100179362,0.1780323006412927,0.007908290034952858,-0.00028805299799300466,0.004573045111755603,0.004499280999029021,-0.031312916468781815,0.2962935510403959
102,2011-05-20,0.2933288152182084,0.2925503834337778,0.2948245412456576,0.2947827070684165,0.1444554839123226,-0.007189334964505967,-0.003743167606618081,-0.005287577430155788,-0.0031930029495196854,-0.03357681672897009,0.2925503834337778
103,2011-05-23,0.2927535987880257,0.2899588237468251,0.2912516889238528,0.291444369728734,0.14888422058605,-0.0005752164301827123,-0.002591559686952738,-0.0035728523218048203,-0.003338337339682529,0.004428736673727396,0.2899588237468251
104,2011-05-24,0.2862831117789225,0.2899588237468251,0.2881076655815425,0.2888318205182885,0.1208171019163027,-0.006470487009103187,0.0,-0.003144023342310287,-0.002612549210445514,-0.0280671186697473,0.2899588237468251
105,2011-05-25,0.2907405625219712,0.2912545812172531,0.2916804335237442,0.2926055245656635,0.1522319958742821,0.004457450743048708,0.0012957574704280383,0.0035727679422016823,0.003773704047375037,0.0314148939579794,0.2912545812172531
106,2011-05-26,0.2930411364113582,0.2929822056407108,0.2939669846943167,0.2952180385919744,0.1305428407432119,0.002300573889386981,0.0017276244234576965,0.002286551170572526,0.0026125140263108526,-0.021689155131070198,0.2929822056407108
107,2011-05-27,0.2911719065963338,0.2918304634827551,0.2929666066370657,0.2937666445192122,0.1130464172394402,-0.001869229815024409,-0.0011517421579557152,-0.0010003780572510057,-0.00145139407276218,-0.017496423503771702,0.2918304634827551
108,2011-05-30,0.2913158233973653,0.2908227813833685,0.2905372814481347,0.2910090728890542,0.0912698528319148,0.00014391680103148508,-0.0010076820993866198,-0.0024293251889310197,-0.0027575716301579956,-0.0217765644075254,0.2908227813833685
109,2011-05-31,0.2888713327515185,0.2961496475931656,0.2939670334192314,0.2914443961307834,0.1587002823319629,-0.0024444906458467863,0.00532686620979711,0.0034297519710967395,0.0004353232417291797,0.0674304295000481,0.2961496475931656
110,2011-06-01,0.2976423968181287,0.2968694556789464,0.2959677314520659,0.2966694625673171,0.1505449968386978,0.008771064066610212,0.0007198080857808153,0.0020006980328344803,0.0052250664365336985,-0.008155285493265108,0.2968694556789464
111,2011-06-02,0.2901654825700363,0.2902468543717697,0.2888223052680064,0.2914444486607689,0.1982267571449799,-0.007476914248092381,-0.006622601307176679,-0.0071454261840595,-0.0052250139065481704,0.0476817603062821,0.2902468543717697
112,2011-06-03,0.2890150961899693,0.2862155890210619,0.2875360418437919,0.2878158477601799,0.1967990722962125,-0.0011503863800670366,-0.004031265350707802,-0.0012862634242145066,-0.0036286009005890296,-0.001427684848767402,0.2862155890210619
113,2011-06-06,0.2849890476252991,0.2811765968248707,0.2841062120940124,0.2820102148647252,0.2091354348465821,-0.004026048564670204,-0.00503899219619125,-0.0034298297497795116,-0.00580563289545466,0.0123363625503696,0.2811765968248707
114,2011-06-07,0.2799563931769652,0.284199956345708,0.2828199724795027,0.2824455953140516,0.1858816536669648,-0.005032654448333895,0.003023359520837321,-0.0012862396145096877,0.00043538044932639464,-0.023253781179617294,0.284199956345708
115,2011-06-08,0.2825446178021349,0.2843439492851319,0.2832487341088867,0.2837518999209559,0.1437678642708755,0.0025882246251697216,0.00014399293942390923,0.0004287616293839891,0.001306304606904285,-0.042113789396089285,0.2843439492851319
116,2011-06-09,0.2824008480134283,0.2836241188263027,0.282962914335587,0.2844776004833255,0.1292724925920638,-0.00014376978870661583,-0.0007198304588292292,-0.000285819773299667,0.0007257005623695911,-0.014495371678811708,0.2836241188263027
117,2011-06-10,0.2844138053436379,0.2846318456717861,0.2853923366765317,0.2862192339921255,0.2158309854230463,0.0020129573302096193,0.0010077268454834476,0.002429422340944676,0.0017416335088000223,0.08655849283098249,0.2846318456717861
118,2011-06-13,0.2815380843769288,0.2818964272836998,0.2801046625713635,0.2821553111249136,0.1204354147424485,-0.0028757209667091277,-0.0027354183880863303,-0.005287674105168172,-0.004063922867211911,-0.0953955706805978,0.2818964272836998
119,2011-06-14,0.2796688368346043,0.2843439492851319,0.2825341725977556,0.2815747754371026,0.1751448808757244,-0.0018692475423244814,0.002447522001432112,0.002429510026392079,-0.0005805356878110235,0.054709466133275916,0.2843439492851319
120,2011-06-15,0.2865707304092425,0.2867915160326607,0.2852495046012029,0.286799914545942,0.1252516658751271,0.006901893574638218,0.0024475667475287732,0.0027153320034473127,0.005225139108839427,-0.04989321500059732,0.2867915160326607
121,2011-06-16,0.2808191960573469,0.278729097196487,0.2799618240020456,0.2802685422353109,0.2561557982943536,-0.005751534351895626,-0.008062418836173701,-0.005287680599157296,-0.006531372310631112,0.1309041324192265,0.278729097196487
122,2011-06-17,0.2786623768132619,0.2780092667376578,0.2776752736452534,0.2780914276269588,0.1828019334931951,-0.0021568192440850065,-0.0007198304588291737,-0.002286550356792205,-0.002177114608352071,-0.07335386480115849,0.2780092667376578
123,2011-06-20,0.2772244218666587,0.2757056258104077,0.2766748049032298,0.2767850754564786,0.1066247490625355,-0.0014379549466032038,-0.0023036409272501057,-0.0010004687420235858,-0.0013063521704801961,-0.0761771844306596,0.2757056258104077
124,2011-06-21,0.2770806403427377,0.2803127510535692,0.2783897561747097,0.2783816402831982,0.1394760687969278,-0.00014378152392097165,0.004607125243161481,0.0017149512714798587,0.0015965648267195487,0.032851319734392315,0.2803127510535692
125,2011-06-22,0.2818256108774314,0.2846318456717861,0.2843919455229972,0.2843324020004292,0.1947566088697106,0.004744970534693693,0.004319094618216945,0.006002189348287501,0.005950761717231023,0.0552805400727828,0.2846318456717861
126,2011-06-23,0.2824008111699529,0.2837680446465814,0.2836774388621035,0.2847678554646146,0.1214814124173618,0.000575200292521505,-0.0008638010252047246,-0.0007145066608936768,0.0004354534641853869,-0.07327519645234881,0.2837680446465814
127,2011-06-24,0.2813942831462047,0.285495713816136,0.2835345206466299,0.2840421483047665,0.1368304813628854,-0.0010065280237482321,0.0017276691695545798,-0.00014291821547363082,-0.0007257071598480991,0.015349068945523597,0.285495713816136
128,2011-06-27,0.2849890263727466,0.2821843684164508,0.2832487275807824,0.2838970261514248,0.1190310390340692,0.0035947432265419077,-0.003311345399685195,-0.00028579306584747277,-0.00014512215334167022,-0.017799442328816195,0.2821843684164508
129,2011-06-28,0.2847014987234578,0.284056075271526,0.284106249124701,0.2853484920537592,0.1618178798588631,-0.00028752764928879904,0.0018717068550752058,0.0008575215439186046,0.001451465902334359,0.04278684082479389,0.284056075271526
130,2011-06-29,0.2875773018118215,0.2865035972729581,0.2865357331221163,0.2876707979145458,0.2592763094638023,0.0028758030883637153,0.002447522001432112,0.0024294839974152715,0.002322305860786633,0.09745842960493922,0.2865035972729581
131,2011-06-30,0.2875772509791943,0.2879432805636648,0.2865356824735983,0.2882513047822427,0.1943428716278229,-5.083262721861104e-08,0.0014396832907067059,-5.0648517990747877e-08,0.000580506867696895,-0.06493343783597941,0.2879432805636648
132,2011-07-01,0.29045290119055,0.293126153834038,0.2919661876211904,0.2924603159323589,0.2158834309889194,0.002875650211355718,0.0051828732703732006,0.005430505147592135,0.004209011150116182,0.0215405593610965,0.293126153834038
133,2011-07-04,0.2967796977029064,0.2961496475931656,0.2963964955170421,0.2982660618792209,0.1529021336604382,0.006326796512356403,0.0030234937591275823,0.004430307895851693,0.0058057459468620065,-0.0629812973284812,0.2961496475931656
134,2011-07-05,0.2950542625680594,0.2947099419294105,0.2938241335189656,0.2965243906123277,0.1009052687398204,-0.0017254351348470198,-0.0014397056637550643,-0.0025723619980765333,-0.0017416712668931744,-0.051996864920617794,0.2947099419294105
135,2011-07-06,0.2939039230155618,0.2983092284618466,0.2962536000824331,0.2962340765209154,0.1805992197265255,-0.0011503395524976034,0.0035992865324360745,0.0024294665634675416,-0.0002903140914123359,0.0796939509867051,0.2983092284618466
136,2011-07-07,0.2987927498327472,0.3011886397893568,0.299969279775313,0.3013140390260385,0.2133485619717202,0.004888826817185388,0.002879411327510184,0.003715679692879892,0.005079962505123103,0.032749342245194685,0.3011886397893568
137,2011-07-08,0.3042567420245078,0.3021965008731306,0.3031133456630533,0.3045071886134819,0.1736705777461809,0.005463992191760636,0.00100786108377382,0.0031440658877402994,0.0031931495874434335,-0.03967798422553931,0.3021965008731306
138,2011-07-11,0.2996554364992955,0.298165190776326,0.2998263067210158,0.3004431440631028,0.1470806758485255,-0.004601305525212318,-0.00403131009680463,-0.0032870389420375234,-0.00406404455037912,-0.026589901897655394,0.298165190776326
139,2011-07-12,0.2926098632674922,0.2925503834337778,0.2916804909767139,0.2943472820949033,0.1770941077406741,-0.0070455732318032704,-0.005614807342548156,-0.008145815744301899,-0.006095861968199501,0.030013431892148612,0.2925503834337778
140,2011-07-13,0.2928975026142573,0.2978774062549136,0.2965395222040073,0.2956536108177743,0.1745650660085719,0.0002876393467650673,0.005327022821135785,0.00485903122729342,0.0013063287228710085,-0.002529041732102194,0.2978774062549136
141,2011-07-14,0.2960607836369747,0.296437611098965,0.2961107296222218,0.2965244000833348,0.1646528540585584,0.0031632810227174013,-0.0014397951559486089,-0.0004287925817855198,0.000870789265560501,-0.009912211950013516,0.296437611098965
142,2011-07-15,0.2944791282510961,0.2949979054352099,0.2943958046757604,0.2957986849703657,0.1190834845999423,-0.0015816553858785665,-0.0014397056637551198,-0.0017149249464614158,-0.0007257151129690942,-0.0455693694586161,0.2949979054352099
143,2011-07-19,0.2954856065714235,0.2983092284618466,0.2978256250138328,0.2959438109602236,0.2075241905172589,0.001006478320327353,0.0033113230266367255,0.0034298203380724313,0.00014512598985788605,0.0884407059173166,0.2983092284618466
144,2011-07-20,0.299080213572316,0.2990289694284823,0.298968792489968,0.3004430928278562,0.1187134519962822,0.0035946070008925357,0.0007197409666356847,0.0011431674761351873,0.0044992818676325985,-0.0888107385209767,0.2990289694284823
145,2011-07-21,0.2987926831978058,0.298741073041828,0.2978255549159445,0.2994271398235017,0.1198293770923595,-0.00028753037451023644,-0.00028789638665427386,-0.0011432375740235146,-0.0010159530043544751,0.0011159250960773026,0.298741073041828
146,2011-07-22,0.3012370960922631,0.3027722936464391,0.3018270656483147,0.3030556957805013,0.1647868816157896,0.0024444128944573484,0.0040312206046110854,0.004001510732370206,0.0036285559569995685,0.044957504523430114,0.3027722936464391
147,2011-07-25,0.299655444899948,0.2988850659812519,0.2986830482099193,0.3002980197250213,0.1201586187003406,-0.0015816511923151255,-0.0038872276651871762,-0.0031440174383953745,-0.002757676055479996,-0.04462826291544901,0.2988850659812519
148,2011-07-26,0.2990803226065942,0.3060837061652693,0.3053998770855755,0.3005883351439017,0.2354776771276146,-0.0005751222933538247,0.007198640184017391,0.006716828875656167,0.0002903154188804158,0.11531905842727401,0.3060837061652693
149,2011-07-27,0.3032501881586196,0.3042120440562909,0.302827473634245,0.3034911636361749,0.148560806263166,0.00416986555202542,-0.0018716621089784335,-0.002572403451330474,0.0029028284922731906,-0.0869168708644486,0.3042120440562909
150,2011-07-28,0.2985050842717907,0.2998928151997837,0.2983971753364146,0.3004431091300787,0.1293191108728399,-0.004745103886828916,-0.004319228856507151,-0.004430298297830426,-0.0030480545060961872,-0.019241695390326108,0.2998928151997837
151,2011-07-29,0.297067299711695,0.2970134933644671,0.2998263651442709,0.2989917950275831,0.1428675487233875,-0.0014377845600956896,-0.0028793218353166394,0.0014291898078563348,-0.0014513141024956044,0.013548437850547601,0.2970134933644671
152,2011-08-01,0.2996553843651436,0.2960055651615482,0.3008266456166418,0.2984111006698387,0.1607514866861103,0.002588084653448619,-0.0010079282029188952,0.0010002804723708847,-0.0005806943577443824,0.017883937962722807,0.2960055651615482
153,2011-08-02,0.2931849878887904,0.293558155025358,0.2916804437496513,0.2934763846300269,0.18928187452107,-0.006470396476353224,-0.002447410136190209,-0.0091462018669905,-0.004934716039811826,0.028530387834959703,0.293558155025358
154,2011-08-03,0.2871459597083151,0.2880873182491855,0.2875361485967476,0.2889770969285809,0.1855640666291778,-0.006039028180475303,-0.005470836776172494,-0.00414429515290371,-0.004499287701445975,-0.0037178078918922164,0.2880873182491855
155,2011-08-04,0.2885837156218782,0.286359537214389,0.2872501973300311,0.2882512579074405,0.1990017860628822,0.001437755913563099,-0.0017277810347964828,-0.00028595126671648874,-0.0007258390211404286,0.01343771943370442,0.286359537214389
156,2011-08-05,0.2744924168764298,0.2781531478118398,0.2761031673108582,0.2740273628794023,0.2987532523534947,-0.0140912987454484,-0.008206389402549197,-0.011147030019172888,-0.01422389502803817,0.09975146629061249,0.2781531478118398
157,2011-08-08,0.2733421517596907,0.272682243916522,0.2743882669873527,0.2733016985928039,0.2118800861272737,-0.001150265116739102,-0.005470903895317791,-0.0017149003235055194,-0.0007256642865984264,-0.08687316622622102,0.272682243916522
158,2011-08-09,0.2648586835456971,0.2651957968380439,0.2636700434097314,0.260819576899125,0.4336986069874975,-0.008483468213993595,-0.00748644707847812,-0.01071822357762131,-0.012482121693678905,0.22181852086022383,0.2651957968380439
159,2011-08-10,0.2665840894918619,0.2669233988884532,0.2649561813060472,0.2690925936252797,0.2583293756355382,0.0017254059461648263,0.0017276020504092826,0.0012861378963158199,0.008273016726154714,-0.1753692313519593,0.2669233988884532
160,2011-08-11,0.2588194681348471,0.2615964208134142,0.2603829981655323,0.2612549087001967,0.2608584173676405,-0.007764621357014834,-0.005326978075038957,-0.004573183140514914,-0.007837684925083022,0.0025290417321022773,0.2615964208134142
161,2011-08-12,0.2654337667236666,0.2657716119844008,0.2638128830375294,0.2679314465448598,0.1890400421895441,0.006614298588819512,0.004175191170986581,0.0034298848719971353,0.0066765378446631,-0.07181837517809639,0.2657716119844008
162,2011-08-15,0.2657214154139242,0.2651957968380439,0.2653849705213394,0.2667703941345328,0.1112924044252403,0.00028764869025760254,-0.0005758151463569061,0.0015720874838099919,-0.0011610524103269904,-0.0777476377643038,0.2651957968380439
163,2011-08-16,0.2684533629462847,0.2670673918278771,0.2686718949108841,0.2680766412423911,0.1661125889753593,0.0027319475323605014,0.0018715949898331918,0.0032869243895446987,0.001306247107858316,0.054820184550119,0.2670673918278771
164,2011-08-17,0.2668716735796668,0.2653397002852742,0.2662423744500242,0.2669154671656481,0.1587731233956755,-0.0015816893666179,-0.0017276915426028827,-0.002429520460859924,-0.001161174076742988,-0.00733946557968379,0.2653397002852742
165,2011-08-18,0.2650024040648213,0.2653397002852742,0.2633841545148951,0.2674960248477772,0.141369936453456,-0.0018692695148455063,0.0,-0.0028582199351290805,0.000580557682129057,-0.017403186942219512,0.2653397002852742
166,2011-08-19,0.2562313507448592,0.2552617382659402,0.2548095639036271,0.2550139049974442,0.3262347288709926,-0.008771053319962085,-0.01007796201933403,-0.00857459061126803,-0.012482119850332984,0.1848647924175366,0.2552617382659402
167,2011-08-22,0.2517738560748667,0.2519503257471099,0.2512367524201215,0.2525464320464977,0.1949693047757515,-0.004457494669992512,-0.00331141251883027,-0.003572811483505578,-0.0024674729509465143,-0.13126542409524108,0.2519503257471099
168,2011-08-23,0.2537868697353061,0.2507985612161058,0.25223710836927,0.2481921741653839,0.2741125773207891,0.0020130136604394333,-0.0011517645310041291,0.0010003559491484904,-0.004354257881113793,0.07914327254503759,0.2507985612161058
169,2011-08-24,0.2527803526108461,0.2466233700451192,0.2528087623029167,0.247611610948896,0.2323455113879719,-0.001006517124460038,-0.004175191170986581,0.0005716539336467208,-0.0005805632164878893,-0.04176706593281718,0.2466233700451192
170,2011-08-25,0.2480353719140677,0.2510865247219052,0.2520942445473189,0.2502242034580891,0.1928656548557309,-0.004744980696778395,0.004463154676785985,-0.0007145177555978321,0.0026125925091931013,-0.03947985653224101,0.2510865247219052
171,2011-08-26,0.2501922079821974,0.2538220102291367,0.2523800812149703,0.2524013349277895,0.1243921413233181,0.0021568360681296916,0.0027354855072315165,0.0002858366676514179,0.0021771314697003885,-0.0684735135324128,0.2538220102291367
172,2011-08-29,0.2536431203480727,0.2539659584224638,0.2542378952705223,0.2525464531396859,0.1863420091896286,0.0034509123658753027,0.00014394819332708142,0.0018578140555520206,0.00014511821189638896,0.06194986786631049,0.2539659584224638
173,2011-08-30,0.25666268882587,0.2601023262690284,0.2608117801843159,0.2587875423731072,0.1947595225122591,0.0030195684777973297,0.006136367846564628,0.006573884913793571,0.006241089233421315,0.008417513322630493,0.2601023262690284
174,2011-08-31,0.2601136523609825,0.2630362159693629,0.2625267439818005,0.2606744381679395,0.2849717230990667,0.0034509635351124834,0.00293388970033448,0.0017149637974845922,0.0018868957948323106,0.09021220058680762,0.2630362159693629
175,2011-09-01,0.2645710542409953,0.2653974227501148,0.2648132935946539,0.2648834914464462,0.1713833683456046,0.004457401880012812,0.002361206780751912,0.0022865496128534057,0.00420905327850668,-0.1135883547534621,0.2653974227501148
176,2011-09-02,0.2629894006681517,0.2633241347290655,0.2623838088939098,0.2619806799777416,0.1595335841008353,-0.001581653572843622,-0.00207328802104928,-0.002429484700744111,-0.0029028114687045803,-0.011849784244769318,0.2633241347290655
177,2011-09-05,0.2588195086899365,0.258429068353153,0.2582393805049551,0.2574812581722925,0.1295929932723993,-0.004169891978215212,-0.004895066375912527,-0.00414442838895468,-0.0044994218054491,-0.029940590828436003,0.258429068353153
178,2011-09-06,0.2545058373760083,0.2541099066157909,0.2533804172710244,0.2528367307002058,0.1632280828523395,-0.00431367131392818,-0.004319161737362076,-0.004858963233930702,-0.0046445274720867125,0.033635089579940214,0.2541099066157909
179,2011-09-07,0.255224832575172,0.2561255616641932,0.2555241190540081,0.2561750140452314,0.1339925935206417,0.0007189951991636856,0.0020156550484022873,0.0021437017829837313,0.0033382833450256166,-0.02923548933169781,0.2561255616641932
180,2011-09-08,0.2593945893208075,0.2549736852679472,0.2583822437113111,0.2554492288809386,0.1176528861086264,0.004169756745635522,-0.0011518763962459766,0.0028581246573029517,-0.0007257851642928359,-0.016339707412015292,0.2549736852679472
181,2011-09-09,0.2537868617555994,0.2550344504673685,0.2560956851110075,0.2557395216261238,0.2405678106598526,-0.005607727565208109,6.076519942127545e-05,-0.0022865586003035787,0.00029029274518521664,0.12291492455122621,0.2550344504673685
182,2011-09-12,0.2487543412341602,0.2535340690963857,0.251665530479905,0.2509499115524362,0.1501196050266161,-0.005032520521439182,-0.0015003813709827951,-0.004430154631102523,-0.004789610073687611,-0.09044820563323652,0.2535340690963857
183,2011-09-13,0.2514862910934123,0.2539659584224638,0.2523800666471006,0.2526915859206786,0.1996282192108107,0.0027319498592520974,0.00043188932607807207,0.0007145361671956341,0.0017416743682424074,0.04950861418419461,0.2539659584224638
184,2011-09-14,0.2522052383954266,0.2503666718900277,0.2528087937723857,0.2509498817075127,0.1749147031143925,0.0007189473020142723,-0.0035992865324360745,0.0004287271252850777,-0.0017417042131658844,-0.024713516096418198,0.2503666718900277
185,2011-09-15,0.2509111152931612,0.2507985612161058,0.2506651097872041,0.2509498561307022,0.1621820851774262,-0.0012941231022653987,0.00043188932607807207,-0.0021436839851816103,-2.557681050285865e-08,-0.012732617936966312,0.2507985612161058
186,2011-09-16,0.2536431569106146,0.2568454368691192,0.2563815907039508,0.2553041722378932,0.2048290711598919,0.00273204161745344,0.006046875653013428,0.005716480916746702,0.004354316107191003,0.04264698598246572,0.2568454368691192
187,2011-09-20,0.2501922012350596,0.2510865247219052,0.2502364158667614,0.2513853188941965,0.2177190257944775,-0.003450955675555034,-0.005758912147214024,-0.006145174837189404,-0.003918853343696682,0.012889954634585588,0.2510865247219052
188,2011-09-21,0.2493294523608774,0.2522382892529093,0.2516654955324756,0.2512401688315595,0.1474769312351222,-0.0008627488741821954,0.0011517645310041291,0.0014290796657142057,-0.000145150062637045,-0.07024209455935529,0.2522382892529093
189,2011-09-22,0.2494732110040156,0.2447517526822376,0.2486643526564567,0.2463053412037766,0.2892256412198838,0.0001437586431382032,-0.00748653657067172,-0.0030011428760188807,-0.004934827627782884,0.1417487099847616,0.2447517526822376
190,2011-09-26,0.2372511964198164,0.2253155919832535,0.2369457040538402,0.2262758046123735,0.6081791773621629,-0.012222014584199192,-0.0194361606989841,-0.01171864860261651,-0.02002953659140308,0.31895353614227906,0.2253155919832535
191,2011-09-27,0.230493130307375,0.2335219813858027,0.2318009312659051,0.2301946355660289,0.2684950744872718,-0.0067580661124413965,0.008206389402549225,-0.005144772787935098,0.003918830953655389,-0.3396841028748911,0.2335219813858027
192,2011-09-28,0.2379189332698169,0.2374874028551052,0.2387986488347644,0.2373444945698084,0.2613770457412743,0.007425802962441885,0.0039654214693024825,0.006997717568859307,0.007149859003779513,-0.0071180287459974845,0.2374874028551052
193,2011-09-29,0.2320516404514577,0.2335219590127543,0.2322382692635148,0.2287568896958535,0.3121560080766171,-0.005867292818359182,-0.003965443842350896,-0.006560379571249608,-0.008587604873954907,0.05077896233534279,0.2335219590127543
194,2011-09-30,0.2352786608475935,0.2338156947650378,0.2341334763829464,0.2333468132219073,0.2071599851986958,0.003227020396135788,0.0002937357522835027,0.0018952071194316134,0.004589923526053807,-0.10499602287792129,0.2338156947650378
195,2011-10-03,0.22559765364113,0.2226536690591211,0.2253863072460589,0.2198731498536234,0.3091433016814631,-0.009681007206463504,-0.011162025705916706,-0.0087471691368875,-0.0134736633682839,0.10198331648276729,0.2226536690591211
196,2011-10-04,0.2077023726707837,0.2098760407830244,0.2119739202314677,0.2065474942495162,0.9259818246977825,-0.01789528097034629,-0.012777628276096686,-0.013412387014591215,-0.0133256556041072,0.6168385230163194,0.2098760407830244
197,2011-10-05,0.2101959757102373,0.2051762240003923,0.2113907877724045,0.2062513788075206,0.6241750749534546,0.00249360303945359,-0.004699816782632121,-0.0005831324590631903,-0.00029611544199562023,-0.30180674974432786,0.2051762240003923
198,2011-10-06,0.2088758814546021,0.2106104360963541,0.2125571261244957,0.210249120644857,0.2790191513724713,-0.0013200942556352013,0.005434212095961816,0.0011663383520912063,0.0039977418373364215,-0.3451559235809833,0.2106104360963541
199,2011-10-07,0.216796734771156,0.2175132822076363,0.219846458770566,0.2170599965575794,0.2833604787697436,0.0079208533165539,0.006902846111282196,0.00728933264607029,0.006810875912722392,0.004341327397272277,0.2175132822076363
200,2011-10-11,0.222957375142915,0.2214787260499873,0.2236368991067203,0.2232786075473282,0.2779964628379461,0.0061606403717590075,0.0039654438423510074,0.003790440336154305,0.006218610989748796,-0.005364015931797472,0.2214787260499873
201,2011-10-12,0.2210504745509232,0.2267659919641379,0.2268441741502766,0.2203173201682652,0.2603135662110701,-0.0019069005919918058,0.005287265914150602,0.003207275043556307,-0.00296128737906301,-0.017682896626876,0.2267659919641379
202,2011-10-13,0.2307315021432751,0.232053280251337,0.2325298554805499,0.2309778341952321,0.2940331514249168,0.009681027592351898,0.005287288287199099,0.005685681330273307,0.01066051402696691,0.033719585213846714,0.232053280251337
203,2011-10-14,0.2307315144787994,0.229115900355454,0.2310719826613515,0.2309778465439259,0.2022009655811405,1.2335524296469558e-08,-0.0029373798958829966,-0.0014578728191984025,1.2348693789743237e-08,-0.09183218584377631,0.229115900355454
204,2011-10-17,0.2346919129691656,0.2371936671028217,0.2370492196731551,0.2358638880666126,0.2056157546479882,0.003960398490366224,0.008077766747367682,0.005977237011803582,0.004886041522686707,0.0034147890668476955,0.2371936671028217
205,2011-10-18,0.2302914847162885,0.231172095367535,0.2312178049179256,0.2315701061373377,0.1542307546625564,-0.00440042825287712,-0.006021571735286696,-0.005831414755229497,-0.0042937819292749035,-0.051384999985431806,0.231172095367535
206,2011-10-19,0.2342519056568481,0.223241140563688,0.233841960527226,0.2229824709011109,0.3045135236718889,0.003960420940559595,-0.007930954803847007,0.002624155609300405,-0.008587635236226798,0.1502827690093325,0.223241140563688
207,2011-10-20,0.2229573556837364,0.2226536690591211,0.2230537281375093,0.2213537816438809,0.1465824429727312,-0.01129454997311169,-0.0005874715045668943,-0.010788232389716712,-0.0016286892572300038,-0.15793108069915768,0.2226536690591211
208,2011-10-21,0.2163566800743905,0.217072667392687,0.2166391513260423,0.2158754918516819,0.2289219813934787,-0.006600675609345907,-0.0055810016664341044,-0.006414576811466982,-0.005478289792198998,0.08233953842074748,0.217072667392687
209,2011-10-24,0.2200237340225051,0.2242692492562527,0.2231995430120121,0.2207615496330953,0.1780847462071658,0.003667053948114618,0.007196581863565699,0.0065603916859698075,0.004886057781413405,-0.05083723518631289,0.2242692492562527
210,2011-10-25,0.2273578802290423,0.224856743133868,0.2268442293655267,0.226684076615223,0.2053039948952982,0.00733414620653719,0.0005874938776153082,0.003644686353514587,0.005922526982127696,0.027219248688132386,0.224856743133868
211,2011-10-26,0.2209038236429329,0.2241223701935868,0.224074244868165,0.2206134770630242,0.2087275248897914,-0.006454056586109397,-0.0007343729402811972,-0.0027699844973617105,-0.0060705995521987965,0.0034235299944932185,0.2241223701935868
212,2011-10-27,0.2257443543011711,0.2404248722431818,0.2390903083249533,0.2277205108074987,0.4557053491563548,0.004840530658238196,0.01630250204959499,0.015016063456788298,0.007107033744474495,0.2469778242665634,0.2404248722431818
213,2011-10-28,0.2471599640898061,0.2436559431452514,0.2478374713718925,0.2443034867915066,0.6429214511105349,0.021415609788634993,0.003231070902069616,0.008747163046939205,0.016582975984007903,0.1872161019541801,0.2436559431452514
214,2011-10-31,0.2415859773891291,0.2410122542555551,0.2447759051535633,0.242970878024093,0.2090946438509031,-0.005573986700676992,-0.0026436888896963218,-0.0030615662183292036,-0.00133260876741359,-0.4338268072596318,0.2410122542555551
215,2011-11-01,0.236745521185539,0.2351375615829343,0.2396734262791885,0.2345313682536603,0.256094611800835,-0.00484045620359011,-0.005874692672620779,-0.005102478874374788,-0.008439509770432702,0.04699996794993189,0.2351375615829343
216,2011-11-02,0.2275045130587316,0.2276472215940367,0.2288851854441902,0.2256475924554658,0.2876289651033032,-0.009241008126807393,-0.007490339988897615,-0.010788240834998297,-0.008883775798194493,0.03153435330246823,0.2276472215940367
217,2011-11-04,0.2346918982919706,0.232934465135139,0.2341334615734426,0.2345313090601012,0.2149073607351702,0.007187385233239002,0.005287243541102299,0.005248276129252383,0.008883716604635383,-0.07272160436813302,0.232934465135139
218,2011-11-07,0.2323449914415395,0.2374874028551052,0.2371949860067453,0.2343832586999275,0.1727352984881109,-0.0023469068504310964,0.004552937719966205,0.003061524433302709,-0.0001480503601737071,-0.0421720622470593,0.2374874028551052
219,2011-11-08,0.2390924147543221,0.2304377224272538,0.2382155505405181,0.2314220342782678,0.1964377806201979,0.006747423312782608,-0.007049680427851396,0.0010205645337728053,-0.0029612244216596917,0.023702482132087005,0.2304377224272538
220,2011-11-09,0.2360121128148261,0.2407185856224168,0.2395276615922886,0.2376406987026818,0.2582681891420196,-0.0030803019394960163,0.010280863195162998,0.0013121110517705092,0.006218664424414017,0.0618304085218217,0.2407185856224168
221,2011-11-10,0.2289713248531293,0.229115900355454,0.2290309860210976,0.2269801530460503,0.3794087053812064,-0.007040787961696798,-0.011602685266962787,-0.010496675571191022,-0.01066054565663152,0.12114051623918681,0.229115900355454
222,2011-11-11,0.2297047653610021,0.2272066291521357,0.2306346417137866,0.2266840510787016,0.2931648859454624,0.0007334405078728012,-0.0019092712033183246,0.0016036556926889989,-0.0002961019673486942,-0.086243819435744,0.2272066291521357
223,2011-11-14,0.231024884012227,0.2319064011886711,0.2338419442112901,0.2321623529796823,0.173446227269946,0.0013201186512249163,0.0046997720365354045,0.003207302497503506,0.005478301900980698,-0.11971865867551643,0.2319064011886711
224,2011-11-15,0.228824669397788,0.2298502732957352,0.2318009435823738,0.2309778647745505,0.136579908103714,-0.0022002146144390056,-0.002056127892935883,-0.002041000628916295,-0.001184488205131784,-0.03686631916623198,0.2298502732957352
225,2011-11-16,0.2288246962522289,0.224856743133868,0.2285936706544785,0.2252034445846443,0.1699527698542887,2.6854440893231413e-08,-0.00499353016186721,-0.0032072729278952994,-0.005774420189906204,0.03337286175057469,0.224856743133868
226,2011-11-17,0.2244242034164072,0.2283815721612695,0.227718931839206,0.2253514938724799,0.1801009868507311,-0.0044004928358216955,0.003524829027401505,-0.0008747388152725022,0.0001480492878355999,0.010148216996442389,0.2283815721612695
227,2011-11-18,0.2228106686198602,0.2247098193251053,0.2243657952538613,0.2247592061890602,0.1633679376946677,-0.0016135347965469948,-0.003671752836164194,-0.003353136585344696,-0.0005922876834197066,-0.016733049156063384,0.2247098193251053
228,2011-11-21,0.2228106000743191,0.2230941943818769,0.222470494723671,0.2232785057993108,0.1290277466179894,-6.854554110424793e-08,-0.001615624943228422,-0.001895300530190297,-0.0014807003897494009,-0.034340191076678295,0.2230941943818769
229,2011-11-22,0.2203170449245033,0.2254441475192898,0.2250947247416066,0.2222421315467033,0.1426461118897011,-0.002493555149815807,0.0023499531374129023,0.0026242300179356026,-0.001036374252607497,0.013618365271711702,0.2254441475192898
230,2011-11-24,0.2207571219198652,0.2189819385960053,0.2198464185084651,0.2197250859352773,0.2368703982657999,0.00044007699536191547,-0.0064622089232845015,-0.005248306233141514,-0.0025170456114260165,0.09422428637609878,0.2189819385960053
231,2011-11-25,0.2173834407612617,0.214429000876039,0.2179512109652651,0.2149870943010099,0.2444691780323006,-0.0033736811586035087,-0.004552937719966288,-0.0018952075431999948,-0.0047379916342673856,0.007598779766500696,0.214429000876039
232,2011-11-28,0.2176767803330661,0.2195694101005722,0.2198464088223017,0.2188366999171025,0.1562295134508308,0.0002933395718043852,0.00514040922453321,0.0018951978570365957,0.0038496056160925995,-0.08823966458146978,0.2195694101005722
233,2011-11-29,0.2220772247175571,0.2273534410956565,0.2264067954675128,0.2240188742937418,0.2443555459729089,0.004400444384490998,0.00778403099508429,0.006560386645211108,0.005182174376639287,0.0881260325220781,0.2273534410956565
234,2011-11-30,0.227211135656609,0.2277940782836542,0.2281562659792523,0.2272762744010946,0.3500654112752139,0.005133910939051911,0.00044063718799769447,0.001749470511739487,0.0032574001073528147,0.105709865302305,0.2277940782836542
235,2011-12-01,0.2395324560544792,0.2385155115476699,0.2389444603797891,0.2386770925290876,0.3716117979214074,0.012321320397870206,0.0107214332640157,0.010788194400536799,0.011400818127992984,0.021546386646193516,0.2385155115476699
236,2011-12-02,0.238359028097616,0.239984235055184,0.2389444742697292,0.2398616172541178,0.184826915064406,-0.0011734279568632044,0.0014687235075140914,1.3889940114752974e-08,0.0011845247250302227,-0.18678488285700143,0.239984235055184
237,2011-12-05,0.2405593109007845,0.2393967859236654,0.2395276845731364,0.2394174745604526,0.1437299869177449,0.0022002828031685018,-0.0005874491315185915,0.0005832103034071889,-0.0004441426936652171,-0.04109692814666108,0.2393967859236654
238,2011-12-06,0.2389457733121698,0.2367531194070175,0.2398192191322222,0.2380848887203231,0.1906949911570948,-0.0016135375886147107,-0.002643666516647908,0.0002915345590858154,-0.001332585840129491,0.04696500423934988,0.2367531194070175
239,2011-12-07,0.2364521829619473,0.2393967859236654,0.238215603574308,0.2367523449735087,0.1949489092779119,-0.00249359035022248,0.002643666516647908,-0.0016036155579142175,-0.0013325437468144075,0.004253918120817102,0.2393967859236654
240,2011-12-08,0.2365988636767131,0.234109475263418,0.2360287822650407,0.2339391421981346,0.2684630244192382,0.00014668071476578448,-0.005287310660247402,-0.002186821309267284,-0.002813202775374085,0.0735141151413263,0.234109475263418
241,2011-12-09,0.2266244454733189,0.234109475263418,0.2342793410788745,0.228756937173356,0.3762677987139182,-0.009974418203394203,0.0,-0.0017494411861662118,-0.005182205024778619,0.10780477429468,0.234109475263418
242,2011-12-12,0.2364520802277688,0.2358718226579736,0.2366118373184754,0.2377886719053832,0.1552680114098242,0.009827634754449921,0.0017623473945556078,0.002332496239600912,0.009031734732027202,-0.22099978730409398,0.2358718226579736
243,2011-12-13,0.2313182855652947,0.2355781763978837,0.2351540530227169,0.233346864571271,0.1878774988126906,-0.0051337946624741004,-0.0002936462600899026,-0.0014577842957584908,-0.004441807334112202,0.0326094874028664,0.2355781763978837
244,2011-12-14,0.236452176353562,0.2369000208427318,0.235882990743231,0.2357159081389225,0.1687727446221442,0.005133890788267287,0.0013218444448480915,0.0007289377205140779,0.0023690435676514965,-0.019104754190546414,0.2369000208427318
245,2011-12-15,0.2317583366638494,0.2283815721612695,0.2316551744252555,0.2297933624986782,0.2530236325547109,-0.004693839689712598,-0.008518448681462287,-0.004227816317975502,-0.0059225456402442755,0.08425088793256669,0.2283815721612695
246,2011-12-16,0.2277978955032722,0.226178520459571,0.2283020559183326,0.2260917891146217,0.1832273253052769,-0.003960441160577199,-0.0022030517016985163,-0.003353118506922881,-0.0037015733840565224,-0.06979630724943398,0.226178520459571
247,2011-12-19,0.2236907807942993,0.223241140563688,0.2233453009722598,0.2225382827120649,0.1606407682692671,-0.004107114708972903,-0.0029373798958829966,-0.004956754946072811,-0.0035535064025567775,-0.022586557036009813,0.223241140563688
248,2011-12-20,0.2229573336250267,0.2213318246142729,0.2224705546762347,0.2225382569255107,0.1569433558752145,-0.0007334471692725941,-0.0019093159494150969,-0.0008747462960251029,-2.5786554197493317e-08,-0.003697412394052607,0.2213318246142729
249,2011-12-21,0.2269177695356455,0.2228005033756903,0.2261152236199308,0.2241669383732353,0.1850425246129954,0.003960435910618787,0.0014686787614174024,0.003644668943696111,0.0016286814477246003,0.0280991687377809,0.2228005033756903
250,2011-12-22,0.2229573672704526,0.2223599333068376,0.2230537397292337,0.2235747341702929,0.1660368342690982,-0.003960402265192897,-0.00044057006885270256,-0.003061483890697103,-0.0005922042029424257,-0.01900569034389718,0.2223599333068376
251,2011-12-26,0.2263310115496289,0.2260316190238567,0.2259694355474847,0.2268320568764953,0.1183929513159466,0.003373644279176302,0.0036716857170191186,0.0029156958182509907,0.003257322706202409,-0.04764388295315161,0.2260316190238567
252,2011-12-27,0.2248641960014274,0.2260316190238567,0.2250947151862613,0.2260917478787082,0.1008149458208168,-0.0014668155482014944,0.0,-0.00087472036122338,-0.000740308997787098,-0.017578005495129792,0.2260316190238567
253,2011-12-28,0.2260377020046431,0.2255910489550041,0.2259694729858198,0.2274243498874295,0.0800698108754621,0.0011735060032156963,-0.0004405700688526193,0.0008747577995584788,0.0013326020087212898,-0.02074513494535471,0.2255910489550041
254,2011-12-29,0.2244242224670957,0.2264723009579513,0.225240567099487,0.2254995667168102,0.1049552318822422,-0.0016134795375473965,0.0008812520029471971,-0.0007289058863327869,-0.001924783170619282,0.02488542100678011,0.2264723009579513
255,2011-12-30,0.2261843932471241,0.2283815721612695,0.2272815715518671,0.2274243677054456,0.1023009035205542,0.0017601707800284083,0.0019092712033182135,0.0020410044523800908,0.0019248009886354,-0.0026543283616880103,0.2283815721612695
256,2012-01-04,0.2338118302939423,0.2322001369409545,0.2323840474386289,0.2331987713883298,0.1893634565124281,0.007627437046818203,0.0038185647796850075,0.005102475886761798,0.005774403682884205,0.08706255299187392,0.2322001369409545
257,2012-01-05,0.2307315480527783,0.2301440090480187,0.2309262384163134,0.2311259338604045,0.1208316701290452,-0.003080282241164023,-0.0020561278929357996,-0.0014578090223154871,-0.0020728375279253086,-0.06853178638338292,0.2301440090480187
258,2012-01-06,0.2289713295540488,0.2270597277164214,0.2283020480828427,0.2277204803690382,0.1215542534810744,-0.0017602184987294822,-0.0030842813315972994,-0.002624190333470694,-0.0034054534913663115,0.0007225833520292102,0.2270597277164214
259,2012-01-10,0.2280912925329626,0.2305846462360165,0.2297599649020338,0.2292011566749534,0.1433395588162453,-0.0008800370210862163,0.003524918519595077,0.0014579168191910796,0.0014806763059151962,0.021785305335170896,0.2305846462360165
260,2012-01-11,0.2316116042190335,0.2324938950662864,0.2328214185078147,0.2323104059553123,0.1645450492842637,0.0035203116860709205,0.0019092488302699107,0.003061453605780917,0.003109249280358911,0.021205490468018395,0.2324938950662864
261,2012-01-12,0.2329317977859289,0.2342563766991323,0.2325299141074213,0.2333468874186963,0.1567627100372072,0.001320193566895389,0.001762481632845897,-0.00029150440039341086,0.0010364814633840036,-0.007782339247056486,0.2342563766991323
262,2012-01-13,0.2346919313208484,0.2366062179713032,0.2352997973367745,0.2364561483367107,0.1571881018492889,0.0017601335349194946,0.002349841272170916,0.002769883229353204,0.0031092609180143893,0.0004253918120817046,0.2366062179713032
263,2012-01-16,0.2330784327142562,0.2310251715587723,0.2316551283854959,0.2323103919353787,0.1323463854807364,-0.0016134986065921841,-0.0055810464125309045,-0.0036446689512786012,-0.004145756401331996,-0.024841716368552508,0.2310251715587723
264,2012-01-17,0.2327850022237296,0.2352843287803583,0.2335502902121069,0.2334948458552057,0.1283605224743818,-0.00029343049052660275,0.004259157221585985,0.0018951618266110082,0.0011844539198269943,-0.003985863006354617,0.2352843287803583
265,2012-01-18,0.2348386566075428,0.2398373559925181,0.2396734249492163,0.2370484424275037,0.2210726283678065,0.0020536543838131915,0.004553027212159805,0.006123134737109404,0.0035535965722980067,0.09271210589342471,0.2398373559925181
266,2012-01-19,0.2411459407289988,0.2426278344526867,0.2411312301128399,0.2423786470040188,0.178495569806505,0.006307284121456008,0.0027904784601686106,0.0014578051636235934,0.005330204576515091,-0.042577058561301506,0.2426278344526867
267,2012-01-20,0.2461331703861995,0.2501181968146327,0.2492953313825612,0.2478569935278442,0.3366713964797371,0.0049872296572006924,0.007490362361946001,0.008164101269721308,0.0054783465238254225,0.1581758266732321,0.2501181968146327
268,2012-01-23,0.2498002990118835,0.2493838909934967,0.2491496024587977,0.249337660650838,0.159676352585712,0.0036671286256839963,-0.000734305821136011,-0.00014572892376352176,0.0014806671229938007,-0.1769950438940251,0.2493838909934967
269,2012-01-24,0.2500935711241514,0.2502650311312019,0.2510447463397369,0.2518546609232675,0.155751676072876,0.00029327211226792826,0.0008811401377052108,0.0018951438809391985,0.002517000272429515,-0.003924676512836012,0.2502650311312019
270,2012-01-25,0.2522938627578015,0.2532024781462301,0.2522111039059996,0.2524469575976433,0.1474507084521856,0.0022002916336500977,0.002937447015028183,0.0011663575662627101,0.0005922966743757696,-0.00830096762069038,0.2532024781462301
271,2012-01-26,0.2550807652987072,0.2523211813971861,0.2548351831154691,0.2533352520325497,0.1713192682095375,0.002786902540905689,-0.0008812967490439694,0.0026240792094694987,0.0008882944349064004,0.023868559757351887,0.2523211813971861
272,2012-01-27,0.2561075846273568,0.2580491292454313,0.2573135909093018,0.2565927005929596,0.3170975458388814,0.0010268193286495642,0.005727947848245152,0.002478407793832682,0.0032574485604098813,0.1457782776293439,0.2580491292454313
273,2012-01-30,0.2566943148649588,0.2539367839673661,0.2565846843197482,0.2555562527751409,0.1417399690571161,0.0005867302376020289,-0.004112345278065199,-0.0007289065895536018,-0.0010364478178186975,-0.17535757678176528,0.2539367839673661
274,2012-01-31,0.252733879761014,0.2554054851018318,0.2551267905764424,0.2549640024480573,0.1883495089055484,-0.003960435103944782,0.001468701134465733,-0.0014578937433057937,-0.0005922503270835988,0.0466095398484323,0.2554054851018318
275,2012-02-01,0.2520004603518104,0.2529086752748014,0.2522110485152877,0.2521507948201707,0.182708696931643,-0.0007334194092036284,-0.002496809827030433,-0.0029157420611546914,-0.0028132076278865603,-0.005640811973905424,0.2529086752748014
276,2012-02-02,0.2547873909382558,0.2576084696843852,0.2580424813596679,0.2560003798985024,0.2377299228176088,0.002786930586445413,0.004699794409583846,0.005831432844380202,0.003849585078331663,0.05502122588596581,0.2576084696843852
277,2012-02-03,0.2594812755266238,0.2592240498815168,0.2605209022143834,0.260738432850582,0.2139079813410331,0.0046938845883680025,0.0016155801971315942,0.0024784208547155018,0.00473805295207963,-0.02382194147657571,0.2592240498815168
278,2012-02-06,0.2647618423302442,0.2637770099745314,0.2637281998152611,0.2656245006340864,0.169509896186916,0.005280566803620379,0.004552960093014591,0.003207297600877679,0.0048860677835043664,-0.044398085154117084,0.2637770099745314
279,2012-02-07,0.2615348218242257,0.2634832742222479,0.2629992687518581,0.2635516251890477,0.1566257688374275,-0.0032270205060184742,-0.00029373575228353044,-0.0007289310634029933,-0.002072875445038702,-0.012884127349488517,0.2634832742222479
280,2012-02-08,0.2640284503382346,0.265539469234329,0.263728229023612,0.2656245300524559,0.148866738730759,0.002493628514008861,0.002056195012081097,0.0007289602717538979,0.0020729048634082203,-0.00775903010666848,0.265539469234329
281,2012-02-09,0.2659353469106361,0.2665675779268937,0.2650403430365272,0.2662168053377411,0.132384262833867,0.0019068965724015063,0.0010281086925646998,0.0013121140129151998,0.0005922752852852153,-0.016482475896892,0.2665675779268937
282,2012-02-10,0.2669620499984729,0.2601052347653188,0.265477611598035,0.2617748325457116,0.2564384216215586,0.001026703087836811,-0.006462343161574846,0.0004372685615078309,-0.004441972792029514,0.1240541587876916,0.2601052347653188
283,2012-02-13,0.259774643801085,0.2611333882039803,0.2619787821006673,0.2614787768445281,0.1361545162916323,-0.007187406197387891,0.0010281534386614721,-0.003498829497367739,-0.00029605570118351743,-0.1202839053299263,0.2611333882039803
284,2012-02-14,0.2602146173489798,0.2627488565358699,0.2616871254337393,0.2602941921461201,0.1597433663643277,0.000439973547894823,0.0016154683318895802,-0.0002916566669279863,-0.0011845846984079866,0.0235888500726954,0.2627488565358699
285,2012-02-15,0.266962118819019,0.2692111996974448,0.2681018416178092,0.2671051583584368,0.2472633612363168,0.006747501470039163,0.006462343161574902,0.006414716184069913,0.006810966212316694,0.08751999487198908,0.2692111996974448
286,2012-02-16,0.2687223120721715,0.2690643430078273,0.2726212256795582,0.2702144792545575,0.3269922759336039,0.00176019325315252,-0.00014685668961750276,0.00451938406174901,0.003109320896120704,0.07972891469728713,0.2690643430078273
287,2012-02-17,0.2750296177915842,0.2759671443730128,0.274953799625791,0.2746563293351008,0.2580409250232363,0.006307305719412681,0.006902801365185507,0.0023325739462327633,0.004441850080543319,-0.06895135091036764,0.2759671443730128
288,2012-02-20,0.2888177485751509,0.2893322441536763,0.2896782307167064,0.2910912789610234,0.3875465090191805,0.013788130783566721,0.013365099780663525,0.014724431090915424,0.016434949625922568,0.1295055839959442,0.2893322441536763
289,2012-02-21,0.2879377052608499,0.2918290539807067,0.2949266058004435,0.2903510353425329,0.3805508532602203,-0.0008800433143010267,0.0024968098270303773,0.0052483750837371,-0.0007402436184904548,-0.006995655758960162,0.2918290539807067
290,2012-02-22,0.2905779114779361,0.2934445446856448,0.2920108095397253,0.2910912523347122,0.2633262726062241,0.002640206217086216,0.001615490704938105,-0.0029157962607181953,0.0007402169921792989,-0.11722458065399621,0.2934445446856448
291,2012-02-23,0.2911646858157142,0.2913883944196606,0.2906987556733963,0.2919796552469849,0.2377707138132879,0.0005867743377780954,-0.0020561502659842135,-0.0013120538663289882,0.0008884029122726567,-0.025555558792936195,0.2913883944196606
292,2012-02-24,0.2902845608653099,0.2949132234470621,0.2937602465077891,0.2928680010293742,0.2373977675670793,-0.000880124950404293,0.0035248290274015326,0.003061490834392777,0.0008883457823893326,-0.0003729462462085942,0.2949132234470621
293,2012-02-27,0.2982054127113313,0.2949132234470621,0.2979880435456435,0.2973098818696129,0.258495453260803,0.00792085184602137,0.0,0.004227797037854419,0.004441880840238666,0.021097685693723667,0.2949132234470621
294,2012-02-28,0.2904313199375931,0.2916821972910892,0.2901156462415952,0.290351038853784,0.3340374636158886,-0.007774092773738195,-0.003231026155972927,-0.007872397304048318,-0.006958843015828886,0.07554201035508562,0.2916821972910892
295,2012-02-29,0.2933648844787025,0.2924164583661285,0.2944891546142263,0.2937563695271397,0.2757908354287279,0.0029335645411094347,0.0007342610750393219,0.004373508372631119,0.0034053306733556887,-0.0582466281871607,0.2924164583661285
296,2012-03-01,0.2917514816426509,0.2897729260877709,0.2934687701069309,0.2903510581026479,0.2758782447051831,-0.0016134028360516028,-0.0026435322783576187,-0.0010203845072954132,-0.003405311424491797,8.740927645517482e-05,0.2897729260877709
297,2012-03-02,0.2910180226040375,0.2902134961566235,0.2911361530399963,0.2909432624546441,0.2034887955875797,-0.0007334590386134376,0.0004405700688526193,-0.002332617066934606,0.000592204351996195,-0.07238944911760337,0.2902134961566235
298,2012-03-05,0.2898446115497368,0.2880104892010217,0.2892409382457181,0.289314594187167,0.1644110217270324,-0.0011734110543006881,-0.0022030069556018272,-0.0018952147942781772,-0.0016286682674770958,-0.03907777386054731,0.2880104892010217
299,2012-03-06,0.287057644994281,0.2809607864001219,0.2854505186595871,0.2814673051088963,0.3021039412842753,-0.0027869665554557943,-0.007049702800899782,-0.003790419586131022,-0.007847289078270703,0.13769291955724292,0.2809607864001219
300,2012-03-07,0.2722427147276961,0.2762609472444414,0.2745164946416873,0.2743602771799688,0.3186913083129135,-0.01481493026658487,-0.0046998391556805075,-0.01093402401789978,-0.0071070279289274785,0.016587367028638167,0.2762609472444414
301,2012-03-08,0.2794301072989963,0.2846324497440926,0.2854504608303028,0.2820594899470645,0.2997060134668559,0.0071873925713001885,0.008371502499651184,0.010933966188615474,0.007699212767095676,-0.0189852948460576,0.2846324497440926
302,2012-03-09,0.2889644911384019,0.2868355014457911,0.2876372762498834,0.2891665149974776,0.3556741731810858,0.00953438383940558,0.002203051701698544,0.002186815419580601,0.007107025050413107,0.055968159714229915,0.2868355014457911
303,2012-03-12,0.28969788562416,0.2868355014457911,0.2882204143712324,0.2891665149974776,0.140210306719151,0.0007333944857580987,0.0,0.000583138121349025,0.0,-0.2154638664619348,0.2868355014457911
304,2012-03-13,0.2860308326202777,0.2868355014457911,0.2871999159852837,0.2882781386073164,0.1967174903048544,-0.0036670530038823146,0.0,-0.0010204983859486982,-0.0008883763901612052,0.05650718358570339,0.2868355014457911
305,2012-03-14,0.2913114183729092,0.2915353406014717,0.2909903703323835,0.2934603599106238,0.2265531900015442,0.005280585752631517,0.004699839155680563,0.003790454347099792,0.005182221303307422,0.02983569969668981,0.2915353406014717
306,2012-03-15,0.2926316057530231,0.2922697135417529,0.2909904150807824,0.2918317056102891,0.1785276198745385,0.001320187380113913,0.0007343729402812249,4.4748398875249507e-08,-0.0016286543003347087,-0.0480255701270057,0.2922697135417529
307,2012-03-16,0.2918980605771454,0.2952069815723939,0.2930313148192484,0.293608334362705,0.1959337204593066,-0.0007335451758777034,0.0029372680306409826,0.0020408997384659955,0.0017766287524159097,0.017406100584768103,0.2952069815723939
308,2012-03-19,0.2968853516307815,0.2977038361455211,0.2968218484710242,0.298198339289204,0.1644343308674205,0.0049872910536361,0.002496854573127205,0.0037905336517758403,0.0045900049264989695,-0.03149938959188611,0.2977038361455211
309,2012-03-21,0.2933649785867208,0.2916821972910892,0.2921566697989873,0.2934603563581959,0.2546436178116796,-0.0035203730440607206,-0.00602163885443191,-0.004665178672036918,-0.004737982931008078,0.09020928694425911,0.2916821972910892
310,2012-03-22,0.2907246611922605,0.2900665947209092,0.2906987784184911,0.2906471135972888,0.1767444706348535,-0.002640317394460301,-0.001615602570180008,-0.001457891380496179,-0.0028132427609071087,-0.07789914717682611,0.2900665947209092
311,2012-03-23,0.2860307691696221,0.2866885776370284,0.2855961894293818,0.2876858328997732,0.1777001453907631,-0.0046938920226383685,-0.003378017083880802,-0.0051025889891093135,-0.0029612806975156114,0.0009556747559096024,0.2866885776370284
312,2012-03-26,0.2874976320302597,0.2912415601030914,0.2898240610201143,0.2900548748216885,0.1409183218584377,0.0014668628606375744,0.004552982466063005,0.004227871590732513,0.002369041921915338,-0.0367818235323254,0.2912415601030914
313,2012-03-27,0.2933648988663523,0.2959413321396268,0.2940518088917345,0.2955331363108302,0.2418789498066798,0.005867266836092622,0.004699772036535432,0.004227747871620169,0.005478261489141711,0.1009606279482421,0.2959413321396268
314,2012-03-28,0.2945213008896641,0.2966879431373762,0.2964281628333014,0.2972926887173082,0.2169585650893177,0.0011564020233117978,0.000746610997749364,0.0023763539415669332,0.00175955240647796,-0.024920384717362076,0.2966879431373762
315,2012-03-29,0.2921353636370672,0.2883263966442575,0.29198178956897,0.2899168771334425,0.2531897101799757,-0.0023859372525968925,-0.008361546493118654,-0.004446373264331449,-0.007375811583865688,0.036231145090658,0.2883263966442575
316,2012-03-30,0.286319495335385,0.2866839240429638,0.2885728526722129,0.2878094728156158,0.1932619102423276,-0.0058158683016822366,-0.001642472601293743,-0.0034089368967570866,-0.002107404317826689,-0.0599277999376481,0.2866839240429638
317,2012-04-02,0.292284443164067,0.2893715535996937,0.2912406740325943,0.2905189439483039,0.1826533377232214,0.00596494782868201,0.002687629556729909,0.002667821360381406,0.0027094711326881016,-0.010608572519106213,0.2893715535996937
318,2012-04-03,0.2864685794979015,0.2856386999683824,0.2879799736797061,0.2878094411955167,0.1692360137873565,-0.005815863666165488,-0.0037328536313112615,-0.0032607003528881684,-0.002709502752787196,-0.013417323935864894,0.2856386999683824
319,2012-04-04,0.2878107145996225,0.2795168074841248,0.2864978273073886,0.2807346579797566,0.2610798542013269,0.001342135101720987,-0.006121892484257652,-0.0014821463723175277,-0.007074783215760105,0.0918438404139704,0.2795168074841248
320,2012-04-05,0.2728982286913767,0.2801140336377887,0.2790871181052926,0.2745629799423227,0.2796251890225603,-0.014912485908245787,0.0005972261536639212,-0.007410709202096022,-0.006171678037433903,0.018545334821233384,0.2801140336377887
321,2012-04-06,0.2785649291456123,0.2772770192369734,0.2770120644096088,0.2778745379403771,0.1748913939740045,0.005666700454235618,-0.0028370144008152964,-0.0020750536956837817,0.003311557998054382,-0.10473379504855579,0.2772770192369734
322,2012-04-09,0.2699157385347759,0.2722003955733939,0.2733067824737857,0.2724555928339564,0.1723798340971933,-0.00864919061083641,-0.0050766236635794715,-0.0037052819358230904,-0.005418945106420714,-0.0025115598768112035,0.2722003955733939
323,2012-04-10,0.2743893997935123,0.272648259256021,0.2746406287537152,0.2730576430121195,0.1442049106531512,0.004473661258736383,0.0004478636826270588,0.001333846279929496,0.000602050178163116,-0.0281749234440421,0.272648259256021
324,2012-04-11,0.267827952442131,0.2669743199465839,0.2673781428820176,0.2680902422193223,0.2625687255436129,-0.006561447351381311,-0.005673939309437104,-0.007262485871697588,-0.004967400792797172,0.11836381489046169,0.2669743199465839
325,2012-04-12,0.2684244744564883,0.2742907542303631,0.2728621138329378,0.2689934421891952,0.234816280269104,0.0005965220143573369,0.007316434283779205,0.005483970950920181,0.0009031999698728699,-0.027752445274508875,0.2742907542303631
326,2012-04-13,0.2772228288699067,0.2741414365054229,0.2770120863230103,0.2744124357782988,0.2660621829592702,0.008798354413418363,-0.00014931772494020112,0.004149972490072484,0.005418993589103638,0.031245902690166194,0.2741414365054229
327,2012-04-16,0.2688718806024602,0.2647346659377229,0.2685639287116784,0.2662839709403361,0.2040919195951202,-0.008350948267446479,-0.009406770567700007,-0.008448157611331886,-0.008128464837962701,-0.061970263364149986,0.2647346659377229
328,2012-04-17,0.2661875808237496,0.2642866680168055,0.2657478154487152,0.2661333699017342,0.1343713670519473,-0.002684299778710597,-0.00044799792091737567,-0.0028161132629632157,-0.00015060103860192742,-0.06972055254317291,0.2642866680168055
329,2012-04-18,0.2697666773046009,0.2695127883897124,0.2687121819125058,0.2698966903579851,0.1717038690259401,0.003579096480851307,0.005226120372906873,0.002964366463790613,0.003763320456250885,0.03733250197399279,0.2695127883897124
330,2012-04-19,0.2673806524250488,0.26772097569043,0.2663407273211284,0.267939770128051,0.1163359196767022,-0.0023860248795520844,-0.001791812699282358,-0.0023714545913773866,-0.0019569202299341004,-0.05536794934923789,0.26772097569043
331,2012-04-20,0.2655910820912934,0.2669743199465839,0.2657478063896248,0.267638658446669,0.1011471010713463,-0.0017895703337554303,-0.0007466557438461363,-0.0005929209315035933,-0.0003011116813819714,-0.015188818605355911,0.2669743199465839
332,2012-04-23,0.2678280106296077,0.269064790468795,0.2690085649571743,0.2691439869747328,0.097336056617902,0.002236928538314309,0.0020904705222111186,0.003260758567549482,0.0015053285280637874,-0.0038110444534442955,0.269064790468795
333,2012-04-24,0.2649946482718595,0.2650333237606517,0.2647103729801546,0.2661334443312952,0.1387476581598016,-0.002833362357748226,-0.004031466708143305,-0.004298191977019694,-0.003010542643437586,0.041411601541899615,0.2650333237606517
334,2012-04-25,0.2670823678193464,0.2660784807160879,0.266192496318802,0.2674881601496255,0.0965027548490296,0.0020877195474869326,0.0010451569554362217,0.0014821233386473898,0.0013547158183302987,-0.042244903310772006,0.2660784807160879
335,2012-04-26,0.2675297003833625,0.2645853034666859,0.2660442227909664,0.2656817834356723,0.134490826396436,0.00044733256401607857,-0.0014931772494020112,-0.00014827352783558512,-0.0018063767139532283,0.037988071547406396,0.2645853034666859
336,2012-04-27,0.2639507355872243,0.2602552013086622,0.2648585563765527,0.2616175569891553,0.2365819476534979,-0.003578964796138173,-0.004330102158023708,-0.0011856664144136997,-0.004064226446516994,0.1020911212570619,0.2602552013086622
337,2012-05-01,0.2585822877345494,0.2548799198221539,0.2574478852134625,0.256198592315845,0.1869684423375571,-0.005368447852674929,-0.005375281486508288,-0.007410671163090188,-0.005418964673310267,-0.049613505315940803,0.2548799198221539
338,2012-05-02,0.2567927400379866,0.2560743945025303,0.2558174704059338,0.2575532929813011,0.1101065519079988,-0.0017895476965628099,0.0011944746803763673,-0.001630414807528735,0.0013547006654560656,-0.07686189042955831,0.2560743945025303
339,2012-05-07,0.247696134415912,0.2453237420373202,0.2469246186280112,0.2467152736768098,0.3274555450988162,-0.009096605622074566,-0.010750652465210064,-0.008892851777922567,-0.010838019304491298,0.2173489931908174,0.2453237420373202
340,2012-05-08,0.2484417098322042,0.254282581803248,0.2558174315989896,0.2488226440104455,0.3896122815860705,0.0007455754162921935,0.008958839765927762,0.008892812970978409,0.0021073703336356997,0.06215673648725428,0.254282581803248
341,2012-05-09,0.2524681137450238,0.2498031842933325,0.2510746375829678,0.2501774324273622,0.2351018172388575,0.004026403912819609,-0.004479397509915467,-0.004742794016021845,0.0013547884169166913,-0.15451046434721297,0.2498031842933325
342,2012-05-10,0.2475470420290458,0.2478621209882551,0.2495925226815531,0.2498764112698316,0.156969578658151,-0.004921071715978026,-0.0019410633050774007,-0.0014821149014146717,-0.00030102115753058434,-0.0781322385807065,0.2478621209882551
343,2012-05-11,0.2485909472891807,0.2462196931330581,0.2487032520822591,0.2474679869174757,0.1842296183419625,0.0010439052601349252,-0.0016424278551969984,-0.0008892705992940009,-0.002408424352355887,0.027260039683811493,0.2462196931330581
344,2012-05-14,0.2476961758685363,0.2468169192867221,0.2484068189143949,0.2476184827169114,0.1294910157832016,-0.0008947714206444246,0.0005972261536639767,-0.00029643316786420737,0.0001504957994356848,-0.054738602558760896,0.2468169192867221
345,2012-05-15,0.243222357487133,0.2432332938881574,0.2423299559232727,0.2423499461579689,0.2003158388522579,-0.004473818381403288,-0.003583625398564688,-0.0060768629911222005,-0.005268536558942494,0.0708248230690563,0.2432332938881574
346,2012-05-16,0.2427750563522411,0.2420388415808294,0.2447014449970231,0.241597369957522,0.1790345936779784,-0.00044730113489191425,-0.0011944523073280089,0.002371489073750399,-0.0007525762004468861,-0.02128124517427951,0.2420388415808294
347,2012-05-17,0.239345182215852,0.2468169192867221,0.2449978858663548,0.2415973735602287,0.2577990926917104,-0.003429874136389094,0.004778077705892697,0.0002964408693316989,3.6027066885324643e-09,0.07876449901373203,0.2468169192867221
348,2012-05-18,0.2388977790739925,0.2360662444484636,0.2375871436578488,0.2364794034789394,0.2935815368298986,-0.0004474031418594815,-0.010750674838258478,-0.007410742208505988,-0.005117970081289308,0.03578244413818821,0.2360662444484636
349,2012-05-21,0.2357661599034166,0.2329306393438647,0.2356603694627211,0.2343720027847984,0.1795619629792577,-0.0031316191705759167,-0.0031356051045988986,-0.0019267741951277118,-0.002107400694141004,-0.11401957385064093,0.2329306393438647
350,2012-05-22,0.2357661506041646,0.235618291273643,0.2353639229953761,0.2358772636949827,0.2142080865235291,-9.299252007322067e-09,0.0026876519297782953,-0.0002964464673450018,0.0015052609101842973,0.03464612354427141,0.235618291273643
351,2012-05-23,0.2368100982438982,0.2317361870365367,0.2353640063253984,0.2325657406695074,0.2745059190648373,0.0010439476397336167,-0.003882104237106304,8.333002229909958e-08,-0.003311523025475299,0.06029783254130819,0.2317361870365367
352,2012-05-24,0.2295029061959884,0.2311388490176307,0.2306210840270811,0.2298561484931937,0.1820939183539085,-0.007307192047909805,-0.0005973380189059907,-0.004742922298317298,-0.0027095921763136965,-0.09241200071092878,0.2311388490176307
353,2012-05-25,0.2306958977939483,0.2291977409664566,0.2297317846722612,0.2297056009675658,0.1464396744878544,0.0011929915979599082,-0.0019411080511741174,-0.000889299354819878,-0.0001505475256279032,-0.03565424386605412,0.2291977409664566
354,2012-05-28,0.228906425442931,0.2305416228639667,0.2301764645563484,0.2304582875378052,0.1435551683648346,-0.0017894723510173127,0.001343881897510113,0.0004446798840871957,0.0007526865702394137,-0.0028845061230197977,0.2305416228639667
355,2012-05-29,0.2296520782623087,0.2344238165932666,0.2328443521619296,0.2303077889160104,0.1466115793982162,0.0007456528193777179,0.0038821937292999043,0.002667887605581204,-0.000150498621794809,0.003056411033381612,0.2344238165932666
356,2012-05-30,0.2341257786270321,0.2335278878705771,0.2331407208373223,0.2315119807038775,0.169856619650188,0.0044737003647233875,-0.0008959287226895096,0.00029636867539267753,0.0012041917878670982,0.0232450402519718,0.2335278878705771
357,2012-05-31,0.2275642657426403,0.2291977409664566,0.2278049839454434,0.2288024334489761,0.1891653288191298,-0.006561512884391801,-0.004330146904120508,-0.005335736891878884,-0.0027095472549013844,0.019308709168941812,0.2291977409664566
358,2012-06-01,0.2266695781980336,0.227256722407476,0.2270639788992723,0.2275982755020254,0.1558419989918796,-0.0008946875446066982,-0.0019410185589806006,-0.0007410050461711115,-0.0012041579469506958,-0.033323329827250225,0.227256722407476
359,2012-06-04,0.2218975692072273,0.2209854898252298,0.2209871835638116,0.221878195292211,0.2209706508786089,-0.004772008990806292,-0.006271232582246183,-0.006076795335460683,-0.005720080209814404,0.06512865188672931,0.2209854898252298
360,2012-06-05,0.2235379301223189,0.2265101114097266,0.225581817957519,0.2247382106732777,0.1451897218345459,0.0016403609150915932,0.005524621584496792,0.004594634393707386,0.0028600153810666995,-0.075780929044063,0.2265101114097266
361,2012-06-06,0.2263712827180845,0.2290484456145648,0.2286942782495574,0.2272971733890299,0.1762899423972868,0.002833352595765587,0.002538334204838205,0.003112460292038405,0.0025589627157522055,0.031100220562740893,0.2290484456145648
362,2012-06-07,0.2287572823437713,0.2290484456145648,0.2273603653214465,0.2309098436215377,0.1636126836687421,0.0023859996256868077,0.0,-0.0013339129281109141,0.003612670232507803,-0.012677258728544694,0.2290484456145648
363,2012-06-08,0.2318888377496004,0.2268086797404619,0.2309174398089849,0.2280497597691573,0.2496904254792213,0.0031315554058291006,-0.002239765874102906,0.0035570744875384197,-0.0028600838523804017,0.0860777418104792,0.2268086797404619
364,2012-06-11,0.2324854321379552,0.2305416228639667,0.2316585962409878,0.231813025256558,0.1676218558154848,0.0005965943883547986,0.003732943123504806,0.0007411564320028985,0.003763265487400691,-0.08206856966373649,0.2305416228639667
365,2012-06-12,0.2259239063325969,0.2266594067616184,0.226322860098311,0.2269961060288977,0.2215213293202763,-0.0065615258053582926,-0.003882216102348318,-0.005335736142676795,-0.00481691922766031,0.05389947350479149,0.2266594067616184
366,2012-06-13,0.2259239400014058,0.2263608160578348,0.2254336093714607,0.2265445560157471,0.1495514447296576,3.366880890753876e-08,-0.00029859070378357444,-0.0008892507268503103,-0.00045155001315058674,-0.0719698845906187,0.2263608160578348
367,2012-06-14,0.2245818124670331,0.2248676611814813,0.2239514589856462,0.2253403318956944,0.1761500875549586,-0.0013421275343727113,-0.001493154876353514,-0.0014821503858145069,-0.0012042241200526937,0.026598642825301,0.2248676611814813
368,2012-06-15,0.2242835675990112,0.2248676611814813,0.2232103931464088,0.2245876967703522,0.2180482674024585,-0.0002982448680219074,0.0,-0.000741065839237387,-0.0007526351253422103,0.04189817984749991,0.2248676611814813
369,2012-06-18,0.2305467857524959,0.2297950342392657,0.2295835832499446,0.2306087993423422,0.1782333419771395,0.006263218153484712,0.004927373057784401,0.006373190103535792,0.006021102571990011,-0.039814925425319,0.2297950342392657
370,2012-06-19,0.2281608249521368,0.2288991726357214,0.229287198717926,0.2289530220726287,0.1360583660875316,-0.002385960800359105,-0.0008958616035442957,-0.0002963845320186065,-0.0016557772697135265,-0.04217497588960789,0.2288991726357214
371,2012-06-20,0.2318889080436351,0.2335278878705771,0.2321032314034988,0.2327161858478257,0.153680076220889,0.003728083091498302,0.004628715234855696,0.002816032685572817,0.0037631637751970037,0.017621710133357393,0.2335278878705771
372,2012-06-21,0.2353187861290637,0.2360662444484636,0.2374389386350571,0.2372320248057017,0.1869830105502996,0.003429878085428606,0.002538356577886508,0.005335707231558295,0.004515838957876023,0.03330293432941059,0.2360662444484636
373,2012-06-22,0.2306959385341812,0.2333785925186852,0.2326960886489988,0.2327161958661217,0.2020931608068459,-0.004622847594882518,-0.0026876519297784063,-0.004742849986058312,-0.004515828939580024,0.0151101502565463,0.2333785925186852
374,2012-06-25,0.2363626299900897,0.2320347329942235,0.2350675027064366,0.233318297009506,0.1340129890184812,0.005666691455908507,-0.001343859524461699,0.002371414057437793,0.0006021011433842982,-0.0680801717883647,0.2320347329942235
375,2012-06-26,0.2300993615793246,0.227704586090103,0.2291388911966426,0.2283508305677533,0.1953946965878332,-0.006263268410765105,-0.004330146904120508,-0.005928611509793985,-0.004967466441752694,0.06138170756935202,0.227704586090103
376,2012-06-27,0.2277134316330429,0.2280032662860802,0.2267675311517515,0.2282003676896247,0.127617543624513,-0.0023859299462817007,0.0002986801959772023,-0.0023713600448911076,-0.00015046287812858772,-0.06777715296332021,0.2280032662860802
377,2012-06-28,0.2311433004604975,0.2332292747937451,0.2318067919545382,0.2318130159430367,0.1482199100849909,0.0034298688274546074,0.005226008507664914,0.005039260802786716,0.003612648253411982,0.020602366460477917,0.2332292747937451
378,2012-06-29,0.232634501096082,0.238305920830373,0.2374388974779897,0.2339203787582997,0.2397519907462712,0.0014912006355844998,0.005076646036627885,0.005632105523451503,0.0021073628152630253,0.0915320806612803,0.238305920830373
379,2012-07-02,0.2441171429862337,0.2393511449049543,0.242774635274725,0.241145750661876,0.1558594808471707,0.01148264189015169,0.0010452240745812968,0.005335737796735296,0.0072253719035762776,-0.08389250989910052,0.2393511449049543
380,2012-07-03,0.2399416967937289,0.2433827011052912,0.2426264945806375,0.2420489824369404,0.156657818905461,-0.004175446192504789,0.004031556200336905,-0.00014814069408750075,0.0009032317750644059,0.0007983380582902988,0.2433827011052912
381,2012-07-04,0.2466522400307315,0.2505497281719367,0.250333547769171,0.2485216055655316,0.2804672317190782,0.0067105432370025975,0.007167027066645515,0.007707053188533486,0.006472623128591204,0.12380941281361724,0.2505497281719367
382,2012-07-05,0.2502312264793959,0.2486086424938109,0.2501853364727274,0.2491237294103519,0.1435872184328682,0.0035789864486643896,-0.0019410856781258146,-0.0001482112964436011,0.000602123844820307,-0.13688001328621002,0.2486086424938109
383,2012-07-06,0.2460557475338244,0.2471155099905057,0.2472210496804828,0.2480700189382629,0.1204004510318665,-0.0041754789455714925,-0.0014931325033052112,-0.002964286792244586,-0.00105371047208902,-0.0231867674010017,0.2471155099905057
384,2012-07-09,0.2442662644782693,0.2448279329119981,0.2448496471116543,0.2458121133671961,0.0961006721773359,-0.0017894830555550967,-0.002287577078507602,-0.0023714025688285068,-0.0022579055710667817,-0.024299778854530607,0.2448279329119981
385,2012-07-10,0.2441171455984044,0.2435189305969245,0.2441085644542474,0.24385525608767,0.1459385279695116,-0.0001491188798649068,-0.0013090023150735819,-0.0007410826574069107,-0.001956857279526103,0.0498378557921757,0.2435189305969245
386,2012-07-11,0.2400908314718645,0.2393843912548586,0.2392175529454631,0.240393157258266,0.1286140093761017,-0.004026314126539893,-0.004134539342065896,-0.004891011508784293,-0.0034620988294040145,-0.017324518593409888,0.2393843912548586
387,2012-07-12,0.2421785756472541,0.2377386298154518,0.2411443431921821,0.2382857999065376,0.1723128203185776,0.0020877441753895942,-0.001645761439406812,0.0019267902467189901,-0.0021073573517284006,0.04369881094247588,0.2377386298154518
388,2012-07-13,0.2356170895693863,0.2386046457724469,0.2392175530766995,0.2376836539471934,0.1688834630389874,-0.006561486077867801,0.000866015956995092,-0.0019267901154825795,-0.0006021459593441858,-0.0034293572795901783,0.2386046457724469
389,2012-07-17,0.2384504221461289,0.2386138858414311,0.2386246774366255,0.2381352096153363,0.1332408737431274,0.00283333257674262,9.240068984200933e-06,-0.0005928756400740143,0.0004515556681428945,-0.035642589295860005,0.2386138858414311
390,2012-07-18,0.2378539179461539,0.2357676089985832,0.2371425041551363,0.2366299249304177,0.1403822116295128,-0.0005965041999750065,-0.0028462768428478835,-0.0014821732814891964,-0.0015052846849185897,0.007141337886385407,0.2357676089985832
391,2012-07-19,0.2374065345359702,0.2384552609283615,0.2383282164443921,0.2388878347165215,0.1082010296812766,-0.00044738341018371597,0.0026876519297782953,0.0011857122892557914,0.0022579097861037956,-0.032181181948236215,0.2384552609283615
392,2012-07-20,0.2388978151793467,0.2350210874930274,0.2380318218395045,0.2357267902157955,0.1171633941604776,0.0014912806433765025,-0.0034341734353341147,-0.00029639460488758984,-0.00316104450072599,0.008962364479200999,0.2350210874930274
393,2012-07-23,0.231292397559782,0.2290484456145648,0.2312139262355721,0.2306087785813332,0.1306244227345701,-0.0076054176195646805,-0.005972641878462581,-0.006817895603932395,-0.005118011634462322,0.013461028574092496,0.2290484456145648
394,2012-07-24,0.2251782416864126,0.2268086797404619,0.226026390597753,0.226996059915751,0.135079382191234,-0.006114155873369415,-0.002239765874102906,-0.005187535637819096,-0.0036127186655821875,0.0044549594566639095,0.2268086797404619
395,2012-07-25,0.2242835342938694,0.2245690033585525,0.2232103600006288,0.2245876634200486,0.236599429508789,-0.000894707392543187,-0.002239676381909389,-0.0028160305971242083,-0.002408396495702403,0.10152004731755501,0.2245690033585525
396,2012-07-26,0.2262221654153428,0.2248418650566901,0.224840729202873,0.2247382013155376,0.1742416516856879,0.0019386311214733831,0.00027286169813758865,0.001630369202244214,0.00015053789548899466,-0.06235777782310112,0.2248418650566901
397,2012-07-27,0.2281608140241804,0.228600537185841,0.2279532610338828,0.2289530111067293,0.1583156815155603,0.0019386486088376065,0.003758672129150903,0.0031125318310097905,0.004214809791191709,-0.01592597017012759,0.228600537185841
398,2012-07-30,0.2318888895476285,0.2314374844675111,0.2318067757306037,0.2318129997186666,0.1527768470308525,0.0037280755234481155,0.0028369472816701102,0.0038535146967209055,0.0028599886119372864,-0.005538834484707794,0.2314374844675111
399,2012-07-31,0.232634594746022,0.2339758857914944,0.2329925699709512,0.2330173050767513,0.1431122946974619,0.0007457051983934815,0.0025384013239832803,0.001185794240347482,0.0012043053580847174,-0.009664552333390614,0.2339758857914944
400,2012-08-01,0.2308450694737686,0.2294964211624338,0.230472892829265,0.2285014377297087,0.1410406948454749,-0.0017895252722534005,-0.004479464629060598,-0.0025196771416861885,-0.004515867347042596,-0.0020715998519869883,0.2294964211624338
401,2012-08-02,0.2296520623625104,0.2328105855662157,0.2355121895649276,0.2309098893893234,0.2709862388662434,-0.001193007111258193,0.003314164403781905,0.005039296735662585,0.0024084516596146743,0.1299455440207685,0.2328105855662157
402,2012-08-03,0.2289064005969379,0.2287498101646844,0.2276567915571772,0.2289529786485662,0.2004527800520376,-0.0007456617655725029,-0.004060775401531297,-0.007855398007750397,-0.001956910740757184,-0.07053345881420581,0.2287498101646844
403,2012-08-06,0.2333801979350826,0.2318463742998466,0.2319550508629158,0.2322646265426298,0.150078814030937,0.004473797338144708,0.003096564135162211,0.0042982593057386,0.003311647894063602,-0.050373966021100586,0.2318463742998466
404,2012-08-07,0.231590683350232,0.233177637798066,0.2329925223684535,0.2334688413015046,0.1366847992354602,-0.0017895145848506044,0.0013312634982193816,0.001037471505537707,0.0012042147588748053,-0.013394014795476805,0.233177637798066
405,2012-08-08,0.2375556458434734,0.235911132103991,0.2366978484065876,0.2364793926520434,0.1712114634352428,0.00596496249324141,0.0027334943059250105,0.0037053260381341158,0.0030105513505387926,0.03452666419978259,0.235911132103991
406,2012-08-09,0.2347222929392342,0.2375593769517688,0.2365496507261736,0.2360278161710755,0.161759607007893,-0.0028333529042392225,0.0016482448477777856,-0.00014819768041401948,-0.0004515764809679135,-0.009451856427349803,0.2375593769517688
407,2012-08-10,0.234871386083814,0.2338265009474091,0.2356603437921044,0.2328667072046752,0.2127163015386946,0.00014909314457980938,-0.003732876004359703,-0.0008893069340691895,-0.003161108966400289,0.05095669453080162,0.2338265009474091
408,2012-08-13,0.2336783704544621,0.2331579942615815,0.2326960447188404,0.2340709031935366,0.0679432305885849,-0.0011930156293518956,-0.0006685066858275746,-0.0029642990732640095,0.0012041959888614007,-0.14477307095010972,0.2331579942615815
409,2012-08-14,0.2342748934328573,0.2347223849240018,0.2344746193271908,0.234673039289902,0.1660135251287101,0.0005965229783951864,0.0015643906624202841,0.0017785746083504028,0.000602136096365391,0.0980702945401252,0.2347223849240018
410,2012-08-15,0.2329328375133787,0.2321840954652605,0.2323997068263404,0.2327162241393094,0.1069248542450315,-0.0013420559194785853,-0.002538289458741294,-0.002074912500850401,-0.0019568151505925946,-0.0590886708836786,0.2321840954652605
411,2012-08-16,0.2327836405868559,0.234871702648942,0.2344746316504692,0.2337698840452786,0.1122743019640864,-0.00014919692652279326,0.002687607183681495,0.0020749248241287988,0.001053659905969201,0.005349447719054906,0.234871702648942
412,2012-08-17,0.2371083078121484,0.2389032364762305,0.237883606135293,0.2382857640989653,0.1407085395949454,0.004324667225292483,0.0040315338272884915,0.0034089744848238013,0.004515880053686694,0.02843423763085899,0.2389032364762305
413,2012-08-20,0.2357661857838748,0.2351703828449192,0.2364014748034072,0.2358772988912726,0.1834371075687692,-0.0013421220282736068,-0.0037328536313112892,-0.0014821313318857943,-0.002408465207692695,0.042728567973823794,0.2351703828449192
414,2012-08-21,0.234274957214458,0.2333074238517637,0.2334371935713425,0.2351246870682737,0.1103804343075582,-0.0014912285694167748,-0.0018629589931555002,-0.002964281232064714,-0.0007526118229989054,-0.07305667326121099,0.2333074238517637
415,2012-08-22,0.2360644024627025,0.2342744541222297,0.2346228641702973,0.2349740894773097,0.134514135536824,0.0017894452482444811,0.0009670302704659905,0.0011856705989548022,-0.00015059759096400227,0.024133701229265808,0.2342744541222297
416,2012-08-23,0.2326345725811457,0.2308402583138471,0.2315104159291033,0.2316625312307868,0.221058060155064,-0.003429829881556795,-0.003434195808382584,-0.003112448241193999,-0.0033115582465228777,0.08654392461823998,0.2308402583138471
417,2012-08-24,0.2274151912424795,0.2269580645845472,0.2267675356168076,0.2272972045011421,0.2628892262239484,-0.005219381338666201,-0.0038821937292999043,-0.004742880312295694,-0.0043653267296447085,0.0418311660688844,0.2269580645845472
418,2012-08-27,0.2265204654052835,0.2238224818529967,0.2254336312673624,0.2256414102483371,0.2100648868195552,-0.0008947258371959921,-0.0031355827315505125,-0.0013339043494451919,-0.0016557942528050151,-0.052824339404393184,0.2238224818529967
419,2012-08-28,0.2229414623682733,0.2202389235735772,0.2221729072113394,0.2199213428403791,0.3730890146934993,-0.0035790030370101977,-0.003583558279419502,-0.003260724056023012,-0.005720067407957996,0.1630241278739441,0.2202389235735772
420,2012-08-29,0.2202571683258639,0.2212840805290134,0.2205425076828987,0.2220286801622666,0.1642245486039281,-0.002684294042409413,0.0010451569554362217,-0.0016303995284406847,0.0021073373218875036,-0.2088644660895712,0.2212840805290134
421,2012-08-30,0.2214502267638254,0.2188951087952122,0.2202461492352977,0.2199213588847981,0.1862633408408189,0.0011930584379614972,-0.002388971733801204,-0.0002963584476010084,-0.002107321277468488,0.022038792236890786,0.2188951087952122
422,2012-08-31,0.2169765108927142,0.2148636420870689,0.2157997523367909,0.2166097650702601,0.2834362334760047,-0.0044737158711112,-0.004031466708143305,-0.004446396898506788,-0.003311593814537994,0.09717289263518583,0.2148636420870689
423,2012-09-03,0.2132483591172167,0.2135197825626071,0.2147622203431932,0.2123949623256384,0.1899141349540955,-0.0037281517754974847,-0.0013438595244618101,-0.0010375319935977123,-0.004214802744621715,-0.09352209852190921,0.2135197825626071
424,2012-09-04,0.2148886894814397,0.2147142572429835,0.2137246666802041,0.2139001822495645,0.1459093915440266,0.0016403303642229805,0.001194474680376395,-0.0010375536629891047,0.0015052199239261044,-0.04400474341006891,0.2147142572429835
425,2012-09-05,0.2130991559159929,0.2094882039892219,0.2119460609591121,0.2104380077153893,0.2741708501717592,-0.0017895335654467825,-0.005226053253761576,-0.001778605721092008,-0.0034621745341751886,0.12826145862773258,0.2094882039892219
426,2012-09-06,0.2084762940087292,0.2069498697843837,0.2073514423485051,0.2069758778671312,0.2541803486464674,-0.0046228619072637145,-0.002538334204838205,-0.004594618610606976,-0.003462129848258111,-0.019990501525291804,0.2069498697843837
427,2012-09-07,0.2132482974634051,0.2150128703198155,0.2134282318029297,0.2126959521665188,0.2522602582070026,0.004772003454675905,0.008063000535431797,0.00607678945442458,0.00572007429938759,-0.0019200904394647833,0.2150128703198155
428,2012-09-10,0.21608173692643,0.2182978602684998,0.2177265010915291,0.216308688200547,0.1822745641919158,0.002833439463024917,0.003284989948684286,0.004298269288599416,0.003612736034028202,-0.06998569401508681,0.2182978602684998
429,2012-09-11,0.215783435949054,0.2154608234946361,0.2149103864949149,0.2151044131728787,0.1671818957906606,-0.0002983009773760148,-0.0028370367738636826,-0.002816114596614211,-0.001204275027668289,-0.0150926684012552,0.2154608234946361
430,2012-09-12,0.2153360858320448,0.2184471332473432,0.2175782637253034,0.2170612911998129,0.1616838523016319,-0.00044735011700919314,0.0029863097527070837,0.002667877230388499,0.0019568780269342,-0.005498043489028687,0.2184471332473432
431,2012-09-13,0.2192132842801384,0.2199402433776,0.2205425009616879,0.2202223383883911,0.1640701255488574,0.0038771984480935884,0.0014931101302567973,0.0029642372363845038,0.003161047188578181,0.0023862732472254844,0.2199402433776
432,2012-09-14,0.2238361701059352,0.2287498101646844,0.2276567915571772,0.2257918921583493,0.374114616870573,0.004622885825796813,0.008809566787084416,0.007114290595489292,0.005569553769958213,0.21004449132171563,0.2287498101646844
433,2012-09-18,0.229652060382464,0.2323334131902007,0.2321032545703854,0.2298561871204379,0.3176190878550637,0.00581589027652879,0.003583603025516302,0.004446463013208196,0.004064294962088599,-0.056495529015509305,0.2323334131902007
434,2012-09-19,0.2318889184587696,0.2327813439919729,0.2332889634764612,0.2318130286203461,0.2344375067377984,0.002236858076305609,0.00044793080177218947,0.0011857089060758053,0.001956841499908213,-0.08318158111726531,0.2327813439919729
435,2012-09-20,0.2302485395529145,0.2278539261880916,0.229731800452666,0.2292540329558575,0.2219204983494214,-0.001640378905855111,-0.004927417803881284,-0.00355716302379519,-0.0025589956644886114,-0.012517008388376993,0.2278539261880916
436,2012-09-21,0.2245818633507941,0.2262115430789914,0.2254336553102768,0.2254909155229867,0.2791794017126391,-0.005666676202120385,-0.0016423831091001984,-0.004298145142389215,-0.003763117432870805,0.057258903363217706,0.2262115430789914
437,2012-09-24,0.2259239400014058,0.2263608160578348,0.2260264701980048,0.2277487887812346,0.1418885648270899,0.001342076650611701,0.00014927297884340107,0.0005928148877279993,0.0022578732582479166,-0.13729083688554922,0.2263608160578348
438,2012-09-25,0.2257748011270444,0.2259128628830143,0.2254335997754205,0.2259424437965484,0.2041997243694149,-0.0001491388743614097,-0.0004479531748205201,-0.0005928704225842962,-0.001806344984686209,0.062311159542324995,0.2259128628830143
439,2012-09-26,0.2222898003996962,0.2205990401604272,0.2221380202910996,0.2219326018620999,0.2252741009227506,-0.0034850007273481975,-0.005313822722587097,-0.003295579484320882,-0.004009841934448505,0.021074376553335716,0.2205990401604272
440,2012-09-27,0.2166794981779201,0.2204472166540676,0.220178865143167,0.2182592389696736,0.1882737541992873,-0.005610302221776109,-0.00015182350635958852,-0.001959155147932601,-0.003673362892426285,-0.03700034672346331,0.2204472166540676
441,2012-09-28,0.2183474587689444,0.2154370856902966,0.2176169313910293,0.2159634176032809,0.2882058663279072,0.001667960591024309,-0.005010130963771009,-0.0025619337521377017,-0.002295821366392725,0.09993211212861988,0.2154370856902966
442,2012-10-01,0.2134952691419745,0.2146779457854501,0.2143014048358632,0.2150450469522538,0.1448779620818558,-0.004852189626969899,-0.0007591399048464953,-0.003315526555166093,-0.000918370651027095,-0.14332790424605138,0.2146779457854501
443,2012-10-02,0.216376277525213,0.2122488144297928,0.2153563833927367,0.2135145166037276,0.2240445437672815,0.002881008383238487,-0.00242913135565731,0.001054978556873476,-0.0015305303485261823,0.0791665816854257,0.2122488144297928
444,2012-10-03,0.2113724754192151,0.2095159913153195,0.2102324283807089,0.2104533754645878,0.2855427970385737,-0.005003802105997879,-0.0027328231144732873,-0.005123955012027781,-0.0030611411391398002,0.061498253271292214,0.2095159913153195
445,2012-10-04,0.2084915111295931,0.2095159913153195,0.2106845411299147,0.2087697391563808,0.2799573442730899,-0.0028809642896220067,0.0,0.00045211274920578526,-0.0016836363082070038,-0.005585452765483834,0.2095159913153195
446,2012-10-05,0.210007787642244,0.2102750864740693,0.2100817034281314,0.2107594686318734,0.2415759309816353,0.0015162765126509048,0.0007590951587498063,-0.0006028377017832931,0.0019897294754925854,-0.038381413291454586,0.2102750864740693
447,2012-10-09,0.2098561562710982,0.2076940868659556,0.2099309979334845,0.2092288836891069,0.2240212346268935,-0.0001516313711458217,-0.0025809996081136988,-0.00015070549464690774,-0.0015305849427665053,-0.0175546963547418,0.2076940868659556
448,2012-10-10,0.2051556070326096,0.2055685577769208,0.2051084439331489,0.2054024591574245,0.2250468368039672,-0.004700549238488588,-0.002125529089034822,-0.004822554000335599,-0.0038264245316823875,0.0010256021770737034,0.2055685577769208
449,2012-10-11,0.2036392764473612,0.2046575943657146,0.2054098370133922,0.2052493729696055,0.2048232438747949,-0.0015163305852483877,-0.0009109634112061948,0.00030139308024329514,-0.00015308618781900707,-0.020223592929172307,0.2046575943657146
450,2012-10-12,0.2036393285508098,0.2038985215800133,0.2039028425278052,0.2041780218741952,0.2889313633224848,5.21034485834182e-08,-0.0007590727857013091,-0.0015069944855869988,-0.001071351095410289,0.08410811944768992,0.2038985215800133
451,2012-10-15,0.2028811303633731,0.2046575943657146,0.203752081552073,0.2035657511657637,0.2512667060979625,-0.0007581981874366928,0.0007590727857013091,-0.00015076097573218927,-0.000612270708431506,-0.037664657224522335,0.2046575943657146
452,2012-10-16,0.2062170322541552,0.2076940868659556,0.2064647914296358,0.2072391523223456,0.3083682727635608,0.003335901890782089,0.003036492500241017,0.002712709877562808,0.003673401156581907,0.05710156666559835,0.2076940868659556
453,2012-10-17,0.2097045417116794,0.2087568737835214,0.2084239711393483,0.2099941981821829,0.2330826629527436,0.0034875094575242127,0.0010627869175657834,0.0019591797097124886,0.0027550458598372962,-0.07528560981081722,0.2087568737835214
454,2012-10-18,0.2100077548459751,0.2172589230205154,0.2161098438053707,0.211677777486052,0.3531567860191776,0.0003032131342956823,0.008502049236993992,0.007685872666022414,0.0016835793038690872,0.120074123066434,0.2172589230205154
455,2012-10-19,0.2160729920429362,0.2171071218872042,0.215959161497428,0.2161164512181332,0.2189311010946555,0.006065237196961115,-0.00015180113331117462,-0.0001506823079427122,0.004438673732081205,-0.1342256849245221,0.2171071218872042
456,2012-10-22,0.2047007163412434,0.2131597107218538,0.2124929552781936,0.2066269100388283,0.4900309720202906,-0.011372275701692802,-0.003947411165350412,-0.003466206219234408,-0.009489541179304894,0.27109987092563514,0.2131597107218538
457,2012-10-23,0.2154664303426246,0.2111859827661303,0.2147534959583088,0.2124430478130987,0.2540841984423667,0.01076571400138121,-0.001973727955723509,0.0022605406801152195,0.005816137774270397,-0.23594677357792393,0.2111859827661303
458,2012-10-24,0.208339818190565,0.2111859827661303,0.2135478668959159,0.2101471934995105,0.2166963372599522,-0.007126612152059619,0.0,-0.00120562906239291,-0.002295854313588197,-0.037387861182414495,0.2111859827661303
459,2012-10-25,0.2101594332648499,0.215285262183937,0.2138493249921121,0.2121369924208615,0.1842966321205781,0.0018196150742849082,0.004099279417806717,0.00030145809619619435,0.0019897989213510103,-0.032399705139374096,0.215285262183937
460,2012-10-26,0.2151632125606276,0.2119451450440252,0.2147535337652908,0.2135144887525512,0.1755090861942875,0.005003779295777694,-0.003340117139911808,0.0009042087731787052,0.0013774963316896816,-0.00878754592629058,0.2119451450440252
461,2012-10-29,0.2119790066218176,0.2122488144297928,0.2127944018785298,0.2124431129247513,0.1719602695702086,-0.0031842059388099975,0.00030366938576759095,-0.001959131886761001,-0.0010713758277998975,-0.00354881662407891,0.2122488144297928
462,2012-10-30,0.2133436236524102,0.2101232405946613,0.2136985726249659,0.2118308399639221,0.3053031208025337,0.0013646170305925964,-0.0021255738351314835,0.0009041707464360893,-0.000612272960829191,0.1333428512323251,0.2101232405946613
463,2012-10-31,0.2144050363486376,0.2163479819823577,0.2171647757413208,0.2153511424097661,0.3257598051355863,0.0010614126962274206,0.006224741387696381,0.003466203116354899,0.0035203024458440035,0.020456684333052588,0.2163479819823577
464,2012-11-01,0.2157697363306124,0.2171071218872042,0.2164112741968625,0.2167286838094272,0.1477916046303607,0.0013646999819747763,0.000759139904846523,-0.0007535015444582738,0.001377541399661092,-0.17796820050522558,0.2171071218872042
465,2012-11-02,0.2189539558230754,0.2207508636667869,0.2222887250006649,0.2210142697159912,0.2976256726872234,0.003184219492463003,0.003643741779582682,0.005877450803802392,0.004285585906563999,0.1498340680568627,0.2207508636667869
466,2012-11-05,0.2186506767157604,0.2205990401604272,0.2213844900084073,0.2196367474083981,0.1708356035464857,-0.00030327910731497987,-0.00015182350635969954,-0.0009042349922576132,-0.0013775223075931098,-0.1267900691407377,0.2205990401604272
467,2012-11-06,0.2212283890850245,0.2221172528509752,0.2222887057692629,0.2230039816941373,0.1867790555719043,0.0025777123692641013,0.0015182126905479987,0.0009042157608556145,0.003367234285739207,0.01594345202541861,0.2221172528509752
468,2012-11-07,0.2236545036536218,0.2246982972051856,0.2248507282379927,0.2256060011385754,0.2697683362809683,0.0024261145685972874,0.0025810443542104156,0.002562022468729802,0.0026020194444381084,0.082989280709064,0.2246982972051856
469,2012-11-08,0.2206219219761627,0.2224209669828396,0.2221380692628962,0.2222387601123269,0.1628376547508398,-0.0030325816774590952,-0.002277330222345997,-0.00271265897509651,-0.0033672410262484964,-0.1069306815301285,0.2224209669828396
470,2012-11-09,0.2191055756819355,0.220295393147708,0.2192746440833584,0.2196367559347017,0.1370344363412808,-0.0015163462942272,-0.0021255738351316222,-0.002863425179537804,-0.002602004177625211,-0.025803218409559014,0.220295393147708
471,2012-11-12,0.2200153921285192,0.21816990880477,0.2192746794541573,0.2197898390162658,0.1256013029809476,0.0009098164465836944,-0.0021254843429379944,3.537079890092443e-08,0.00015308308156411488,-0.011433133360333192,0.21816990880477
472,2012-11-13,0.2178925679001665,0.2174107912729718,0.2180690437898783,0.216422588245919,0.1706433031382843,-0.0021228242283526932,-0.0007591175317981924,-0.0012056356642790034,-0.0033672507703468024,0.0450420001573367,0.2174107912729718
473,2012-11-14,0.2180441621166931,0.2172589230205154,0.2170140690932593,0.2178000606092156,0.1132940768560631,0.0001515942165266071,-0.00015186825245641633,-0.0010549746966189988,0.0013774723632966057,-0.057349226282221194,0.2172589230205154
474,2012-11-15,0.2184991189408078,0.2253056136036725,0.2243986483725419,0.2199429202055152,0.2795785707417842,0.0004549568241146995,0.008046690583157101,0.007384579279282599,0.00214285959629959,0.1662844938857211,0.2253056136036725
475,2012-11-16,0.2265354261299061,0.227734700213233,0.2268098185931568,0.2285140185564997,0.2568026269401217,0.008036307189098285,0.00242908660956051,0.0024111702206149055,0.00857109835098449,-0.022775943801662535,0.227734700213233
476,2012-11-19,0.2297197153370386,0.2327449206691975,0.2323859356094585,0.2318813329210022,0.2505703455288698,0.0031842892071325124,0.005010220455964498,0.0055761170163017015,0.003367314364502494,-0.006232281411251872,0.2327449206691975
477,2012-11-20,0.2335104499707869,0.2301639210610838,0.2332901505597626,0.2312690899190773,0.2475867755592008,0.003790734633748294,-0.0025809996081136988,0.0009042149503040997,-0.0006122430019248892,-0.0029835699696690032,0.2301639210610838
478,2012-11-21,0.2330555411184048,0.231985780764351,0.2316323765782431,0.2321874135113276,0.1543414730793996,-0.0004549088523821132,0.0018218597032672035,-0.0016577739815195058,0.000918323592250303,-0.0932453024798012,0.231985780764351
479,2012-11-22,0.2339653868739362,0.2347186486249211,0.2334408918872849,0.2357077843698204,0.1595131886029958,0.0009098457555314077,0.0027328678605700873,0.0018085153090418027,0.0035203708584927995,0.005171715523596188,0.2347186486249211
480,2012-11-26,0.2363914527643174,0.2371478023536267,0.2373591759448452,0.2381566791351734,0.2055574817970182,0.0024260658903811905,0.002429153728705613,0.003918284057560312,0.00244889476535301,0.046044293194022395,0.2371478023536267
481,2012-11-27,0.2356332714425639,0.2376032504996572,0.2366056242758854,0.2366260693151098,0.2070259576414646,-0.0007581813217534816,0.00045544814603049044,-0.0007535516689597954,-0.0015306098200636165,0.0014684758444463986,0.2376032504996572
482,2012-11-28,0.235330048088704,0.2341113545994826,0.236153557986732,0.2360138971279506,0.1503206463624629,-0.00030322335385990495,-0.0034918959001745964,-0.0004520662891534244,-0.000612172187159199,-0.05670531127900169,0.2341113545994826
483,2012-11-29,0.2356332809723241,0.2377550740060169,0.2372084691664342,0.2375444207539491,0.1763190788227718,0.00030323288362010814,0.003643719406534296,0.001054911179702217,0.0015305236259985089,0.025998432460308918,0.2377550740060169
484,2012-11-30,0.2386659011911676,0.2369959564742187,0.237509866800914,0.2384627702217585,0.1987162490931287,0.0030326202188434848,-0.0007591175317981924,0.00030139763447978307,0.0009183494678093873,0.022397170270356898,0.2369959564742187
485,2012-12-03,0.2379077605901097,0.2356295672900305,0.2364549657452572,0.2370852768245487,0.2153036161217669,-0.0007581406010578884,-0.0013663891841881881,-0.0010549010556567817,-0.0013774933972098002,0.016587367028638195,0.2356295672900305
486,2012-12-04,0.23426860640264,0.2363886624487802,0.2352492926927674,0.2344832828007232,0.2191117469326628,-0.003639154187469712,0.0007590951587496952,-0.0012056730524898085,-0.0026019940238254935,0.003808130810895899,0.2363886624487802
487,2012-12-05,0.233358811753479,0.2324412512834299,0.2329887156219431,0.2329527087513531,0.2571493504033938,-0.0009097946491609943,-0.003947411165350301,-0.0022605770708243045,-0.0015305740493700981,0.03803760347073101,0.2324412512834299
488,2012-12-06,0.2347234681893156,0.2336558169612585,0.2346464562721685,0.2355546574918823,0.2104203512104727,0.0013646564358366087,0.0012145656778285996,0.00165774065022542,0.002601948740529214,-0.04672899919292112,0.2336558169612585
489,2012-12-07,0.2347235095803912,0.236236861315469,0.235400028034978,0.2364730409360776,0.1454024177405867,4.139107559475441e-08,0.002581044354210499,0.0007535717628094907,0.0009183834441952865,-0.06501793346988599,0.236236861315469
490,2012-12-10,0.2359365464483248,0.2359331919297013,0.2358521269721248,0.2372383213440087,0.1170264529606978,0.0012130368679335868,-0.00030366938576770197,0.0004520989371467887,0.0007652804079311126,-0.028375964779888907,0.2359331919297013
491,2012-12-11,0.2363914369441992,0.2359331919297013,0.2350985966308212,0.2355546852718144,0.1118547374371017,0.00045489049587441044,0.0,-0.0007535303413035987,-0.0016836360721943222,-0.005171715523596104,0.2359331919297013
492,2012-12-12,0.2368463402586792,0.2357813907963901,0.2361535298139407,0.2376975051351368,0.1606349409841702,0.0004549033144800041,-0.00015180113331120237,0.0010549331831194997,0.002142819863322404,0.048780203547068496,0.2357813907963901
493,2012-12-13,0.2380593416327312,0.2379068751393281,0.2370577338206241,0.2393810916490962,0.1919245483125639,0.001213001374052003,0.0021254843429379944,0.0009042040066833956,0.0016835865139594175,0.0312896073283937,0.2379068751393281
494,2012-12-14,0.2356332388259663,0.2386659702980779,0.237660539351178,0.2378505015091679,0.2880718387706759,-0.002426102806764918,0.0007590951587498063,0.0006028055305539182,-0.0015305901399283173,0.09614729045811199,0.2386659702980779
495,2012-12-17,0.2410919562097401,0.2388178161774859,0.2400718295991525,0.2402994355879845,0.1807973474198238,0.00545871738377382,0.00015184587940800243,0.0024112902479744847,0.002448934078816606,-0.10727449135085207,0.2388178161774859
496,2012-12-18,0.2391207394736069,0.2417024404252704,0.2415788284011635,0.2410646956146361,0.245925999306553,-0.001971216736133208,0.0028846242477844897,0.0015069988020109948,0.0007652600266515874,0.0651286518867292,0.2417024404252704
497,2012-12-19,0.2430631806013969,0.2474717784130331,0.2464014491496862,0.2451973099276732,0.3421665263262172,0.003942441127789992,0.005769337987762718,0.004822620748522716,0.004132614313037103,0.09624052701966418,0.2474717784130331
498,2012-12-20,0.2494316349415914,0.2515709907116947,0.2521282061948112,0.250401224930547,0.4066104722140478,0.006368454340194507,0.004099212298661586,0.005726757045124986,0.005203915002873816,0.06444394588783059,0.2515709907116947
499,2012-12-21,0.2536772976375228,0.2494454839957083,0.2524295954652827,0.2505542997923258,0.2667148388901352,0.004245662695931379,-0.0021255067159864083,0.0003013892704715193,0.00015307486177879026,-0.13989563332391258,0.2494454839957083
500,2012-12-25,0.2512512126674397,0.2483827194511909,0.2506211609181833,0.2499420694616117,0.1430569354890403,-0.0024260849700830645,-0.0010627645445173972,-0.0018084345470993912,-0.0006122303307140864,-0.12365790340109489,0.2483827194511909
501,2012-12-26,0.2498865118803348,0.2495972851290195,0.2486619858976081,0.2511665055507877,0.1591752060673692,-0.0013647007871049055,0.0012145656778285996,-0.0019591750205752156,0.0012244360891759676,0.016118270578328903,0.2495972851290195
502,2012-12-27,0.2515544658858243,0.2494454839957083,0.2506211445662006,0.2510134707583315,0.2899336563591705,0.001667954005489497,-0.00015180113331120237,0.0019591586685925033,-0.0001530347924561526,0.1307584502918013,0.2494454839957083
503,2012-12-28,0.2492799791663457,0.25005273327505,0.2498676076303113,0.2508603608259157,0.2759714812667352,-0.002274486719478608,0.0006072492793417206,-0.0007535369358893096,-0.00015310993241585136,-0.013962175092435303,0.25005273327505
504,2013-01-04,0.2623201592490006,0.2596175694296099,0.2607182889522412,0.2592784902708089,0.4008152371850716,0.013040180082654895,0.009564836154559886,0.0108506813219299,0.00841812944489323,0.12484375591833641,0.2596175694296099
505,2013-01-07,0.2614103846399384,0.2567329451818253,0.2601154599509006,0.2579009838542347,0.2492999973777217,-0.0009097746090622194,-0.002884624247784573,-0.0006028290013406212,-0.0013775064165741924,-0.1515152398073499,0.2567329451818253
506,2013-01-08,0.2556484468064695,0.2561256511563868,0.2558957682924664,0.2571357068711744,0.2272466369280883,-0.0057619378334689,-0.0006072940254385206,-0.004219691658434166,-0.0007652769830603368,-0.022053360449633408,0.2561256511563868
507,2013-01-09,0.253980537914603,0.260680378720224,0.2602662328155478,0.2552990555209634,0.311791802758054,-0.0016679088918664653,0.00455472756383718,0.004370464523081374,-0.0018366513502109938,0.08454516582996571,0.260680378720224
508,2013-01-10,0.2614104029236236,0.2644759440061663,0.2626774591179485,0.2632579771192986,0.2647830938804765,0.0074298650090205975,0.003795565285942326,0.002411226302400704,0.007958921598335222,-0.04700870887757752,0.2644759440061663
509,2013-01-11,0.2677789079799851,0.2673606130000477,0.2705141082502005,0.2692272375022263,0.3242884156485914,0.006368505056361495,0.0028846689938814007,0.007836649132252016,0.005969260382927721,0.059505321768114905,0.2673606130000477
510,2013-01-15,0.2726310670060756,0.2684233775445651,0.2709662326698158,0.2698394957891025,0.2798932441370227,0.004852159026090486,0.0010627645445173695,0.00045212441961528516,0.0006122582868761661,-0.04439517151156869,0.2684233775445651
511,2013-01-16,0.268082127751959,0.263413179461649,0.2676507147741756,0.2647885816441168,0.2316841145294613,-0.004548939254116591,-0.005010198082916084,-0.003315517895640163,-0.0050509141449857076,-0.04820912960756141,0.263413179461649
512,2013-01-17,0.2659593438359496,0.2664496719618899,0.2664450916882904,0.2637171838712617,0.2568638134336403,-0.0021227839160093964,0.003036492500240906,-0.0012056230858852324,-0.0010713977728550872,0.025179698904178982,0.2664496719618899
513,2013-01-18,0.2721761065165224,0.2754071917179628,0.2739802564801437,0.2741250119457228,0.4789736985487146,0.006216762680572807,0.008957519756072896,0.007535164791853288,0.010407828074461112,0.2221098851150743,0.2754071917179628
514,2013-01-21,0.2780896599873328,0.2770772055418219,0.2780492478898783,0.2781044798932167,0.3862674199403869,0.0059135534708104065,0.0016700138238591178,0.004068991409734601,0.0039794679474938754,-0.0927062786083277,0.2770772055418219
515,2013-01-22,0.2782414024027823,0.2788991771103311,0.2797070975454779,0.2788698399203977,0.3568221483451967,0.00015174241544946288,0.001821971568509162,0.0016578496555996192,0.0007653600271810279,-0.02944527159519017,0.2788991771103311
516,2013-01-23,0.2765734476322757,0.2769254715276559,0.27789863302003,0.2784106553800794,0.2604534210533983,-0.0016679547705065745,-0.001973705582675178,-0.001808464525447917,-0.0004591845403182915,-0.0963687272917984,0.2769254715276559
517,2013-01-24,0.2752086993269,0.2819355577453301,0.2801591185945948,0.2774922361152778,0.2831215600807661,-0.001364748305375696,0.005010086217674181,0.002260485574564819,-0.0009184192648016287,0.022668139027367806,0.2819355577453301
518,2013-01-25,0.2861261468160754,0.2904377412206144,0.2885986137152377,0.2883593669196993,0.359103530460676,0.010917447489175391,0.008502183475284308,0.008439495120642904,0.010867130804421532,0.07598197037990989,0.2904377412206144
519,2013-01-28,0.2941625533303955,0.2911968363793642,0.2935718514961816,0.2934102453555117,0.2815977250278981,0.008036406514320082,0.000759095158749834,0.004973237780943884,0.005050878435812367,-0.07750580543277791,0.2911968363793642
520,2013-01-29,0.2905234484921324,0.2898304471951759,0.2898042740496396,0.2911144099983654,0.2795406933886536,-0.003639104838263074,-0.0013663891841882991,-0.003767577446541992,-0.002295835357146281,-0.0020570316392444776,0.2898304471951759
521,2013-01-30,0.2903717176521947,0.291348615139627,0.2901056096816278,0.2917265461219263,0.2094267991014326,-0.00015173083993769154,0.0015181679444510876,0.0003013356319881977,0.0006121361235608691,-0.070113894287221,0.291348615139627
522,2013-01-31,0.2909782822571117,0.2927150490699121,0.2913112504956459,0.2924918658864853,0.2242397578180313,0.0006065646049169815,0.0013664339302850714,0.001205640814018083,0.0007653197645590137,0.014812958716598684,0.2927150490699121
523,2013-02-01,0.2941624883879771,0.2869457334551978,0.2958323497941504,0.288359301101292,0.5661265744595921,0.003184206130865397,-0.0057693156147142766,0.004521099298504527,-0.0041325647851933045,0.34188681664156084,0.2869457334551978
524,2013-02-04,0.2894619600680003,0.2918041080317543,0.2907084406992084,0.2915735219624299,0.2341461424829479,-0.004700528319976804,0.004858374576556468,-0.005123909094941981,0.0032142208611379286,-0.33198043197664423,0.2918041080317543
525,2013-02-05,0.2880972960772848,0.2910449904999562,0.291009865833258,0.2901960167347462,0.2852077281454956,-0.0013646639907154978,-0.0007591175317980814,0.00030142513404957105,-0.0013775052276837063,0.051061585662547704,0.2910449904999562
526,2013-02-06,0.2947690364021694,0.2984843199385296,0.2980929500113247,0.296624413534955,0.4347009000241832,0.006671740324884601,0.007439329438573394,0.00708308417806669,0.006428396800208791,0.1494931718786876,0.2984843199385296
527,2013-02-07,0.2985597898573023,0.2965106367289028,0.2980929586387593,0.298154982551611,0.2791706607849936,0.0037907534551329114,-0.0019736832096267642,8.627434600061434e-09,0.0015305690166559915,-0.15553023923918963,0.2965106367289028
528,2013-02-08,0.2931011000162457,0.2907413434872369,0.2935718278952419,0.2926449275489013,0.3234143228840399,-0.00545868984105663,-0.005769293241665918,-0.004521130743517399,-0.0055100550027096795,0.04424366209904629,0.2907413434872369
529,2013-02-12,0.2955272331670965,0.2931705643350877,0.2959831459955282,0.2955530607658855,0.2265619309291897,0.002426133150850829,0.0024292208478507993,0.0024113181002863304,0.002908133216984188,-0.09685239195485018,0.2931705643350877
530,2013-02-13,0.2927978516753732,0.2919559315381139,0.2938732390064491,0.2931040919480888,0.1866916462954491,-0.002729381491723304,-0.0012146327969738135,-0.002109906989079091,-0.002448968817796715,-0.039870284633740594,0.2919559315381139
531,2013-02-14,0.2926462008983172,0.2910449904999562,0.2908591432126991,0.2895837981931957,0.2019911833176482,-0.0001516507770559783,-0.0009109410381576977,-0.0030140957937500046,-0.0035202937548931,0.015299537022199106,0.2910449904999562
532,2013-02-15,0.2899168838225318,0.2884640132648909,0.2892014408978169,0.2863696273062649,0.2164749004262659,-0.0027293170757854424,-0.002580977235065285,-0.0016577023148822145,-0.0032141708869307672,0.014483717108617705,0.2884640132648909
533,2013-02-18,0.2911298756279759,0.2921077102983768,0.2920647531795242,0.2932571323350051,0.1825076555957962,0.001212991805444097,0.003643697033485882,0.0028633122817072754,0.006887505028740193,-0.0339672448304697,0.2921077102983768
534,2013-02-19,0.2915847936339251,0.2927150490699121,0.2919140857771938,0.2938693785986666,0.1560109902596929,0.00045491800594921195,0.0006073387715352929,-0.00015066740233038445,0.0006122462636614645,-0.026496665336103314,0.2927150490699121
535,2013-02-20,0.2941624877538701,0.2921077102983768,0.292968978421566,0.2940223984190224,0.2157406625040426,0.0025776941199450176,-0.0006073387715352929,0.0010548926443721962,0.0001530198203558153,0.05972967224434972,0.2921077102983768
536,2013-02-21,0.2882489223066639,0.2854275207646499,0.2875436370959632,0.2865226271278394,0.3038987450941544,-0.005913565447206226,-0.006680189533726899,-0.005425341325602795,-0.0074997712911830106,0.08815808259011176,0.2854275207646499
537,2013-02-22,0.2805158409022066,0.2808728826930062,0.2791042479146021,0.2767270465281361,0.3854778228097421,-0.007733081404457276,-0.004554638071643691,-0.008439389181361112,-0.009795580599703257,0.0815790777155877,0.2808728826930062
538,2013-02-25,0.2865810790144146,0.2846684927250453,0.2849817533440632,0.2859105060059558,0.2040860923100232,0.0060652381122079935,0.0037956100320390984,0.005877505429461138,0.009183459477819678,-0.18139173049971888,0.2846684927250453
539,2013-02-26,0.2780897395243611,0.2808728826930062,0.2813648115521253,0.2805534619261333,0.216527345992139,-0.008491339490053484,-0.0037956100320390984,-0.0036169417919379443,-0.005357044079822515,0.012441253682115794,0.2808728826930062
540,2013-02-27,0.2808190834069469,0.2769254715276559,0.2795563612949039,0.2787167787018398,0.1747398845614822,0.0027293438825857774,-0.003947411165350301,-0.0018084502572213723,-0.0018366832242934783,-0.041787461430656786,0.2769254715276559
541,2013-02-28,0.2802125320209691,0.2792027793769535,0.279857739107158,0.280553422610434,0.2275117784000023,-0.000606551385977816,0.002277307849297583,0.0003013778122540889,0.001836643908594171,0.0527718938385201,0.2792027793769535
542,2013-03-01,0.2794543912856526,0.2778363901927653,0.2777478900011876,0.2790228815505743,0.2004556936945861,-0.0007581407353164926,-0.0013663891841881881,-0.002109849105970396,-0.0015305410598596692,-0.027056084705416206,0.2778363901927653
543,2013-03-04,0.2776347279127797,0.2732815955097828,0.2768435635483231,0.2751963379380628,0.2787190461899753,-0.0018196633728728706,-0.004554794682982477,-0.000904326452864479,-0.0038265436125115015,0.07826335249538918,0.2732815955097828
544,2013-03-05,0.2767250851205132,0.274192670786231,0.275487363227163,0.2751964750629873,0.2365091065897853,-0.0009096427922665185,0.0009110752764481811,-0.0013562003211601281,1.371249244708217e-07,-0.04220993960018998,0.274192670786231
545,2013-03-06,0.2767250579502601,0.2763181775022174,0.2750352234672047,0.2768800842096117,0.1724555888034544,-2.7170253102948294e-08,0.0021255067159863805,-0.00045213975995828104,0.0016836091466244096,-0.0640535177863309,0.2763181775022174
546,2013-03-07,0.2773315278173668,0.2770772055418219,0.2791041680874121,0.2791758691720883,0.2449237062698674,0.0006064698671067181,0.0007590280396045368,0.004068944620207404,0.0022957849624766213,0.07246811746641299,0.2770772055418219
547,2013-03-08,0.2780897411698124,0.2773809420467348,0.2775972163303807,0.2787167797001646,0.4227345700774738,0.0007582133524455803,0.00030373650491288817,-0.0015069517570314162,-0.00045908947192369043,0.17781086380760638,0.2773809420467348
548,2013-03-11,0.2805158195199274,0.2829983670359443,0.2860366396630841,0.2823901242761156,0.4334509473708746,0.0024260783501149907,0.005617424989209474,0.008439423332703422,0.0036733445759509764,0.010716377293400803,0.2829983670359443
549,2013-03-12,0.2865810155980723,0.2864903076822157,0.2863380283542462,0.286981832236495,0.3367005329052221,0.00606519607814493,0.0034919406462713964,0.00030138869116208555,0.0045917079603793876,-0.09675041446565247,0.2864903076822157
550,2013-03-13,0.2861260823415401,0.2834537928089264,0.2843788400642282,0.2854512291516833,0.2223779402295367,-0.0004549332565322306,-0.0030365148732892644,-0.00195918829001801,-0.001530603084811677,-0.11432259267568542,0.2834537928089264
551,2013-03-14,0.2840032346370809,0.2805691461880934,0.2824196782239262,0.2813186751111593,0.2639818421796377,-0.0021228477044591965,-0.002884646620832987,-0.0019591618403019817,-0.0041325540405239836,0.041603901950101024,0.2805691461880934
552,2013-03-15,0.2802126041061797,0.2814801990914931,0.2801592288196583,0.2811657134715593,0.3314180989647828,-0.0037906305309011734,0.0009110529033996562,-0.0022604494042678946,-0.0001529616396000466,0.06743625678514509,0.2814801990914931
553,2013-03-18,0.2800609003837625,0.278595485351515,0.27835069542318,0.2793289468175121,0.207576636083132,-0.00015170372241718466,-0.002884713739978062,-0.0018085333964783512,-0.001836766654047195,-0.1238414628816508,0.278595485351515
554,2013-03-19,0.2803642132693526,0.2820874707438833,0.2809127199217729,0.2819309960061079,0.1641837576082491,0.0003033128855901013,0.0034919853923682798,0.002562024498592941,0.002602049188595801,-0.04339287847488291,0.2820874707438833
555,2013-03-21,0.2835483476274915,0.2819355577453301,0.2830224892126559,0.2836145326910364,0.1986259261741251,0.003184134358138857,-0.00015191299855321638,0.002109769290882968,0.0016835366849285438,0.03444216856587601,0.2819355577453301
556,2013-03-22,0.2809706792383699,0.2793545805102648,0.2803098389740057,0.2816247991882626,0.2079262731889526,-0.0025776683891216012,-0.002580977235065285,-0.002712650238650194,-0.001989733502773816,0.009300347014827487,0.2793545805102648
557,2013-03-25,0.2812738921971165,0.2805691461880934,0.2809126178368856,0.2828492352239799,0.2434260939999359,0.0003032129587466348,0.0012145656778286273,0.0006027788628799047,0.0012244360357173134,0.035499820810983296,0.2805691461880934
558,2013-03-26,0.2789995318987176,0.2775327655530944,0.2775972259297972,0.2794820836591166,0.2309236538243015,-0.002274360298398892,-0.003036380634999003,-0.0033153919070884053,-0.0033671515648633354,-0.0125024401756344,0.2775327655530944
559,2013-03-27,0.2785673957935707,0.2781501945694526,0.2785517268281713,0.2793213311980045,0.2361652967690617,-0.0004321361051469186,0.0006174290163581952,0.0009545008983741221,-0.0001607524611120792,0.005241642944760205,0.2781501945694526
560,2013-03-28,0.2768716493873953,0.2716672234572642,0.2754873385728279,0.2720076403525836,0.3206929807437364,-0.0016957464061754246,-0.006482971112188429,-0.0030643882553433865,-0.007313690845420884,0.08452768397467472,0.2716672234572642
561,2013-03-29,0.270242721405303,0.2690431333579556,0.2693585747495052,0.2702958898891844,0.2479043625969878,-0.006628927982092303,-0.0026240900993085847,-0.006128763823322725,-0.0017117504633992198,-0.07278861814674861,0.2690431333579556
562,2013-04-01,0.2687011397942538,0.264721174989545,0.2676731694418356,0.2667168432481696,0.2211105057209371,-0.0015415816110491698,-0.0043219583684105944,-0.0016854053076695852,-0.003579046641014827,-0.02679385687605071,0.264721174989545
563,2013-04-02,0.2583724519855479,0.2577751712679227,0.2597058360601181,0.2567577962922255,0.3421344762581837,-0.010328687808705883,-0.006946003721622296,-0.007967333381717512,-0.009959046955944073,0.12102397053724662,0.2577751712679227
564,2013-04-03,0.2589890524759333,0.2573120715393436,0.2575607331505682,0.2567577657825309,0.2382718603316308,0.0006166004903853661,-0.0004630997285791083,-0.0021451029095498897,-3.050969460405284e-08,-0.10386261592655291,0.2573120715393436
565,2013-04-04,0.254364224819004,0.2583925331651357,0.2569478440622271,0.2528674830895158,0.4105351487268839,-0.004624827656929287,0.0010804616257921174,-0.0006128890883411175,-0.0038902826930151124,0.1722632883952531,0.2583925331651357
566,2013-04-05,0.2697802126668268,0.2563858944552337,0.2727293494323569,0.2578469925450498,0.6288456439587079,0.015415987847822776,-0.002006638709902031,0.01578150537012979,0.0049795094555339925,0.218310495231824,0.2563858944552337
567,2013-04-08,0.2620722371066087,0.2644124269217934,0.2629233713724304,0.2623597255849463,0.4193052127978835,-0.007707975560218072,0.00802653246655971,-0.009805978059926501,0.0045127330398965215,-0.20954043116082438,0.2644124269217934
568,2013-04-09,0.2671595223691279,0.2705866723392785,0.2741083314808045,0.2695178114667684,0.5181476226133626,0.00508728526251917,0.006174245417485125,0.011184960108374109,0.007158085881822096,0.09884240981547904,0.2705866723392785
569,2013-04-10,0.2740967596811869,0.2824721529378631,0.2829950698674996,0.2746529975805388,0.6818855929116904,0.00693723731205903,0.011885480598584575,0.008886738386695126,0.005135186113770396,0.16373797029832782,0.2824721529378631
570,2013-04-11,0.2862753810386482,0.2849418242571991,0.2845272270618736,0.2833671891094387,0.4349223368578696,0.012178621357461283,0.0024696713193360087,0.0015321571943739953,0.008714191528899906,-0.2469632560538208,0.2849418242571991
571,2013-04-12,0.2859670178645366,0.2830895148350761,0.2842207469218781,0.2833671559300725,0.34529869206586,-0.0003083631741115922,-0.0018523094221229996,-0.00030648013999551305,-3.317936619895434e-08,-0.08962364479200957,0.2830895148350761
572,2013-04-15,0.2774882438433805,0.275680433757923,0.2785516864193461,0.2755866326250521,0.3215641598657393,-0.008478774021156099,-0.007409081077153101,-0.0056690605025320195,-0.0077805233050203815,-0.023734532200120728,0.275680433757923
573,2013-04-16,0.266234559048093,0.2691974626457347,0.2705843164162113,0.2678061096704222,0.3820018472493757,-0.011253684795287489,-0.006482971112188318,-0.0079673700031348,-0.007780522954629943,0.06043768738363642,0.2691974626457347
574,2013-04-17,0.2685469939739073,0.2710497720678576,0.270584349597314,0.2709183388903194,0.2402531372646141,0.0023124349258142884,0.0018523094221228886,3.318110269878716e-08,0.0031122292198972334,-0.1417487099847616,0.2710497720678576
575,2013-04-18,0.2691635964377031,0.2658016366153372,0.2678263832227586,0.2678061139212462,0.3432941059924886,0.0006166024637958012,-0.005248135452520397,-0.0027579663745553873,-0.0031122249690732073,0.10304096872787452,0.2658016366153372
576,2013-04-19,0.2654637837706681,0.2662647363439163,0.2649152388013418,0.2643826888372529,0.2973343084323729,-0.0036998126670350073,0.0004630997285791083,-0.002911144421416767,-0.0034234250839932923,-0.0459597975601157,0.2662647363439163
577,2013-04-22,0.270242709483176,0.2682713303077216,0.270277875367634,0.2695178147019745,0.1952344462476654,0.004778925712507931,0.0020065939638053143,0.005362636566292156,0.00513512586472159,-0.10209986218470751,0.2682713303077216
578,2013-04-23,0.2670053094834108,0.2651841852259306,0.265987722717103,0.2670280150105462,0.2185057092825738,-0.0032373999997652447,-0.0030871450817909762,-0.004290152650530954,-0.0024897996914283183,0.023271263034908396,0.2651841852259306
579,2013-04-24,0.2679303217008432,0.2704323430514994,0.2684392646540358,0.269050996764433,0.2642673791493912,0.0009250122174324082,0.0052481578255687555,0.002451541936932755,0.002022981753886821,0.0457616698668174,0.2704323430514994
580,2013-04-25,0.2722468877689866,0.2753718199284617,0.2738019941138082,0.2737193831491066,0.2820872169760469,0.0043165660681434015,0.004939476876962334,0.005362729459772397,0.004668386384673595,0.017819837826655693,0.2753718199284617
581,2013-04-26,0.2739425709308246,0.2707410687462027,0.2731890403968814,0.272007623794089,0.2688068342399617,0.0016956831618379908,-0.00463075118225903,-0.0006129537169267674,-0.0017117593550176058,-0.013280382736085172,0.2707410687462027
582,2013-04-30,0.2734800737288881,0.2698149140351412,0.2721165017471444,0.2716963761166146,0.2273835781278681,-0.0004624972019364737,-0.0009261547110614998,-0.0010725386497369982,-0.0003112476774743689,-0.041423256112093604,0.2698149140351412
583,2013-05-01,0.2700886359141725,0.2676539907835569,0.2685925364942948,0.2684286256125444,0.2032557041836993,-0.0033914378147156254,-0.00216092325158429,-0.0035239652528495924,-0.0032677505040702437,-0.02412787394416882,0.2676539907835569
584,2013-05-02,0.266234578749106,0.2678082753252392,0.2658345362295752,0.2671836674475555,0.1865080868148933,-0.0038540571650664823,0.00015428454168231465,-0.002758000264719618,-0.0012449581649888741,-0.016747617368805978,0.2678082753252392
585,2013-05-07,0.2757925129525913,0.2781501945694526,0.2762534452536814,0.2762091346982434,0.37168463898512,0.009557934203485274,0.010341919244213404,0.010418909024106193,0.009025467250687869,0.1851765521702267,0.2781501945694526
586,2013-05-08,0.283654670414751,0.2886463983553483,0.2920349584800413,0.2850789382191701,0.7187286029375344,0.007862157462159736,0.010496203785895664,0.0157815132263599,0.0088698035209267,0.3470439639524144,0.2886463983553483
587,2013-05-09,0.2929043185636514,0.2921966431657183,0.2918817879538317,0.2934819588437855,0.4192877309425925,0.009249648148900391,0.003550244810370029,-0.0001531705262096117,0.008403020624615398,-0.2994408719949419,0.2921966431657183
588,2013-05-10,0.2959874476418737,0.2974446667529968,0.2973975800791496,0.2983057993867391,0.4953949879520881,0.0030831290782222798,0.005248023587278494,0.005515792125317942,0.00482384054295365,0.07610725700949561,0.2974446667529968
589,2013-05-13,0.2998414721061121,0.294357588790351,0.298776579305833,0.2948824026224651,0.4091249457334075,0.003854024464238437,-0.00308707796264579,0.0013789992266833861,-0.0034233967642740004,-0.08627004221868056,0.294357588790351
590,2013-05-14,0.2938291691515778,0.29096167326776,0.2924945438013056,0.2927037853728758,0.2898025424444878,-0.00601230295453431,-0.0033959155225909976,-0.006282035504527439,-0.002178617249589343,-0.11932240328891974,0.29096167326776
591,2013-05-15,0.2939834124348479,0.2932770824184621,0.2950993361360032,0.2953492419500658,0.3274001858903946,0.00015424328327007242,0.002315409150702108,0.0026047923346976254,0.0026454565771900085,0.037597643445906825,0.2932770824184621
592,2013-05-16,0.2947542085619288,0.2928140274359797,0.293873590847049,0.2928594648226305,0.2611934862607186,0.0007707961270809194,-0.00046305498248244703,-0.0012257452889541942,-0.002489777127435311,-0.06620669962967601,0.2928140274359797
593,2013-05-17,0.2916710560010936,0.2921966431657183,0.292494653747409,0.2919258319514771,0.2111808119156325,-0.0030831525608351895,-0.0006173842702613674,-0.0013789370996399875,-0.0009336328711533892,-0.05001267434508608,0.2921966431657183
594,2013-05-20,0.2966041139569179,0.2971360081774387,0.2973976153816532,0.2976834012383437,0.4345464769691124,0.0049330579558242715,0.004939365011720376,0.004902961634244196,0.005757569286866604,0.2233656650534799,0.2971360081774387
595,2013-05-21,0.296758304833026,0.3102563020626429,0.3084293785629357,0.2987726790806782,0.8551366061308866,0.00015419087610812898,0.013120293885204193,0.011031763181282461,0.001089277842334535,0.4205901291617742,0.3102563020626429
596,2013-05-22,0.3144866743999174,0.3155043703960182,0.3229851310899258,0.3130888409502978,0.8762342918246103,0.01772836956689139,0.005248068333375322,0.014555752526990151,0.014316161869619592,0.021097685693723722,0.3155043703960182
597,2013-05-23,0.3151033430014381,0.3051625406439983,0.3220658568998744,0.3034410009627574,0.8215306529764316,0.000616668601520709,-0.010341829752019915,-0.0009192741900514445,-0.00964783998754043,-0.05470363884817875,0.3051625406439983
598,2013-05-24,0.3067786823746887,0.295592424450019,0.3068971866211575,0.2927038460462052,0.7733710552921946,-0.008324660626749414,-0.009570116193979294,-0.015168670278716878,-0.010737154916552194,-0.04815959768423694,0.295592424450019
599,2013-05-27,0.2878169802134585,0.2855592756466057,0.2878980374889336,0.2852345253113645,0.4190225894706785,-0.01896170216123022,-0.010033148803413272,-0.01899914913222389,-0.00746932073484069,-0.35434846582151613,0.2855592756466057
600,2013-05-28,0.2824213975431264,0.2867941113062737,0.2880512785875876,0.2835228010199659,0.3401065810444243,-0.0053955826703320775,0.0012348356596679766,0.00015324109865400004,-0.0017117242913985975,-0.07891600842625418,0.2867941113062737
601,2013-05-29,0.2921334830754531,0.2855592756466057,0.2903495563251524,0.2874130854661343,0.280604172918858,0.00971208553232672,-0.0012348356596679766,0.0022982777375648022,0.0038902844461684016,-0.05950240812556634,0.2855592756466057
602,2013-05-30,0.2821130602488397,0.2790763045344173,0.285752989493775,0.2800993661895062,0.4798390503856206,-0.010020422826613418,-0.006482971112188429,-0.0045965668313774355,-0.007313719276628106,0.1992348774667626,0.2790763045344173
603,2013-05-31,0.2819588971811563,0.275680433757923,0.2813096239086465,0.2769871293947331,0.3633195712283625,-0.00015416306768339938,-0.003395870776494281,-0.004443365585128478,-0.0031122367947731266,-0.11651947915725808,0.275680433757923
604,2013-06-03,0.2731717669367205,0.2742912240643793,0.28008386197511,0.2740305320702515,0.3848280805214255,-0.008787130244435781,-0.0013892096935437248,-0.0012257619335365177,-0.002956597324481558,0.021508509293062972,0.2742912240643793
605,2013-06-04,0.2722468400673,0.2776871172139218,0.2773259590792264,0.2718520059476628,0.32284907622963,-0.0009249268694205282,0.003395893149542528,-0.0027579028958835683,-0.002178526122588731,-0.06197900429179548,0.2776871172139218
606,2013-06-05,0.2773341226307322,0.2710497720678576,0.2783985066485738,0.2732525004215204,0.3107895097213684,0.005087282563432216,-0.006637345146064233,0.0010725475693473818,0.0014004944738575942,-0.012059566508261621,0.2710497720678576
607,2013-06-06,0.2697802275701822,0.2658016366153372,0.2713503957544431,0.2679617151756541,0.4001713221818521,-0.007553895060549987,-0.005248135452520397,-0.00704811089413071,-0.005290785245866292,0.08938181246048371,0.2658016366153372
608,2013-06-07,0.263922076647479,0.2622513470588704,0.2638426018180536,0.2600254834705313,0.4381593937292585,-0.005858150922703198,-0.0035502895564668013,-0.007507793936389506,-0.00793623170512281,0.03798807154740641,0.2622513470588704
609,2013-06-10,0.26900944144155,0.2691974626457347,0.2681327977619969,0.265627549677392,0.2689729118652265,0.005087364794070959,0.00694611558686431,0.004290195943943309,0.005602066206860712,-0.169186481864032,0.2691974626457347
610,2013-06-11,0.2694719301441917,0.2696605400012654,0.2742615747936666,0.2704514817531836,0.3127125138033815,0.0004624887026417057,0.0004630773555306944,0.0061287770316696966,0.004823932075791626,0.043739601938155015,0.2696605400012654
611,2013-06-12,0.2651554199409038,0.2654929109206339,0.2644555484761465,0.2639158225723296,0.3154717332968156,-0.004316510203287882,-0.0041676290806315075,-0.009806026317520089,-0.006535659180854025,0.0027592194934341063,0.2654929109206339
612,2013-06-13,0.2646928582591275,0.2622513470588704,0.2676730599723956,0.2632933082179168,0.3917304997188335,-0.00046256168177633006,-0.0032415638617634968,0.0032175114962491036,-0.0006225143544127953,0.0762587664220179,0.2622513470588704
613,2013-06-14,0.2677762039813662,0.2634863393298771,0.2681328508453664,0.2651607699233727,0.4425298575520158,0.0030833457222387284,0.0012349922710067074,0.0004597908729708222,0.001867461705455875,0.05079935783318229,0.2634863393298771
614,2013-06-17,0.2620722872019329,0.2661104070561373,0.2643023906250149,0.2615817123355527,0.2511792968215073,-0.005703916779433327,0.0026240677262602263,-0.003830460220351495,-0.003579057587819956,-0.1913505607305085,0.2661104070561373
615,2013-06-18,0.2651553881054021,0.2651841852259306,0.2652216197208885,0.2639157908856583,0.2318880695078566,0.003083100903469249,-0.000926221830206686,0.0009192290958735527,0.0023340785501055894,-0.01929122731365071,0.2651841852259306
616,2013-06-19,0.2677761507111025,0.2755260820970956,0.2750276411090184,0.2701402706556161,0.2894266825557307,0.0026207626057003774,0.01034189687116499,0.009806021388129915,0.006224479769957769,0.05753861304787408,0.2755260820970956
617,2013-06-20,0.271476017038344,0.2744456204713035,0.2724229643375447,0.2709183284997261,0.3750586370562886,0.0036998663272415078,-0.0010804616257921174,-0.0026046767714736907,0.0007780578441100028,0.08563195450055794,0.2744456204713035
618,2013-06-21,0.2666970638302779,0.267036517021102,0.2742615914172188,0.2678061341550964,0.7563699510216687,-0.004778953208066095,-0.007409103450201515,0.0018386270796740822,-0.0031121943446296707,0.3813113139653801,0.267036517021102
619,2013-06-24,0.2710135553110442,0.2627145362796431,0.2701247015892455,0.2639158623952565,0.3307363066084327,0.0043164914807662935,-0.004321980741458897,-0.004136889827973278,-0.003890271759839914,-0.42563364441323603,0.2627145362796431
620,2013-06-25,0.258526607179172,0.2605535906550104,0.2621573317222535,0.2590919625206096,0.2994845766331694,-0.012486948131872233,-0.002160945624632704,-0.007967369866992036,-0.004823899874646875,-0.031251729975263265,0.2605535906550104
621,2013-06-26,0.2637680101720871,0.2587012812328874,0.262463745388918,0.2603368253392346,0.1878192259617205,0.005241402992915145,-0.0018523094221229996,0.00030641366666450676,0.0012448628186249588,-0.11166535067144892,0.2587012812328874
622,2013-06-27,0.2614555532988165,0.2593186431301004,0.2600122001956633,0.2595587077971152,0.2872327097167065,-0.0023124568732706408,0.000617361897213009,-0.0024515451932546894,-0.000778117542119372,0.09941348375498602,0.2593186431301004
623,2013-06-28,0.2629971161314569,0.2622513470588704,0.2650683607717231,0.2639157415292191,0.3297952000652656,0.0015415628326403974,0.0029327039287699863,0.005056160576059787,0.004357033732103888,0.04256249034855908,0.2622513470588704
624,2013-07-01,0.2666970672657919,0.264721174989545,0.2658345442869858,0.2645383115210792,0.2209065507425418,0.003699951134335022,0.0024698279306746285,0.0007661835152626972,0.0006225699918601113,-0.10888864932272377,0.264721174989545
625,2013-07-02,0.2677761665918,0.2738281690818969,0.2719633010060019,0.2688953911088443,0.2663710290694117,0.0010790993260080817,0.009106994092351883,0.006128756719016137,0.0043570795877651,0.04546447832686987,0.2738281690818969
626,2013-07-03,0.2744050291907038,0.2742912240643793,0.2727293620715605,0.2735636998180024,0.1666807492723177,0.0066288625989038286,0.0004630549824823915,0.0007660610655585987,0.0046683087091580755,-0.09969027979709397,0.2742912240643793
627,2013-07-04,0.2720926915617643,0.2729020814899806,0.2718101138984879,0.2740305969105263,0.1128220667632053,-0.0023123376289395092,-0.0013891425743987051,-0.0009192481730725954,0.0004668970925238991,-0.05385868250911241,0.2729020814899806
628,2013-07-05,0.2734800709120105,0.275680433757923,0.2748744364336122,0.275742262372692,0.1917701252574931,0.0013873793502461873,0.00277835226794243,0.0030643225351242864,0.0017116654621657235,0.07894805849428779,0.275680433757923
629,2013-07-08,0.2776424504304374,0.2739825878618695,0.2780920861223709,0.2748086531501966,0.2034480045919006,0.004162379518426906,-0.0016978458960534848,0.003217649688758706,-0.0009336092224954129,0.011677879334407504,0.2739825878618695
630,2013-07-09,0.2771798392561518,0.2778413570095074,0.2765597772892702,0.2780763485061107,0.1722807702505441,-0.0004626111742855876,0.003858769147637886,-0.0015323088331006818,0.003267695355914091,-0.031167234341356487,0.2778413570095074
631,2013-07-10,0.2782590697147424,0.2803111401940853,0.280083880450019,0.2804106008451765,0.2188349508905548,0.0010792304585905965,0.0024697831845779117,0.0035241031607487483,0.002334252339065812,0.046554180640010684,0.2803111401940853
632,2013-07-11,0.2771799810484406,0.2809286363295886,0.280543588506732,0.2794769878646412,0.1764443654523576,-0.0010790886663017973,0.0006174961355032704,0.0004597080567130263,-0.0009336129805352922,-0.04239058543819721,0.2809286363295886
633,2013-07-12,0.2813422187177766,0.2823177565309389,0.2820757078544713,0.2833671604914943,0.2130950750700002,0.004162237669335989,0.0013891202013502912,0.0015321193477392803,0.0038901726268530945,0.03665070961764261,0.2823177565309389
634,2013-07-16,0.283038082601431,0.2835526816828004,0.2828418758809393,0.2847677508344751,0.2340237694959107,0.0016958638836543916,0.0012349251518615212,0.000766168026468006,0.0014005903429807898,0.0209286944259105,0.2835526816828004
635,2013-07-17,0.2836546109447672,0.2866397148993495,0.2851400542325022,0.2860125428685474,0.2308945173988164,0.0006165283433361979,0.0030870332165490733,0.0022981783515629295,0.001244792034072295,-0.003129252097094304,0.2866397148993495
636,2013-07-18,0.2865836891247262,0.2901899373366711,0.2886641116716407,0.2891247558373457,0.8638542246360132,0.0029290781799590215,0.003550222437321615,0.0035240574391384727,0.0031122129687983224,0.6329597072371969,0.2901899373366711
637,2013-07-19,0.2905918522144431,0.287257166288756,0.2898898894773786,0.2847676826416481,0.2739290178402333,0.00400816308971691,-0.0029327710479150615,0.0012257778057379043,-0.004357073195697614,-0.5899252067957799,0.287257166288756
638,2013-07-22,0.2896669019464374,0.2855592756466057,0.2888173500387175,0.2863237911421588,0.2029643399288488,-0.0009249502680057087,-0.0016978906421503126,-0.001072539438661091,0.001556108500510689,-0.07096467791138453,0.2855592756466057
639,2013-07-23,0.285042102462823,0.2883376950336934,0.28835769866906,0.2864794257721135,0.1677354878748765,-0.0046247994836143835,0.0027784193870876717,-0.00045965136965747666,0.0001556346299547151,-0.035228852053972304,0.2883376950336934
640,2013-07-24,0.2873544942597542,0.2900355856758437,0.2888173444901547,0.2894360103037843,0.1259567673718652,0.002312391796931157,0.0016978906421503126,0.00045964582109470076,0.002956584531670803,-0.04177872050301129,0.2900355856758437
641,2013-07-25,0.291362764839427,0.2880290588311836,0.2898899914809876,0.2894361071518054,0.1773942129231701,0.004008270579672846,-0.0020065268446600726,0.0010726469908328706,9.684802110276891e-08,0.05143744555130489,0.2880290588311836
642,2013-07-26,0.2838088516093146,0.2812372949051467,0.2839143848150049,0.2822779465901308,0.2035703775789378,-0.007553913230112397,-0.00679176392603692,-0.00597560666598268,-0.00715816056167462,0.02617616465576772,0.2812372949051467
643,2013-07-29,0.2774882390788627,0.2755260820970956,0.2774791597608754,0.2772983556355756,0.1776651816801811,-0.006320612530451908,-0.0057112128080510915,-0.006435225054129523,-0.004979590954555191,-0.0259051958987567,0.2755260820970956
644,2013-07-30,0.2744050109387608,0.2772239951122943,0.2783984559331082,0.2754310105068119,0.1520600909639203,-0.0030832281401019235,0.001697913015198671,0.0009192961722327975,-0.0018673451287636866,-0.025605090716260798,0.2772239951122943
645,2013-07-31,0.2764090734306043,0.2761434439943087,0.2796241487549762,0.2779207347121934,0.1873122521582807,0.0020040624918434835,-0.0010805511179856064,0.0012256928218680185,0.002489724205381516,0.03525216119436039,0.2761434439943087
646,2013-08-01,0.2744050472910253,0.2803111401940853,0.2793178053629945,0.2760534805413269,0.1476255270050959,-0.002004026139579007,0.004167696199776638,-0.00030634339198171157,-0.001867254170866528,-0.039686725153184804,0.2803111401940853
647,2013-08-02,0.2814964084867458,0.2914247729963391,0.2892769810089208,0.2835227726389112,0.3423529994493215,0.007091361195720514,0.011113632802253803,0.0099591756459263,0.00746929209758429,0.1947274724442256,0.2914247729963391
648,2013-08-05,0.2899751689592159,0.2920421796396489,0.2917284620855712,0.2906808486139084,0.1930783507617718,0.008478760472470093,0.0006174066433097813,0.002451481076650386,0.007158075974997236,-0.14927464868754972,0.2920421796396489
649,2013-08-06,0.2912085760736712,0.2972904045843629,0.2954058299900355,0.2922370636210908,0.2785413139945165,0.0012334071144552983,0.005248224944713997,0.0036773679044643237,0.0015562150071823933,0.08546296323274469,0.2972904045843629
650,2013-08-07,0.2924418767814927,0.2880290588311836,0.2924946924900979,0.2903697720135854,0.2566685993828905,0.0012333007078215164,-0.009261345753179273,-0.0029111374999375994,-0.001867291607505428,-0.021872714611625987,0.2880290588311836
651,2013-08-08,0.2859670201052616,0.2881832762537207,0.2906559361338404,0.2880354803604824,0.1824989146681506,-0.0064748566762311,0.00015421742253707293,-0.0018387563562575204,-0.0023342916531030045,-0.07416968471473989,0.2881832762537207
652,2013-08-09,0.2916709463645731,0.29096167326776,0.2909623658656955,0.2911476875586772,0.2356962003187525,0.005703926259311487,0.0027783970140393133,0.000306429731855129,0.0031122071981948274,0.05319728565060189,0.29096167326776
653,2013-08-12,0.2896669129588385,0.2935858081131653,0.2940268177024416,0.2909921250414609,0.2356874593911069,-0.0020040334057345732,0.0026241348454053015,0.003064451836746085,-0.0001555625172163233,-8.740927645578545e-06,0.2935858081131653
654,2013-08-13,0.2944458380986756,0.2966728860758111,0.2946396250317185,0.2947267250599211,0.1799290819403693,0.004778925139837076,0.00308707796264579,0.0006128073292768765,0.00373460001846021,-0.05575837745073761,0.2966728860758111
655,2013-08-14,0.2979915224936598,0.2988338764465406,0.2973975826582307,0.2989282354639174,0.2088411569491831,0.0035456843949842054,0.0021609903707294764,0.0027579576265122085,0.0042015104039963,0.028912075008813792,0.2988338764465406
656,2013-08-15,0.2944459234321942,0.2963642498733014,0.2966315451858799,0.2970609721958515,0.1487560203139158,-0.0035455990614655652,-0.002469626573239181,-0.0007660374723507668,-0.0018672632680659107,-0.060085136635267294,0.2963642498733014
657,2013-08-16,0.293520978072501,0.2921966431657183,0.2940268603141489,0.2919258319514771,0.2069298074373639,-0.00092494535969323,-0.004167606707583094,-0.0026046848717310445,-0.005135140244374392,0.05817378712344809,0.2921966431657183
658,2013-08-19,0.2927501759932062,0.292659720521249,0.2911156928177006,0.2936375683535584,0.1319967483749158,-0.0007708020792948078,0.0004630773555306944,-0.0029111674964482637,0.001711736402081332,-0.0749330590624481,0.292659720521249
659,2013-08-20,0.2913626187575112,0.2850961535449782,0.2905027117049628,0.2866349688548747,0.1959104113189185,-0.0013875572356950028,-0.007563566976270808,-0.0006129811127378315,-0.007002599498683704,0.06391366294400272,0.2850961535449782
660,2013-08-21,0.286892008883426,0.287257166288756,0.2906559645374632,0.2883467395168383,0.2260287343428133,-0.004470609874085207,0.002161012743777835,0.00015325283250039456,0.0017117706619635964,0.030118323023894777,0.287257166288756
661,2013-08-22,0.2845795689949582,0.2852505052058056,0.2875915699800134,0.2867905748656501,0.149496085521236,-0.002312439888467799,-0.002006661082950445,-0.003064394557449779,-0.0015561646511881855,-0.07653264882157729,0.2852505052058056
662,2013-08-23,0.2867378758931803,0.2897269047272371,0.2914220856818916,0.2894360232141871,0.2113468895408973,0.0021583068982221065,0.004476399521431529,0.003830515701878201,0.0026454483485369717,0.06185080401966131,0.2897269047272371
663,2013-08-26,0.2907460740255479,0.2884920690675692,0.2911156637040016,0.2900584815849353,0.1264666548178536,0.004008198132367635,-0.001234835659667921,-0.00030642197788999237,0.0006224583707482023,-0.08488023472304371,0.2884920690675692
664,2013-08-27,0.2868920511693062,0.2884920690675692,0.2892770384004917,0.2894360479687522,0.1139816964975102,-0.003854022856241701,0.0,-0.001838625303509922,-0.0006224336161830823,-0.012484958320343409,0.2884920690675692
665,2013-08-28,0.2836546960314636,0.2863310786968397,0.2865191087825394,0.2853901665350625,0.1835886169812915,-0.0032373551378426235,-0.0021609903707294764,-0.0027579296179522927,-0.004045881433689724,0.06960692048378131,0.2863310786968397
666,2013-08-29,0.2861211916792626,0.2866397148993495,0.2869786790379889,0.2881910741816879,0.1207238653547505,0.002466495647798994,0.00030863620250976,0.00045957025544951513,0.0028009076466253835,-0.062864751626541,0.2866397148993495
667,2013-08-30,0.2882795083162243,0.2843244623599861,0.2883577414462832,0.2863238384882928,0.1748389484081313,0.002158316636961699,-0.002315252539363377,0.0013790624082942737,-0.0018672356933950862,0.054115083053380794,0.2843244623599861
668,2013-09-02,0.2831921698894268,0.2838613402583586,0.2837611250112841,0.2847676870027946,0.1130172808139551,-0.005087338426797483,-0.0004631221016275222,-0.00459661643499909,-0.0015561514854982028,-0.061821667594176205,0.2838613402583586
669,2013-09-03,0.2875086479463998,0.2923509053343522,0.2912688376755563,0.2900584183416491,0.1952810645284415,0.004316478056972994,0.008489565075993633,0.0075077126642721925,0.005290731338854493,0.0822637837144864,0.2923509053343522
670,2013-09-04,0.2888961206480951,0.294357588790351,0.2932607039955715,0.291458946873056,0.1543735231474332,0.0013874727016953137,0.0020066834559988034,0.0019918663200152453,0.0014005285314069305,-0.0409075413810083,0.294357588790351
671,2013-09-05,0.2949084321905443,0.2954381399083367,0.2949461855982099,0.2969053993686963,0.1939961481645508,0.006012311542449189,0.0010805511179857175,0.0016854816026383723,0.005446452495640297,0.03962262501711761,0.2954381399083367
672,2013-09-06,0.2970665965847521,0.2932770824184621,0.2952525455465442,0.2942599475978321,0.1508276201659028,0.0021581643942077955,-0.002161057489874607,0.00030635994833427826,-0.0026454517708642267,-0.04316852799864801,0.2932770824184621
673,2013-09-09,0.2990706763127587,0.2983708214640583,0.2978572529224301,0.2976833825066277,0.2032469632560538,0.0020040797280065914,0.0050937390455961795,0.0026047073758859174,0.0034234349087955973,0.052419343090151005,0.2983708214640583
674,2013-09-10,0.2990706174186407,0.3025383834255446,0.3021473091128006,0.3012623515347485,0.2747594059665572,-5.889411797133093e-08,0.004167561961486321,0.004290056190370484,0.0035789690281208264,0.07151244271050339,0.3025383834255446
675,2013-09-11,0.3035413669709944,0.30222981434218,0.3018410149332243,0.3037522674573169,0.1570016287261846,0.004470749552353659,-0.0003085690833646293,-0.000306294179576283,0.0024899159225684198,-0.11775777724037259,0.30222981434218
676,2013-09-12,0.3023080113108957,0.3019209991552832,0.3013812657532131,0.3025072784833259,0.1197273996031618,-0.0012333556600986895,-0.00030881518689679366,-0.0004597491800111819,-0.0012449889739910014,-0.03727422912302279,0.3019209991552832
677,2013-09-13,0.2993790435427341,0.3020754403083042,0.3013813597718363,0.3020405404877047,0.2166468053366277,-0.0029289677681615944,0.00015444115302098993,9.401862316460452e-08,-0.00046673799562124696,0.0969194057334659,0.3020754403083042
678,2013-09-17,0.3036955198929666,0.3045451340006885,0.3036796142820531,0.3049971085860065,0.1892032061722603,0.004316476350232523,0.0024696936923843116,0.002298254510216813,0.002956568098301804,-0.027443599164367394,0.3045451340006885
679,2013-09-18,0.305237079173023,0.3062430022697905,0.3068971754159416,0.3081093003781122,0.227019372809305,0.0015415592800563926,0.0016978682691020097,0.0032175611338884913,0.0031121917921057007,0.03781616663704471,0.3062430022697905
680,2013-09-19,0.3095535438705266,0.3131890283644613,0.3108808344564678,0.3121551796538542,0.2834828517567808,0.004316464697503575,0.006946026094670765,0.003983659040526222,0.004045879275742015,0.056463478947475776,0.3131890283644613
681,2013-09-20,0.3129450452420168,0.316121777039328,0.3137919688600417,0.3157341671718355,0.214444091569958,0.003391501371490191,0.002932748674866703,0.0029111344035738784,0.0035789875179813024,-0.06903876018682278,0.316121777039328
682,2013-09-24,0.3149491313246407,0.3156587220568456,0.3147112952124066,0.317134677844804,0.2077427137083968,0.0020040860826239237,-0.0004630549824823915,0.0009193263523649131,0.0014005106729684802,-0.006701377861561192,0.3156587220568456
683,2013-09-25,0.3146408286851073,0.3158130960907214,0.3145580847805012,0.3172903348230547,0.1421303971586157,-0.00030830263953340875,0.00015437403387580373,-0.00015321043190541506,0.00015565697825070668,-0.06561231654978111,0.3158130960907214
684,2013-09-26,0.3129084087758244,0.3206693676007295,0.3183060438130431,0.3147473115925143,0.2257548519432539,-0.0017324199092829118,0.004856271510008114,0.0037479590325419365,-0.0025430232305403977,0.0836244547846382,0.3206693676007295
685,2013-09-27,0.3196359985326084,0.3180063483972261,0.3183061122497321,0.3204327309953819,0.1375414101447206,0.006727589756784003,-0.002663019203503425,6.843668898248723e-08,0.0056854194028675975,-0.0882134417985333,0.3180063483972261
686,2013-09-30,0.3116567225054061,0.3111134806655248,0.3108420581739167,0.3117466764373234,0.1876531483364558,-0.007979276027202276,-0.00689286773170128,-0.007464054075815407,-0.008686054558058487,0.0501117381917352,0.3111134806655248
687,2013-10-01,0.3108744967550276,0.3098602991061788,0.3109976306492368,0.3119046480493083,0.1375676329276571,-0.0007822257503785068,-0.001253181559346006,0.00015557247532010932,0.00015797161198488618,-0.050085515408798686,0.3098602991061788
688,2013-10-02,0.3088405552122932,0.3046906930534996,0.3091315984579412,0.3054296386523141,0.2062363605108198,-0.0020339415427343965,-0.005169606052679188,-0.001866032191295608,-0.006475009396994191,0.0686687275831627,0.3046906930534996
689,2013-10-03,0.3050856608672748,0.3048473715113594,0.3050886265220354,0.3063772030114262,0.1483481103571251,-0.0037548943450184114,0.0001566784578597713,-0.004042971935905804,0.0009475643591120853,-0.0578882501536947,0.3048473715113594
690,2013-10-04,0.3028952984959229,0.3039074573755394,0.3053996394098722,0.3033765881327754,0.1462502877222016,-0.002190362371351895,-0.0009399141358199525,0.0003110128878368035,-0.003000614878650776,-0.002097822634923502,0.3039074573755394
691,2013-10-07,0.3032082518334325,0.2982679725606195,0.3021342000386627,0.2980071352709177,0.1986812853825467,0.00031295333750958054,-0.005639484814919937,-0.0032654393712094887,-0.005369452861857693,0.05243099766034509,0.2982679725606195
692,2013-10-08,0.2977323209443072,0.2988945521537683,0.2980911973033445,0.2989546695116432,0.1324949812507102,-0.005475930889125291,0.0006265795931488238,-0.004043002735318213,0.0009475342407254672,-0.06618630413183652,0.2988945521537683
693,2013-10-09,0.2969500065529014,0.3034374443750084,0.3021341119499692,0.298164965110174,0.126093708571645,-0.0007823143914058028,0.004542892221240102,0.004042914646624707,-0.0007897044014691934,-0.006401272679065179,0.3034374443750084
694,2013-10-10,0.3030517334254673,0.3087636617664023,0.306954579000471,0.3052716661910221,0.1636330791665816,0.006101726872565938,0.005326217391393884,0.00482046705050182,0.007106701080848099,0.03753937059493659,0.3087636617664023
695,2013-10-11,0.3122825530125107,0.3142465799887043,0.3137965774945894,0.314273512390329,0.2296649602433474,0.00923081958704336,0.005482918222302013,0.006841998494118373,0.00900184619930694,0.0660318810767658,0.3142465799887043
696,2013-10-15,0.3161939695424371,0.3117401497508671,0.3150405914058787,0.313641858802917,0.1160940873451763,0.003911416529926437,-0.0025064302378371983,0.00124401391128931,-0.0006316535874120177,-0.1135708728981711,0.3117401497508671
697,2013-10-16,0.314316489943015,0.3106435571571874,0.3125525909364097,0.3112729337998597,0.1500059729672244,-0.0018774795994221383,-0.0010965925936797238,-0.0024880004694690094,-0.0023689250030572984,0.033911885622048096,0.3106435571571874
698,2013-10-17,0.3143165071893095,0.3147165706161868,0.3139520973758573,0.3145894054547337,0.1752730811478586,1.724629450361448e-08,0.004073013458999408,0.0013995064394475842,0.003316471654873976,0.025267108180634212,0.3147165706161868
699,2013-10-18,0.31415997229637,0.312679996767542,0.3128635538613297,0.3131680063843291,0.1292113060985452,-0.00015653489293948608,-0.002036573848644807,-0.0010885435145275846,-0.001421399070404561,-0.046061775049313414,0.312679996767542
700,2013-10-21,0.3136905793407829,0.3133065987337391,0.3131745020557195,0.3147472299838474,0.1115458913269602,-0.00046939295558706684,0.0006266019661971267,0.00031094819438981514,0.0015792235995182868,-0.017665414771584995,0.3133065987337391
701,2013-10-22,0.3132213108820661,0.3150298604127612,0.3130191067399191,0.3153790493763881,0.1207908791333661,-0.00046926845871680944,0.0017232616790220923,-0.00015539531580038846,0.0006318193925407001,0.009244987806405897,0.3150298604127612
702,2013-10-23,0.3152551740796016,0.3114267928351475,0.3141075285682361,0.3137997057041103,0.170150897547587,0.002033863197535457,-0.0036030675776136944,0.0010884218283169766,-0.0015793436722777998,0.0493600184142209,0.3114267928351475
703,2013-10-24,0.3079018786953389,0.311270181496433,0.3094426258685153,0.3081144165313179,0.1695681690378861,-0.007353295384262659,-0.0001566113387145296,-0.004664902699720808,-0.005685289172792429,-0.0005827285097008972,0.311270181496433
704,2013-10-25,0.3110309569995058,0.3065705660712363,0.3100646247669124,0.3082723469778471,0.1666428719191872,0.0031290783041668657,-0.0046996154251967015,0.0006219988983970914,0.00015793044652923083,-0.002925297118698905,0.3065705660712363
705,2013-10-28,0.3082147041010351,0.3115834041738622,0.3095980506898044,0.310483219445266,0.102131912252741,-0.002816252898470706,0.005012838102625927,-0.00046657407710798404,0.0022108724674189117,-0.0645109596664462,0.3115834041738622
706,2013-10-29,0.3082147640626321,0.310486901072376,0.3102200966108057,0.310957059028487,0.0969223193760143,5.996159702092996e-08,-0.0010965031014862348,0.0006220459210012907,0.00047383958322100295,-0.005209592876726704,0.310486901072376
707,2013-10-30,0.3127518824257765,0.3123667069709676,0.311308544792529,0.3141155623361292,0.1491085710622849,0.00453711836314441,0.0018798058985916022,0.0010884481817233227,0.0031585033076421687,0.0521862516862706,0.3123667069709676
708,2013-10-31,0.3130648344067847,0.310486901072376,0.3116195857684484,0.3128521757496706,0.1075367191802175,0.00031295198100816934,-0.0018798058985916022,0.0003110409759193855,-0.0012633865864585814,-0.0415718518820674,0.310486901072376
709,2013-11-01,0.3121261049987511,0.309703620648319,0.3106865887489842,0.3096936629250283,0.1552009976312086,-0.0009387294080335784,-0.0007832804240569535,-0.000932997019464199,-0.003158512824642301,0.047664278450991096,0.309703620648319
710,2013-11-05,0.3093099843698599,0.3095470316826528,0.3095981614932734,0.3084302967546163,0.1792472895840192,-0.0028161206288911944,-0.0001565889656662267,-0.0010884272557107888,-0.0012633661704120058,0.024046291952810606,0.3095470316826528
711,2013-11-06,0.3063373095930929,0.309703620648319,0.3089760925332467,0.3092198837512099,0.1564392957143231,-0.0029726747767669925,0.0001565889656662267,-0.0006220689600267004,0.0007895869965935942,-0.02280799386969609,0.309703620648319
712,2013-11-07,0.3088405645686502,0.3082937382580649,0.3086651114473625,0.3090619355972879,0.1283809179722213,0.002503254975557312,-0.0014098823902541358,-0.0003109810858842321,-0.00015794815392200512,-0.02805837774210182,0.3082937382580649
713,2013-11-08,0.3050857223958292,0.3078238371227758,0.3061771703117498,0.3073248233215717,0.1218077403827943,-0.0037548421728210157,-0.00046990113528910804,-0.0024879411356126813,-0.0017371122757162127,-0.006573177589426993,0.3078238371227758
714,2013-11-11,0.310561576722381,0.3093903084786962,0.3095981107292435,0.3106412253278219,0.0969689376567903,0.005475854326551788,0.001566471355920418,0.0034209404174936897,0.0033164020062502186,-0.024838802726004,0.3093903084786962
715,2013-11-12,0.3089969545693616,0.3133065987337391,0.3109975383355894,0.3117466387434118,0.1789996299673963,-0.0015646221530193904,0.00391629025504292,0.0013994276063459266,0.0011054134155898954,0.082030692310606,0.3133065987337391
716,2013-11-13,0.3122825586351299,0.3122100732592046,0.3122415761862021,0.3131680429170962,0.1355747014244798,0.0032856040657682772,-0.0010965254745345376,0.001244037850612667,0.0014214041736844152,-0.04342492854291649,0.3122100732592046
717,2013-11-14,0.3118131111094221,0.312993264191068,0.3119305125924325,0.3137996533718494,0.142270252000944,-0.0004694475257077668,0.0007831909318634089,-0.00031106359376958936,0.0006316104547531842,0.006695550576464204,0.312993264191068
718,2013-11-15,0.3144729194458189,0.3148731819549015,0.3134855686484205,0.316642406501664,0.2442156911305807,0.002659808336396785,0.0018799177638335052,0.0015550560559879911,0.002842753129814579,0.10194543912963669,0.3148731819549015
719,2013-11-18,0.3158809442218736,0.3156563952598133,0.3144184987806153,0.3171161225089325,0.1633125784862461,0.0014080247760547282,0.0007832133049118228,0.0009329301321948091,0.000473716007268532,-0.08090311264433458,0.3156563952598133
720,2013-11-19,0.3144729335406241,0.3144032360735156,0.3130190862961463,0.315852807975989,0.131795707039069,-0.0014080106812495163,-0.0012531591862977032,-0.0013994124844690092,-0.0012633145329434825,-0.0315168714471771,0.3144032360735156
721,2013-11-20,0.3150987082877246,0.3145598474122303,0.3133300610844137,0.3155369130065518,0.1124403795893512,0.000625774747100516,0.00015661133871469612,0.0003109747882674152,-0.00031589496943723594,-0.01935532744971781,0.3145598474122303
722,2013-11-21,0.3144729359382678,0.3158131184637698,0.3141075708067044,0.3168003687863887,0.1878308805319145,-0.0006257723494568213,0.0012532710515394951,0.0007775097222906813,0.0012634557798368862,0.07539050094256329,0.3158131184637698
723,2013-11-22,0.3166633042452532,0.3158131184637698,0.3165955706225321,0.3169582855476986,0.2525137451087226,0.0021903683069853797,0.0,0.0024879998158277017,0.0001579167613099397,0.06468286457680811,0.3158131184637698
724,2013-11-25,0.3171327403497946,0.3180063483972261,0.3164401261916532,0.3193272555755796,0.1371131046900904,0.0004694361045414208,0.0021932299334562755,-0.0001554444308788927,0.002368970027881001,-0.11540064041863221,0.3180063483972261
725,2013-11-26,0.3158809649235259,0.3162830195990588,0.3155070013078494,0.3179057847855013,0.1345694947452456,-0.0012517754262686975,-0.0017233287981672785,-0.0009331248838037598,-0.0014214707900783163,-0.002543609944844788,0.3162830195990588
726,2013-11-27,0.3155681252721847,0.311270181496433,0.3136410937854519,0.3133259880657221,0.209671545075507,-0.0003128396513412124,-0.005012838102625816,-0.0018659075223975141,-0.0045797967197792055,0.0751020503302614,0.311270181496433
727,2013-11-28,0.3132212181120983,0.3115834041738622,0.312397028460563,0.3130100605267177,0.1841800864186379,-0.0023469071600863978,0.0003132226774292257,-0.00124406532488891,-0.0003159275390043903,-0.02549145865686911,0.3115834041738622
728,2013-11-29,0.3132212139932384,0.3156563952598133,0.3134855062026312,0.3139576145744233,0.2390527165346301,-4.1188599197994336e-09,0.004072991085951105,0.0010884777420682168,0.0009475540477055788,0.054872630115992194,0.3156563952598133
729,2013-12-02,0.3171326459222658,0.3140899015308445,0.3169065283459715,0.3160107063055118,0.1733471634232969,0.003911431929027431,-0.0015664937289688319,0.00342102214334028,0.00205309173108853,-0.06570555311133319,0.3140899015308445
730,2013-12-03,0.3157245374819352,0.3134632771915989,0.3137965508567428,0.3158527687858524,0.154233668305105,-0.0014081084403306243,-0.0006266243392455961,-0.003109977489228699,-0.0001579375196594235,-0.01911349511819191,0.3134632771915989
731,2013-12-04,0.31103099217634,0.3078238371227758,0.3097536527002886,0.3103254156660474,0.235122212736697,-0.0046935453055951815,-0.0056394400688231094,-0.0040428981564542,-0.005527353119805012,0.08088854443159202,0.3078238371227758
732,2013-12-05,0.3075889574666879,0.3057873303932761,0.3064881546819331,0.307956496490209,0.1711123995885936,-0.0034420347096520976,-0.0020365067294996764,-0.003265498018355517,-0.0023689191758383688,-0.06400981314810342,0.3057873303932761
733,2013-12-06,0.3061808494815417,0.3061005978168021,0.3044666596142397,0.3068510010857838,0.1647956225434351,-0.0014081079851462341,0.000313267423525998,-0.0020214950676933907,-0.0011054954044252274,-0.006316777045158484,0.3061005978168021
734,2013-12-09,0.3113438046002718,0.3111134806655248,0.3094425691249006,0.3114308140359142,0.1618411889992512,0.005162955118730106,0.0050128828487226995,0.004975909510660903,0.004579812950130435,-0.0029544335441838987,0.3111134806655248
735,2013-12-10,0.3110308471691211,0.3128366081062566,0.3108419900416795,0.3136417242655105,0.1484238650633862,-0.0003129574311506733,0.0017231274407317754,0.0013994209167789151,0.002210910229596297,-0.013417323935865005,0.3128366081062566
736,2013-12-11,0.3118131456949845,0.3131499426489277,0.3113085331191031,0.3137996881777543,0.1866799917252551,0.0007822985258633675,0.0003133345426711287,0.000466543077423609,0.00015796391224376372,0.038256126661868894,0.3131499426489277
737,2013-12-12,0.3111874170350758,0.311270181496433,0.3106866258533167,0.3126942920642514,0.1963328894884518,-0.0006257286599086753,-0.0018797611524947189,-0.0006219072657864255,-0.0011053961135028545,0.009652897763196694,0.311270181496433
738,2013-12-13,0.3099357467096573,0.3084503943428763,0.3091316201742189,0.3087461144311062,0.3182833983561228,-0.001251670325418508,-0.0028197871535566854,-0.0015550056790977762,-0.0039481776331452,0.121950508867671,0.3084503943428763
739,2013-12-16,0.3061807574933691,0.3020275396117059,0.3046220574033242,0.3041661512966508,0.2475285027082307,-0.003754989216288196,-0.00642285473117038,-0.004509562770894704,-0.0045799631344554115,-0.07075489564789209,0.3020275396117059
740,2013-12-17,0.3036775729752527,0.3037507789176796,0.3032226408125786,0.3044820861243101,0.1599793714107565,-0.0025031845181163748,0.0017232393059736784,-0.0013994165907456058,0.00031593482765929215,-0.08754913129747421,0.3037507789176796
741,2013-12-18,0.3035211268221272,0.3054739734775565,0.3043111213314706,0.3060613388373462,0.1946342358826734,-0.00015644615312554455,0.001723194559876906,0.0010884805188919877,0.0015792527130361056,0.0346548644719169,0.3054739734775565
742,2013-12-19,0.308214773111073,0.3061005978168021,0.3067991416121203,0.3074826970389947,0.227960479352472,0.0046936462889458075,0.0006266243392455961,0.0024880202806497054,0.001421358201648515,0.033326243469798594,0.3061005978168021
743,2013-12-20,0.3047727118468425,0.3081370598002051,0.3060215880351427,0.3074826467130716,0.2442739639815508,-0.003442061264230467,0.002036461983403015,-0.0007775535769776187,-5.0325923151017804e-08,0.016313484629078806,0.3081370598002051
744,2013-12-24,0.3085277198415407,0.30735389124139,0.3074211845541321,0.308904092131157,0.2232199829260546,0.0037550079946981896,-0.000783168558815106,0.00139959651898941,0.0014214454180854208,-0.02105398105549619,0.30735389124139
745,2013-12-25,0.3064937467719863,0.3054739734775565,0.3049331354707881,0.3066930347480004,0.2222992718807271,-0.0020339730695543845,-0.0018799177638335052,-0.0024880490833439906,-0.0022110573831565783,-0.0009207110453275102,0.3054739734775565
746,2013-12-26,0.3068067083331276,0.3092336971399816,0.3092871360790737,0.3084302785233487,0.2276108422466514,0.0003129615611413006,0.0037597236624251074,0.004354000608285613,0.001737243775348285,0.005311570365924306,0.3092336971399816
747,2013-12-27,0.3099358222489595,0.3100170223101354,0.3085096811916253,0.3111150862025212,0.1772106534426143,0.0031291139158318715,0.0007833251701537813,-0.0007774548874484033,0.0026848076791725073,-0.0504001888040371,0.3100170223101354
748,2013-12-30,0.3116567946057267,0.3159697969216296,0.3141076052889251,0.3141156448240961,0.2613071183201103,0.0017209723567672142,0.005952774611494183,0.005597924097299811,0.003000558621574889,0.08409646487749597,0.3159697969216296
749,2014-01-06,0.3154115454601549,0.3161263187681506,0.3151959658224182,0.3172740316445226,0.2279022065015019,0.0037547508544281682,0.0001565218465210405,0.0010883605334930935,0.0031583868204265175,-0.033404911818608385,0.3161263187681506
750,2014-01-07,0.3138470830463282,0.312679996767542,0.3131745324385614,0.3134838687781904,0.2318909831504051,-0.0015644624138266838,-0.003446322000608626,-0.0020214333838567966,-0.003790162866332214,0.003988776648903208,0.312679996767542
751,2014-01-08,0.3135342451756407,0.3159697969216296,0.3136411088313313,0.3150632033303528,0.1704306072322435,-0.0003128378706874768,0.0032898001540875854,0.0004665763927698685,0.0015793345521624147,-0.061460375918161614,0.3159697969216296
752,2014-01-09,0.3143163966054899,0.312993264191068,0.312863505124142,0.3142734324302454,0.1799028591574328,0.000782151429849165,-0.0029765327305615874,-0.0007776037071892672,-0.0007897709001074005,0.009472251925189301,0.312993264191068
753,2014-01-10,0.3113437948681102,0.3123667069709676,0.3105310698824968,0.3134838664702407,0.1642565986719617,-0.0029726017373796765,-0.0006265572201004099,-0.0023324352416452254,-0.0007895659600047344,-0.015646260485471075,0.3123667069709676
754,2014-01-14,0.3097792896889196,0.3082937382580649,0.3078876079968813,0.3095357147672976,0.2164078866476503,-0.0015645051791906006,-0.0040729687129026915,-0.0026434618856154835,-0.0039481517029431035,0.052151287975688576,0.3082937382580649
755,2014-01-15,0.312595501299019,0.3136199780225071,0.3114641258199738,0.3136418469170715,0.1648451544667597,0.002816211610099373,0.005326239764442187,0.0035765178230924843,0.0041061321497739,-0.05156273218089058,0.3136199780225071
756,2014-01-16,0.3136906074642206,0.3123667069709676,0.3131745301328892,0.314431424727665,0.1500817276734855,0.0010951061652016425,-0.0012532710515394951,0.0017104043129154145,0.0007895778105935225,-0.01476342679327422,0.3123667069709676
757,2014-01-17,0.3127519482640372,0.3150298604127612,0.3131745960601227,0.3147473244603304,0.1723273885313202,-0.0009386592001834337,0.002663153441793631,6.592723350573593e-08,0.0003158997326653812,0.02224566085783472,0.3150298604127612
758,2014-01-20,0.314160127264692,0.316439832295209,0.3148851838300202,0.3164846164246721,0.17402312849455,0.001408179000654819,0.0014099718824477914,0.0017105877698974647,0.0017372919643417473,0.0016957399632298031,0.316439832295209
759,2014-01-21,0.3163503654397274,0.3140899015308445,0.3155070392191159,0.3164844854753852,0.1399364243195916,0.002190238175035386,-0.002349930764364516,0.0006218553890957046,-1.3094928691392838e-07,-0.034086704174958404,0.3140899015308445
760,2014-01-22,0.313690673500095,0.3150298604127612,0.3133301138530089,0.3158528286048367,0.1428675487233875,-0.0026596919396323915,0.0009399588819167248,-0.0021769253661069743,-0.0006316568705485026,0.002931124403795893,0.3150298604127612
761,2014-01-23,0.315568059864403,0.312679996767542,0.313641028777086,0.3149052061747909,0.1757742276662014,0.001877386364308009,-0.002349863645219219,0.0003109149240770881,-0.0009476224300458136,0.032906678942813905,0.312679996767542
762,2014-01-24,0.3097792557632647,0.3101735441566564,0.3089760562117195,0.311272880607165,0.2163146500860981,-0.005788804101138301,-0.0025064526108856122,-0.004664972565366521,-0.0036323255676258825,0.04054042241989669,0.3101735441566564
763,2014-01-27,0.3044598526912274,0.3017142945612283,0.3029116329872711,0.3040083062028305,0.2561354027965141,-0.005319403072037321,-0.008459249595428098,-0.00606442322444839,-0.007264574404334534,0.03982075271041599,0.3017142945612283
764,2014-01-28,0.3035211207222791,0.2995211317469171,0.301823144126513,0.3019552370567527,0.1705821166447657,-0.0009387319689482809,-0.0021931628143112003,-0.0010884888607580745,-0.0020530691460777795,-0.0855532861517484,0.2995211317469171
765,2014-01-29,0.3053986258473902,0.3051607060540305,0.3036891842069198,0.3044821332709523,0.1617013341569229,0.0018775051251110897,0.005639574307113426,0.0018660400804068056,0.002526896214199603,-0.008880782487842798,0.3051607060540305
766,2014-01-30,0.2986711497901641,0.2984246957645761,0.2974693148658395,0.2995864694623431,0.254905845641045,-0.006727476057226067,-0.006736010289454419,-0.00621986934108032,-0.00489566380860923,0.09320451148412212,0.2984246957645761
767,2014-01-31,0.301017877344192,0.2981112941027597,0.2991796976255929,0.2995863837068585,0.2211396421464222,0.002346727554027872,-0.0003134016618163704,0.0017103827597533816,-8.57554846023234e-08,-0.03376620349462281,0.2981112941027597
768,2014-02-03,0.2972629712004613,0.2932550449658001,0.2960697351953524,0.2945327527540104,0.2076465635042961,-0.0037549061437306963,-0.0048562491369595895,-0.003109962430240476,-0.005053630952848054,-0.013493078642126094,0.2932550449658001
769,2014-02-04,0.2878756749531869,0.276806402164136,0.2862732664703405,0.2790559126723745,0.4852292891003545,-0.009387296247274413,-0.016448642801664137,-0.009796468725011886,-0.015476840081635912,0.2775827255960584,0.276806402164136
770,2014-02-05,0.2847467032616941,0.2871456142694945,0.2865843383875984,0.2820565961060177,0.3111129240442524,-0.003128971691492788,0.010339212105358486,0.00031107191725787686,0.003000683433643181,-0.17411636505610212,0.2871456142694945
771,2014-02-06,0.2910047711094246,0.3004610458827371,0.3002681599948442,0.2921638149065386,0.4385294263329186,0.006258067847730475,0.013315431613242612,0.013683821607245794,0.0101072188005209,0.1274165022886662,0.3004610458827371
772,2014-02-07,0.3002355492686421,0.3062572091555167,0.3041555918287191,0.3024289823113855,0.2754965575313289,0.009230778159217523,0.0057961632727795975,0.0038874318338749103,0.010265167404846898,-0.16303286880158968,0.3062572091555167
773,2014-02-10,0.3082147814189699,0.3065705660712363,0.3069546391950153,0.3060613677062317,0.1720942971274398,0.007979232150327809,0.0003133569157195981,0.0027990473662962145,0.003632385394846227,-0.10340226040388911,0.3065705660712363
774,2014-02-12,0.3075889404031222,0.3106435571571874,0.3105311160083116,0.3089040378044271,0.2746836512602961,-0.0006258410158477279,0.004072991085951105,0.0035764768132963143,0.002842670098195388,0.1025893541328563,0.3106435571571874
775,2014-02-13,0.3097793856328519,0.3053174292579871,0.3089761857445792,0.3060614386187091,0.2514415246508727,0.0021904452297297206,-0.005326127899200284,-0.0015549302637324347,-0.0028425991857179977,-0.023242126609423375,0.3053174292579871
776,2014-02-14,0.3044598675840735,0.3032808330362938,0.3050886404585916,0.301639425140333,0.2354077497064505,-0.005319518048778393,-0.002036596221693332,-0.0038875452859876147,-0.004422013478376119,-0.016033774944422208,0.3032808330362938
777,2014-02-17,0.3050857025133326,0.3092336971399816,0.30742115034104,0.3044821279150572,0.1948207090057777,0.0006258349292591059,0.005952864103687838,0.0023325098824484303,0.002842702774724204,-0.040587040700672816,0.3092336971399816
778,2014-02-18,0.3079018868217103,0.3117401497508671,0.3109976411757645,0.3106412665702506,0.2694128718900508,0.0028161843083777116,0.002506452610885501,0.0035764908347244995,0.006159138655193408,0.07459216288427312,0.3117401497508671
779,2014-02-19,0.3094663331868747,0.3131499426489277,0.3108420368015058,0.3115887382714593,0.1528322062392741,0.0015644463651643958,0.0014097928980605912,-0.000155604374258711,0.0009474717012086797,-0.11658066565077671,0.3131499426489277
780,2014-02-20,0.3110309569995058,0.3065705660712363,0.3095981283547619,0.3077985677708715,0.2437203718973349,0.0015646238126310608,-0.00657937657769142,-0.00124390844674388,-0.003790170500587775,0.0908881656580608,0.3065705660712363
781,2014-02-21,0.3091534938839996,0.3122100732592046,0.3102201013076721,0.311588788597928,0.1888011235005667,-0.0018774631155061838,0.005639507187968296,0.0006219729529101659,0.0037902208270564897,-0.054919248396768205,0.3122100732592046
782,2014-02-24,0.3121261688056552,0.3120534842935383,0.3123971488270212,0.3109571183450058,0.2118480360592401,0.0029726749216555937,-0.00015658896566628222,0.002177047519349107,-0.0006316702529222118,0.023046912558673416,0.3120534842935383
783,2014-02-25,0.3135342265281452,0.3136199780225071,0.3122416008879335,0.3152211013611761,0.1742678744686244,0.0014080577224900304,0.0015664937289687764,-0.00015554793908767461,0.004263983016170314,-0.037580161590615696,0.3136199780225071
784,2014-02-26,0.3108744460861302,0.310800168495902,0.3113085585489541,0.3130101011731432,0.153033247575121,-0.002659780442015036,-0.0028198095266050993,-0.0009330423389793951,-0.0022110001880328856,-0.021234626893503417,0.310800168495902
785,2014-02-27,0.3089971173403495,0.3075105696992498,0.3075767085592715,0.3089041269479978,0.1856689577609239,-0.0018773287457806709,-0.0032895987966521933,-0.003731849989682623,-0.0041059742251454145,0.03263571018580291,0.3075105696992498
786,2014-02-28,0.3061808654459575,0.3050040499692191,0.3052441505473212,0.3052717337439892,0.2268766043244282,-0.0028162518943919967,-0.0025065197300306874,-0.002332558011950314,-0.0036323932040085993,0.041207646563504285,0.3050040499692191
787,2014-03-03,0.301956581410349,0.3032808330362938,0.3013566693214835,0.3006918667670306,0.2089023434427017,-0.004224284035608539,-0.00172321693292532,-0.003887481225837708,-0.004579866976958613,-0.01797426088172649,0.3032808330362938
788,2014-03-04,0.2999226660572359,0.3026542086970482,0.3029116271974193,0.3025869629287563,0.1445021021930987,-0.0020339153531130916,-0.0006266243392455961,0.0015549578759358473,0.001895096161725729,-0.064400241249603,0.3026542086970482
789,2014-03-05,0.305555058183728,0.3050040499692191,0.3055551576541482,0.3074827130712895,0.171939874072369,0.005632392126492136,0.002349841272170916,0.002643530456728882,0.004895750142533184,0.027437771879270295,0.3050040499692191
790,2014-03-06,0.3068067283277825,0.3078238371227758,0.3069546739108282,0.307166877623258,0.2157231806487516,0.001251670144054473,0.0028197871535566854,0.0013995162566800001,-0.00031583544803148733,0.0437833065763826,0.3078238371227758
791,2014-03-07,0.3102486894822833,0.3098602991061788,0.3086651484905492,0.3109570895955715,0.164125484757279,0.0034419611545007944,0.002036461983403015,0.0017104745797210108,0.0037902119723134953,-0.05159769589147259,0.3098602991061788
792,2014-03-10,0.3075889232868892,0.3076671362918677,0.3061771135479484,0.3062192623305246,0.2577175107003522,-0.0026597661953940976,-0.0021931628143110893,-0.002488034942600803,-0.004737827265046901,0.0935920259430732,0.3076671362918677
793,2014-03-11,0.3066502028736773,0.3093903084786962,0.3080431037954814,0.3081143837563473,0.1915778248492918,-0.0009387204132119131,0.0017231721868284922,0.0018659902475329782,0.00189512142582271,-0.06613968585106039,0.3093903084786962
794,2014-03-12,0.3035211399773304,0.3018709506460397,0.3032226524389493,0.3032186770057187,0.2222118626042719,-0.0031290628963469014,-0.007519357832656504,-0.004820451356532085,-0.0048957067506286145,0.03063403775498008,0.3018709506460397
795,2014-03-13,0.3007049032905806,0.3009309693910745,0.3004236129162511,0.3024289737943282,0.1524184689973864,-0.0028162366867497957,-0.0009399812549651942,-0.002799039522698221,-0.0007897032113904912,-0.0697933936068855,0.3009309693910745
796,2014-03-14,0.2938209760004525,0.2930983888809887,0.2942037371725368,0.2946906571417009,0.3576292273311325,-0.0068839272901281,-0.007832580510085785,-0.006219875743714298,-0.007738316652627308,0.2052107583337461,0.2930983888809887
797,2014-03-17,0.292725795445747,0.2912185382363004,0.2910937410146937,0.2916900545251831,0.1839178585892725,-0.0010951805547054771,-0.001879850644688319,-0.0031099961578430757,-0.0030006026165178,-0.17371136874186,0.2912185382363004
798,2014-03-18,0.2961677630569221,0.2954481630340144,0.2963806755070885,0.2965857480205195,0.1431501720505925,0.0034419676111751007,0.004229624797713993,0.0052869344923948125,0.004895693495336417,-0.040767686538680015,0.2954481630340144
799,2014-03-19,0.2975759099655271,0.2938816693050456,0.2966917416797501,0.2951644693766003,0.1765783930095888,0.001408146908604968,-0.0015664937289687764,0.0003110661726615782,-0.0014212786439192215,0.03342822095899631,0.2938816693050456
800,2014-03-20,0.2941338813575404,0.2918451402024976,0.2943592138912269,0.2937430861955572,0.2144207824295699,-0.003442028607986647,-0.0020365291025480348,-0.00233252778852322,-0.0014213831810430677,0.03784238941998111,0.2918451402024976
801,2014-03-24,0.2941338556752976,0.2941949143555233,0.2951366915739926,0.295006481199605,0.185386334433719,-2.5682242832392177e-08,0.00234977415302573,0.0007774776827657037,0.0012633950040477626,-0.02903444799585092,0.2941949143555233
802,2014-03-25,0.2914740654588387,0.2952914174570095,0.2945146171359747,0.2940588626919506,0.1448109483032402,-0.0026597902164589016,0.0010965031014861792,-0.0006220744380178722,-0.0009476185076544019,-0.040575386130478786,0.2952914174570095
803,2014-03-26,0.2949160920744614,0.296388054796786,0.2954476547522388,0.296585719870131,0.1938300705392861,0.0034420266156227064,0.0010966373397764961,0.0009330376162640652,0.0025268571781804083,0.0490191222360459,0.296388054796786
804,2014-03-27,0.2950533315865211,0.2981465764000673,0.2962665973828764,0.293317163953771,0.2019562196070661,0.00013723951205968365,0.0017585216032813267,0.0008189426306376424,-0.003268555916359994,0.008126149067780003,0.2981465764000673
805,2014-03-28,0.2974482547548103,0.3003846642955411,0.2981708381733349,0.2962181125628237,0.1619548210586429,0.002394923168289209,0.002238087895473806,0.001904240790458478,0.0029009486090527115,-0.04000139854842322,0.3003846642955411
806,2014-03-31,0.3019187008743498,0.3062996060822116,0.3046769209131942,0.3047596967887838,0.1917409888320081,0.004470446119539506,0.005914941786670458,0.006506082739859309,0.008541584225960075,0.029786167773365207,0.3062996060822116
807,2014-04-01,0.3057505582310178,0.3067791947474526,0.3054703564909572,0.3066936521907653,0.141999283243933,0.0038318573566680225,0.0004795886652410042,0.0007934355777630131,0.0019339554019814909,-0.049741705588075114,0.3067791947474526
808,2014-04-02,0.3070278795113509,0.3070989279819626,0.3084854034839705,0.3078218392348896,0.1861409678537817,0.001277321280333088,0.00031973323451001123,0.003015046993013304,0.001128187044124318,0.044141684609848714,0.3070989279819626
809,2014-04-03,0.308943866397895,0.3085377610968306,0.308326783431001,0.3095946718374838,0.1557167123622939,0.0019159868865440965,0.0014388331148680322,-0.00015862005296951587,0.0017728326025941987,-0.030424255491487806,0.3085377610968306
810,2014-04-04,0.3055909972992305,0.306939139670377,0.3061051807293685,0.3083053953451453,0.134484999111339,-0.0033528690986645016,-0.001598621426453617,-0.002221602701632519,-0.0012892764923385092,-0.02123171325095491,0.306939139670377
811,2014-04-07,0.303196064881339,0.3007044199030996,0.302931433588665,0.3020200082222052,0.1655589968911434,-0.0023949324178915155,-0.006234719767277408,-0.003173747140703509,-0.006285387122940078,0.031073997779804408,0.3007044199030996
812,2014-04-08,0.300481875801317,0.2992656986534736,0.299281732416608,0.2994414318812631,0.1522494777295731,-0.002714189080021967,-0.0014387212496260182,-0.003649701172056985,-0.002578576340942107,-0.013309519161570305,0.2992656986534736
813,2014-04-09,0.2966499538070523,0.2925513454748585,0.2953145048054165,0.2926725139140905,0.2457278716132547,-0.003831921994264742,-0.006714353178615073,-0.003967227611191504,-0.006768917967172605,0.09347839388368162,0.2925513454748585
814,2014-04-10,0.296011347299964,0.2951091889778908,0.2976948212735233,0.2968627965859696,0.1347035223024769,-0.0006386065070883018,0.0025578435030322866,0.0023803164681068245,0.0041902826718790975,-0.11102434931077781,0.2951091889778908
815,2014-04-11,0.2881879625954039,0.292871101082417,0.292458175656388,0.2908997549486152,0.1654104011211696,-0.007823384704560066,-0.002238087895473806,-0.005236645617135327,-0.005963041637354394,0.03070687881869269,0.292871101082417
816,2014-04-14,0.2907424811672288,0.2907928014985289,0.291823395079506,0.2926724848638311,0.151879445125913,0.002554518571824871,-0.00207829958388811,-0.0006347805768819881,0.001772729915215876,-0.013530955995256583,0.2907928014985289
817,2014-04-15,0.2929778314596036,0.2904731801292607,0.2916648065403599,0.2920279294266195,0.1269561467660024,0.002235350292374816,-0.00031962136926816376,-0.00015858853914607618,-0.0006445554372115914,-0.02492329835991061,0.2904731801292607
818,2014-04-16,0.2909021770549685,0.2965479549736137,0.2945211105948574,0.2925113764223586,0.2205656545643667,-0.0020756544046350855,0.006074774844352981,0.002856304054497494,0.00048344699573910077,0.0936095077983643,0.2965479549736137
819,2014-04-17,0.2953726389201003,0.2960682991892275,0.2965839546043091,0.297185058122337,0.1282556313426356,0.004470461865131781,-0.0004796557843861904,0.00206284400945167,0.004673681699978394,-0.0923100232217311,0.2960682991892275
820,2014-04-18,0.2968096380784072,0.2949493111741116,0.2953145086612833,0.2962181297030894,0.0833097813893995,0.0014369991583069175,-0.001118988015115896,-0.0012694459430258043,-0.0009669284192475591,-0.0449458499532361,0.2949493111741116
821,2014-04-21,0.2940953415223882,0.2931907448247335,0.2942036654361547,0.2947676086389029,0.1171750487306716,-0.0027142965560190135,-0.001758566349378099,-0.001110843225128555,-0.0014505210641865274,0.0338652673412721,0.2931907448247335
822,2014-04-22,0.2936164186119183,0.2912724349098666,0.2927755518623578,0.2934783524409862,0.1261461541375181,-0.0004789229104699144,-0.0019183099148669114,-0.0014281135737969075,-0.0012892561979166994,0.008971105406846494,0.2912724349098666
823,2014-04-23,0.2936163868270337,0.2947894333703323,0.2927755201684996,0.2954122799505934,0.1158755641540384,-3.1784884557684023e-08,0.0035169984604657145,-3.1693858204562275e-08,0.0019339275096071917,-0.010270589983479697,0.2947894333703323
824,2014-04-24,0.2928180483632215,0.2927111561594926,0.2924581144339188,0.2934782963750104,0.1282206676320535,-0.0007983384638122204,-0.0020782772108396963,-0.00031740573458083343,-0.0019339835755829982,0.01234510347801511,0.2927111561594926
825,2014-04-25,0.2926584972751377,0.2970275883849514,0.2964253827831273,0.2952512030067463,0.1574503296786543,-0.00015955108808379803,0.0043164322254587995,0.003967268349208519,0.0017729066317359043,0.029229662046600796,0.2970275883849514
826,2014-04-28,0.2932970424513881,0.2941499445282638,0.2930928888607226,0.294767623789944,0.1094451550494882,0.0006385451762503935,-0.002877643856687595,-0.0033324939224047,-0.0004835792168023101,-0.048005174629166106,0.2941499445282638
827,2014-04-30,0.2947340954377115,0.2922316793594936,0.293251669548796,0.2941230558237859,0.1188066885578343,0.001437052986323406,-0.0019182651687701946,0.00015878068807340107,-0.0006445679661580828,0.009361533508346107,0.2922316793594936
828,2014-05-01,0.2921794867024406,0.2971874438156822,0.2962666493019296,0.2949288385166844,0.1444263474868376,-0.0025546087352709135,0.0049557644561885605,0.0030149797531335842,0.0008057826928984935,0.02561965892900331,0.2971874438156822
829,2014-05-02,0.2961710233295326,0.2973473216194615,0.295473262223325,0.2976686478964291,0.1140516239186744,0.003991536627092007,0.00015987780377929584,-0.0007933870786046016,0.0027398093797447176,-0.030374723568163203,0.2973473216194615
830,2014-05-07,0.2956919590204255,0.2907928014985289,0.2938863022706681,0.2926724848638311,0.2466311008032912,-0.0004790643091071023,-0.006554520120932605,-0.0015869599526568967,-0.004996163032598033,0.1325794768846168,0.2907928014985289
831,2014-05-08,0.2947339812033879,0.3098166269157258,0.3110243677726509,0.2960569009605135,0.5572836693248799,-0.000957977817037603,0.019023825417196938,0.017138065501982824,0.003384416096682441,0.31065256852158873,0.3098166269157258
832,2014-05-09,0.3111791502576134,0.3112554824036422,0.3111831516148292,0.3115286526859913,0.3538240101627852,0.016445169054225495,0.0014388554879163906,0.00015878384217826724,0.015471751725477767,-0.20345965916209474,0.3112554824036422
833,2014-05-12,0.3111791527769519,0.3134935926721644,0.3127700039309241,0.3124956350272326,0.2640838196688354,2.5193385155830583e-09,0.00223811026852222,0.0015868523160949,0.0009669823412413181,-0.08974019049394982,0.3134935926721644
834,2014-05-13,0.315330303350594,0.315571802763859,0.3138807819580502,0.3171693665851993,0.2211746058570042,0.004151150573642071,0.0020782100916945656,0.0011107780271261136,0.004673731557966687,-0.04290921381183119,0.315571802763859
835,2014-05-14,0.3159689256970739,0.3179697237170153,0.3156262962251816,0.3186197950915627,0.1915312065685157,0.0006386223464799334,0.0023979209531563295,0.0017455142671314317,0.0014504285063633993,-0.029643399288488498,0.3179697237170153
836,2014-05-15,0.3151706104004939,0.3178098682862844,0.3157849713937042,0.3176528143672552,0.1546590601171867,-0.0007983152965800322,-0.00015985543073093744,0.0001586751685225818,-0.000966980724307509,-0.036872146451328996,0.3178098682862844
837,2014-05-16,0.3135741108101029,0.3163711917827552,0.314515603335842,0.3155578018967814,0.1717825373747498,-0.0015964995903909873,-0.0014386765035291904,-0.001269368057862208,-0.0020950124704737783,0.017123477257563108,0.3163711917827552
838,2014-05-19,0.3153302958986184,0.3136534257298469,0.313563422036323,0.3158800429153723,0.1589013236678098,0.001756185088515494,-0.002717766052908299,-0.0009521812995190171,0.0003222410185909075,-0.012881213706940009,0.3136534257298469
839,2014-05-20,0.3132547546608711,0.3141330591411846,0.3135634629792045,0.3152354407443139,0.1402219612893451,-0.0020755412377472804,0.00047963341133772097,4.094288152955983e-08,-0.0006446021710583838,-0.01867936237846468,0.3141330591411846
840,2014-05-21,0.3124564041708381,0.3162112468598308,0.3141981608556778,0.3152354043538928,0.1437970006963605,-0.0007983504900330174,0.002078187718646207,0.0006346978764733002,-3.6390421120913174e-08,0.0035750394070153957,0.3162112468598308
841,2014-05-22,0.3177252393752642,0.3184493795014014,0.318482706244916,0.3200703283323031,0.2603922345598797,0.005268835204426114,0.0022381326415705782,0.00428454538923817,0.004834923978410288,0.1165952338635192,0.3184493795014014
842,2014-05-23,0.319002432412268,0.3203676446701716,0.3194347176759537,0.3218430294805052,0.2176578393009589,0.0012771930370037987,0.0019182651687701946,0.0009520114310377359,0.001772701148202105,-0.04273439525892081,0.3203676446701716
843,2014-05-26,0.321237719894128,0.3226057773117422,0.3203868584692012,0.323938167626809,0.129083105826411,0.0022352874818600266,0.0022381326415706337,0.0009521407932474579,0.002095138146303799,-0.08857473347454789,0.3226057773117422
844,2014-05-27,0.3221957225098066,0.3235649993883208,0.3224498029602264,0.3250663382719006,0.1633533694819252,0.000958002615678577,0.0009592220765785586,0.0020629444910252315,0.0011281706450916307,0.034270263655514194,0.3235649993883208
845,2014-05-28,0.3236326202732626,0.3219662884696736,0.3221324002914872,0.3240993080720529,0.1483218875741886,0.0014368977634560132,-0.0015987109186471615,-0.0003174026687391973,-0.0009670301998477293,-0.015031481907736594,0.3219662884696736
846,2014-05-29,0.3212377282709565,0.3218064554119912,0.3205455430556208,0.3232935328239671,0.1263413681882679,-0.002394892002306137,-0.00015983305768241252,-0.0015868572358664346,-0.0008057752480857827,-0.021980519385920688,0.3218064554119912
847,2014-05-30,0.3237923179961649,0.3211670336890678,0.321815065092683,0.323454711400521,0.1831807070245008,0.002554589725208445,-0.0006394217229234167,0.0012695220370622096,0.00016117857655389978,0.05683933883623288,0.3211670336890678
848,2014-06-02,0.3220361408780273,0.3229256224114942,0.3213391096782179,0.3249052844686377,0.1432754586801781,-0.0017561771181376362,0.0017585887224264019,-0.00047595541446510126,0.0014505730681166895,-0.039905248344322686,0.3229256224114942
849,2014-06-03,0.3242712845864454,0.3267622422412282,0.3249887772044256,0.3273226139410378,0.2376017225454746,0.002235143708418097,0.0038366198297339893,0.0036496675262077116,0.002417329472400087,0.0943262638652965,0.3267622422412282
850,2014-06-04,0.3265065746274506,0.328360930786827,0.3259409204051631,0.3292566012076957,0.1742358244005908,0.0022352900410052,0.0015986885455988031,0.0009521432007374986,0.0019339872666578883,-0.0633658981448838,0.328360930786827
851,2014-06-05,0.327783908750364,0.3234051887036868,0.3260996626314836,0.3250664116019889,0.181531585342047,0.0012773341229134205,-0.004955742083140202,0.00015874222632050738,-0.004190189605706773,0.007295760941456203,0.3234051887036868
852,2014-06-06,0.3261872525756806,0.3277214643178068,0.3260996061693016,0.3286119674725852,0.204840725730086,-0.0015966561746834085,0.004316275614120013,-5.646218198540609e-08,0.0035455558705962953,0.023309140388038996,0.3277214643178068
853,2014-06-09,0.3287417789162069,0.3266023868104973,0.3273690649539069,0.3292565721739932,0.1054884284686186,0.0025545263405262753,-0.001119077507309496,0.0012694587846052707,0.0006446047014079803,-0.0993522972614674,0.3266023868104973
854,2014-06-10,0.3261872840691805,0.3259630098336707,0.3251475219239617,0.3281285092697898,0.1189756798256476,-0.002554494847026356,-0.0006393769768265889,-0.0022215430299452055,-0.001128062904203364,0.01348725135702901,0.3259630098336707
855,2014-06-11,0.326027586624401,0.3296398189787706,0.3272103832288265,0.3289342594770853,0.1328358774288852,-0.0001596974447795052,0.0036768091450998797,0.002062861304864827,0.0008057502072955081,0.01386019760323759,0.3296398189787706
856,2014-06-12,0.3268259038209449,0.3309187742898593,0.3284799126769689,0.3292566282669655,0.1854300390719465,0.0007983171965438851,0.0012789553110886809,0.0012695294481424035,0.0003223687898801786,0.0525941616430613,0.3309187742898593
857,2014-06-13,0.3298594169276836,0.3331568174392363,0.3316535770186058,0.3319963498832629,0.3040793909321617,0.0030335131067387167,0.0022380431493770336,0.003173664341636906,0.0027397216162973748,0.11864935186021519,0.3331568174392363
858,2014-06-16,0.3324140048745715,0.3333166952430156,0.3326057159228304,0.3336079962357429,0.1581204674648104,0.0025545879468878985,0.00015987780377929584,0.0009521389042245754,0.0016116463524800118,-0.1459589234673513,0.3333166952430156
859,2014-06-17,0.3341702771763195,0.3342758725734975,0.3330817663308939,0.3361865914840556,0.1675490147517722,0.0017562723017479631,0.0009591773304818974,0.00047605040806353305,0.0025785952483127206,0.009428547286961797,0.3342758725734975
860,2014-06-18,0.3349685856977911,0.3373133047417707,0.3359381365519387,0.3374759312361063,0.190199671923849,0.0007983085214716135,0.0030374321682731797,0.0028563702210447905,0.0012893397520507,0.022650657172076816,0.3373133047417707
861,2014-06-19,0.3373635131326511,0.3409902033790641,0.3408574047700914,0.3400545479042626,0.2324066978814905,0.002394927434860028,0.0036768986372934243,0.004919268218152695,0.002578616668156286,0.042207025957641475,0.3409902033790641
862,2014-06-20,0.3403970344451256,0.3424289246286902,0.340857349047189,0.343277767572451,0.2055953591501487,0.003033521312474474,0.0014387212496260737,-5.5722902403410046e-08,0.003223219668188393,-0.026811338731341783,0.3424289246286902
863,2014-06-23,0.3432708748782149,0.3438676458783162,0.3418094091363707,0.3458563140074015,0.1462298922243621,0.002873840433089303,0.0014387212496260182,0.0009520600891816944,0.002578546434950535,-0.05936546692578659,0.3438676458783162
864,2014-06-24,0.3427919639287499,0.3435479797629512,0.3414920990503634,0.3426331403998074,0.1346190266685702,-0.0004789109494650057,-0.00031966611536499157,-0.00031731008600732746,-0.0032231736075941098,-0.01161086555579191,0.3435479797629512
865,2014-06-25,0.3423129938777002,0.3413099142405258,0.3416508169724466,0.343438949813363,0.1044511717213508,-0.0004789700510496875,-0.002238065522425392,0.000158717922083218,0.0008058094135555693,-0.030167854947219408,0.3413099142405258
866,2014-06-26,0.3400777670466399,0.3401908814793131,0.3397466213865546,0.3424720059647518,0.1457782776293438,-0.0022352268310603107,-0.0011190327612127238,-0.001904195585891999,-0.0009669438486111792,0.04132710590799302,0.3401908814793131
867,2014-06-27,0.3376827840055879,0.3369935491342122,0.3362554422940382,0.3357030785165166,0.2085148289837506,-0.0023949830410520123,-0.0031973323451008895,-0.0034911790925163944,-0.006768927448235207,0.06273655135440678,0.3369935491342122
868,2014-06-30,0.3376828571273471,0.3368337384495782,0.336414220426027,0.3376371108507597,0.135414451084312,7.312175920315411e-08,-0.0001598106846339986,0.00015877813198877933,0.0019340323342431076,-0.0731003778994386,0.3368337384495782
869,2014-07-01,0.3389601590344835,0.3441875133511166,0.3430790350786487,0.3410215450111103,0.2098434499858688,0.00127730190713643,0.007353774901538379,0.006664814652621698,0.0033844341603506134,0.0744289989015568,0.3441875133511166
870,2014-07-02,0.3418340085160412,0.3419493583364976,0.3424442246055596,0.3442447734134303,0.1324104856168035,0.0028738494815576665,-0.002238155014618992,-0.0006348104730890536,0.0032232284023199775,-0.0774329643690653,0.3419493583364976
871,2014-07-03,0.3429516858684161,0.3430684582168555,0.3411748169899152,0.343439008004464,0.1133232132815482,0.0011176773523749461,0.00111909988035791,-0.0012694076156444245,-0.0008057654089663191,-0.019087272335255298,0.3430684582168555
872,2014-07-04,0.3453465362135751,0.3454663567969634,0.3441897770362621,0.3458563939279556,0.1517949494920064,0.002394850345158961,0.0023978985801079156,0.0030149600463468818,0.0024173859234916106,0.0384717362104582,0.3454663567969634
873,2014-07-07,0.3431112736292455,0.3425888024324694,0.3422855457272677,0.3452117504565637,0.0728556319253641,-0.0022352625843296003,-0.002877554364493995,-0.001904231308994364,-0.0006446434713918703,-0.0789393175666423,0.3425888024324694
874,2014-07-08,0.339758397254104,0.3419493583364976,0.34053999346029,0.3408603444613319,0.117425621989843,-0.003352876375141478,-0.0006394440959718306,-0.0017455522669777013,-0.004351405995231816,0.0445699900644789,0.3419493583364976
875,2014-07-09,0.3383214723233069,0.3392316817757828,0.3383184330472126,0.3398933880877182,0.1236375079032554,-0.0014369249307971121,-0.00271767656071481,-0.002221560413077417,-0.0009669563736137143,0.006211885913412402,0.3392316817757828
876,2014-07-10,0.3395987319792266,0.3382724596992042,0.3380010142374935,0.3400545040743357,0.1235704941246398,0.0012772596559196825,-0.0009592220765785586,-0.0003174188097190833,0.00016111598661749937,-6.701377861559332e-05,0.3382724596992042
877,2014-07-11,0.3344896576218866,0.3357147280614138,0.3351447519557882,0.3373148329065365,0.1153656767080501,-0.005109074357339982,-0.002557731637790439,-0.002856262281705324,-0.0027396711677991625,-0.008204817416589696,0.3357147280614138
878,2014-07-14,0.3368845585992108,0.3427487473553938,0.3405400517306984,0.3400545763948773,0.126411295609432,0.002394900977324199,0.0070340192939800095,0.005395299774910212,0.0027397434883407734,0.011045618901381907,0.3427487473553938
879,2014-07-15,0.3418339945859228,0.3411500140636982,0.3419681528836567,0.3434389331641163,0.0985044272798524,0.004949435986711992,-0.0015987332916955754,0.0014281011529582721,0.003384356769238983,-0.027906868329579615,0.3411500140636982
880,2014-07-16,0.3410356730026214,0.3421091913941801,0.3403812960169264,0.3434389257691875,0.080882717146495,-0.0007983215833013979,0.0009591773304818974,-0.0015868568667302685,-7.39492878043535e-09,-0.017621710133357393,0.3421091913941801
881,2014-07-17,0.34327085365545,0.3440274789359986,0.3432375609343398,0.3458562926247915,0.1211492571668322,0.0022351806528286278,0.0019182875418184975,0.0028562649174134203,0.0024173668556040084,0.040266540020337194,0.3440274789359986
882,2014-07-18,0.3395987361662735,0.3435479797629512,0.3414920990503634,0.3413438243334047,0.1406327848886842,-0.0036721174891765074,-0.0004794991730474041,-0.0017454618839764513,-0.004512468291386795,0.019483527721851995,0.3435479797629512
883,2014-07-22,0.3431911333284411,0.3455463180719014,0.3441897964167378,0.3462593413039048,0.1391876181846258,0.003592397162167582,0.001998338308950187,0.0026976973663744297,0.004915516970500078,-0.0014451667040583926,0.3455463180719014
884,2014-07-23,0.3449474550475342,0.34618580691397,0.3437137803839764,0.3462593833902556,0.1115837686800907,0.0017563217190931235,0.0006394888420686029,-0.00047601603276142823,4.208635079328005e-08,-0.027603849504535094,0.34618580691397
885,2014-07-24,0.346464157306159,0.3445871183683712,0.3454592786364002,0.3469039696118214,0.1381474477948096,0.0015167022586247692,-0.0015986885455988031,0.001745498252423816,0.0006445862215658238,0.026563679114718908,0.3445871183683712
886,2014-07-25,0.3448674968981566,0.3467452226158586,0.344427749397663,0.347951479162408,0.1082097706089221,-0.0015966604080023816,0.0021581042474874135,-0.0010315292387371722,0.0010475095505865784,-0.02993767718588751,0.3467452226158586
887,2014-07-28,0.3455062742763186,0.3480242897921893,0.3458560662676647,0.3482739307615043,0.0976390754429465,0.000638777378161981,0.0012790671763306949,0.0014283168700016668,0.0003224515990963295,-0.0105706951659756,0.3480242897921893
888,2014-07-29,0.3485398200457235,0.3497827442763254,0.3480776478736915,0.3515777666093655,0.0864069834184602,0.0030335457694048995,0.001758454484136085,0.0022215816060268123,0.003303835847861203,-0.011232092024486301,0.3497827442763254
889,2014-07-30,0.3488590628433559,0.3488234998266983,0.3475221780080009,0.3510136252536116,0.084772429948749,0.00031924279763240193,-0.0009592444496270836,-0.0005554698656906054,-0.0005641413557538888,-0.0016345534697111974,0.3488234998266983
890,2014-07-31,0.3497372077658888,0.3494629662957185,0.3489503418310791,0.3517388504293258,0.1346539903791523,0.0008781449225329085,0.000639466469020189,0.001428163823078199,0.0007252251757141615,0.04988156043040329,0.3494629662957185
891,2014-08-01,0.3463044303490706,0.345386373148977,0.3441897061807089,0.3458563227293095,0.115036435100069,-0.003432777416818189,-0.0040765931467414696,-0.004760635650370215,-0.0058825277000162934,-0.019617555279083293,0.345386373148977
892,2014-08-04,0.3440692836058344,0.3483439559075542,0.3467287869083248,0.3471457547919174,0.1093548321304845,-0.002235146743236216,0.0029575827585771597,0.002539080727615939,0.0012894320626078981,-0.005681602969584504,0.3483439559075542
893,2014-08-05,0.3483800596245997,0.3424289246286902,0.3466493946917439,0.3451311353541745,0.1106106120688901,0.004310776018765339,-0.0059150312788640025,-7.939221658093132e-05,-0.0020146194377428928,0.0012557799384056018,0.3424289246286902
894,2014-08-06,0.3421532704519451,0.3410700751618086,0.3410160109955125,0.3419884372428654,0.1128220667632053,-0.006226789172654623,-0.0013588494668815843,-0.005633383696231398,-0.003142698111309128,0.002211454694315204,0.3410700751618086
895,2014-08-07,0.3408760418533778,0.3389119485412727,0.3403813159893267,0.3381205575868827,0.1729742171770882,-0.001277228598567326,-0.002158126620535883,-0.0006346950061857926,-0.0038678796559826756,0.06015215041388289,0.3389119485412727
896,2014-08-08,0.3336913015341151,0.3275615865140276,0.3320503051611649,0.3287730974164677,0.22854903514727,-0.007184740319262695,-0.011350362027245098,-0.008331010828161789,-0.00934746017041499,0.05557481797018182,0.3275615865140276
897,2014-08-11,0.3320947112429879,0.3338762675562429,0.3326850775076643,0.331190584808393,0.1238327219540052,-0.0015965902911271868,0.0063146810422152755,0.0006347723464993904,0.002417487391925266,-0.10471631319326481,0.3338762675562429
898,2014-08-12,0.3327333440331653,0.3381126266415217,0.3368902436916497,0.3358642997118184,0.1288092234268515,0.0006386327901773958,0.004236359085278807,0.00420516618398542,0.004673714903425441,0.004976501472846298,0.3381126266415217
899,2014-08-13,0.3384013003411711,0.3405105923407748,0.3408573861226457,0.3408603555808192,0.1136786776724657,0.005667956308005817,0.0023979656992531018,0.003967142430995996,0.0049960558690007595,-0.015130545754385799,0.3405105923407748
900,2014-08-14,0.3416742725452271,0.3433880795861236,0.3418094349784922,0.3432777378766043,0.0892448712607039,0.0032729722040559794,0.0028774872453488087,0.0009520488558464879,0.002417382295785142,-0.024433806411761794,0.3433880795861236
901,2014-08-15,0.3429516578821139,0.3437878188416685,0.3418888758963266,0.3451311946161501,0.0624073097464256,0.001277385336886816,0.0003997392555448731,7.944091783440577e-05,0.001853456739545789,-0.026837561514278303,0.3437878188416685
902,2014-08-18,0.3432708748782149,0.3438676458783162,0.3417300565054706,0.3447281811287839,0.0482761433861771,0.0003192169961009905,7.982703664771718e-05,-0.00015881939085599095,-0.00040301348736621057,-0.014131166360248505,0.3438676458783162
903,2014-08-19,0.3464642485907893,0.3472249678924383,0.3462527801429593,0.3494021024149025,0.106039106910286,0.0031933737125743877,0.0033573220141220883,0.004522723637488679,0.004673921286118599,0.057762963524108896,0.3472249678924383
904,2014-08-20,0.3488591159696378,0.3474647174789619,0.3467287914942892,0.3494020554927111,0.0768414949317187,0.002394867378848531,0.00023974958652361877,0.000476011351329908,-4.692219141011478e-08,-0.029197611978567295,0.3474647174789619
905,2014-08-21,0.3475818582231144,0.3493031556110845,0.3478396227044802,0.3508525355156554,0.0973622794008385,-0.0012772577465234303,0.0018384381321225884,0.00111083121019101,0.0014504800229442893,0.0205207844691198,0.3493031556110845
906,2014-08-22,0.3496573901262245,0.347144939498355,0.3480776013996945,0.3497243221982948,0.0655132527031318,0.002075531903110106,-0.002158216112729483,0.0002379786952143026,-0.0011282133173605713,-0.0318490266977067,0.347144939498355
907,2014-08-25,0.3496574160927037,0.3489834223765743,0.3483949797654641,0.3504495830135365,0.0776456602751061,2.5966479189065694e-08,0.0018384828782193052,0.0003173783657695606,0.0007252608152417128,0.012132407571974299,0.3489834223765743
908,2014-08-26,0.3495775974489353,0.3493830945129741,0.347918943393438,0.350933094554459,0.0723486581219242,-7.981864376838121e-05,0.00039967213639979793,-0.0004760363720260896,0.0004835115409224655,-0.005297002153181893,0.3493830945129741
909,2014-08-27,0.3482204197886712,0.3500224714898007,0.3483156081325975,0.3510136159914405,0.09585883984581,-0.0013571776602641084,0.0006393769768265889,0.0003966647391595024,8.05214369815066e-05,0.023510181723885804,0.3500224714898007
910,2014-08-28,0.3480607907838187,0.347144939498355,0.3464113991143059,0.3494825772683168,0.159982285053305,-0.00015962900485250175,-0.002877531991445692,-0.0019042090182915805,-0.0015310387231237121,0.064123445207495,0.347144939498355
911,2014-08-29,0.3455061720458494,0.343947651899351,0.344348438002638,0.3452923267955321,0.1184803605924018,-0.0025546187379693053,-0.003197287599004006,-0.002062961111667927,-0.004190250472784651,-0.0415019244609032,0.343947651899351
912,2014-09-01,0.3448676100363224,0.34650554014848,0.3443485097293183,0.3467428684970897,0.0654141888564827,-0.0006385620095269995,0.0025578882491290034,7.17266803174077e-08,0.0014505417015575617,-0.0530661717359191,0.34650554014848
913,2014-09-02,0.3472624540952249,0.3494629662957185,0.34815690253713,0.3500466360286348,0.1038684432116499,0.002394844058902501,0.0029574261472384844,0.0038083928078117,0.0033037675315450987,0.038454254355167194,0.3494629662957185
914,2014-09-03,0.3504556765955051,0.3507418544876621,0.3498230995111118,0.3527864163136061,0.1266502142984094,0.0031932225002802017,0.0012788881919436057,0.0016661969739817928,0.0027397802849712938,0.022781771086759495,0.3507418544876621
915,2014-09-04,0.3496573955398863,0.3487436056709055,0.3487916934936907,0.3510136437627977,0.0934201210327114,-0.0007982810556187991,-0.001998248816756587,-0.001031406017421077,-0.001772772550808377,-0.033230093265697994,0.3487436056709055
916,2014-09-05,0.3500566493612568,0.3466654626983561,0.3479983647702026,0.3489992037639378,0.0888515295166558,0.00039925382137051546,-0.002078142972549435,-0.0007933287234881403,-0.002014439998859918,-0.004568591516055598,0.3466654626983561
917,2014-09-08,0.3494977539467266,0.3509816935663793,0.3484743214845568,0.3513359898011872,0.1031312916468781,-0.0005588954145301916,0.004316230868023241,0.00047595671435424203,0.0023367860372494054,0.014279762130222307,0.3509816935663793
918,2014-09-09,0.3512539568342292,0.3510615877221722,0.3497437711909907,0.3527058200686926,0.0980586399699312,0.0017562028875026114,7.989415579290338e-05,0.0012694497064338894,0.001369830267505423,-0.005072651676946913,0.3510615877221722
919,2014-09-10,0.34965740038149,0.3570565355298775,0.3556151839115121,0.3526252717003431,0.2269465317455924,-0.0015965564527392062,0.005994947807705264,0.005871412720521385,-8.054836834953116e-05,0.1288878917756612,0.3570565355298775
920,2014-09-11,0.3573210526973947,0.3579357068393246,0.3557737889443432,0.358104771595521,0.1401666020809235,0.007663652315904712,0.000879171309447091,0.00015860503283110505,0.005479499895177931,-0.08677992966466891,0.3579357068393246
921,2014-09-12,0.3569220151066254,0.358495346271697,0.3581541827467674,0.3593941635895002,0.2336624778198961,-0.00039903759076931333,0.0005596394323724163,0.002380393802424219,0.0012893919939792053,0.09349587573897261,0.358495346271697
922,2014-09-16,0.359237073787275,0.3604137009326608,0.3582335204141951,0.3615698530934712,0.121903890586895,0.002315058680649573,0.0019183546609637947,7.933766742768134e-05,0.0021756895039710122,-0.1117585872330011,0.3604137009326608
923,2014-09-17,0.3614722952656451,0.359934067521323,0.3605344158652507,0.3626173830777574,0.1088012400462686,0.0022352214783701307,-0.0004796334113377765,0.0023008954510556068,0.0010475299842861996,-0.013102650540626412,0.359934067521323
924,2014-09-18,0.3637075666788435,0.3662487485635384,0.3648189742581706,0.3664853403768229,0.1958288293275604,0.002235271413198403,0.0063146810422153865,0.004284558392919913,0.003867957299065472,0.08702758928129181,0.3662487485635384
925,2014-09-19,0.3672200598617638,0.3696857410029694,0.3695001619935887,0.370353192415289,0.2291725546526501,0.0035124931829202954,0.003436992439431019,0.004681187735418091,0.003867852038466124,0.033343725325089696,0.3696857410029694
926,2014-09-22,0.3736065027776095,0.372723195544291,0.3725945542901493,0.372770658420462,0.152744796962819,0.006386442915845669,0.0030374545413215936,0.0030943922965606108,0.0024174660051729524,-0.0764277576898311,0.372723195544291
927,2014-09-24,0.3691359594608169,0.3732027394634352,0.3713250090452482,0.3725288651652389,0.1368508768607249,-0.004470543316792586,0.0004795439191441764,-0.001269545244901138,-0.00024179325522305506,-0.015893920102094117,0.3732027394634352
928,2014-09-25,0.373925782854076,0.3765598824931702,0.3738639708372535,0.3759132905719061,0.1912806333093443,0.004789823393259118,0.003357143029734999,0.002538961792005301,0.0033844254066671686,0.054429756448619415,0.3765598824931702
929,2014-09-26,0.3679603391361332,0.3714372374690569,0.3712018877079683,0.3713407902567272,0.227036854664596,-0.005965443717942831,-0.005122645024113304,-0.0026620831292851754,-0.004572500315178862,0.035756221355251694,0.3714372374690569
930,2014-09-29,0.3751880162397627,0.3762347573539986,0.3749954573096657,0.3769970145240689,0.1575144298147214,0.007227677103629537,0.004797519884941703,0.0037935696016974108,0.005656224267341692,-0.06952242484987459,0.3762347573539986
931,2014-09-30,0.36463080606279,0.3652575554008136,0.3664398720327299,0.3633894096226069,0.3783190030680656,-0.010557210176972698,-0.010977201953184967,-0.00855558527693584,-0.013607604901462012,0.22080457325334418,0.3652575554008136
932,2014-10-01,0.3606515780267253,0.3623303104958503,0.3648255994252402,0.3627336495216817,0.2263230122402123,-0.003979228036064708,-0.002927244904963322,-0.0016142726074896974,-0.0006557601009252179,-0.15199599082785328,0.3623303104958503
933,2014-10-02,0.3555352471313309,0.3508650628651337,0.3540905769574325,0.3525687711798479,0.2842870171001681,-0.0051163308953944275,-0.011465247630716602,-0.010735022467807664,-0.010164878341833772,0.057964004859955814,0.3508650628651337
934,2014-10-03,0.3508250921347645,0.3515968852778988,0.35061988879161,0.3505194558121386,0.1772718399361329,-0.004710154996566407,0.000731822412765093,-0.003470688165822522,-0.0020493153677093034,-0.10701517716403522,0.3515968852778988
935,2014-10-06,0.3550480204631228,0.3525726634102843,0.3539291603495327,0.3549460581881467,0.1728372759773085,0.0042229283283583,0.0009757781323855297,0.0033092715579227105,0.00442660237600806,-0.004434563958824411,0.3525726634102843
936,2014-10-07,0.3521245440028835,0.3493202038739559,0.3519114059900442,0.3512573084520409,0.1798387590213657,-0.0029234764602392715,-0.0032524595363284114,-0.0020177543594884773,-0.0036887497361057786,0.007001483044057205,0.3493202038739559
937,2014-10-08,0.3412424113119636,0.3468807809160403,0.3460192656908988,0.3444534356491818,0.2172848930547502,-0.010882132690919921,-0.0024394229579156046,-0.005892140299145421,-0.006803872802859101,0.03744613403338451,0.3468807809160403
938,2014-10-09,0.3477392113651052,0.3401318390046177,0.3456157256394979,0.3424041314105654,0.2189835466605286,0.006496800053141627,-0.006748941911422612,-0.0004035400514009191,-0.0020493042386163784,0.001698653605778394,0.3401318390046177
939,2014-10-10,0.3315784926998702,0.3363914232829513,0.3345579274816462,0.3341247556079464,0.2503226859122469,-0.016160718665234997,-0.0037404157216663902,-0.011057798157851684,-0.008279375802619005,0.03133913925171827,0.3363914232829513
940,2014-10-14,0.3284113370448688,0.3276909698528542,0.328262281285299,0.3303540017566531,0.3104340453304507,-0.003167155655001419,-0.008700453430097121,-0.006295646196347204,-0.003770753851293329,0.060111359418203836,0.3276909698528542
941,2014-10-15,0.3293858331381625,0.3270404287248821,0.3284237100234645,0.3272389631841161,0.2596405147823655,0.0009744960932936975,-0.0006505411279720819,0.0001614287381654922,-0.0031150385725369767,-0.05079353054808522,0.3270404287248821
942,2014-10-16,0.3205339330039254,0.322486864559561,0.3216437141652252,0.3221565521023175,0.2144091278593759,-0.00885190013423709,-0.0045535641653211,-0.006779995858239296,-0.005082411081798632,-0.045231386922989586,0.322486864559561
943,2014-10-17,0.3219145859763996,0.3161445304295384,0.3209980568856642,0.3184678073012598,0.2232811694195732,0.0013806529724741945,-0.006342334130022609,-0.0006456572795610072,-0.003688744801057686,0.008872041560197302,0.3161445304295384
944,2014-10-20,0.3230514901931978,0.3270404287248821,0.3271322823278352,0.3248617361609784,0.2169614787318662,0.0011369042167981847,0.010895898295343709,0.006134225442171015,0.006393928859718623,-0.006319690687707019,0.3270404287248821
945,2014-10-21,0.3272743423065564,0.322486864559561,0.3258408017682251,0.3239599830112238,0.1590936240760111,0.0042228521133585994,-0.0045535641653211,-0.001291480559610092,-0.0009017531497546027,-0.05786785465585509,0.322486864559561
946,2014-10-22,0.3244320548724123,0.3285040735504121,0.3267287368629334,0.3263372753361809,0.1538141037781203,-0.0028422874341441084,0.0060172089908511195,0.0008879350947083031,0.002377292324957092,-0.005279520297890805,0.3285040735504121
947,2014-10-23,0.3271119565266979,0.3270404287248821,0.3269708649502099,0.3271570095065451,0.0945156506309493,0.0026799016542856102,-0.0014636448255300194,0.00024212808727647195,0.0008197341703641836,-0.059298453147171,0.3270404287248821
948,2014-10-24,0.3312535748696478,0.3293171325018733,0.3311678858228244,0.3292882484289426,0.132701849871654,0.004141618342949904,0.0022767037769911846,0.004197020872614532,0.002131238922397527,0.03818619924070471,0.3293171325018733
949,2014-10-27,0.3321470096483354,0.3324884449916991,0.3319751419656594,0.3322394110830789,0.1227459332834129,0.0008934347786875851,0.0031713124898258283,0.000807256142835,0.002951162654136308,-0.009955916588241104,0.3324884449916991
950,2014-10-28,0.3304415851022411,0.3305369110999763,0.329150150715504,0.331091764921647,0.090191805088968,-0.0017054245460942918,-0.001951533891722812,-0.0028249912501553953,-0.0011476461614319255,-0.032554128194444906,0.3305369110999763
951,2014-10-29,0.3336898812211136,0.3389120827795631,0.3368178688852396,0.3351903741506222,0.1436134412158047,0.003248296118872507,0.00837517167958679,0.0076677181697356045,0.004098609228975203,0.05342163612683669,0.3389120827795631
952,2014-10-30,0.3380751673818283,0.3391559937530869,0.3390778319937088,0.3410104675557617,0.1529254428008263,0.0043852861607147076,0.00024391097352383095,0.002259963108469154,0.005820093405139504,0.009312001585021601,0.3391559937530869
953,2014-10-31,0.3427041258707113,0.351840818624471,0.3535255731713398,0.3451091879044909,0.2540841984423667,0.004628958488883006,0.01268482487138406,0.014447741177631035,0.004098720348729212,0.1011587556415404,0.351840818624471
954,2014-11-04,0.3654428458920445,0.3598095167609482,0.3647448205685428,0.3620777855686087,0.3562044561249137,0.022738720021333203,0.007968698136477215,0.01121924739720298,0.01696859766411779,0.10212025768254701,0.3598095167609482
955,2014-11-05,0.3573218892742709,0.3618423543105123,0.3594984215700617,0.3592086919649295,0.2368412618403149,-0.008120956617773623,0.002032837549564126,-0.005246398998481117,-0.002869093603679207,-0.1193631942845988,0.3618423543105123
956,2014-11-06,0.3615447701744598,0.3557438640348683,0.3594177036197203,0.3584709047908812,0.1911757421775981,0.004222880900188908,-0.00609849027564402,-8.071795034136908e-05,-0.0007377871740483211,-0.045665519662716786,0.3557438640348683
957,2014-11-07,0.3589459849900776,0.3636311019021655,0.3627268601666041,0.3606841032373468,0.1980956432302972,-0.0025987851843821685,0.007887237867297225,0.003309156546883796,0.002213198446465614,0.006919901052699101,0.3636311019021655
958,2014-11-10,0.363574991661122,0.3709493260298157,0.3712825769949476,0.3665043191497379,0.3208444901562586,0.004629006671044378,0.0073182241276501525,0.008555716828343496,0.005820215912391125,0.12274884692596139,0.3709493260298157
959,2014-11-11,0.3704777591469959,0.3713558890651189,0.371282555807434,0.3735540240341263,0.2253644238417542,0.006902767485873873,0.00040656303530323123,-2.1187513576936823e-08,0.007049704884388386,-0.0954800663145044,0.3713558890651189
960,2014-11-12,0.3735637721871526,0.3704614593366713,0.3716054222854151,0.3728162928839524,0.2556429972058168,0.00308601304015671,-0.0008944297284476099,0.00032286647798107637,-0.0007377311501738926,0.03027857336406259,0.3704614593366713
961,2014-11-13,0.3704777682673977,0.3740392229965584,0.3715247057444492,0.3718325860725163,0.2100503186068126,-0.003086003919754887,0.003577763659887101,-8.07165409659194e-05,-0.0009837068114361136,-0.04559267859900418,0.3740392229965584
962,2014-11-14,0.3772994262830469,0.3770478386785081,0.3749954297252625,0.376669082037636,0.2220545259066527,0.006821658015649212,0.003008615681949711,0.0034707239808133283,0.004836495965119703,0.012004207299840086,0.3770478386785081
963,2014-11-17,0.3735637807753669,0.3702988520209888,0.3719282951041754,0.3719146009698892,0.2007791080174702,-0.003735645507680019,-0.006748986657519329,-0.0030671346210870976,-0.004754481067746785,-0.021275417889182496,0.3702988520209888
964,2014-11-18,0.3747007239428003,0.3753402605064059,0.375479703808944,0.3770789628677087,0.1692127046469685,0.0011369431674334018,0.00504140848541712,0.0035514087047686105,0.005164361897819492,-0.031566403370501706,0.3753402605064059
965,2014-11-19,0.3755128482288277,0.3746897864975789,0.3756411699165969,0.3767510773584214,0.1772864081488754,0.0008121242860273936,-0.0006504740088270067,0.0001614661076528856,-0.00032788550928730675,0.008073703501906893,0.3746897864975789
966,2014-11-20,0.3738886389313229,0.3728196010097941,0.3730583155635809,0.3756854103982076,0.1526836104693004,-0.0016242092975047862,-0.0018701854877847812,-0.0025828543530160286,-0.001065666960213818,-0.02460279767957499,0.3728196010097941
967,2014-11-21,0.3727516226616468,0.3685912291027897,0.37071753826162,0.3681437492439828,0.2664759202011579,-0.0011370162696761055,-0.0042283719070044246,-0.0023407773019608613,-0.007541661154224777,0.1137923097318575,0.3685912291027897
968,2014-11-25,0.3734013262276694,0.3668836956767842,0.3711211335998245,0.3698652333951097,0.3002333827681352,0.0006497035660226191,-0.001707533426005492,0.0004035953382044988,0.0017214841511268841,0.033757462566977314,0.3668836956767842
969,2014-11-26,0.3660113484881155,0.3678595185552666,0.3667626672395663,0.3659305648798269,0.1840431452188582,-0.00738997773955391,0.000975822878482413,-0.004358466360258217,-0.003934668515282791,-0.11619023754927701,0.3678595185552666
970,2014-11-27,0.3656051828273944,0.3610291387477125,0.363937602735329,0.3639630984937436,0.1535489623062063,-0.00040616566072110283,-0.006830379807554132,-0.002825064504237307,-0.0019674663860833053,-0.030494182912651907,0.3610291387477125
971,2014-11-28,0.363087704832469,0.3650947691007439,0.3625654783087547,0.3624055855893276,0.1746961799232546,-0.00251747799492541,0.004065630353031424,-0.001372124426574306,-0.0015575129044159697,0.021147217617048297,0.3650947691007439
972,2014-12-01,0.3670671336794338,0.3613545771095614,0.3678120354478972,0.3632255133320883,0.2286597535641132,0.003979428846964783,-0.0037401919911824733,0.005246557139142516,0.0008199277427606844,0.0539635736408586,0.3613545771095614
973,2014-12-02,0.3590272780338427,0.3664771773875779,0.3640183922227641,0.3606842070881002,0.1968952225003132,-0.008039855645591065,0.005122600278016476,-0.003793643225133092,-0.0025413062439881284,-0.031764531063800006,0.3664771773875779
974,2014-12-03,0.3669857443136045,0.3629806278933385,0.3651482868397217,0.3654386047227627,0.1540355406118066,0.007958466279761767,-0.003496549494239387,0.0011298946169576163,0.0047543976346625105,-0.042859681888506584,0.3629806278933385
975,2014-12-04,0.3654428229963307,0.3662332216679573,0.3651483558964264,0.3669142001082661,0.1827757107102586,-0.0015429213172737932,0.003252593774618784,6.90567046879309e-08,0.0014755953855034032,0.028740170098452006,0.3662332216679573
976,2014-12-05,0.365767618483181,0.3650947691007439,0.3645026045872375,0.3668321637757509,0.1259800765122533,0.00032479548685032666,-0.0011384525672133994,-0.0006457513091889244,-8.20363325151896e-05,-0.05679563419800532,0.3650947691007439
977,2014-12-08,0.3662549556006686,0.3637125397982971,0.3640184026186283,0.3657666060606041,0.1402365295020876,0.00048733711748760733,-0.0013822293024468024,-0.0004842019686092103,-0.0010655577151467699,0.0142564529898343,0.3637125397982971
978,2014-12-09,0.3613011304581553,0.3603786871119339,0.3595791098700318,0.3620777556573389,0.1598453438535253,-0.004953825142513302,-0.0033338526863632145,-0.004439292748596502,-0.0036888504032652203,0.019608814351437714,0.3603786871119339
979,2014-12-10,0.3574031146151763,0.3528979227877463,0.3599020152859248,0.3541263391500859,0.2254634876884034,-0.003898015842978997,-0.007480764324187594,0.0003229054158930267,-0.007951416507253006,0.0656181438348781,0.3528979227877463
980,2014-12-11,0.3492009142732561,0.3535483967965732,0.3523148769304268,0.3505194582880379,0.1782508238324306,-0.008202200341920207,0.0006504740088268957,-0.007587138355498013,-0.003606880862048023,-0.04721266385597281,0.3535483967965732
981,2014-12-12,0.3500130517906049,0.3496454408783694,0.3527184977908885,0.3516671422887604,0.2896743421723536,0.0008121375173487655,-0.0039029559182037765,0.0004036208604616953,0.0011476840007225153,0.111423518339923,0.3496454408783694
982,2014-12-15,0.3473331298203441,0.3428151505630088,0.346907109777175,0.3446174071935076,0.2500662853679785,-0.00267992197026079,-0.006830290315360588,-0.005811388013713503,-0.007049735095252807,-0.039608056804375125,0.3428151505630088
983,2014-12-16,0.3396183314633825,0.3323258824221133,0.337705853694244,0.3308459212343594,0.2613362547455953,-0.007714798356961594,-0.010489268140895514,-0.009201256082930986,-0.013771485959148178,0.011269969377616817,0.3323258824221133
984,2014-12-17,0.330928764515718,0.3310247106739755,0.3315714813904492,0.332157324894441,0.2745204872775798,-0.008689566947664484,-0.0013011717481378193,-0.006134372303794822,0.0013114036600815893,0.01318423253198453,0.3310247106739755
985,2014-12-18,0.3402678234894947,0.3327322664730294,0.3384321029340962,0.335272329923911,0.2633583226742577,0.009339058973776682,0.0017075557990539059,0.0068606215436470275,0.003115005029469986,-0.011162164603322144,0.3327322664730294
986,2014-12-19,0.3418920907207776,0.348913596092556,0.3466649479105147,0.3449452610288716,0.2505441227459333,0.0016242672312828943,0.01618132961952662,0.008232844976418519,0.009672931104960591,-0.012814199928324388,0.348913596092556
987,2014-12-22,0.3503379050906481,0.3545242196750556,0.3519113866254322,0.3536345162450796,0.1539044266971239,0.008445814369870519,0.005610623582499585,0.0052464387149174785,0.008689255216208003,-0.0966396960488094,0.3545242196750556
988,2014-12-24,0.3579715340713936,0.3588337162555142,0.3572384090121762,0.3606841667558572,0.1572143246322254,0.007633628980745488,0.004309496580458594,0.005327022386743985,0.007049650510777605,0.0033098979351015023,0.3588337162555142
989,2014-12-25,0.357078209624676,0.3588337162555142,0.357076962104195,0.3590447032316713,0.0794288095147911,-0.0008933244467175805,0.0,-0.00016144690798119976,-0.001639463524185869,-0.0777855151174343,0.3588337162555142
990,2014-12-26,0.3585400437173457,0.3628994137276908,0.3607091374372437,0.3610121347982345,0.0954975481697954,0.0014618340926697004,0.00406569747217661,0.003632175333048715,0.0019674315665632047,0.0160687386550043,0.3628994137276908
991,2014-12-29,0.3638186699309076,0.3637125397982971,0.3620812759165481,0.3623237111627398,0.1056428515236893,0.005278626213561899,0.0008131260706062959,0.0013721384793043967,0.0013115763645052958,0.010145303353893895,0.3637125397982971
992,2014-12-30,0.3617884014514585,0.3605413168006648,0.3623233962159387,0.3633893284954174,0.1184716196647562,-0.0020302684794490933,-0.0031712229976322837,0.00024212029939058022,0.0010656173326775709,0.012828768141066899,0.3605413168006648
993,2015-01-05,0.3556976232202659,0.3560690339201366,0.3562698111094401,0.3553558531888334,0.1574619842488483,-0.0060907782311926395,-0.0044722828805282,-0.00605358510649856,-0.008033475306583993,0.03899036458409211,0.3560690339201366
994,2015-01-06,0.3460337388853439,0.3413514609913819,0.3445663666698033,0.3441255070123529,0.24468478758089,-0.00966388433492199,-0.014717572928754696,-0.011703444439636834,-0.011230346176480499,0.08722280333204169,0.3413514609913819
995,2015-01-07,0.3387248632637033,0.3391559937530869,0.340692094086421,0.340354688182386,0.1535139985956242,-0.007308875621640565,-0.0021954672382950013,-0.003874272583382299,-0.003770818829966882,-0.09117078898526579,0.3391559937530869
996,2015-01-08,0.3441658911028089,0.3386681270599425,0.3421449494766915,0.3403546987660852,0.197690646916055,0.00544102783910555,-0.0004878666931444342,0.0014528553902705132,1.0583699194821605e-08,0.044176648320430806,0.3386681270599425
997,2015-01-09,0.3408362946589337,0.3412701125874439,0.3405306708785357,0.3421581130896291,0.1268803920597413,-0.003329596443875149,0.0026019855275014048,-0.0016142785981557717,0.001803414323543917,-0.0708102548563137,0.3412701125874439
998,2015-01-13,0.3380751568992153,0.3396438604462313,0.3371406952055351,0.3365838788048777,0.1605941499884911,-0.002761137759718424,-0.0016262521412125919,-0.0033899756730006447,-0.0055742342847514,0.03371375792874978,0.3396438604462313
999,2015-01-14,0.3362886206135594,0.3330575705965881,0.3351228982844726,0.3355182939718507,0.1758325005171715,-0.001786536285655893,-0.006586289849643212,-0.0020177969210624647,-0.0010655848330270445,0.015238350528680417,0.3330575705965881
1000,2015-01-15,0.3330401740742833,0.3312686216474994,0.3327821576251872,0.3321572971713357,0.1956219607066165,-0.003248446539276084,-0.001788948949088709,-0.002340740659285412,-0.0033609968005149926,0.019789460189444996,0.3312686216474994
1001,2015-01-16,0.3272743046874591,0.3302115398572725,0.3278586139868467,0.327894681835043,0.1953859556601877,-0.005765869386824218,-0.0010570817902268992,-0.004923543638340522,-0.0042626153362926855,-0.00023600504642878883,0.3302115398572725
1002,2015-01-19,0.3344208246341092,0.3367979863182544,0.3361722280009359,0.3356822742348077,0.1576746801548892,0.0071465199466501095,0.006586446460981943,0.008313614014089199,0.007787592399764676,-0.037711275505298514,0.3367979863182544
1003,2015-01-20,0.3386436920581153,0.3426524761281811,0.3402078609400853,0.3385513055824787,0.1505362559110523,0.0042228674240060715,0.0058544898099266995,0.004035632939149436,0.002869031347671025,-0.0071384242438368994,0.3426524761281811
1004,2015-01-21,0.3415672053719925,0.3390746900952456,0.3410956714729002,0.3401087863620611,0.1447177117416881,0.0029235133138771907,-0.003577786032935515,0.0008878105328148922,0.0015574807795823986,-0.005818544169364198,0.3390746900952456
1005,2015-01-22,0.3406739051668319,0.343465579825739,0.3409342486258586,0.3417482443886239,0.1353008190249204,-0.0008933002051605965,0.004390889730493397,-0.00016142284704162568,0.00163945802656279,-0.00941689271676771,0.343465579825739
1006,2015-01-23,0.3463585538589292,0.351840818624471,0.3511041651359198,0.3485520823158242,0.1919740802358885,0.005684648692097338,0.008375238798731977,0.010169916510061217,0.006803837927200296,0.05667326121096811,0.351840818624471
1007,2015-01-26,0.3456276936189361,0.3454984397483515,0.3479563602183712,0.3472405189618854,0.1485695471908115,-0.0007308602399931363,-0.006342378876119492,-0.0031478049175486245,-0.0013115633539387828,-0.04340453304507699,0.3454984397483515
1008,2015-01-27,0.3414049025513753,0.3472873886974402,0.3458579013616882,0.3430599455426806,0.1935649290673721,-0.004222791067560794,0.001788948949088709,-0.002098458856682972,-0.004180573419204803,0.0449953818765606,0.3472873886974402
1009,2015-01-28,0.3435162102916083,0.3445226392429175,0.3431134980423179,0.3446173251788282,0.1300212987270295,0.0021113077402329927,-0.002764749454522708,-0.0027444033193703143,0.0015573796361476044,-0.0635436303403426,0.3445226392429175
1010,2015-01-29,0.3425417539972489,0.3395626015344868,0.3414185701071127,0.3415023632491142,0.1345287037495666,-0.0009744562943593826,-0.004960037708430676,-0.0016949279352052038,-0.0031149619297139997,0.004507405022537103,0.3395626015344868
1011,2015-01-30,0.3427042301029493,0.3363101419981584,0.3414186368354686,0.3387972978479006,0.159058660365429,0.00016247610570041537,-0.0032524595363284114,6.672835589638382e-08,-0.0027050654012136244,0.02452995661586241,0.3363101419981584
1012,2015-02-02,0.3337711467147701,0.3357409269010759,0.3339929487005226,0.3346165945733718,0.1420051105290301,-0.00893308338817922,-0.0005692150970825205,-0.007425688134945985,-0.004180703274528796,-0.017053549836398924,0.3357409269010759
1013,2015-02-03,0.3378316164302511,0.343790906322346,0.3440821441762089,0.3399449078808874,0.2260957481214289,0.004060469715481019,0.008049979421270115,0.010089195475686319,0.0053283133075155975,0.08409063759239882,0.343790906322346
1014,2015-02-04,0.3537486456002977,0.3603786871119339,0.359821250684759,0.3539623613128907,0.3468021316208884,0.01591702917004656,0.01658778078958789,0.015739106508550094,0.014017453432003335,0.1207063834994595,0.3603786871119339
1015,2015-02-05,0.3573218924451204,0.3624928506923877,0.3601441533738485,0.3558477839104404,0.2020261470282303,0.0035732468448227417,0.0021141635804537984,0.00032290268908946596,0.0018854225975497019,-0.1447759845926581,0.3624928506923877
1016,2015-02-06,0.3638186048967257,0.3592402569177689,0.3632111917144215,0.3594545478139915,0.2091092120636456,0.006496712451605269,-0.003252593774618784,0.003067038340573036,0.00360676390355108,0.007083065035415309,0.3592402569177689
1017,2015-02-09,0.3623569015972632,0.3615170949330504,0.3607898513173688,0.3626515889725173,0.105773965438372,-0.0014617032994624912,0.0022768380152815015,-0.002421340397052718,0.003197041158525815,-0.1033352466252736,0.3615170949330504
1018,2015-02-10,0.3579715478969402,0.3589963459442451,0.3611126758193314,0.3597004965297362,0.1852785296594243,-0.0043853537003230025,-0.002520748988805277,0.00032282450196258194,-0.0029510924427811336,0.07950456422105229,0.3589963459442451
1019,2015-02-12,0.3621943655261979,0.3579392417809698,0.3599826087269833,0.3584708346476057,0.204281306360773,0.004222817629257691,-0.001057104163275313,-0.001130067092348086,-0.0012296618821304728,0.0190027767013487,0.3579392417809698
1020,2015-02-13,0.3574843470429606,0.3594842797565347,0.3568348912103055,0.3597005531087238,0.1698537060076395,-0.004710018483237266,0.001545037975564878,-0.003147717516677806,0.001229718461118079,-0.0344276003531335,0.3594842797565347
1021,2015-02-16,0.3621944343197817,0.3729008599215386,0.3724933058816745,0.3640451331441273,0.3075815892754645,0.0047100872768210955,0.01341658016500391,0.015658414671369025,0.0043445800354035,0.13772788326782498,0.3729008599215386
1022,2015-02-17,0.3737262131350938,0.3782675277844176,0.3770132757104149,0.3763412031518748,0.2647714393102825,0.011531778815312088,0.005366667862878982,0.004519969828740367,0.012296070007747517,-0.042810149965181954,0.3782675277844176
1023,2015-02-18,0.3784364455908993,0.3783489209344524,0.3773362101576438,0.3791283589528595,0.196813640508955,0.004710232455805485,8.139315003480307e-05,0.0003229344472289175,0.0027871558009847086,-0.06795779880132752,0.3783489209344524
1024,2015-02-19,0.37600009188217,0.3796498689521064,0.3769325545136159,0.3795381791943188,0.1354319329396031,-0.0024363537087292997,0.0013009480176540134,-0.00040365564402788934,0.0004098202414593022,-0.061381707569351907,0.3796498689521064
1025,2015-02-20,0.3799792623402942,0.3816825946364285,0.3793538867339268,0.3822432341579289,0.1443447654954794,0.003979170458124237,0.002032725684322112,0.002421332220310879,0.002705054963610065,0.008912832555876299,0.3816825946364285
1026,2015-02-23,0.3831465357070692,0.3831463289541522,0.3841968054019679,0.3838828004381946,0.1468504980871936,0.0031672733667749697,0.001463734317723675,0.004842918668041096,0.0016395662802657363,0.002505732591714216,0.3831463289541522
1027,2015-02-24,0.3833088704919545,0.3842846249100268,0.3814524585509912,0.3837187588546067,0.1257207623254363,0.0001623347848853096,0.001138295955874613,-0.0027443468509766866,-0.00016404158358790388,-0.021129735761757307,0.3842846249100268
1028,2015-02-25,0.3841210735371588,0.3835529367355521,0.382501842866321,0.3856862552814505,0.1231625841678491,0.0008122030452042961,-0.0007316881744747206,0.0010493843153298044,0.0019674964268437956,-0.0025581781575872015,0.3835529367355521
1029,2015-02-26,0.3821718799196553,0.3855855729276807,0.3827438186200997,0.3841285793199393,0.1265161867411782,-0.0019491936175035085,0.002032636192128623,0.0002419757537787115,-0.0015576759615111846,0.0033536025733291036,0.3855855729276807
1030,2015-02-27,0.38655728079228,0.3887568630444582,0.3871831639574999,0.3897848507909334,0.2047125254579517,0.004385400872624734,0.0031712901167775254,0.004439345337400202,0.005656271470994068,0.0781963387167735,0.3887568630444582
1031,2015-03-02,0.3901305322786881,0.3902205078699882,0.3888781626304154,0.390604610624605,0.1519522861896257,0.00357325148640808,0.0014636448255299639,0.0016949986729155042,0.0008197598336716072,-0.052760239268326015,0.3902205078699882
1032,2015-03-03,0.3899681338663405,0.3885943004748724,0.3890396203463919,0.3888832036134393,0.1280371081514977,-0.00016239841234760855,-0.001626207395115764,0.0001614577159764763,-0.0017214070111656876,-0.023915178038127982,0.3885943004748724
1033,2015-03-04,0.3893184548211111,0.3894074265454787,0.388393908548995,0.3901127962128773,0.1527651924606585,-0.0006496790452293899,0.0008131260706062959,-0.000645711797396864,0.0012295925994380008,0.02472808430916079,0.3894074265454787
1034,2015-03-05,0.3879378837794247,0.3900579005543057,0.3902502926365761,0.3908505402128389,0.1450498669922176,-0.0013805710416864292,0.0006504740088270067,0.0018563840875810977,0.0007377439999615709,-0.007715325468440892,0.3900579005543057
1035,2015-03-06,0.3896432754624978,0.3924972787661246,0.3904924252245269,0.3926539329838041,0.1408920990755012,0.0017053916830730986,0.002439378211818888,0.00024213258795074966,0.0018033927709651953,-0.004157767916716404,0.3924972787661246
1036,2015-03-09,0.3950842088335081,0.39640021231128,0.3953351571624673,0.398228078305697,0.1652559780660989,0.005440933371010315,0.0039029335451553626,0.0048427319379404365,0.0055741453218929315,0.024363878990597693,0.39640021231128
1037,2015-03-10,0.3963024405435485,0.3941235309073372,0.395496693074064,0.3959328947806653,0.1697779513013784,0.0012182317100404294,-0.0022766814039427707,0.00016153591159667746,-0.0022951835250317187,0.004521973235279503,0.3941235309073372
1038,2015-03-11,0.3924043880165095,0.3951806126975641,0.3933981239130039,0.395932899182595,0.1568850830242444,-0.0038980525270390087,0.0010570817902268992,-0.0020985691610601043,4.401929709629826e-09,-0.012892868277134012,0.3951806126975641
1039,2015-03-12,0.3941097583525636,0.3963189533995355,0.3940438229289996,0.3956049647511572,0.19021715377914,0.0017053703360541128,0.0011383407019713854,0.0006456990159957043,-0.0003279344314378041,0.03333207075489561,0.3963189533995355
1040,2015-03-13,0.3980891412082066,0.3988397695074859,0.3969496191435814,0.3988020452110589,0.2845084539338545,0.003979382855642977,0.0025208161079504077,0.002905796214581813,0.003197080459901691,0.09429130015471449,0.3988397695074859
1041,2015-03-16,0.3976018050813417,0.3955058720750259,0.3963038117771423,0.3980642028944711,0.1300446078674176,-0.00048733612686491234,-0.003333897432459987,-0.0006458073664390995,-0.0007378423165878001,-0.1544638460664369,0.3955058720750259
1042,2015-03-17,0.3979266937675079,0.3972947762780179,0.3954967358380116,0.3984741320839112,0.1025398222095316,0.0003248886861662026,0.0017889042029919922,-0.0008070759391307081,0.0004099291894401058,-0.027504785657885986,0.3972947762780179
1043,2015-03-18,0.3963023513373522,0.39640021231128,0.3942051767460677,0.3967525523218797,0.1268920466299353,-0.0016243424301556897,-0.0008945639667379268,-0.0012915590919438946,-0.0017215797620314666,0.024352224420403704,0.39640021231128
1044,2015-03-19,0.396140142578795,0.3954246579093782,0.3954968040525874,0.3974085326115827,0.1192408212975615,-0.00016220875855721406,-0.0009755544019017792,0.001291627306519716,0.0006559802897029843,-0.007651225332373807,0.3954246579093782
1045,2015-03-20,0.3948405803327393,0.39640021231128,0.3934787544301966,0.3964246476522582,0.1073939506953408,-0.0012995622460557077,0.0009755544019017792,-0.0020180496223908273,-0.0009838849593244992,-0.0118468706022207,0.39640021231128
1046,2015-03-23,0.3980078334011117,0.4062391630546871,0.4032451923966218,0.401753009255839,0.1944623309723116,0.0031672530683724,0.009838950743407127,0.009766437966425234,0.0053283616035808,0.08706838027697081,0.4062391630546871
1047,2015-03-24,0.4044233818289582,0.4024987473330207,0.4021958923847682,0.4038023480157133,0.1634699151838654,0.006415548427846529,-0.0037404157216663902,-0.0010493000118536044,0.0020493387598742863,-0.03099241578844622,0.4024987473330207
1048,2015-03-25,0.4019871201465276,0.4057512963615427,0.4040523193131837,0.4047040724007076,0.1826183740126394,-0.002436261682430607,0.0032525490285220116,0.0018564269284154777,0.0009017243849943068,0.019148458828774,0.4057512963615427
1049,2015-03-26,0.4046671613159363,0.40786554943419,0.4072002779140601,0.4060157888243086,0.2117169221445574,0.0026800411694086756,0.0021142530726472875,0.0031479586008764104,0.001311716423601006,0.029098548131918006,0.40786554943419
1050,2015-03-27,0.4068538502745146,0.4020223803867476,0.4057581115943288,0.4022197217665498,0.1938096750414465,0.00218668895857832,-0.00584316904744242,-0.0014421663197313195,-0.003796067057758812,-0.017907247103110896,0.4020223803867476
1051,2015-03-30,0.4004427711372678,0.4032567909584963,0.4009383165111403,0.3962461132841137,0.1369790771328591,-0.006411079137246811,0.001234410571748723,-0.004819795083188472,-0.00597360848243611,-0.05683059790858741,0.4032567909584963
1052,2015-03-31,0.4071824726438658,0.3984011235207947,0.406574871185597,0.4016387925445143,0.1489687162199567,0.006739701506598028,-0.004855667437701605,0.005636554674456673,0.005392679260400601,0.011989639087097603,0.3984011235207947
1053,2015-04-01,0.3946892983964988,0.3935457245596738,0.3953833793109687,0.395167569217166,0.1516288718667416,-0.012493174247367012,-0.004855398961120916,-0.011191491874628312,-0.0064712233273482855,0.002660155646784901,0.3935457245596738
1054,2015-04-02,0.3955111721963873,0.401693093860576,0.4012650513085728,0.3984861600916897,0.1876152709833252,0.0008218737998885173,0.008147369300902207,0.005881671997604143,0.003318590874523686,0.035986399116583606,0.401693093860576
1055,2015-04-03,0.4020865866966742,0.3983189249410179,0.4001213707937345,0.3987350684947693,0.1420983470905822,0.006575414500286869,-0.003374168919558107,-0.001143680514838319,0.00024890840307961737,-0.045516923892743005,0.3983189249410179
1056,2015-04-06,0.3928810072044181,0.3960968785212381,0.393422728492684,0.3940889578001302,0.0886534018233575,-0.009205579492256089,-0.0022220464197797996,-0.006698642301050495,-0.004646110694639105,-0.053444945267224694,0.3960968785212381
1057,2015-04-07,0.4006893050251796,0.4038328074622886,0.4048594290079739,0.4041278384957474,0.1725779617904916,0.007808297820761478,0.007735928941050518,0.011436700515289888,0.010038880695617203,0.08392455996713409,0.4038328074622886
1058,2015-04-08,0.4040591907186856,0.405067262780134,0.4046960533752009,0.4073635120971787,0.1290044374776013,0.0033698856935060473,0.0012344553178453843,-0.0001633756327729663,0.003235673601431288,-0.0435735243128903,0.405067262780134
1059,2015-04-09,0.4047168673139959,0.4022692893487554,0.4033891059179568,0.4037131289089795,0.1154676541972477,0.000657676595310297,-0.0027979734313786087,-0.0013069474572441342,-0.0036503831881992133,-0.013536783280353598,0.4022692893487554
1060,2015-04-10,0.401922205284945,0.4004586385427306,0.4011016539374586,0.4012240453722475,0.1318976845282667,-0.0027946620290509316,-0.0018106508060247717,-0.0022874519804981785,-0.0024890835367319952,0.016430030331019002,0.4004586385427306
1061,2015-04-13,0.4006072122222286,0.4022692893487554,0.3994679481447566,0.4017219420832879,0.0816490051367518,-0.0013149930627163742,0.0018106508060247717,-0.0016337057927020004,0.0004978967110403909,-0.050248679391514894,0.4022692893487554
1062,2015-04-14,0.398141365884107,0.4009524564667461,0.3987326656422597,0.4016388999410032,0.0894051216008717,-0.0024658463381216356,-0.001316832882009289,-0.0007352825024969367,-8.304214228466167e-05,0.007756116464119903,0.4009524564667461
1063,2015-04-15,0.3999495384305192,0.4001293967626557,0.3994678060950918,0.402053673712744,0.101243251275447,0.0018081725464122456,-0.000823059704090412,0.0007351404528321281,0.0004147737717407618,0.011838129674575301,0.4001293967626557
1064,2015-04-16,0.3991276971945711,0.4031745028865259,0.4012651087623231,0.4015559732745157,0.147089416776171,-0.0008218412359481397,0.0030451061238702115,0.0017973026672312709,-0.0004977004382282768,0.045846165500723984,0.4031745028865259
1065,2015-04-17,0.4032372912016364,0.41099267515345,0.4091890327287666,0.4066998007211189,0.2193127882685096,0.0041095940070653425,0.007818172266924106,0.007923923966443536,0.005143827446603189,0.07222337149233862,0.41099267515345
1066,2015-04-20,0.4060318534527875,0.4089352943698044,0.409760909589511,0.4072806048598631,0.1276088026968675,0.002794562251151045,-0.0020573807836455904,0.0005718768607443914,0.0005808041387442286,-0.09170398557164211,0.4089352943698044
1067,2015-04-21,0.4112921338376352,0.4115687364033392,0.4111495812703639,0.4125903534555077,0.131807361609263,0.005260280384847715,0.002633442033534772,0.001388671680852882,0.005309748595644592,0.004198558912395511,0.4115687364033392
1068,2015-04-22,0.4109634023038462,0.4132147215732298,0.4115581042717809,0.4134200739632727,0.1264491729625626,-0.000328731533788984,0.001645985169890618,0.00040852300141702713,0.000829720507764975,-0.005358188646700401,0.4132147215732298
1069,2015-04-23,0.4142511411589102,0.4197162399425317,0.4210342453810612,0.4180661871306118,0.2123520962201315,0.003287738855064004,0.006501518369301906,0.0094761411092803,0.004646113167339094,0.08590292325756888,0.4197162399425317
1070,2015-04-24,0.4208264265108786,0.4202922117002273,0.4216876417966814,0.4208869252179655,0.1789267889036837,0.006575285351968385,0.0005759717576955814,0.0006533964156201777,0.0028207380873537247,-0.0334253073164478,0.4202922117002273
1071,2015-04-27,0.4183607184357825,0.4177410577386629,0.4184201035753555,0.4203062246889141,0.1188503931960619,-0.002465708075096107,-0.002551153961564412,-0.0032675382213259163,-0.0005807005290514033,-0.060076395707621785,0.4177410577386629
1072,2015-04-28,0.4191826458557855,0.4257238956417212,0.4238116845125037,0.4222974014992601,0.1859661493008714,0.0008219274200030324,0.007982837903058315,0.005391580937148199,0.001991176810345996,0.0671157561048095,0.4257238956417212
1073,2015-04-30,0.4244430128010654,0.4263822897096774,0.4246285978720523,0.4259479555924861,0.2051233490572909,0.005260366945279871,0.0006583940679562028,0.0008169133595486433,0.0036505540932260105,0.019157199756419496,0.4263822897096774
1074,2015-05-01,0.4221416351224153,0.4261354254937665,0.4235666653474232,0.4212189153773245,0.184486018886231,-0.002301377678650074,-0.00024686421591091356,-0.0010619325246291056,-0.004729040215161628,-0.020637330171059898,0.4261354254937665
1075,2015-05-07,0.4200046160932842,0.4216090445822366,0.4214426660254441,0.4226293096542413,0.192883136711022,-0.002137019029131104,-0.004526380911529904,-0.0021239993219790976,0.0014103942769168043,0.008397117824790995,0.4216090445822366
1076,2015-05-08,0.4245251291001027,0.4216912879081101,0.4329609986911726,0.4236248385342895,0.3118413346813786,0.004520513006818494,8.224332587353222e-05,0.011518332665728492,0.0009955288800482243,0.11895819797035659,0.4216912879081101
1077,2015-05-11,0.4200046666077097,0.4350235664267888,0.4326343733220743,0.4232101333767422,0.2977800957422941,-0.004520462492393018,0.013332278518678686,-0.0003266253690983323,-0.00041470515754732373,-0.014061238939084508,0.4350235664267888
1078,2015-05-12,0.4356211570896611,0.4416072386297707,0.4383526062971691,0.4393054466400584,0.2009218765023469,0.015616490481951406,0.006583672202981894,0.005718232975094828,0.016095313263316202,-0.09685821923994717,0.4416072386297707
1079,2015-05-13,0.4389088931683955,0.4432532237996613,0.440803348292908,0.4388076692193123,0.1939728390241628,0.0032877360787343934,0.001645985169890618,0.0024507419957389143,-0.0004977774207460817,-0.006949037478184122,0.4432532237996613
1080,2015-05-14,0.442689808753702,0.4412781310879861,0.4428456697873867,0.4440345756743559,0.1601483626785698,0.0037809155853065213,-0.0019750927116752304,0.002042321494478694,0.0052269064550435895,-0.03382447634559299,0.4412781310879861
1081,2015-05-15,0.442278795415403,0.4401259190960143,0.4406399892307885,0.4427070780431964,0.1384155029092721,-0.00041101333829901554,-0.0011522119919717966,-0.0022056805565981996,-0.0013274976311594688,-0.021732859769297702,0.4401259190960143
1082,2015-05-18,0.4417034909176852,0.4509069094148383,0.4475837387826528,0.4451131394572308,0.1530478157878635,-0.0005753044977178101,0.010780990318824013,0.0069437495518642756,0.0024060614140343772,0.014632312878591403,0.4509069094148383
1083,2015-05-19,0.4503337611909639,0.4507423332708976,0.4497894280365663,0.4522482526491667,0.1644955173609391,0.008630270273278728,-0.00016457614394072007,0.002205689253913512,0.007135113191935882,0.011447701573075592,0.4507423332708976
1084,2015-05-20,0.4506624988974404,0.4463805732494051,0.4484006519601385,0.4500081547733421,0.1986259261741251,0.0003287377064765118,-0.004361760021492467,-0.001388776076427789,-0.002240097875824576,0.03413040881318602,0.4463805732494051
1085,2015-05-21,0.4458130920323263,0.450495379562793,0.448890747974813,0.4500081060191945,0.1327105907992995,-0.0048494068651141475,0.004114806313387898,0.0004900960146744793,-4.875414760796559e-08,-0.0659153353748256,0.450495379562793
1086,2015-05-22,0.4497583327366568,0.4552686246902339,0.4519133083450277,0.4533267520362042,0.1532954754044864,0.003945240704330499,0.004773245127440873,0.0030225603702146997,0.0033186460170097076,0.0205848846051869,0.4552686246902339
1087,2015-05-25,0.4578131935306666,0.4618523863854094,0.4590203932184979,0.460461814399202,0.1451984627621914,0.0080548607940098,0.006583761695175494,0.007107084873470226,0.007135062362997768,-0.00809701264229501,0.4618523863854094
1088,2015-05-26,0.4618406767585247,0.4649797358351532,0.4623697366224983,0.4637805004550688,0.1223642461095587,0.00402748322785812,0.0031273494497437992,0.0033493434040003933,0.0033186860558668263,-0.02283421665263269,0.4649797358351532
1089,2015-05-27,0.4621694126794812,0.4626753565973063,0.4601640412445038,0.4629507844291703,0.1682104116102828,0.00032873592095650217,-0.0023043792378468764,-0.002205695377994532,-0.0008297160258984859,0.045846165500724095,0.4626753565973063
1090,2015-05-28,0.4615941366510431,0.459054368207934,0.4592655351577568,0.4617063758120855,0.1695914781782741,-0.0005752760284380987,-0.003620988389372304,-0.0008985060867469641,-0.0012444086170848023,0.001381066567991307,0.459054368207934
1091,2015-05-29,0.4584708714802125,0.4587252159200526,0.4578768488452582,0.4624531181128433,0.181808381384155,-0.0031232651708306136,-0.0003291522878813846,-0.0013886863124986104,0.0007467423007577745,0.012216903205880897,0.4587252159200526
1092,2015-06-01,0.4558406659585033,0.4616878997336623,0.4586937174465395,0.4583048032838008,0.1392895956738235,-0.0026302055217091724,0.002962683813609701,0.0008168686012812731,-0.004148314829042488,-0.04251878571033149,0.4616878997336623
1093,2015-06-02,0.4624160181211325,0.4601241578896452,0.4604091408269565,0.46361453051713,0.1430656764166858,0.006575352162629167,-0.0015637418440170858,0.001715423380417025,0.005309727233329176,0.0037760807428622867,0.4601241578896452
1094,2015-06-03,0.4606077234753262,0.4656380404109159,0.4635133638577396,0.4641122810513818,0.1557487624303275,-0.0018082946458062854,0.005513882521270663,0.0031042230307831153,0.0004977505342518285,0.012683086013641709,0.4656380404109159
1095,2015-06-04,0.4661967635502197,0.4648973135248925,0.4635133126924822,0.4654396971946084,0.1317082977626139,0.005589040074893525,-0.0007407268860233907,-5.116525741977185e-08,0.001327416143226623,-0.024040464667713618,0.4648973135248925
1096,2015-06-05,0.4606900400515173,0.4582313979960371,0.4583669594800805,0.4605448733988048,0.1701858612581691,-0.005506723498702404,-0.006665915528855371,-0.0051463532124017,-0.004894823795803638,0.0384775634955552,0.4582313979960371
1097,2015-06-08,0.4600323653029171,0.4595480518936592,0.4573048569201657,0.4611255024693378,0.1154618269121507,-0.0006576747486002343,0.0013166538976220887,-0.0010621025599147904,0.000580629070533023,-0.054724034346018385,0.4595480518936592
1098,2015-06-09,0.454196786176261,0.4540342141184853,0.4569781749015862,0.4577239941516572,0.1634174696179923,-0.005835579126656054,-0.005513837775173891,-0.00032668201857949386,-0.0034015083176806016,0.0479556427058416,0.4540342141184853
1099,2015-06-10,0.4528816783389464,0.4534581081224994,0.4566514168114112,0.4570602604946192,0.2128066244576982,-0.001315107837314644,-0.0005761059959858983,-0.00032675809017501667,-0.0006637336570380348,0.04938915483970591,0.4534581081224994
1100,2015-06-11,0.4545254858147628,0.462839932741247,0.4594288160788644,0.4588024817228209,0.1812839257254241,0.001643807475816439,0.009381824618747592,0.0027773992674531844,0.0017422212282017235,-0.03152269873227412,0.462839932741247
1101,2015-06-12,0.4622516554242195,0.4604533996697201,0.4598373679200059,0.4605448478141939,0.2275263466127448,0.007726169609456657,-0.0023865330715269195,0.00040855184114152454,0.0017423660913730155,0.046242420887320695,0.4604533996697201
1102,2015-06-15,0.4586351619033864,0.460371066851653,0.4585302802202175,0.459632174995903,0.1337012292657912,-0.0036164935208330973,-8.233281806707682e-05,-0.0013070876997883785,-0.0009126728182909383,-0.09382511734695359,0.460371066851653
1103,2015-06-16,0.4602790967679316,0.4617702325517294,0.4601641768543407,0.4634487175493544,0.1374656554384595,0.0016439348645452267,0.0013991657000763658,0.0016338966341231664,0.0038165425534514297,0.0037644261726683115,0.4617702325517294
1104,2015-06-17,0.4618406029947051,0.457737490579828,0.459837269316244,0.4609595693570172,0.1358981157473638,0.0015615062267734792,-0.004032741971901399,-0.00032690753809666573,-0.0024891481923371983,-0.0015675396910957151,0.457737490579828
1105,2015-06-18,0.4556761767587539,0.4503307586727555,0.4536287857484573,0.4526629744357469,0.1738075189459606,-0.006164426235951204,-0.007406731907072472,-0.006208483567786749,-0.008296594921270328,0.037909403198596814,0.4503307586727555
1106,2015-06-19,0.4515665967096454,0.456420791936109,0.4548541909996353,0.4544053061363457,0.2104378330657638,-0.004109580049108497,0.0060900332633535,0.0012254052511780356,0.0017423317005988426,0.03663031411980319,0.456420791936109
1107,2015-06-22,0.4541967863990668,0.4569146098601246,0.4544457811016072,0.4560646824289371,0.1207296926398475,0.002630189689421414,0.0004938179240155938,-0.0004084098980280948,0.0016593762925913857,-0.08970814042591631,0.4569146098601246
1108,2015-06-23,0.4592926827556444,0.4608648400295718,0.4601640750209331,0.4602959134501894,0.1669983363101048,0.0050958963565775894,0.0039502301694471775,0.005718293919325879,0.00423123102125228,0.046268643670257306,0.4608648400295718
1109,2015-06-24,0.4624160074967635,0.460617931067564,0.461471120139605,0.4643612147059431,0.159364592833022,0.0031233247411190934,-0.0002469089620077969,0.0013070451186719123,0.004065301255753717,-0.007633743477082788,0.460617931067564
1110,2015-06-25,0.4554296639686522,0.4600419145637716,0.4586119977141002,0.4596321917871381,0.0961909950963395,-0.006986343528111283,-0.0005760165037924092,-0.00285912242550479,-0.004729022918805004,-0.06317359773668252,0.4600419145637716
1111,2015-06-26,0.4570735952886298,0.4528821363648038,0.4549360002806542,0.4541565161996699,0.126422950179626,0.0016439313199775873,-0.007159778198967792,-0.0036759974334460432,-0.005475675587468198,0.030231955083286494,0.4528821363648038
1112,2015-06-29,0.4405527833418132,0.44292407151178,0.4448062527869377,0.4436197597768291,0.1345228764644696,-0.016520811946816594,-0.009958064853023807,-0.010129747493716479,-0.010536756422840798,0.0080999262848436,0.44292407151178
1113,2015-06-30,0.4421966487208588,0.4430886476557206,0.4427639651134565,0.4452790632449017,0.1387476581598016,0.0016438653790455948,0.00016457614394060904,-0.0020422876734811912,0.0016593034680725816,0.004224781695332025,0.4430886476557206
1114,2015-07-01,0.444251486260513,0.4414427519780236,0.443172479322605,0.4437027376630272,0.1467980525213205,0.0020548375396541863,-0.001645895677697018,0.0004085142091485028,-0.0015763255818744826,0.008050394361518887,0.4414427519780236
1115,2015-07-02,0.4445801782252488,0.4489317272109695,0.4470118465858295,0.4486806145148413,0.1585167228514071,0.00032869196473583884,0.007488975232945949,0.00383936726322448,0.0049778768518141114,0.011718670330086611,0.4489317272109695
1116,2015-07-03,0.4484432158969309,0.4514006378466603,0.4508512943456982,0.4526629788348649,0.1109194581790316,0.0038630376716821124,0.0024689106356907686,0.0038394477598687193,0.003982364320023579,-0.04759726467237552,0.4514006378466603
1117,2015-07-06,0.4438403900632457,0.443911528375424,0.4430089353162845,0.4466893738751991,0.1499768365417393,-0.004602825833685209,-0.007489109471236266,-0.007842359029413715,-0.0059736049596658125,0.0390573783627077,0.443911528375424
1118,2015-07-07,0.4486899479686466,0.4409490235462016,0.4460317026179424,0.4439516917726424,0.1799640456509514,0.00484955790540087,-0.0029625048292224454,0.0030227673016579026,-0.0027376821025567044,0.0299872091092121,0.4409490235462016
1119,2015-07-08,0.4382514070146147,0.4244894850699726,0.4359019474839529,0.427109494093325,0.3090704606177505,-0.010438540954031905,-0.016459538476228996,-0.010129755133989504,-0.016842197679317383,0.12910641496679912,0.4244894850699726
1120,2015-07-09,0.4140867102955207,0.4262999568916104,0.423403211061165,0.4152453041768386,0.3169489500689076,-0.024164696719093992,0.0018104718216377935,-0.01249873642278787,-0.011864189916486412,0.0078784894511571,0.4262999568916104
1121,2015-07-10,0.4290457254220298,0.4305793840950357,0.4320623997228968,0.4310087995256491,0.1922421353503509,0.014959015126509101,0.0042794272034253344,0.008659188661731765,0.015763495348810497,-0.12470681471855671,0.4305793840950357
1122,2015-07-13,0.4297854504582173,0.4362578875063438,0.4358201752955596,0.4338296474731716,0.1534819485275907,0.0007397250361875218,0.0056785034113081,0.003757775572662825,0.00282084794752252,-0.038760186822760195,0.4362578875063438
1123,2015-07-14,0.4421966468536231,0.446298240431338,0.4453780878267735,0.4456109358943338,0.1535664441614973,0.012411196395405777,0.010040352924994167,0.009557912531213908,0.011781288421162217,8.449563390661163e-05,0.446298240431338
1124,2015-07-15,0.4469637485289305,0.4435823760875427,0.4452146326570184,0.4471872176247217,0.1367692948693668,0.004767101675307417,-0.0027158643437952823,-0.0001634551697551334,0.001576281730387874,-0.016797149292130525,0.4435823760875427
1125,2015-07-16,0.4472103381211048,0.4482733331430132,0.4452963449112617,0.4474361274736764,0.1696177009612106,0.00024658959217427334,0.004690957055470513,8.171225424330464e-05,0.0002489098489547037,0.03284840609184381,0.4482733331430132
1126,2015-07-17,0.4477034818365622,0.4514006378466603,0.4480738284504846,0.4496761995821794,0.1493183533257772,0.0004931437154574447,0.0031273047036470825,0.0027774835392229136,0.0022400721085030217,-0.020299347635433396,0.4514006378466603
1127,2015-07-21,0.4518953461413564,0.4460513314693303,0.4492175268559049,0.4476021051808023,0.1598657393513649,0.0041918643047941795,-0.005349306377329999,0.0011436984054202792,-0.0020740944013771245,0.01054738602558769,0.4460513314693303
1128,2015-07-22,0.4454842189470608,0.4456397568711882,0.4448878281842269,0.4467723356636096,0.1032624055615609,-0.006411127194295596,-0.00041157459814211705,-0.004329698671677984,-0.0008297695171927133,-0.05660333378980399,0.4456397568711882
1129,2015-07-23,0.4477857347642416,0.4446523000075442,0.4450513102736307,0.4447812602631414,0.1072774049934006,0.0023015158171807992,-0.0009874568636439873,0.00016348208940381026,-0.0019910754004681674,0.004014999431839708,0.4446523000075442
1130,2015-07-24,0.4400596004242709,0.431896216977045,0.4374540566725425,0.4349082925307735,0.2165098641368479,-0.007726134339970714,-0.012756083030499188,-0.007597253601088205,-0.009872967732367899,0.10923245914344729,0.431896216977045
1131,2015-07-27,0.4297033524449206,0.4290158212354057,0.429039927406928,0.4315066921496481,0.1702208249687511,-0.010356247979350308,-0.0028803957416392856,-0.008414129265614523,-0.0034016003811254136,-0.04628903916809679,0.4290158212354057
1132,2015-07-28,0.4262512551631394,0.4250655463198617,0.4251187658676753,0.4246205112670617,0.1715552732559664,-0.003452097281781197,-0.003950274915544005,-0.003921161539252704,-0.006886180882586412,0.0013344482872152952,0.4250655463198617
1133,2015-07-29,0.4275663273992467,0.4312378229090887,0.4310821812422606,0.4305940497217696,0.1650811595131886,0.0013150722361073286,0.006172276589226977,0.005963415374585335,0.005973538454707938,-0.006474113742777787,0.4312378229090887
1134,2015-07-30,0.4352924862110033,0.4388915085242656,0.4368822526617017,0.4386418084081649,0.1630765734398172,0.007726158811756589,0.007653685615176931,0.005800071419441111,0.00804775868639529,-0.002004586073371395,0.4388915085242656
1135,2015-07-31,0.4365252962386616,0.4410311773798815,0.4399864411105766,0.4406329138839733,0.1361457753639867,0.0012328100276582932,0.002139668855615895,0.0031041884488748894,0.0019911054758083857,-0.026930798075830514,0.4410311773798815
1136,2015-08-03,0.437758196172092,0.4359287352184625,0.4356568206998804,0.437314269986766,0.1511772572717234,0.001232899933430398,-0.00510244216141903,-0.004329620410696233,-0.0033186438972073184,0.015031481907736705,0.4359287352184625
1137,2015-08-04,0.4281415957005962,0.4060547643898748,0.4263440166225675,0.4063678530185287,0.4587646738322849,-0.009616600471495818,-0.02987397082858767,-0.009312804077312886,-0.0309464169682373,0.30758741656056154,0.4060547643898748
1138,2015-08-05,0.4060318248911895,0.3993887593688259,0.4043692902292097,0.3981542853766835,0.4087549131297474,-0.02210977080940668,-0.006666005021048915,-0.02197472639335779,-0.008213567641845165,-0.05000976070253754,0.3993887593688259
1139,2015-08-06,0.4019221919655834,0.3966729397711273,0.400448124506321,0.3998965644393888,0.237228776299266,-0.0041096329256061215,-0.002715819597698621,-0.003921165722888698,0.0017422790627052986,-0.17152613683048137,0.3966729397711273
1140,2015-08-07,0.3912371823435228,0.400623259432768,0.398405894784795,0.391682969617451,0.3193439642437786,-0.010685009622060593,0.003950319661640722,-0.002042229721526012,-0.008213594821937786,0.08211518794451259,0.400623259432768
1141,2015-08-10,0.3981413026392084,0.4016107610425088,0.39954951988107,0.3972416434480936,0.1855961166972113,0.006904120295685601,0.0009875016097408151,0.001143625096275025,0.005558673830642569,-0.1337478475465673,0.4016107610425088
1142,2015-08-11,0.4020044422238406,0.4032567909584963,0.403307338971645,0.4048745779850476,0.1584263999324034,0.0038631395846321914,0.0016460299159875014,0.0037578190905749875,0.007632934536954017,-0.027169716764807894,0.4032567909584963
1143,2015-08-12,0.3992921307989819,0.3954385739454754,0.3987327128061317,0.3965780347537872,0.2208803279596052,-0.002712311424858671,-0.007818217013020934,-0.004574626165513296,-0.00829654323126039,0.06245392802720179,0.3954385739454754
1144,2015-08-13,0.3981412809438863,0.3997179116567072,0.3976705907744358,0.3983201910530134,0.1569113058071809,-0.0011508498550956148,0.004279337711231845,-0.0010621220316959223,0.001742156299226194,-0.06396902215242428,0.3997179116567072
1145,2015-08-14,0.3974838858353185,0.39420411862763,0.3951383326892538,0.3967439612436953,0.1461337420202614,-0.000657395108567771,-0.00551379302907723,-0.002532258085181982,-0.001576229809318097,-0.01077756378691952,0.39420411862763
1146,2015-08-17,0.3969084435070895,0.3972490457671132,0.3949748481719637,0.3984031896876095,0.0820161240978634,-0.0005754423282290366,0.003044927139483178,-0.00016348451729009117,0.0016592284439141958,-0.064117617922398,0.3972490457671132
1147,2015-08-18,0.3971549497787527,0.3998001997286776,0.3988959329008964,0.4000624595965423,0.0915553898016683,0.00024650627166322714,0.002551153961564412,0.003921084728932711,0.0016592699089327811,0.009539265703804908,0.3998001997286776
1148,2015-08-19,0.3983879910682593,0.3954385739454754,0.3988144135613525,0.3981543706632201,0.1202664234746352,0.0012330412895065757,-0.004361625783202205,-8.151933954392288e-05,-0.0019080889333221718,0.0287110336729669,0.3954385739454754
1149,2015-08-20,0.3931276378191801,0.3832585521648654,0.3908086563795397,0.3851286711346299,0.2291987774355866,-0.005260353249079197,-0.012180021780610006,-0.00800575718181279,-0.013025699528590229,0.10893235396095138,0.3832585521648654
1150,2015-08-21,0.3779218460116361,0.3813655685407734,0.3836197618515544,0.3788231122849484,0.2247409043363742,-0.015205791807544,-0.0018929836240919595,-0.007188894527985323,-0.006305558849681481,-0.004457873099212389,0.3813655685407734
1151,2015-08-24,0.3731548043063301,0.3640009731381127,0.3770029250128463,0.3669590839609892,0.235139694591988,-0.004767041705306008,-0.01736459540266072,-0.006616836838708062,-0.01186402832395922,0.010398790255613799,0.3640009731381127
1152,2015-08-25,0.3453735674424635,0.3429327656783835,0.3603379146295193,0.3446410932294256,0.4641082942662428,-0.027781236863866576,-0.021068207459729205,-0.016665010383327017,-0.022317990731563597,0.22896859967425479,0.3429327656783835
1153,2015-08-26,0.3452093127995524,0.3531377618664635,0.3518421795060535,0.3415714878440858,0.3112032469632561,-0.00016425464291108804,0.010204996188080018,-0.008495735123465797,-0.003069605385339791,-0.1529050473029867,0.3531377618664635
1154,2015-08-27,0.3617299390332757,0.3558534695989201,0.361890040235483,0.3579156974669482,0.2014521594461748,0.0165206262337233,0.002715707732456607,0.01004786072942948,0.01634420962286237,-0.10975108751708126,0.3558534695989201
1155,2015-08-28,0.3703601592609725,0.377909111549245,0.3817408836122298,0.3728495828986839,0.2690049619332601,0.008630220227696772,0.02205564195032489,0.019850843376746807,0.014933885431735738,0.06755280248708531,0.377909111549245
1156,2015-08-31,0.373319204651628,0.3711608632023224,0.3754508155129638,0.3718540988223352,0.1967641085856305,0.0029590453906555014,-0.006748248346922614,-0.006290068099266022,-0.000995484076348696,-0.07224085334762961,0.3711608632023224
1157,2015-09-01,0.3713464610985905,0.3620257461881471,0.3774112732834526,0.3649678050203711,0.1813975577848158,-0.0019727435530375037,-0.009135117014175298,0.0019604577704888104,-0.006886293801964094,-0.015366550800814699,0.3620257461881471
1158,2015-09-02,0.3542504597388844,0.3534668917812965,0.3589492375299571,0.355094904222677,0.1938621206073196,-0.01709600135970607,-0.008558854406850613,-0.018462035753495476,-0.00987290079769415,0.0124645628225038,0.3534668917812965
1159,2015-09-03,0.3566339227649817,0.3543720381999218,0.357723730635003,0.3571689217819854,0.1098384967935363,0.0023834630260972656,0.0009051464186253244,-0.0012255068949540981,0.0020740175593084165,-0.08402362381378331,0.3543720381999218
1160,2015-09-04,0.3583601051260398,0.3507510721835979,0.3575604955163722,0.349204312472892,0.152456346350517,0.0017261823610580929,-0.00362096601632389,-0.0001632351186308112,-0.007964609309093373,0.0426178495569807,0.3507510721835979
1161,2015-09-07,0.345209314027717,0.3489406003619601,0.349473158101285,0.3453879099092908,0.1633009239160521,-0.01315079109832279,-0.0018104718216377935,-0.008087337415087215,-0.0038164025636012178,0.010844577565535113,0.3489406003619601
1162,2015-09-08,0.3498120362587621,0.3493520183487634,0.3550280617263222,0.3521910821500548,0.1570482470069606,0.004602722231045131,0.00041141798680327524,0.005554903625037189,0.006803172240763988,-0.006252676909091509,0.3493520183487634
1163,2015-09-09,0.360743712447779,0.3664699061468519,0.3639324053192141,0.3599899450304114,0.1937193521224429,0.010931676189016859,0.017117887798088482,0.008904343592891939,0.007798862880356583,0.0366711051154823,0.3664699061468519
1164,2015-09-10,0.3606614834330466,0.3630956701081486,0.36344223417052,0.3618151527354753,0.1634524333285743,-8.222901473237121e-05,-0.0033742360387032933,-0.0004901711486940963,0.001825207705063947,-0.030266918793868614,0.3630956701081486
1165,2015-09-11,0.36041485810254,0.3605444266543907,0.3593576585175626,0.3597409732937092,0.2189893739456256,-0.0002466253305066224,-0.002551243453757901,-0.004084575652957445,-0.002074179441766133,0.055536940617051306,0.3605444266543907
1166,2015-09-14,0.3603327230102267,0.3523147245354214,0.3584590775436466,0.354016349988482,0.1045968538487761,-8.213509231330685e-05,-0.008229702118969284,-0.0008985809739159856,-0.005724623305227161,-0.1143925200968495,0.3523147245354214
1167,2015-09-15,0.3529354372797203,0.3489406003619601,0.3559267397165957,0.3511955478060481,0.1635689790305145,-0.007397285730506353,-0.0033741241734612792,-0.002532337827050868,-0.0028208021824339125,0.058972125181738416,0.3489406003619601
1168,2015-09-16,0.35474354815314,0.3570879249167655,0.3575604361663532,0.3551778126768365,0.115330712997468,0.0018081108734196993,0.00814732455480538,0.0016336964497574713,0.003982264870788399,-0.04823826603304651,0.3570879249167655
1169,2015-09-17,0.3637026012519564,0.3635071552140971,0.3676084417025925,0.3624788803752989,0.1522523913721216,0.008959053098816394,0.006419230297331602,0.010048005536239302,0.0073010676984623935,0.0369216783746536,0.3635071552140971
1170,2015-09-18,0.3591819657203459,0.3501749661876119,0.3574787488316174,0.3529377415867339,0.2116440810808448,-0.0045206355316105284,-0.013332189026485197,-0.010129692870975093,-0.009541138788564996,0.05939168970872319,0.3501749661876119
1171,2015-09-24,0.3466887009387728,0.3418629312505755,0.3446533309372078,0.3423181035089764,0.2160815586822177,-0.012493264781573088,-0.008312034937036417,-0.012825417894409608,-0.01061963807775751,0.004437477601372919,0.3418629312505755
1172,2015-09-25,0.3431544858203091,0.3485290928829633,0.3464505884216802,0.3428989257515947,0.1581146401797134,-0.0035342151184636905,0.0066661616323878126,0.0017972574844724032,0.0005808222426182952,-0.057966918502504294,0.3485290928829633
1173,2015-09-28,0.3468384164375196,0.3345379504623122,0.3452991089402794,0.3347379052944863,0.2897967151593908,0.003683930617210507,-0.013991142420651081,-0.001151479481400819,-0.00816102045710837,0.1316820749796774,0.3345379504623122
1174,2015-09-29,0.3285399061389733,0.3160496015852289,0.3265336618668944,0.3169388919451756,0.3797233787764449,-0.01829851029854629,-0.018488348877083338,-0.018765447073384955,-0.01779901334931072,0.08992666361705409,0.3160496015852289
1175,2015-09-30,0.322800971864957,0.3253771491885877,0.3247977782213098,0.3212208321010449,0.1964494351903919,-0.0057389342740163385,0.009327547603358799,-0.001735883645584635,0.0042819401558693015,-0.183273943586053,0.3253771491885877
1176,2015-10-01,0.3285399775455173,0.3288748844543916,0.3292617362593257,0.326006353323756,0.1758820324404961,0.005739005680560294,0.0034977352658039362,0.004463958038015914,0.004785521222711087,-0.020567402749895797,0.3288748844543916
1177,2015-10-02,0.3242148909274847,0.3252937872102947,0.3242190599072901,0.3220603145594058,0.1533246118299714,-0.004325086618032603,-0.003581097244096887,-0.005042676352035591,-0.003946038764350179,-0.02255742061052471,0.3252937872102947
1178,2015-10-05,0.3326986388296303,0.3421163955157609,0.3430670111486752,0.3349896845461855,0.2028798442949422,0.008483747902145622,0.01682260830546617,0.018847951241385108,0.012929369986779682,0.049555232464970816,0.3421163955157609
1179,2015-10-06,0.3504980643022671,0.3445315884622726,0.3510857347096046,0.3459881507419128,0.1568413783860168,0.0177994254726368,0.002415192946511713,0.008018723560929364,0.010998466195727308,-0.04603846590892541,0.3445315884622726
1180,2015-10-07,0.3543241568172222,0.3695990901865635,0.3686111580522857,0.3567347573049908,0.324673016464994,0.0038260925149550817,0.025067501724290897,0.017525423342681146,0.01074660656307802,0.16783163807897722,0.3695990901865635
1181,2015-10-08,0.3635564457862397,0.36693399028956,0.3712563815760933,0.3669774408228295,0.1942962533470468,0.00923228896901751,-0.002665099897003531,0.0026452235238075827,0.010242683517838691,-0.13037676311794721,0.36693399028956
1182,2015-10-09,0.3742859313998458,0.3813414951407081,0.3797710206842896,0.377807888797177,0.2535160381454082,0.010729485613606093,0.014407504851148112,0.008514639108196276,0.010830447974347512,0.059219784798361375,0.3813414951407081
1183,2015-10-13,0.3759495397536385,0.3716810589503872,0.3765471434425462,0.3722668306774998,0.1837867446745898,0.0016636083537927004,-0.009660436190320865,-0.003223877241743389,-0.0055410581196772,-0.06972929347081838,0.3716810589503872
1184,2015-10-14,0.3643049642651007,0.3598551130335625,0.3638163205256044,0.3593372618098839,0.1936261155608907,-0.011644575488537812,-0.011825945916824732,-0.012730822916941775,-0.012929568867615926,0.009839370886300908,0.3598551130335625
1185,2015-10-15,0.3563202817796051,0.3630198478471623,0.3615017268024738,0.3565667546061094,0.1655182058954643,-0.007984682485495553,0.003164734813599801,-0.0023145937231306424,-0.002770507203774475,-0.028107909665426423,0.3630198478471623
1186,2015-10-16,0.3659686119117775,0.3639360018055945,0.3658831638780194,0.3652984155832314,0.1257149350403393,0.009648330132172367,0.0009161539584321976,0.004381437075545613,0.008731660977121969,-0.039803270855125,0.3639360018055945
1187,2015-10-19,0.3638892836905845,0.3566073518373955,0.3634031791946614,0.3579101773673434,0.1279030805942665,-0.0020793282211929998,-0.007328649968198986,-0.002479984683357972,-0.007388238215888021,0.002188145553927212,0.3566073518373955
1188,2015-10-20,0.3527437793581798,0.3596886351805088,0.3578644182648453,0.3539641165483254,0.1420138514566755,-0.011145504332404688,0.0030812833431133058,-0.005538760929816144,-0.0039460608190179935,0.014110770862409,0.3596886351805088
1189,2015-10-21,0.3608118075313968,0.3715145587242852,0.3697685087414817,0.3642069760589098,0.1424975161197274,0.008068028173217001,0.011825923543776373,0.01190409047663643,0.010242859510584401,0.0004836646630519137,0.3715145587242852
1190,2015-10-22,0.3686300840310624,0.3688494364542334,0.3735710340958873,0.3694121665009247,0.1320025756600129,0.0078182764996656,-0.0026651222700517785,0.003802525354405617,0.005205190442014895,-0.010494940459714525,0.3688494364542334
1191,2015-10-23,0.3801082678464315,0.376594605464268,0.3789444435633953,0.378899444431602,0.1618936345651243,0.01147818381536908,0.0077451690100345805,0.0053734094675079724,0.00948727793067733,0.0298910589051114,0.376594605464268
1192,2015-10-26,0.3817716867528848,0.3779270099879552,0.3802670577137775,0.3803266446418593,0.1192583031528526,0.001663418906453329,0.001332404523687214,0.0013226141503822064,0.0014272002102572734,-0.04263533141227169,0.3779270099879552
1193,2015-10-27,0.3751177991250133,0.3656015857658728,0.3732404485141699,0.3680689602166698,0.1894188157208497,-0.006653887627871502,-0.012325424222082382,-0.007026609199607625,-0.012257684425189486,0.0701605125679971,0.3656015857658728
1194,2015-10-28,0.3664676029764756,0.3662678104007648,0.365800430057709,0.3672293670800393,0.1231742387380431,-0.008650196148537681,0.0006662246348919654,-0.007440018456460862,-0.000839593136630512,-0.0662445769828066,0.3662678104007648
1195,2015-10-29,0.3705430909580487,0.3688494364542334,0.3683630291141883,0.3694121665009247,0.127023160544618,0.004075487981573089,0.002581626053468622,0.0025625990564792644,0.002182799420885395,0.0038489218065749092,0.3688494364542334
1196,2015-10-30,0.3684638238215419,0.3685164136289809,0.3686937853912335,0.3668935560558439,0.1482985784338006,-0.0020792671365068016,-0.0003330228252524936,0.0003307562770452077,-0.0025186104450807822,0.02127541788918258,0.3685164136289809
1197,2015-11-02,0.3626415042709559,0.3584393465315824,0.3606750172322356,0.359421252002525,0.1491260529175759,-0.0058223195505860414,-0.010077067097398529,-0.00801876815899788,-0.00747230405331889,0.0008274744837753201,0.3584393465315824
1198,2015-11-04,0.3636396977965817,0.3612709914007846,0.3636511177148823,0.3638710770139436,0.2443060140495843,0.0009981935256258012,0.0028316448692022322,0.002976100482646682,0.004449825011418607,0.09517996113200838,0.3612709914007846
1199,2015-11-05,0.361809854435785,0.3388685448274004,0.3677844558143602,0.3398593089724733,0.4478559961306827,-0.001829843360796668,-0.022402446573384194,0.004133338099477912,-0.024011768041470316,0.20354998208109842,0.3388685448274004
1200,2015-11-06,0.3367742501601635,0.3372861886071247,0.3362057242568024,0.3313795820365389,0.5402388604161265,-0.025035604275621515,-0.0015823562202756936,-0.031578731557557804,-0.008479726935934406,0.09238286428544373,0.3372861886071247
1201,2015-11-09,0.3389368097326605,0.3494451349761535,0.3468697346310581,0.341958203648315,0.2512521378852199,0.0021625595724970026,0.012158946369028756,0.010664010374255684,0.010578621611776085,-0.28898672253090657,0.3494451349761535
1202,2015-11-10,0.3426796607572198,0.3420331677757583,0.3437283982957684,0.3411186415277341,0.2741591956015652,0.0037428510245592905,-0.007411967200395164,-0.0031413363352896795,-0.0008395621205808945,0.022907057716345325,0.3420331677757583
1203,2015-11-11,0.3435114130029596,0.3477795510158751,0.3462084271995425,0.345820267752877,0.2009480992852834,0.0008317522457398363,0.005746383240116781,0.0024800289037740786,0.004701626225142919,-0.07321109631628181,0.3477795510158751
1204,2015-11-12,0.3427627578366024,0.3470299420296417,0.3455470194088596,0.3459041515187594,0.152738969677722,-0.0007486551663571928,-0.0007496089862333855,-0.0006614077906828553,8.388376588241986e-05,-0.04820912960756141,0.3470299420296417
1205,2015-11-13,0.3415151985987299,0.3415334881130651,0.3400910743864675,0.3412865494989006,0.1979936657410995,-0.0012475592378725087,-0.005496453916576605,-0.005455945022392106,-0.004617602019858835,0.04525469606337751,0.3415334881130651
1206,2015-11-16,0.3330313953634611,0.3389517949404514,0.3384377326018984,0.3358293468076652,0.1401491202256324,-0.008483803235268816,-0.002581693172613697,-0.0016533417845691067,-0.005457202691235397,-0.05784454551546711,0.3389517949404514
1207,2015-11-17,0.3448421466157913,0.3452810632102156,0.3477790338873759,0.3460720681067682,0.2169585650893177,0.01181075125233022,0.00632926826976421,0.009341301285477499,0.01024272129910303,0.07680944486368532,0.3452810632102156
1208,2015-11-18,0.3445095155903635,0.3437820913412812,0.3462084336739541,0.3454004977799445,0.1423518339923021,-0.00033263102542779865,-0.00149897186893444,-0.0015706002134218133,-0.0006715703268236894,-0.0746067310970156,0.3437820913412812
1209,2015-11-19,0.3483355378255102,0.3494451349761535,0.3513337399253859,0.3506058191097288,0.1860564722198751,0.0038260222351466644,0.0056630436348723,0.005125306251431816,0.005205321329784296,0.04370463822757298,0.3494451349761535
1210,2015-11-20,0.347503849498428,0.349195362263952,0.3466218027363837,0.3469957120512916,0.1384592075474996,-0.0008316883270821918,-0.00024977271220150143,-0.004711937189002202,-0.0036101070584372286,-0.04759726467237549,0.349195362263952
1211,2015-11-24,0.3503317982379477,0.3506111511389805,0.34868848144443,0.3505219197844853,0.133307887521743,0.0028279487395196923,0.001415788875028523,0.0020666787080462767,0.0035262077331937314,-0.005151320025756606,0.3506111511389805
1212,2015-11-25,0.3478365294005682,0.350777673738131,0.3499284548782962,0.3511096030990707,0.1375880284254967,-0.002495268837379494,0.00016652259915050927,0.001239973433866226,0.0005876833145853633,0.004280140903753699,0.350777673738131
1213,2015-11-26,0.3526606845522847,0.3520268952679123,0.3519124707429902,0.3536283367012894,0.106345039377879,0.004824155151716525,0.001249221529781297,0.0019840158646939887,0.0025187336022187146,-0.0312429890476177,0.3520268952679123
1214,2015-11-27,0.3525774489437219,0.3521933954940143,0.352739097815305,0.3543839017771942,0.1362594074233785,-8.323560856282608e-05,0.00016650022610198434,0.0008266270723147895,0.000755565075904796,0.029914368045499504,0.3521933954940143
1215,2015-11-30,0.3509970674299975,0.3451145182380168,0.3499283653340664,0.3466597855284568,0.2239629617759234,-0.001580381513724416,-0.007078877255997484,-0.002810732481238587,-0.007724116248737423,0.0877035543525449,0.3451145182380168
1216,2015-12-01,0.3450084984109871,0.3530261651011051,0.3521603745157419,0.348254960891092,0.1631231917205933,-0.0059885690190104035,0.007911646863088317,0.0022320091816754872,0.0015951753626352039,-0.06083977005533009,0.3530261651011051
1217,2015-12-02,0.3526606712383843,0.350777673738131,0.3526564584244771,0.3536283233508575,0.1178918047976038,0.007652172827397219,-0.0022484913629741143,0.0004960839087352342,0.005373362459765496,-0.0452313869229895,0.350777673738131
1218,2015-12-03,0.347586977836881,0.3515271708591224,0.3496804268791899,0.34951437569399,0.1655007240401733,-0.005073693401503321,0.0007494971209913714,-0.00297603154528725,-0.004113947656867456,0.04760891924256949,0.3515271708591224
1219,2015-12-04,0.3455075809043319,0.3456142426468068,0.344637724176856,0.3469956357176008,0.1550990201420109,-0.002079396932549049,-0.0059129282123155935,-0.005042702702333868,-0.0025187399763892393,-0.01040170389816239,0.3456142426468068
1220,2015-12-07,0.3443430564325341,0.3423662129740591,0.3426536331014979,0.3436372739824921,0.2016561144245701,-0.0011645244717978231,-0.0032480296727476765,-0.00198409107535813,-0.0033583617351086725,0.04655709428255919,0.3423662129740591
1221,2015-12-08,0.3414320608091161,0.3354540149285507,0.3410830921067687,0.3369207744095801,0.2340295967810077,-0.002910995623418011,-0.006912198045508411,-0.001570540994729197,-0.0067164995729119825,0.03237348235643761,0.3354540149285507
1222,2015-12-09,0.3335304688150688,0.3336218859960736,0.3346351069934886,0.3347379166984656,0.23061480771416,-0.007901591994047275,-0.001832128932477084,-0.006447985113280097,-0.0021828577111145386,-0.003414789066847723,0.3336218859960736
1223,2015-12-10,0.329538018218525,0.3322060300018999,0.3337256856615253,0.3313795466498586,0.2677608365650485,-0.003992450596543795,-0.0014158559941737092,-0.0009094213319633115,-0.0033583700486070067,0.037146028850888524,0.3322060300018999
1224,2015-12-11,0.3356929703814118,0.3382855255594627,0.3359576946317926,0.3369207365834402,0.2636584278567537,0.0061549521628868065,0.006079495557562764,0.0022320089702673185,0.005541189933581603,-0.0041024087082948135,0.3382855255594627
1225,2015-12-14,0.3293716978551483,0.3308735807321159,0.3297577001907181,0.3301202056524652,0.2363255471092295,-0.006321272526263522,-0.00741194482734675,-0.006199994441074497,-0.006800530930974991,-0.027332880747524185,0.3308735807321159
1226,2015-12-15,0.3315342369078279,0.328458432531701,0.3323203876516125,0.330959796928607,0.22254693149735,0.0021625390526796018,-0.0024151482004149405,0.002562687460894386,0.0008395912761418045,-0.013778615611879513,0.328458432531701
1227,2015-12-16,0.3326987237994096,0.3355373097876986,0.3349657352853359,0.3344020585013352,0.1846754056518838,0.0011644868915817175,0.007078877255997595,0.002645347633723427,0.0034422615727282,-0.037871525845466186,0.3355373097876986
1228,2015-12-17,0.3403507791637308,0.3368698038035793,0.340835091117542,0.3385999409207829,0.1885039319606192,0.007652055364321175,0.001332494015880703,0.005869355832206102,0.004197882419447685,0.003828526308735397,0.3368698038035793
1229,2015-12-18,0.3356929632499934,0.3297909041745334,0.3397603683755115,0.3320512251535523,0.2752110205615755,-0.004657815913737373,-0.007078899629045898,-0.0010747227420305205,-0.006548715767230595,0.08670708860095627,0.3297909041745334
1230,2015-12-21,0.3284567905700911,0.3327890268967893,0.3326510610088495,0.3303720816058657,0.2149277562330098,-0.007236172679902342,0.0029981227222559137,-0.007109307366661988,-0.0016791435476866123,-0.06028326432856568,0.3327890268967893
1231,2015-12-22,0.3321164748414275,0.3252937872102947,0.3304190672342176,0.3276854660391106,0.22404745740983,0.003659684271336394,-0.00749523968649457,-0.002231993774631902,-0.0026866155667550906,0.009119701176820205,0.3252937872102947
1232,2015-12-24,0.3301202405713092,0.3337050689899795,0.3346350295562238,0.3321351520345224,0.213272807265459,-0.0019962342701183022,0.008411281779684754,0.004215962322006217,0.0044496859954117896,-0.010774650144371012,0.3337050689899795
1233,2015-12-25,0.3332808676420647,0.3337050689899795,0.3312456724672735,0.3364169754107721,0.0,0.0031606270707555395,0.0,-0.003389357088950329,0.004281823376249716,-0.213272807265459,0.3337050689899795
1234,2015-12-28,0.3285399750571727,0.3372029161210253,0.3361230958358815,0.3312116955164269,0.1366935401631057,-0.00474089258489202,0.0034978471310458392,0.004877423368608025,-0.005205279894345216,0.1366935401631057,0.3372029161210253
1235,2015-12-29,0.3371069856506326,0.3397846316666874,0.3382724302078521,0.3358293677037614,0.1069248542450315,0.008567010593459878,0.0025817155456620555,0.002149334371970568,0.004617672187334498,-0.029768685918074203,0.3397846316666874
1236,2015-12-30,0.3410161775738448,0.3377858906428663,0.3418271034955936,0.3405309604988925,0.1244941188125158,0.003909191923212207,-0.0019987410238210823,0.0035546732877415055,0.004701592795131104,0.01756926456748431,0.3377858906428663
1237,2016-01-04,0.3359424666349075,0.335204107978059,0.3392643470199826,0.335913220930412,0.1463726607092388,-0.00507371093893727,-0.0025817826648072972,-0.0025627564756109944,-0.0046177395684804945,0.02187854189672299,0.335204107978059
1238,2016-01-05,0.3340294835327465,0.3369530539166303,0.3376110770812469,0.3371726356305423,0.1456180272891761,-0.0019129831021610366,0.001748945938571278,-0.001653269938735713,0.0012594147001303013,-0.0007546334200626836,0.3369530539166303
1239,2016-01-06,0.3365247176661011,0.332872321755937,0.3388510724010337,0.3333945496326796,0.1684027120184841,0.002495234133354618,-0.004080732160693268,0.0012399953197868019,-0.003778085997862668,0.022784684729308002,0.332872321755937
1240,2016-01-07,0.3311183836362711,0.323961293194414,0.3295923943644749,0.3265940152976812,0.2196391162339422,-0.0054063340298299845,-0.008911028561522982,-0.009258678036558776,-0.006800534334998443,0.05123640421545808,0.323961293194414
1241,2016-01-08,0.3198065786400964,0.3232117289542774,0.3265336741684546,0.3228158959851115,0.1868140192824864,-0.011311804996174735,-0.0007495642401366132,-0.003058720196020326,-0.003778119312569661,-0.0328250969514558,0.3232117289542774
1242,2016-01-12,0.3178935796572545,0.3100534232598623,0.3200856754652862,0.3125731208834918,0.3015911401957385,-0.0019129989828418625,-0.013158305694415118,-0.006447998703168367,-0.010242775101619694,0.11477712091325212,0.3100534232598623
1243,2016-01-13,0.3150656634514575,0.3180483873551468,0.3184323833991911,0.3175266257099071,0.2502148811379522,-0.002827916205797032,0.007994964095284496,-0.0016532920660951023,0.004953504826415267,-0.05137625905778631,0.3180483873551468
1244,2016-01-14,0.3077463278242894,0.3089708138214249,0.307685709274882,0.3046811690783154,0.3574077904974462,-0.007319335627168078,-0.009077573533721905,-0.01074667412430913,-0.0128454566315917,0.10719290935949399,0.3089708138214249
1245,2016-01-15,0.3134021801504376,0.3118023468253852,0.3141337015365024,0.3124891857598662,0.2468408830667836,0.005655852326148181,0.0028315330039603293,0.0064479922616204055,0.007808016681550789,-0.11056690743066261,0.3118023468253852
1246,2016-01-18,0.3040034457593543,0.3095537659702175,0.3090910427502192,0.3058565707313202,0.1744456066640832,-0.009398734391083297,-0.0022485808551677144,-0.005042658786283183,-0.006632615028545952,-0.07239527640270038,0.3095537659702175
1247,2016-01-19,0.3072472393803508,0.309054063934476,0.309587024507419,0.308123399954281,0.1505741332641829,0.003243793620996527,-0.0004997020357415116,0.0004959817571997815,0.0022668292229607867,-0.02387147339990031,0.309054063934476
1248,2016-01-20,0.3070809444180636,0.2988106308492657,0.3057017409751435,0.3005673136326516,0.2736667900108679,-0.00016629496228720564,-0.010243433085210307,-0.003885283532275463,-0.007556086321629407,0.12309265674668501,0.2988106308492657
1249,2016-01-21,0.2996783164648089,0.28690143481939,0.3008243200029806,0.2891490166183513,0.2914749732673296,-0.007402627953254692,-0.011909196029875668,-0.004877420972162927,-0.011418297014300305,0.017808183256461663,0.28690143481939
1250,2016-01-22,0.2974326056821329,0.3045569022241405,0.3032216510566372,0.2975447642196986,0.2078009865593669,-0.0022457107826759914,0.01765546740475049,0.0023973310536565817,0.008395747601347314,-0.08367398670796267,0.3045569022241405
1251,2016-01-25,0.3085780014678979,0.3108029427539021,0.3098350124172647,0.305688604773725,0.164760658832853,0.011145395785764955,0.006246040529761576,0.006613361360627512,0.008143840554026394,-0.043040327726513894,0.3108029427539021
1252,2016-01-26,0.3051678831127474,0.2992269709067143,0.3033870380464812,0.3009030696793645,0.1360437978747891,-0.003410118355150482,-0.011575971847187783,-0.0064479743707834825,-0.004785535094360527,-0.028716860958063917,0.2992269709067143
1253,2016-01-27,0.3069144731812322,0.3083877721804388,0.3085122888759343,0.307199791439849,0.2170401470806758,0.0017465900684848212,0.009160801273724484,0.005125250829453087,0.006296721760484514,0.08099634920588669,0.3083877721804388
1254,2016-01-28,0.3080790243874261,0.306472415507959,0.3085124052430491,0.3079555233977338,0.1541753954541349,0.001164551206193909,-0.0019153566724797733,1.1636711483298257e-07,0.0007557319578848087,-0.0628647516265409,0.306472415507959
1255,2016-01-29,0.3090770960423671,0.3173821627202548,0.3174403917362491,0.3044292907973946,0.2754936438887804,0.0009980716549409796,0.010909747212295817,0.00892798649319998,-0.0035262326003391853,0.1213182484346455,0.3173821627202548
1256,2016-02-01,0.3199729523971136,0.3232950238134252,0.3234750285617643,0.3214726034564615,0.2184765728570887,0.010895856354746492,0.005912861093170352,0.006034636825515194,0.01704331265906689,-0.05701707103169168,0.3232950238134252
1257,2016-02-02,0.3194739431159257,0.3153834216964337,0.3196723864104471,0.3162672672068791,0.223141314577245,-0.000499009281187901,-0.00791160211699149,-0.0038026421513172037,-0.005205336249582415,0.004664741720156296,0.3153834216964337
1258,2016-02-03,0.2994288809625392,0.2936472445040383,0.2999150844286421,0.2935148943494399,0.3500129657093409,-0.020045062153386473,-0.0217361771923954,-0.019757301981804976,-0.022752372857439196,0.12687165113209586,0.2936472445040383
1259,2016-02-04,0.2932739268260886,0.3037241326170497,0.3056190533202027,0.2959496095230704,0.2814462156153758,-0.006154954136450619,0.01007688811301144,0.005703968891560607,0.0024347151736305306,-0.06856675009396507,0.3037241326170497
1260,2016-02-05,0.2994287983384904,0.3108029427539021,0.3095870121485938,0.3014067812729989,0.2181531585342047,0.006154871512401794,0.007078810136852354,0.003967958828391072,0.005457171749928491,-0.06329305708117111,0.3108029427539021
1261,2016-02-08,0.3063323301266845,0.3113859620218399,0.3111577056841273,0.3083753045685932,0.1537674854973442,0.006903531788194084,0.000583019267937801,0.0015706935355335183,0.0069685232955942755,-0.06438567303686049,0.3113859620218399
1262,2016-02-09,0.2978485371875,0.2888169481032084,0.2973523896837005,0.2901565760795851,0.2988173524895618,-0.008483792939184498,-0.022569013918631475,-0.013805316000426837,-0.018218728489008074,0.1450498669922176,0.2888169481032084
1263,2016-02-10,0.2883666074856821,0.2761582996984381,0.2866883601986852,0.2748763351015629,0.2754732483909409,-0.009481929701817882,-0.012658648404770323,-0.01066402948501527,-0.01528024097802222,-0.02334410409862092,0.2761582996984381
1264,2016-02-12,0.2661589557168469,0.2610012082341051,0.2676750009505313,0.2627864665228983,0.3145218858260031,-0.022207651768835213,-0.015157091464332972,-0.019013359248153894,-0.01208986857866462,0.039048637435062206,0.2610012082341051
1265,2016-02-15,0.274476396431961,0.2882339064622223,0.2896643116493996,0.2757998057860344,0.2680929918155781,0.008317440715114088,0.02723269822811719,0.02198931069886828,0.013013339263136137,-0.04642889401042499,0.2882339064622223
1266,2016-02-16,0.2844574337866931,0.2971450245159389,0.299501727058013,0.2871341225935738,0.2020086651729392,0.009981037354732103,0.008911118053716582,0.009837415408613381,0.01133431680753938,-0.06608432664263891,0.2971450245159389
1267,2016-02-17,0.2965177316183486,0.2892333105337055,0.2981790364378002,0.2873019862288739,0.2244845037921057,0.01206029783165552,-0.007911713982233393,-0.0013226906202127853,0.00016786363530008064,0.022475838619166494,0.2892333105337055
1268,2016-02-18,0.3000110559816512,0.3141342001666524,0.3148776904214053,0.302582229339341,0.3677861852552205,0.0034933243633025746,0.0249008896329469,0.016698653983605094,0.015280243110467107,0.1433016814631148,0.3141342001666524
1269,2016-02-19,0.3090770494651288,0.3108029427539021,0.3107443366445677,0.3044292449205703,0.2487493189360543,0.009065993483477641,-0.0033312574127503103,-0.0041333537768376005,0.0018470155812292943,-0.11903686631916621,0.3108029427539021
1270,2016-02-22,0.3082453603754309,0.3118023468253852,0.314712378991185,0.3089629777447238,0.1644401581525175,-0.0008316890896979401,0.0009994040714831343,0.003968042346617295,0.004533732824153536,-0.08430916078353679,0.3118023468253852
1271,2016-02-23,0.3216364486085835,0.318298204813445,0.3240536888069067,0.3194576406280961,0.2761579543898395,0.013391088233152604,0.006495857988059794,0.009341309815721732,0.010494662883372308,0.11171779623732198,0.318298204813445
1272,2016-02-24,0.3094098112801633,0.3089708138214249,0.3086777105194797,0.3056886571334061,0.2196391162339422,-0.012226637328420165,-0.009327390992020124,-0.015375978287427039,-0.013768983494690024,-0.05651883815589728,0.3089708138214249
1273,2016-02-25,0.3092434517385096,0.3131348408412659,0.3137203729757257,0.3103902681452425,0.1757771413087499,-0.00016635954165372668,0.004164027019841032,0.0050426624562460165,0.004701611011836415,-0.04386197492519228,0.3131348408412659
1274,2016-02-26,0.3162301225702333,0.307138640142851,0.3158696969085147,0.3081234183513832,0.2121364866715421,0.006986670831723718,-0.0059962006984148886,0.0021493239327889935,-0.002266849793859327,0.0363593453627922,0.307138640142851
1275,2016-02-29,0.3104078285805386,0.3009758049800436,0.3090083091827008,0.3034217319193588,0.2115129671661621,-0.0058222939896946935,-0.006162835162807412,-0.0068613877258139055,-0.004701686432024399,-0.0006235195053800047,0.3009758049800436
1276,2016-03-01,0.3005932574667552,0.3010591445852882,0.3032216759010734,0.2982164369921764,0.1422003245797799,-0.009814571113783421,8.333960524459227e-05,-0.0057866332816273736,-0.005205294927182358,-0.0693126425863822,0.3010591445852882
1277,2016-03-02,0.3110732317945397,0.3185480222717432,0.3179363345633954,0.3119014575281179,0.2091820531273582,0.010479974327784525,0.017488877686455018,0.014714658662321967,0.01368502053594145,0.06698172854757828,0.3185480222717432
1278,2016-03-03,0.3218859387433461,0.335204107978059,0.3331470175206225,0.3236554626831947,0.3517116193151192,0.010812706948806372,0.01665608570631577,0.015210682957227106,0.011754005155076797,0.142529566187761,0.335204107978059
1279,2016-03-04,0.3351107554086805,0.3420331677757583,0.3419097194305592,0.3364170105573817,0.2622190884377923,0.013224816665334427,0.006829059797699322,0.008762701909936721,0.01276154787418704,-0.08949253087732689,0.3420331677757583
1280,2016-03-07,0.3432618724707609,0.3431990944463919,0.3429844067386494,0.341370522778566,0.2007354033792426,0.008151117062080382,0.001165926670633588,0.001074687308090183,0.004953512221184286,-0.0614836850585497,0.3431990944463919
1281,2016-03-08,0.3455076165284172,0.340034471498034,0.3478617637943174,0.3397753505969539,0.2633903727422912,0.002245744057656318,-0.003164622948357898,0.004877357055667997,-0.0015951721816120923,0.06265496936304862,0.340034471498034
1282,2016-03-09,0.3312846541869749,0.334288021138772,0.3328163292573046,0.3297003785499694,0.1675898057474513,-0.014222962341442325,-0.005746450359262023,-0.015045434537012792,-0.010074972046984487,-0.09580056699483991,0.334288021138772
1283,2016-03-10,0.3373564898223882,0.3401177439841334,0.3382724102800168,0.3385999399556355,0.1494465535979115,0.006071835635413303,0.005829722845361429,0.0054560810227122225,0.008899561405666057,-0.018143252149539796,0.3401177439841334
1284,2016-03-11,0.3285400035715791,0.3454477200476564,0.3450511369147491,0.3316315007367826,0.2862129348247298,-0.008816486250809108,0.005329976063522979,0.006778726634732279,-0.006968439218852873,0.1367663812268183,0.3454477200476564
1285,2016-03-14,0.3488345500535823,0.3463637397677981,0.3467870524385246,0.3476672870322194,0.134479171826242,0.02029454648200324,0.0009160197201417142,0.0017359155237754997,0.016035786295436782,-0.15173376299848781,0.3463637397677981
1286,2016-03-15,0.3449253805121649,0.3415334881130651,0.3440590790257905,0.3421261330550986,0.1584730182131795,-0.003909169541417401,-0.004830251654732998,-0.002727973412734064,-0.005541153977120794,0.023993846386937495,0.3415334881130651
1287,2016-03-16,0.3364415383241027,0.3363700793947893,0.3377763693142339,0.3376763484273968,0.1274543796417968,-0.008483842188062252,-0.005163408718275808,-0.006282709711556644,-0.004449784627701792,-0.031018638571382706,0.3363700793947893
1288,2016-03-17,0.3408497646259747,0.3361202171903943,0.3416616758567252,0.3359132240199669,0.1700052154201618,0.0044082263018720425,-0.0002498622043949905,0.003885306542491307,-0.0017631244074298724,0.04255083577836502,0.3361202171903943
1289,2016-03-18,0.3373564524509346,0.3391183399126502,0.340173698144722,0.3366688634713459,0.1733063724276178,-0.0034933121750401197,0.0029981227222559137,-0.0014879777120032078,0.0007556394513789644,0.0033011570074559793,0.3391183399126502
1290,2016-03-22,0.3449253989160015,0.3414502156269657,0.3448857448783884,0.3415384397142728,0.1614070562595239,0.007568946465066895,0.002331875714315479,0.004712046733666431,0.004869576242926887,-0.011899316168093893,0.3414502156269657
1291,2016-03-23,0.3405170297790549,0.3333719342994851,0.3395123244271525,0.3358292615106804,0.1447905528054007,-0.004408369136946588,-0.008078281327480619,-0.0053734204512359,-0.005709178203592402,-0.016616503454123188,0.3333719342994851
1292,2016-03-24,0.3160637692761214,0.3197972885476213,0.3228137218337137,0.3145041713594574,0.4120181927840728,-0.024453260502933505,-0.01357464575186379,-0.016698602593438805,-0.02132509015122297,0.2672276399786721,0.3197972885476213
1293,2016-03-25,0.3196402584395308,0.3299574715197806,0.3292616966487235,0.321220746420053,0.2502818949165678,0.003576489163409413,0.010160182972159315,0.006447974815009805,0.0067165750605955865,-0.16173629786750499,0.3299574715197806
1294,2016-03-28,0.3295380322952501,0.3302073113511272,0.3285176940388763,0.3285250321727117,0.1480509188171776,0.009897773855719272,0.0002498398313465766,-0.0007440026098471941,0.007304285752658679,-0.10223097609939022,0.3302073113511272
1295,2016-03-29,0.3292820975621396,0.3359426646783888,0.3338854101691783,0.3307650055326627,0.1950246639841731,-0.00025593473311047443,0.005735353327261605,0.005367716130301958,0.0022399733599510196,0.046973745166995484,0.3359426646783888
1296,2016-03-30,0.3312196675006224,0.3265805954613676,0.3299505620970245,0.3292346037340575,0.1376404739913697,0.0019375699384827638,-0.009362069217021207,-0.003934848072153774,-0.0015304017986051965,-0.0573841899928034,0.3265805954613676
1297,2016-03-31,0.3251545399808905,0.3215198790351918,0.3252620421596711,0.3241327606045581,0.1819919408647108,-0.006065127519731872,-0.005060716426175782,-0.004688519937353419,-0.005101843129499406,0.0443514668733411,0.3215198790351918
1298,2016-04-01,0.3190052585036104,0.3103021220657411,0.3179781756317104,0.3118034858009038,0.217439316109821,-0.006149281477280111,-0.01121775696945071,-0.007283866527960703,-0.012329274803654311,0.03544737524511021,0.3103021220657411
1299,2016-04-04,0.3099918759697786,0.3140975978594899,0.3176432644036035,0.3119735238975453,0.1279526125175911,-0.00901338253383177,0.0037954757937487815,-0.00033491122810686,0.0001700380966415116,-0.0894867035922299,0.3140975978594899
1300,2016-04-05,0.3069592963542973,0.299674700351051,0.3079314108192207,0.301854964966143,0.2464067503270564,-0.0030325796154813123,-0.014422897508438892,-0.009711853584382812,-0.010118558931402288,0.11845413780946529,0.299674700351051
1301,2016-04-06,0.2976090601442487,0.2965540180697267,0.3003127132731984,0.2978586157194332,0.1377890697613435,-0.009350236210048601,-0.003120682281324283,-0.0076186975460222905,-0.003996349246709829,-0.10861768056571289,0.2965540180697267
1302,2016-04-07,0.2989568160505031,0.299506007566207,0.3005638353852189,0.297603481936137,0.1131309128733468,0.0013477559062544109,0.0029519894964802895,0.0002511221120204965,-0.00025513378329616865,-0.024658156887996704,0.299506007566207
1303,2016-04-08,0.2939868489027841,0.3020363322197223,0.3042476473455786,0.2945424180777893,0.1640001981276933,-0.004969967147719023,0.0025303246535153257,0.003683811960359662,-0.0030610638583477012,0.05086928525434649,0.3020363322197223
1304,2016-04-11,0.3016523809660945,0.3017832930424562,0.3003963944673177,0.2984537819488913,0.1378881336079927,0.007665532063310387,-0.00025303917726610115,-0.00385125287826088,0.003911363871101969,-0.02611206451970058,0.3017832930424562
1305,2016-04-12,0.3019893152818168,0.3108924349474533,0.3096895697337145,0.3047459357235718,0.1353386963780509,0.0003369343157222926,0.009109141904997065,0.00929317526639678,0.006292153774680509,-0.0025494372299418033,0.3108924349474533
1306,2016-04-13,0.3194264467306458,0.3238815332769115,0.3223317714968701,0.3166501856941974,0.2113352349707033,0.017437131448829024,0.012989098329458215,0.012642201763155614,0.011904249970625613,0.0759965385926524,0.3238815332769115
1307,2016-04-14,0.3283555150292713,0.3364487430329209,0.3339691257133865,0.331275196293206,0.1917788661851386,0.008929068298625498,0.01256720975600939,0.011637354216516405,0.014625010599008614,-0.019556368785564715,0.3364487430329209
1308,2016-04-15,0.3317249605599198,0.3347618599305773,0.3343040153275186,0.3343362501406538,0.1234015028568265,0.003369445530648496,-0.001686883102343606,0.0003348896141320834,0.0030610538474478144,-0.0683773633283121,0.3347618599305773
1309,2016-04-18,0.3141194963385096,0.3191582471665205,0.3214945117008301,0.3159699044475541,0.2201897946756096,-0.017605464221410183,-0.015603612764056751,-0.012809503626688479,-0.01836634569309975,0.0967882918187831,0.3191582471665205
1310,2016-04-19,0.33004027214012,0.328267411444566,0.3299504737434977,0.3285542893279684,0.1549504243720371,0.015920775801610387,0.009109164278045478,0.008455962042667575,0.012584384880414301,-0.06523937030357249,0.328267411444566
1311,2016-04-20,0.3327358865003276,0.3264962266958972,0.3320435901241692,0.3259184041920933,0.20185132847532,0.002695614360207599,-0.0017711847486688304,0.0020931163806715003,-0.0026358851358750934,0.0469009041032829,0.3264962266958972
1312,2016-04-21,0.3269235583194885,0.3324003175540996,0.3332157162401519,0.3288094411106369,0.2707210973943295,-0.005812328180839099,0.0059040908582024265,0.001172126115982719,0.0028910369185436435,0.06886976891900948,0.3324003175540996
1313,2016-04-22,0.3285240137490196,0.331472484864409,0.3294481448502596,0.3268537143749196,0.244419646108976,0.0016004554295311335,-0.0009278326896905997,-0.0037675713898923102,-0.0019557267357173114,-0.026301451285353467,0.331472484864409
1314,2016-04-25,0.3331570495126198,0.3308820601174549,0.3322109828694499,0.3299997826306696,0.1070734500150052,0.004633035763600191,-0.000590424746954088,0.0027628380191903057,0.0031460682557499786,-0.1373461960939708,0.3308820601174549
1315,2016-04-26,0.3281870204045778,0.3226163150175328,0.3297830096626687,0.3218369137480314,0.2151287975688566,-0.004970029108042007,-0.008265745099922117,-0.0024279732067811755,-0.008162868882638175,0.1080553475538514,0.3226163150175328
1316,2016-04-27,0.319594872028263,0.3245562372971424,0.3240061731724779,0.3223471085304071,0.156334404582577,-0.008592148376314834,0.001939922279609596,-0.00577683649019084,0.0005101947823756836,-0.058794392986279614,0.3245562372971424
1317,2016-04-28,0.3291979339436359,0.3142663130173823,0.3320435888642475,0.315969941082156,0.2284499713006209,0.009603061915372912,-0.01028992427976011,0.008037415691769634,-0.00637716744825112,0.0721155667180439,0.3142663130173823
1318,2016-05-02,0.2971878826126731,0.3001808234516799,0.2991406048506702,0.2996442337483349,0.2702782237269567,-0.0320100513309628,-0.01408548956570238,-0.03290298401357733,-0.016325707333821105,0.04182825242633581,0.3001808234516799
1319,2016-05-06,0.3002204424234393,0.2975661747787909,0.3002290383767039,0.2982838114086784,0.1746816117105121,0.003032559810766222,-0.0026146486728890195,0.0010884335260337163,-0.0013604223396564974,-0.0955966120164446,0.2975661747787909
1320,2016-05-09,0.2968509012046009,0.2980721860141779,0.2988056809381532,0.298368766498179,0.1473399900353424,-0.0033695412188384233,0.0005060112353870161,-0.0014233574385507097,8.49550895006268e-05,-0.02734162167516971,0.2980721860141779
1321,2016-05-10,0.2973563162808268,0.3033015057330042,0.3089361099596954,0.2978585825873715,0.3229801901443127,0.0005054150762259235,0.005229319718826286,0.010130429021542209,-0.0005101839108074824,0.17564020010897027,0.3033015057330042
1322,2016-05-11,0.3104130936848003,0.3070127022534761,0.311950155242157,0.3081472052902768,0.1750778670971088,0.013056777403973485,0.0037111965204719155,0.0030140452824616304,0.010288622702905259,-0.14790232304720388,0.3070127022534761
1323,2016-05-12,0.3088968111307918,0.3135071731125358,0.3122013048163824,0.3075519700822594,0.215927135627147,-0.0015162825540084857,0.006494470859059687,0.0002511495742253955,-0.0005952352080174084,0.0408492685300382,0.3135071731125358
1324,2016-05-13,0.3167308624892459,0.3074344118425378,0.315131600381516,0.309847785698992,0.1793929717114445,0.007834051358454108,-0.006072761269998006,0.0029302955651335783,0.0022958156167326438,-0.036534163915702494,0.3074344118425378
1325,2016-05-16,0.3083913858362004,0.3096273285533166,0.3114477982825696,0.3100178448085804,0.1188853569066439,-0.008339476653045519,0.002192916710778814,-0.0036838020989464204,0.0001700591095883941,-0.0605076148048006,0.3096273285533166
1326,2016-05-17,0.3125188488875055,0.314940882799323,0.3136244476889958,0.3139290583667102,0.1510082660039101,0.004127463051305069,0.00531355424600638,0.002176649406426201,0.003911213558129789,0.0321229090972662,0.314940882799323
1327,2016-05-18,0.3150461159757725,0.3238815332769115,0.3234201440169535,0.3175855007518974,0.222817900254361,0.0025272670882670045,0.008940650477588519,0.009795696327957737,0.0036564423851871974,0.0718096342504509,0.3238815332769115
1328,2016-05-19,0.3252387731961899,0.3184834760271444,0.3240899229642601,0.3180956568899682,0.1696468373866957,0.0101926572204174,-0.0053980572497671075,0.0006697789473065763,0.0005101561380708164,-0.05317106286766529,0.3184834760271444
1329,2016-05-20,0.3158884192418337,0.3167965481787041,0.3155501698731747,0.3154596745074062,0.1485374971227779,-0.009350353954356183,-0.0016869278484402672,-0.0085397530910854,-0.0026359823825620188,-0.02110934026391781,0.3167965481787041
1330,2016-05-23,0.3169836042980939,0.3173870624178517,0.3172247049486807,0.3133340499772992,0.1106076984263416,0.0010951850562602172,0.0005905142391475771,0.0016745350755060229,-0.0021256245301070065,-0.037929798696436284,0.3173870624178517
1331,2016-05-24,0.3161411712667158,0.315447073019097,0.3142106404478695,0.3146094407094192,0.1074901008994414,-0.0008424330313780981,-0.0019399893987546712,-0.003014064500811209,0.0012753907321200186,-0.0031175975269002038,0.315447073019097
1332,2016-05-25,0.3197633206978577,0.3194955432440151,0.3191502108286376,0.3211566589201833,0.1149373712534198,0.0036221494311418634,0.004048470224918055,0.004939570380768088,0.006547218210764094,0.007447270353978394,0.3194955432440151
1333,2016-05-26,0.3258284191252582,0.3209294542882377,0.3239224347590257,0.3225171827961651,0.1193748488547928,0.006065098427400495,0.0014339110442226355,0.00477222393038812,0.0013605238759817895,0.004437477601373002,0.3209294542882377
1334,2016-05-27,0.3224589397465517,0.3237971421383927,0.3223317349696216,0.3237075942037103,0.0865410109756914,-0.0033694793787064636,0.0028676878501550096,-0.0015906997894041264,0.0011904114075452221,-0.032833837879101394,0.3237971421383927
1335,2016-05-30,0.3268393139509579,0.3266648971076928,0.3259318269675401,0.3277890579048005,0.1116740915990944,0.004380374204406179,0.0028677549693000848,0.0036000919979184975,0.004081463701090193,0.025133080623402998,0.3266648971076928
1336,2016-05-31,0.3262496374495429,0.3318098928071455,0.3293644636770479,0.3265136064124681,0.4793670402927628,-0.000589676501415004,0.0051449956994527035,0.0034326367095078303,-0.00127545149233238,0.36769294869366836,0.3318098928071455
1337,2016-06-01,0.3286924904397995,0.3294482385654258,0.3297830583537428,0.3299998012336565,0.1373665915918103,0.0024428529902565943,-0.0023616542417196906,0.00041859467669486117,0.003486194821188393,-0.3420004487009525,0.3294482385654258
1338,2016-06-02,0.3251545489977556,0.3210138230537081,0.3255132187866058,0.3215818820277208,0.1366556628099751,-0.0035379414420438904,-0.008434415511717697,-0.0042698395671370015,-0.008417919205935709,-0.0007109287818352072,0.3210138230537081
1339,2016-06-03,0.322206272058625,0.3216042478006622,0.3213271076210668,0.322687282441055,0.0767657402254576,-0.0029482769391305785,0.000590424746954088,-0.004186111165538964,0.0011054004133341788,-0.0598899225845175,0.3216042478006622
1340,2016-06-06,0.319342194175694,0.3232911085299574,0.321829430902931,0.3189459791614704,0.1225827693006966,-0.0028640778829310265,0.001686860729295192,0.0005023232818641699,-0.003741303279584607,0.045817029075239005,0.3232911085299574
1341,2016-06-07,0.3265865487752117,0.3275926179321414,0.3272713432942802,0.3271937859411353,0.1623685583005305,0.007244354599517722,0.0043015094021839895,0.005441912391349224,0.008247806779664912,0.03978578899983391,0.3275926179321414
1342,2016-06-08,0.3283555321629773,0.3299542721738611,0.3275225189131376,0.3271087851664685,0.1086235078508098,0.0017689833877655992,0.0023616542417196906,0.00025117561885740214,-8.500077466677691e-05,-0.05374505044972071,0.3299542721738611
1343,2016-06-09,0.3270920359711999,0.3279300706209747,0.3291133151076855,0.328894464195711,0.0966455233339063,-0.0012634961917774024,-0.0020242015528864066,0.0015907961945478832,0.0017856790292424818,-0.011977984516903503,0.3279300706209747
1344,2016-06-10,0.3254914820563338,0.3242188964735512,0.3237550207160392,0.3237076072278023,0.1768085707709207,-0.0016005539148660763,-0.0037111741474235016,-0.005358294391646312,-0.005186856967908715,0.08016304743701438,0.3242188964735512
1345,2016-06-13,0.3151303315493404,0.3088682333945668,0.3140432089603484,0.3113782993874414,0.1408775308627587,-0.010361150506993433,-0.015350663078984361,-0.009711811755690802,-0.012329307840360904,-0.03593103990816199,0.3088682333945668
1346,2016-06-14,0.3044322289919874,0.304566679246286,0.3083500536817405,0.3036406257122734,0.1687902264774353,-0.010698102557352984,-0.004301554148280817,-0.005693155278607864,-0.0077376736751679775,0.027912695614676603,0.304566679246286
1347,2016-06-15,0.301989338907395,0.3017832930424562,0.3019033997907324,0.3014298064320436,0.1372354776771276,-0.0024428900845924195,-0.002783386203829785,-0.006446653891008125,-0.0022108192802298143,-0.0315547488003077,0.3017832930424562
1348,2016-06-16,0.3016524194648963,0.2930959054726176,0.3005638676430927,0.2936071340730147,0.1585604274896347,-0.00033691944249869543,-0.008687387569838612,-0.0013395321476397104,-0.007822672359028893,0.0213249498125071,0.2930959054726176
1349,2016-06-17,0.2956716321255427,0.2952888669294933,0.2973824459926962,0.2955628280658636,0.2380445962128474,-0.005980787339353588,0.002192961456875697,-0.0031814216503964765,0.0019556939928488948,0.0794841687232127,0.2952888669294933
1350,2016-06-20,0.3022421031660753,0.303723282441211,0.3034104588358401,0.3027903435036343,0.1404142616975464,0.0065704710405325994,0.008434415511717697,0.006028012843143915,0.007227515437770726,-0.09763033451530101,0.303723282441211
1351,2016-06-21,0.3015681728044707,0.3041449472841759,0.303912748472947,0.3010046771461387,0.1125103070105153,-0.0006739303616046244,0.00042166484296490836,0.0005022896371069119,-0.0017856663574956078,-0.027903954687031093,0.3041449472841759
1352,2016-06-22,0.3040953213016952,0.3027111481051952,0.3029081190600941,0.3032154764532129,0.0858388231215018,0.0025271484972245184,-0.001433799178980677,-0.0010046294128528976,0.002210799307074185,-0.026671483889013498,0.3027111481051952
1353,2016-06-23,0.3065381259347245,0.3123263236186276,0.3122012630211257,0.3077220088000775,0.1512034800546599,0.0024428046330293163,0.009615175513432384,0.009293143961031591,0.0045065323468646,0.06536465693315809,0.3123263236186276
1354,2016-06-24,0.3147091851491753,0.2938550230044158,0.3142944044399913,0.292246670578182,0.3080244629428372,0.008171059214450771,-0.018471300614211816,0.002093141418865574,-0.015475338221895507,0.1568209828881773,0.2938550230044158
1355,2016-06-27,0.2963454662569035,0.2921680727829271,0.2972986620293606,0.2908011315809058,0.1669808544548137,-0.018363718892271785,-0.0016869502214886811,-0.016995742410630676,-0.0014455389972761745,-0.1410436084880235,0.2921680727829271
1356,2016-06-28,0.2880902748013175,0.2914933463896477,0.2913543896365248,0.2856143334513766,0.1624384857216947,-0.008255191455586008,-0.0006747263932794234,-0.005944272392835792,-0.005186798129529213,-0.004542368733119001,0.2914933463896477
1357,2016-06-29,0.2978617426861804,0.3013616058264429,0.3009824854307388,0.2964981350490052,0.1441786878702147,0.009771467884862883,0.009868259436795201,0.009628095794213976,0.010883801597628584,-0.018259797851479992,0.3013616058264429
1358,2016-06-30,0.3048534345374348,0.301614645003709,0.3051686082729219,0.3040657635763646,0.1651743960747407,0.006991691851254422,0.00025303917726610115,0.004186122842183115,0.007567628527359427,0.02099570820452598,0.301614645003709
1359,2016-07-01,0.3041795592697129,0.3031328800673052,0.3027407057202926,0.3030454491951068,0.1002817492344404,-0.0006738752677218907,0.0015182350635962183,-0.002427902552629313,-0.0010203143812578253,-0.06489264684030029,0.3031328800673052
1360,2016-07-04,0.3030845307425748,0.3076874957659006,0.3065919534156692,0.303810746607724,0.0860223826020576,-0.0010950285271381088,0.004554615698595388,0.0038512476953765917,0.0007652974126172163,-0.014259366632382794,0.3076874957659006
1361,2016-07-05,0.3053588800944279,0.3062536070947263,0.3055872347213545,0.3055963199811662,0.0799008196076489,0.002274349351853111,-0.001433888671174277,-0.0010047186943146769,0.0017855733734422063,-0.006121562994408705,0.3062536070947263
1362,2016-07-06,0.3006416226911186,0.300771248198634,0.2993080758384497,0.2977736396808657,0.1265773732346968,-0.004717257403309305,-0.005482358896092332,-0.006279158882904812,-0.007822680300300533,0.04667655362704791,0.300771248198634
1363,2016-07-07,0.3004730991134099,0.2980721860141779,0.3014848221731406,0.2991340326685694,0.0995475113122171,-0.0001685235777086902,-0.0026990621844560914,0.0021767463346908933,0.0013603929877037402,-0.027029861922479706,0.2980721860141779
1364,2016-07-08,0.2998834465770403,0.2948671349673832,0.3002290005163857,0.2972634188446976,0.1068898905344494,-0.0005896525363696115,-0.0032050510467946935,-0.0012558216567549185,-0.001870613823871825,0.007342379222232298,0.2948671349673832
1365,2016-07-11,0.2944923038733051,0.2948671349673832,0.2926939728736998,0.2972634188446976,0.0,-0.005391142703735197,0.0,-0.0075350276426858764,0.0,-0.1068898905344494,0.2948671349673832
1366,2016-07-12,0.3178259340286604,0.3137602346628502,0.3194014616061895,0.3159699275492756,0.1604455542185173,0.02333363015535528,0.018893099695466986,0.02670748873248968,0.018706508704578018,0.1604455542185173,0.3137602346628502
1367,2016-07-13,0.3234698239986809,0.3248936676129273,0.3247597193459867,0.326173483040745,0.1774757949145283,0.005643889970020521,0.011133432950077127,0.005358257739797201,0.010203555491469396,0.017030240696011,0.3248936676129273
1368,2016-07-14,0.322037718454883,0.324471868531672,0.3245084631014696,0.3243877731245508,0.1029127684557403,-0.0014321055437979124,-0.00042179908125533627,-0.00025125624451710626,-0.0017857099161942003,-0.07456302645878801,0.324471868531672
1369,2016-07-15,0.3267550051029266,0.3272552547355018,0.3261829330556731,0.3270237299398011,0.1530215930049269,0.004717286648043606,0.0027833862038298407,0.0016744699542035058,0.0026359568152503066,0.05010882454918661,0.3272552547355018
1370,2016-07-19,0.3268393520228005,0.3264119026765236,0.3253458275453196,0.3266837009478571,0.1203509191085419,8.434691987391219e-05,-0.0008433520589782306,-0.0008371055103534863,-0.00034002899194401914,-0.032670673896385005,0.3264119026765236
1371,2016-07-20,0.3248175425086093,0.3221945830554227,0.3233363641152874,0.3221770208257677,0.127005678689327,-0.0020218095141912307,-0.00421731962110089,-0.002009463430032221,-0.004506680122089379,0.006654759580785097,0.3221945830554227
1372,2016-07-21,0.326839261078863,0.3243031981198764,0.3269364445257171,0.3253231576344016,0.1277049529009682,0.002021718570253739,0.0021086150644537005,0.0036000804104296957,0.0031461368086339037,0.0006992742116412043,0.3243031981198764
1373,2016-07-22,0.3190894541672732,0.3229537229602693,0.3219968362685028,0.3220920235112816,0.0873335217488848,-0.007749806911589829,-0.0013494751596070942,-0.00493960825721429,-0.0032311341231200386,-0.0403714311520834,0.3229537229602693
1374,2016-07-25,0.3232171378038281,0.3190739455201953,0.3213271300280164,0.3212418122436467,0.0960278311136233,0.004127683636554913,-0.003879777440074006,-0.0006697062404864007,-0.0008502112676349038,0.0086943093647385,0.3190739455201953
1375,2016-07-26,0.3148776022824801,0.3097960213381606,0.3133733898969431,0.3104429661883723,0.1517949494920064,-0.00833953552134803,-0.009277924182034714,-0.007953740131073306,-0.01079884605527437,0.05576711837838309,0.3097960213381606
1376,2016-07-27,0.3093180055029499,0.3062536070947263,0.3094384814529804,0.3073819412164484,0.2028070032312295,-0.005559596779530163,-0.0035424142434342665,-0.003934908443962659,-0.003061024971923898,0.0510120537392231,0.3062536070947263
1377,2016-07-28,0.3082228294856243,0.3048196513044069,0.3063406523904683,0.3064465410310221,0.1049901955928242,-0.0010951760173256164,-0.0014339557903194078,-0.003097829062512103,-0.0009354001854263161,-0.09781680763840529,0.3048196513044069
1378,2016-07-29,0.3029160222889816,0.3000121530398842,0.3011499842218944,0.2970083755759736,0.2658145233426472,-0.005306807196642671,-0.004807498264522703,-0.005190668168573942,-0.009438165455048497,0.16082432774982303,0.3000121530398842
1379,2016-08-01,0.2946607227021618,0.2978191244638634,0.2960428086578201,0.2942873181339215,0.1571123471430278,-0.008255299586819809,-0.002193028576020828,-0.005107175564074251,-0.0027210574420520883,-0.10870217619961942,0.2978191244638634
1380,2016-08-02,0.2948292672710142,0.2954575597143373,0.2984708641066418,0.297603553002063,0.175252685650019,0.00016854456885240232,-0.0023615647495260905,0.0024280554488216866,0.0033162348681414766,0.018140338506991205,0.2954575597143373
1381,2016-08-03,0.3085598527392842,0.3109768484590205,0.3160525508764688,0.3086573645522529,0.3856351595073613,0.013730585468269996,0.015519288744683224,0.017581686769826965,0.011053811550189918,0.21038247385734232,0.3109768484590205
1382,2016-08-04,0.3173204282408121,0.3256526732794835,0.3240061252927845,0.3192009878441324,0.3173160690300192,0.008760575501527867,0.01467582482046298,0.007953574416315723,0.010543623291879523,-0.06831909047734214,0.3256526732794835
1383,2016-08-05,0.32456491913098,0.3309664512559737,0.3302854115587168,0.3261734877802601,0.2341577970531419,0.007244490890167932,0.005313777976490186,0.006279286265932327,0.006972499936127696,-0.08315827197687728,0.3309664512559737
1384,2016-08-08,0.3349260645745145,0.3377983300577699,0.3353924990800845,0.3353566857408424,0.1868664648483594,0.010361145443534503,0.0068318788017961984,0.005107087521367681,0.009183197960582257,-0.047291332204782516,0.3377983300577699
1385,2016-08-09,0.3386324044643386,0.3463170024697161,0.3458577295857947,0.3416488203883922,0.1806808017178836,0.0037063398898241062,0.008518672411946204,0.010465230505710188,0.006292134647549852,-0.006185663130475805,0.3463170024697161
1386,2016-08-10,0.3408225739740488,0.3470761200015142,0.344601911971766,0.3440296477240451,0.1429112533616151,0.0021901695097101825,0.0007591175317981369,-0.0012558176140287092,0.0023808273356528686,-0.0377695483562685,0.3470761200015142
1387,2016-08-12,0.3504255965829022,0.350028198990188,0.3491229418207509,0.3508320480141306,0.1317024704775168,0.009603022608853373,0.0029520789886737786,0.004521029848984892,0.006802400290085497,-0.011208782884098295,0.350028198990188
1388,2016-08-15,0.3475615307469455,0.3451361977219046,0.3472810050485019,0.3468356062063342,0.0738637522471468,-0.002864065835956664,-0.004892001268283375,-0.0018419367722489755,-0.003996441807796403,-0.05783871823037,0.3451361977219046
1389,2016-08-16,0.3480669898665385,0.3398225539837047,0.3466112725630139,0.34258417510282,0.1253973480025523,0.0005054591195929881,-0.005313643738199925,-0.0006697324854880171,-0.004251431103514169,0.05153359575540552,0.3398225539837047
1390,2016-08-17,0.3387166641935746,0.3496907910474515,0.3482019832429668,0.3415637930745639,0.1417079189890825,-0.0093503256729639,0.009868237063746788,0.0015907106799529225,-0.001020382028256106,0.016310570986530187,0.3496907910474515
1391,2016-08-18,0.3487409432772886,0.3499439197169111,0.3501276873608901,0.348281235490173,0.1349861456296818,0.010024279083714005,0.00025312866945959023,0.0019257041179233103,0.006717442415609065,-0.00672177335940069,0.3499439197169111
1392,2016-08-19,0.3537951294454876,0.3626798670038613,0.3662023847252079,0.356954223607055,0.3024564920326444,0.005054186168198971,0.012735947286950211,0.01607469736431777,0.008672988116881997,0.1674703464029626,0.3626798670038613
1393,2016-08-22,0.355227044626416,0.363017118335259,0.3616812633274124,0.35576368601063,0.2378522958046461,0.0014319151809284447,0.00033725133139772545,-0.00452112139779548,-0.0011905375964249565,-0.06460419622799832,0.363017118335259
1394,2016-08-23,0.3564906810703049,0.3544140995308908,0.3554858900039071,0.3561889372950136,0.1411922042579972,0.0012636364438888825,-0.008603018804368201,-0.006195373323505282,0.0004252512843835876,-0.0966600915466489,0.3544140995308908
1395,2016-08-24,0.3580069358088875,0.3577878657355779,0.3594208288302593,0.3600152584971748,0.1014064152581633,0.0015162547385825786,0.003373766204687101,0.003934938826352152,0.003826321202161198,-0.0397857889998339,0.3577878657355779
1396,2016-08-25,0.3537108244548193,0.3571130945962018,0.3564905222178025,0.356954165305057,0.1117556735904525,-0.0042961113540682105,-0.0006747711393761402,-0.002930306612456801,-0.003061093192117781,0.01034925833228921,0.3571130945962018
1397,2016-08-26,0.354132030426237,0.3542453843729984,0.3543137169214414,0.3555936825289266,0.1121227925515641,0.0004212059714177041,-0.002867710223203368,-0.0021768052963610507,-0.0013604827761304339,0.0003671189611115927,0.3542453843729984
1398,2016-08-29,0.3622187716989147,0.3608242239975285,0.3624348088547033,0.3631613010727432,0.1125948026444219,0.008086741272677722,0.006578839624530097,0.008121091933261881,0.007567618543816601,0.0004720100928577997,0.3608242239975285
1399,2016-08-30,0.3595231493971271,0.3600651064657304,0.3598393800994179,0.3610355621356205,0.0859058369001174,-0.0026956223017876035,-0.0007591175317980814,-0.0025954287552854005,-0.002125738937122701,-0.026688965744304502,0.3600651064657304
1400,2016-08-31,0.3628084614780412,0.3636076325744067,0.3650302695501156,0.365542191817215,0.1417312281294706,0.0032853120809140934,0.0035425261086762805,0.005190889450697678,0.004506629681594487,0.05582539122935319,0.3636076325744067
1401,2016-09-01,0.3629768700889594,0.364957062987917,0.3622673401905795,0.3650319279917278,0.1184512241669167,0.00016840861091821369,0.0013494304135103219,-0.0027629293595360926,-0.0005102638254871894,-0.02328000396255389,0.364957062987917
1402,2016-09-02,0.3627242495086229,0.3620894422569072,0.3618487971090041,0.3634164461849299,0.0834787726572128,-0.00025262058033648227,-0.0028676207310098234,-0.00041854308157540654,-0.0016154818067978804,-0.03497245150970389,0.3620894422569072
1403,2016-09-05,0.3676099070780889,0.3744036128356505,0.373318740143838,0.3678379310137637,0.1893663701549766,0.004885657569465962,0.012314170578743289,0.011469943034833896,0.0044214848288338104,0.10588759749776379,0.3744036128356505
1404,2016-09-06,0.3711478288159492,0.3711985170427591,0.3725652084392684,0.3733648137922941,0.1305340998155664,0.003537921737860328,-0.0032050957928914103,-0.0007535317045695988,0.005526882778530362,-0.058832270339410186,0.3711985170427591
1405,2016-09-07,0.3657567256367695,0.3706081370419017,0.3682953990619716,0.369028344967235,0.1344034171199808,-0.005391103179179735,-0.0005903800008573712,-0.004269809377296763,-0.004336468825059059,0.0038693173044143936,0.3706081370419017
1406,2016-09-08,0.372327185756065,0.3723793441636189,0.3717279926142948,0.3726846072540571,0.1404667072634195,0.006570460119295518,0.0017712071217171887,0.003432593552323171,0.0036562622868220873,0.006063290143438704,0.3723793441636189
1407,2016-09-09,0.3736749512898763,0.3738132104617448,0.3734024282338018,0.375660627234671,0.174905962186747,0.0013477655338113292,0.0014338662981259187,0.001674435619507031,0.0029760199806138643,0.0344392549233275,0.3738132104617448
1408,2016-09-12,0.3679469374479761,0.3670657451715158,0.3667884555326423,0.3659673420561378,0.1168662026205301,-0.005728013841900248,-0.0067474652902290155,-0.006613972701159543,-0.009693285178533184,-0.0580397595662169,0.3670657451715158
1409,2016-09-13,0.3660094930678256,0.3609086375090957,0.3654488795596139,0.3617158679001601,0.148278182935961,-0.001937444380150477,-0.006157107662420114,-0.0013395759730283618,-0.004251474155977708,0.03141198031543091,0.3609086375090957
1410,2016-09-14,0.354805953593057,0.3539923899418292,0.3555695929566828,0.3554236718983994,0.1393303866695026,-0.011203539474768598,-0.006916247567266498,-0.009879286602931137,-0.006292196001760675,-0.008947796266458419,0.3539923899418292
1411,2016-09-15,0.3517733736735785,0.3533175964294047,0.3531415990843607,0.3538080487278842,0.1304525178242083,-0.003032579919478473,-0.0006747935124244986,-0.002427993872322065,-0.0016156231705152235,-0.00887786884529429,0.3533175964294047
1412,2016-09-16,0.3528684777451403,0.3484256399072181,0.3533090477681733,0.3496416030399592,0.1882475314163507,0.00109510407156177,-0.004891956522186602,0.0001674486838125766,-0.004166445687924958,0.0577950135921424,0.3484256399072181
1413,2016-09-20,0.3476457198519302,0.3582938545979165,0.3556532394500193,0.3506619093794894,0.1555564620221262,-0.005222757893210084,0.00986821469069843,0.0023441916818460196,0.0010203063395301526,-0.0326910693942245,0.3582938545979165
1414,2016-09-21,0.3539635538675229,0.3636919565937803,0.3611789924323225,0.3530428130843276,0.209677372360604,0.0063178340155926604,0.005398101995863769,0.005525752982303178,0.002380903704838233,0.054120910338477796,0.3636919565937803
1415,2016-09-23,0.3655882634945554,0.3667283596018277,0.3659511904327232,0.363501465057386,0.1652588917086474,0.011624709627032548,0.003036403008047417,0.004772198000400685,0.010458651973058397,-0.04441848065195658,0.3667283596018277
1416,2016-09-26,0.3644932534876187,0.3627642133962833,0.3625186260539801,0.363926652023333,0.1006517818381005,-0.0010950100069367363,-0.0039641462055444165,-0.0034325643787430637,0.0004251869659470109,-0.06460710987054691,0.3627642133962833
1417,2016-09-27,0.3587651063484655,0.3651258452649546,0.36243487854721,0.3566141028113656,0.1543910050027242,-0.005728147139153206,0.0023616318686713322,-8.374750677009324e-05,-0.007312549211967445,0.053739223164623706,0.3651258452649546
1418,2016-09-28,0.3713244878258005,0.3748761763636977,0.3732170504206794,0.3711971430762053,0.2149831154414314,0.012559381477335041,0.00975033109874307,0.01078217187346936,0.014583040264839753,0.060592110438707186,0.3748761763636977
1419,2016-09-29,0.3869565059746754,0.388646429677616,0.3894327944475146,0.388010951324663,0.2656105683642519,0.015632018148874882,0.01377025331391829,0.016215744026835233,0.016813808248457685,0.050627452922820504,0.388646429677616
1420,2016-09-30,0.3857605815438896,0.3908701764490732,0.389942146611605,0.3878384695212724,0.2403347192559722,-0.0011959244307858108,0.0022237467714572023,0.0005093521640903709,-0.0001724818033906339,-0.025275849108279708,0.3908701764490732
1421,2016-10-03,0.3874690647673134,0.393094012712724,0.3917251078015729,0.3902528157119871,0.1661883436816204,0.0017084832234238179,0.0022238362636508024,0.001782961189967902,0.0024143461907147334,-0.0741463755743518,0.393094012712724
1422,2016-10-04,0.3942172927520179,0.3924097554008315,0.393677748926906,0.3924946470000378,0.1224108643903348,0.00674822798470448,-0.0006842573118924777,0.00195264112533311,0.0022418312880506663,-0.04377747929128559,0.3924097554008315
1423,2016-10-05,0.3934484887258664,0.3907846666581351,0.3915552725619685,0.3924946307794866,0.1143546427437189,-0.0007688040261514817,-0.0016250887426964011,-0.002122476364937509,-1.6220551180001763e-08,-0.008056221646615902,0.3907846666581351
1424,2016-10-06,0.3946443617016799,0.3964296104968615,0.3967340963685304,0.3981854491690009,0.1646295449181703,0.0011958729758134723,0.0056449438387263795,0.005178823806561927,0.005690818389514296,0.05027490217445141,0.3964296104968615
1425,2016-10-07,0.3960111058492095,0.3964296104968615,0.3936777240504564,0.397150753356155,0.0797901011908057,0.0013667441475296305,0.0,-0.0030563723180739855,-0.001034695812845876,-0.0848394437273646,0.3964296104968615
1426,2016-10-11,0.3997696643338111,0.4029299207215505,0.4028468925801077,0.4005997696357707,0.1586012184853137,0.003758558484601604,0.006500310224688999,0.009169168529651273,0.003449016279615691,0.07881111729450799,0.4029299207215505
1427,2016-10-12,0.3966090224673493,0.4024166829915343,0.4025072561512107,0.399565013941878,0.1480334369618866,-0.0031606418664618108,-0.0005132377300161584,-0.0003396364288970055,-0.0010347556938927194,-0.010567781523427106,0.4024166829915343
1428,2016-10-13,0.4032719243607242,0.4023312179466929,0.4040355175704767,0.4029278503479838,0.1115604595397027,0.006662901893374873,-8.546504484141515e-05,0.001528261419265986,0.003362836406105796,-0.03647297742218389,0.4023312179466929
1429,2016-10-14,0.4012218247494027,0.4042128808083006,0.4017432392626444,0.4026691776637434,0.1184978424476928,-0.0020500996113214653,0.0018816628616076803,-0.002292278307832296,-0.0002586726842404019,0.006937382907990106,0.4042128808083006
1430,2016-10-17,0.4052365413810917,0.4080616268302607,0.4075162919011128,0.4090497379638437,0.1384504666198541,0.004014716631689008,0.0038487460219601144,0.0057730526384684455,0.006380560300100313,0.0199526241721613,0.4080616268302607
1431,2016-10-18,0.4074574180329542,0.4107129673025057,0.4076860248389966,0.4104292557473721,0.1232295979464647,0.002220876651862491,0.002651340472245023,0.00016973293788374866,0.0013795177835284056,-0.015220868673389412,0.4107129673025057
1432,2016-10-19,0.4115576505685224,0.4125091203731753,0.4108273382400104,0.4118088925673157,0.1321977897107627,0.004100232535568182,0.0017961530706695483,0.003141313401013812,0.001379636819943575,0.008968191764298014,0.4125091203731753
1433,2016-10-20,0.4124118911447127,0.4190949403888024,0.4176192876177735,0.4156027881379673,0.1850454382555439,0.0008542405761903238,0.006585820015627131,0.006791949377763118,0.0037938955706516286,0.05284764854478119,0.4190949403888024
1434,2016-10-21,0.4173663326448812,0.4123381455373957,0.4158364565071069,0.4156028407662906,0.1344325535454659,0.004954441500168494,-0.006756794851406733,-0.0017828311106666273,5.262832331043299e-08,-0.05061288471007799,0.4123381455373957
1435,2016-10-24,0.4099346710861172,0.4111406952415837,0.4088746934897853,0.4106879888154238,0.12912389682209,-0.007431661558764013,-0.0011974502958119748,-0.006961763017321598,-0.004914851950866828,-0.00530865672337591,0.4111406952415837
1436,2016-10-25,0.4122410619422065,0.4087458841421533,0.4102330880589709,0.4105155777084994,0.1241182589237587,0.002306390856089302,-0.002394811099430405,0.001358394569185628,-0.0001724111069243972,-0.005005637898331292,0.4087458841421533
1437,2016-10-26,0.403186407414807,0.4040416822420372,0.4031863978272433,0.4056869430338087,0.1853426297954914,-0.009054654527399508,-0.004704201900116112,-0.007046690231727604,-0.0048286346746906905,0.0612243708717327,0.4040416822420372
1438,2016-10-27,0.4004530597956716,0.3967718286450014,0.4004697734767635,0.3996513477417083,0.2313373910661892,-0.0027333476191354067,-0.0072698535970358025,-0.0027166243504798127,-0.006035595292100404,0.04599476127069779,0.3967718286450014
1439,2016-10-28,0.4030155953104253,0.3964296104968615,0.4006394713608561,0.3986165618988833,0.2482044677794838,0.0025625355147537165,-0.0003422181481398945,0.00016969788409260111,-0.0010347858428250145,0.0168670767132946,0.3964296104968615
1440,2016-10-31,0.3976340453239255,0.3918965176708153,0.3968189700736866,0.3934430472504059,0.2422722915507279,-0.005381549986499812,-0.004533092826046192,-0.0038205012871694866,-0.005173514648477373,-0.005932176228755887,0.3918965176708153
1441,2016-11-01,0.392935989575447,0.4013048319788541,0.3985170153087701,0.3960298572358128,0.1911495193946616,-0.00469805574847848,0.00940831430803879,0.0016980452350834896,0.0025868099854068904,-0.05112277215606631,0.4013048319788541
1442,2016-11-02,0.3991716183129553,0.4018179354705799,0.4036108952475698,0.40051347620932,0.2137215082179288,0.00623562873750827,0.0005131034917258415,0.005093879938799728,0.004483618973507186,0.02257198882326719,0.4018179354705799
1443,2016-11-04,0.3946443482365723,0.3852252326103468,0.394781410948097,0.3867175468565072,0.2585304169713851,-0.004527270076382983,-0.01659270286023312,-0.008829484299472834,-0.013795929352812764,0.044808908753456334,0.3852252326103468
1444,2016-11-07,0.3861022874855425,0.3901004540923393,0.3873103037521823,0.3867175820484866,0.1962542211396421,-0.008542060751029812,0.004875221481992487,-0.007471107195914706,3.5191979386173244e-08,-0.062276195831743014,0.3901004540923393
1445,2016-11-08,0.3920818099737923,0.3966862741079664,0.3939324960903566,0.3943916179043362,0.1389108221425179,0.005979522488249789,0.006585820015627131,0.006622192338174293,0.007674035855849581,-0.057343398997124206,0.3966862741079664
1446,2016-11-09,0.3997696886291833,0.3813764865883866,0.3996207560368785,0.3776640429920227,0.2879669476389297,0.007687878655391001,-0.015309787519579843,0.005688259946521945,-0.01672757491231347,0.1490561254964118,0.3813764865883866
1447,2016-11-10,0.4100201007736747,0.4089169037240297,0.4083652965324242,0.40525583440337,0.2679531369732498,0.010250412144491405,0.027540417135643147,0.008744540495545683,0.027591791411347266,-0.02001381066567992,0.4089169037240297
1448,2016-11-11,0.4185622553658049,0.4212332221154182,0.4202512370428586,0.4199141045117176,0.2918362649433442,0.008542154592130202,0.01231631839138847,0.0118859405104344,0.014658270108347637,0.023883127970094398,0.4212332221154182
1449,2016-11-14,0.4240291608906228,0.4268781659541447,0.4254300919402198,0.42612227091924,0.2287559037682139,0.005466905524817933,0.0056449438387264905,0.005178854897361196,0.006208166407522364,-0.0630803611751303,0.4268781659541447
1450,2016-11-15,0.4271042947303302,0.4251675674205101,0.4284015375719063,0.4237941880022717,0.1729887853898308,0.003075133839707367,-0.0017105985336345886,0.002971445631686498,-0.002328082916968288,-0.05576711837838308,0.4251675674205101
1451,2016-11-16,0.4271043328897928,0.417897579585184,0.4259395081888368,0.4191380941002997,0.2261773301127871,3.815946264529302e-08,-0.007269987835326119,-0.0024620293830694973,-0.004656093901972025,0.05318854472295628,0.417897579585184
1452,2016-11-17,0.4119847715979579,0.4111406952415837,0.4139686471832169,0.4136196373794386,0.2105106741294764,-0.015119561291834949,-0.006756884343600278,-0.011970861005619893,-0.005518456720861098,-0.015666655983310684,0.4111406952415837
1453,2016-11-18,0.4145473845383094,0.4122525462542639,0.4132045414708902,0.4133609507717576,0.2465232960289965,0.0025626129403515385,0.0011118510126801873,-0.0007641057123267125,-0.00025868660768096907,0.03601262189952009,0.4122525462542639
1454,2016-11-21,0.41326612239463,0.4176409607201759,0.4150723545655305,0.4137921141754612,0.1408425671521766,-0.001281262143679407,0.005388414465912039,0.0018678130946402915,0.00043116340370358275,-0.1056807288768199,0.4176409607201759
1455,2016-11-22,0.4194163847644372,0.4229437759029561,0.4204209666090889,0.4211211805784107,0.1594286929690891,0.006150262369807202,0.005302815182780196,0.0053486120435584095,0.007329066402949502,0.01858612581691249,0.4229437759029561
1456,2016-11-24,0.4271043171029147,0.4173843866012646,0.4244961846545982,0.4186207306530308,0.2520941805817379,0.007687932338477477,-0.005559389301691531,0.00407521804550931,-0.0025004499253798995,0.09266548761264878,0.4173843866012646
1457,2016-11-25,0.4151453409299619,0.4122525462542639,0.4170250066239259,0.4140507374106967,0.1789821481121053,-0.011958976172952773,-0.005131840347000705,-0.007471178030672321,-0.004569993242334092,-0.07311203246963258,0.4122525462542639
1458,2016-11-28,0.4136078383881616,0.4254241862855182,0.4223737321759505,0.4174135720519742,0.2141177636045254,-0.0015375025418002952,0.013171640031254317,0.005348725552024591,0.0033628346412775123,0.035135615492420086,0.4254241862855182
1459,2016-11-29,0.4227478621390748,0.427305849147126,0.4242414961469797,0.426294724045036,0.1328009137183032,0.009140023750913162,0.0018816628616077913,0.0018677639710292238,0.008881151993061775,-0.0813168498862222,0.427305849147126
1460,2016-11-30,0.4265917523876368,0.422772711574983,0.4242414476330932,0.4248288667522368,0.182125968421942,0.0038438902485620208,-0.00453313757214302,-4.851388651916366e-08,-0.0014658572927991886,0.04932505470363882,0.422772711574983
1461,2016-12-01,0.4288127231027253,0.4303848728123521,0.4311182929589298,0.4318130711114725,0.2388604161264287,0.002220970715088477,0.0076121612373691305,0.0068768453258366,0.006984204359235691,0.056734447704486685,0.4303848728123521
1462,2016-12-02,0.4335962083534093,0.4320953818537932,0.434683988116414,0.4329338982244264,0.1563140090847374,0.004783485250684005,0.0017105090414410995,0.0035656951574842277,0.001120827112953915,-0.0825464070416913,0.4320953818537932
1463,2016-12-05,0.4305210647119976,0.4374837515736083,0.4343444188025364,0.4333650492838902,0.1740260421370985,-0.003075143641411704,0.0053883697198151,-0.0003395693138776301,0.00043115105946378574,0.017712033052361104,0.4374837515736083
1464,2016-12-06,0.4379527249033519,0.4390233305253666,0.4372310180455546,0.4406079658691182,0.22611322997672,0.007431660191354328,0.0015395789517582692,0.0028865992430182064,0.007242916585228021,0.05208718783962152,0.4390233305253666
1465,2016-12-07,0.4396611657561153,0.4434709135604747,0.4402025459985645,0.4430222694206756,0.1445341522611323,0.0017084408527633932,0.004447583035108116,0.0029715279530099226,0.002414303551557362,-0.0815790777155877,0.4434709135604747
1466,2016-12-08,0.444188439473131,0.4484315553412118,0.4451266279955894,0.4465574482470928,0.2030284400649159,0.004527273717015723,0.0049606417807371295,0.004924081997024876,0.00353517882641724,0.0584942878037836,0.4484315553412118
1467,2016-12-09,0.4462385998269206,0.448944793071228,0.4461454785989817,0.4486268999656557,0.2388953798370108,0.0020501603537895763,0.0005132377300161584,0.0010188506033922962,0.002069451718562876,0.0358669397720949,0.448944793071228
1468,2016-12-12,0.448459517417141,0.4362008809790517,0.4460605857409414,0.4378487827275569,0.2654299225262446,0.002220917590220417,-0.01274391209217629,-8.489285804030855e-05,-0.010778117238098794,0.026534542689233775,0.4362008809790517
1469,2016-12-13,0.4331692011066517,0.4434709135604747,0.4402025459985645,0.4356931947543295,0.1935998927779542,-0.015290316310489327,0.007270032581423003,-0.005858039742376864,-0.002155587973227402,-0.07183002974829039,0.4434709135604747
1470,2016-12-14,0.4429925719203238,0.4362008809790517,0.4402874171023495,0.4340549084749389,0.1991999137561805,0.009823370813672128,-0.007270032581423003,8.487110378496698e-05,-0.0016382862793906106,0.005600020978226317,0.4362008809790517
1471,2016-12-15,0.4312898792238076,0.4357731977860705,0.4345991435645289,0.4353482326191524,0.1742212561878483,-0.011702692696516193,-0.0004276831929811986,-0.005688273537820587,0.0012933241442135146,-0.024978657568332202,0.4357731977860705
1472,2016-12-16,0.4382089891353497,0.4409049933869743,0.4384196296433753,0.4411253154392049,0.1689941814558306,0.006919109911542098,0.005131795600903821,0.0038204860788463857,0.005777082820052515,-0.0052270747320177224,0.4409049933869743
1473,2016-12-19,0.4370132098003893,0.4384247172427025,0.4357029354929075,0.438452443343387,0.0930122110759207,-0.0011957793349604007,-0.00248027614427182,-0.002716694150467769,-0.002672872095817902,-0.07598197037990989,0.4384247172427025
1474,2016-12-20,0.4373547976501176,0.4385101822875439,0.4370612590929396,0.4382799295742468,0.1337915521847948,0.0003415878497282643,8.546504484141515e-05,0.0013583236000320742,-0.00017251376914023675,0.0407793411088741,0.4385101822875439
1475,2016-12-21,0.441625848438359,0.440648419268063,0.4419854119315721,0.4421600258987863,0.1587381596850935,0.004271050788241415,0.0021382369805190704,0.004924152838632512,0.003880096324539506,0.0249466075002987,0.440648419268063
1476,2016-12-22,0.4404299236997841,0.4428721660395203,0.4399478185115457,0.4413839921391785,0.1165515292252915,-0.0011959247385748828,0.0022237467714573134,-0.0020375934200264068,-0.0007760337596077749,-0.042186630459802005,0.4428721660395203
1477,2016-12-26,0.4416258389827868,0.4314967238250324,0.4392686063764962,0.4347446754689917,0.1770387485322525,0.0011959152830026687,-0.011375442214487885,-0.0006792121350495117,-0.006639316670186801,0.06048721930696099,0.4314967238250324
1478,2016-12-27,0.4294960814838957,0.431240149706121,0.4345142745863709,0.433192646455691,0.1101706520440659,-0.012129757498891114,-0.00025657411891139015,-0.004754331790125299,-0.0015520290133007042,-0.06686809648818659,0.431240149706121
1479,2016-12-28,0.4301794558070583,0.4340626439985326,0.4342595949314973,0.4322442037579224,0.0799794879564585,0.0006833743231626221,0.0028224942924116037,-0.0002546796548735797,-0.0009484426977686145,-0.0301911640876074,0.4340626439985326
1480,2016-12-29,0.4295814672677051,0.4304703378571936,0.4278071794991836,0.4306920964217091,0.1034692741825047,-0.0005979885393532225,-0.003592306141339041,-0.006452415432313674,-0.0015521073362133042,0.023489786226046208,0.4304703378571936
1481,2016-12-30,0.426506370396063,0.4259373345233408,0.4242414655487633,0.4263809284789954,0.1292491834516757,-0.0030750968716420912,-0.004533003333852759,-0.003565713950420324,-0.0043111679427136895,0.02577990926917098,0.4259373345233408
1482,2017-01-04,0.4289835771015271,0.4378259697217482,0.4354481768734903,0.4323304419126295,0.1508217928808058,0.002477206705464141,0.011888635198407382,0.011206711324727003,0.0059495134336340905,0.021572609429130113,0.4378259697217482
1483,2017-01-05,0.438892324579963,0.4357731977860705,0.4362122081137596,0.4370727149937392,0.1041743756792429,0.009908747478435898,-0.0020527719356777108,0.0007640312402693028,0.004742273081109694,-0.0466474172015629,0.4357731977860705
1484,2017-01-06,0.4320587113729867,0.435431113876221,0.433410578310884,0.4356069514051737,0.0839333008947796,-0.006833613206976341,-0.00034208390984946657,-0.002801629802875627,-0.001465763588565483,-0.020241074784463298,0.435431113876221
1485,2017-01-10,0.4341087344694419,0.4325230203006777,0.4343444130175752,0.4354344348354263,0.1375822011403997,0.0020500230964552446,-0.0029080935755433357,0.0009338347066912278,-0.00017251656974737184,0.05364890024562011,0.4325230203006777
1486,2017-01-11,0.4338525968914735,0.438852355689587,0.4379951848427926,0.4379350649587569,0.1239842313665274,-0.0002561375779684405,0.006329335388909341,0.0036507718252173915,0.0025006301233305717,-0.013597969773872301,0.438852355689587
1487,2017-01-12,0.4370985341069068,0.4380825438406595,0.4350236765096724,0.4369865587959751,0.1079562837072022,0.0032459372154333144,-0.0007698118489275485,-0.0029715083331202097,-0.0009485061627818037,-0.016027947659325206,0.4380825438406595
1488,2017-01-13,0.4348776006039362,0.4362008809790517,0.4342595818528192,0.4366416480963628,0.1152870083592404,-0.00222093350297059,-0.0018816628616077913,-0.0007640946568531759,-0.0003449106996122886,0.007330724652038198,0.4362008809790517
1489,2017-01-16,0.4342796756795535,0.4379970340497213,0.4362122855373737,0.4381074884937677,0.1042209939600189,-0.0005979249243827089,0.0017961530706696038,0.0019527036845544687,0.0014658403974048828,-0.011066014399221502,0.4379970340497213
1490,2017-01-17,0.437525541754572,0.4283320561305777,0.4350235596707943,0.4318129635581083,0.1104241389457858,0.0032458660750184776,-0.009664977919143614,-0.0011887258665793654,-0.006294524935659407,0.006203144985766906,0.4283320561305777
1491,2017-01-18,0.4277877355351302,0.4339771789536912,0.4321371471300512,0.4304335292728704,0.105127136792604,-0.009737806219441758,0.005645122823113524,-0.002886412540743122,-0.0013794342852379016,-0.005297002153181796,0.4339771789536912
1492,2017-01-19,0.4368423764828097,0.4379115690048799,0.4372311512891825,0.4383662375390413,0.113530081902492,0.009054640947679493,0.003934390051188674,0.0050940041591313046,0.00793270826617093,0.008402945109887996,0.4379115690048799
1493,2017-01-20,0.4405153037142403,0.4374837515736083,0.4391836743304909,0.4401767747633776,0.1398286195452969,0.0036729272314305894,-0.000427817431271571,0.001952523041308385,0.0018105372243362727,0.026298537642804903,0.4374837515736083
1494,2017-01-23,0.4339380268382065,0.4369706928279793,0.4359576016516019,0.4337100445814772,0.1261869451331971,-0.006577276876033822,-0.0005130587456290137,-0.0032260726788889693,-0.00646673018190036,-0.013641674412099819,0.4369706928279793
1495,2017-01-24,0.442309207689693,0.4422734632646627,0.4448719679184025,0.4427635802259774,0.1849434607663462,0.008371180851486526,0.005302770436683424,0.008914366266800589,0.009053535644500177,0.058756515633149126,0.4422734632646627
1496,2017-01-25,0.4467511027829118,0.4422734632646627,0.4454662729095544,0.4419013547515987,0.1642915623825437,0.004441895093218795,0.0,0.0005943049911518727,-0.0008622254743786972,-0.02065189838380252,0.4422734632646627
1497,2017-01-26,0.4451281018716126,0.4480039616404241,0.4475887699541803,0.4475059525081534,0.1782275146920425,-0.0016230009112991883,0.005730498375761395,0.002122497044625915,0.005604597756554697,0.013935952309498817,0.4480039616404241
1498,2017-01-27,0.451022200113205,0.4473197938207251,0.4497112887920302,0.4490580549137344,0.0967241916827159,0.0058940982415923715,-0.0006841678196989887,0.0021225188378499182,0.0015521024055810129,-0.08150332300932661,0.4473197938207251
1499,2017-01-30,0.4435051061945348,0.4450104477661361,0.4440230132472982,0.4451778979928765,0.0924294825662198,-0.00751709391867017,-0.0023093460545890454,-0.005688275544732002,-0.0038801569208579134,-0.004294709116496098,0.4450104477661361
1500,2017-01-31,0.4365006376409348,0.4361153711881135,0.4378253800330887,0.4376763742873414,0.1642362031741222,-0.007004468553600041,-0.008895076578022576,-0.006197633214209519,-0.007501523705535085,0.07180672060790239,0.4361153711881135
1501,2017-02-01,0.4327420870738732,0.4401352710302404,0.4376555801938659,0.4321579739443744,0.1056836425193684,-0.0037585505670615915,0.004019899842126917,-0.00016979983922277286,-0.0055184003429670225,-0.05855256065475378,0.4401352710302404
1502,2017-02-02,0.4412842384450606,0.4494580308012442,0.4593898210641461,0.4365554854378934,0.3639460043762911,0.008542151371187412,0.009322759771003775,0.021734240870280197,0.004397511493519024,0.2582623618569227,0.4494580308012442
1503,2017-02-03,0.4450425990529257,0.4385956473323854,0.4479282741661988,0.441125267760974,0.2179492035558093,0.0037583606078651077,-0.010862383468858816,-0.011461546897947317,0.0045697823230805845,-0.1459968008204818,0.4385956473323854
1504,2017-02-06,0.4399174332269316,0.4336350055516482,0.4395233362686288,0.4363829863187158,0.195013009413979,-0.0051251658259940935,-0.004960641780737185,-0.00840493789757002,-0.004742281442258189,-0.02293619414183029,0.4336350055516482
1505,2017-02-07,0.4338525039341517,0.4346613020272935,0.4349387189007644,0.4345722099780849,0.1329203730627919,-0.006064929292779908,0.001026296475645283,-0.004584617367864363,-0.0018107763406309263,-0.062092636351187114,0.4346613020272935
1506,2017-02-08,0.4380381896675008,0.4420168891457514,0.4392686331127609,0.4400044164339121,0.1383135254200744,0.004185685733349098,0.007355587118457907,0.004329914211996466,0.005432206455827204,0.005393152357282521,0.4420168891457514
1507,2017-02-09,0.4385506482891362,0.4367995390078126,0.4375705923699437,0.4388834187888459,0.1186668337155061,0.0005124586216354032,-0.005217350137938781,-0.001698040742817153,-0.0011209976450661796,-0.019646691704568314,0.4367995390078126
1508,2017-02-10,0.4421383980478859,0.435516668413256,0.4396931569924946,0.4375039188943088,0.244396336968588,0.003587749758749703,-0.0012828705945566177,0.002122564622550893,-0.0013794998945371173,0.1257295032530819,0.435516668413256
1509,2017-02-13,0.4390633260093469,0.4392800388825683,0.4378254422341676,0.4409529634882239,0.1450877443453482,-0.0030750720385390173,0.0037633704693122993,-0.0018677147583270326,0.003449044593915096,-0.0993085926232398,0.4392800388825683
1510,2017-02-14,0.4402591163825612,0.4380825438406595,0.4390988397556647,0.4410391070251837,0.1607106956904313,0.0011957903732143227,-0.0011974950419088026,0.0012733975214971327,8.614353695979293e-05,0.015622951345083097,0.4380825438406595
1511,2017-02-15,0.4423946647093649,0.4534778858972742,0.4511545580934115,0.4437983018713697,0.2578078336193559,0.0021355483268036823,0.015395342056614747,0.012055718337746768,0.0027591948461860305,0.09709713792892458,0.4534778858972742
1512,2017-02-16,0.451022084395744,0.4502276636657846,0.4523430596849094,0.4527656098660595,0.1356591970583864,0.00862741968637909,-0.00325022223148963,0.0011885015914979147,0.00896730799468981,-0.1221486365609695,0.4502276636657846
1513,2017-02-17,0.4476052956608511,0.4468920658816471,0.4486075600301711,0.4495753434671574,0.11261811178481,-0.0034167887348928727,-0.0033355977841375006,-0.0037354996547382946,-0.0031902663989021307,-0.023041085273576387,0.4468920658816471
1514,2017-02-20,0.4458970075194389,0.446379007136018,0.4450419106268933,0.4480234188995237,0.082106447016867,-0.0017082881414122175,-0.0005130587456290692,-0.003565649403277804,-0.0015519245676337001,-0.030511664767942995,0.446379007136018
1515,2017-02-21,0.4458113516955258,0.4459511449586497,0.4447869888606992,0.4488854501275912,0.0717397068292867,-8.56558239130667e-05,-0.0004278621773683433,-0.0002549217661941272,0.0008620312280674947,-0.010366740187580312,0.4459511449586497
1516,2017-02-22,0.4454697941713151,0.4461222987788164,0.4446172744855239,0.4476783897142696,0.1222680959054581,-0.0003415575242107227,0.00017115382016669178,-0.00016971437517526722,-0.0012070604133215812,0.05052838907617141,0.4461222987788164
1517,2017-02-23,0.4479469757410055,0.4479184071033891,0.448692424726389,0.4494028908538134,0.1535431350211093,0.002477181569690401,0.0017961083245727205,0.0040751502408650775,0.0017245011395438103,0.0312750391156512,0.4479184071033891
1518,2017-02-24,0.4452134646754942,0.440220691328985,0.4427494455338971,0.4435395396881477,0.174940925897329,-0.002733511065511285,-0.00769771577440409,-0.005942979192491871,-0.00586335116566572,0.021397790876219708,0.440220691328985
1519,2017-02-27,0.4356463417259212,0.4350034306832397,0.4350236284032018,0.4367278365379824,0.1386223715302159,-0.009567122949573015,-0.005217260645745292,-0.007725817130695312,-0.006811703150165271,-0.03631855436711312,0.4350034306832397
1520,2017-02-28,0.4370131752230305,0.43354949576071,0.4361274179579762,0.4370728035271863,0.1399276833919461,0.00136683349710931,-0.0014539349225297094,0.0011037895547744148,0.0003449669892038876,0.0013053118617302184,0.43354949576071
1521,2017-03-01,0.436927717418222,0.4378259697217482,0.4393535521451233,0.4368141030380206,0.1376025966382392,-8.545780480850862e-05,0.004276473961038196,0.0032261341871470672,-0.00025870048916570854,-0.0023250867537069064,0.4378259697217482
1522,2017-03-02,0.4417112605882142,0.4380825438406595,0.4390139301576971,0.4413840161680737,0.1550028699379102,0.004783543169992188,0.0002565741189112791,-0.0003396219874262085,0.004569913130053116,0.017400273299671004,0.4380825438406595
1523,2017-03-03,0.4360734837777273,0.4380825438406595,0.4355330719154214,0.4393146244635567,0.1588197416764516,-0.005637776810486883,0.0,-0.003480858242275675,-0.002069391704517032,0.003816871738541394,0.4380825438406595
1524,2017-03-06,0.4368422067896183,0.433036213284597,0.434174609463395,0.4365553497807751,0.1137806551616634,0.0007687230118910149,-0.005046330556062462,-0.001358462452026421,-0.0027592746827815873,-0.045039086514788204,0.433036213284597
1525,2017-03-07,0.4347921073908342,0.4338059803874278,0.4346840057491932,0.4362966768151237,0.1228566517002561,-0.0020500993987841443,0.0007697671028307762,0.0005093962857982137,-0.0002586729656514075,0.009075996538592701,0.4338059803874278
1526,2017-03-08,0.4325713065734449,0.4310691748703414,0.4313730665437708,0.4325029338930861,0.1485870290461025,-0.00222080081738929,-0.0027368055170863825,-0.003310939205422414,-0.0037937429220376018,0.025730377345846392,0.4310691748703414
1527,2017-03-09,0.4303502988013472,0.4297006155004595,0.427977042312322,0.4316406009907359,0.1216678855404661,-0.002221007772097716,-0.0013685593698818943,-0.003396024231448802,-0.0008623329023501602,-0.026919143505636386,0.4297006155004595
1528,2017-03-10,0.4288127963815917,0.4287598735618492,0.4276375078625778,0.430174865696844,0.2250468368039672,-0.0015375024197554765,-0.0009407419386103233,-0.000339534449744161,-0.0014657352938919344,0.10337895126350109,0.4287598735618492
1529,2017-03-13,0.4277876876012138,0.4294440413815483,0.4284864523064439,0.4305197162236192,0.1388059310107717,-0.0010251087803779257,0.0006841678196990997,0.0008489444438660732,0.0003448505267751867,-0.08624090579319549,0.4294440413815483
1530,2017-03-14,0.4284709516956447,0.427818907892755,0.4280618431147593,0.4311231748158226,0.1358514974665878,0.0006832640944309243,-0.0016251334887932845,-0.00042460919168457734,0.0006034585922033986,-0.0029544335441838987,0.427818907892755
1531,2017-03-15,0.42676260000226,0.4237135430057868,0.4241565542653689,0.4266395694754814,0.1475847360094169,-0.0017083516933846798,-0.004105364886968221,-0.003905288849390398,-0.004483605340341201,0.011733238542829094,0.4237135430057868
1532,2017-03-16,0.4231749241091162,0.4237135430057868,0.4235622493045536,0.4263808955310897,0.1483714194975132,-0.0035876758931437935,0.0,-0.0005943049608153061,-0.000258673944391663,0.0007866834880962958,0.4237135430057868
1533,2017-03-17,0.4231748639050867,0.4228581766198244,0.4222887008041531,0.4261221609633639,0.2767960421079621,-6.02040295394346e-08,-0.0008553663859623972,-0.001273548500400512,-0.0002587345677257935,0.1284246226104489,0.4228581766198244
1534,2017-03-21,0.4224061401637494,0.4261083541052172,0.4255998345548062,0.4262946641379951,0.109669505525723,-0.000768723741337296,0.0032501774853928023,0.003311133750653117,0.00017250317463118892,-0.1671265365822391,0.4261083541052172
1535,2017-03-22,0.4211248589928041,0.4152461496207455,0.419147514304276,0.4186207123829304,0.1831166068884337,-0.001281281170945281,-0.010862204484471671,-0.006452320250530219,-0.00767395175506469,0.07344710136271071,0.4152461496207455
1536,2017-03-23,0.4147182506723948,0.4156737433215332,0.4139686380703337,0.4174997373574863,0.1168341525524965,-0.0064066083204092905,0.000427593700787654,-0.005178876233942309,-0.0011209750254441153,-0.0662824543359372,0.4156737433215332
1537,2017-03-24,0.4151453182324507,0.418496192867848,0.4169400742389909,0.4184481714557101,0.1140108329229953,0.00042706756005589375,0.0028224495463148314,0.0029714361686571933,0.000948434098223816,-0.002823319629501206,0.418496192867848
1538,2017-03-27,0.4159142055101952,0.4143908727269766,0.4133744060006399,0.4164651150253155,0.1024028810097519,0.00076888727774449,-0.0041053201408713935,-0.003565668238350972,-0.001983056430394592,-0.011607951913243403,0.4143908727269766
1539,2017-03-28,0.4213812030209493,0.4216609500544963,0.4193174145461558,0.4221559943204945,0.1332175646027394,0.005466997510754079,0.007270077327519664,0.005943008545515882,0.005690879295178974,0.030814683592987502,0.4216609500544963
1540,2017-03-29,0.4298436854505116,0.4288193858705608,0.4279987375643325,0.4307200768734914,0.1625229813556013,0.008462482429562324,0.007158435816064512,0.008681323018176701,0.008564082552996899,0.029305416752861912,0.4288193858705608
1541,2017-03-30,0.4244379973455691,0.4251528459546709,0.4278254782234024,0.4280798580114868,0.1080436929836573,-0.005405688104942519,-0.003666539915889888,-0.00017325934093009865,-0.0026402188620046063,-0.054479288371944004,0.4251528459546709
1542,2017-03-31,0.4274024683570682,0.420002122754831,0.4260057023738838,0.4234153356763272,0.1386048896749249,0.0029644710114991035,-0.005150723199839891,-0.00181977584951859,-0.004664522335159571,0.030561196691267598,0.420002122754831
1543,2017-04-03,0.4192938009698074,0.4131053621127102,0.4186398276985315,0.4150543594032821,0.1997418512702024,-0.008108667387260793,-0.006896760642120803,-0.007365874675352324,-0.008360976273045106,0.061136961595277484,0.4131053621127102
1544,2017-04-04,0.4125802707370661,0.4186053285978837,0.4191598127365363,0.4135582456791339,0.2168478466724745,-0.006713530232741294,0.00549996648517348,0.0005199850380048221,-0.001496113724148207,0.017105995402272117,0.4186053285978837
1545,2017-04-05,0.422258196861569,0.4248908575580498,0.4236658563775802,0.4236792576564777,0.1681841888273463,0.009677926124502911,0.006285528960166098,0.0045060436410439,0.010121011977343775,-0.048663657845128216,0.4248908575580498
1546,2017-04-06,0.4237405378422854,0.4211370627534475,0.4238393235782554,0.4230633422972112,0.1313440924440508,0.0014823409807163679,-0.003753794804602306,0.0001734672006751814,-0.0006159153592664723,-0.036840096383295495,0.4211370627534475
1547,2017-04-07,0.4224326341388361,0.4272480371900919,0.4268722442759534,0.4239433565133252,0.1824668646001171,-0.001307903703449298,0.006110974436644434,0.003032920697698005,0.0008800142161140001,0.05112277215606631,0.4272480371900919
1548,2017-04-10,0.4293206412171875,0.4350177941803047,0.4328516096058769,0.4314242372377291,0.1329640777010194,0.00688800707835141,0.007769756990212762,0.005979365329923492,0.007480880724403893,-0.049502786899097706,0.4350177941803047
1549,2017-04-11,0.4292334887328501,0.4255020892400045,0.429991976950196,0.4279919008917263,0.1230810021764909,-8.715248433738276e-05,-0.009515704940300185,-0.0028596326556808993,-0.003432336346002818,-0.009883075524528495,0.4255020892400045
1550,2017-04-12,0.4220839373346205,0.4188672722484081,0.4208063168702982,0.4206870853613842,0.1330485733349261,-0.007149551398229592,-0.006634816991596404,-0.009185660079897795,-0.007304815530342068,0.00996757115843519,0.4188672722484081
1551,2017-04-13,0.4110980408930958,0.4080419832937763,0.4085876515175788,0.4066054688181532,0.1953626465197996,-0.0109858964415247,-0.010825288954631807,-0.012218665352719371,-0.014081616543231035,0.0623140731848735,0.4080419832937763
1552,2017-04-14,0.407784820761523,0.4079546389128703,0.4065078507661351,0.4083656215332987,0.1095150824706523,-0.003313220131572814,-8.734438090596264e-05,-0.0020798007514437056,0.0017601527151455132,-0.0858475640491473,0.4079546389128703
1553,2017-04-17,0.4043845183413542,0.4072563313265902,0.4043415317378346,0.406253470047714,0.078181770504031,-0.0034003024201688103,-0.0006983075862800892,-0.0021663190283005007,-0.00211215148558469,-0.0313333119666213,0.4072563313265902
1554,2017-04-18,0.4098774294609009,0.4058594924235461,0.4093675939186425,0.4081016548711987,0.0836710730654141,0.005492911119546695,-0.0013968389030441508,0.005026062180807922,0.0018481848234846998,0.005489302561383108,0.4058594924235461
1555,2017-04-19,0.4009841741951456,0.4010580572551366,0.3997487330484286,0.400532883442899,0.1543035957262691,-0.008893255265755295,-0.004801435168409474,-0.009618860870213908,-0.007568771428299703,0.07063252266085498,0.4010580572551366
1556,2017-04-20,0.3984556455358875,0.3985262783534761,0.3984488321175304,0.4005328372803544,0.1354902057905732,-0.002528528659258067,-0.0025317789016605086,-0.0012999009308982123,-4.616254462019853e-08,-0.018813389935695896,0.3985262783534761
1557,2017-04-21,0.4040357217787385,0.4014071663021799,0.4015684587845408,0.4015889305113248,0.1481208462383418,0.005580076242850951,0.002880887948703781,0.003119626667010378,0.0010560932309704452,0.012630640447768599,0.4014071663021799
1558,2017-04-24,0.4056051397429334,0.4043753986317897,0.4045148153951986,0.4071335594449595,0.1025573040648227,0.001569417964194908,0.002968232329609799,0.002946356610657841,0.0055446289336346655,-0.04556354217351909,0.4043753986317897
1559,2017-04-25,0.4038613573334584,0.4113594141626229,0.4096275621946525,0.4074856047516869,0.1223176278287827,-0.001743782409474981,0.006984015530833221,0.005112746799453893,0.00035204530672738876,0.01976032376395999,0.4113594141626229
1560,2017-04-26,0.4149345062608648,0.4199149573583121,0.4170801675092446,0.4163746718295997,0.1465911839003767,0.011073148927406407,0.008555543195689186,0.007452605314592076,0.008889067077912816,0.02427355607159401,0.4199149573583121
1561,2017-04-27,0.4175500448717756,0.4184306845821685,0.4164734140017981,0.4195428820068785,0.0853143674627709,0.0026155386109107948,-0.0014842727761436025,-0.0006067535074464891,0.0031682101772788074,-0.06127681643760581,0.4184306845821685
1562,2017-04-28,0.4165909975910458,0.4196529689616909,0.4189865133815628,0.4192789102734373,0.1377424514805674,-0.0009590472807298189,0.0012222843795224314,0.002513099379764683,-0.00026397173344122615,0.052428084017796514,0.4196529689616909
1563,2017-05-01,0.4185092415691148,0.4234942423854896,0.4209797118728058,0.4214792339392483,0.0721184803605924,0.0019182439780690008,0.0038412734237986967,0.00199319849124302,0.0022003236658110215,-0.065623971119975,0.4234942423854896
1564,2017-05-02,0.4228685950152038,0.4255893441287169,0.4245325306561026,0.4259676288757082,0.1362011345724084,0.004359353446089009,0.002095101743227301,0.003552818783296774,0.004488394936459916,0.064082654211816,0.4255893441287169
1565,2017-05-08,0.4257459076806245,0.4299544153613708,0.4302519541614681,0.4297520933882497,0.2093510443951715,0.0028773126654206838,0.004365071232653894,0.0057194235053655285,0.0037844645125414966,0.07314990982276309,0.4299544153613708
1566,2017-05-09,0.429407797839729,0.4206132201984954,0.4298186144155658,0.4226232311481441,0.2463601320462803,0.0036618901591045083,-0.009341195162875404,-0.00043333974590231694,-0.007128862240105616,0.0370090876511088,0.4206132201984954
1567,2017-05-10,0.4242637024540927,0.4127562530656669,0.4217595839205853,0.4156705427764726,0.2846745315591192,-0.005144095385636316,-0.007856967132828518,-0.008059030494980468,-0.0069526883716715115,0.03831439951283891,0.4127562530656669
1568,2017-05-11,0.4124059341562813,0.4084785262139191,0.4098875580695041,0.4095978659913912,0.2394431446361297,-0.011857768297811377,-0.004277726851747765,-0.011872025851081214,-0.006072676785081388,-0.0452313869229895,0.4084785262139191
1569,2017-05-12,0.4063026045400544,0.403502312791504,0.4054679600263587,0.4052852810096695,0.2139342041239696,-0.0061033296162268935,-0.00497621342241511,-0.004419598043145401,-0.004312584981721712,-0.0255089405121601,0.403502312791504
1570,2017-05-15,0.4035125333383393,0.4009706233820371,0.4019150455372878,0.4019409288719459,0.1552767523374697,-0.002790071201715094,-0.0025316894094669085,-0.003552914489070913,-0.003344352137723605,-0.05865745178649989,0.4009706233820371
1571,2017-05-16,0.4036869181803933,0.4040261106003592,0.4031282173717623,0.4060773650558528,0.1432463222546931,0.0001743848420540095,0.003055487218322106,0.0012131718344745024,0.004136436183906911,-0.0120304300827766,0.4040261106003592
1572,2017-05-17,0.4001993847098031,0.3952961471194387,0.3977555484869853,0.3974524649424106,0.2220720077619437,-0.0034875334705902206,-0.008729963480920477,-0.005372668884776999,-0.008624900113442191,0.07882568550725058,0.3952961471194387
1573,2017-05-18,0.3872953490727033,0.3864787945115153,0.3860568633148875,0.3887394978971117,0.2630523902066646,-0.012904035637099798,-0.008817352607923434,-0.011698685172097822,-0.008712967045298892,0.04098038244472091,0.3864787945115153
1574,2017-05-19,0.3862490778060553,0.396692941276386,0.3951558483181878,0.3897956177118564,0.2170925926465489,-0.0010462712666480245,0.010214146764870702,0.009098985003300308,0.0010561198147446826,-0.0459597975601157,0.396692941276386
1575,2017-05-22,0.3991530329425541,0.3952087579924359,0.3968888896676392,0.3968363068847442,0.1443418518529309,0.012903955136498835,-0.0014841832839501135,0.001733041349451403,0.007040689172887804,-0.07275074079361799,0.3952087579924359
1576,2017-05-23,0.3939218147222583,0.3926772028212593,0.392816167729675,0.3949002255751351,0.0900432093189943,-0.005231218220295819,-0.0025315551711765916,-0.004072721937964208,-0.0019360813096090945,-0.05429864253393661,0.3926772028212593
1577,2017-05-24,0.395665583337448,0.3937247984389698,0.3940293459398356,0.3952522665545518,0.117454758415328,0.0017437686151897114,0.0010475956177105061,0.0012131782101605926,0.0003520409794167123,0.0274115490963337,0.3937247984389698
1578,2017-05-25,0.3923522867793892,0.3920659711393045,0.3909095853284498,0.3935799590008332,0.098553959203177,-0.003313296558058787,-0.0016588272996652664,-0.003119760611385747,-0.0016723075537186105,-0.018900799212151,0.3920659711393045
1579,2017-05-26,0.392177864435637,0.389097694063598,0.3920360823556298,0.3921717689798642,0.118296801111846,-0.00017442234375220078,-0.0029682770757065158,0.0011264970271799846,-0.0014081900209689802,0.019742841908668998,0.389097694063598
1580,2017-05-29,0.3892134928178072,0.3891850831906007,0.3884832355856387,0.3919958065272426,0.0760111068053949,-0.0029643716178298085,8.738912700267942e-05,-0.003552846769991125,-0.00017596245262163634,-0.0422856943064511,0.3891850831906007
1581,2017-05-30,0.3887776503881797,0.3898835697612679,0.3882233584623354,0.3897956762563339,0.1193923307100838,-0.00043584242962751985,0.0006984865706672339,-0.00025987712330327595,-0.0022001302709087067,0.043381223904688904,0.3898835697612679
1582,2017-05-31,0.3888647966045149,0.387264535970895,0.3877033946232668,0.389707633685666,0.1377074877699854,8.714621633520991e-05,-0.0026190337903729266,-0.0005199638390686045,-8.80425706678567e-05,0.018315157059901596,0.387264535970895
1583,2017-06-01,0.3866851236528614,0.3903201126814107,0.3890032909850923,0.3900597254335171,0.1547406421085448,-0.0021796729516534996,0.003055576710515706,0.001299896361825481,0.0003520917478510577,0.017033154338559398,0.3903201126814107
1584,2017-06-02,0.3931370427977757,0.4029785597287456,0.4001819547421357,0.3966603765216314,0.2191408833581478,0.006451919144914331,0.012658447047334875,0.011178663757043406,0.0066006510881143066,0.064400241249603,0.4029785597287456
1585,2017-06-05,0.396711886581962,0.3903201126814107,0.3949826240989422,0.3923479711391199,0.3075087482117519,0.0035748437841862657,-0.012658447047334875,-0.0051993306431935005,-0.004312405382511486,0.0883678648536041,0.3903201126814107
1586,2017-06-06,0.3899982086727245,0.3931136115031118,0.3925561142021335,0.3934920065884357,0.2139808224047457,-0.006713677909237492,0.0027934988217011014,-0.002426509896808704,0.0011440354493157945,-0.0935279258070062,0.3931136115031118
1587,2017-06-07,0.3929626655454793,0.3963437427371492,0.3939426429168238,0.3942841016312785,0.1598686529939134,0.002964456872754817,0.00323013123403737,0.001386528714690305,0.000792095042842833,-0.0541121694108323,0.3963437427371492
1588,2017-06-08,0.3978452706820984,0.3952961471194387,0.3968889680863287,0.3980685123616095,0.1654628466870427,0.004882605136619089,-0.0010475956177104506,0.002946325169504882,0.003784410730330978,0.005594193693129301,0.3952961471194387
1589,2017-06-09,0.394357674762317,0.3963437427371492,0.3947225557393156,0.3963963378324636,0.1958637930381425,-0.0034875959197814277,0.0010475956177104506,-0.0021664123470130914,-0.00167217452914592,0.0304009463510998,0.3963437427371492
1590,2017-06-12,0.3985426795680695,0.4013197771751771,0.4013083777779916,0.4017648292851867,0.1690291451664126,0.0041850048057525124,0.00497603443802791,0.006585822038676026,0.005368491452723112,-0.0268346478717299,0.4013197771751771
1591,2017-06-13,0.3991530897650562,0.4003595259383726,0.4004419033999861,0.4014128857410632,0.1666370446340902,0.0006104101969867104,-0.000960251236804488,-0.0008664743780055217,-0.0003519435441234897,-0.0023921005323223887,0.4003595259383726
1592,2017-06-14,0.3981068437607462,0.3972167390852412,0.3964556985865857,0.3992126559400703,0.1512209619099509,-0.0010462460043100252,-0.0031427868531314074,-0.003986204813400396,-0.002200229800992881,-0.015416082724139302,0.3972167390852412
1593,2017-06-15,0.3974092805565136,0.393550064931061,0.3972355528903695,0.396660322723609,0.1823037006174008,-0.0006975632042325874,-0.003666674154180205,0.0007798543037838002,-0.002552333216461311,0.031082738707449903,0.393550064931061
1594,2017-06-16,0.3927012155382002,0.3953835362464414,0.39394276150265,0.3955163477314261,0.292891003545903,-0.00470806501831339,0.0018334713153804194,-0.0032927913877194848,-0.001143974992182939,0.11058730292850216,0.3953835362464414
1595,2017-06-19,0.3947936656763915,0.3949469485802018,0.3930760850328206,0.3957802808488422,0.0735053742136807,0.002092450138191315,-0.0004365876662396073,-0.0008666764698294083,0.00026393311741612635,-0.21938562933222228,0.3949469485802018
1596,2017-06-20,0.3976709135207061,0.3992246754319497,0.3994886886161379,0.4012368778461912,0.1435755638626742,0.00287724784431459,0.004277726851747932,0.0064126035833173,0.005456596997349017,0.0700701896489935,0.3992246754319497
1597,2017-06-21,0.3966246365362095,0.3957326452934847,0.3958490912148281,0.3976284808329224,0.1577183847931168,-0.001046276984496608,-0.003492030138465052,-0.003639597401309813,-0.003608397013268816,0.014142820930442612,0.3957326452934847
1598,2017-06-22,0.3940960507905421,0.3936373645658702,0.3922960942155536,0.3967482995849353,0.1233752800738899,-0.002528585745667389,-0.0020952807276145013,-0.0035529969992744714,-0.0008801812479871107,-0.03434310471922691,0.3936373645658702
1599,2017-06-23,0.3948808542857268,0.3938120533276822,0.3937693507631739,0.3964843694470252,0.1100832427676107,0.0007848034951846716,0.0001746887618120363,0.0014732565476202608,-0.00026393013791009556,-0.013292037306279203,0.3938120533276822
1600,2017-06-26,0.3961886186543836,0.3950342034689143,0.3951557965066273,0.398156490112755,0.0993668654742098,0.0013077643686568163,0.0012221501412321145,0.0013864457434534239,0.0016721206657298038,-0.0107163772934009,0.3950342034689143
1601,2017-06-27,0.3967990441917886,0.400272315795757,0.4007019433288181,0.400444824979122,0.1473924356012155,0.0006104255374049794,0.005238112326842681,0.0055461468221907895,0.002288334866366981,0.048025570127005715,0.400272315795757
1602,2017-06-28,0.4001993689294168,0.4076054851197302,0.4057279642765424,0.4039651667047612,0.1876473210513587,0.0034003247376282464,0.00733316932397321,0.005026020947724308,0.0035203417256391978,0.04025488545014319,0.4076054851197302
1603,2017-06-29,0.4141497567755268,0.4121451556220025,0.4132671936835413,0.4134703017355596,0.1723623522419022,0.013950387846109968,0.004539670502272275,0.007539229406998915,0.009505135030798417,-0.015284968809456512,0.4121451556220025
1604,2017-06-30,0.4091799221212009,0.4113594141626229,0.412053968380607,0.4127661956027664,0.1698362241523485,-0.0049698346543258776,-0.0007857414593795964,-0.0012132253029343287,-0.000704106132793203,-0.0025261280895536864,0.4113594141626229
1605,2017-07-03,0.413277866968385,0.4143276912383294,0.4123139923314821,0.4139983759340213,0.1270202469020695,0.004097944847184065,0.0029682770757065158,0.000260023950875099,0.001232180331254884,-0.042815977250279,0.4143276912383294
1606,2017-07-04,0.4173756645787618,0.4148513995549911,0.4159534918866251,0.4169906273182266,0.1450819170602512,0.004097797610376819,0.0005237083166617085,0.003639499555143033,0.0029922513842053355,0.018061670158181692,0.4148513995549911
1607,2017-07-05,0.4165910000789495,0.4218354598319211,0.4187265449262988,0.4203350309455984,0.188681664156078,-0.0007846644998122931,0.006984060276929993,0.0027730530396736786,0.0033444036273717614,0.04359974709582681,0.4218354598319211
1608,2017-07-06,0.4186835234384839,0.4167720362668904,0.4167334224061121,0.4192788902159556,0.1574940343168819,0.002092523359534415,-0.0050634235650307,-0.0019931225201866853,-0.0010561407296427738,-0.031187629839196124,0.4167720362668904
1609,2017-07-07,0.4142368503391103,0.4183434296934561,0.4176866251850153,0.4178707085491821,0.1420575560949031,-0.0044466730993736325,0.0015713934265657037,0.000953202778903206,-0.0014081816667734781,-0.0154364782219788,0.4183434296934561
1610,2017-07-10,0.4209504404052757,0.4173830889644581,0.42028631919039,0.419718899859507,0.1062051845355508,0.006713590066165398,-0.0009603407289980326,0.0025996940053746864,0.001848191310324876,-0.03585237155935228,0.4173830889644581
1611,2017-07-11,0.4151088265704595,0.4152006875864215,0.413527161493147,0.4151424965511548,0.1468825481552272,-0.005841613834816184,-0.0021824013780366025,-0.006759157697243001,-0.004576403308352184,0.04067736361967639,0.4152006875864215
1612,2017-07-12,0.4155448053945112,0.4166848261242747,0.4155203358626996,0.4187509325571337,0.1020678121166739,0.0004359788240517193,0.0014841385378532301,0.001993174369552597,0.0036084360059788767,-0.04481473603855329,0.4166848261242747
1613,2017-07-13,0.4156318718537411,0.4179068867733133,0.415173563810734,0.4150543848454396,0.1035275470334748,8.706645922990086e-05,0.00122206064903857,-0.0003467720519655937,-0.003696547711694087,0.0014597349168009033,0.4179068867733133
1614,2017-07-14,0.4201657360415767,0.4226211117991072,0.4204596545460056,0.4228872542261747,0.1393828322353757,0.004533864187835579,0.004714225025793939,0.005286090735271587,0.007832869380735075,0.0358552852019009,0.4226211117991072
1615,2017-07-17,0.4220838815861379,0.4226211117991072,0.4195064066616433,0.426055608344573,0.0,0.0019181455445612117,0.0,-0.000953247884362296,0.003168354118398331,-0.1393828322353757,0.4226211117991072
1616,2017-07-18,0.4197298209228109,0.4191291711528357,0.4176866630970755,0.4194549237378465,0.0947633102475722,-0.0023540606633269956,-0.0034919406462715075,-0.0018197435645678217,-0.006600684606726526,0.0947633102475722,0.4191291711528357
1617,2017-07-19,0.4158934621127193,0.4193037256763574,0.4164734405134904,0.4182227611094536,0.0915699580144108,-0.003836358810091589,0.0001745545235216639,-0.001213222583585083,-0.0012321626283928744,-0.0031933522331614034,0.4193037256763574
1618,2017-07-20,0.4192065382718046,0.4231448201157688,0.420286226131515,0.4215670130850154,0.0886650563935515,0.003313076159085271,0.003841094439411441,0.0038127856180246167,0.003344251975561763,-0.002904901620859296,0.4231448201157688
1619,2017-07-21,0.4208632470146762,0.4206132201984954,0.4185531968819079,0.4219191631878398,0.0758712519630666,0.0016567087428716043,-0.0025315999172734194,-0.0017330292496071098,0.00035215010282441117,-0.012793804430484904,0.4206132201984954
1620,2017-07-24,0.4185092139528573,0.4164228824737503,0.4163002064546187,0.4186628692816408,0.0883037647175369,-0.0023540330618189165,-0.004190337724745086,-0.0022529904272892143,-0.0032562939061989704,0.012432512754470298,0.4164228824737503
1621,2017-07-25,0.414585564802081,0.4141529577304207,0.4136137041073512,0.4174306159260286,0.0747611541520863,-0.003923649150776309,-0.002269924743329599,-0.002686502347267472,-0.0012322533556122228,-0.0135426105654506,0.4141529577304207
1622,2017-07-26,0.4175501409807883,0.4164228824737503,0.4150869873917421,0.4191029400432011,0.0870363302089373,0.0029645761787073233,0.002269924743329599,0.0014732832843908916,0.0016723241171724967,0.012275176056850995,0.4164228824737503
1623,2017-07-27,0.4171141231073925,0.4157244406491799,0.4147403313675747,0.4176947220625819,0.0931899432713795,-0.0004360178733958109,-0.000698441824570406,-0.00034665602416739105,-0.0014082179806191863,0.006153613062442206,0.4157244406491799
1624,2017-07-28,0.4154576235078606,0.4182562195508404,0.4163002351094539,0.4187509187035081,0.101272387700932,-0.001656499599531902,0.0025317789016605086,0.0015599037418791983,0.0010561966409262102,0.008082444429552499,0.4182562195508404
1625,2017-07-31,0.417637212984806,0.4184306845821685,0.4183798779941158,0.4195428820068785,0.1180899324909021,0.0021795894769454094,0.0001744650313280638,0.002079642884661892,0.000791963303370391,0.016817544789970107,0.4184306845821685
1626,2017-08-01,0.420601723166075,0.4258512877792413,0.4228860797332051,0.4230633464439607,0.1565441868460693,0.002964510181269031,0.007420603197072828,0.004506201739089277,0.0035204644370822047,0.038454254355167194,0.4258512877792413
1627,2017-08-02,0.42740245673669,0.4293432731716096,0.4281721258071227,0.4294000146957621,0.2271767095069242,0.006800733570614947,0.0034919853923682798,0.0052860460739176385,0.006336668251801403,0.0706325226608549,0.4293432731716096
1628,2017-08-03,0.4317620234737234,0.4427003410279019,0.4398709269796525,0.4348567219293223,0.362975761407639,0.004359566737033416,0.013357067856292315,0.011698801172529805,0.005456707233560176,0.13579905190071478,0.4427003410279019
1629,2017-08-04,0.4444915890953956,0.4477636303546423,0.4466300606052936,0.4484981268341321,0.2358681052291142,0.012729565621672212,0.005063289326740383,0.006759133625641067,0.013641404904809806,-0.1271076561785248,0.4477636303546423
1630,2017-08-07,0.4472815793089848,0.4495968779395389,0.446370029744545,0.4503462729821023,0.1343975898348838,0.002789990213589222,0.0018332475848966134,-0.0002600308607486057,0.0018481461479701866,-0.10147051539423038,0.4495968779395389
1631,2017-08-08,0.4490254639218292,0.4475017761963115,0.4477566588911733,0.4480581354198393,0.1053485736262903,0.0017438846128443597,-0.002095101743227412,0.0013866291466282932,-0.002288137562262982,-0.029049016208593514,0.4475017761963115
1632,2017-08-09,0.4453634349621754,0.4456683943731246,0.4445502663204455,0.4458578047652846,0.1214085713536491,-0.0036620289596537847,-0.0018333818231868748,-0.0032063925707278007,-0.0022003306545547163,0.016059997727358805,0.4456683943731246
1633,2017-08-10,0.4455379177218168,0.446454180578601,0.4462834779973225,0.4481461650788433,0.1032973692721429,0.00017448275964138116,0.0007857862054763687,0.0017332116768770112,0.002288360313558724,-0.018111202081506197,0.446454180578601
1634,2017-08-11,0.4458866540925431,0.446454180578601,0.4431638264266972,0.4500823602840079,0.0,0.00034873637072629915,0.0,-0.0031196515706252703,0.0019361952051645814,-0.1032973692721429,0.446454180578601
1635,2017-08-14,0.4416143899752934,0.4405177606654782,0.4416039965385067,0.4432175878946999,0.1418069828357317,-0.00427226411724968,-0.00593641991312277,-0.0015598298881905337,-0.006864772389307994,0.1418069828357317,0.4405177606654782
1636,2017-08-15,0.4424862940121751,0.4408670039508118,0.4416906952363921,0.44444977859175,0.0953751751827582,0.0008719040368816988,0.00034924328533358917,8.669869788541229e-05,0.0012321906970501062,-0.0464318076529735,0.4408670039508118
1637,2017-08-16,0.4404808811734532,0.439470120301671,0.4400441350199482,0.4430415429492197,0.0704780996057841,-0.0020054128387219095,-0.001396883649140812,-0.001646560216443882,-0.0014082356425302867,-0.024897075576974098,0.439470120301671
1638,2017-08-17,0.438998760240131,0.4434860377411848,0.4423839624996305,0.443129652697842,0.0847403798807154,-0.001482120933322173,0.004015917439513794,0.0023398274796823104,8.810974862227816e-05,0.014262280274931288,0.4434860377411848
1639,2017-08-18,0.4391730380491714,0.4409542140934275,0.438917613406491,0.4420734433927214,0.1059954022720584,0.0001742778090403907,-0.002531823647757281,-0.0034663490931395313,-0.00105620930512057,0.021255022391343012,0.4409542140934275
1640,2017-08-21,0.4403936655913744,0.4372875846853441,0.4381376871585541,0.4400491820688865,0.0762441982092752,0.0012206275422029789,-0.0036666294080833772,-0.0007799262479368796,-0.0020242613238349305,-0.029751204062783213,0.4372875846853441
1641,2017-08-22,0.4382139403722938,0.4373748843201533,0.4362312117119793,0.4404892412669361,0.0833185223170451,-0.0021797252190806082,8.729963480919034e-05,-0.0019064754465747957,0.0004400591980496249,0.007074324107769911,0.4373748843201533
1642,2017-08-23,0.4388242359178629,0.4344066519905435,0.4364045061576745,0.4363527485507149,0.1208782884098213,0.0006102955455691284,-0.002968232329609799,0.00017329444569519348,-0.004136492716221241,0.0375597660927762,0.4344066519905435
1643,2017-08-24,0.434551971571476,0.432486060024741,0.435537952502968,0.4360007256144316,0.0983674860800727,-0.004272264346386889,-0.0019205919658025206,-0.0008665536547065034,-0.0003520229362832805,-0.0225108023297486,0.432486060024741
1644,2017-08-25,0.4315874863525574,0.4366764424955829,0.4351912787088222,0.4347685311664042,0.0912203209085903,-0.002964485218918622,0.0041903824708419135,-0.0003466737941458242,-0.0012321944480274127,-0.007147165171482409,0.4366764424955829
1645,2017-08-28,0.4373421003172759,0.4402558617610506,0.4376177985283764,0.4409293448335765,0.0933764163944839,0.005754613964718491,0.003579419265467676,0.002426519819554218,0.006160813667172305,0.0021560954858936,0.4402558617610506
1646,2017-08-29,0.4373419935507708,0.4411287686169491,0.4386575752932586,0.4412812872458505,0.0805185118279319,-1.06766505081346e-07,0.0008729068558985253,0.0010397767648822054,0.0003519424122739867,-0.01285790456655199,0.4411287686169491
1647,2017-08-30,0.4404808142719076,0.4420890645998504,0.4411706193348427,0.4433935257153377,0.078516839397109,0.0031388207211368035,0.0009602959829013158,0.0025130440415840893,0.0021122384694872154,-0.002001672430822901,0.4420890645998504
1648,2017-08-31,0.4441428520742763,0.4440970456926557,0.4428171953281675,0.4471780107040316,0.1259538537293167,0.0036620378023686784,0.0020079810928052555,0.0016465759933247948,0.003784484988693937,0.04743701433220769,0.4440970456926557
1649,2017-09-01,0.4455378278857226,0.4412160682517583,0.4428171303433909,0.4428654848035578,0.0892157348352189,0.0013949758114463195,-0.002880977440897381,-6.498477661542879e-08,-0.004312525900473818,-0.036738118894097796,0.4412160682517583
1650,2017-09-04,0.4406552720795514,0.4380733261447237,0.4403907962419792,0.4404012704226389,0.0903928464248149,-0.004882555806171196,-0.0031427421070345796,-0.002426334101411687,-0.0024642143809189276,0.0011771115895960055,0.4380733261447237
1651,2017-09-05,0.4389115006441014,0.4400812624914322,0.4379643962183515,0.4416334037036756,0.0854950133007782,-0.0017437714354500145,0.002007936346708483,-0.002426400023627706,0.001232133281036718,-0.004897833124036702,0.4400812624914322
1652,2017-09-06,0.4396089583729942,0.440343116649763,0.4384842913289907,0.440841268020309,0.1001943399579852,0.0006974577288927919,0.0002618541583307987,0.0005198951106392125,-0.0007921356833666127,0.014699326657206996,0.440343116649763
1653,2017-09-07,0.4420503690068327,0.4407797043160026,0.4397842421947838,0.4429536010426332,0.074026916229863,0.0024414106338385144,0.0004365876662396073,0.001299950865793098,0.00211233302232422,-0.026167423728122197,0.4407797043160026
1654,2017-09-08,0.4403065176888712,0.4401685173801447,0.4390909234877456,0.4429535270773253,0.1362477528531844,-0.001743851317961509,-0.0006111869358579325,-0.0006933187070382041,-7.396530787850963e-08,0.06222083662332141,0.4401685173801447
1655,2017-09-11,0.4413528258353644,0.446454180578601,0.4444636812477911,0.4451538194479034,0.1116653506714489,0.0010463081464932023,0.006285663198456304,0.005372757760045532,0.002200292370578061,-0.024582402181735505,0.446454180578601
1656,2017-09-12,0.448153544037528,0.4477636303546423,0.4460234511864911,0.449202227029822,0.1071433774361693,0.0068007182021636026,0.0013094497760413049,0.0015597699386999953,0.0040484075819186005,-0.004521973235279614,0.4477636303546423
1657,2017-09-13,0.4497229288088578,0.4506445183033461,0.448796471174969,0.45237055658617,0.0948623740942213,0.0015693847713297848,0.0028808879487038364,0.0027730199884778983,0.003168329556347993,-0.012281003341947996,0.4506445183033461
1658,2017-09-14,0.4516411745890576,0.4533509412207218,0.4513096130223799,0.4537787932119206,0.1644022807993869,0.0019182457801998343,0.0027064229173756615,0.0025131418474108602,0.0014082366257506251,0.0695399067051656,0.4533509412207218
1659,2017-09-15,0.4526873696271454,0.4532635520937191,0.4504429549353746,0.4547468447530774,0.1660863661924227,0.0010461950380877827,-8.738912700267942e-05,-0.0008666580870052565,0.0009680515411568114,0.0016840853930358002,0.4532635520937191
1660,2017-09-18,0.4526873696271454,0.4532635520937191,0.4499230130744509,0.456947069221447,0.0,0.0,0.0,-0.000519941860923745,0.0022002244683695937,-0.1660863661924227,0.4532635520937191
1661,2017-09-19,0.4560005413105839,0.4575412341993701,0.4547757781426421,0.4579151518152372,0.1375588920000116,0.003313171683438476,0.004277682105650993,0.0048527650681912116,0.0009680825937901649,0.1375588920000116,0.4575412341993701
1662,2017-09-20,0.4543439990668772,0.4561444847885196,0.4538225971481473,0.4570351100622119,0.1137835688042119,-0.001656542243706649,-0.0013967494108504952,-0.0009531809944947622,-0.0008800417530252513,-0.023775323195799697,0.4561444847885196
1663,2017-09-21,0.4570469918725989,0.4525652892535358,0.4551225619428986,0.4561551112323272,0.144671093460912,0.0027029928057216712,-0.0035791955349838145,0.0012999647947512516,-0.0008799988298847095,0.03088752465670011,0.4525652892535358
1664,2017-09-22,0.4523386664115161,0.4521287015872962,0.4502696845183484,0.4531627008355027,0.1062314073184873,-0.004708325461082796,-0.0004365876662396073,-0.0048528774245501505,-0.0029924103968245186,-0.0384396861424247,0.4521287015872962
1665,2017-09-25,0.4538208333063659,0.4571047807714209,0.4541692063070887,0.4576511601334453,0.107262836780658,0.0014821668948498123,0.004976079184124738,0.0038995217887402567,0.004488459297942615,0.001031429462170691,0.4571047807714209
1666,2017-09-26,0.4568725207869312,0.459461960403463,0.4563357102621452,0.4611716018349547,0.1278214986029084,0.0030516874805652794,0.0023571796320420724,0.00216650395505652,0.0035204417015093914,0.0205586618222504,0.459461960403463
1667,2017-09-27,0.4630503316978911,0.4649730239206369,0.4632226219367582,0.4646296459434607,0.1088128946164626,0.006177810910959924,0.0055110635171738975,0.006886911674613028,0.0034580441085059754,-0.0190086039864458,0.4649730239206369
1668,2017-09-28,0.4669563175918929,0.4643506952066817,0.4641048270424206,0.4661528757951336,0.1023562627289758,0.003905985894001762,-0.0006223287139551781,0.0008822051056623925,0.0015232298516729137,-0.006456631887486797,0.4643506952066817
1669,2017-09-29,0.4644707423584078,0.4649730239206369,0.4626932246545447,0.4672283349883308,0.1183638148904616,-0.0024855752334850822,0.0006223287139551781,-0.0014116023878759099,0.0010754591931971813,0.016007552161485805,0.4649730239206369
1670,2017-10-02,0.463227828283635,0.4598174681423452,0.4604873172530019,0.4609555252535662,0.1323813491913185,-0.001242914074772783,-0.005155555778291687,-0.002205907401542806,-0.006272809734764573,0.014017534300856893,0.4598174681423452
1671,2017-10-03,0.4599431067887092,0.4647062476916607,0.4613696199727647,0.4637334195146777,0.1515181534498984,-0.003284721494925813,0.004888779549315492,0.0008823027197628064,0.0027778942611115243,0.019136804258579915,0.4647062476916607
1672,2017-10-04,0.4616298386730776,0.4624840670335906,0.4601343673919348,0.4645399090616071,0.1038597022840043,0.0016867318843684087,-0.0022221806580701164,-0.0012352525808299042,0.0008064895469293565,-0.04765845116589411,0.4624840670335906
1673,2017-10-05,0.4602095099479339,0.458306392454233,0.4581933149607429,0.4616724715387683,0.0873801400296608,-0.0014203287251436936,-0.004177674579357582,-0.0019410524311919142,-0.0028674375228388005,-0.016479562254343508,0.458306392454233
1674,2017-10-06,0.4616299189715388,0.4639952322138964,0.462604946354323,0.4653464829042243,0.137462741795911,0.0014204090236049072,0.005688839759663389,0.004411631393580084,0.0036740113654560314,0.05008260176625021,0.4639952322138964
1675,2017-10-09,0.4634054077814211,0.4639952322138964,0.4605756010284521,0.4677659620181111,0.0,0.001775488809882264,0.0,-0.0020293453258709016,0.002419479113886791,-0.137462741795911,0.4639952322138964
1676,2017-10-10,0.4579012788854507,0.4567063167796341,0.4557226918050864,0.458804826316911,0.1751565354459184,-0.005504128895970406,-0.0072889154342623,-0.004852909223365676,-0.008961135701200107,0.1751565354459184,0.4567063167796341
1677,2017-10-11,0.4565696860999874,0.4554619278283046,0.4541345319088379,0.4555788864216,0.1315946657032222,-0.001331592785463298,-0.0012443889513295003,-0.0015881598962484977,-0.003225939895311003,-0.043561869742696185,0.4554619278283046
1678,2017-10-12,0.4571911202120756,0.4536842101495065,0.4545757485741654,0.4556685385726196,0.1224458281009169,0.0006214341120882039,-0.0017777176787980853,0.00044121666532748183,8.965215101958135e-05,-0.009148837602305296,0.4536842101495065
1679,2017-10-13,0.4536401148689681,0.4570619140107099,0.4536933811760678,0.4546828078538185,0.1514890170244134,-0.003551005343107483,0.003377703861203396,-0.0008823673980976054,-0.0009857307188010922,0.029043188923496485,0.4570619140107099
1680,2017-10-16,0.458700195103659,0.4612395438439707,0.460928393117259,0.4622995698651192,0.1277078665435167,0.0050600802346909,0.00417762983326081,0.0072350119411912495,0.007616762011300737,-0.023781150480896684,0.4612395438439707
1681,2017-10-17,0.462428920053933,0.4596397366459525,0.4602226848789914,0.4622101582576662,0.0965639413425482,0.003728724950273987,-0.0015998071980182216,-0.0007057082382676549,-8.941160745301602e-05,-0.03114392520096851,0.4596397366459525
1682,2017-10-18,0.4598544200333796,0.4568842272604139,0.4572227848501827,0.4597906752937917,0.1005002724255782,-0.002574500020553372,-0.0027555093855385904,-0.0029999000288086775,-0.0024194829638745086,0.003936331083030001,0.4568842272604139
1683,2017-10-19,0.4597656721175154,0.4607063941008893,0.4575757001926729,0.4618517076407233,0.1073560733422102,-8.874791586421793e-05,0.003822166840475427,0.00035291534249021206,0.0020610323469316127,0.006855800916632002,0.4607063941008893
1684,2017-10-20,0.4598543659971361,0.4583952582024294,0.4570462438465746,0.4614931956837937,0.0905822331904677,8.869387962068265e-05,-0.0023111358984599373,-0.0005294563460983004,-0.0003585119569295969,-0.016773840151742506,0.4583952582024294
1685,2017-10-23,0.4608308658939423,0.4635507244885275,0.4605755228352083,0.4634645871319172,0.118596906294342,0.0009764998968062044,0.005155466286098143,0.0035292789886336995,0.0019713914481234718,0.028014673103874302,0.4635507244885275
1686,2017-10-24,0.4634053652623515,0.471906207885533,0.4688694589121097,0.4676762978308551,0.1976498559203759,0.0025744993684092,0.008355483397005481,0.008293936076901376,0.004211710698937943,0.0790529496260339,0.471906207885533
1687,2017-10-25,0.4738808749347796,0.4761728824513773,0.47363408551241,0.4763685628683481,0.1636389064516787,0.010475509672428107,0.004266674565844286,0.0047646266003003035,0.008692265037492986,-0.034010949468697205,0.4761728824513773
1688,2017-10-26,0.474235926906088,0.4737728808047209,0.4716046816938475,0.4755620434518291,0.094964351583419,0.0003550519713084177,-0.00240000164665638,-0.0020294038185624808,-0.0008065194165189915,-0.0686745548682597,0.4737728808047209
1689,2017-10-27,0.4761890638169113,0.4792840338140884,0.4760164232653218,0.47851926139038,0.1459064779014781,0.001953136910823272,0.005511153009367498,0.004411741571474281,0.00295721793855086,0.0509421263180591,0.4792840338140884
1690,2017-10-30,0.4754788018600991,0.4759061957145947,0.4743399150139522,0.4771750330543101,0.2257286291603173,-0.0007102619568121749,-0.003377838099493713,-0.0016765082513696128,-0.001344228336069897,0.07982215125883921,0.4759061957145947
1691,2017-10-31,0.4731706446981813,0.4708395951766929,0.4708106033123909,0.4745763583067294,0.1119654558539449,-0.00230815716191779,-0.005066600537901811,-0.0035293117015612885,-0.002598674747580687,-0.1137631733063724,0.4708395951766929
1692,2017-11-01,0.4724604404637345,0.4747506725114614,0.4729281770531962,0.4764581600523547,0.135373660088633,-0.0007102042344468429,0.003911077334768531,0.0021175737408052897,0.0018818017456253,0.02340820423468809,0.4747506725114614
1693,2017-11-02,0.4793848395290841,0.4789283470908191,0.4799867788722252,0.4817451092833512,0.1644051944419354,0.00692439906534964,0.004177674579357693,0.007058601819029009,0.005286949230996485,0.029031534353302413,0.4789283470908191
1694,2017-11-03,0.4783195398856861,0.4789283470908191,0.4753986592888761,0.4828204331880015,0.0,-0.001065299643398021,0.0,-0.004588119583349093,0.001075323904650316,-0.1644051944419354,0.4789283470908191
1695,2017-11-06,0.481959364410191,0.4959060006216128,0.4965746095639538,0.4815659611007551,0.3386235369872353,0.0036398245245048977,0.016977653530793668,0.021175950275077682,-0.0012544720872463833,0.3386235369872353,0.4959060006216128
1696,2017-11-07,0.5028215045405244,0.5148391480736939,0.5110447987269559,0.5072841255220966,0.3337198765781016,0.02086214013033344,0.018933147452081134,0.014470189163002078,0.02571816442134145,-0.004903660409133703,0.5148391480736939
1697,2017-11-08,0.5148948701623154,0.515905760782534,0.513956440743035,0.5157970537305433,0.1930841780468688,0.012073365621790955,0.00106661270884012,0.0029116420160791856,0.008512928208446735,-0.14063569853123278,0.515905760782534
1698,2017-11-09,0.5166703661026287,0.5201723906022816,0.5244561808541891,0.5180373302232434,0.2770058243714544,0.001775495940313343,0.004266629819747569,0.010499740111154066,0.0022402764927000884,0.08392164632458557,0.5201723906022816
1699,2017-11-10,0.510100954621717,0.5156390292996547,0.5133387649391224,0.5146320738622017,0.1623627310154335,-0.006569411480911724,-0.004533361302626937,-0.011117415915066653,-0.0034052563610417197,-0.11464309335602088,0.5156390292996547
1700,2017-11-13,0.5122316792050481,0.5034615133004641,0.5097213211461421,0.5074633507289542,0.144076710381017,0.0021307245833310784,-0.012177515999190591,-0.003617443792980346,-0.007168723133247457,-0.018286020634416505,0.5034615133004641
1701,2017-11-14,0.5000693791807955,0.5007058696766352,0.499309758042025,0.5030723599712509,0.1338877023888955,-0.01216230002425256,-0.0027556436238288518,-0.010411563104117116,-0.004390990757703328,-0.010189007992121496,0.5007058696766352
1702,2017-11-15,0.4966959751159143,0.4879949354577825,0.493662877959615,0.4898996759898401,0.1853134933700063,-0.003373404064881236,-0.01271093421885272,-0.0056468800824099885,-0.013172683981410804,0.0514257909811108,0.4879949354577825
1703,2017-11-16,0.484178703893154,0.4879949354577825,0.4888983032661709,0.4868529138874179,0.1518648769131705,-0.012517271222760307,0.0,-0.004764574693444101,-0.0030467621024221625,-0.033448616456835806,0.4879949354577825
1704,2017-11-17,0.4935889448579458,0.4905727580930251,0.4944570568554072,0.4935737714782212,0.1435464274371891,0.009410240964791816,0.002577822635242588,0.005558753589236298,0.006720857590803264,-0.008318449475981399,0.4905727580930251
1705,2017-11-20,0.4915470644358807,0.490128295113753,0.4911041842133256,0.4917815415112242,0.0894692217369388,-0.002041880422065101,-0.00044446297927208667,-0.003352872642081617,-0.001792229966996961,-0.05407720570025029,0.490128295113753
1706,2017-11-21,0.4937664412705509,0.4915505050536689,0.4921629701702663,0.4947386740702562,0.112912389682209,0.002219376834670217,0.001422209939915875,0.0010587859569406999,0.002957132559031961,0.023443167945270196,0.4915505050536689
1707,2017-11-22,0.4962521415863752,0.4925282520143126,0.4947217027416024,0.4961724075911543,0.1226119057261817,0.0024857003158242907,0.0009777469606437328,0.0025587325713360975,0.001433733520898095,0.009699516043972706,0.4925282520143126
1708,2017-11-23,0.4919021567948935,0.4925282520143126,0.4888983333139324,0.4965308598653175,0.0,-0.004349984791481687,0.0,-0.005823369427669978,0.00035845227416320125,-0.1226119057261817,0.4925282520143126
1709,2017-11-24,0.4891500809174315,0.4946615221780896,0.4913688235611898,0.4917814821890576,0.0877938772715485,-0.0027520758774620124,0.0021332701637770124,0.0024704902472574286,-0.0047493776762598805,0.0877938772715485,0.4946615221780896
1710,2017-11-27,0.4969622990897009,0.4936837752174459,0.494633427759215,0.4955451257322986,0.0909289566537398,0.007812218172269403,-0.0009777469606437328,0.003264604198025156,0.003763643543240991,0.0031350793821913053,0.4936837752174459
1711,2017-11-28,0.4897715902019359,0.4924393862661163,0.4956922868349797,0.4942906237788665,0.1046259902742611,-0.007190708887765018,-0.0012443889513296114,0.0010588590757646954,-0.0012545019534320745,0.013697033620521298,0.4924393862661163
1712,2017-11-29,0.4980276445780987,0.5010615116538076,0.500633330139755,0.501549041978144,0.1391060361932677,0.008256054376162836,0.00862212538769136,0.004941043304775294,0.007258418199277472,0.034480045919006594,0.5010615116538076
1713,2017-11-30,0.5035316474970146,0.5000837199470671,0.5008097502248449,0.5026243309991341,0.1768581026942452,0.005504002918915896,-0.000977791706740505,0.00017642008508989004,0.0010752890209900778,0.03775206650097751,0.5000837199470671
1714,2017-12-01,0.5024664107871508,0.5045281707554009,0.5021333061709282,0.5042373801546726,0.1186784882857001,-0.0010652367098638038,0.0044444508083337775,0.0013235559460833546,0.001613049155538504,-0.058179614408545105,0.5045281707554009
1715,2017-12-04,0.5089469212823629,0.507372501143039,0.5071625061215069,0.5102412094479098,0.1118838738625867,0.006480510495212033,0.0028443303876380943,0.005029199950578711,0.006003829293237284,-0.006794614423113396,0.507372501143039
1716,2017-12-05,0.5077928725271386,0.5155502530436519,0.514132950392658,0.5123918943932488,0.1473574718906335,-0.0011540487552242906,0.008177751900612873,0.006970444271151122,0.0021506849453389876,0.035473598028046796,0.5155502530436519
1717,2017-12-06,0.5148948340660708,0.5081724718611933,0.5117506047281251,0.510510019357262,0.1541142089606162,0.007101961538932278,-0.007377781182458576,-0.002382345664532992,-0.001881875035986802,0.006756737069982699,0.5081724718611933
1718,2017-12-07,0.5079704184397232,0.5137724458726604,0.5104271439638548,0.5125710781709307,0.1053777100517754,-0.006924415626347602,0.005599974011467057,-0.0013234607642702567,0.0020610588136686925,-0.0487364989088408,0.5137724458726604
1719,2017-12-08,0.5080590628073196,0.5202611668582844,0.5168680108606365,0.5128397992027355,0.2110584389285953,8.864436759636884e-05,0.00648872098562403,0.006440866896781694,0.0002687210318047528,0.1056807288768199,0.5202611668582844
1720,2017-12-11,0.5201326881227674,0.5181280756788945,0.5174858708949157,0.518127049033984,0.0930617429992453,0.012073625315447756,-0.0021330911793898677,0.0006178600342792162,0.005287249831248508,-0.11799669592935,0.5181280756788945
1721,2017-12-12,0.5193336279571128,0.5207946298240431,0.5176622409463979,0.5218009767782854,0.1001069306815301,-0.0007990601656545637,0.002666554145148603,0.00017637005148218865,0.0036739277443014196,0.007045187682284806,0.5207946298240431
1722,2017-12-13,0.5180908185590891,0.518572449165973,0.518544609921787,0.521442554166013,0.1110622266639084,-0.001242809398023681,-0.0022221806580701164,0.0008823689753890696,-0.0003584226122723688,0.010955295982378294,0.518572449165973
1723,2017-12-14,0.5166704041809979,0.5158169397804345,0.5166917157396668,0.5184854091574218,0.0936561260791403,-0.0014204143780912615,-0.0027555093855384793,-0.0018528941821202016,-0.002957145008591233,-0.017406100584768103,0.5158169397804345
1724,2017-12-15,0.5141845778647823,0.5134168486415845,0.5142210685216585,0.5157969826904801,0.1529837156517964,-0.0024858263162155225,-0.00240009113884998,-0.0024706472180082706,-0.0026884264669416735,0.05932758957265609,0.5134168486415845
1725,2017-12-18,0.5175581985766888,0.5230168999743068,0.5199563767634376,0.5214425843133185,0.1128686850439814,0.0033736207119065,0.009600051332722237,0.005735308241779147,0.0056456016228383366,-0.04011503060781499,0.5230168999743068
1726,2017-12-19,0.5234173074625814,0.5256834988655522,0.5243679695453877,0.5265503333046059,0.1326814543738145,0.005859108885892583,0.002666598891245431,0.0044115927819500245,0.0051077489912874086,0.019812769329833113,0.5256834988655522
1727,2017-12-20,0.524660140641093,0.5361722524263347,0.532750075966864,0.5286113871664494,0.1556001666603537,0.0012428331785115931,0.010488753560782493,0.008382106421476299,0.0020610538618435204,0.02291871228653919,0.5361722524263347
1728,2017-12-21,0.536733491118163,0.5349277739828115,0.5345146973625942,0.5367658480824998,0.0868819071538665,0.012073350477070033,-0.001244478443523156,0.0017646213957301926,0.008154460916050432,-0.0687182595064872,0.5349277739828115
1729,2017-12-22,0.5372661172292881,0.5466609612410205,0.5435143931231764,0.5421424437696784,0.1188037749152858,0.0005326261111250341,0.011733187258208932,0.008999695760582238,0.00537659568717852,0.03192186776141931,0.5466609612410205
1730,2017-12-25,0.5445456390907343,0.5445276463311467,0.5421026850875186,0.5453684115534536,0.0628035651330223,0.007279521861446203,-0.0021333149098737847,-0.0014117080356578215,0.003225967783775263,-0.05600020978226351,0.5445276463311467
1731,2017-12-26,0.5431253470371106,0.5423944209134665,0.5406910339410796,0.5444724161699823,0.0510994630156783,-0.0014202920536237063,-0.00213322541768024,-0.0014116511464389303,-0.000895995383471293,-0.011704102117343997,0.5423944209134665
1732,2017-12-27,0.5438354919521676,0.5553720418691017,0.5535729777149159,0.5478775535952153,0.1226381285091182,0.0007101449150570538,0.01297762095563526,0.012881943773836224,0.0034051374252329625,0.0715386654934399,0.5553720418691017
1733,2017-12-28,0.5528905768020514,0.551105456795451,0.5528671953518048,0.5545087774351588,0.0838284097630334,0.009055084849883821,-0.004266585073650742,-0.0007057823631110294,0.006631223839943523,-0.0388097187460848,0.551105456795451
1734,2017-12-29,0.5564415568510236,0.5534165032017174,0.5608081563345773,0.5577347520298003,0.1207413472100415,0.003550980048972141,0.002311046406266448,0.007940960982772416,0.0032259745946414675,0.03691293744700809,0.5534165032017174
1735,2018-01-01,0.5527130076649941,0.5534165032017174,0.5493378398847295,0.5579139289463962,0.0,-0.003728549186029495,0.0,-0.01147031644984775,0.0001791769165959689,-0.1207413472100415,0.5534165032017174
1736,2018-01-02,0.5527130076649941,0.5534165032017174,0.5493378398847295,0.5579139289463962,0.0,0.0,0.0,0.0,0.0,0.0,0.5534165032017174
1737,2018-01-03,0.5527130076649941,0.5534165032017174,0.5493378398847295,0.5579139289463962,0.0,0.0,0.0,0.0,0.0,0.0,0.5534165032017174
1738,2018-01-04,0.5630108769273491,0.5756384887668057,0.5717489599867375,0.5683086991440593,0.1940806437984575,0.010297869262354986,0.022221985565088254,0.022411120102007964,0.010394770197663106,0.1940806437984575,0.5756384887668057
1739,2018-01-05,0.575794452483549,0.5770606539606247,0.5791604999451827,0.5794203372751282,0.148595769973748,0.012783575556199911,0.0014221651938189916,0.007411539958445235,0.011111638131068857,-0.045484873824709504,0.5770606539606247
1740,2018-01-08,0.5763271023008325,0.5770606539606247,0.5728077339494403,0.5817502275934112,0.0,0.0005326498172835148,0.0,-0.006352765995742415,0.002329890318283012,-0.148595769973748,0.5770606539606247
1741,2018-01-09,0.5823638426517245,0.5756384887668057,0.5819839937746403,0.5785242765175097,0.1413116636024859,0.006036740350891967,-0.0014221651938189916,0.009176259825199984,-0.003225951075901512,0.1413116636024859,0.5756384887668057
1742,2018-01-10,0.5743742123550077,0.5797274318362572,0.5772195369360918,0.5787036371816633,0.1164845154466759,-0.007989630296716732,0.004088943069451512,-0.004764456838548425,0.00017936066415358276,-0.024827148155809997,0.5797274318362572
1743,2018-01-11,0.5779251270039343,0.5815051495150553,0.5772194737026334,0.58103339877471,0.092846133450656,0.0035509146489265397,0.0017777176787980853,-6.323345846936945e-08,0.002329761593046764,-0.023638381996019905,0.5815051495150553
1744,2018-01-12,0.5832516033595284,0.5818606572539374,0.5800428601545201,0.583184024338024,0.1129619216055335,0.005326476355594134,0.0003555077388821548,0.0028233864518867335,0.0021506255633139126,0.02011578815487751,0.5818606572539374
1745,2018-01-15,0.585914742062001,0.5832827329555629,0.5855132090300175,0.5874852093905688,0.095552907378217,0.0026631387024725894,0.001422075701625447,0.005470348875497355,0.0043011850525448425,-0.0174090142273165,0.5832827329555629
1746,2018-01-16,0.5857373150774855,0.5884384229721449,0.584278071804759,0.588560678489733,0.0974700841751332,-0.0001774269845155052,0.005155690016582004,-0.0012351372252584758,0.001075469099164228,0.0019171767969161924,0.5884384229721449
1747,2018-01-17,0.5832516456154012,0.5802607158176288,0.5807487867233744,0.5817503230369823,0.132713504441848,-0.0024856694620842834,-0.008177707154516045,-0.0035292850813846144,-0.0068103554527507715,0.035243420266714814,0.5802607158176288
1748,2018-01-18,0.5846720707687437,0.5665720346381325,0.5811017434778845,0.5692048994865854,0.2200965581140574,0.0014204251533425083,-0.013688681179496287,0.0003529567545100809,-0.012545423550396895,0.08738305367220939,0.5665720346381325
1749,2018-01-19,0.5658518176049304,0.5676386920930694,0.5668080181304189,0.5654412665660498,0.1561217086765361,-0.018820253163813305,0.0010666574549368368,-0.014293725347465536,-0.003763632920535609,-0.0639748494375213,0.5676386920930694
1750,2018-01-22,0.5662068893110284,0.5633720622733218,0.5650433969822689,0.5616776254658447,0.1674994828284476,0.0003550717060979425,-0.004266629819747569,-0.001764621148150014,-0.0037636411002051062,0.01137777415191149,0.5633720622733218
1751,2018-01-23,0.5637210341230338,0.5651496009677328,0.5645138223139898,0.56400733911566,0.1178772365848613,-0.002485855187994601,0.001777538694410996,-0.0005295746682790758,0.002329713649815379,-0.0496222462435863,0.5651496009677328
1752,2018-01-24,0.5621231340902341,0.5671052291273107,0.5678666774862655,0.5674126028205058,0.1147159344197335,-0.0015979000327996928,0.001955628159577838,0.0033528551722756816,0.003405263704845729,-0.003161302165127791,0.5671052291273107
1753,2018-01-25,0.5612353676801435,0.5701274252496318,0.5669843973224538,0.5665164827021595,0.1188737023364499,-0.0008877664100905847,0.0030221961223211302,-0.000882280163811755,-0.0008961201183462775,0.00415776791671639,0.5701274252496318
1754,2018-01-26,0.5640761661719889,0.5573275357903892,0.5625727101690933,0.5604230018115534,0.1889672011258314,0.0028407984918453755,-0.012799889459242597,-0.0044116871533604884,-0.006093480890606129,0.07009349878938151,0.5573275357903892
1755,2018-01-29,0.5575068878703365,0.5583942827375197,0.5579847141661906,0.5593477694296544,0.1236345942607069,-0.006569278301652326,0.0010667469471304925,-0.004587996002902717,-0.001075232381898994,-0.0653326068651245,0.5583942827375197
1756,2018-01-30,0.555553867683738,0.5496832468555352,0.5553377356759975,0.5527165901126118,0.1668351723273885,-0.0019530201865984864,-0.008711035881984519,-0.0026469784901930193,-0.0066311793170426014,0.04320057806668161,0.5496832468555352
1757,2018-01-31,0.5415274309314033,0.5422166894170738,0.5466908924024781,0.545906193509028,0.1435318592244466,-0.014026436752334726,-0.007466557438461363,-0.008646843273519389,-0.006810396603583735,-0.023303313102941897,0.5422166894170738
1758,2018-02-01,0.5472090481188889,0.5544832054027511,0.5509260777987339,0.5484153012332063,0.1062663710290694,0.00568161718748561,0.012266515985677295,0.004235185396255781,0.002509107724178228,-0.037265488195377214,0.5544832054027511
1759,2018-02-02,0.5582170895936156,0.5603497766588071,0.5576317843851356,0.5543295487678958,0.141699178061437,0.01100804147472667,0.005866571256056052,0.006705706586401683,0.0059142475346894985,0.035432807032367605,0.5603497766588071
1760,2018-02-05,0.5486292653894439,0.5509275463146712,0.5581610533370303,0.5503865783452189,0.2186659596227415,-0.009587824204171702,-0.009422230344135918,0.0005292689518946458,-0.003942970422676884,0.07696678156130449,0.5509275463146712
1761,2018-02-06,0.5311407136540514,0.529238978969245,0.5301030783284104,0.5220698103710643,0.3286035202629271,-0.017488551735392543,-0.021688567345426235,-0.02805797500861984,-0.02831676797415461,0.10993756064018562,0.529238978969245
1762,2018-02-07,0.5488069641959987,0.5262168275930207,0.551279018539097,0.5304035896443664,0.2323717341709084,0.01766625054194737,-0.0030221513762243024,0.021175940210686583,0.008333779273302144,-0.09623178609201871,0.5262168275930207
1763,2018-02-08,0.5301641640973465,0.5338611612739715,0.5334559458414073,0.5322853854146663,0.1648364135391141,-0.018642800098652268,0.007644333680950854,-0.01782307269768968,0.0018817957702998989,-0.0675353206317943,0.5338611612739715
1764,2018-02-09,0.519688763349128,0.5288834712303628,0.5249856156359078,0.521442549224043,0.1851532430298386,-0.01047540074821851,-0.004977690043608707,-0.008470330205499477,-0.010842836190623317,0.020316829490724497,0.5288834712303628
1765,2018-02-12,0.5282111617504236,0.5288834712303628,0.5249856156359078,0.5331815254547768,0.0,0.00852239840129565,0.0,0.0,0.011738976230733833,-0.1851532430298386,0.5288834712303628
1766,2018-02-13,0.5354906264521417,0.5192835093898341,0.5327500251336946,0.5217113195826829,0.1697284193780538,0.007279464701718141,-0.009599961840528692,0.007764409497786784,-0.011470205872093908,0.1697284193780538,0.5192835093898341
1767,2018-02-14,0.5208427377454327,0.5216834662903937,0.5231326462061029,0.5232346987979344,0.1544667597089853,-0.014647888706709078,0.0023999569005596078,-0.009617378927591735,0.0015233792152514747,-0.015261659669068506,0.5216834662903937
1768,2018-02-15,0.5274120923412461,0.5263056038490235,0.524809034252787,0.5248476698680996,0.1250535381818287,0.006569354595813426,0.004622137558629724,0.0016763880466841297,0.0016129710701652256,-0.029413221527156586,0.5263056038490235
1769,2018-02-16,0.5283886426577199,0.527727858535036,0.5292207353104422,0.5307619878291516,0.1048008088271714,0.0009765503164738121,0.0014222546860125362,0.004411701057655204,0.005914317961052018,-0.020252729354657314,0.527727858535036
1770,2018-02-19,0.5337152219504158,0.5495055153591425,0.546161495852146,0.5369451818777282,0.1368100858650459,0.0053265792926958655,0.021777656824106484,0.016940760541703792,0.00618319404857659,0.0320092770378745,0.5495055153591425
1771,2018-02-20,0.5433028870436898,0.5429277496409349,0.5417498292931116,0.5425009787051117,0.1357524336199386,0.009587665093274023,-0.006577765718207562,-0.004411666559034466,0.005555796827383497,-0.0010576522451072878,0.5429277496409349
1772,2018-02-21,0.542237563839374,0.5290612027267555,0.5391028198135039,0.532464587046383,0.1825076555957962,-0.001065323204315738,-0.013866546914179434,-0.0026470094796076094,-0.010036391658728716,0.0467552219758576,0.5290612027267555
1773,2018-02-22,0.5243049501878466,0.5278167242832325,0.5248972812664099,0.5279840236210821,0.138957440423294,-0.01793261365152743,-0.001244478443523045,-0.014205538547094054,-0.004480563425300899,-0.04355021517250221,0.5278167242832325
1774,2018-02-23,0.5290988316094496,0.527727858535036,0.5265737493590926,0.5288801709264506,0.1209773522564704,0.004793881421602975,-8.886574819644277e-05,0.0016764680926827369,0.0008961473053684665,-0.017980088166823602,0.527727858535036
1775,2018-02-26,0.5308743825448856,0.538483343578698,0.5352205893973421,0.5355113543622643,0.0975254433835548,0.001775550935436021,0.010755485043661972,0.008646840038249448,0.006631183435813703,-0.023451908872915594,0.538483343578698
1776,2018-02-27,0.5409947810099989,0.5422166894170738,0.543514508783696,0.5446516596575297,0.1107213304857333,0.010120398465113256,0.0037333458383758122,0.008293919386353932,0.009140305295265438,0.013195887102178491,0.5422166894170738
1777,2018-02-28,0.536378438198559,0.5361722524263347,0.5396322400552248,0.5398126683159162,0.1221865139140999,-0.004616342811439855,-0.006044436990739088,-0.0038822687284711943,-0.0048389913416134744,0.01146518342836661,0.5361722524263347
1778,2018-03-01,0.528655014166271,0.5287945607360697,0.5255150012896952,0.5282529342392128,0.1389079084999694,-0.007723424032287984,-0.007377691690265031,-0.014117238765529616,-0.01155973407670341,0.016721394585869492,0.5287945607360697
1779,2018-03-02,0.5192448301186255,0.5200835248540853,0.5181916261717286,0.5215321336997886,0.1302398219181674,-0.009410184047645487,-0.008711035881984408,-0.007323375117966546,-0.006720800539424254,-0.008668086581801987,0.5200835248540853
1780,2018-03-05,0.5166703387742969,0.5172390602281568,0.5153681573734794,0.5173204311419989,0.1201061731344675,-0.0025744913443286332,-0.0028444646259284667,-0.00282346879824924,-0.004211702557789687,-0.010133648783699906,0.5172390602281568
1781,2018-03-06,0.5276784598564748,0.5246167966645185,0.5297501386753436,0.5278048531340078,0.126087881286548,0.011008121082177857,0.007377736436361748,0.014381981301864188,0.010484421992008941,0.005981708152080489,0.5246167966645185
1782,2018-03-07,0.5219081255271778,0.5212390928033153,0.5211916005055354,0.5230555446067117,0.1389312176403574,-0.005770334329296967,-0.003377703861203285,-0.008558538169808227,-0.004749308527296159,0.01284333635380941,0.5212390928033153
1783,2018-03-08,0.5229734180535283,0.5163502685079029,0.5202210423821274,0.5190230720616262,0.1291530332475751,0.0010652925263504587,-0.004888824295412375,-0.0009705581234079608,-0.00403247254508543,-0.009778184392782302,0.5163502685079029
1784,2018-03-09,0.5240387178577524,0.5163502685079029,0.5245444317209802,0.5183958215667396,0.1703752480238219,0.0010652998042240958,0.0,0.00432338933885279,-0.0006272504948866553,0.041222214776246796,0.5163502685079029
1785,2018-03-12,0.5236836150053976,0.5286167844935802,0.5257796888240406,0.5280737133723034,0.1145440295093717,-0.0003551028523547384,0.012266515985677295,0.0012352571030603832,0.009677891805563776,-0.05583121851445019,0.5286167844935802
1786,2018-03-13,0.5290988292202569,0.5329722353154274,0.5290442456501792,0.5295074189587915,0.1220524863568687,0.005415214214859243,0.004355450821847184,0.003264556826138576,0.0014337055864881432,0.007508456847497,0.5329722353154274
1787,2018-03-14,0.5290988194750792,0.5270167535650782,0.5278972302279543,0.5303139021458925,0.0962958862280857,-9.745177664832738e-09,-0.005955481750349212,-0.0011470154222248397,0.0008064831871009703,-0.025756600128783003,0.5270167535650782
1788,2018-03-15,0.526080510313683,0.5246167966645185,0.5253384738304463,0.5252061316938946,0.1237569672477441,-0.0030183091613962265,-0.0023999569005596078,-0.002558756397508022,-0.0051077704519978395,0.027461081019658398,0.5246167966645185
1789,2018-03-16,0.5254590911779601,0.5211501823090221,0.5232209014975665,0.5252957694805271,0.1322589762042813,-0.0006214191357228893,-0.0034666143554964446,-0.0021175723328797913,8.963778663251265e-05,0.008502008956537188,0.5211501823090221
1790,2018-03-19,0.5203987948332623,0.5098612790456982,0.5172209553019836,0.5119437202265544,0.1509470795103915,-0.0050602963446977345,-0.01128890326332388,-0.0059999461955828615,-0.013352049253972709,0.018688103306110204,0.5098612790456982
1791,2018-03-20,0.5060173784935028,0.5123502806788413,0.5090154277914913,0.5098827887614901,0.1318161025369085,-0.014381416339759534,0.0024890016331430287,-0.008205527510492305,-0.002060931465064364,-0.019130976973482983,0.5123502806788413
1792,2018-03-21,0.5116989879660088,0.5123502806788413,0.5085742742114454,0.5165139753451323,0.0,0.005681609472505955,0.0,-0.00044115358004592764,0.006631186583642257,-0.1318161025369085,0.5123502806788413
1793,2018-03-22,0.5148948934581092,0.5160835817711203,0.5185445840696259,0.5168724010866256,0.190794055003744,0.0031959054921004704,0.0037333010922790955,0.009970309858180482,0.00035842574149325124,0.190794055003744,0.5160835817711203
1794,2018-03-23,0.5042419304783334,0.5034615133004641,0.506897879844516,0.5059399858689614,0.2160699041120237,-0.010652962979775804,-0.012622068470656278,-0.011646704225109938,-0.010932415217664193,0.025275849108279708,0.5034615133004641
1795,2018-03-26,0.4972286109420382,0.4993725702310124,0.4963098499131677,0.4975165180002155,0.1861613633516212,-0.007013319536295248,-0.004088943069451678,-0.010588029931348275,-0.00842346786874587,-0.029908540760402502,0.4993725702310124
1796,2018-03-27,0.5053959115010088,0.5198168381173026,0.5161622583003775,0.5059399136715073,0.2120228546121504,0.008167300558970636,0.020444267886290224,0.019852408387209863,0.008423395671291745,0.025861491260529196,0.5198168381173026
1797,2018-03-28,0.5119884290554915,0.5149112340355995,0.5116574081200682,0.5122269722153076,0.1931249690425479,0.006592517554482646,-0.004905604081703152,-0.004504850180309328,0.006287058543800295,-0.018897885569602507,0.5149112340355995
1798,2018-03-29,0.5185209575396558,0.5133668225053895,0.5172482764983157,0.5128680158685898,0.1322648034893783,0.006532528484164302,-0.0015444115302100103,0.0055908683782475155,0.0006410436532822139,-0.06086016555316959,0.5133668225053895
1799,2018-03-30,0.5174322105315781,0.5199985520163083,0.5166170459184105,0.519462044310017,0.1041306710410153,-0.0010887470080777062,0.006631729510918838,-0.0006312305799052176,0.006594028441427202,-0.028134132448363006,0.5199985520163083
1800,2018-04-02,0.5188839071888965,0.5149112340355995,0.5190518003736548,0.5190957406897712,0.0619586087939559,0.0014516966573184797,-0.005087317980708828,0.0024347544552443257,-0.0003663036202458114,-0.0421720622470594,0.5149112340355995
1801,2018-04-03,0.5077241127050229,0.5075527384208511,0.5056155942757816,0.5084719976230361,0.109657850955529,-0.011159794483873609,-0.007358495614748328,-0.013436206097873216,-0.01062374306673508,0.047699242161573105,0.5075527384208511
1802,2018-04-04,0.5099015950638025,0.5076435282512088,0.5085011748507644,0.5103036580121788,0.1194884809141844,0.00217748235877957,9.078983035770705e-05,0.0028855805749827823,0.0018316603891427308,0.009830629958655399,0.5076435282512088
1803,2018-04-05,0.5135308842933629,0.5156380448855256,0.5138216861722963,0.5135091903566176,0.1072715777083035,0.0036292892295604062,0.007994516634316717,0.0053205113215318844,0.0032055323444387662,-0.012216903205880897,0.5156380448855256
1804,2018-04-06,0.5143473690482568,0.5167281045490761,0.5161661617098585,0.5186377757235149,0.1063421257353305,0.0008164847548939314,0.00109005966355058,0.0023444755375622295,0.005128585366897309,-0.0009294519729730055,0.5167281045490761
1805,2018-04-09,0.5113533147240873,0.5115499519919128,0.5097637221956214,0.5124101337584517,0.1041627211090489,-0.0029940543241695483,-0.005178152557163362,-0.006402439514237135,-0.006227641965063202,-0.002179404626281606,0.5115499519919128
1806,2018-04-10,0.5108089487239137,0.5209978665955979,0.5210356975254463,0.5149744982862776,0.0946059735499529,-0.0005443660001736017,0.009447914603685104,0.011271975329824935,0.0025643645278259353,-0.009556747559095996,0.5209978665955979
1807,2018-04-11,0.5262330066741674,0.5295373011964479,0.5281595597675359,0.5295362519447268,0.1228246016322225,0.0154240579502537,0.008539434600850049,0.007123862242089607,0.01456175365844914,0.028218628082269603,0.5295373011964479
1808,2018-04-12,0.5294993266483718,0.5252676286421197,0.5273480237600711,0.5289867966479219,0.0751661504663284,0.003266319974204457,-0.004269672554328197,-0.0008115360074648637,-0.000549455296804835,-0.04765845116589411,0.5252676286421197
1809,2018-04-13,0.5277753087862814,0.5308090300129075,0.530413837936772,0.5317341632140696,0.0971583244224432,-0.0017240178620904212,0.005541401370787735,0.0030658141767009317,0.002747366566147713,0.021992173956114802,0.5308090300129075
1810,2018-04-16,0.5281382346036221,0.5299005947561691,0.5266264513244264,0.5291698078319095,0.0839711782479101,0.00036292581734065354,-0.000908435256738338,-0.003787386612345567,-0.002564355382160155,-0.013187146174533093,0.5299005947561691
1811,2018-04-17,0.529136369250136,0.5266302815272272,0.5262658874573263,0.5285288294120858,0.0870858621322619,0.0009981346465138818,-0.00327031322894189,-0.00036056386710014987,-0.0006409784198236901,0.0031146838843517932,0.5266302815272272
1812,2018-04-18,0.5232389847507545,0.5264486123743183,0.5230196025917024,0.5277962157118931,0.0956898485779967,-0.005897384499381486,-0.0001816691529089587,-0.0032462848656238386,-0.0007326137001927302,0.008603986445734804,0.5264486123743183
1813,2018-04-19,0.529862176511473,0.533807018496873,0.5356441374780616,0.5342985744823879,0.1516609219347752,0.006623191760718572,0.007358406122554673,0.012624534886359173,0.006502358770494876,0.055971073356778506,0.533807018496873
1814,2018-04-20,0.531404654877962,0.5369866761337475,0.5351933190954987,0.5358555672177316,0.1176674543213689,0.0015424783664889086,0.0031796576368745555,-0.00045081838256288975,0.0015569927353437096,-0.03399346761340631,0.5369866761337475
1815,2018-04-23,0.5371205761529915,0.5409838002126156,0.5390707974656254,0.5404346765977106,0.103638265450318,0.005715921275029512,0.003997124078868097,0.0038774783701266413,0.004579109379978963,-0.014029188871050896,0.5409838002126156
1816,2018-04-24,0.5443789523400381,0.5501591663408405,0.5462848830750329,0.544464343970071,0.122527410092275,0.007258376187046611,0.009175366128224893,0.007214085609407506,0.004029667372360435,0.018889144641956998,0.5501591663408405
1817,2018-04-25,0.5454676684986213,0.5550647704225437,0.551154332985439,0.5502340671029958,0.147677972570969,0.0010887161585831917,0.004905604081703152,0.004869449910406165,0.005769723132924787,0.025150562478694016,0.5550647704225437
1818,2018-04-26,0.5559923489299852,0.5481605819283581,0.5527775292705008,0.5504172888393081,0.1174664129855221,0.010524680431363898,-0.006904188494185504,0.001623196285061801,0.0001832217363122446,-0.030211559585446912,0.5481605819283581
1819,2018-04-27,0.5505486693580235,0.5499775866801251,0.5493509373110578,0.5495015515678763,0.0995212885292806,-0.005443679571961679,0.0018170047517669374,-0.0034265919594430594,-0.0009157372714317935,-0.017945124456241496,0.5499775866801251
1820,2018-04-30,0.5492784626473415,0.5499775866801251,0.5459242680765414,0.5544470655319872,0.0,-0.0012702067106820092,0.0,-0.0034266692345163996,0.004945513964110915,-0.0995212885292806,0.5499775866801251
1821,2018-05-01,0.5534519678132231,0.5545197629638168,0.5504329686549,0.5540806412600117,0.0846617115319058,0.0041735051658816635,0.00454217628369169,0.004508700578358615,-0.0003664242719755295,0.0846617115319058,0.5545197629638168
1822,2018-05-02,0.5567182268675918,0.5537929968599874,0.5534989415828141,0.5571944793214544,0.0848365300848161,0.0032662590543686143,-0.0007267661038293793,0.003065972927914107,0.0031138380614427197,0.000174818552910308,0.5537929968599874
1823,2018-05-03,0.553089022729643,0.5537929968599874,0.5497115587958349,0.5582934822392481,0.0,-0.0036292041379487605,0.0,-0.00378738278697921,0.0010990029177937455,-0.0848365300848161,0.5537929968599874
1824,2018-05-04,0.553089022729643,0.5537929968599874,0.5497115587958349,0.5582934822392481,0.0,0.0,0.0,0.0,0.0,0.0,0.5537929968599874
1825,2018-05-07,0.5545407000498216,0.5516126985484993,0.5525971618268362,0.5516994538084921,0.1080553475538514,0.0014516773201785904,-0.002180298311488138,0.0028856030310012715,-0.0065940284307560715,0.1080553475538514,0.5516126985484993
1826,2018-05-08,0.5505485391254531,0.5772310470971462,0.5735179259406816,0.5542637784163564,0.3736804841308458,-0.003992160924368493,0.025618348548646974,0.02092076411384547,0.0025643246078643767,0.2656251365769944,0.5772310470971462
1827,2018-05-09,0.580307945478298,0.5755958457365785,0.5814533862962701,0.5797240139412815,0.2205365181388817,0.029759406352844908,-0.0016352013605677174,0.007935460355588453,0.025460235524925046,-0.15314396599196411,0.5755958457365785
1828,2018-05-10,0.57704177862263,0.57904809659501,0.5769447482319507,0.5773429255113156,0.1114730502632476,-0.003266166855668051,0.0034522508584314826,-0.004508638064319337,-0.002381088429965872,-0.1090634678756341,0.57904809659501
1829,2018-05-11,0.5784933086342149,0.5808648328701963,0.5807320058021896,0.583570505585452,0.1476517497880325,0.0014515300115849339,0.0018167362751863037,0.0037872575702389,0.006227580074136374,0.036178699524784905,0.5808648328701963
1830,2018-05-14,0.5794005944529131,0.5741422687828229,0.5769445668589332,0.5786249362215689,0.1206073196528103,0.0009072858186982558,-0.006722564087373373,-0.0037874389432563937,-0.004945569363883129,-0.027044430135222203,0.5741422687828229
1831,2018-05-15,0.5752271596836688,0.57904809659501,0.5780268577528317,0.5800904331947099,0.1428034485873204,-0.004173434769244366,0.004905827812187069,0.001082290893898441,0.0014654969731410228,0.02219612893451009,0.57904809659501
1832,2018-05-16,0.5752271454062863,0.5806832979555777,0.5792892604511711,0.5806399203196588,0.108416639229866,-1.4277382498484315e-08,0.0016352013605677174,0.0012624026983394376,0.0005494871249489552,-0.03438680935745439,0.5806832979555777
1833,2018-05-17,0.5803078798180604,0.5846802877961554,0.58199437510555,0.582837767100611,0.1055204785366521,0.005080734411774146,0.003996989840577725,0.0027051146543788374,0.0021978467809521396,-0.002896160693213898,0.5846802877961554
1834,2018-05-18,0.5821225310451891,0.5866789617008313,0.5825354625571681,0.5843031817655785,0.1151471535169122,0.0018146512271286497,0.001998673904675896,0.000541087451618183,0.0014654146649675237,0.009626674980260097,0.5866789617008313
1835,2018-05-21,0.584118578874025,0.5850437603402636,0.5832569047202442,0.5879665161860139,0.0903229190036507,0.0019960478288358896,-0.0016352013605677174,0.0007214421630760137,0.003663334420435427,-0.02482423451326149,0.5850437603402636
1836,2018-05-22,0.5870220187751529,0.5843170389825311,0.5839783961182493,0.5868675768569648,0.0878171864119366,0.0029034399011279577,-0.0007267213577325515,0.0007214913980051474,-0.0010989393290491423,-0.002505732591714105,0.5843170389825311
1837,2018-05-23,0.5774046173135229,0.5717803908106194,0.5758625803514527,0.574595359596728,0.1522261685891851,-0.009617401461630037,-0.01253664817191169,-0.008115815766796652,-0.01227221726023675,0.06440898217724851,0.5717803908106194
1838,2018-05-24,0.5723237538856505,0.5688732816492051,0.5706323037050952,0.572580505937945,0.1026068359881473,-0.005080863427872395,-0.002907109161414234,-0.005230276646357446,-0.0020148536587830668,-0.04961933260103782,0.5688732816492051
1839,2018-05-25,0.5594400568976056,0.5608788992531787,0.5610736755240416,0.5610409579028465,0.1325940450973593,-0.012883696988044924,-0.007994382396026456,-0.009558628181053574,-0.01153954803509849,0.029987209109212015,0.5608788992531787
1840,2018-05-28,0.5574440384396145,0.5528845168571523,0.5540399803990946,0.5564618059522936,0.085366813028644,-0.0019960184579910223,-0.007994382396026345,-0.007033695124947004,-0.004579151950552918,-0.047227232068715305,0.5528845168571523
1841,2018-05-29,0.55163730762712,0.5507042185456642,0.5504329272896121,0.5515162819629432,0.0930092974333722,-0.005806730812494498,-0.002180298311488138,-0.0036070531094825053,-0.004945523989350331,0.0076424844047282,0.5507042185456642
1842,2018-05-30,0.542110630800579,0.5438907751357395,0.5410546121546188,0.5440063722172177,0.1445166704058412,-0.00952667682654107,-0.006813443409924735,-0.00937831513499332,-0.007509909745725518,0.051507372972469004,0.5438907751357395
1843,2018-05-31,0.5503671011923675,0.5507042185456642,0.5515150366047447,0.5498677776663475,0.4999227884724646,0.008256470391788562,0.006813443409924735,0.01046042445012585,0.005861405449129831,0.35540611806662337,0.5507042185456642
1844,2018-06-01,0.544015994124384,0.5534295690619759,0.5516954016119584,0.5486771715362385,0.130324317552074,-0.006351107067983586,0.002725350516311731,0.00018036500721374527,-0.0011906061301090176,-0.36959847092039055,0.5534295690619759
1845,2018-06-04,0.557262644535606,0.5661479758789901,0.5632379650158821,0.5625063770099689,0.097653643655689,0.013246650411222083,0.012718406817014194,0.011542563403923678,0.013829205473730344,-0.03267067389638499,0.5661479758789901
1846,2018-06-05,0.5677871409995291,0.5668746077445291,0.5663037670819688,0.5689170856110242,0.0784556529035904,0.010524496463923061,0.0007266318655390069,0.0030658020660867535,0.006410708601055304,-0.019197990752098604,0.5668746077445291
1847,2018-06-06,0.5699647553611327,0.5730522091192725,0.5704519952369561,0.5738626973879905,0.1162601649704411,0.002177614361603575,0.0061776013747433245,0.004148228154987277,0.0049456117769662855,0.037804512066850704,0.5730522091192725
1848,2018-06-07,0.5770417383085091,0.5799564871056515,0.579469607948025,0.5810062732166275,0.1097598284447267,0.0070769829473764645,0.006904277986379048,0.009017612711068934,0.0071435758286370055,-0.006500336525714398,0.5799564871056515
1849,2018-06-08,0.5772231340044066,0.5761408979414021,0.5794695214917909,0.579907183698517,0.1295376340639777,0.0001813956958974794,-0.0038155891642494,-8.645623417180559e-08,-0.001099089518110441,0.019777805619250993,0.5761408979414021
1850,2018-06-11,0.5755900332849033,0.5788662932038107,0.57748571263772,0.577892336629702,0.0745309763907544,-0.0016331007195032887,0.0027253952624085587,-0.001983808854070901,-0.002014847068815051,-0.0550066576732233,0.5788662932038107
1851,2018-06-12,0.5806708481645221,0.5766859948923225,0.5780267563332484,0.5793577075445779,0.0912669391893663,0.005080814879618756,-0.002180298311488138,0.0005410436955284315,0.0014653709148759742,0.016735962798611906,0.5766859948923225
1852,2018-06-13,0.5763158275849132,0.5788662932038107,0.5764036032861481,0.5793577185501183,0.0872548534000751,-0.004355020579608904,0.002180298311488138,-0.0016231530471002564,1.1005540367925448e-08,-0.0040120857892912,0.5788662932038107
1853,2018-06-14,0.5788562359397293,0.5781394376077877,0.578748058477279,0.5808229620985671,0.1144333110925285,0.0025404083548161704,-0.0007268555960229239,0.002344455191130801,0.0014652435484487913,0.02717845769245339,0.5781394376077877
1854,2018-06-15,0.576315844943218,0.5823184545700486,0.5787481469483091,0.5797240479522734,0.2452937388735275,-0.002540390996511377,0.004179016962260862,8.847103016851321e-08,-0.0010989141462937058,0.13086042778099902,0.5823184545700486
1855,2018-06-18,0.5741383402834355,0.5666930280838137,0.5740590395084704,0.5696498431498959,0.1656638880228896,-0.002177504659782503,-0.015625426486234884,-0.004689107439838747,-0.010074204802377529,-0.07962985085063792,0.5666930280838137
1856,2018-06-19,0.5681502517538131,0.5646945331635249,0.5755019113030017,0.5681846084709427,0.1460638145990973,-0.005988088529622404,-0.001998494920288807,0.0014428717945312863,-0.001465234678953209,-0.019600073423792275,0.5646945331635249
1857,2018-06-20,0.5648838627738542,0.564149346720411,0.5626968560092322,0.559026124571523,0.1402802341403152,-0.0032663889799589008,-0.0005451864431139652,-0.012805055293769407,-0.009158483899419645,-0.005783580458782106,0.564149346720411
1858,2018-06-21,0.564702481356461,0.5619690931550195,0.5639593728042072,0.5656202094233802,0.0987054686156992,-0.00018138141739321156,-0.0021802535653914212,0.0012625167949749105,0.006594084851857196,-0.041574765524616,0.5619690931550195
1859,2018-06-22,0.5558108905517718,0.561787334509917,0.5599915706113971,0.5592093020440104,0.0974147249667116,-0.008891590804689153,-0.00018175864510250328,-0.0039678021928100105,-0.006410907379369779,-0.0012907436489876106,0.561787334509917
1860,2018-06-25,0.566698528746784,0.5601521778954461,0.5645004407451584,0.5632390272064235,0.0844082246301859,0.01088763819501215,-0.0016351566144708896,0.0045088701337612225,0.004029725162413067,-0.0130065003365257,0.5601521778954461
1861,2018-06-26,0.5599843810414333,0.5588802700945995,0.5571058648806572,0.5579270507147647,0.096435741070414,-0.006714147705350615,-0.0012719078008466278,-0.007394575864501207,-0.005311976491658821,0.012027516440228106,0.5588802700945995
1862,2018-06-27,0.5628878582733683,0.5610606578982812,0.5621558307808096,0.5599420008161247,0.1133931407027123,0.002903477231934959,0.0021803878036816826,0.005049965900152387,0.0020149501013599913,0.016957399632298295,0.5610606578982812
1863,2018-06-28,0.5601659120937053,0.5597887500974347,0.5587290778318097,0.5614072978291927,0.090468601131076,-0.0027219461796630373,-0.0012719078008465168,-0.003426752948999856,0.0014652970130680787,-0.022924539571636288,0.5597887500974347
1864,2018-06-29,0.5568997026365387,0.5592437426387078,0.5556631874490953,0.5559123475733607,0.1147975164110916,-0.0032662094571666023,-0.0005450074587268761,-0.0030658903827144313,-0.005494950255832021,0.024328915280015587,0.5592437426387078
1865,2018-07-02,0.5572625410986984,0.5543380043187143,0.5607129609207215,0.5577439159961648,0.0902908689356172,0.0003628384621597869,-0.0049057383199935245,0.005049773471626273,0.0018315684228040752,-0.02450664747547439,0.5543380043187143
1866,2018-07-03,0.5545408045508994,0.5499775866801251,0.5520562111865609,0.5496847075720945,0.1200712094238854,-0.0027217365477990585,-0.004360417638589187,-0.00865674973416064,-0.008059208424070263,0.029780340488268192,0.5499775866801251
1867,2018-07-04,0.5512744189875013,0.5590619839936053,0.5585487887867654,0.5564618034308625,0.1074405689761168,-0.0032663855633980887,0.009084397313480208,0.006492577600204497,0.006777095858767956,-0.012630640447768599,0.5590619839936053
1868,2018-07-05,0.5572625830162883,0.547070432772614,0.5558435111424913,0.5506004392767131,0.1357524336199386,0.005988164028786991,-0.01199155122099127,-0.0027052776442740845,-0.0058613641541493955,0.028311864643821807,0.547070432772614
1869,2018-07-06,0.5530890334702345,0.564876157570337,0.5634183104102239,0.5579271475882253,0.1570686425048002,-0.004173549546053756,0.01780572479772302,0.007574799267732635,0.0073267083115121645,0.021316208884861604,0.564876157570337
1870,2018-07-09,0.564158116242476,0.5692367541933133,0.565582550807853,0.5652538442771131,0.0766084035278384,0.0110690827722415,0.004360596622976276,0.0021642403976290803,0.007326696688887857,-0.0804602389769618,0.5692367541933133
1871,2018-07-10,0.5715978942540296,0.5690549955482108,0.5717144141598116,0.5736795099461557,0.1079154927115231,0.007439778011553599,-0.00018175864510250328,0.0061318633519585886,0.00842566566904257,0.0313070891836847,0.5690549955482108
1872,2018-07-11,0.5677872927376336,0.5703269033490574,0.5679270825841441,0.5687340481265691,0.1019163027041516,-0.003810601516396006,0.0012719078008466278,-0.003787331575667463,-0.00494546181958655,-0.005999190007371508,0.5703269033490574
1873,2018-07-12,0.5696018224407923,0.5616056653570081,0.5691894765772129,0.5661696416083875,0.1055874923152677,0.0018145297031586516,-0.00872123799204938,0.0012623939930687111,-0.0025644065181816833,0.0036711896111161074,0.5616056653570081
1874,2018-07-13,0.5614362148712692,0.5679648911385635,0.5655825443430555,0.5641548348474883,0.0949352151579339,-0.008165607569523115,0.006359225781555455,-0.003606932234157312,-0.002014806760899157,-0.0106522771573338,0.5679648911385635
1875,2018-07-16,0.5672429018888394,0.5679648911385635,0.5637790066312858,0.5725805466325762,0.0,0.005806687017570256,0.0,-0.001803537711769776,0.008425711785087886,-0.0949352151579339,0.5679648911385635
1876,2018-07-17,0.5632507520918165,0.564876157570337,0.5664842649960313,0.5683677090489219,0.0951712202043628,-0.0039921497970228925,-0.003088733568226476,0.0027052583647455553,-0.004212837583654316,0.0951712202043628,0.564876157570337
1877,2018-07-18,0.5686945102134108,0.5719620599635283,0.569730561526753,0.5722141875625436,0.0748048587903138,0.005443758121594255,0.00708590239319129,0.003246296530721726,0.0038464785136217428,-0.020366361414049003,0.5719620599635283
1878,2018-07-19,0.5732309990491417,0.5672380355425406,0.570271591837985,0.5709319707975227,0.0920623636051082,0.004536488835730879,-0.004724024420987738,0.0005410303112319825,-0.0012822167650209382,0.01725750481479439,0.5672380355425406
1879,2018-07-20,0.565609711345045,0.561787334509917,0.5630575249888683,0.5612241182695772,0.1052320279243501,-0.0076212877040966465,-0.005450701032623573,-0.00721406684911674,-0.009707852527945482,0.013169664319241908,0.561787334509917
1880,2018-07-23,0.5556294182137088,0.5614239514580024,0.5599915466556296,0.5606745928523613,0.0710550008303881,-0.009980293131336193,-0.00036338305191463416,-0.003065978333238739,-0.0005495254172158681,-0.034177027093962004,0.5614239514580024
1881,2018-07-24,0.5634321770800087,0.5625141006137464,0.5599915521913732,0.5630557600098868,0.0603007461838566,0.007802758866299886,0.0010901491557440135,5.5357436412606376e-09,0.0023811671575254545,-0.0107542546465315,0.5625141006137464
1882,2018-07-25,0.5621620524337851,0.5677832219856546,0.5650415330737065,0.5661697618680186,0.0902704734377777,-0.0012701246462235583,0.005269121371908159,0.005049980882333327,0.0031140018581318207,0.029969727253921108,0.5677832219856546
1883,2018-07-26,0.5725052041797013,0.575777604381681,0.5749607761653374,0.5773428646798121,0.1079679382773962,0.010343151745916157,0.007994382396026456,0.009919243091630836,0.011173102811793512,0.017697464839618496,0.575777604381681
1884,2018-07-27,0.5757714280162154,0.5792296315096286,0.5765838901670721,0.5808230125943956,0.0789830222048698,0.0032662238365140928,0.0034520271279475656,0.00162311400173476,0.003480147914583509,-0.0289849160725264,0.5792296315096286
1885,2018-07-30,0.575771461654791,0.5770493779442373,0.5753215069455401,0.5800903555513244,0.0601142730607523,3.3638575591687925e-08,-0.00218025356539131,-0.0012623832215320485,-0.0007326570430712387,-0.0188687491441175,0.5770493779442373
1886,2018-07-31,0.5701462028815762,0.5663296002858023,0.5684680499064596,0.5692834620991304,0.1534003665362326,-0.005625258773214736,-0.010719777658435015,-0.006853457039080468,-0.010806893452193989,0.0932860934754803,0.5663296002858023
1887,2018-08-01,0.5688760384832645,0.576867753537425,0.5736983646137092,0.5733132372755807,0.1003050583748284,-0.001270164398311735,0.010538153251622773,0.00523031470724955,0.004029775176450312,-0.05309530816140419,0.576867753537425
1888,2018-08-02,0.5688760778950294,0.5805015840565719,0.5825355878464477,0.5692835768073718,0.2877076334521128,3.9411764851671194e-08,0.0036338305191468967,0.0088372232327385,-0.004029660468208851,0.18740257507728442,0.5805015840565719
1889,2018-08-03,0.5839371061487917,0.573597261324096,0.5814533762556837,0.5771596863040376,0.1352104961059167,0.01506102825376232,-0.006904322732475876,-0.0010822115907639374,0.007876109496665729,-0.1524971373461961,0.573597261324096
1890,2018-08-06,0.5777675251156369,0.578502910151896,0.5792891601550776,0.5817388226455193,0.0945331324862403,-0.006169581033154792,0.00490564882779998,-0.002164216100606131,0.004579136341481771,-0.0406773636196764,0.578502910151896
1891,2018-08-07,0.5770416668449699,0.5834085589796959,0.5791088550956215,0.5802735103291833,0.0726341950916777,-0.000725858270666957,0.004905648827799869,-0.00018030505945609843,-0.0014653123163360648,-0.021898937394562598,0.5834085589796959
1892,2018-08-08,0.5893808625691268,0.5892225983181374,0.5868638900630404,0.5916298128228412,0.1370519181965718,0.01233919572415687,0.00581403933844149,0.007755034967418917,0.011356302493657933,0.0644177231048941,0.5892225983181374
1893,2018-08-09,0.584300074742283,0.5834085589796959,0.5810927001507085,0.5866843379893325,0.0640243813608458,-0.005080787826843847,-0.00581403933844149,-0.005771189912331942,-0.004945474833508712,-0.073027536835726,0.5834085589796959
1894,2018-08-10,0.5837557108992819,0.5775944301490609,0.5801909794027384,0.5819220296604819,0.0922167866601789,-0.00054436384300105,-0.005814128830635035,-0.000901720747970014,-0.004762308328850606,0.028192405299333104,0.5775944301490609
1895,2018-08-13,0.5743197889885727,0.5690549955482108,0.5717144141598116,0.5700161893300362,0.0968523919548502,-0.009435921910709189,-0.008539434600850049,-0.008476565242926837,-0.011905840330445727,0.004635605294671288,0.5690549955482108
1896,2018-08-14,0.571960791649692,0.5779578579470723,0.5736983255689524,0.5727636968104874,0.0848714937953982,-0.002358997338880675,0.00890286239886151,0.0019839114091407817,0.0027475074804512722,-0.011980898159451997,0.5779578579470723
1897,2018-08-15,0.5833926789542528,0.5774127162500552,0.5852407103915421,0.5782586413116476,0.1141914787610026,0.011431887304560795,-0.0005451416970171374,0.011542384822589735,0.0054949445011601705,0.029319984965604395,0.5774127162500552
1898,2018-08-16,0.5688760345136618,0.5670564558818252,0.567205704153551,0.5656202125534621,0.1539597859055455,-0.014516644440591087,-0.010356260368230008,-0.018035006237991147,-0.01263842875818555,0.039768307144542894,0.5670564558818252
1899,2018-08-17,0.5719608264032515,0.5715986769116137,0.5711733944422828,0.5745953584940757,0.1025048584989496,0.0030847918895897664,0.004542221029788518,0.003967690288731784,0.00897514594061366,-0.05145492740659589,0.5715986769116137
1900,2018-08-20,0.5721422412161898,0.5672380355425406,0.5688288014769881,0.5716646617109119,0.0777388968366582,0.00018141481293831863,-0.004360641369073104,-0.0023445929652946562,-0.002930696783163822,-0.02476596166229139,0.5672380355425406
1901,2018-08-21,0.5665169898734533,0.5556098673734641,0.5632379010003896,0.5599419618698005,0.1554107798947009,-0.005625251342736504,-0.011628168169076525,-0.005590900476598493,-0.011722699841111406,0.07767188305804269,0.5556098673734641
1902,2018-08-22,0.5552665665324932,0.563967677567502,0.5601719995783084,0.5603083603207617,0.1084137255873175,-0.011250423340960158,0.008357810194037918,-0.0030659014220811853,0.0003663984509612028,-0.04699705430738339,0.563967677567502
1903,2018-08-23,0.5670613420905636,0.5614239514580024,0.5639593026571648,0.5647042586700164,0.0716785203357681,0.011794775558070403,-0.0025437261094996,0.00378730307885633,0.00439589834925469,-0.0367352052515494,0.5614239514580024
1904,2018-08-24,0.5661541570810106,0.5661479758789901,0.564861129180193,0.5692835509608182,0.0675644570572793,-0.0009071850095530021,0.004724024420987738,0.0009018265230282818,0.004579292290801784,-0.004114063278488803,0.5661479758789901
1905,2018-08-27,0.5679687397585239,0.5723254430154431,0.5691895307433941,0.5727637130325168,0.0693767427224493,0.0018145826775133322,0.006177467136452952,0.004328401563201023,0.003480162071698656,0.0018122856651699992,0.5723254430154431
1906,2018-08-28,0.5745011846652037,0.5741422687828229,0.5778463024939491,0.5788081257021476,0.1102901113885546,0.006532444906679813,0.0018168257673798482,0.008656771750555015,0.006044412669630739,0.0409133686661053,0.5741422687828229
1907,2018-08-29,0.5761344685461044,0.5812283501604013,0.5778464502166036,0.5811894021379138,0.1030030913747439,0.0016332838809006711,0.007086081377578379,1.477226545532062e-07,0.002381276435766244,-0.007287020013810708,0.5812283501604013
1908,2018-08-30,0.5832114276792372,0.5786846687969985,0.58073212939043,0.581006311642098,0.1391118634783647,0.007076959133132776,-0.002543681363402772,0.0028856791738263166,-0.0001830904958157742,0.03610877210362082,0.5786846687969985
1909,2018-08-31,0.5754085154629601,0.5761408979414021,0.574419656151674,0.5789913032861376,0.0986122320541471,-0.007802912216277047,-0.002543770855596428,-0.006312473238755945,-0.002015008355960468,-0.040499631424217614,0.5761408979414021
1910,2018-09-03,0.5746826829539844,0.5728704952202667,0.5736983221433963,0.5751448215927909,0.0661163767106723,-0.0007258325089757323,-0.0032704027211354347,-0.0007213340082776742,-0.0038464816933466706,-0.032495855343474794,0.5728704952202667
1911,2018-09-04,0.5694203421811161,0.5663296002858023,0.5664842049197631,0.5691002726027632,0.0795395279316343,-0.005262340772868246,-0.006540894934464414,-0.007214117223633187,-0.006044548990027709,0.013423151220961993,0.5663296002858023
1912,2018-09-05,0.5661541430356681,0.5632409562097693,0.5634183246277961,0.5663528399002523,0.1038742704967469,-0.003266199145448012,-0.0030886440760329315,-0.0030658802919670824,-0.002747432702510877,0.024334742565112602,0.5632409562097693
1913,2018-09-06,0.5652468394675535,0.5623324314608374,0.5626968690457321,0.5667191914568771,0.0822229927188072,-0.0009073035681146369,-0.0009085247489318826,-0.0007214555820639346,0.0003663515566247888,-0.021651277777939695,0.5623324314608374
1914,2018-09-07,0.5637950712706848,0.5663296002858023,0.5630575035366433,0.5676349578652526,0.1198526862327476,-0.0014517681968686524,0.003997168824964814,0.0003606344909111714,0.0009157664083755401,0.037629693513940396,0.5663296002858023
1915,2018-09-10,0.5647024638201705,0.5674197941876431,0.5645004099759394,0.5670855067260012,0.0902617325101322,0.000907392549485686,0.0010901939018408413,0.001442906439296121,-0.0005494511392514223,-0.0295909537226154,0.5674197941876431
1916,2018-09-11,0.571235002603525,0.5701451447039549,0.5711733649843576,0.5736795154662759,0.1206510242910379,0.006532538783354469,0.002725350516311842,0.0066729550084181355,0.006594008740274715,0.0303892917809057,0.5701451447039549
1917,2018-09-12,0.5750456816777136,0.570871955553881,0.5718948194999395,0.5740458537713123,0.094346659363136,0.0038106790741886387,0.0007268108499260961,0.0007214545155819208,0.00036633830503640663,-0.02630436492790189,0.570871955553881
1918,2018-09-13,0.5737753005927365,0.5868605413615468,0.585781723878575,0.577525909905951,0.1691427772258044,-0.0012703810849771235,0.01598858580766571,0.01388690437863549,0.0034800561346386427,0.07479611786266839,0.5868605413615468
1919,2018-09-14,0.5977280288749889,0.5981254607169989,0.5966028743195007,0.5995060229289068,0.239947204797021,0.023952728282252367,0.011264919355452152,0.010821150440925686,0.021980113022955772,0.0708044275712166,0.5981254607169989
1920,2018-09-17,0.5973651317611751,0.5981254607169989,0.5937172937008922,0.6029862207955541,0.0,-0.0003628971138137649,0.0,-0.002885580618608441,0.0034801978666473277,-0.239947204797021,0.5981254607169989
1921,2018-09-18,0.6000870920597926,0.6112072505859277,0.6077847805263984,0.6040852898396136,0.2272786869961219,0.0027219602986174873,0.013081789868928828,0.014067486825506181,0.0010990690440595419,0.2272786869961219,0.6112072505859277
1922,2018-09-19,0.6216806235176022,0.6310113360656493,0.6279839647824138,0.6258820125888647,0.2035528957236468,0.021593531457809623,0.019804085479721567,0.020199184256015412,0.02179672274925104,-0.023725791272475094,0.6310113360656493
1923,2018-09-20,0.6342014069269926,0.6402776262625223,0.6362802271976079,0.6370552992601612,0.2077164909254603,0.012520783409390335,0.009266290196872973,0.0082962624151941,0.011173286671296578,0.0041635952018135025,0.6402776262625223
1924,2018-09-21,0.6405524824077438,0.6466368520440777,0.642051465013896,0.643282947575427,0.234839589409492,0.0063510754807512,0.006359225781555455,0.005771237816288077,0.006227648315265788,0.027123098484031716,0.6466368520440777
1925,2018-09-24,0.6458148560669754,0.6466368520440777,0.6418711575037337,0.651891847529424,0.0,0.005262373659231656,0.0,-0.00018030751016229196,0.00860889995399694,-0.234839589409492,0.6466368520440777
1926,2018-09-25,0.6441817071580566,0.6529959883334396,0.6501672720472024,0.6502433310087459,0.1919332892402094,-0.0016331489089188578,0.006359136289361911,0.00829611454346868,-0.0016485165206781005,0.1919332892402094,0.6529959883334396
1927,2018-09-26,0.655489613397589,0.6492984393724843,0.6533219647944023,0.6482381076122365,0.2152453432707968,0.011307906239532484,-0.0036975489609553103,0.0031546927471999275,-0.002005223396509326,0.02331205403058742,0.6492984393724843
1928,2018-09-27,0.6444108522966748,0.6394997601161752,0.64359550064341,0.6441376076791356,0.1423489203497536,-0.011078761100914214,-0.009798679256309173,-0.00972646415099232,-0.0041004999331009095,-0.0728964229210432,0.6394997601161752
1929,2018-09-28,0.6462573570211051,0.6472648187662267,0.6538725539218612,0.6510338807643303,0.177618563399405,0.0018465047244302646,0.007765058650051504,0.010277053278451187,0.006896273085194693,0.035269643049651384,0.6472648187662267
1930,2018-10-01,0.6464420747593042,0.6572483888944125,0.6525880274790291,0.6497292314307784,0.1178481001593762,0.00018471773819905835,0.009983570128185848,-0.0012845264428320569,-0.0013046493335518994,-0.059770463240028784,0.6572483888944125
1931,2018-10-02,0.6632447947011518,0.6615006104709983,0.6639660903879053,0.6629623670736833,0.173440399984849,0.016802719941847677,0.00425222157658578,0.011378062908876219,0.013233135642904847,0.0555922998254728,0.6615006104709983
1932,2018-10-03,0.6601054569114901,0.6555841473170375,0.6606624481972058,0.6592344131415924,0.1151792035849458,-0.003139337789661689,-0.0059164631539607715,-0.0033036421906995628,-0.0037279539320909105,-0.05826119639990321,0.6555841473170375
1933,2018-10-04,0.6647219132701673,0.6657528767936809,0.6634155193707555,0.6666900428668268,0.1715465323283209,0.0046164563586771346,0.010168729476643379,0.002753071173549726,0.007455629725234392,0.056367328743375106,0.6657528767936809
1934,2018-10-05,0.6577053342512914,0.6687108175210322,0.667636304051513,0.6637078076128936,0.1469816120018764,-0.007016579018875868,0.002957940727351338,0.004220784680757483,-0.002982235253933152,-0.0245649203264445,0.6687108175210322
1935,2018-10-08,0.6678607614190493,0.6687108175210322,0.6637824385057394,0.6741452005382804,0.0,0.010155427167757858,0.0,-0.003853865545773605,0.010437392925386813,-0.1469816120018764,0.6687108175210322
1936,2018-10-09,0.6665682443766533,0.6705595920015099,0.6659845999585053,0.6678081961059834,0.1637525385110703,-0.0012925170423959687,0.0018487744804777106,0.0022021614527659716,-0.006337004432297011,0.1637525385110703,0.6705595920015099
1937,2018-10-10,0.6665684173438707,0.6670470234046249,0.6652507478123663,0.6668764116019424,0.1228916154108381,1.7296721743775834e-07,-0.0035125685968850906,-0.0007338521461390801,-0.0009317845040409667,-0.040860923100232205,0.6670470234046249
1938,2018-10-11,0.6370250943807159,0.6424579245740104,0.6472658892184704,0.6422738234421784,0.1764035744566785,-0.029543322963154872,-0.024589098830614442,-0.01798485859389587,-0.024602588159764016,0.05351195904584041,0.6424579245740104
1939,2018-10-12,0.6338861574626317,0.6322895083200445,0.6327680632528093,0.6340730241476383,0.1698333105098,-0.003138936918084201,-0.010168416253965917,-0.01449782596566107,-0.008200799294540095,-0.006570263946878513,0.6322895083200445
1940,2018-10-15,0.6287160955407557,0.6269280310043914,0.6268954805626641,0.6284815706580661,0.095535425522926,-0.005170061921875968,-0.005361477315653063,-0.005872582690145234,-0.00559145348957224,-0.074297884986874,0.6269280310043914
1941,2018-10-16,0.626131029968059,0.6365416851505334,0.6327680235052595,0.6320228004774314,0.0924819281320929,-0.0025850655726966654,0.009613654146142014,0.005872542942595427,0.0035412298193653324,-0.0030534973908331042,0.6365416851505334
1942,2018-10-17,0.6416412442376047,0.6402393683497791,0.6382735842683381,0.639664495639044,0.1024057946523004,0.015510214269545686,0.0036976831992456827,0.005505560763078621,0.007641695161612616,0.009923866520207505,0.6402393683497791
1943,2018-10-18,0.6444108896654026,0.6298860164778396,0.6404757644885248,0.6344457364175077,0.0936386442238493,0.0027696454277978955,-0.010353351871939531,0.0022021802201867002,-0.005218759221536362,-0.00876715042845111,0.6298860164778396
1944,2018-10-19,0.6185605704556874,0.6248942761598434,0.6210229158053766,0.61990792619744,0.1110126947405838,-0.025850319209715256,-0.004991740317996207,-0.019452848683148227,-0.014537810220067726,0.017374050516734504,0.6248942761598434
1945,2018-10-22,0.6202222980930319,0.6243395587981163,0.6213898511378737,0.622889990493764,0.0815382867199086,0.0016617276373445122,-0.0005547173617270751,0.0003669353324970981,0.002982064296324083,-0.02947440802067519,0.6243395587981163
1946,2018-10-23,0.6202223423265576,0.6091794917183476,0.6164349256430522,0.6130117896110687,0.1211929618050598,4.423352573112993e-08,-0.015160067079768691,-0.0049549254948214605,-0.00987820088269531,0.03965467508515119,0.6091794917183476
1947,2018-10-24,0.6106209676539998,0.6062215062448995,0.6098284163799975,0.6044382918313747,0.1440563148831775,-0.009601374672557839,-0.002957985473448166,-0.006606509263054727,-0.008573497779694073,0.022863353078117696,0.6062215062448995
1948,2018-10-25,0.5908637632366858,0.5862543212424308,0.5922105956208858,0.5891547618405807,0.1739881647839679,-0.01975720441731399,-0.019967185002468635,-0.01761782075911167,-0.015283529990793965,0.029931849900790397,0.5862543212424308
1949,2018-10-26,0.5914177015912943,0.5836660280205428,0.5898249178988183,0.5820722566729006,0.1739852511414194,0.0005539383546084853,-0.0025882932218880272,-0.0023856777220675474,-0.007082505167680053,-2.9136425484799222e-06,0.5836660280205428
1950,2018-10-29,0.5877248254476563,0.5836660280205428,0.5878061817909516,0.5872909868171797,0.0925110645575779,-0.003692876143638002,0.0,-0.0020187361078667365,0.005218730144279093,-0.0814741865838415,0.5836660280205428
1951,2018-10-30,0.581631524158635,0.5890275053361957,0.5912930158586039,0.5869181578705364,0.1614886382508821,-0.006093301289021302,0.005361477315652952,0.003486834067652378,-0.0003728289466433665,0.0689775736933042,0.5890275053361957
1952,2018-10-31,0.5947414062691115,0.5879183390893221,0.594412903686063,0.5820723504936953,0.2142517911617567,0.01310988211047659,-0.0011091662468736274,0.003119887827459089,-0.004845807376841038,0.05276315291087458,0.5879183390893221
1953,2018-11-01,0.58901743200182,0.5825568170275722,0.5867051466460216,0.58281787779626,0.1667623312636759,-0.005723974267291543,-0.00536152206174989,-0.007707757040041452,0.0007455273025647191,-0.04748945989808079,0.5825568170275722
1954,2018-11-02,0.5930796267708501,0.5932798611510719,0.5900085106327049,0.5610111475618526,0.3356778443706969,0.004062194769030136,0.01072304412349967,0.0033033639866832942,-0.02180673023440749,0.16891551310702102,0.5932798611510719
1955,2018-11-05,0.5908638855521582,0.5803383055494378,0.593495362614198,0.5826315210021858,0.1910621101182064,-0.0022157412186919467,-0.012941555601634125,0.003486851981493122,0.021620373440333296,-0.14461573425249052,0.5803383055494378
1956,2018-11-06,0.5866169990602391,0.5923554067916879,0.5896414215459277,0.5867318828225901,0.1255896484107536,-0.004246886491919066,0.012017101242250083,-0.0038539410682703057,0.004100361820404297,-0.0654724617074528,0.5923554067916879
1957,2018-11-07,0.5908637795449961,0.5751615401212744,0.5892743784469338,0.5761080548422709,0.2265735854993837,0.004246780484757018,-0.01719386667041345,-0.0003670430989939355,-0.010623827980319245,0.1009839370886301,0.5751615401212744
1958,2018-11-08,0.5847704804458671,0.5862543212424308,0.5841358528561901,0.5871045781290314,0.1389953177764245,-0.006093299099129035,0.011092781121156414,-0.005138525590743681,0.010996523286760485,-0.08757826772295921,0.5862543212424308
1959,2018-11-09,0.5825548655067475,0.5781197493252065,0.5821173081307469,0.5826315246647984,0.1140312284208348,-0.0022156149391195923,-0.008134571917224331,-0.002018544725443161,-0.00447305346423299,-0.02496408935558969,0.5781197493252065
1960,2018-11-12,0.5744304232778372,0.5762708406064385,0.5734918583089887,0.576294412505441,0.0977760166427262,-0.008124442228910289,-0.001848908718767972,-0.008625449821758169,-0.006337112159357394,-0.016255211778108597,0.5762708406064385
1961,2018-11-13,0.5640902564466331,0.5648082329954317,0.5617467173011438,0.5628748739957959,0.1421449653713583,-0.01034016683120409,-0.011462607611006814,-0.011745141007844961,-0.013419538509645057,0.04436894872863209,0.5648082329954317
1962,2018-11-14,0.5585509683680296,0.5616653566501068,0.559911614641393,0.5630613053942192,0.1286081820910047,-0.005539288078603488,-0.003142876345324952,-0.0018351026597507314,0.00018643139842322576,-0.013536783280353598,0.5616653566501068
1963,2018-11-15,0.5609513545963574,0.5605560561649428,0.5591775355854641,0.5632476556718381,0.081812169119468,0.002400386228327722,-0.0011093004851639998,-0.0007340790559289267,0.00018635027761892964,-0.046796012971536696,0.5605560561649428
1964,2018-11-16,0.5600281219310437,0.5583374999407115,0.55936104511285,0.5619429934636533,0.0941834953804197,-0.0009232326653136891,-0.002218556224231283,0.00018350952738588333,-0.0013046622081848147,0.012371326260951707,0.5583374999407115
1965,2018-11-19,0.5578124409285166,0.5568585072039873,0.5584435053138844,0.559520091922693,0.0882688010069548,-0.0022156810025271145,-0.0014789927367241384,-0.0009175397989655831,-0.002422901540960254,-0.005914694373464896,0.5568585072039873
1966,2018-11-20,0.5539348945115726,0.5651781042313788,0.5610127582614681,0.555978800690078,0.1022309760993901,-0.0038775464169439333,0.00831959702739149,0.0025692529475837,-0.0035412912326150403,0.013962175092435289,0.5651781042313788
1967,2018-11-21,0.5520884716386684,0.5519592123219296,0.5505522806847343,0.5470324590375643,0.1658095701503148,-0.001846422872904263,-0.013218891909449249,-0.010460477576733851,-0.008946341652513734,0.06357859405092471,0.5519592123219296
1968,2018-11-22,0.5555967202369205,0.5588922173024387,0.5556907628753468,0.5588677610181189,0.0835865774315075,0.0035082485982521616,0.006933004980509083,0.0051384821906125255,0.011835301980554602,-0.0822229927188073,0.5588922173024387
1969,2018-11-23,0.5581817611123774,0.5588922173024387,0.5547731981339216,0.5634341422939317,0.0,0.0025850408754568566,0.0,-0.0009175647414252364,0.004566381275812881,-0.0835865774315075,0.5588922173024387
1970,2018-11-26,0.5453488586286163,0.5590770186821219,0.5567918003977855,0.5498281348536901,0.1014151561858088,-0.012832902483761122,0.0001848013796832415,0.0020186022638639667,-0.013606007440241652,0.1014151561858088,0.5590770186821219
1971,2018-11-27,0.5600281388830741,0.5620350936477636,0.5602786602897383,0.5630613050218531,0.0814246546605169,0.01467928025445786,0.0029580749656417105,0.0034868598919527427,0.013233170168163055,-0.0199905015252919,0.5620350936477636
1972,2018-11-28,0.5613206186353917,0.562774612389174,0.5591775322865338,0.5595200267636286,0.0980120216891551,0.0012924797523176101,0.0007395187414104276,-0.001101128003204499,-0.0035412782582245894,0.016587367028638195,0.562774612389174
1973,2018-11-29,0.5668599795336936,0.5692454349360878,0.5683534261514649,0.5705165792640957,0.1064994624329498,0.0055393608983018705,0.006470822546913779,0.009175893864931117,0.01099655250046716,0.008487440743794705,0.5692454349360878
1974,2018-11-30,0.5683371552602293,0.5661024690985693,0.5667017743626441,0.5703302131076197,0.1700226972754528,0.0014771757265357177,-0.0031429658375184966,-0.0016516517888207627,-0.0001863661564760477,0.063523234842503,0.5661024690985693
1975,2018-12-03,0.5759075809587402,0.5773801410916025,0.5767951922358857,0.5753625438117409,0.1297415890423731,0.007570425698510852,0.0112776719930332,0.010093417873241584,0.005032330704121235,-0.040281108233079704,0.5773801410916025
1976,2018-12-04,0.581262329318766,0.5629595032610508,0.5778962963774862,0.5675344816878416,0.1317345205455504,0.005354748360025807,-0.014420637830551697,0.001101104141600473,-0.007828062123899304,0.0019929315031773087,0.5629595032610508
1977,2018-12-05,0.5557812826450254,0.5692454349360878,0.5681698863442879,0.5606383337035664,0.1380338157354179,-0.025481046673740626,0.006285931675036993,-0.009726410033198296,-0.0068961479842751805,0.006299295189867493,0.5692454349360878
1978,2018-12-06,0.5635363715067011,0.5612955749063532,0.5611962147828666,0.5625021475752522,0.1341003982949364,0.007755088861675752,-0.007949860029734634,-0.0069736715614212574,0.001863813871685771,-0.003933417440481507,0.5612955749063532
1979,2018-12-07,0.5626131181208828,0.5657326426087189,0.563214866206451,0.5660433507095296,0.0998738392776497,-0.0009232533858183345,0.004437067702365738,0.0020186514235843722,0.0035412031342774153,-0.03422655901728669,0.5657326426087189
1980,2018-12-10,0.5603974641071784,0.5609258379086963,0.5588105338007818,0.5623158108318814,0.0891108437034727,-0.0022156540137043823,-0.004806804700022593,-0.004404332405669176,-0.0037275398776481783,-0.010762995574176995,0.5609258379086963
1981,2018-12-11,0.5620593203679234,0.563514220622778,0.5602787357947295,0.5619430862029314,0.147978077753465,0.0016618562607449983,0.002588382714081683,0.0014682019939477042,-0.00037272462894999414,0.05886723404999229,0.563514220622778
1982,2018-12-12,0.5687064600414432,0.5779348137072329,0.574776555677273,0.5699574743903151,0.1609000824560841,0.00664713967351982,0.014420593084454869,0.014497819882543506,0.008014388187383648,0.012922004702619089,0.5779348137072329
1983,2018-12-13,0.5807083075477604,0.5834810924025692,0.5804654980172506,0.5796492297505497,0.1421944972946829,0.012001847506317165,0.005546278695336304,0.005688942339977521,0.009691755360234589,-0.018705585161401195,0.5834810924025692
1984,2018-12-14,0.5816316018659871,0.5816323626681883,0.5819337069493383,0.5833770156963602,0.1619460801309973,0.0009232943182266862,-0.0018487297343808828,0.0014682089320877667,0.00372778594581058,0.019751582836314396,0.5816323626681883
1985,2018-12-17,0.5797851631544244,0.581447561288505,0.5802820836462222,0.584308938692016,0.0860165553169606,-0.001846438711562648,-0.0001848013796832415,-0.0016516233031160787,0.0009319229956558095,-0.07592952481403668,0.581447561288505
1986,2018-12-18,0.5760923087826536,0.5746070017439344,0.5806491186225755,0.5792766353883324,0.136591562673908,-0.003692854371770804,-0.006840559544570635,0.0003670349763532643,-0.0050323033036836495,0.05057500735694741,0.5746070017439344
1987,2018-12-19,0.5714760726243343,0.5672117248376366,0.5687204193098725,0.5671616764892314,0.1172420625092872,-0.004616236158319298,-0.007395276906297821,-0.011928699312703017,-0.01211495889910097,-0.01934950016462081,0.5672117248376366
1988,2018-12-20,0.5631671459756653,0.5561189884625769,0.5667018126393492,0.5591473055190197,0.1270493833275546,-0.008308926648669002,-0.011092736375059697,-0.0020186066705233374,-0.008014370970211737,0.009807320818267407,0.5561189884625769
1989,2018-12-21,0.5539348129098347,0.5493707848617512,0.5536719910298319,0.5493621545946408,0.2083924559967134,-0.0092323330658306,-0.006748203600825731,-0.013029821609517267,-0.009785150924378927,0.0813430726691588,0.5493707848617512
1990,2018-12-24,0.5486724321871913,0.5493707848617512,0.5453219383696837,0.5538353324437575,0.0,-0.0052623807226434005,0.0,-0.00835005266014821,0.004473177849116716,-0.2083924559967134,0.5493707848617512
1991,2018-12-25,0.5308542482923928,0.5216388544319085,0.527979608081115,0.5247597395483521,0.1627619000445787,-0.0178181838947985,-0.027731930429842677,-0.017342330288568686,-0.0290755928954054,0.1627619000445787,0.5216388544319085
1992,2018-12-26,0.5236530740314607,0.5279247413608488,0.5340356615951034,0.5238277951746516,0.1231654978103976,-0.007201174260932142,0.006285886928940276,0.006056053513988413,-0.0009319443737004773,-0.039596402234181094,0.5279247413608488
1993,2018-12-27,0.5535655815203517,0.558707281684465,0.557158880536658,0.554021773291366,0.1514802760967679,0.02991250748889107,0.03078254032361627,0.023123218941554557,0.030193978116714426,0.0283147782863703,0.558707281684465
1994,2018-12-28,0.5507958633494557,0.5583374999407115,0.5584434468955753,0.552530692677041,0.1104736708691104,-0.002769718170895996,-0.0003697817437535722,0.0012845663589173828,-0.0014910806143250133,-0.04100660522765749,0.5583374999407115
1995,2018-12-31,0.5576277488998206,0.5583374999407115,0.5542225690228004,0.5628749169348297,0.0,0.006831885550364847,0.0,-0.00422087787277492,0.010344224257788692,-0.1104736708691104,0.5583374999407115
1996,2019-01-04,0.547287650809241,0.5601863191672859,0.5567918209586273,0.549455413050477,0.137491878221396,-0.010340098090579564,0.0018488192265744274,0.0025692519358269106,-0.013419503884352757,0.137491878221396,0.5601863191672859
1997,2019-01-07,0.5749844151953247,0.5753465204853448,0.5764282163666755,0.5779719116436257,0.1299484576633169,0.027696764386083705,0.015160201318058952,0.01963639540804818,0.028516498593148754,-0.007543420558079106,0.5753465204853448
1998,2019-01-08,0.5738764954625618,0.5714639911603191,0.5742259573417293,0.5744306408587453,0.1498894272652842,-0.0011079197327629187,-0.003882529325025752,-0.002202259024946196,-0.0035412707848804237,0.019940969601967312,0.5714639911603191
1999,2019-01-09,0.5779387810299595,0.5746070017439344,0.5744095708871796,0.5775991933939647,0.0949556106557735,0.004062285567397739,0.0031430105836153244,0.00018361354545026742,0.0031685525352194155,-0.0549338166095107,0.5746070017439344
2000,2019-01-10,0.5727687276253347,0.570909452782979,0.5711062854240607,0.5705166773580655,0.1366818855929117,-0.005170053404624841,-0.0036975489609554213,-0.0033032854631188657,-0.007082516035899156,0.041726274937138194,0.570909452782979
2001,2019-01-11,0.5751690326316483,0.5714639911603191,0.5742259573417293,0.5733123463393935,0.1185823380815994,0.0024003050063136078,0.0005545383773400969,0.0031196719176685983,0.0027956689813279922,-0.01809954751131229,0.5714639911603191
2002,2019-01-15,0.5681524493046123,0.577010359347849,0.573858914372267,0.5693982510682494,0.1009140096674659,-0.00701658332703603,0.005546368187529849,-0.00036704296946232784,-0.003914095271144169,-0.017668328414133502,0.577010359347849
2003,2019-01-16,0.5744305282721998,0.5734977460048671,0.5709227414386395,0.5733124441171634,0.0858941823299234,0.006278078967587475,-0.0035126133429818074,-0.002936172933627468,0.00391419304891405,-0.015019827337542507,0.5734977460048671
2004,2019-01-17,0.5714761119475812,0.5710942094165655,0.5700051027264936,0.5742442591365976,0.0960890176071419,-0.0029544163246185695,-0.0024035365883016135,-0.0009176387121458962,0.000931815019434179,0.010194835277218511,0.5710942094165655
2005,2019-01-18,0.5723993997359803,0.5736825921306471,0.5734919067124926,0.5764808663305894,0.0941660135251287,0.0009232877883991186,0.002588382714081572,0.0034868039859989874,0.0022366071939917687,-0.0019230040820132077,0.5736825921306471
2006,2019-01-21,0.5788619241862563,0.5838509188924196,0.5800985070554551,0.5824450546574491,0.1057419153703385,0.006462524450275953,0.010168326761772484,0.006606600342962454,0.005964188326859743,0.011575901845209804,0.5838509188924196
2007,2019-01-22,0.5840320369565692,0.5779348137072329,0.5804656180620589,0.5811404546088581,0.0650528971804681,0.0051701127703129846,-0.005916105185186704,0.00036711100660380414,-0.0013046000485910092,-0.040689018189870405,0.5779348137072329
2008,2019-01-23,0.5720299635716524,0.5742371305079872,0.574225897231214,0.5759216171780958,0.0818150827620165,-0.012002073384916878,-0.0036976831992456827,-0.006239720830844897,-0.005218837430762346,0.016762185581548406,0.5742371305079872
2009,2019-01-24,0.5681525232746645,0.5722035099017295,0.5722073323215479,0.5701438776891844,0.0857572411301436,-0.0038774402969878885,-0.002033620606257669,-0.0020185649096661207,-0.00577773948891136,0.003942158368127099,0.5722035099017295
2010,2019-01-25,0.5705530209923799,0.5775651662017697,0.5744096326343897,0.5759218133093615,0.0668535282754441,0.002400497717715444,0.005361656300040152,0.002202300312841854,0.005777935620177144,-0.01890371285469951,0.5775651662017697
2011,2019-01-28,0.5768309112053776,0.5746070017439344,0.5740424912278581,0.5783447459210024,0.0619586087939559,0.006277890212997628,-0.002958164457835255,-0.00036714140653160143,0.002422932611640838,-0.004894919481488194,0.5746070017439344
2012,2019-01-29,0.5723994082511348,0.5753465204853448,0.5744095471481907,0.5764808749064608,0.0727886181467485,-0.004431502954242772,0.0007395187414104276,0.00036705592033259293,-0.0018638710145415516,0.010830009352792602,0.5753465204853448
2013,2019-01-30,0.5746151169320769,0.5808928886728746,0.5802820510064957,0.5787174330427649,0.1155521498311544,0.002215708680942119,0.005546368187529738,0.005872503858304956,0.0022365581363040787,0.0427635316844059,0.5808928886728746
2014,2019-01-31,0.5871709289537933,0.5881031852151021,0.5872556679313449,0.5899003562483891,0.1128774259716269,0.012555812021716406,0.00721029654222749,0.006973616924849213,0.011182923205624196,-0.0026747238595275086,0.5881031852151021
2015,2019-02-01,0.5842165617715436,0.5751615401212744,0.5806490160676375,0.5777854965403668,0.1851241066043535,-0.0029543671822497286,-0.01294164509382767,-0.006606651863707347,-0.012114859708022285,0.0722466806327266,0.5751615401212744
2016,2019-02-04,0.5762769485577359,0.5779348137072329,0.5780798692156481,0.5809540494222476,0.1004915314979327,-0.00793961321380765,0.002773273585958469,-0.00256914685198939,0.0031685528818807818,-0.08463257510642079,0.5779348137072329
2017,2019-02-05,0.5853244991432777,0.5827416631533523,0.5859711331506741,0.5803948947134965,0.1716485098175185,0.009047550585541742,0.004806849446119421,0.007891263935025927,-0.0005591547087511195,0.0711569783195858,0.5827416631533523
2018,2019-02-06,0.5899406530736545,0.5919857145401278,0.5918436755018367,0.5912051059670936,0.1506528016129925,0.004616153930376843,0.009244051386775531,0.005872542351162635,0.010810211253597157,-0.02099570820452601,0.5919857145401278
2019,2019-02-07,0.5893865964215723,0.5834810924025692,0.5881732280127737,0.5867318063135781,0.0859116641852144,-0.000554056652082191,-0.008504622137558648,-0.003670447489062978,-0.004473299653515506,-0.0647411374277781,0.5834810924025692
2020,2019-02-08,0.5764615437903586,0.5666571417141997,0.5738589863563839,0.5712621695780374,0.1247738284971723,-0.012925052631213685,-0.016823950688369504,-0.014314241656389837,-0.015469636735540693,0.03886216431195791,0.5666571417141997
2021,2019-02-12,0.5705529118116223,0.5768255132220689,0.5740424430870952,0.5716348958770273,0.0973156611200624,-0.005908631978736367,0.0101683715078692,0.00018345673071129553,0.0003727262989898783,-0.027458167377109904,0.5768255132220689
2022,2019-02-13,0.5831086795538627,0.5836660280205428,0.5802819911514807,0.583190551114155,0.0799620061011675,0.012555767742240431,0.006840514798473918,0.006239548064385536,0.011555655237127649,-0.01735365501889491,0.5836660280205428
2023,2019-02-14,0.5882788080069424,0.5821869905377219,0.5857875604437109,0.5857999296142107,0.0731528234653116,0.0051701284530797365,-0.0014790374828208552,0.005505569292230228,0.0026093785000557146,-0.006809182635855893,0.5821869905377219
2024,2019-02-15,0.5816316139175643,0.5810777347986547,0.5786304055596416,0.5830042174211345,0.0765326488215772,-0.006647194089378083,-0.001109255739067283,-0.007157154884069317,-0.002795712193076172,0.0033798253562656033,0.5810777347986547
2025,2019-02-18,0.5890174209100254,0.5899519596955798,0.5868886754092435,0.5912050759619593,0.0841693059412085,0.0073858069924610525,0.008874224896925131,0.008258269849601874,0.008200858540824751,0.007636657119631296,0.5899519596955798
2026,2019-02-19,0.5871708811312515,0.5903216966932366,0.5889072765964436,0.5917641549938633,0.0864273789162997,-0.0018465397787739146,0.0003697369976568554,0.0020186011872000975,0.0005590790319039973,0.002258072975091202,0.5903216966932366
2027,2019-02-20,0.5925256453576686,0.6015994134323666,0.5973491833033936,0.5960510117912038,0.1353649191609875,0.005354764226417119,0.011277716739129917,0.008441906706949998,0.0042868567973405325,0.0489375402446878,0.6015994134323666
2028,2019-02-21,0.6008346477831784,0.6004901129472026,0.6037722496463888,0.6042517951990564,0.1524301235675804,0.008309002425509804,-0.0011093004851639998,0.006423066342995165,0.008200783407852574,0.0170652044065929,0.6004901129472026
2029,2019-02-22,0.5871709941796219,0.5892125304463629,0.5861546286248955,0.5861727957343765,0.1794104535667355,-0.01366365360355648,-0.011277582500839656,-0.017617621021493224,-0.018078999464679835,0.02698032999915509,0.5892125304463629
2030,2019-02-25,0.594556778157298,0.5916158880502774,0.5922106665201907,0.5953054525003156,0.0838021869800969,0.007385783977676086,0.0024033576039145244,0.0060560378952951854,0.009132656765939107,-0.0956082665866386,0.5916158880502774
2031,2019-02-26,0.5904944959102402,0.5862543212424308,0.5876227056711175,0.5880364674060491,0.107527978252572,-0.004062282247057847,-0.005361566807846607,-0.004587960849073203,-0.007268985094266545,0.023725791272475108,0.5862543212424308
2032,2019-02-27,0.5856937771022995,0.5832962462767891,0.5845028920915784,0.5878501575147211,0.1139700419273162,-0.00480071880794064,-0.0029580749656417105,-0.0031198135795391657,-0.0001863098913279515,0.006442063674744203,0.5832962462767891
2033,2019-02-28,0.5816316595278928,0.5803383055494378,0.5810161999025093,0.5846817051381462,0.1001011033964331,-0.004062117574406776,-0.002957940727351338,-0.0034866921890690517,-0.003168452376574926,-0.013868938530883099,0.5803383055494378
2034,2019-03-01,0.5784925950218988,0.5805230174369275,0.578997340748039,0.5837496920207548,0.1095471325386858,-0.0031390645059939937,0.0001847118874896969,-0.0020188591544703094,-0.0009320131173914392,0.00944602914225269,0.5805230174369275
2035,2019-03-04,0.5820008906456017,0.5820021891580387,0.5791809671096809,0.5837497792740023,0.0684356361792822,0.0035082956237029173,0.0014791717211112276,0.0001836263616419309,8.725324751601704e-08,-0.0411114963594036,0.5820021891580387
2036,2019-03-05,0.5812623558858698,0.5820021891580387,0.5784468750408469,0.5835633740895221,0.080017365309589,-0.0007385347597318459,0.0,-0.0007340920688340136,-0.00018640518448020948,0.011581729130306806,0.5820021891580387
2037,2019-03-06,0.5814468932453354,0.5790440247002034,0.5786303526414639,0.5837497165054222,0.0803524342026671,0.00018453735946555305,-0.002958164457835255,0.00018347760061698803,0.00018634241590009815,0.0003350688930781054,0.5790440247002034
2038,2019-03-07,0.577938699768734,0.5762708406064385,0.5760611467386273,0.5805812536140436,0.0812032178268305,-0.0035081934766013623,-0.0027731840937649244,-0.002569205902836602,-0.0031684628913786206,0.0008507836241633954,0.5762708406064385
2039,2019-03-08,0.5729533260441563,0.5720186637759495,0.573308425520938,0.5749898210121521,0.1325445131740348,-0.004985373724577746,-0.004252176830489063,-0.0027527212176893245,-0.005591432601891433,0.05134129534720429,0.5720186637759495
2040,2019-03-11,0.5712914695094953,0.5771952054736289,0.5744094778089605,0.5753625108354908,0.0476613648084425,-0.0016618565346609993,0.005176541697679449,0.001101052288022486,0.00037268982333871215,-0.0848831483655923,0.5771952054736289
2041,2019-03-12,0.5834780880657472,0.586809038604158,0.5848700220746241,0.5882229502622508,0.0607290516384868,0.012186618556251916,0.009613833130529104,0.010460544265663674,0.012860439426759962,0.0130676868300443,0.586809038604158
2042,2019-03-13,0.5829240733939299,0.5805230174369275,0.5811995494192912,0.582444992434978,0.0524164294476025,-0.00055401467181726,-0.006286021167230538,-0.0036704726553329348,-0.0057779578272727505,-0.0083126221908843,0.5805230174369275
2043,2019-03-14,0.583478131780349,0.5803383055494378,0.580649120242164,0.5839362208643186,0.0643244865433418,0.0005540583864190873,-0.0001847118874896969,-0.0005504291771272207,0.0014912284293405742,0.011908057095739305,0.5803383055494378
2044,2019-03-15,0.5820009121755882,0.5895822674440198,0.5852370635105295,0.5867319426542601,0.1502390643711048,-0.001477219604760771,0.009243961894581987,0.004587943268365535,0.0027957217899414744,0.08591457782776299,0.5895822674440198
2045,2019-03-18,0.5904944807172428,0.5890275053361957,0.587255610977098,0.5906458513932475,0.0574745129118069,0.008493568541654506,-0.0005547621078240139,0.0020185474665684877,0.003913908738987448,-0.09276455145929789,0.5890275053361957
2046,2019-03-19,0.5888328073526138,0.5908764588010605,0.5868887291658964,0.5925097617074043,0.0489579357425272,-0.0016616733646289683,0.0018489534648647998,-0.00036688181120159147,0.0018639103141567803,-0.008516577169279699,0.5908764588010605
2047,2019-03-20,0.5880941090511099,0.5956832187549864,0.5923941553681639,0.5936279595753681,0.0891312392013123,-0.0007386983015038595,0.0048067599539258765,0.0055054262022674605,0.0011181978679637439,0.0401733034587851,0.5956832187549864
2048,2019-03-22,0.5978803826030408,0.6017843043042433,0.5975327115314347,0.5992194787319794,0.1050717775841824,0.009786273551930846,0.006101085549256924,0.005138556163270858,0.00559151915661138,0.0159405383828701,0.6017843043042433
2049,2019-03-25,0.5901252706328498,0.5881031852151021,0.5868886555269133,0.5891548038204857,0.0887699475252977,-0.007755111970190964,-0.01368111908914127,-0.010644056004521452,-0.010064674911493765,-0.016301830058884706,0.5881031852151021
2050,2019-03-26,0.5927103043710024,0.5999354850776689,0.5971656349397606,0.5960510032597782,0.0982742495185205,0.0025850337381525534,0.011832299862566842,0.010276979412847331,0.0068961994392925385,0.009504301993222802,0.5999354850776689
2051,2019-03-27,0.6035037567578577,0.5978615034921196,0.6022513479959819,0.599678934163787,0.0921118955284327,0.010793452386855362,-0.0020739815855492783,0.005085713056221297,0.0036279309040088137,-0.006162353990087799,0.5978615034921196
2052,2019-03-28,0.5918290644561848,0.5839095362791956,0.5912094687586013,0.5863738976007846,0.0767773947956516,-0.011674692301672951,-0.013951967212924021,-0.011041879237380647,-0.013305036563002415,-0.0153345007327811,0.5839095362791956
2053,2019-03-29,0.5844853332488729,0.5795730578023813,0.5833491298848211,0.5842830488778238,0.1121694108323402,-0.00734373120731191,-0.004336478476814287,-0.007860338873780126,-0.0020908487229608363,0.035392016036688595,0.5795730578023813
2054,2019-04-01,0.5852385770429175,0.5876803346005727,0.5874664890374877,0.589605122130249,0.0793734503063695,0.0007532437940446224,0.008107276798191343,0.004117359152666533,0.005322073252425175,-0.0327959605259707,0.5876803346005727
2055,2019-04-02,0.5912641874888623,0.5884345300617254,0.5887765101511603,0.5920760998164774,0.0478157878635133,0.006025610445944851,0.0007541954611527402,0.0013100211136726214,0.0024709776862283928,-0.031557662442856196,0.5884345300617254
2056,2019-04-03,0.5859918899676259,0.5893772855746907,0.5855950449353664,0.5899853318052221,0.057538613047874,-0.00527229752123648,0.0009427555129652987,-0.003181465215793877,-0.002090768011255295,0.009722825184360698,0.5893772855746907
2057,2019-04-04,0.5912641870594841,0.5916396929737621,0.589525135916345,0.5943569703059994,0.0502253702511268,0.00527229709185828,0.0022624073990713534,0.003930090980978629,0.004371638500777375,-0.0073132427967472005,0.5916396929737621
2058,2019-04-05,0.5916408623828265,0.5959761267044795,0.5927067052905237,0.596637869405322,0.0700585350787994,0.0003766753233424014,0.004336433730717459,0.0031815693741786832,0.0022808990993226086,0.019833164827672604,0.5959761267044795
2059,2019-04-08,0.597666462204252,0.5959761267044795,0.594765410283668,0.5994889581893446,0.0470990317965811,0.006025599821425476,0.0,0.0020587049931443113,0.002851088784022515,-0.022959503282218303,0.5959761267044795
2060,2019-04-09,0.5908875980568453,0.5876803346005727,0.5876535941798138,0.5911256795137952,0.0640068995055548,-0.0067788641474066935,-0.008295792103906852,-0.0071118161038542516,-0.008363278675549313,0.0169078677089737,0.5876803346005727
2061,2019-04-10,0.581849252107852,0.5776877705069348,0.5797933465385223,0.5818122226948076,0.0733392965884159,-0.009038345948993332,-0.009992564093637912,-0.007860247641291451,-0.009313456818987653,0.0093323970828611,0.5776877705069348
2062,2019-04-11,0.5743171757749198,0.5771220903514976,0.5736173437715977,0.5768702993154239,0.0825726298246278,-0.0075320763329321805,-0.0005656801554371205,-0.006176002766924649,-0.004941923379383706,0.009233333236211907,0.5771220903514976
2063,2019-04-12,0.5737522632331671,0.5731627319783081,0.5709972101904728,0.5745894178979644,0.1040869664027877,-0.0005649125417527268,-0.003959358373189503,-0.002620133581124895,-0.0022808814174595238,0.02151433657815989,0.5731627319783081
2064,2019-04-15,0.5745055365910636,0.5767451044861631,0.575301738784744,0.5797214603016247,0.0902966962207142,0.0007532733578965445,0.0035823725078549806,0.0043045285942712175,0.005132042403660386,-0.013790270182073489,0.5767451044861631
2065,2019-04-16,0.5743171972337965,0.5701461291180839,0.5713715550100751,0.5738291362347581,0.1286198366611987,-0.00018833935726714213,-0.006598975368079185,-0.003930183774668916,-0.005892324066866683,0.03832314044048449,0.5701461291180839
2066,2019-04-17,0.5677266153691167,0.5693919336569312,0.5680027944072229,0.5715482195659135,0.1177985682360516,-0.0065905818646797565,-0.0007541954611527402,-0.0033687606028521833,-0.002280916668844557,-0.010821268425147093,0.5693919336569312
2067,2019-04-18,0.5686681206613796,0.5645841445427795,0.5674413322156192,0.567936842557473,0.1368188267926914,0.0009415052922628897,-0.004807789114151695,-0.0005614621916036899,-0.0036113770084404972,0.019020258556639788,0.5645841445427795
2068,2019-04-19,0.5682916143084352,0.563453007962389,0.5661313596821249,0.5672716833029977,0.0839886601032012,-0.0003765063529443946,-0.001131136580390546,-0.0013099725334942969,-0.0006651592544753004,-0.052830166689490185,0.563453007962389
2069,2019-04-22,0.5630191093217054,0.5693919336569312,0.5655698107119758,0.566606355834197,0.0774358780116137,-0.00527250498672982,0.005938925694542241,-0.0005615489701491505,-0.0006653274688006583,-0.0065527820915875085,0.5693919336569312
2070,2019-04-23,0.5660319502659455,0.5735398520819329,0.5696871933960367,0.5709780434142433,0.0932161660543161,0.003012840944240147,0.004147918425001729,0.004117382684060922,0.004371687580046246,0.0157802880427024,0.5735398520819329
2071,2019-04-24,0.5765767468757413,0.5703345996777028,0.5734301328733071,0.5732588598477019,0.0988919417388036,0.010544796609795792,-0.0032052524042300856,0.003742939477270446,0.0022808164334585657,0.005675775684487502,0.5703345996777028
2072,2019-04-25,0.5679149356744009,0.5695804937087435,0.5665056073271755,0.5704078153527524,0.0790587769111309,-0.008661811201340464,-0.0007541059689593066,-0.006924525546131655,-0.0028510444949494396,-0.019833164827672695,0.5695804937087435
2073,2019-04-26,0.5679148531314195,0.5761793348385323,0.5726815019710725,0.5730687598488476,0.1117498463053555,-8.25429813389178e-08,0.006598841129788813,0.006175894643897006,0.002660944496095219,0.0326910693942246,0.5761793348385323
2074,2019-05-07,0.569797912990055,0.5630757983665706,0.5676284598076721,0.5664162385959399,0.1493358351810683,0.0018830598586354608,-0.013103536471961719,-0.005053042163400412,-0.006652521252907717,0.037585988875712795,0.5630757983665706
2075,2019-05-08,0.5541690317898015,0.5522348035319705,0.552095017307852,0.554156645945416,0.1488987887987926,-0.01562888120025352,-0.010840994834600104,-0.015533442499820027,-0.012259592650523898,-0.0004370463822757076,0.5522348035319705
2076,2019-05-09,0.5505912969657565,0.5661867707448945,0.5782961145459384,0.5451281769416798,0.379475719159822,-0.003577734824044998,0.013951967212924021,0.02620109723808639,-0.009028469003736217,0.2305769303610294,0.5661867707448945
2077,2019-05-10,0.5460720392867607,0.5362088099874004,0.5507848992529891,0.5371450884268901,0.5684691430685901,-0.004519257678995747,-0.02997796075749415,-0.02751121529294931,-0.007983088514789682,0.1889934239087681,0.5362088099874004
2078,2019-05-13,0.536657051517063,0.538377071598856,0.5378715506471532,0.5387607526029189,0.2439534633012152,-0.009414987769697736,0.0021682616114555575,-0.012913348605835928,0.0016156641760287638,-0.3245156797673749,0.538377071598856
2079,2019-05-14,0.530631363924122,0.5452587528063634,0.5431117087863613,0.5343890527302659,0.2273923190555136,-0.006025687592940976,0.0068816812075074285,0.005240158139208084,-0.0043716998726529566,-0.016561144245701598,0.5452587528063634
2080,2019-05-15,0.5446598622413252,0.5463900683711409,0.5441411342559863,0.5446530448192487,0.1655735651038859,0.014028498317203209,0.0011313155647775242,0.0010294254696250338,0.010263992088982765,-0.0618187539516277,0.5463900683711409
2081,2019-05-16,0.543059237912687,0.5456358729099882,0.5420824182949738,0.5448430604996621,0.1341441029331639,-0.0016006243286382782,-0.0007541954611527402,-0.0020587159610124806,0.00019001568041343564,-0.03142946217072201,0.5456358729099882
2082,2019-05-17,0.546542849773323,0.553177514298839,0.5512528357474497,0.5491197310244437,0.1180782779207081,0.00348361186063606,0.007541641388850828,0.00917041745247582,0.004276670524781534,-0.016065825012455792,0.553177514298839
2083,2019-05-20,0.5498381589343634,0.5529890437392201,0.5505978886700408,0.5536815317375001,0.0874267583104369,0.0032953091610403717,-0.0001884705596189029,-0.0006549470774088739,0.004561800713056452,-0.030651519610271197,0.5529890437392201
2084,2019-05-21,0.548708222346417,0.5396025329512494,0.5460125493057477,0.5431323707386628,0.1821463639197816,-0.0011299365879463563,-0.013386510787970707,-0.004585339364293062,-0.010549160998837293,0.09471960560934468,0.5396025329512494
2085,2019-05-22,0.5389166962215868,0.5428078301015763,0.5402109838818062,0.5405664900123042,0.1315393064948006,-0.009791526124830252,0.0032052971503269134,-0.0058015654239415015,-0.0025658807263586603,-0.05060705742498098,0.5428078301015763
2086,2019-05-23,0.5366570402876196,0.5352661439666287,0.5359064554801118,0.5385706803417742,0.1326115269526503,-0.002259655933967153,-0.007541686134947545,-0.004304528401694374,-0.0019958096705299244,0.0010722204578496874,0.5352661439666287
2087,2019-05-24,0.5271477898882878,0.5375285513657001,0.5342220210848505,0.5270712013899294,0.1544172277856608,-0.009509250399331814,0.0022624073990713534,-0.001684434395261336,-0.011499478951844888,0.021805700833010505,0.5375285513657001
2088,2019-05-27,0.5367511935684789,0.5412994391792707,0.5399302015308453,0.5417068694076658,0.0798163239737422,0.00960340368019108,0.0037708878135706003,0.005708180445994748,0.014635668017736414,-0.0746009038119186,0.5412994391792707
2089,2019-05-28,0.5407996228606086,0.5382827915729497,0.5415209592309387,0.5426572308437919,0.1221632047737119,0.004048429292129674,-0.0030166476063210323,0.0015907577000934259,0.0009503614361261459,0.04234688079996969,0.5382827915729497
2090,2019-05-29,0.5329851871685269,0.5360203394277816,0.5327248904635546,0.5338188880808148,0.147066107635783,-0.007814435692081623,-0.00226245214516807,-0.008796068767384035,-0.008838342762977125,0.024902902862071113,0.5360203394277816
2091,2019-05-30,0.5351506614674487,0.540356773158499,0.5376844385480264,0.5388558278907435,0.1228362562024165,0.002165474298921777,0.004336433730717348,0.004959548084471743,0.005036939809928698,-0.024229851433366506,0.540356773158499
2092,2019-05-31,0.5354330904234581,0.5341349178940447,0.5353450192131849,0.537715370043703,0.1426373709620556,0.000282428956009384,-0.00622185526445429,-0.002339419334841497,-0.0011404578470405324,0.019801114759639082,0.5341349178940447
2093,2019-06-03,0.5264887543395349,0.5354546592723444,0.5322569661207988,0.5306826318413179,0.1236608170436434,-0.008944336083923199,0.0013197413782997103,-0.003088053092386134,-0.007032738202385036,-0.018976553918412187,0.5354546592723444
2094,2019-06-04,0.5356213938839033,0.5386598669304777,0.5361871777898161,0.5396160639902082,0.1385058258282757,0.009132639544368382,0.003205207658133369,0.003930211669017303,0.008933432148890308,0.014845008784632296,0.5386598669304777
2095,2019-06-05,0.5442832337424922,0.5482754451587811,0.54563830269118,0.5475991312576914,0.1277603121093898,0.008661839858588927,0.00961557822830339,0.009451124901363905,0.007983067267483213,-0.010745513718885907,0.5482754451587811
2096,2019-06-06,0.5470135728188196,0.5427135053295733,0.5451704271292206,0.5471239514885388,0.1025165130691436,0.0027303390763273594,-0.005561939829207829,-0.0004678755619593744,-0.00047517976915267823,-0.025243799040246193,0.5427135053295733
2097,2019-06-07,0.5441890286497354,0.5458243882157038,0.5438603492128686,0.5477891835283525,0.0853813812413865,-0.0028245441690841755,0.003110882886130484,-0.0013100779163519594,0.0006652320398137235,-0.017135131827757097,0.5458243882157038
2098,2019-06-10,0.5459779537558561,0.5480869298530655,0.5455447636244589,0.5483594584195995,0.1162718195406351,0.00178892510612072,0.0022625416373617258,0.0016844144115902848,0.0005702748912470579,0.030890438299248604,0.5480869298530655
2099,2019-06-11,0.545318905531693,0.5485582852364996,0.5447961531384428,0.5494999099403609,0.1068374449685763,-0.0006590482241630724,0.0004713553834341244,-0.0007486104860161547,0.0011404515207613652,-0.009434374572058798,0.5485582852364996
2100,2019-06-12,0.5449423416378709,0.5475213391898218,0.5455447940376651,0.5490247199195113,0.1009810234460815,-0.00037656389382212385,-0.0010369460466778113,0.0007486408992223303,-0.00047519002084961404,-0.005856421522494812,0.5475213391898218
2101,2019-06-13,0.5443774201940743,0.540356773158499,0.5416146066544065,0.5414218080235566,0.1370344363412808,-0.0005649214437966066,-0.007164566031322872,-0.003930187383258565,-0.007602911895954745,0.0360534128951993,0.540356773158499
2102,2019-06-14,0.5398582113767135,0.5428078301015763,0.5420824811112291,0.5449381715396752,0.1204004510318665,-0.004519208817360787,0.0024510569430773455,0.0004678744568226145,0.0035163635161186146,-0.01663398530941429,0.5428078301015763
2103,2019-06-17,0.5384458838790707,0.5424306652518548,0.5403044642159109,0.5434175064254109,0.091645712720672,-0.0014123274976428624,-0.00037716484972150077,-0.0017780168953182018,-0.0015206651142642968,-0.028754738311194503,0.5424306652518548
2104,2019-06-18,0.5417411244614471,0.5368687254226471,0.5386200964119532,0.5399961897157344,0.121903890586895,0.003295240582376402,-0.005561939829207718,-0.0016843678039577537,-0.003421316709676492,0.030258177866223007,0.5368687254226471
2105,2019-06-19,0.5432476485046656,0.5473328238841062,0.5445154549363617,0.5449381955583561,0.153345007327811,0.0015065240432184934,0.010464098461459126,0.005895358524408478,0.004942005842621722,0.031441116740916,0.5473328238841062
2106,2019-06-20,0.5434358256763708,0.5443160420394949,0.5425502588715075,0.5456983618700352,0.1127026074187166,0.0001881771717052727,-0.0030167818446112937,-0.0019651960648541245,0.000760166311679078,-0.04064239990909441,0.5443160420394949
2107,2019-06-21,0.5441889267282125,0.5451643832882636,0.5454510177626813,0.548169202816621,0.1903395267661772,0.0007531010518416759,0.000848341248768647,0.0029007588911738047,0.002470840946585784,0.07763691934746059,0.5451643832882636
2108,2019-06-24,0.5420236882929781,0.5438448208943509,0.5434861426675464,0.546268698398093,0.0747582405095378,-0.002165238435234418,-0.001319562393912621,-0.001964875095134988,-0.0019005044185279596,-0.11558128625663938,0.5438448208943509
2109,2019-06-25,0.5426826850249195,0.5392255023398181,0.5395559073076037,0.5427522760312544,0.1055437876770402,0.0006589967319413637,-0.004619318554532792,-0.003930235359942635,-0.0035164223668385786,0.030785547167502397,0.5392255023398181
2110,2019-06-26,0.5368454136146539,0.5371516549925591,0.5368423052504112,0.5402814182833053,0.0918117903459367,-0.0058372714102655765,-0.002073847347259017,-0.00271360205719251,-0.0024708577479490845,-0.013731997331103502,0.5371516549925591
2111,2019-06-27,0.5347739619037538,0.5402624036403992,0.5382457692576983,0.5387606579948752,0.0832398539682354,-0.002071451710900063,0.0031107486478401114,0.0014034640072870808,-0.0015207602884301785,-0.008571936377701303,0.5402624036403992
2112,2019-06-28,0.5373160560236718,0.5354546592723444,0.5349706417615739,0.5367649309341165,0.1363846940529642,0.0025420941199180147,-0.004807744368054867,-0.0032751274961243526,-0.0019957270607586786,0.05314484008472879,0.5354546592723444
2113,2019-07-01,0.5427767980758945,0.5487468005422153,0.5451704184919235,0.5466487729529108,0.1700897110540684,0.005460742052222689,0.013292141269870883,0.010199776730349552,0.009883842018794331,0.033705017001104204,0.5487468005422153
2114,2019-07-02,0.5486141360823603,0.5562883971849694,0.5543407913883849,0.5528261132582423,0.1469466482912943,0.005837338006465798,0.0075415966427541115,0.009170372896461387,0.006177340305331458,-0.023143062762774086,0.5562883971849694
2115,2019-07-03,0.5509678968198489,0.5491238758997433,0.5478841119205242,0.5506403149405951,0.1342169439968766,0.0023537607374886083,-0.007164521285226044,-0.00645667946786066,-0.002185798317647203,-0.01272970429441772,0.5491238758997433
2116,2019-07-04,0.5504971211417589,0.5539316202677982,0.5505977867642998,0.5550119257288646,0.081512063936972,-0.00047077567809006293,0.004807744368054867,0.002713674843775604,0.004371610788269531,-0.05270488005990459,0.5539316202677982
2117,2019-07-05,0.550779567695272,0.5565711925165912,0.5533114580116527,0.555297030054641,0.0948594604516728,0.0002824465535131715,0.002639572248792965,0.002713671247352889,0.00028510432577644185,0.013347396514700807,0.5565711925165912
2118,2019-07-08,0.5558637056417478,0.5544972556771387,0.5553701475160772,0.5586233423556732,0.1274835160672818,0.005084137946475775,-0.0020739368394524504,0.002058689504424449,0.003326312301032197,0.03262405561560901,0.5544972556771387
2119,2019-07-09,0.5545456121416583,0.5544972556771387,0.5544343818623048,0.5582431855822225,0.1055700104599767,-0.00131809350008949,0.0,-0.0009357656537724024,-0.00038015677345071275,-0.02191350560730511,0.5544972556771387
2120,2019-07-10,0.552285972723625,0.5527061141693079,0.5505041833331836,0.5555821267320444,0.1219942135058986,-0.00225963941803331,-0.0017911415078307735,-0.003930198529121132,-0.0026610588501780885,0.016424203045921903,0.5527061141693079
2121,2019-07-11,0.552191816101,0.5508206926355711,0.5513463673077487,0.5531112000814193,0.1441349832319871,-9.4156622625019e-05,-0.0018854215337368307,0.0008421839745650361,-0.0024709266506250938,0.022140769726088486,0.5508206926355711
2122,2019-07-12,0.5536041211379173,0.5566655172885941,0.5535922271095847,0.5575779441578794,0.1178714092997643,0.0014123050369173606,0.005844824653023051,0.002245859801836003,0.004466744076460083,-0.026263573932222797,0.5566655172885941
2123,2019-07-16,0.555487151162223,0.5543087851175198,0.553592261295086,0.5584333053172583,0.0995766477377022,0.0018830300243056763,-0.0023567321710743494,3.418550131861764e-08,0.0008553611593788979,-0.018294761562062098,0.5543087851175198
2124,2019-07-17,0.5517210578322703,0.5536487801900797,0.5530307068023098,0.5553920528895104,0.0918613222692613,-0.003766093329952702,-0.0006600049274401165,-0.0005615544927761729,-0.003041252427747887,-0.007715325468440892,0.5536487801900797
2125,2019-07-18,0.5498381172876379,0.5412052038994613,0.5470419577451836,0.544082834996764,0.1713688001328621,-0.0018829405446324499,-0.01244357629061843,-0.005988749057126208,-0.011309217892746415,0.0795074778636008,0.5412052038994613
2126,2019-07-19,0.5405171609257653,0.5508206926355711,0.5475097865615514,0.5440827642585193,0.1314489835757969,-0.009320956361872579,0.009615488736109845,0.00046782881636775464,-7.073824470626988e-08,-0.039919816557065196,0.5508206926355711
2127,2019-07-22,0.5515328542608087,0.5514806975630112,0.552095061457814,0.5548219560052452,0.0933938982497749,0.011015693335043375,0.0006600049274401165,0.004585274896262592,0.010739191746725885,-0.038055085326022,0.5514806975630112
2128,2019-07-23,0.5490848365615772,0.5536487801900797,0.5516270755667708,0.551400528895438,0.1048590816781415,-0.0024480176992314195,0.0021680826270684683,-0.00046798589104313226,-0.0034214271098071958,0.011465183428366596,0.5536487801900797
2129,2019-07-24,0.5545455479690473,0.5558169970554384,0.5520949209730238,0.5572927465597413,0.1077989470095829,0.005460711407470065,0.0021682168653587297,0.000467845406252998,0.0058922176643032564,0.002939865331441402,0.5558169970554384
2130,2019-07-25,0.5553929036311523,0.5548742862885699,0.5544343202485057,0.5592885110518083,0.1023533490864273,0.0008473556621050315,-0.0009427107668684709,0.0023393992754818793,0.0019957644920670647,-0.00544559792315559,0.5548742862885699
2131,2019-07-26,0.5510620472919909,0.5560998818792537,0.5529371735426397,0.5558672765790027,0.0911562207725231,-0.004330856339161415,0.0012255955906838034,-0.0014971467058659815,-0.003421234472805623,-0.011197128313904209,0.5560998818792537
2132,2019-07-29,0.5553930233192831,0.5559113665735381,0.5534051213913183,0.5583382917516282,0.0721767532115625,0.004330976027292155,-0.0001885153057156197,0.00046794784867854045,0.0024710151726254903,-0.018979467560960597,0.5559113665735381
2133,2019-07-30,0.5564285710874577,0.5577966986150814,0.5575223340582768,0.5596686930706574,0.0881172915944326,0.001035547768174605,0.0018853320415432862,0.004117212666958525,0.001330401319029173,0.0159405383828701,0.5577966986150814
2134,2019-07-31,0.5526625383383919,0.5536487801900797,0.5526563937167192,0.5573878148865468,0.0947458283922811,-0.0037660327490658396,-0.004147918425001729,-0.0048659403415576286,-0.002280878184110602,0.0066285367978485,0.5536487801900797
2135,2019-08-01,0.5470136031691557,0.543750496122348,0.548632759724029,0.5437977229294219,0.1923208036991605,-0.005648935169236147,-0.009898284067731633,-0.004023633992690123,-0.013590091957124906,0.09757497530687939,0.543750496122348
2136,2019-08-02,0.5291250030482259,0.5241422643082133,0.5279525129319924,0.5246953730325781,0.3397715121513462,-0.017888600120929854,-0.019608231814134736,-0.020680246792036616,-0.019102349896843784,0.14745070845218572,0.5241422643082133
2137,2019-08-05,0.5185801564231832,0.5098131769916644,0.5159748750221921,0.5103448860076353,0.2623822524205085,-0.010544846625042625,-0.014329087316548916,-0.011977637909800332,-0.014350487024942793,-0.07738925973083771,0.5098131769916644
2138,2019-08-06,0.4903350772496503,0.5109444478103453,0.5086760205426835,0.4940937077357386,0.2065277247656703,-0.028245079173532917,0.0011312708186809184,-0.007298854479508621,-0.016251178271896705,-0.0558545276548382,0.5109444478103453
2139,2019-08-07,0.5099183259742365,0.5034028064214945,0.5068044859152419,0.5055930738424289,0.1814325214953979,0.019583248724586166,-0.007541641388850828,-0.0018715346274416067,0.011499366106690334,-0.025095203270272398,0.5034028064214945
2140,2019-08-08,0.5027629184178726,0.5012346343022325,0.5024064491113666,0.5048327912494102,0.1554894482435106,-0.007155407556363902,-0.002168172119262013,-0.004398036803875294,-0.0007602825930187462,-0.0259430732518873,0.5012346343022325
2141,2019-08-09,0.504645885363481,0.5001033634835517,0.5019385548133999,0.5011263471704064,0.1658416202183483,0.0018829669456084108,-0.0011312708186808074,-0.0004678942979666756,-0.003706444079003779,0.010352171974837704,0.5001033634835517
2142,2019-08-13,0.4933479423156354,0.493975877737197,0.4916453690725208,0.4953292564824614,0.1567481418244647,-0.011297943047845593,-0.006127485746354688,-0.010293185740879063,-0.0057970906879449835,-0.009093478393883608,0.493975877737197
2143,2019-08-14,0.4979612378912684,0.4989721374109676,0.4966983588161043,0.4990355881819057,0.12937738372381,0.004613295575633003,0.004996259673770598,0.00505298974358348,0.0037063316994442874,-0.027370758100654702,0.4989721374109676
2144,2019-08-15,0.484874354302282,0.4892623239028548,0.4862179275686449,0.4860156203698658,0.2191612788559873,-0.013086883588986409,-0.009709813508112786,-0.010480431247459399,-0.013019967812039901,0.0897838951321773,0.4892623239028548
2145,2019-08-16,0.4864749162858994,0.4912419807164011,0.489118760026873,0.4886766310979555,0.1322152715660537,0.00160056198361741,0.0019796568135463377,0.0029008324582280864,0.002661010728089719,-0.0869460072899336,0.4912419807164011
2146,2019-08-19,0.4890168784191236,0.4847372406281314,0.487247131467289,0.4869658806304615,0.2224420403656038,0.002541962133224218,-0.006504740088269734,-0.0018716285595840043,-0.0017107504674940266,0.0902267687995501,0.4847372406281314
2147,2019-08-20,0.4839327709090785,0.4902991804573391,0.4870600030067685,0.4869658915585277,0.1540559361096461,-0.005084107510045122,0.005561939829207718,-0.00018712846052049148,1.0928066229709543e-08,-0.0683861042559577,0.4902991804573391
2148,2019-08-21,0.4848743622017862,0.4840774594311751,0.4821006279825736,0.4868709549909358,0.1499943183970304,0.0009415912927077108,-0.006221721026164029,-0.004959375024194912,-9.493656759190783e-05,-0.004061617712615706,0.4840774594311751
2149,2019-08-22,0.4824264348374348,0.4837946193534564,0.4812584197837678,0.4857304897877454,0.1385903214621823,-0.002447927364351399,-0.00028284007771867126,-0.0008422081988057606,-0.0011404652031903884,-0.011403996934848087,0.4837946193534564
2150,2019-08-23,0.4812966426778055,0.4860571162447214,0.4834106553159161,0.485730502036973,0.129412347434392,-0.001129792159629328,0.002262496891265009,0.0021522355321482722,1.224922757669944e-08,-0.009177974027790303,0.4860571162447214
2151,2019-08-26,0.4745177328208433,0.4810607223326605,0.4786382239121698,0.4789828518623812,0.1452101173323854,-0.0067789098569621675,-0.004996393912060915,-0.00477243140374628,-0.006747650174591779,0.01579776989799339,0.4810607223326605
2152,2019-08-27,0.4829913230142477,0.4816264024880977,0.4811648190175833,0.4848751491106914,0.1335380652830749,0.008473590193404379,0.000565680155437176,0.002526595105413476,0.0058922972483101965,-0.011672052049310488,0.4816264024880977
2153,2019-08-28,0.4809200049522973,0.4791753902911172,0.4798547757810733,0.4830694840234942,0.1295784250596568,-0.002071318061950378,-0.002451012196980462,-0.0013100432365100168,-0.0018056650871972058,-0.003959640223418104,0.4791753902911172
2154,2019-08-29,0.4775305795828274,0.4785154748558706,0.4756438692701391,0.4790779471496461,0.1679073927852383,-0.0033894253694699006,-0.0006599154352466274,-0.004210906510934198,-0.003991536873848123,0.0383289677255815,0.4785154748558706
2155,2019-08-30,0.480355064134457,0.4873768576230211,0.4843463570346557,0.4845900024686183,0.1724847252289394,0.0028244845516295913,0.008861382767150483,0.008702487764516598,0.005512055318972198,0.004577332443701093,0.4873768576230211
2156,2019-09-02,0.4867573407256182,0.490016429871814,0.4872472020091684,0.4904823054711921,0.1049027863163691,0.006402276591161216,0.0026395722487929096,0.0029008449745127063,0.005892303002573818,-0.0675819389125703,0.490016429871814
2157,2019-09-03,0.4891111185439525,0.4909591853847793,0.4896802277898427,0.4921930009185314,0.1133989679878093,0.0023537778183342906,0.0009427555129652987,0.002433025780674336,0.0017106954473393166,0.0084961816714402,0.4909591853847793
2158,2019-09-04,0.4866631959818078,0.4880367730582677,0.4861243140497614,0.4899121049469671,0.150967475008231,-0.002447922562144711,-0.002922412326511581,-0.0035559137400812957,-0.002280895971564334,0.03756850702042169,0.4880367730582677
2159,2019-09-05,0.4900525821963089,0.4985007372814365,0.4958561539895997,0.4944738201558764,0.1818957906606101,0.003389386214501078,0.010463964223168809,0.009731839939838283,0.0045617152089093005,0.030928315652379107,0.4985007372814365
2160,2019-09-06,0.5023862805425914,0.5100017370434768,0.5064301786927599,0.5063533584397178,0.1918313117510117,0.012333698346282507,0.011500999762040331,0.010574024703160156,0.011879538283841473,0.009935521090401606,0.5100017370434768
2161,2019-09-09,0.5084119289403457,0.5105673724528172,0.5081145504749589,0.5130059247508464,0.1396392327796441,0.006025648397754324,0.0005656354093404037,0.0016843717821990456,0.006652566311128538,-0.0521920789713676,0.5105673724528172
2162,2019-09-10,0.5115189257046225,0.5198058753235926,0.5163492344864306,0.516142157733894,0.1799990093615335,0.003106996764276837,0.009238502870775323,0.008234684011471649,0.00313623298304766,0.04035977658188941,0.5198058753235926
2163,2019-09-11,0.5224403584382716,0.5289500981684617,0.5254260304115712,0.5258358624061528,0.1995437235769041,0.010921432733649095,0.009144222844869154,0.009076795925140657,0.009693704672258718,0.019544714215370573,0.5289500981684617
2164,2019-09-12,0.5310080108027805,0.5280073426554965,0.5281396987136734,0.5308727324896161,0.2024224024148269,0.008567652364508849,-0.0009427555129651877,0.002713668302102179,0.0050368700834633184,0.00287867883792281,0.5280073426554965
2165,2019-09-13,0.5271478850685876,0.5299870442151396,0.5274846867379241,0.5284018279292321,0.2471409882492796,-0.0038601257341929207,0.00197970155964311,-0.0006550119757492423,-0.002470904560384013,0.044718585834452707,0.5299870442151396
2166,2019-09-17,0.5310080078523285,0.5305526348783832,0.5316019635645649,0.5329635395745879,0.2075562405852925,0.003860122783740927,0.0005655906632435759,0.004117276826640759,0.004561711645355793,-0.03958474766398709,0.5305526348783832
2167,2019-09-18,0.5301606909662058,0.5264990412253844,0.5289819108184325,0.5306827049098133,0.1518357404876855,-0.0008473168861227176,-0.004053593652998844,-0.0026200527461324175,-0.002280834664774578,-0.05572050009760701,0.5264990412253844
2168,2019-09-19,0.5256414427422191,0.5247078997175537,0.5262681696726181,0.5289720205071824,0.1918109162531722,-0.004519248223986638,-0.0017911415078306625,-0.0027137411458143523,-0.001710684402630891,0.039975175765486703,0.5247078997175537
2169,2019-09-20,0.5252648816555728,0.520371510732933,0.5225252271466208,0.5236500165508364,0.3040444272215796,-0.0003765610866462987,-0.004336388984620743,-0.0037429425259973836,-0.0053220039563459665,0.11223351096840739,0.520371510732933
2170,2019-09-24,0.512178050631894,0.517072112541087,0.517378614301312,0.5166173890500722,0.2664176473501878,-0.013086831023678802,-0.0032993981918459925,-0.005146612845308707,-0.007032627500764277,-0.03762677987139179,0.517072112541087
2171,2019-09-25,0.515943952345642,0.5179204537898557,0.5153198529877335,0.518232904049062,0.1363439030572851,0.003765901713748021,0.000848341248768758,-0.0020587613135785165,0.0016155149989898199,-0.1300737442929027,0.5179204537898557
2172,2019-09-26,0.5140609015107132,0.5155636321265877,0.5151326582852995,0.5186130051803941,0.2550136504153397,-0.001883050834928901,-0.002356821663268005,-0.0001871947024340015,0.0003801011313321334,0.11866974735805458,0.5155636321265877
2173,2019-09-27,0.5166437059245985,0.5160463977646997,0.5164591323393235,0.5179045958141532,0.1750458170290752,0.0025828044138853645,0.0004827656381120038,0.001326474054023974,-0.0007084093662409474,-0.07996783338626448,0.5160463977646997
2174,2019-09-30,0.5128837825412419,0.5117990535126625,0.5106141958883363,0.5148877919722642,0.1566549052629125,-0.0037599233833566226,-0.004247344252037211,-0.005844936450987159,-0.0030168038418889598,-0.0183909117661627,0.5117990535126625
2175,2019-10-01,0.5145226676429612,0.5148879660652761,0.5129138107879612,0.5172233078595713,0.1462357195094591,0.0016388851017192785,0.0030889125526135652,0.0022996148996248245,0.0023355158873070714,-0.010419185753453408,0.5148879660652761
2176,2019-10-02,0.5080633970538557,0.5075517092606253,0.5056316219491168,0.5103140250428141,0.1793609216434109,-0.006459270589105448,-0.007336256804650776,-0.00728218883884435,-0.0069092828167571785,0.03312520213395179,0.5075517092606253
2177,2019-10-03,0.4998688960873552,0.5061038150611603,0.5028529583330578,0.5041832971514192,0.1767561252050476,-0.00819450096650054,-0.0014478941994650052,-0.0027786636160590517,-0.006130727891394905,-0.0026047964383632827,0.5061038150611603
2178,2019-10-04,0.5039179479335134,0.5068760431993137,0.5040985384067602,0.5077838922340171,0.1481499826638268,0.004049051846158225,0.0007722281381533636,0.001245580073702457,0.0036005950825979127,-0.02860614254122079,0.5068760431993137
2179,2019-10-07,0.50719571880055,0.5093857622752639,0.5082186903143542,0.5110925063426841,0.1077086240905793,0.0032777708670366223,0.002509719075950212,0.004120151907593961,0.0033086141086670073,-0.040441358573247516,0.5093857622752639
2180,2019-10-08,0.5086418726431322,0.5096754037596923,0.5078354596289683,0.5120657105274357,0.1504517602771456,0.0014461538425821763,0.00028964148442844895,-0.00038323068538592686,0.0009732041847515527,0.042743136186566305,0.5096754037596923
2181,2019-10-09,0.5047855430795102,0.5067794363763751,0.5040984731432423,0.5092435346611015,0.1217319856765332,-0.0038563295636220296,-0.0028959673833172106,-0.003736986485725957,-0.0028221758663341534,-0.028719774600612397,0.5067794363763751
2182,2019-10-10,0.5033395538199397,0.5090962550291257,0.5058233090318328,0.5074919971627068,0.1365944763164565,-0.0014459892595705126,0.002316818652750574,0.0017248358885905146,-0.0017515374983947396,0.014862490639923287,0.5090962550291257
2183,2019-10-11,0.5138477718314479,0.517590764548813,0.5145426681854164,0.5164447714409832,0.1408717035776616,0.010508218011508252,0.008494509519687332,0.008719359153583572,0.008952774278276454,0.004277227261205108,0.517590764548813
2184,2019-10-15,0.5205962403422523,0.520197045701605,0.5194293730817042,0.5231594160185462,0.1498602908397991,0.006748468510804351,0.002606281152791934,0.004886704896287841,0.006714644577562989,0.008988587262137498,0.520197045701605
2185,2019-10-16,0.522524465599732,0.5212589600702836,0.5213458239375249,0.5242299599514848,0.1337828112571493,0.0019282252574797099,0.0010619143686786403,0.001916450855820706,0.0010705439329385946,-0.016077479582649795,0.5212589600702836
2186,2019-10-17,0.5192465782817547,0.5169150537414046,0.519525222915679,0.5209212288623862,0.1167962751993659,-0.0032778873179772905,-0.004343906328879044,-0.0018206010218458912,-0.003308731089098571,-0.0169865360577834,0.5169150537414046
2187,2019-10-18,0.5161615637118743,0.5168185364106597,0.5144468691387178,0.5186830097501575,0.1256624894744663,-0.0030850145698804177,-9.65173307448941e-05,-0.0050783537769611975,-0.0022382191122287676,0.008866214275100384,0.5168185364106597
2188,2019-10-21,0.516450878915362,0.5219347156237888,0.518662980302547,0.5213105806587627,0.1126822119208771,0.00028931520348773887,0.005116179213129124,0.004216111163829139,0.0026275709086052146,-0.012980277553589187,0.5219347156237888
2189,2019-10-23,0.5207890764821926,0.5226102921929069,0.520100145212255,0.5240352756347038,0.1286140093761017,0.004338197566830626,0.000675576569118097,0.001437164909708022,0.0027246949759410777,0.015931797455224606,0.5226102921929069
2190,2019-10-24,0.5273447813721996,0.525892328899204,0.5258492500281046,0.5294848660255295,0.1157910685201318,0.006555704890007008,0.00328203670629712,0.0057491048158495595,0.005449590390825709,-0.012822940855969911,0.525892328899204
2191,2019-10-25,0.5252238469992255,0.5267611191141991,0.5239328916553829,0.5289983339146097,0.0925139782001264,-0.002120934372974115,0.0008687902149950855,-0.0019163583727216382,-0.00048653211091975734,-0.023277090320005397,0.5267611191141991
2192,2019-10-28,0.5268627708619597,0.5281125407290159,0.5252743884649026,0.5310419471584978,0.0749884182708696,0.0016389238627341207,0.0013514216148168279,0.001341496809519671,0.0020436132438881316,-0.017525559929256793,0.5281125407290159
2193,2019-10-29,0.5296586108890051,0.5328425163808749,0.5289154827403509,0.5340587113887737,0.1262947499074918,0.002795840027045471,0.004729975651858953,0.003641094275448342,0.003016764230275859,0.05130633163662218,0.5328425163808749
2194,2019-10-30,0.5338040281204062,0.5333251030345998,0.5305443289063441,0.5332801276410717,0.145583063578594,0.0041454172314010496,0.0004825866537249146,0.0016288461659931253,-0.0007785837477020108,0.019288313671102203,0.5333251030345998
2195,2019-10-31,0.5317794952935535,0.5336146997729314,0.5306401670099944,0.5355183794338315,0.1432434086121446,-0.0020245328268526652,0.00028959673833162114,9.58381036503253e-05,0.0022382517927598267,-0.0023396549664493893,0.5336146997729314
2196,2019-11-01,0.5272483603935544,0.5273402678447657,0.5264241556031963,0.5289983059559908,0.1368013449374004,-0.004531134899999123,-0.00627443192816568,-0.004216011406798059,-0.006520073477840671,-0.006442063674744203,0.5273402678447657
2197,2019-11-05,0.530333393644628,0.5289812861979143,0.5298736338458622,0.5317231367616108,0.2067141978887746,0.0030850332510735656,0.00164101835314856,0.0034494782426658377,0.0027248308056199155,0.0699128529513742,0.5289812861979143
2198,2019-11-06,0.5327435899416783,0.5482872133822331,0.5445338068334212,0.5354210693455642,0.3185631080407793,0.0024101962970503044,0.019305927184318783,0.014660172987559061,0.003697932583953456,0.11184891015200471,0.5482872133822331
2199,2019-11-07,0.5418058110305819,0.5413370706466589,0.5390721566377361,0.5393136139715637,0.2306789078502271,0.009062221088903644,-0.00695014273557415,-0.005461650195685119,0.0038925446259995278,-0.08788420019055221,0.5413370706466589
2200,2019-11-08,0.5475901400174262,0.5553337392102619,0.5512409459204002,0.552450914473308,0.2933921500642458,0.005784328986844334,0.013996668563602932,0.012168789282664072,0.01313730050174422,0.0627132422140187,0.5553337392102619
2201,2019-11-11,0.5536638268798741,0.5544650384874602,0.5540197553339115,0.5573166610286382,0.1652851144915839,0.0060736868624479134,-0.0008687007228016519,0.002778809413511274,0.00486574655533023,-0.1281070355726619,0.5544650384874602
2202,2019-11-12,0.5489399190203282,0.5556234254407871,0.5520076106526358,0.5524510118856312,0.1490065935730872,-0.004723907859545906,0.0011583869533269286,-0.0020121446812756405,-0.0048656491430070226,-0.016278520918496686,0.5556234254407871
2203,2019-11-13,0.5541458597092455,0.5533066962802301,0.5515284745633264,0.5572193462966063,0.1424800342644363,0.005205940688917221,-0.0023167291605570295,-0.00047913608930938434,0.004768334410975128,-0.006526559308650898,0.5533066962802301
2204,2019-11-14,0.5497111258527384,0.545198211337426,0.5464501189117957,0.5488503505918153,0.1267026598642825,-0.004434733856507056,-0.00810848494280414,-0.005078355651530697,-0.008368995704790994,-0.01577737440015381,0.545198211337426
2205,2019-11-15,0.5470117649273356,0.5517622400039234,0.5486539252853467,0.5511858878244623,0.1271280516763642,-0.002699360925402794,0.006564028666497412,0.0022038063735509983,0.0023355372326470114,0.0004253918120817046,0.5517622400039234
2206,2019-11-18,0.5475901356116986,0.5508934050428315,0.5471207908844811,0.5520616426283574,0.1081981160387281,0.0005783706843629499,-0.0008688349610919133,-0.0015331344008656655,0.0008757548038951235,-0.018929935637636106,0.5508934050428315
2207,2019-11-19,0.5514464323218924,0.5502177389815198,0.548941361022758,0.5536187285645607,0.0755390967125371,0.0038562967101938295,-0.0006756660613116416,0.0018205701382769668,0.0015570859362032952,-0.032659019326191,0.5502177389815198
2208,2019-11-20,0.5462405061255183,0.5462600809600078,0.5455877791028809,0.5489476987937162,0.1013219196242566,-0.0052059261963740555,-0.003957658021512045,-0.0033535819198771133,-0.004671029770844548,0.025782822911719502,0.5462600809600078
2209,2019-11-21,0.5433482849949356,0.5471288264289061,0.5441504895386936,0.5449577859390913,0.117708245317048,-0.0028922211305827394,0.0008687454688983687,-0.0014372895641873162,-0.003989912854624911,0.0163863256927914,0.5471288264289061
2210,2019-11-22,0.5498075926408087,0.5483837307129781,0.5476958128669263,0.5515751998969237,0.1109194581790316,0.0064593076458731025,0.0012549042840719338,0.0035453233282326524,0.006617413957832441,-0.006788787138016408,0.5483837307129781
2211,2019-11-25,0.5504823847902655,0.5577470304476605,0.5536364512725096,0.5550784330145768,0.1302135991352309,0.0006747921494567599,0.009363299734682418,0.005940638405583343,0.003503233117653104,0.0192941409561993,0.5577470304476605
2212,2019-11-26,0.5610871428449444,0.555719942771532,0.5601520946693206,0.5595548786408757,0.1809226340494095,0.010604758054678975,-0.0020270876761284695,0.006515643396810988,0.004476445626298897,0.05070903491417861,0.555719942771532
2213,2019-11-27,0.5550135541563412,0.557843637270599,0.5550737866817941,0.559262972249618,0.0950634154300682,-0.006073588688603193,0.0021236944990670192,-0.005078307987526509,-0.00029190639125775686,-0.0858592186193413,0.557843637270599
2214,2019-11-28,0.5575200025386393,0.5569747575634104,0.5547862183142981,0.5584843578564893,0.0743532441952956,0.0025064483822980765,-0.0008688797071886301,-0.0002875683674959939,-0.0007786143931286515,-0.020710171234772604,0.5569747575634104
2215,2019-11-29,0.5561704009503543,0.5533066962802301,0.5537323122691092,0.5569274046140134,0.1167525705611384,-0.0013496015882850099,-0.0036680612831803128,-0.001053906045188846,-0.0015569532424759558,0.0423993263658428,0.5533066962802301
2216,2019-12-02,0.5549171028677589,0.5613186638922893,0.5586190320907694,0.5592629392043102,0.1281419992832439,-0.0012532980825954443,0.008011967612059245,0.004886719821660113,0.002335534590296895,0.011389428722105507,0.5613186638922893
2217,2019-12-03,0.5553027601521652,0.5558165048483739,0.5530615941314714,0.558776400340063,0.1177577772403725,0.0003856572844063155,-0.005502159043915489,-0.005557437959297973,-0.00048653886424721016,-0.010384222042871413,0.5558165048483739
2218,2019-12-04,0.5502895605757403,0.5588088553241456,0.5553611883003126,0.5537160276569063,0.1125073933679668,-0.005013199576424876,0.0029923504757717323,0.002299594168841179,-0.005060372683156733,-0.005250383872405701,0.5588088553241456
2219,2019-12-05,0.5628225224984716,0.5647937800061732,0.5609187205646153,0.5639340625799322,0.1477624682048756,0.012532961922731345,0.005984924682027604,0.005557532264302778,0.010218034923025865,0.035255074836908804,0.5647937800061732
2220,2019-12-06,0.5643649595820308,0.5641179797065712,0.5627391573986794,0.566658780985083,0.1202431143342472,0.0015424370835591672,-0.000675800299602014,0.0018204368340640764,0.002724718405150872,-0.0275193538706284,0.5641179797065712
2221,2019-12-09,0.5661002224728006,0.5667242161132663,0.5630265536455621,0.5667560485901323,0.128182790278923,0.001735262890769751,0.002606236406695106,0.0002873962468826763,9.726760504924492e-05,0.00793967594467579,0.5667242161132663
2222,2019-12-10,0.5644613791005374,0.5638284277143363,0.5618768314816628,0.5668534333735312,0.1054767738984246,-0.0016388433722631657,-0.0028957883989300104,-0.0011497221638993027,9.738478339893497e-05,-0.022706016380498392,0.5638284277143363
2223,2019-12-11,0.5622440361311083,0.5638284277143363,0.5613977531004538,0.5666588174603076,0.1006954864763281,-0.0022173429694291036,0.0,-0.00047907838120897495,-0.00019461591322367244,-0.004781287422096492,0.5638284277143363
2224,2019-12-12,0.5641721275898411,0.5612221018154476,0.5607269841588787,0.5655883450753161,0.1050018501630183,0.0019280914587328501,-0.0026063258988886506,-0.0006707689415751394,-0.0010704723849914721,0.004306363686690198,0.5612221018154476
2225,2019-12-13,0.5682212630405522,0.5685584033661951,0.5673384798929313,0.5707460227541674,0.245590930413475,0.004049135450711061,0.007336301550747493,0.006611495734052619,0.005157677678851336,0.1405890802504567,0.5685584033661951
2226,2019-12-16,0.5666787054112294,0.5645040937756479,0.5643680715269499,0.5685077412352229,0.1217902585275033,-0.0015425576293227605,-0.0040543095905472,-0.002970408365981392,-0.0022382815189445626,-0.12380067188597169,0.5645040937756479
2227,2019-12-17,0.565521894114942,0.5690410347660169,0.564943048826968,0.570356751257974,0.1102609749630695,-0.0011568112962874189,0.004536940990368943,0.000574977300018098,0.001849010022751174,-0.011529283564433807,0.5690410347660169
2228,2019-12-18,0.5689924927253777,0.5666277435286181,0.5657095378354824,0.5699674756494932,0.0994892384612471,0.003470598610435638,-0.0024132912373987514,0.0007664890085143927,-0.000389275608480788,-0.010771736501822393,0.5666277435286181
2229,2019-12-19,0.5657145907593873,0.5660485053058579,0.5648471142244311,0.5700647037040559,0.0989035963089976,-0.0032779019659903152,-0.0005792382227601811,-0.0008624236110512662,9.722805456269246e-05,-0.000585642152249502,0.5660485053058579
2230,2019-12-20,0.5641721166108828,0.5623804440226777,0.5617809947320315,0.5654910083007777,0.1663806440898217,-0.0015424741485045024,-0.0036680612831802017,-0.003066119492399655,-0.004573695403278233,0.0674770477808241,0.5623804440226777
2231,2019-12-23,0.5621475799746437,0.5631526721608311,0.5605353534081899,0.5656856287220022,0.0720194165139432,-0.002024536636239138,0.0007722281381533636,-0.0012456413238415287,0.00019462042122453393,-0.0943612275758785,0.5631526721608311
2232,2019-12-24,0.5623404234014495,0.5612221018154476,0.5598646220668249,0.5654910193054019,0.0528738713277177,0.000192843426805811,-0.0019305703453834644,-0.0006707313413650828,-0.00019460941660032205,-0.019145545186225493,0.5612221018154476
2233,2019-12-25,0.5609907575193603,0.560546435754136,0.5591939709904952,0.565101804010528,0.0528593031149752,-0.0013496658820891794,-0.0006756660613116416,-0.0006706510763296869,-0.0003892152948739014,-1.4568212742503694e-05,0.560546435754136
2234,2019-12-26,0.5599302386234328,0.5641179797065712,0.5599604468231618,0.5647125150658855,0.0634620483489844,-0.0010605188959275091,0.0035715439524351966,0.0007664758326666465,-0.0003892889446425185,0.010602745234009205,0.5641179797065712
2235,2019-12-27,0.5654254456909206,0.5640214623758262,0.5621642731448141,0.5678265717062506,0.0636485214720887,0.00549520706748774,-9.651733074500513e-05,0.00220382632165228,0.003114056640365126,0.0001864731231042971,0.5640214623758262
2236,2019-12-30,0.5626296670414654,0.5598707249467275,0.559577191381672,0.5642259503856409,0.0779952973809267,-0.0027957786494551273,-0.004150737429098661,-0.0025870817631421517,-0.003600621320609676,0.014346775908837997,0.5598707249467275
2237,2020-01-06,0.5545315101247287,0.5567817676480172,0.5527741321434096,0.5568301262707871,0.1250593654669257,-0.008098156916736765,-0.003088957298710282,-0.006803059238262299,-0.007395824114853844,0.047064068085999,0.5567817676480172
2238,2020-01-07,0.5552063043732356,0.5634422688991628,0.5595771700161896,0.5597495136093525,0.1126559891379405,0.0006747942485069158,0.00666050125114559,0.006803037872779916,0.002919387338565449,-0.012403376328985194,0.5634422688991628
2239,2020-01-08,0.5538567149057462,0.5546582073872405,0.5526783659399228,0.5555650975806778,0.1872394110945681,-0.0013495894674894204,-0.008784061511922348,-0.006898804076266751,-0.004184416028674698,0.0745834219566276,0.5546582073872405
2240,2020-01-09,0.5584841412729713,0.5602567942697074,0.5574691937419066,0.5620850435329525,0.1076066466013816,0.004627426367225129,0.005598586882466949,0.00479082780198381,0.006519945952274675,-0.0796327644931865,0.5602567942697074
2241,2020-01-10,0.5613763059772181,0.5592914867239673,0.5587147676942475,0.5636420049143415,0.0953955706805977,0.0028921647042468024,-0.0009653075457400906,0.0012455739523409282,0.0015569613813889438,-0.012211075920783895,0.5592914867239673
2242,2020-01-14,0.5585805612286929,0.5612221018154476,0.5570859114667416,0.5624742768121765,0.0944719459927217,-0.002795744748525175,0.0019306150914802922,-0.0016288562275059704,-0.0011677281021649222,-0.000923624687876004,0.5612221018154476
2243,2020-01-15,0.558002160337971,0.5558165048483739,0.5547863184374947,0.5592629579492046,0.1178247910189882,-0.0005784008907219196,-0.005405596967073767,-0.0022995930292468714,-0.00321131886297199,0.0233528450262665,0.5558165048483739
2244,2020-01-16,0.5545314311652249,0.5543684764106185,0.5517200671088697,0.557413930278397,0.0913106438275939,-0.0034707291727461564,-0.0014480284377553776,-0.003066251328625036,-0.0018490276708075237,-0.026514147191394305,0.5543684764106185
2245,2020-01-17,0.5522176904963131,0.5581331445167372,0.5546904223379456,0.5572192994097596,0.0906579878967288,-0.002313740668911768,0.0037646681061187515,0.0029703552290759605,-0.0001946308686374687,-0.0006526559308650953,0.5581331445167372
2246,2020-01-20,0.557616471385127,0.5623804440226777,0.5591939085062155,0.5628635333009289,0.07791080174702,0.005398780888813959,0.004247299505940494,0.004503486168269899,0.0056442338911693035,-0.012747186149708795,0.5623804440226777
2247,2020-01-21,0.5616655800306365,0.5608359877463709,0.5605353752580936,0.5636420590101183,0.1037781202926462,0.004049108645509447,-0.0015444562763068381,0.0013414667518780732,0.0007785257091894593,0.025867318545626197,0.5608359877463709
2248,2020-01-22,0.5581949638652675,0.5580366719320891,0.5565110445752851,0.5610146099536011,0.1337828112571493,-0.0034706161653690337,-0.002799315814281833,-0.004024330682808497,-0.0026274490565172393,0.030004690964503103,0.5580366719320891
2249,2020-01-23,0.555302801860786,0.5526310749650153,0.5525825572473043,0.5569274662361123,0.1525641511248117,-0.002892162004481502,-0.005405596967073767,-0.00392848732798079,-0.00408714371748875,0.018781339867662394,0.5526310749650153
2250,2020-01-24,0.5512536292247455,0.5562990915020988,0.5521991835942994,0.5553703771392221,0.1390011450615215,-0.004049172636040432,0.003668016537083485,-0.00038337365300489257,-0.0015570890968902296,-0.013563006063290195,0.5562990915020988
2251,2020-01-27,0.548457851454917,0.5497351075816981,0.5480790028874204,0.5514778150878539,0.1267492781450586,-0.0027957777698285335,-0.0065639839204006956,-0.004120180706879029,-0.0038925620513682313,-0.012251866916462906,0.5497351075816981
2252,2020-01-28,0.5457584788494678,0.5457774048140893,0.5432881413531635,0.54768260084143,0.1415972005722394,-0.0026993726054491685,-0.003957702767608762,-0.004790861534256896,-0.003795214246423928,0.014847922427180804,0.5457774048140893
2253,2020-01-29,0.5423841723630517,0.5475148510057893,0.544533704081478,0.5456389257237249,0.1090751224458281,-0.003374306486416123,0.0017374461917000206,0.0012455627283145532,-0.0020436751177050905,-0.03252207812641131,0.5475148510057893
2254,2020-01-30,0.5440231429399622,0.542495412853889,0.5438630346115338,0.5444712274634123,0.1243950549658666,0.0016389705769105367,-0.005019438151900313,-0.0006706694699442073,-0.0011676982603125996,0.015319932520038507,0.542495412853889
2255,2020-01-31,0.5414202161828562,0.5450052214220328,0.5446296221217157,0.5463202585803143,0.1366206990993931,-0.00260292675710605,0.0025098085681437565,0.000766587510181882,0.0018490311169020446,0.01222564413352649,0.5450052214220328
2256,2020-02-03,0.5346717006548533,0.5401787284394288,0.5389763378888445,0.5387297415621959,0.1359068566750094,-0.00674851552800293,-0.004826492982603958,-0.0056532842328712585,-0.0075905170181184145,-0.0007138424243836872,0.5401787284394288
2257,2020-02-04,0.5395883137286679,0.5433640688305938,0.540605102168482,0.5428167943825429,0.1206772470739744,0.004916613073814635,0.0031853403911650258,0.0016287642796375401,0.004087052820347048,-0.015229609601035005,0.5433640688305938
2258,2020-02-05,0.5475902032768752,0.5544650384874602,0.5525824851584427,0.5516724433978577,0.1742066879751058,0.008001889548207353,0.011100969656866355,0.01197738298996065,0.00885564901531477,0.0535294409011314,0.5544650384874602
2259,2020-02-06,0.5595446073236898,0.5668208229362048,0.564943002433231,0.5641286391413984,0.2498594167470346,0.011954404046814582,0.012355784448744633,0.012360517274788374,0.012456195743540732,0.0756527287719288,0.5668208229362048
2260,2020-02-07,0.5586769547648489,0.5637318656374946,0.5604395405114245,0.5628635546825618,0.2017755737690588,-0.0008676525588409145,-0.003088957298710282,-0.004503461921806506,-0.0012650844588366628,-0.0480838429779758,0.5637318656374946
2261,2020-02-10,0.556556040745908,0.5613186638922893,0.5574692159252924,0.5615011825336518,0.1286052684484562,-0.002120914018940878,-0.002413201745205207,-0.0029703245861321115,-0.001362372148909996,-0.07317030532060259,0.5613186638922893
2262,2020-02-12,0.5574236686532382,0.5577470304476605,0.5551695510999473,0.5588736746738129,0.1427801394469323,0.0008676279073301929,-0.0035716334446288522,-0.00229966482534516,-0.0026275078598388957,0.014174870998476086,0.5577470304476605
2263,2020-02-13,0.5580985493701525,0.5575540405322673,0.5572775810141901,0.5603334404448677,0.11980898159452,0.000674880716914239,-0.00019298991539318244,0.0021080299142428593,0.0014597657710547773,-0.0229711578524123,0.5575540405322673
2264,2020-02-14,0.5543386096083459,0.5539823623415417,0.5517200824441661,0.556246179150673,0.1151617217296547,-0.003759939761806552,-0.003571678190725569,-0.0055574985700239665,-0.004087261294194677,-0.004647259864865291,0.5539823623415417
2265,2020-02-17,0.5481686904675567,0.5530171442879952,0.5499954458462556,0.551964432246597,0.0919953498264925,-0.006169919140789237,-0.000965218053546546,-0.001724636597910556,-0.0042817469040760114,-0.023166371903162203,0.5530171442879952
2266,2020-02-18,0.5476865533538324,0.5496385455048564,0.5505702736283505,0.5523536191306359,0.1028748911026097,-0.00048213711372424584,-0.003378598783138842,0.0005748277820949443,0.00038918688403888346,0.010879541276117191,0.5496385455048564
2267,2020-02-19,0.5508679394647796,0.5475148510057893,0.5477914926787493,0.551867025929295,0.1024873766436586,0.003181386110947204,-0.0021236944990670192,-0.002778780949601267,-0.0004865932013408125,-0.00038751445895109093,0.5475148510057893
2268,2020-02-20,0.551253660003132,0.5506038977966933,0.5545946764709015,0.5548838149163731,0.1036994519438366,0.0003857205383523965,0.0030890467909039376,0.006803183792152279,0.003016788987078023,0.0012120753001780005,0.5506038977966933
2269,2020-02-21,0.5505787669099832,0.5531136168726434,0.5521033503783217,0.5554676637378461,0.09229254136644,-0.0006748930931488317,0.002509719075950101,-0.0024913260925798486,0.0005838488214729987,-0.011406910577396609,0.5531136168726434
2270,2020-02-25,0.533900381492062,0.5402751562779803,0.5398386220631077,0.5388269538799297,0.2180191309769734,-0.016678385417921215,-0.012838460594663093,-0.012264728315213969,-0.016640709857916325,0.1257265896105334,0.5402751562779803
2271,2020-02-26,0.5337076638571375,0.5395030176320205,0.5363892584454313,0.535907621784632,0.1972856506018128,-0.00019271763492445526,-0.000772138645959819,-0.0034493636176764486,-0.002919332095297711,-0.020733480375160596,0.5395030176320205
2272,2020-02-27,0.5348645473315884,0.5297535590821645,0.5325565287879866,0.5311392672709592,0.2418439860960977,0.001156883474450865,-0.009749458549855983,-0.0038327296574446335,-0.004768354513672857,0.044558335494284895,0.5297535590821645
2273,2020-02-28,0.5189574467288036,0.5193283897249001,0.5181838359430345,0.516152924817515,0.2702986192247962,-0.015907100602784774,-0.010425169357264341,-0.014372692844952129,-0.014986342453444212,0.028454633128698503,0.5193283897249001
2274,2020-03-02,0.5087382118130002,0.5145983245808476,0.5169381136977991,0.5110924800164851,0.2156066349468114,-0.010219234915803455,-0.004730065144052498,-0.0012457222452354477,-0.005060444801029851,-0.0546919842779848,0.5145983245808476
2275,2020-03-03,0.5232957456916009,0.5081309474833855,0.520579294190355,0.5122603530787349,0.1831981888797918,0.014557533878600704,-0.006467377097462146,0.0036411804925559066,0.0011678730622497469,-0.03240844606701959,0.5081309474833855
2276,2020-03-04,0.5056532348883622,0.5093857622752639,0.5082186903143542,0.509632798084244,0.1357058153391625,-0.017642510803238642,0.0012548147918783892,-0.012360603876000797,-0.002627554994490855,-0.047492373540629296,0.5093857622752639
2277,2020-03-05,0.516739957024038,0.5145983245808476,0.5137761197467255,0.5147904311723255,0.1308575141384504,0.011086722135675742,0.005212562305583757,0.0055574294323713636,0.005157633088081481,-0.004848301200712113,0.5145983245808476
2278,2020-03-06,0.5051712473189609,0.5019530776320617,0.5051525954430282,0.5046698594817253,0.2060207509622304,-0.011568709705077063,-0.012645246948785993,-0.008623524303697394,-0.01012057169060021,0.07516323682378001,0.5019530776320617
2279,2020-03-09,0.4842510130572411,0.4771449914038273,0.4836893386773381,0.4777139360163809,0.253699597625964,-0.020920234261719794,-0.024808086228234327,-0.021463256765690053,-0.026955923465344367,0.04767884666373359,0.4771449914038273
2280,2020-03-10,0.466030115982765,0.4750213416508571,0.4754489751561104,0.4544558660823877,0.3153260511693904,-0.018220897074476106,-0.002123649752970247,-0.0082403635212277,-0.02325806993399321,0.061626453543426385,0.4750213416508571
2281,2020-03-11,0.4745137975417097,0.4674919606925228,0.4810063437353734,0.4704152823348722,0.2417478358919971,0.008483681558944689,-0.007529380958334275,0.005557368579262978,0.015959416252484482,-0.07357821527739328,0.4674919606925228
2282,2020-03-12,0.4610169560734631,0.4535918094596649,0.461555353244058,0.451147218974786,0.2831710920040907,-0.01349684146824659,-0.013900151232857927,-0.01945099049131538,-0.019268063360086185,0.041423256112093576,0.4535918094596649
2283,2020-03-13,0.4175374786315838,0.4337066887986827,0.4494822482101191,0.4181577762913604,0.4368919592206589,-0.0434794774418793,-0.019885120660982192,-0.01207310503393888,-0.032989442683425574,0.1537208672165682,0.4337066887986827
2284,2020-03-16,0.434408687743543,0.4313900043842225,0.4450746658322438,0.4338253217950778,0.2206239274153368,0.016871209111959218,-0.0023166844144602017,-0.004407582377875308,0.015667545503717406,-0.2162680318053221,0.4313900043842225
2285,2020-03-17,0.4205261514541404,0.4432631574331455,0.4482366938577506,0.424191278584679,0.3368607832453898,-0.013882536289402614,0.011873153048923002,0.0031620280255068023,-0.009634043210398846,0.11623685583005303,0.4432631574331455
2286,2020-03-18,0.441639116596517,0.4404637073805733,0.4543689119206618,0.4421942290941208,0.2894820417641522,0.021112965142376594,-0.0027994500525722055,0.006132218062911199,0.01800295050944184,-0.04737874148123761,0.4404637073805733
2287,2020-03-19,0.4468451654384394,0.4409464282725885,0.4568602918409633,0.443167465753958,0.3490456363832372,0.005206048841922384,0.0004827208920152315,0.002491379920301462,0.0009732366598371733,0.059563594619085,0.4409464282725885
2288,2020-03-23,0.4357583882832533,0.4399811654729452,0.4389423198656584,0.4347984907395492,0.3002596055510718,-0.011086777155186078,-0.0009652627996433183,-0.01791797197530487,-0.008368975014408808,-0.04878603083216543,0.4399811654729452
2289,2020-03-24,0.4490625104796543,0.4535918094596649,0.4502488511932848,0.4459895588972557,0.2786054141305836,0.01330412219640098,0.013610643986719684,0.011306531327626379,0.01119106815770654,-0.02165419142048819,0.4535918094596649
2290,2020-03-25,0.4705612482973663,0.4756970524582655,0.4751615494457054,0.4695395711679376,0.2767843875377681,0.021498737817712,0.022105242998600616,0.024912698252420595,0.023550012270681875,-0.0018210265928155223,0.4756970524582655
2291,2020-03-26,0.46043850657512,0.4640169788169293,0.4633758979627382,0.4587376934962994,0.2598153333352758,-0.010122741722246309,-0.011680073641336164,-0.011785651482967174,-0.010801877671638205,-0.016969054202492284,0.4640169788169293
2292,2020-03-27,0.478177329723266,0.4751178142355053,0.4753531121515933,0.463797967275429,0.3210251359942659,0.01773882314814601,0.011100835418575983,0.011977214188855112,0.005060273779129598,0.06120980265899012,0.4751178142355053
2293,2020-03-30,0.4608317642041532,0.4722389846072532,0.4687585972096493,0.462165725170314,0.2367072342830836,-0.01734556551911276,-0.0028788296282520887,-0.0065945149419440185,-0.0016322421051149782,-0.08431790171118231,0.4722389846072532
2294,2020-03-31,0.4671770325663645,0.454965514630676,0.4657037893395785,0.4578622418114694,0.2028536215120056,0.006345268362211276,-0.017273469976577194,-0.003054807870070786,-0.0043034833588446175,-0.03385361277107801,0.454965514630676
2295,2020-04-01,0.446058817290736,0.435508077162675,0.4464882671857406,0.4354444517680816,0.242642324154388,-0.021118215275628516,-0.01945743746800105,-0.019215522153837927,-0.022417790043387786,0.039788702642382406,0.435508077162675
2296,2020-04-02,0.429303156611763,0.4235954133102992,0.4296378202987486,0.4267375901614013,0.2206501501982734,-0.016755660678972994,-0.011912663852375771,-0.016850446886992,-0.008706861606680327,-0.021992173956114608,0.4235954133102992
2297,2020-04-03,0.4264279361553826,0.4246874418021079,0.4286524448923332,0.4254365928498796,0.1867761419293558,-0.0028752204563803896,0.001092028491808672,-0.0009853754064154119,-0.0013009973115216678,-0.033874008268917594,0.4246874418021079
2298,2020-04-06,0.418099682277644,0.435805996675007,0.4345649232742861,0.419231725703089,0.1887545052197906,-0.008328253877738612,0.011118554872899145,0.0059124783819529125,-0.006204867146790638,0.001978363290434798,0.435805996675007
2299,2020-04-07,0.4446708650718621,0.4437477576612253,0.4448131326793195,0.4361450626055032,0.1722895111781896,0.026571182794218107,0.007941760986218294,0.010248209405033404,0.0169133369024142,-0.016464994041600983,0.4437477576612253
2300,2020-04-08,0.4421921199841504,0.4430527612861066,0.4427436988026014,0.436845552924144,0.156063435825566,-0.0024787450877116757,-0.0006949963751187171,-0.0020694338767180964,0.000700490318640834,-0.016226075352623603,0.4430527612861066
2301,2020-04-09,0.442192217686582,0.4399754379725579,0.4438277694706535,0.4400481711992859,0.1427947076596749,9.77024315895747e-08,-0.0030773233135487077,0.0010840706680521062,0.0032026182751418997,-0.013268728165891114,0.4399754379725579
2302,2020-04-10,0.4381272507810581,0.443648510818577,0.4409700791851448,0.4348440946302029,0.1360641933726286,-0.004064966905523937,0.0036730728460190876,-0.002857690285508696,-0.005204076569083005,-0.006730514287046296,0.443648510818577
2303,2020-04-13,0.4377306440094995,0.4339198144576249,0.4375211534369206,0.4372459855171669,0.1010247280843091,-0.00039660677155856083,-0.009728696360952083,-0.0034489257482241964,0.00240189088696402,-0.0350394652883195,0.4339198144576249
2304,2020-04-14,0.4358468932022551,0.4455346930359591,0.4444190251339522,0.4390474145064013,0.1250127471861497,-0.0018837508072443998,0.011614878578334209,0.006897871697031599,0.001801428989234355,0.02398801910184059,0.4455346930359591
2305,2020-04-15,0.4450674370923225,0.444144834524012,0.4429408567448723,0.4398479798234936,0.1418565147590563,0.009220543890067379,-0.0013898585119471174,-0.0014781683890798814,0.0008005653170923277,0.01684376757290662,0.444144834524012
2306,2020-04-16,0.4362435248082733,0.4388834989729428,0.4365358078755393,0.4393477234200893,0.1311343101805584,-0.008823912284049218,-0.005261335551069168,-0.006405048869333019,-0.0005002564034042867,-0.010722204578497901,0.4388834989729428
2307,2020-04-17,0.4402092917785981,0.4386848710493559,0.4413642242255077,0.4396478656896568,0.1364633624017738,0.003965766970324802,-0.00019862792358693593,0.00482841634996839,0.0003001422695674827,0.005329052221215408,0.4386848710493559
2308,2020-04-20,0.4362433983167917,0.4338204781227831,0.4349590527401314,0.4373459880697951,0.1176237496831413,-0.003965893461806369,-0.004864392926572758,-0.006405171485376282,-0.0023018776198617252,-0.01883961271863252,0.4338204781227831
2309,2020-04-21,0.426328844900442,0.4275663609225535,0.4260904270863336,0.4258369525222851,0.1854504345697861,-0.009914553416349725,-0.006254117200229614,-0.008868625653797813,-0.011509035547509983,0.06782668488664481,0.4275663609225535
2310,2020-04-22,0.4205783597031765,0.4224042274680358,0.4225429671984049,0.4219338730975476,0.154274459300784,-0.005750485197265509,-0.0051621334545177144,-0.0035474598879287056,-0.003903079424737499,-0.031175975269002093,0.4224042274680358
2311,2020-04-23,0.4227596283404535,0.4350118429494336,0.4320029241669169,0.4265375309136717,0.1292812335197093,0.002181268637277023,0.012607615481397827,0.009459956968511984,0.004603657816124096,-0.024993225781074713,0.4350118429494336
2312,2020-04-24,0.4320793584337932,0.4341183976351151,0.4322000004218287,0.432842527079438,0.1208957702651123,0.009319730093339695,-0.0008934453143185084,0.00019707625491183212,0.006304996165766297,-0.008385463254596992,0.4341183976351151
2313,2020-04-27,0.435251985667286,0.4426557739155135,0.4401817282344278,0.4374461050322887,0.1175246858364922,0.0031726272334928196,0.008537376280398357,0.007981727812599093,0.004603577952850713,-0.003371084428620108,0.4426557739155135
2314,2020-04-28,0.4389203974372647,0.4401739764039513,0.4396890616004371,0.4392475555936883,0.1298173437486342,0.0036684117699786745,-0.0024817975115621893,-0.0004926666339907237,0.0018014505613995757,0.012292657912142013,0.4401739764039513
2315,2020-04-30,0.4518094114350646,0.4566532031627615,0.458411779949662,0.4553602830973428,0.2186921824056781,0.012889013997799903,0.016479226758810195,0.0187227183492249,0.0161127275036545,0.08887483865704388,0.4566532031627615
2316,2020-05-01,0.4525034893510145,0.4429536486817487,0.4507256396850793,0.4435510049142604,0.1652705462788414,0.0006940779159498867,-0.013699554481012788,-0.007686140264582697,-0.011809278183082361,-0.053421636126836675,0.4429536486817487
2317,2020-05-07,0.4407050795215478,0.4424572802302168,0.4403788728494691,0.4391475137570153,0.1290976740391535,-0.011798409829466672,-0.0004963684515318922,-0.0103467668356102,-0.004403491157245143,-0.0361728722396879,0.4424572802302168
2318,2020-05-08,0.4493306916011042,0.4648927494230214,0.4680687482920795,0.4467534338790915,0.2693808218220172,0.008625612079556422,0.02243546919280459,0.027689875442610423,0.007605920122076226,0.14028314778286372,0.4648927494230214
2319,2020-05-11,0.4778848680475793,0.4798829603194298,0.4796966001729637,0.4756763900488326,0.1925305859626529,0.028554176446475066,0.014990210896408396,0.011627851880884221,0.02892295616974111,-0.07685023585936432,0.4798829603194298
2320,2020-05-12,0.4759019107358129,0.4716432798208795,0.4739812134362932,0.4727740248725683,0.1355193422160582,-0.001982957311766398,-0.008239680498550284,-0.005715386736670547,-0.002902365176264299,-0.05701124374659472,0.4716432798208795
2321,2020-05-13,0.4712420771461418,0.4700549723697327,0.4732914431768838,0.4720735222910736,0.1343218351286227,-0.004659833589671092,-0.0015883074511467976,-0.0006897702594093613,-0.000700502581494733,-0.0011975070874354898,0.4700549723697327
2322,2020-05-14,0.4659873154569062,0.4621131666374176,0.4671819389713576,0.465868601541448,0.1132795086433206,-0.00525476168923561,-0.007941805732315121,-0.006109504205526195,-0.0062049207496255865,-0.02104232648530209,0.4621131666374176
2323,2020-05-15,0.4671770712543789,0.4610211828917057,0.4662950726993397,0.4641672684981306,0.0944719459927217,0.0011897557974727135,-0.0010919837457118997,-0.0008868662720179499,-0.0017013330433173768,-0.018807562650598908,0.4610211828917057
2324,2020-05-18,0.4640043773454203,0.4645949641489798,0.4631417167952821,0.464967863392839,0.078193425074225,-0.0031726939089585793,0.0035737812572741445,-0.0031533559040575754,0.0008005948947084063,-0.0162785209184967,0.4645949641489798
2325,2020-05-19,0.4788762842800075,0.475514891098292,0.4770359405317825,0.4785786160263563,0.1283372133339937,0.014871906934587176,0.010919926949312153,0.0138942237365004,0.013610752633517298,0.0501437882597687,0.475514891098292
2326,2020-05-20,0.4729275420428996,0.4773018264730258,0.4750651684325069,0.476476985063117,0.1048969590312721,-0.005948742237107896,0.0017869353747338446,-0.0019707720992755973,-0.0021016309632393426,-0.023440254302721605,0.4773018264730258
2327,2020-05-21,0.4788763171456618,0.479287300279153,0.4784155684494148,0.4797795990569555,0.1000253486901719,0.005948775102762205,0.0019854738061271804,0.003350400016907895,0.0033026139938385213,-0.004871610341100188,0.479287300279153
2328,2020-05-22,0.4782814021457992,0.4721396482724114,0.4775286637724375,0.4750758523789296,0.0997689481459035,-0.0005949149998626391,-0.007147652006741612,-0.0008869046769772737,-0.004703746678025922,-0.00025640054426841197,0.4721396482724114
2329,2020-05-25,0.4789754828339692,0.4742244136672836,0.4763462190784225,0.4757764268566489,0.08060009381929,0.0006940806881700068,0.002084765394872179,-0.0011824446940150168,0.0007005744777193179,-0.0191688543266135,0.4742244136672836
2330,2020-05-26,0.4794712387647566,0.4813720656740252,0.4789083045466958,0.4800798808659063,0.1176645406788204,0.0004957559307874337,0.007147652006741612,0.0025620854682733007,0.0043034540092574125,0.037064446859530406,0.4813720656740252
2331,2020-05-27,0.4852216602172363,0.4922919478772407,0.4896491906464196,0.4877858931619194,0.1364080031933522,0.00575042145247967,0.010919882203215492,0.01074088609972379,0.007706012296013087,0.018743462514531795,0.4922919478772407
2332,2020-05-28,0.4982098538687035,0.5018221505528961,0.5009814072199578,0.4981942015955025,0.1636563883069697,0.012988193651467195,0.009530202675655464,0.011332216573538167,0.010408308433583091,0.027248385113617518,0.5018221505528961
2333,2020-05-29,0.4942440173634597,0.499340353041334,0.495660229357167,0.4939909009388005,0.2252974100631386,-0.003965836505243792,-0.002481797511562134,-0.005321177862790738,-0.0042033006567019915,0.061641021756168896,0.499340353041334
2334,2020-06-01,0.4957311999350202,0.4927883610748693,0.494083589498715,0.493990889879914,0.1050164183757608,0.001487182571560497,-0.006551991966464721,-0.0015766398584520225,-1.1058886473236385e-08,-0.12028099168737781,0.4927883610748693
2335,2020-06-02,0.4937482485619914,0.4939795916632294,0.4942806204029699,0.4962926601870051,0.1135796138258166,-0.001982951373028785,0.001191230588360126,0.00019703090425488012,0.0023017703070910556,0.008563195450055808,0.4939795916632294
2336,2020-06-03,0.5010850519102337,0.4989432314324505,0.5001930621128516,0.499595267275166,0.1308662550660959,0.007336803348242271,0.004963639769221095,0.005912441709881755,0.003302607088160936,0.017286641240279288,0.4989432314324505
2337,2020-06-04,0.5046543885133893,0.4953694949212732,0.5016712457695869,0.4961926339208655,0.1184657923796592,0.003569336603155615,-0.0035737365111773167,0.0014781836567352435,-0.0034026333543005216,-0.0124004626864367,0.4953694949212732
2338,2020-06-05,0.4950372068402981,0.4980498308642287,0.4948719102741818,0.4967930891620185,0.1025776995626622,-0.009617181673091169,0.002680335942955525,-0.006799335495405068,0.0006004552411529862,-0.01588809281699699,0.4980498308642287
2339,2020-06-08,0.5057449340107751,0.5049988102012868,0.5028536485145825,0.5045991990211027,0.1363147666318001,0.010707727170477022,0.00694897933705807,0.00798173824040066,0.007806109859084254,0.033737067069137885,0.5049988102012868
2340,2020-06-09,0.5006884835831495,0.4978512029406419,0.4987149426583437,0.4971933594059886,0.1600492988319207,-0.005056450427625592,-0.007147607260644895,-0.004138705856238767,-0.0074058396151141515,0.023734532200120617,0.4978512029406419
2341,2020-06-10,0.4918644903280398,0.4946745432922513,0.4937879609178163,0.4946914135821456,0.1262510452692642,-0.008823993255109741,-0.0031766596483905896,-0.004926981740527414,-0.0025019458238429992,-0.033798253562656505,0.4946745432922513
2342,2020-06-11,0.4841310754763347,0.4766069643361975,0.4817659512564625,0.4804801853534564,0.1961435027227989,-0.007733414851705089,-0.01806757895605382,-0.012022009661353805,-0.014211228228689199,0.0698924574535347,0.4766069643361975
2343,2020-06-12,0.468366803604207,0.4782945633760894,0.475656413689404,0.4701719970894513,0.1856165121950508,-0.0157642718721277,0.0016875990398919072,-0.0061095375670585095,-0.010308188264005091,-0.010526990527748109,0.4782945633760894
2344,2020-06-15,0.4717377511525217,0.4648927494230214,0.4730943284077473,0.4686707730411706,0.1229994201851328,0.0033709475483146845,-0.013401813953067998,-0.0025620852816566897,-0.0015012240482806805,-0.062617092009918,0.4648927494230214
2345,2020-06-16,0.4754062726121797,0.4808756972224934,0.4786127000285338,0.4761768102045726,0.1468417571595481,0.003668521459658014,0.015982947799472014,0.0055183716207865,0.00750603716340198,0.02384233697441529,0.4808756972224934
2346,2020-06-17,0.4749104742964438,0.4746214905300703,0.4726016561069401,0.4747756708335767,0.1118955284327808,-0.0004957983157359291,-0.006254206692423103,-0.006011043921593684,-0.0014011393709958964,-0.03494622872676728,0.4746214905300703
2347,2020-06-18,0.4745139267586585,0.4728345999014333,0.4723060468647934,0.4721736007116507,0.0915029442357952,-0.0003965475377852856,-0.0017868906286370168,-0.0002956092421467216,-0.002602070121925981,-0.0203925841969856,0.4728345999014333
2348,2020-06-19,0.4696557691919316,0.4680695433097023,0.4675761087280945,0.4697717205832522,0.1967262312324999,-0.004858157566726917,-0.004765056591730987,-0.0047299381366988635,-0.002401880128398537,0.1052232869967047,0.4680695433097023
2349,2020-06-22,0.4610300230743466,0.4601277375773872,0.4618607433615512,0.4635668000169446,0.1501603960222952,-0.008625746117584987,-0.007941805732315121,-0.0057153653665433235,-0.006204920566307559,-0.046565835210204715,0.4601277375773872
2350,2020-06-23,0.4595428031605794,0.4606240612828223,0.4619592336749148,0.4621656771570084,0.1389836632062305,-0.0014872199137672126,0.0004963237054351199,9.849031336361946e-05,-0.0014011228599362102,-0.011176732816064683,0.4606240612828223
2351,2020-06-24,0.4559734762463032,0.4559582067876428,0.4547657174589229,0.4581624349155845,0.1656755425930836,-0.003569326914276194,-0.004665854495179478,-0.007193516215991902,-0.004003242241423899,0.02669187938685308,0.4559582067876428
2352,2020-06-25,0.4512145348699758,0.4494063043133716,0.4492474866075402,0.451056903411074,0.1491289665601244,-0.004758941376327375,-0.006551902474271232,-0.005518230851382699,-0.007105531504510487,-0.016546576032959198,0.4494063043133716
2353,2020-06-26,0.4508179557234789,0.4519873934136788,0.4512183445570475,0.4540592970325064,0.1244183641062547,-0.0003965791464969337,0.002581089100307188,0.0019708579495072986,0.0030023936214323976,-0.02471060245386969,0.4519873934136788
2354,2020-06-29,0.4461580837301135,0.4433506807984386,0.445404402531239,0.4463531643022614,0.4174550497795829,-0.004659871993365372,-0.008636712615240183,-0.005813942025808538,-0.007706132730245008,0.2930366856733282,0.4433506807984386
2355,2020-06-30,0.4524042580510243,0.4506968264904768,0.4526964068890788,0.4526581142454493,0.1606611637671067,0.006246174320910791,0.007346145692038231,0.007292004357839832,0.006304949943187865,-0.2567938860124762,0.4506968264904768
2356,2020-07-01,0.4516111570621629,0.4490092274505848,0.4489518891975227,0.4510569285125676,0.1028807183877067,-0.0007931009888613727,-0.0016875990398920182,-0.003744517691556093,-0.0016011857328816492,-0.05778044537940001,0.4490092274505848
2357,2020-07-02,0.4471495511631488,0.4494063043133716,0.4500358370503252,0.4505564830477984,0.1085477531445487,-0.0044616058990141205,0.00039707686278678267,0.0010839478528024693,-0.0005004454647692391,0.005667034756842007,0.4494063043133716
2358,2020-07-03,0.452106922316987,0.4479172884509698,0.4500359080174183,0.448955311302267,0.075769274473869,0.004957371153838208,-0.001489015862401799,7.096709309095672e-08,-0.0016011717455313712,-0.032778478670679706,0.4479172884509698
2359,2020-07-06,0.450322173957586,0.4545684377678893,0.4519080432401446,0.4529583384901536,0.0719990210161037,-0.0017847483594010116,0.0066511493169195135,0.0018721352227263344,0.0040030271878865875,-0.003770253457765299,0.4545684377678893
2360,2020-07-07,0.4538914515357417,0.4506968264904768,0.4516124341278593,0.4524579681042144,0.0806467121000661,0.003569277578155672,-0.003871611277412479,-0.00029560911228532216,-0.0005003703859391972,0.008647691083962405,0.4506968264904768
2361,2020-07-08,0.4505205169938815,0.4519873934136788,0.4528935261627728,0.4530584929162806,0.1097161238064991,-0.00337093454186016,0.0012905669232019523,0.0012810920349135002,0.0006005248120661832,0.029069411706433,0.4519873934136788
2362,2020-07-09,0.4506196310509555,0.4499026280188066,0.4484591459945049,0.4506565480648472,0.1218077403827943,9.911405707396792e-05,-0.002084765394872179,-0.00443438016826786,-0.002401944851433413,0.012091616576295192,0.4499026280188066
2363,2020-07-10,0.447546062095336,0.4450382798383305,0.4457985210774937,0.4486549530049833,0.1088420310419477,-0.003073568955619499,-0.004864348180476097,-0.002660624917011245,-0.0020015950598638588,-0.012965709340846593,0.4450382798383305
2364,2020-07-13,0.450718801759984,0.4522851786877205,0.4496416478459234,0.4530584608246331,0.1159221824348145,0.003172739664648039,0.007246898849390004,0.0038431267684297388,0.004403507819649766,0.007080151392866801,0.4522851786877205
2365,2020-07-14,0.4489341580207033,0.4488106442730947,0.4483605940078434,0.4520576452112599,0.1218951496592495,-0.0017846437392807224,-0.0034745344146258073,-0.0012810538380800263,-0.0010008156133731738,0.005972967224434994,0.4488106442730947
2366,2020-07-15,0.4536931877174342,0.4585393406340468,0.4577220039316659,0.4576621143153639,0.1378997881781867,0.004759029696730921,0.009728696360952083,0.009361409923822506,0.005604469104104004,0.016004638518937214,0.4585393406340468
2367,2020-07-16,0.4652933556987773,0.4629074098551846,0.4639301322113605,0.4655684037206283,0.1670070772377503,0.011600167981343057,0.004368069221137805,0.00620812827969458,0.007906289405264388,0.029107289059563585,0.4629074098551846
2368,2020-07-17,0.4594436974492361,0.4596314138719522,0.4585103704086081,0.4626661138494114,0.0690096237613377,-0.005849658249541201,-0.0032759959832323604,-0.0054197618027523875,-0.0029022898712168788,-0.0979974534764126,0.4596314138719522
2369,2020-07-20,0.4612282774424726,0.4585393406340468,0.4584117654375402,0.4604643069951915,0.0673197110832048,0.0017845799932365014,-0.0010920732379054443,-9.86049710678949e-05,-0.0022018068542199454,-0.0016899126781328988,0.4585393406340468
2370,2020-07-21,0.456271031741448,0.4502997943737868,0.4546672810664541,0.4520577091495964,0.1589858193017164,-0.004957245701024571,-0.008239546260259967,-0.0037444843710860987,-0.008406597845595054,0.09166610821851161,0.4502997943737868
2371,2020-07-22,0.4492316151512781,0.4493070127246265,0.4524008091192846,0.4529583764165327,0.1035741653142509,-0.0070394165901699335,-0.0009927816491603347,-0.0022664719471695016,0.0009006672669362725,-0.0554116539874655,0.4493070127246265
2372,2020-07-27,0.4450674805812502,0.4473215836645961,0.4440248367775147,0.4474540531608575,0.1280633309344343,-0.0041641345700279,-0.0019854290600303526,-0.0083759723417699,-0.005504323255675181,0.024489165620183412,0.4473215836645961
2373,2020-07-28,0.4430845016139962,0.4402732232465995,0.4428423172407957,0.4433507521058823,0.180007750289179,-0.0019829789672539677,-0.007048360417996613,-0.0011825195367189956,-0.004103301054975195,0.0519444193547447,0.4402732232465995
2374,2020-07-29,0.4362433860692146,0.4345153850057082,0.4337765510990709,0.4365453546203011,0.1525204464865841,-0.006841115544781617,-0.005757838240891322,-0.00906576614172483,-0.006805397485581233,-0.027487303802594898,0.4345153850057082
2375,2020-07-30,0.4365409471816801,0.4352104261269237,0.4353533017127916,0.4368457146580412,0.1242231500555049,0.0002975611124654831,0.0006950411212154894,0.001576750613720701,0.00030036003774008835,-0.028297296431079214,0.4352104261269237
2376,2020-07-31,0.4299972142034273,0.4208158305246954,0.4274699689679,0.4239354186210151,0.224647667774822,-0.006543732978252781,-0.014394595602228277,-0.007883332744891558,-0.012910296037026092,0.10042451771931711,0.4208158305246954
2377,2020-08-03,0.4211731982203776,0.4226027211533324,0.4209662634344224,0.423835314072892,0.1474623630223797,-0.008824015983049716,0.0017868906286370168,-0.006503705533477622,-0.00010010454812309222,-0.07718530475244231,0.4226027211533324
2378,2020-08-04,0.4263287941639609,0.4315372190426143,0.429046599997671,0.4285390395693599,0.1564480366419686,0.005155595943583335,0.008934497889281856,0.00808033656324858,0.004703725496467914,0.008985673619588908,0.4315372190426143
2379,2020-08-05,0.4290058040674664,0.4362030735377937,0.4342693121909845,0.4310410565409459,0.1197099177478708,0.0026770099035055006,0.004665854495179422,0.00522271219331355,0.002502016971585974,-0.036738118894097796,0.4362030735377937
2380,2020-08-06,0.4322776248756492,0.436997272009464,0.4344663765393379,0.4361450899545633,0.1150976215935876,0.0032718208081827793,0.0007941984716702821,0.00019706434835337072,0.005104033413617426,-0.004612296154283199,0.436997272009464
2381,2020-08-07,0.436045213897299,0.4390820374043362,0.4374226446363982,0.438146742312671,0.1197507087435499,0.0037675890216498087,0.0020847653948722344,0.0029562680970602884,0.002001652358107675,0.004653087149962293,0.4390820374043362
2382,2020-08-11,0.4444725268251037,0.4497040448413165,0.4469809839733797,0.447153738822244,0.1601221398956333,0.008427312927804687,0.010622007436980274,0.009558339336981525,0.00900699650957304,0.04037143115208339,0.4497040448413165
2383,2020-08-12,0.4505205403974088,0.458837215400282,0.456243949161788,0.4540593206198653,0.159382074688313,0.006048013572305111,0.009133170558965509,0.0092629651884083,0.006905581797621296,-0.000740065207320284,0.458837215400282
2384,2020-08-13,0.4618231742889102,0.4610211828917057,0.4641271630933521,0.4547598127198065,0.3344074962195488,0.011302633891501379,0.0021839674914236884,0.007883213931564104,0.0007004920999411635,0.1750254215312358,0.4610211828917057
2385,2020-08-14,0.4559735395251449,0.4595320775371104,0.4591015635175907,0.4585628274457867,0.1595102749604473,-0.005849634763765266,-0.0014891053545952881,-0.00502559957576143,0.003803014725980214,-0.17489722125910148,0.4595320775371104
2386,2020-08-17,0.4590471042343031,0.4589364622429303,0.4607767643642121,0.4618654598832782,0.0905793195479192,0.0030735647091582052,-0.0005956152941801185,0.0016752008466214274,0.003302632437491515,-0.06893095541252811,0.4589364622429303
2387,2020-08-18,0.45716335915558,0.4578445232433152,0.4568352020149106,0.4576621796700119,0.1036149563099299,-0.0018837450787231313,-0.001091938999615072,-0.003941562349301486,-0.004203280213266325,0.013035636762010694,0.4578445232433152
2388,2020-08-19,0.454288116800157,0.4596314138719522,0.4567366359002576,0.4575620749555502,0.0637650671740289,-0.002875242355422969,0.0017868906286370168,-9.856611465303144e-05,-0.00010010471446170177,-0.039849889135901,0.4596314138719522
2389,2020-08-20,0.4571633722304538,0.4550648957116146,0.4565395926452925,0.4587630517399089,0.0765268215364802,0.0028752554302967637,-0.004566518160337596,-0.00019704325496511244,0.0012009767843587094,0.012761754362451305,0.4550648957116146
2390,2020-08-21,0.4581547753676813,0.4586386322227919,0.4591015700780737,0.4614651181222656,0.0802125793603389,0.000991403137227509,0.003573736511177261,0.002561977432781193,0.002702066382356705,0.0036857578238587013,0.4586386322227919
2391,2020-08-24,0.4611291800086995,0.4633044419718746,0.4604811466905635,0.463666890004161,0.0850433987057599,0.0029744046410182245,0.0046658097490827055,0.00137957661248983,0.002201771881895409,0.0048308193454209974,0.4633044419718746
2392,2020-08-25,0.4673753098121267,0.4675730853659769,0.4668862394467641,0.4702720324988971,0.1255867347682051,0.006246129803427203,0.004268643394102323,0.006405092756200603,0.006605142494736094,0.04054333606244519,0.4675730853659769
2393,2020-08-26,0.4659873596122678,0.4672753895841289,0.4655067654443713,0.4685707839805899,0.0813896909499348,-0.0013879501998589339,-0.0002976957818480175,-0.0013794740023927998,-0.001701248518307219,-0.04419704381827029,0.4672753895841289
2394,2020-08-27,0.4659873736930989,0.4634037783067164,0.4634374224780104,0.4648678922048396,0.0977847575703717,1.4080831112206482e-08,-0.003871611277412479,-0.0020693429663609098,-0.0037028917757502833,0.016395066620436896,0.4634037783067164
2395,2020-08-28,0.4647976059373147,0.463105948286578,0.4662951172879026,0.4637669838809449,0.1638719978555591,-0.0011897677557842212,-0.0002978300201384454,0.0028576948098922306,-0.0011009083238947004,0.06608724028518739,0.463105948286578
2396,2020-08-31,0.4858165928779751,0.4988439845898022,0.5072880375051115,0.4879861314774131,0.7267702563714078,0.0210189869406604,0.03573803630322425,0.040992920217208906,0.024219147596468205,0.5628982585158487,0.4988439845898022
2397,2020-09-01,0.512189433407336,0.5144297212881972,0.5180289487068446,0.513606331498722,0.443570027941832,0.026372840529360952,0.01558573669839497,0.010740911201733039,0.025620200021308936,-0.2832002284295758,0.5144297212881972
2398,2020-09-02,0.5236904814098461,0.5156210861148477,0.5204925410408416,0.5177096983556974,0.2558790022522457,0.011501048002510061,0.0011913648266504984,0.0024635923339970667,0.004103366856975321,-0.1876910256895863,0.5156210861148477
2399,2020-09-03,0.5198237122580399,0.5203860979604819,0.5171421125361144,0.5194109671457837,0.162624958844799,-0.003866769151806171,0.0047650118456341595,-0.003350428504727221,0.0017012687900863632,-0.0932540434074467,0.5203860979604819
2400,2020-09-04,0.5137759096115092,0.5195919889810052,0.5176348988422655,0.5178097823623292,0.1611564830003525,-0.006047802646530709,-0.0007941089794766265,0.0004927863061511273,-0.0016011847834545012,-0.0014684758444464818,0.5195919889810052
2401,2020-09-07,0.5205176968392293,0.5140325996793137,0.5182259983094052,0.516908924487774,0.171027903954687,0.00674178722772012,-0.005559389301691531,0.0005910994671396441,-0.0009008578745551832,0.009871420954334492,0.5140325996793137
2402,2020-09-08,0.5165518235463425,0.5126427859134634,0.5136930980785853,0.5098033033957127,0.173405436274267,-0.003965873292886779,-0.001389813765850345,-0.00453290023081987,-0.007105621092061365,0.002377532319579989,0.5126427859134634
2403,2020-09-09,0.5036629269646888,0.5074806972050424,0.5047259994724451,0.506400688351681,0.1763860926013875,-0.012888896581653708,-0.005162088708420942,-0.0089670986061402,-0.0034026150440317204,0.0029806563271204956,0.5074806972050424
2404,2020-09-10,0.5088185265743245,0.5099625394627014,0.5064012001600551,0.5106040335670085,0.1097889648702118,0.0051555996096356305,0.002481842257659017,0.0016752006876099568,0.004203345215327503,-0.0665971277311757,0.5099625394627014
2405,2020-09-11,0.5022748432053654,0.5081756040879676,0.5068938607946385,0.5061004385390939,0.1523835052868044,-0.006543683368959052,-0.0017869353747338446,0.0004926606345834195,-0.004503595027914531,0.042594540416592594,0.5081756040879676
2406,2020-09-14,0.5096116370209941,0.5101609884019012,0.5080762983457059,0.5114046075211499,0.1048853044610781,0.007336793815628684,0.0019853843139335803,0.0011824375510673946,0.00530416898205599,-0.04749820082572628,0.5101609884019012
2407,2020-09-15,0.5096116378250602,0.5090690046561893,0.5081748519658543,0.5124053756678641,0.0953897433955007,8.04066146997684e-10,-0.0010919837457118442,9.855362014843383e-05,0.001000768146714237,-0.009495561065577404,0.5090690046561893
2408,2020-09-16,0.5080253052667899,0.5084733893620093,0.5053172002293344,0.5100034947225612,0.0858038594109197,-0.0015863325582703425,-0.000595615294180063,-0.0028576517365199727,-0.0024018809453029144,-0.009585883984581003,0.5084733893620093
2409,2020-09-17,0.5094133913631538,0.5096647094425629,0.5073866076037259,0.5119050625464324,0.1266531279409579,0.001388086096363872,0.0011913200805536706,0.002069407374391541,0.0019015678238711864,0.0408492685300382,0.5096647094425629
2410,2020-09-18,0.5090168300425186,0.5117494300913384,0.5112296983765028,0.512605628548192,0.1678578608619137,-0.00039656132063514704,0.0020847206487755177,0.0038430907727768915,0.000700566001759606,0.041204732920955806,0.5117494300913384
2411,2020-09-23,0.5103056721110609,0.5204853448031301,0.5180289783594089,0.512105173135714,0.1658503611459938,0.0012888420685422952,0.008735914711791692,0.006799279982906081,-0.000500455412478007,-0.0020074997159199026,0.5204853448031301
2412,2020-09-24,0.5197246482357405,0.5185992520779417,0.5191129743805419,0.5228137299873876,0.1554486572478315,0.009418976124679568,-0.0018860927251884707,0.0010839960211330713,0.0107085568516736,-0.010401703898162307,0.5185992520779417
2413,2020-09-25,0.5196254112959579,0.5210809600973102,0.5177333368011724,0.5211122804158747,0.1527360560351734,-9.923693978264314e-05,0.0024817080193685337,-0.0013796375793695415,-0.0017014495715129696,-0.0027126012126580945,0.5210809600973102
2414,2020-09-28,0.5234921465698077,0.5269380899269466,0.5230545717353589,0.5251154921065337,0.1948702409291023,0.0038667352738498417,0.005857129829636376,0.005321234934186458,0.004003211690659092,0.042134184893928894,0.5269380899269466
2415,2020-09-29,0.5270818829911287,0.5273453688997982,0.5279069227436477,0.5281400937741564,0.1583273360857543,0.003589736421320988,0.0004072789728516435,0.004852351008288847,0.0030246016676226395,-0.03654290484334799,0.5273453688997982
2416,2020-09-30,0.52525110246306,0.5117633908735324,0.5222458055034408,0.5155116191242443,0.1570657288622517,-0.0018307805280687317,-0.01558197802626582,-0.005661117240206903,-0.012628474649912125,-0.0012616072235026032,0.5117633908735324
2417,2020-10-02,0.5155881817263985,0.5099301432886358,0.5148659471795303,0.5132528141068395,0.1325794768846168,-0.009662920736661418,-0.001833247584896558,-0.007379858323910526,-0.002258805017404719,-0.024486251977634904,0.5099301432886358
2418,2020-10-05,0.5146728749546877,0.5145132175047804,0.5177977847582876,0.5183864762605027,0.10004865783056,-0.000915306771710811,0.004583074216144567,0.002931837578757368,0.005133662153663177,-0.0325308190540568,0.5145132175047804
2419,2020-10-06,0.518741411315486,0.5206237892265538,0.5183032004587651,0.5214665731879696,0.0839362145373281,0.004068536360798292,0.006110571721773428,0.0005054157004774629,0.003080096927466913,-0.0161124432932319,0.5206237892265538
2420,2020-10-07,0.5183345171427438,0.5216422103891667,0.5183031747127147,0.5215692309238592,0.0836419366399291,-0.0004068941727422004,0.0010184211626128592,-2.5746050402730702e-08,0.0001026577358895775,-0.0002942778973989979,0.5216422103891667
2421,2020-10-08,0.5224030366268512,0.5222532183406375,0.5212348030725421,0.5229038773660039,0.0781526340785459,0.004068519484107358,0.0006110079514708433,0.0029316283598274095,0.0013346464421446491,-0.005489302561383191,0.5222532183406375
2422,2020-10-09,0.5215893830615191,0.5197071654341056,0.5189097251800747,0.5218772374149788,0.0742716622039375,-0.0008136535653320287,-0.0025460529065319815,-0.0023250778924673865,-0.0010266399510250324,-0.0038809718746084104,0.5197071654341056
2423,2020-10-12,0.519555054737964,0.5156333912914609,0.5164834727553841,0.5183863838028505,0.0709763324815784,-0.0020343283235551013,-0.004073774142644648,-0.0024262524246906336,-0.0034908536121283085,-0.003295329722359089,0.5156333912914609
2424,2020-10-13,0.5148762046271056,0.5102356696374197,0.5126419248251735,0.5136634693972438,0.118596906294342,-0.004678850110858446,-0.0053977216540411765,-0.0038415479302106315,-0.004722914405606682,0.04762057381276359,0.5102356696374197
2425,2020-10-14,0.5064339766770042,0.5067730376845363,0.505262190931463,0.5071952482186325,0.1185561152986629,-0.00844222795010141,-0.0034626319528834326,-0.007379733893710494,-0.006468221178611344,-4.079099567909361e-05,0.5067730376845363
2426,2020-10-15,0.5059253910860283,0.5089117221260231,0.5064752773808273,0.5098646937831998,0.0719961073735552,-0.0005085855909758852,0.0021386844414867934,0.0012130864493643534,0.0026694455645672743,-0.0465600079251077,0.5089117221260231
2427,2020-10-16,0.5027722989680361,0.5004587817302403,0.5026338146747367,0.5040124952502861,0.1002555264515038,-0.0031530921179921956,-0.008452940395782815,-0.003841462706090648,-0.005852198532913633,0.0282594190779486,0.5004587817302403
2428,2020-10-19,0.502467119443307,0.5057546165219234,0.5038468916198545,0.5071952367455534,0.0737442929026581,-0.0003051795247290823,0.005295834791683163,0.0012130769451178525,0.003182741495267316,-0.0265112335488457,0.5057546165219234
2429,2020-10-20,0.5061288105830987,0.503310360985556,0.5030381113767229,0.5068872107621757,0.0584243603826195,0.003661691139791645,-0.0024442555363674012,-0.0008087802431315794,-0.00030802598337775766,-0.015319932520038604,0.503310360985556
2430,2020-10-21,0.5014499746443555,0.5031066320069367,0.5020271901823526,0.5047311003886316,0.0699856940150868,-0.004678835938743187,-0.00020372897861931083,-0.0010109211943702956,-0.002156110373544129,0.011561333632467294,0.5031066320069367
2431,2020-10-22,0.4973814265359981,0.4959776391225505,0.4943441436386073,0.498160199122399,0.0983208677992966,-0.004068548108357384,-0.007128992884386232,-0.007683046543745353,-0.006570901266232554,0.0283351737842098,0.4959776391225505
2432,2020-10-23,0.4983986079987101,0.5005606238465016,0.4983878999696962,0.5014456911441177,0.0669467648369962,0.0010171814627120135,0.004582984723951078,0.004043756331088888,0.003285492021718739,-0.03137410296230039,0.5005606238465016
2433,2020-10-26,0.4983986133481774,0.497708999845089,0.4960627444234624,0.4992896032365581,0.0841343422306264,5.34946731356456e-09,-0.0028516240014125893,-0.0023251555462338036,-0.0021560879075596673,0.017187577393630193,0.497708999845089
2434,2020-10-27,0.495753983330699,0.4940425941674894,0.4929288489130879,0.4953880724767081,0.0818179964045651,-0.0026446300174784443,-0.0036664056775995713,-0.0031338955103744626,-0.0039015307598500026,-0.0023163458260613,0.4940425941674894
2435,2020-10-28,0.491990626267658,0.487932022445716,0.4889862625437319,0.4899465147338119,0.1073648142698557,-0.003763357063040984,-0.006110571721773428,-0.003942586369356016,-0.005441557742896175,0.025546817865290603,0.487932022445716
2436,2020-10-29,0.4804968401248474,0.4847747826033261,0.4838304458148073,0.4850182213964938,0.0959666446201047,-0.011493786142810603,-0.0031572398423898584,-0.005155816728924623,-0.00492829333731809,-0.011398169649751003,0.4847747826033261
2437,2020-10-30,0.4857860566938796,0.4736739471847501,0.4828195814636662,0.4746485290420665,0.180313682756772,0.005289216569032196,-0.011100835418576038,-0.0010108643511410609,-0.010369692354427307,0.08434703813666732,0.4736739471847501
2438,2020-11-02,0.477648962347432,0.4828398718865554,0.4820108640212562,0.4821435456462897,0.1138068779446,-0.008137094346447604,0.009165924701805328,-0.0008087174424100119,0.0074950166042231925,-0.06650680481217201,0.4828398718865554
2439,2020-11-04,0.4907700559077667,0.4890522857245901,0.4918168360676626,0.4907679062936444,0.121898063301798,0.013121093560334696,0.006212413838034669,0.009805972046406375,0.008624360647354723,0.008091185357198008,0.4890522857245901
2440,2020-11-05,0.487006570499946,0.4854877221632518,0.4862566975364363,0.484915598362062,0.1394789824394763,-0.003763485407820677,-0.0035645635613382742,-0.0055601385312262774,-0.005852307931582423,0.017580919137678286,0.4854877221632518
2441,2020-11-06,0.4820225568722841,0.4867098275583871,0.4848413567989043,0.4850182284525163,0.1136641094597232,-0.004984013627661876,0.0012221053951352867,-0.0014153407375320226,0.00010263009045430316,-0.025814872979753087,0.4867098275583871
2442,2020-11-09,0.4882271785589332,0.4917002254934801,0.4893905920088072,0.4910759045624657,0.0996494888014148,0.006204621686649092,0.004990397935092983,0.004549235209902913,0.006057676109949395,-0.0140146206583084,0.4917002254934801
2443,2020-11-10,0.50816313199859,0.5054490901731397,0.5095080842226589,0.5053471609092507,0.1798562408766567,0.01993595343965676,0.013748864679659578,0.02011749221385173,0.014271256346785,0.08020675207524189,0.5054490901731397
2444,2020-11-11,0.5144694336166168,0.5188924732501121,0.5158769817395249,0.5170517133248174,0.1797630043151046,0.0063063016180268106,0.01344338307697246,0.006368897516865979,0.011704552415566671,-9.323656155207916e-05,0.5188924732501121
2445,2020-11-12,0.5153847500598646,0.5111522486837712,0.5144615843196323,0.5114047184185075,0.1187076247111851,0.0009153164432478267,-0.007740224566340936,-0.0014153974198926056,-0.005646994906309821,-0.06105537960391952,0.5111522486837712
2446,2020-11-13,0.5098921882630937,0.5072822035197458,0.5076883435563926,0.507708552425712,0.1095442188961373,-0.005492561796770934,-0.0038700451640253375,-0.006773240763239707,-0.0036961659927955415,-0.009163405815047793,0.5072822035197458
2447,2020-11-16,0.5116214914674491,0.508402645783007,0.511327864357325,0.5117129029047549,0.1317811388263265,0.0017293032043553813,0.0011204422632611344,0.0036395208009324387,0.004004350479042906,0.022236919930189197,0.508402645783007
2448,2020-11-17,0.5134522645658057,0.5133929094798096,0.511024506844133,0.5122261669873471,0.1216591446128206,0.001830773098356664,0.004990263696802666,-0.000303357513191993,0.0005132640825922241,-0.010121994213505903,0.5133929094798096
2449,2020-11-18,0.5146728692268911,0.5106431723407552,0.5120354844429318,0.5128422301652665,0.1008062048931713,0.0012206046610854226,-0.0027497371390544645,0.0010109775987987568,0.0006160631779194015,-0.0208529397196493,0.5106431723407552
2450,2020-11-19,0.5146728060402068,0.5163463308513867,0.5143605453526345,0.5160249839773261,0.1399072878941065,-6.318668432925278e-08,0.005703158510631523,0.0023250609097027475,0.003182753812059569,0.039101083000935205,0.5163463308513867
2451,2020-11-20,0.5124350569794307,0.5111522486837712,0.509406916565667,0.513560811336314,0.0847811708763945,-0.0022377490607761175,-0.005194082167615521,-0.00495362878696759,-0.0024641726410120635,-0.055126117017712,0.5111522486837712
2452,2020-11-24,0.5183344908776376,0.5153278649426771,0.5171911392111405,0.519515757413059,0.127588407199028,0.005899433898206907,0.004175616258905945,0.007784222645473515,0.00595494607674496,0.0428072363226335,0.5153278649426771
2453,2020-11-25,0.5165036883820587,0.5097265485483069,0.5137540183623089,0.5119181574108569,0.1762229286186712,-0.001830802495578876,-0.005601316394370226,-0.003437120848831521,-0.0075976000022021095,0.048634521419643195,0.5097265485483069
2454,2020-11-26,0.508569926443506,0.5101338275211584,0.5076883758538969,0.5094539808319053,0.1015346155302975,-0.007933761938552775,0.00040727897285153247,-0.006065642508412017,-0.0024641765789515935,-0.0746883130883737,0.5101338275211584
2455,2020-11-27,0.5081631852835546,0.5081989168043877,0.5070819084217543,0.5110968213869476,0.1255779938405596,-0.0004067411599513182,-0.0019349107167707658,-0.0006064674321426544,0.0016428405550422687,0.024043378310262098,0.5081989168043877
2456,2020-11-30,0.5073493578499316,0.4955702259114086,0.504453415728396,0.4973387781861348,0.1980228021665846,-0.0008138274336230156,-0.012628690892979078,-0.0026284926933582975,-0.013758043200812753,0.07244480832602501,0.4955702259114086
2457,2020-12-01,0.4983985423240904,0.5006623764705693,0.5002075058573818,0.50000824227942,0.1128482895461419,-0.008950815525841205,0.005092150559160735,-0.004245909871014142,0.0026694640932851676,-0.0851745126204427,0.5006623764705693
2458,2020-12-02,0.5057220531821929,0.5078933904556039,0.5060709712768708,0.5081193380516228,0.1462648559349441,0.0073235108581024555,0.007231013985034562,0.005863465419489011,0.008111095772202814,0.033416566388802194,0.5078933904556039
2459,2020-12-03,0.5092819922277941,0.5117633908735324,0.5127430626718434,0.5131501961807166,0.1294677066428136,0.003559939045601257,0.0038700004179285097,0.006672091394972601,0.005030858129093763,-0.016797149292130498,0.5117633908735324
2460,2020-12-04,0.5088750912975266,0.5108467670810841,0.5091036865462578,0.512123439844632,0.0772377503183154,-0.0004069009302675175,-0.000916623792448279,-0.003639376125585625,-0.0010267563360845111,-0.0522299563244982,0.5108467670810841
2461,2020-12-07,0.5152830837795512,0.5124762856873614,0.5141583657226135,0.5153062674770253,0.0970097286524694,0.006407992482024616,0.001629518606277247,0.005054679176355714,0.0031828276323933036,0.019771978334154006,0.5124762856873614
2462,2020-12-08,0.5060271700236713,0.5083007141745522,0.5066775033777874,0.5105834194185065,0.0946059735499529,-0.009255913755879974,-0.0041755715128091175,-0.007480862344826145,-0.004722848058518858,-0.0024037551025165027,0.5083007141745522
2463,2020-12-09,0.5091803249392032,0.5130874278771226,0.510215824660343,0.5118155186803097,0.0756031968486042,0.0031531549155319194,0.004786713702570333,0.003538321282555601,0.0012320992618032323,-0.0190027767013487,0.5130874278771226
2464,2020-12-10,0.5124351429957328,0.5148186991074675,0.5131474509160601,0.516949044124006,0.0852444400416068,0.003254818056529607,0.0017312712303448885,0.002931626255717079,0.005133525443696274,0.009641243193002608,0.5148186991074675
2465,2020-12-11,0.5166053465776274,0.5182813310603509,0.5146637863201858,0.5173596454170932,0.1088944766078208,0.0041702035818945715,0.0034626319528834326,0.0015163354041257682,0.0004106012930872316,0.02365003656621399,0.5182813310603509
2466,2020-12-14,0.5167071055647747,0.5191979548527992,0.5216392270425204,0.5203371651087346,0.1145265476540807,0.0001017589871473712,0.000916623792448279,0.0069754407223345805,0.002977519691641395,0.005632071046259901,0.5191979548527992
2467,2020-12-15,0.516503643046258,0.5150223385938932,0.5146638091118988,0.516435628413972,0.100937318807854,-0.00020346251851677266,-0.004175616258905945,-0.006975417930621619,-0.003901536694762675,-0.013589228846226695,0.5150223385938932
2468,2020-12-16,0.5187413912277622,0.5221514209704731,0.5184042856054513,0.5236226462439566,0.0864536016992363,0.00223774818150424,0.007129082376579832,0.0037404764935524693,0.007187017829984654,-0.014483717108617705,0.5221514209704731
2469,2020-12-17,0.5215894336649165,0.5202164207615088,0.5210327260954818,0.5234173547653073,0.0831407901215863,0.002848042437154308,-0.0019350002089643104,0.002628440490030526,-0.00020529147864933872,-0.003312811577649996,0.5202164207615088
2470,2020-12-18,0.518741338531696,0.5286693611572916,0.525682919348355,0.522493223521678,0.173428745414655,-0.002848095133220485,0.008452940395782815,0.0046501932528731915,-0.0009241312436292226,0.0902879552930687,0.5286693611572916
2471,2020-12-21,0.5289127698153372,0.5271417294133725,0.5261883913108301,0.5278321155143216,0.0876511087866718,0.010171431283641175,-0.0015276317439191223,0.0005054719624750792,0.005338891992643591,-0.0857776366279832,0.5271417294133725
2472,2020-12-22,0.5228099631794377,0.5187905863877541,0.5196173997361072,0.5213638689598286,0.0947924466730572,-0.00610280663589946,-0.008351143025618346,-0.006570991574722851,-0.006468246554493073,0.007141337886385393,0.5187905863877541
2473,2020-12-23,0.5168087712090174,0.5151241807101545,0.5146637953535848,0.51735965449781,0.0766025762427413,-0.006001191970420372,-0.0036664056775995713,-0.0049536043825224585,-0.004004214462018596,-0.01818987043031589,0.5151241807101545
2474,2020-12-24,0.5187413541129726,0.5181794889440897,0.5179998646952676,0.5195157522564001,0.0745659401013364,0.00193258290395526,0.0030553082339351834,0.0033360693416828457,0.0021560977585901586,-0.00203663614140491,0.5181794889440897
2475,2020-12-25,0.5176225292160695,0.5203182181316732,0.5166856616056783,0.5224932559596037,0.0481654249693339,-0.00111882489690307,0.00213872918758351,-0.0013142030895892942,0.002977503703203599,-0.02640051513200249,0.5203182181316732
2476,2020-12-28,0.5192500069952596,0.5186887890175896,0.5182021332454916,0.5212612817313584,0.0752302506023955,0.0016274777791900341,-0.0016294291140835915,0.0015164716398132772,-0.0012319742282452806,0.02706482563306159,0.5186887890175896
2477,2020-12-29,0.5165036441820366,0.5217440077593312,0.5185053270309201,0.5176676827712695,0.092592646548936,-0.0027463628132229356,0.0030552187417415277,0.0003031937854285349,-0.0035935989600889284,0.0173623959465405,0.5217440077593312
2478,2020-12-30,0.5168088732372632,0.5175685257387156,0.5170901262899358,0.5181811506538387,0.0996436615163178,0.0003052290552265635,-0.004175482020615573,-0.0014152007409843348,0.0005134678825692296,0.007051014967381808,0.5175685257387156
2479,2021-01-04,0.5181310654963897,0.5151241807101545,0.5153714577760254,0.514998231757692,0.0964444819980595,0.0013221922591264423,-0.002444345028561057,-0.0017186685139103375,-0.003182918896146747,-0.0031991795182583077,0.5151241807101545
2480,2021-01-05,0.5116214871687,0.5120690067145098,0.51021585056268,0.5147930323496528,0.0915145988059892,-0.0065095783276896135,-0.0030551739956447,-0.005155607213345403,-0.00020519940803920278,-0.0049298831920703,0.5120690067145098
2481,2021-01-06,0.5126385572680023,0.5173647967600962,0.5157758520958989,0.5167436755192965,0.0955674755909595,0.0010170700993022974,0.005295790045586335,0.0055600015332188946,0.0019506431696436621,0.004052876784970308,0.5173647967600962
2482,2021-01-07,0.5249459932376705,0.5320302852322041,0.5325573122614321,0.5287562250238791,0.2417798859600306,0.012307435969668212,0.014665488472107913,0.01678146016553317,0.012012549504582637,0.14621241036907112,0.5320302852322041
2483,2021-01-08,0.5315573605750538,0.5352892329525649,0.5315463404987038,0.5351218283743246,0.1613924880467814,0.006611367337383212,0.0032589477203608386,-0.001010971762728352,0.006365603350445559,-0.0803873979132492,0.5352892329525649
2484,2021-01-12,0.5333881948275224,0.53569660141761,0.5317485332544878,0.5311176374950154,0.154874669665776,0.0018308342524686605,0.00040736846504507707,0.0002021927557840364,-0.004004190879309255,-0.0065178183810054025,0.53569660141761
2485,2021-01-13,0.5350156084255883,0.5495472634674341,0.5454971163332444,0.5379965535678756,0.1949518229204604,0.001627413598065841,0.013850662049824103,0.013748583078756593,0.006878916072860175,0.04007715325468439,0.5495472634674341
2486,2021-01-14,0.5492555163042045,0.5481214290936794,0.5503495355013782,0.5499063877006382,0.1833584392199596,0.014239907878616287,-0.001425834373754653,0.004852419168133837,0.011909834132762587,-0.011593383700500809,0.5481214290936794
2487,2021-01-15,0.5485435410109083,0.5479177896072537,0.5458003914919427,0.5511384759991182,0.1130842945925708,-0.000711975293296252,-0.00020363948642576624,-0.004549144009435513,0.001232088298480094,-0.07027414462738879,0.5479177896072537
2488,2021-01-18,0.5410167283007257,0.5422145416044286,0.5408468757584585,0.543951496745856,0.0923275050770221,-0.007526812710182629,-0.005703248002825068,-0.004953515733484237,-0.007186979253262282,-0.0207567895155487,0.5422145416044286
2489,2021-01-19,0.5407116068454573,0.5440477444432283,0.5430709148672733,0.5453889003374038,0.1042967486662801,-0.00030512145526839785,0.0018332028387997301,0.002224039108814857,0.00143740359154787,0.011969243589257994,0.5440477444432283
2490,2021-01-20,0.5449835957954676,0.545473578816983,0.5437785784193832,0.5470316516494891,0.1090751224458281,0.0042719889500103525,0.001425834373754653,0.0007076635521098273,0.0016427513120852444,0.004778373779547998,0.545473578816983
2491,2021-01-21,0.5490521644989577,0.5491399397484857,0.5495408687395995,0.5527812174244495,0.1356883334838715,0.004068568703490039,0.0036663609315027434,0.005762290320216357,0.005749565774960441,0.0266132110380434,0.5491399397484857
2492,2021-01-22,0.5457972930203966,0.546593842095857,0.5450927958123891,0.5500090988316746,0.1008469958888503,-0.003254871478561072,-0.0025460976526286982,-0.004448072927210389,-0.0027721185927749303,-0.0348413375950212,0.546593842095857
2493,2021-01-25,0.548238453851769,0.551482353168592,0.5489343376783468,0.5525759141100535,0.0893526760349986,0.0024411608313723576,0.0048885110727349135,0.003841541865957643,0.0025668152783788756,-0.0114943198538517,0.551482353168592
2494,2021-01-26,0.5512898394111949,0.5550468272377367,0.5533823774457397,0.5553479993512632,0.1561974633827972,0.0030513855594259676,0.0035644740691447296,0.004448039767392942,0.002772085241209754,0.0668447873477986,0.5550468272377367
2495,2021-01-27,0.5550532792282304,0.5592224434966425,0.5573250091463617,0.5597628790134841,0.1456180272891761,0.00376343981703553,0.004175616258905834,0.003942631700622035,0.004414879662220872,-0.01057943609362108,0.5592224434966425
2496,2021-01-28,0.5419321832288465,0.5467975263283796,0.5473168241442382,0.545799605775056,0.3943003324466148,-0.013121095999383936,-0.012424917168262883,-0.010008185002123526,-0.013963273238428053,0.24868230515743867,0.5467975263283796
2497,2021-01-29,0.5472213210634489,0.5392611202328516,0.5460026389326458,0.5424114567639643,0.161130260217416,0.0052891378346023865,-0.007536406095528081,-0.0013141852115924335,-0.0033881490110917456,-0.23317007222919878,0.5392611202328516
2498,2021-02-01,0.5378635381261688,0.5402794966493675,0.540139169152271,0.5425140694970474,0.0894080352434202,-0.009357782937280068,0.0010183764165159204,-0.005863469780374775,0.00010261273308309615,-0.0717222249739958,0.5402794966493675
2499,2021-02-02,0.5398979119426548,0.5418072178854803,0.5397348546293564,0.5427194688047238,0.0880444505307199,0.002034373816485968,0.0015277212361127779,-0.0004043145229145617,0.00020539930767637937,-0.0013635847127003026,0.5418072178854803
2500,2021-02-03,0.5462041637591751,0.545473578816983,0.5491364884913308,0.5465183086536327,0.1617741752206355,0.006306251816520336,0.0036663609315027434,0.009401633861974346,0.0037988398489089414,0.07372972468991561,0.545473578816983
2501,2021-02-04,0.5433561671750143,0.5501583609110986,0.5476201031639631,0.5478530157742502,0.183332216437023,-0.0028479965841607946,0.004684782094115603,-0.001516385327367642,0.001334707120617451,0.02155804121638749,0.5501583609110986
2502,2021-02-05,0.553324111166443,0.560037135680636,0.5560107837053763,0.5539105834257506,0.1737696415928301,0.00996794399142864,0.009878774769537357,0.00839068054141312,0.006057567651500451,-0.0095625748441929,0.560037135680636
2503,2021-02-08,0.5634956039034644,0.5780635482276564,0.5739043421445393,0.5684899739488848,0.21597958119302,0.010171492737021448,0.01802641254702042,0.01789355843916307,0.014579390523134172,0.0422099396001899,0.5780635482276564
2504,2021-02-09,0.5797698457261615,0.5789801272740078,0.5802731819091639,0.5800918232469792,0.1449158394349864,0.0162742418226971,0.0009165790463514512,0.006368839764624545,0.01160184929809438,-0.0710637417580336,0.5789801272740078
2505,2021-02-10,0.5777355353087651,0.5831556540407202,0.5812840431598103,0.5815291633976282,0.1141798241908086,-0.0020343104173964344,0.004175526766712401,0.001010861250646422,0.0014373401506490024,-0.030736015244177795,0.5831556540407202
2506,2021-02-12,0.5828211925766454,0.5811187669693979,0.5799698302179805,0.5823504894225716,0.0970272105077604,0.00508565726788035,-0.002036887071322324,-0.0013142129418297621,0.0008213260249434473,-0.0171526136830482,0.5811187669693979
2507,2021-02-15,0.5828212202571461,0.5882478493459776,0.5872485450334837,0.588305453929326,0.118020005069738,2.7680500669369223e-08,0.007129082376579721,0.007278714815503129,0.005954964506754368,0.0209927945619776,0.5882478493459776
2508,2021-02-16,0.5900429025073797,0.5949695185114154,0.5942239543356482,0.5954924447540269,0.1649617001686999,0.007221682250233563,0.006721669165437816,0.006975409302164559,0.007186990824700867,0.0469416950989619,0.5949695185114154
2509,2021-02-17,0.5965526201580043,0.6078018041447235,0.6039288800453548,0.6006259969582721,0.203386818098382,0.00650971765062458,0.012832285633308071,0.009704925709706602,0.005133552204245273,0.03842511792968209,0.6078018041447235
2510,2021-02-18,0.6100805937813988,0.6063759697709689,0.61565564080254,0.6081209995445903,0.2005227074732017,0.01352797362339453,-0.001425834373754653,0.01172676075718515,0.007495002586318189,-0.0028641106251802995,0.6063759697709689
2511,2021-02-19,0.5995022887030819,0.5995524584892697,0.5981665608277014,0.6022687220561618,0.1560255584724355,-0.010578305078316919,-0.006823511281699113,-0.017489079974838617,-0.005852277488428537,-0.044497149000766206,0.5995524584892697
2512,2021-02-22,0.6093685884311841,0.6074962777959397,0.6136338006502273,0.6124331912846944,0.1486161654715876,0.009866299728102268,0.007943819306669986,0.015467239822525958,0.010164469228532647,-0.007409393000847891,0.6074962777959397
2513,2021-02-24,0.6102839585302879,0.6151344812616323,0.6144424750549953,0.612638464835821,0.1856543895481814,0.0009153700991038072,0.00763820346569255,0.0008086744047679506,0.0002052735511265391,0.037038224076593795,0.6151344812616323
2514,2021-02-25,0.6245239936028715,0.6196156686154188,0.6227321540678292,0.6246510722286386,0.1388350674362568,0.014240035072583535,0.004481187353786553,0.00828967901283395,0.01201260739281762,-0.046819322111924605,0.6196156686154188
2515,2021-02-26,0.6115045396503632,0.6116718045626521,0.6134315472407587,0.6140758609873869,0.1951412096861133,-0.013019453952508253,-0.007943864052766703,-0.009300606827070568,-0.010575211241251714,0.0563061422498565,0.6116718045626521
2516,2021-03-01,0.6143524939672524,0.6145233838179679,0.6138358811519778,0.6156158774785411,0.1260703994312569,0.002847954316889223,0.0028515792553157615,0.00040433391121919016,0.0015400164911542058,-0.0690708102548564,0.6145233838179679
2517,2021-03-02,0.6190313559467391,0.609736759607591,0.6156555959091583,0.6113037343253434,0.1329349412755344,0.004678861979486637,-0.0047866242103769,0.0018197147571804573,-0.004312143153197723,0.006864541844277511,0.609736759607591
2518,2021-03-03,0.6102839579433545,0.6263372482886631,0.6217211612296782,0.6147945573837403,0.1602153764571854,-0.008747398003384532,0.016600488681072112,0.006065565320519939,0.0034908230583969857,0.02728043518165099,0.6263372482886631
2519,2021-03-04,0.6206587904244064,0.6181897894955674,0.6192949374924032,0.618901419168836,0.1424101068432722,0.010374832481051866,-0.008147458793095752,-0.0024262237372750795,0.004106861785095672,-0.017805269613913183,0.6181897894955674
2520,2021-03-05,0.6204554392978219,0.6185972027067093,0.6166665991967812,0.6145892966940428,0.1417982419080862,-0.0002033511265845389,0.0004074132111419049,-0.0026283382956219237,-0.0043121224747931786,-0.0006118649351860017,0.6185972027067093
2521,2021-03-08,0.6220828043990789,0.6202266765668897,0.624349636391029,0.6225976093657729,0.1669604589569742,0.00162736510125705,0.0016294738601804193,0.007683037194247788,0.008008312671730078,0.02516221704888799,0.6202266765668897
2522,2021-03-09,0.6226930113303614,0.6397805418734421,0.6354697249162267,0.6283471011000827,0.2491659698204905,0.0006102069312824421,0.019553865306552454,0.011120088525197636,0.005749491734309831,0.0822055108635163,0.6397805418734421
2523,2021-03-10,0.6344919634151553,0.6405954577879194,0.636480845471216,0.63861432854971,0.1526165966906847,0.011798952084793979,0.0008149159144772433,0.0010111205549893088,0.01026722744962727,-0.0965493731298058,0.6405954577879194
2524,2021-03-11,0.6407981408775687,0.6395768576409195,0.6451746677284154,0.6431317664541232,0.16652049893215,0.006306177462413354,-0.0010186001469998374,0.00869382225719939,0.0045174379044131685,0.013903902241465316,0.6395768576409195
2525,2021-03-12,0.6444598424861332,0.6499648877378602,0.6451746656725447,0.6468279239703069,0.1819744590094198,0.0036617016085644938,0.01038803009694067,-2.055870695905071e-09,0.0036961575161836846,0.01545396007726979,0.6499648877378602
2526,2021-03-15,0.6513764974412763,0.6556682252328788,0.6540709666204533,0.6573004555719878,0.132372608263673,0.006916654955143153,0.005703337495018612,0.008896300947908609,0.010472531601680934,-0.0496018507457468,0.6556682252328788
2527,2021-03-16,0.6564621158718779,0.6528166012314662,0.6548796283521958,0.6544256575826172,0.1552155658439511,0.005085618430601513,-0.0028516240014125893,0.0008086617317425437,-0.0028747979893706255,0.0228429575802781,0.6528166012314662
2528,2021-03-17,0.6485283453909875,0.6524090985281309,0.650835859033196,0.6525774985096019,0.085372640313741,-0.00793377048089039,-0.00040750270333533845,-0.004043769318999857,-0.0018481590730152764,-0.0698429255302101,0.6524090985281309
2529,2021-03-18,0.6525970118167304,0.654853398810595,0.6516446838921495,0.6570950342573876,0.1177665181680181,0.004068666425742884,0.002444300282464118,0.0008088248589535052,0.004517535747785684,0.032393877854277095,0.654853398810595
2530,2021-03-19,0.6487319496606874,0.6540387961187951,0.6524534725133194,0.6523722835719717,0.2448683470614458,-0.0038650621560429865,-0.0008146026917998928,0.0008087886211699535,-0.004722750685415833,0.1271018288934277,0.6540387961187951
2531,2021-03-22,0.6507662111935325,0.6674820897035741,0.6653933423615825,0.6556577406058434,0.1963124939906122,0.0020342615328451386,0.013443293584779026,0.01293986984826312,0.0032854570338716194,-0.0485558530708336,0.6674820897035741
2532,2021-03-23,0.6696849300817315,0.6572976096008657,0.666808582213709,0.6622285820736004,0.1350123684126184,0.01891871888819896,-0.010184480102708449,0.0014152398521264375,0.006570841467756994,-0.0613001255779938,0.6572976096008657
2533,2021-03-24,0.6499524186657669,0.6412064209932935,0.6459834538833868,0.6412837050497521,0.180943029547249,-0.01973251141596455,-0.016091188607572193,-0.02082512833032213,-0.020944877023848285,0.045930661134630596,0.6412064209932935
2534,2021-03-25,0.6444599049282226,0.651594495836331,0.6526556259001833,0.6501134871957341,0.1212658028687724,-0.005492513737544336,0.010388074843037498,0.006672172016796485,0.008829782145982068,-0.05967722667847661,0.651594495836331
2535,2021-03-26,0.6570723835470483,0.6593345414182848,0.6581146087399792,0.6607911996472584,0.1377104014125339,0.012612478618825751,0.007740045581953847,0.005458982839795845,0.010677712451524268,0.016444598543761513,0.6593345414182848
2536,2021-03-29,0.6650061321847688,0.6670746764924322,0.6631693339751987,0.6663354963914665,0.2121801913097697,0.00793374863772045,0.007740135074147392,0.005054725235219548,0.005544296744208088,0.0744697898972358,0.6670746764924322
2537,2021-03-30,0.660827067369906,0.6612523143799904,0.6631903835087134,0.663481622041558,0.1616372340208558,-0.004179064814862743,-0.0058223621124418035,2.1049533514672092e-05,-0.0028538743499084696,-0.05054295728891389,0.6612523143799904
2538,2021-03-31,0.6577119171730281,0.6508552903175979,0.6555532447937427,0.6561445676011629,0.1418973057547354,-0.003115150196877914,-0.010397024062392513,-0.007637138714970737,-0.007337054440395119,-0.01973992826612042,0.6508552903175979
2539,2021-04-01,0.6502355906176166,0.6383788256458495,0.6470905557117272,0.6408415226728262,0.1513433348969881,-0.007476326555411528,-0.012476464671748455,-0.008462689082015418,-0.015303044928336673,0.009446029142252704,0.6383788256458495
2540,2021-04-02,0.6435899919232443,0.6317247678326395,0.6413111222405966,0.6305696520109763,0.1174605857004251,-0.006645598694372312,-0.006654057813209935,-0.005779433471130635,-0.01027187066184998,-0.03388274919656299,0.6317247678326395
2541,2021-04-05,0.63092166767667,0.6508552903175979,0.6460585060115138,0.634552565069869,0.1347180905152194,-0.01266832424657427,0.01913052248495839,0.004747383770917213,0.003982913058892756,0.01725750481479431,0.6508552903175979
2542,2021-04-06,0.6525200391697368,0.643577292930949,0.6497738458310862,0.6460822746892524,0.1086876079868769,0.02159837149306676,-0.007277997386648916,0.003715339819572394,0.011529709619383377,-0.026030482528342502,0.643577292930949
2543,2021-04-07,0.6458743645071041,0.6473202591801316,0.6439944124042829,0.6460823033295481,0.101572492883428,-0.006645674662632661,0.0037429662491825777,-0.005779433426803315,2.864029569060733e-08,-0.007115115103448907,0.6473202591801316
2544,2021-04-08,0.6396440021325607,0.637546995706791,0.6392469801388609,0.6395836586215675,0.0940989997465131,-0.006230362374543441,-0.009773263473340621,-0.004747432265421958,-0.006498644707980561,-0.007473493136914894,0.637546995706791
2545,2021-04-09,0.6375672439550782,0.6333881592341759,0.6369764323225512,0.6385354871458558,0.0924848417746414,-0.0020767581774824295,-0.004158836472615057,-0.0022705478163097537,-0.001048171475711679,-0.0016141579718716992,0.6333881592341759
2546,2021-04-12,0.6334138058219716,0.637962955422417,0.6386278199668113,0.638745213276962,0.0995853886653477,-0.004153438133106646,0.0045747961882410815,0.0016513876442600939,0.00020972613110614713,0.0071005468907063,0.637962955422417
2547,2021-04-13,0.6396441164702714,0.637131214975552,0.6402791116199901,0.6414704507447999,0.0852327854714128,0.006230310648299819,-0.0008317404468649592,0.001651291653178788,0.0027252374678379265,-0.014352603193934901,0.637131214975552
2548,2021-04-14,0.6340368548693561,0.6302691325584323,0.6301650792201888,0.6349718770888788,0.0610349841060798,-0.005607261600915292,-0.006862082417119719,-0.010114032399801243,-0.006498573655921103,-0.024197801365333005,0.6302691325584323
2549,2021-04-15,0.6329984330741573,0.632764398645124,0.6359444779116623,0.637697039415764,0.0520172604184573,-0.0010384217951988628,0.0024952660866917054,0.005779398691473481,0.0027251623268852443,-0.009017723687622499,0.632764398645124
2550,2021-04-16,0.6338291203716873,0.637754975564604,0.6342932287583236,0.6372777582569824,0.0613962757820945,0.0008306872975299973,0.0049905769194800165,-0.0016512491533386964,-0.00041928115878164807,0.009379015363637201,0.637754975564604
2551,2021-04-19,0.636736652211009,0.6356756244474416,0.6334676155540055,0.6383259714719182,0.0575356994053255,0.0029075318393216865,-0.002079351117162398,-0.0008256132043180653,0.001048213214935756,-0.0038605763767690024,0.6356756244474416
2552,2021-04-20,0.6313370425500034,0.6263182759436303,0.6274817534307833,0.6297310896710547,0.1008324276761078,-0.0053996096610055,-0.009357348503811314,-0.005985862123222274,-0.00859488180086343,0.0432967282707823,0.6263182759436303
2553,2021-04-21,0.6147228868165946,0.6221593947249184,0.6204638293551885,0.6196687599676932,0.1177169862446935,-0.016614155733408853,-0.004158881218711885,-0.007017924075594761,-0.010062329703361517,0.0168845585685857,0.6221593947249184
2554,2021-04-22,0.6275987797927512,0.626526121563153,0.6254175987351404,0.6274250930022524,0.0645313551642857,0.012875892976156655,0.00436672683823458,0.0049537693799518445,0.0077563330345591375,-0.0531856310804078,0.626526121563153
2555,2021-04-23,0.6223031184986463,0.6254865354967654,0.6208767181659824,0.6263770195666286,0.071020037119806,-0.00529566129410497,-0.0010395860663876544,-0.004540880569157912,-0.001048073435623742,0.006488681955520312,0.6254865354967654
2556,2021-04-26,0.627391198630421,0.6263182759436303,0.626862528003781,0.6297310896710547,0.0619644360790529,0.005088080131774753,0.0008317404468649592,0.005985809837798506,0.003354070104426121,-0.009055601040753106,0.6263182759436303
2557,2021-04-27,0.6218877786975501,0.6181045929273067,0.6200510472683171,0.622289205905231,0.1051824960010256,-0.0055034199328709565,-0.008213683016323636,-0.006811480735463893,-0.007441883765823776,0.043218059921972696,0.6181045929273067
2558,2021-04-28,0.6202263092221435,0.6211197191663372,0.6181933276336178,0.6236517755460632,0.0746562630203401,-0.001661469475406574,0.003015126239030552,-0.001857719634699273,0.0013625696408322563,-0.03052623298068549,0.6211197191663372
2559,2021-04-30,0.6214723546017459,0.6279817568373602,0.6266560724970972,0.6256432283745648,0.1224807918114989,0.0012460453796023785,0.0068620376710230024,0.008462744863479421,0.00199145282850155,0.047824528791158796,0.6279817568373602
2560,2021-05-06,0.6417208038248994,0.6562616927144137,0.6545211901091162,0.6446148085757638,0.2223342355913092,0.020248449223153497,0.028279935877053464,0.02786511761201904,0.018971580201199045,0.09985344377981029,0.6562616927144137
2561,2021-05-07,0.6539737761779016,0.6302691325584323,0.6559661508841178,0.6251192140392168,0.3130475826964596,0.012252972353002267,-0.025992560155981392,0.001444960775001558,-0.019495594536547034,0.09071334710515042,0.6302691325584323
2562,2021-05-10,0.6273911918077341,0.6261103408319141,0.6274817466071114,0.625748109327249,0.1911466057521131,-0.026582584370167583,-0.0041587917265182295,-0.02848440427700638,0.0006288952880322274,-0.12190097694434651,0.6261103408319141
2563,2021-05-11,0.6242760135001562,0.6224713197655412,0.6233535739790568,0.6244902957752181,0.1497146087123739,-0.003115178307577904,-0.003639021066372927,-0.004128172628054649,-0.0012578135520309175,-0.04143199703973918,0.6224713197655412
2564,2021-05-12,0.6180457648181565,0.6039646473618283,0.6144780353896454,0.6014309392025883,0.2080078551803107,-0.006230248681999617,-0.018506672403712843,-0.00887553858941137,-0.023059356572629808,0.05829324646793679,0.6039646473618283
2565,2021-05-13,0.6009124468546059,0.5990780156251581,0.6029191928429987,0.6018502209088653,0.1318743753878786,-0.017133317963550665,-0.004886631736670255,-0.011558842546646741,0.00041928170627703043,-0.0761334797924321,0.5990780156251581
2566,2021-05-14,0.605377503109242,0.6103068248805122,0.6099370638043099,0.6110739869906406,0.1153219720698225,0.004465056254636113,0.011228809255354189,0.0070178709613112344,0.00922376608177533,-0.016552403318056103,0.6103068248805122
2567,2021-05-17,0.6116077447427981,0.6099948550937927,0.6109690604331373,0.6097113153089085,0.0860719145253822,0.006230241633556122,-0.0003119697867195459,0.0010319966288273585,-0.0013626716817320972,-0.029250057544440308,0.6099948550937927
2568,2021-05-18,0.6134768861236961,0.6152974017999923,0.6134460135133891,0.6151617817763532,0.1094335004792942,0.0018691413808979984,0.005302546706199562,0.0024769530802518647,0.005450466467444626,0.02336158595391201,0.6152974017999923
2569,2021-05-19,0.606831151557363,0.6105147152461318,0.6073568695577967,0.6114931469922921,0.1041976848196309,-0.006645734566333106,-0.0047826865538604935,-0.006089143955592458,-0.0036686347840610978,-0.005235815659663301,0.6105147152461318
2570,2021-05-20,0.6084926207313002,0.6074995890071011,0.6047768321402239,0.6095017230279066,0.0916253172228324,0.001661469173937169,-0.0030151262390306632,-0.0025800374175727336,-0.0019914239643854525,-0.0125723675967985,0.6074995890071011
2571,2021-05-21,0.6045466955369406,0.6054201483977452,0.6036415170787317,0.6085583405534054,0.098588922913759,-0.003945925194359545,-0.0020794406093559425,-0.0011353150614922258,-0.0009433824745012087,0.006963605690926591,0.6054201483977452
2572,2021-05-24,0.6061043070482565,0.6124901659265811,0.6111754753168561,0.6112835656763301,0.0887466383849096,0.0015576115113158373,0.007070017528835959,0.007533958238124416,0.0027252251229247237,-0.009842284528849388,0.6124901659265811
2573,2021-05-25,0.6140999161238128,0.6152974017999923,0.6109691117600303,0.6158954642089468,0.0846733661020998,0.007995609075556298,0.0028072358734111402,-0.00020636355682579488,0.004611898532616676,-0.004073272282809806,0.6152974017999923
2574,2021-05-26,0.6099463242701821,0.6120742957031486,0.6085953433076455,0.6134846759635028,0.090497737556561,-0.004153591853630623,-0.00322310609684362,-0.0023737684523847946,-0.002410788245444051,0.0058243714544612,0.6120742957031486
2575,2021-05-27,0.6120230409569265,0.6051082233571224,0.6103498034003392,0.6100257299480873,0.297998618933432,0.002076716686744362,-0.0069660723460261975,0.0017544600926936438,-0.0034589460154154095,0.207500881376871,0.6051082233571224
2576,2021-05-28,0.6143075144195907,0.6271499716443985,0.6241791750953912,0.6186206248677295,0.193789279543607,0.0022844734626642493,0.02204174828727601,0.01382937169505205,0.00859489491964216,-0.10420933938982499,0.6271499716443985
2577,2021-05-31,0.6191879755253442,0.6204959585772853,0.6217023465375437,0.6240710743550076,0.0935920259430732,0.004880461105753464,-0.006654013067113107,-0.002476828557847477,0.005450449487278131,-0.1001972536005338,0.6204959585772853
2578,2021-06-01,0.623860610678509,0.6205998142679015,0.6206702020950193,0.6213457963621605,0.0872606806851721,0.004672635153164739,0.00010385569061610589,-0.0010321444425244186,-0.0027252779928471638,-0.0063313452579010915,0.6205998142679015
2579,2021-06-02,0.6244836977102722,0.6383788256458495,0.6340868220562763,0.6270058862657584,0.1451634990516093,0.0006230870317632808,0.017779011377948017,0.013416619961256981,0.005660089903597898,0.057902818366437195,0.6383788256458495
2580,2021-06-03,0.6406824878186532,0.637754975564604,0.6408982743442703,0.639583710354982,0.106921940602483,0.01619879010838099,-0.0006238500812454362,0.006811452287993958,0.012577824089223588,-0.0382415584491263,0.637754975564604
2581,2021-06-04,0.6354905003872635,0.6396264363161469,0.63491240833309,0.6385354972589351,0.0719961073735552,-0.005191987431389711,0.001871460751542875,-0.00598586601118023,-0.0010482130960468572,-0.0349258332289278,0.6396264363161469
2582,2021-06-07,0.6388134600588683,0.6421218366411289,0.6392470939692823,0.6427282355036419,0.0673167974406563,0.003322959671604786,0.0024954003249819667,0.004334685636192215,0.004192738244706784,-0.0046793099328989035,0.6421218366411289
2583,2021-06-08,0.6367366332035299,0.6383788256458495,0.6398662844328232,0.6414704152367839,0.0914738078103102,-0.0020768268553383873,-0.0037430109952794055,0.0006191904635409751,-0.0012578202668579452,0.024157010369653897,0.6383788256458495
2584,2021-06-09,0.6398518263069275,0.640250375889586,0.6373894258522783,0.6406319479002338,0.0795890598549588,0.0031151931033975844,0.0018715502437365306,-0.002476858580544916,-0.0008384673365501305,-0.011884747955351396,0.640250375889586
2585,2021-06-10,0.6346598550104348,0.638794695869282,0.6355316822249021,0.6374874173956178,0.0911154297768441,-0.005191971296492737,-0.001455680020304051,-0.0018577436273762293,-0.00314453050461605,0.011526369921885299,0.638794695869282
2586,2021-06-11,0.6381903516269808,0.6362993850364935,0.634706004172929,0.6364392313113817,0.0770075725569835,0.0035304966165460305,-0.002495310832788422,-0.0008256780519730889,-0.001048186084236069,-0.014107857219860603,0.6362993850364935
2587,2021-06-14,0.6394364741958052,0.6356756244474416,0.6373894018111305,0.6393741385713221,0.0538907325771459,0.0012461225688243927,-0.0006237605890518916,0.002683397638201468,0.002934907259940389,-0.0231168399798376,0.6356756244474416
2588,2021-06-15,0.6315447011346111,0.6346358593966669,0.6314034962450711,0.633923676066376,0.0683802769708606,-0.00789177306119404,-0.0010397650507747436,-0.00598590556605938,-0.005450462504946074,0.014489544393714707,0.6346358593966669
2589,2021-06-16,0.6346599170235034,0.6381709352802301,0.6382150042093342,0.6400030500903237,0.0734820650732926,0.0031152158888922976,0.0035350758835631657,0.006811507964263108,0.006079374023947648,0.0051017881024319894,0.6381709352802301
2590,2021-06-17,0.6379826496320676,0.6362993850364935,0.6373893393056146,0.6414703714798511,0.0630220883241602,0.003322732608564194,-0.0018715502437365306,-0.0008256649037196029,0.0014673213895274317,-0.01045997674913239,0.6362993850364935
2591,2021-06-18,0.6240683154390027,0.6216395345725795,0.623766331641739,0.6259576647266615,0.1552097385588541,-0.013914334193064981,-0.014659850463914048,-0.013623007663875586,-0.015512706753189609,0.09218765023469389,0.6216395345725795
2592,2021-06-21,0.6111924306649317,0.6050043229204095,0.6075633723964667,0.6085584101238671,0.1515327216626409,-0.012875884774070978,-0.016635211652169968,-0.016202959245272264,-0.017399254602794345,-0.003677016896213192,0.6050043229204095
2593,2021-06-22,0.6186687439911946,0.6275658866139278,0.6231471403925839,0.6221843437276976,0.1181190689163872,0.007476313326262973,0.02256156369351825,0.01558376799611716,0.013625933603830465,-0.0334136527462537,0.6275658866139278
2594,2021-06-23,0.6261450536365131,0.6304770229240518,0.6293393442615877,0.6316176816485867,0.0731848735333451,0.007476309645318424,0.002911136310124074,0.006192203869003765,0.009433337920889073,-0.044934195383042094,0.6304770229240518
2595,2021-06-24,0.6282218802113625,0.6342200339193312,0.6303714722507947,0.633085196524522,0.0729022502061402,0.002076826574849422,0.0037430109952794055,0.0010321279892070434,0.0014675148759353274,-0.0002826233272048978,0.6342200339193312
2596,2021-06-25,0.638398056148601,0.6423297270067483,0.6375957758509795,0.6404222833125622,0.0792802137448173,0.010176175937238519,0.008109693087417047,0.007224303600184778,0.007337086788040237,0.006377963538677089,0.6423297270067483
2597,2021-06-28,0.6417208283575508,0.643577292930949,0.6396598062728919,0.6454533821690386,0.0678820440950663,0.0033227722089498313,0.001247565924200722,0.0020640304219123884,0.005031098856476346,-0.011398169649750989,0.643577292930949
2598,2021-06-29,0.6379826218147158,0.6304770229240518,0.6340867511555203,0.6353910366104129,0.0883445557132159,-0.0037382065428350764,-0.013100270006897174,-0.005573055117371606,-0.01006234555862573,0.02046251161814959,0.6304770229240518
2599,2021-06-30,0.6348675215011951,0.6296452824771869,0.6320227282638402,0.6347621933156703,0.0792073726811047,-0.003115100313520691,-0.0008317404468649592,-0.002064022891680062,-0.0006288432947425537,-0.009137183032111196,0.6296452824771869
2600,2021-07-01,0.6302986230527121,0.6248626406694231,0.6281009175384095,0.6295214101481773,0.092563510123451,-0.004568898448482961,-0.004782641807763777,-0.003921810725430741,-0.0052407831674929906,0.013356137442346303,0.6248626406694231
2601,2021-07-02,0.630298619722765,0.6360914499247773,0.6314034746872332,0.6349718214078568,0.0781468067934489,-3.329947095842556e-09,0.011228809255354189,0.0033025571488237704,0.0054504112596794885,-0.014416703330002098,0.6360914499247773
2602,2021-07-05,0.6327907394211394,0.6360914499247773,0.6320227000505112,0.6366488425229763,0.0469038177458313,0.002492119698374373,0.0,0.0006192253632779643,0.0016770211151194703,-0.031242989047617603,0.6360914499247773
2603,2021-07-06,0.6371519374785007,0.6442010982660977,0.6408982395107458,0.641470353102029,0.0782866616357772,0.0043611980573613485,0.008109648341320441,0.00887553946023456,0.004821510579052779,0.0313828438899459,0.6442010982660977
2604,2021-07-07,0.6346598643540512,0.63484383925448,0.6344995988593586,0.6370681522865788,0.0954509298890193,-0.0024920731244495453,-0.009357259011617769,-0.006398640651387177,-0.004402200815450286,0.017164268253242104,0.63484383925448
2605,2021-07-08,0.6386056443222127,0.637546995706791,0.6375956621841656,0.6414703360806282,0.1146023023603418,0.003945779968161478,0.0027031564523110063,0.0030960633248070524,0.004402183794049441,0.019151372471322495,0.637546995706791
2606,2021-07-09,0.625106755610239,0.6369232798638358,0.6340868503836419,0.6293118665758349,0.1478615320515248,-0.013498888711973689,-0.0006237158429551748,-0.003508811800523759,-0.012158469504793268,0.033259229691183,0.6369232798638358
2607,2021-07-12,0.6437976567702166,0.6454487984285887,0.6448200795632097,0.6488074613424889,0.131518910996961,0.018690901159977624,0.00852551856475292,0.010733229179567871,0.019495594766653968,-0.0163426210545638,0.6454487984285887
2608,2021-07-13,0.6479511670899062,0.6514791403988435,0.6466777583360481,0.6511134544713009,0.0896819176429797,0.0041535103196895795,0.00603034197025476,0.0018576787728383781,0.0023059931288119673,-0.041836993353981305,0.6514791403988435
2609,2021-07-14,0.6481588853864831,0.6477362188957576,0.6468841326695471,0.6530001485577194,0.0710724826856791,0.00020771829657695307,-0.003742921503085861,0.00020637433349901535,0.0018866940864185056,-0.018609434957300594,0.6477362188957576
2610,2021-07-15,0.6431746103351376,0.638794695869282,0.6408982770619253,0.6437763427945072,0.0898013769874684,-0.004984275051345577,-0.008941523026475662,-0.005985855607621882,-0.009223805763212134,0.018728894301789298,0.638794695869282
2611,2021-07-16,0.6371519263016627,0.6398343266817664,0.6386277605463538,0.641470341849438,0.0707956866435711,-0.006022684033474834,0.0010396308124844822,-0.002270516515571419,-0.0023060009450692753,-0.019005690343897305,0.6398343266817664
2612,2021-07-19,0.6334137411902907,0.637546995706791,0.6357379861769061,0.638954766135214,0.0613321756460273,-0.0037381851113720277,-0.0022873309749754656,-0.0028897743694477063,-0.0025155757142240054,-0.009463510997543799,0.637546995706791
2613,2021-07-20,0.6265604491204397,0.6271499716443985,0.6283073568410199,0.6307792008564186,0.1116595233863519,-0.006853292069850969,-0.010397024062392513,-0.00743062933588623,-0.008175565278795371,0.05032734774032461,0.6271499716443985
2614,2021-07-21,0.6346598410156997,0.6281896919490765,0.6357380262765231,0.6332947737035391,0.0749272317773511,0.008099391895259989,0.0010397203046780268,0.00743066943550319,0.002515572847120562,-0.03673229160900081,0.6281896919490765
2615,2021-07-26,0.6410978349002082,0.6454487984285887,0.64213674428147,0.6467112040019214,0.0932278206245101,0.006437993884508497,0.017259106479512232,0.006398718004946957,0.013416430298382243,0.018300588847159002,0.6454487984285887
2616,2021-07-27,0.6460821192861548,0.645240952809066,0.6439944650089621,0.6479690339031657,0.0622732821891944,0.004984284385946558,-0.0002078456195226952,0.0018577207274920182,0.001257829901244345,-0.030954538435315697,0.645240952809066
2617,2021-07-28,0.6429669340956193,0.6464885634793635,0.6444072215528733,0.6488074707246899,0.0668797510583806,-0.003115185190535441,0.0012476106702974388,0.0004127565439112635,0.00083843682152418,0.004606468869186191,0.6464885634793635
2618,2021-07-29,0.6431745613680978,0.6398343266817664,0.6433751296334783,0.6448244607298549,0.0709268005582539,0.00020762727247847224,-0.006654236797597024,-0.0010320919193950173,-0.0039830099948350295,0.004047049499873306,0.6398343266817664
2619,2021-07-30,0.6394364768405577,0.6367153447521195,0.640072664265299,0.641680055105663,0.0996028705206387,-0.0037380845275400976,-0.00311898192964688,-0.0033024653681793525,-0.003144405624191937,0.028676069962384795,0.6367153447521195
2620,2021-08-02,0.6431746401182354,0.6560538023487942,0.6512187051622631,0.6460823248200273,0.1259392855165742,0.0037381632776777307,0.01933845759667463,0.011146040896964138,0.004402269714364304,0.026336414995935517,0.6560538023487942
2621,2021-08-03,0.6498202704204208,0.6622920346846685,0.6588558464183578,0.6479690050660911,0.2142255683788201,0.006645630302185346,0.006238232335874283,0.007637141256094715,0.0018866802460638654,0.08828628286224588,0.6622920346846685
2622,2021-08-04,0.6645652076401185,0.6633317102432497,0.6664929045715073,0.6662068091222629,0.1449449758604714,0.014744937219697718,0.001039675558581199,0.007637058153149523,0.018237804056171814,-0.0692805925183487,0.6633317102432497
2623,2021-08-05,0.6631115611960126,0.6612523143799904,0.6627775917841071,0.6622238369760765,0.1058642883573757,-0.0014536464441059493,-0.0020793958632592258,-0.0037153127874002267,-0.003982972146186481,-0.03908068750309569,0.6612523143799904
2624,2021-08-06,0.6604117959543464,0.6687382468783557,0.6642224574694474,0.6651587001406698,0.0910367614280344,-0.002699765241666152,0.007485932498365266,0.001444865685340302,0.0029348631645933487,-0.014827526929341306,0.6687382468783557
2625,2021-08-10,0.668303495037795,0.6627079944002945,0.6664930122411307,0.6662069167456686,0.1146285251432783,0.007891699083448556,-0.0060302524780612154,0.002270554771683253,0.001048216604998764,0.023591763715243907,0.6627079944002945
2626,2021-08-11,0.6707955659447066,0.6843337829719445,0.6792902631617557,0.6752209433473856,0.2035295865832588,0.0024920709069116143,0.021625788571649984,0.012797250920625003,0.009014026601717018,0.08890106143998049,0.6843337829719445
2627,2021-08-12,0.6853329394207722,0.6849575883070932,0.6852760658638558,0.6867506480384536,0.132696022586557,0.014537373476065651,0.0006238053351487194,0.00598580270210014,0.011529704691068066,-0.07083356399670179,0.6849575883070932
2628,2021-08-13,0.6840868675697908,0.6878687246172173,0.6840376031366152,0.6882180775094094,0.0812935407458342,-0.0012460718509814672,0.002911136310124074,-0.0012384627272405968,0.0014674294709557945,-0.0514024818407228,0.6878687246172173
2629,2021-08-16,0.6853329582776493,0.6770558750774891,0.6817671659791995,0.6825580755097911,0.076710381017036,0.001246090707858527,-0.010812849539728164,-0.0022704371574157056,-0.005660001999618358,-0.004583159728798192,0.6770558750774891
2630,2021-08-17,0.6832561691486324,0.6832941074133633,0.6813543769965452,0.687169905824256,0.0759178702438427,-0.002076789129016876,0.006238232335874172,-0.00041278898265428854,0.004611830314464882,-0.0007925107731933112,0.6832941074133633
2631,2021-08-18,0.6830485943927788,0.6887005993023726,0.6861017979823077,0.6894759480492761,0.0833330905297876,-0.0002075747558536456,0.005406491889009324,0.004747420985762529,0.0023060422250201773,0.007415220285944907,0.6887005993023726
2632,2021-08-19,0.6834639419708608,0.6674906362080583,0.6811480139087718,0.6729151032310808,0.1206044060102618,0.00041534757808203704,-0.021209963094314332,-0.004953784073535972,-0.01656084481819531,0.0372713154804742,0.6674906362080583
2633,2021-08-20,0.6616578223403677,0.6525188159574247,0.6584430370310614,0.6563541705917029,0.1240949497833706,-0.02180611963049306,-0.014971820250633594,-0.022704976877710337,-0.016560932639377968,0.003490543773108798,0.6525188159574247
2634,2021-08-23,0.6550121331181725,0.6633317102432497,0.6603006511242311,0.661175669158518,0.0887262428870701,-0.006645689222195217,0.010812894285824992,0.001857614093169646,0.00482149856681513,-0.035368706896300506,0.6633317102432497
2635,2021-08-24,0.667057394061406,0.672065298158009,0.6700018900877118,0.6716572524181414,0.0854163449519686,0.012045260943233438,0.008733587914759311,0.00970123896348074,0.01048158325962345,-0.0033098979351014884,0.672065298158009
2636,2021-08-25,0.6716262977355687,0.673936758909552,0.6747492515272965,0.6773172772640822,0.0548172709075705,0.004568903674162739,0.001871460751542986,0.004747361439584652,0.005660024845940748,-0.030599074044398107,0.673936758909552
2637,2021-08-26,0.678894837727111,0.6805907272305683,0.6794965790102192,0.6819290635014814,0.088691279176488,0.007268539991542311,0.00665396832101639,0.004747327482922725,0.004611786237399218,0.0338740082689175,0.6805907272305683
2638,2021-08-27,0.6751567754955788,0.673936758909552,0.6743364597908046,0.6781558262549172,0.0900199001786062,-0.0037380622315321688,-0.00665396832101639,-0.005160119219414616,-0.0037732372465641983,0.0013286210021181966,0.673936758909552
2639,2021-08-30,0.682425546886884,0.6893244046375213,0.6842441040927526,0.6865410471279371,0.0954421889613738,0.007268771391305107,0.015387645727969357,0.009907644301948015,0.00838522087301985,0.005422288782767598,0.6893244046375213
2640,2021-08-31,0.6855405673607639,0.6884924852062693,0.6871336677827451,0.6892661437158406,0.1522960960103492,0.0031150204738799037,-0.0008319194312520484,0.0028895636899924915,0.0027250965879035416,0.056853907048975416,0.6884924852062693
2641,2021-09-01,0.685955950922179,0.6928593015366973,0.6879593825579282,0.6911528771990372,0.0957481214289668,0.000415383561415128,0.004366816330428014,0.0008257147751831173,0.0018867334831965676,-0.056547974581382415,0.6928593015366973
2642,2021-09-02,0.6923940715774186,0.7026326992483283,0.6993119933853407,0.6966033735366951,0.1405570301824231,0.006438120655239632,0.009773397711630993,0.011352610827412457,0.0054504963376579285,0.044808908753456306,0.7026326992483283
2643,2021-09-03,0.7031929999085648,0.706167461909214,0.7028207043994509,0.707294338719916,0.131212978529368,0.010798928331146151,0.003534762660885704,0.0035087110141102107,0.01069096518322088,-0.009344051653055102,0.706167461909214
2644,2021-09-06,0.7100465158235878,0.7146932042044506,0.7104580291702718,0.7163086784916857,0.0938775629128267,0.006853515915023034,0.008525742295236616,0.007637324770820908,0.009014339771769686,-0.0373354156165413,0.7146932042044506
2645,2021-09-07,0.714823179778843,0.7167726895599034,0.7149990152504905,0.7196628481180181,0.0934725665985845,0.004776663955255223,0.0020794853554527704,0.00454098608021869,0.003354169626332393,-0.0004049963142422064,0.7167726895599034
2646,2021-09-08,0.7144076101017801,0.7242583983277847,0.7213975366927139,0.7202915738020946,0.1271484471742038,-0.00041556967706291026,0.007485708767881349,0.006398521442223415,0.0006287256840765698,0.033675880575619294,0.7242583983277847
2647,2021-09-09,0.7268682763264236,0.7361111024104812,0.735639788572183,0.7324501794919188,0.1748185529102918,0.01246066622464348,0.011852704082696452,0.014242251879469148,0.012158605689824187,0.047670105736088014,0.7361111024104812
2648,2021-09-10,0.7374597012732553,0.7454683614220989,0.742863974628683,0.7441894731507981,0.1508713248041303,0.01059142494683174,0.009357259011617769,0.007224186056499993,0.011739293658879268,-0.02394722810616151,0.7454683614220989
2649,2021-09-13,0.7432747050684739,0.7483795424783198,0.7428640073082782,0.7456568705859454,0.1092674228540294,0.0058150037952185984,0.0029111810562209017,3.2679595141082984e-08,0.001467397435147344,-0.041603901950100886,0.7483795424783198
2650,2021-09-14,0.7499202577334946,0.7587765665407123,0.7554548732017456,0.7552998397009798,0.1484092968506437,0.006645552665020649,0.010397024062392513,0.012590865893467473,0.009642969115034372,0.039141873996614285,0.7587765665407123
2651,2021-09-15,0.7511664995897582,0.7475479362697453,0.7517397036278337,0.7521555597831244,0.1112574407146582,0.0012462418562636524,-0.0112286302709671,-0.003715169573911936,-0.003144279917855375,-0.037151856135985484,0.7475479362697453
2652,2021-09-16,0.7563583719985947,0.7533701641438967,0.754216535891184,0.7571866308165154,0.1283139041936057,0.005191872408836451,0.005822227874151431,0.0024768322633502704,0.005031071033390955,0.017056463478947487,0.7533701641438967
2653,2021-09-17,0.7528279670867684,0.757113175139176,0.7531845916367893,0.7576059402357805,0.1919595120231459,-0.0035304049118263237,0.0037430109952792945,-0.0010319442543946789,0.00041930941926515697,0.06364560782954021,0.757113175139176
2654,2021-09-21,0.732060195085051,0.7344475767706545,0.7385294587250721,0.7358042756002611,0.1802437553356079,-0.02076777200171731,-0.022665598368521445,-0.014655132911717161,-0.02180166463551947,-0.011715756687537993,0.7344475767706545
2655,2021-09-22,0.7330985376638319,0.7209313470481313,0.7290347045366918,0.7211300755927993,0.1375443237872691,0.001038342578780882,-0.013516229722523199,-0.009494754188380305,-0.01467420000746178,-0.0426994315483388,0.7209313470481313
2656,2021-09-24,0.7393288907326457,0.7396460888018508,0.734814144351768,0.7385295403800629,0.1280604172918858,0.00623035306881381,0.018714741753719455,0.005779439815076115,0.01739946478726362,-0.009483906495383304,0.7396460888018508
2657,2021-09-27,0.7411980172286489,0.7415175942994905,0.7381167415293002,0.7460762880691766,0.112906562397112,0.0018691264960031262,0.0018715054976397028,0.0033025971775322294,0.007546747689113675,-0.015153854894773805,0.7415175942994905
2658,2021-09-28,0.7424438300446659,0.7469238624580159,0.7418318472425558,0.740835244075801,0.1443243699976399,0.001245812816016989,0.005406268158525407,0.0037151057132556176,-0.005241043993375549,0.0314178076005279,0.7469238624580159
2659,2021-09-29,0.7398303897043914,0.7443783017585485,0.7420508148109687,0.7450812112523618,0.1631872918566604,-0.002613440340274442,-0.0025455606994674307,0.00021896756841288667,0.004245967176560783,0.0188629218590205,0.7443783017585485
2660,2021-09-30,0.7489405992608755,0.7501059363841163,0.7485785451786132,0.7510691980525749,0.1484267787059348,0.009110209556484117,0.005727634625567801,0.006527730367644535,0.005987986800213063,-0.014760513150725602,0.7501059363841163
2661,2021-10-01,0.7309321798308819,0.7254984916538237,0.7298378643031385,0.7262617765239117,0.1637904158642009,-0.01800841942999365,-0.024607444730292527,-0.018740680875474758,-0.02480742152866322,0.015363637158266108,0.7254984916538237
2662,2021-10-04,0.7347456671965268,0.7286804313416338,0.7304695048080414,0.7324635608806288,0.1011733238542829,0.0038134873656449075,0.003181939687810109,0.0006316405049029417,0.006201784356717144,-0.062617092009918,0.7286804313416338
2663,2021-10-05,0.7305085199764835,0.7405600278284925,0.7369972581236455,0.7352438559917567,0.140198652148957,-0.004237147220043314,0.011879596486858657,0.006527753315604068,0.002780295111127873,0.03902532829467409,0.7405600278284925
2664,2021-10-06,0.7478813368337356,0.7562579877376007,0.7540534676300787,0.7523524577780929,0.1820647819284234,0.017372816857252116,0.01569795990910816,0.017056209506433273,0.01710860178633622,0.04186612977946641,0.7562579877376007
2665,2021-10-07,0.7491525664516229,0.7382266083738382,0.7477363912503457,0.7435843482638628,0.1409241491435347,0.0012712296178872817,-0.018031379363762423,-0.006317076379733,-0.008768109514230127,-0.04114063278488869,0.7382266083738382
2666,2021-10-08,0.7493643405067657,0.7435298710175862,0.7551062986729656,0.749572282771674,0.2237794022953676,0.00021177405514283265,0.005303262643747919,0.007369907422619892,0.00598793450781121,0.0828552531518329,0.7435298710175862
2667,2021-10-11,0.7461863890547155,0.7677131674965427,0.7620551440799633,0.751283135056611,0.1910970738287885,-0.0031779514520502428,0.024183296478956562,0.006948845406997695,0.0017108522849370589,-0.03268232846657912,0.7677131674965427
2668,2021-10-12,0.7730930825754809,0.7855323161232984,0.7805851971070018,0.7718133925801405,0.2602261569346149,0.026906693520765468,0.01781914862675571,0.018530053027038473,0.020530257523529438,0.06912908310582644,0.7855323161232984
2669,2021-10-13,0.7817796743066544,0.7821383246828687,0.7864813795055601,0.7831480176407563,0.1675140510411901,0.008686591731173476,-0.0033939914404297333,0.0058961823985582695,0.011334625060615777,-0.09271210589342482,0.7821383246828687
2670,2021-10-14,0.775847328261685,0.7715315309187922,0.7748998514758487,0.7724550269128339,0.1688951176091814,-0.005932346044969394,-0.010606793764076472,-0.011581528029711352,-0.010692990727922402,0.001381066567991307,0.7715315309187922
2671,2021-10-15,0.7764829691711524,0.7840474616478967,0.779111363196306,0.7795123882419477,0.1467222978150594,0.0006356409094674387,0.012515930729104507,0.004211511720457306,0.0070573613291138315,-0.022172819794122,0.7840474616478967
2672,2021-10-18,0.7900422402803228,0.7944419799288698,0.7913243324937654,0.7923437918505035,0.172822707764566,0.013559271109170323,0.010394518280973042,0.012212969297459408,0.012831403608555836,0.026100409949506603,0.7944419799288698
2673,2021-10-19,0.7938558780435072,0.7848960266271493,0.7894292756300884,0.790846838711701,0.1251846520965115,0.003813637763184441,-0.009545953301720478,-0.0018950568636770804,-0.0014969531388024926,-0.04763805566805451,0.7848960266271493
2674,2021-10-20,0.7851695994399314,0.7655919340327983,0.7810066366383149,0.7718136365915718,0.180284546331287,-0.008686278603575848,-0.019304092594350952,-0.008422638991773423,-0.019033202120129267,0.05509989423477549,0.7655919340327983
2675,2021-10-21,0.769491435809313,0.7581671247026286,0.766266520549565,0.7643284883874479,0.1388962539297754,-0.015678163630618358,-0.007424809330169757,-0.014740116088749922,-0.007485148204123826,-0.041388292401511595,0.7581671247026286
2676,2021-10-22,0.7512709722980414,0.7549849612843347,0.7576329972602874,0.7547047261672342,0.1378764790377986,-0.0182204635112716,-0.003182163418293915,-0.008633523289277578,-0.009623762220213772,-0.001019774891976799,0.7549849612843347
2677,2021-10-25,0.7519067605787914,0.7560458017466908,0.7578437132215036,0.7576989080853351,0.1318714617453301,0.0006357882807499493,0.0010608404623561052,0.00021071596121613467,0.002994181918100969,-0.006005017292468495,0.7560458017466908
2678,2021-10-26,0.7624999411717458,0.7696223939537642,0.7650031270789782,0.7628314865599929,0.1584730182131795,0.010593180592954443,0.013576592207073412,0.00715941385747465,0.005132578474657756,0.026601556467849397,0.7696223939537642
2679,2021-10-27,0.7709745200498656,0.7668646025172902,0.7711096269773267,0.7688195138450499,0.1808352247729544,0.008474578878119754,-0.002757791436474033,0.006106499898348439,0.005988027285056985,0.022362206559774916,0.7668646025172902
2680,2021-10-28,0.7557203198040431,0.7560458017466908,0.7544746343656072,0.7559880701592443,1.0,-0.015254200245822469,-0.01081880077059938,-0.016634992611719412,-0.012831443685805577,0.8191647752270456,0.7560458017466908
2681,2021-10-29,0.7540253293412594,0.7662281340367539,0.7628973063149839,0.7589819543305965,0.1544580187813398,-0.001694990462783652,0.010182332290063156,0.008422671949376626,0.002993884171352157,-0.8455419812186602,0.7662281340367539
2682,2021-11-01,0.7764830942714311,0.7766229207943076,0.7719520603825057,0.7769462174884724,0.1134397589834883,0.02245776493017171,0.010394786757553676,0.009054754067521875,0.017964263157875915,-0.041018259797851495,0.7766229207943076
2683,2021-11-02,0.785169531368033,0.778744154258052,0.7831122240248807,0.7771600461135795,0.1944972946828937,0.008686437096601884,0.0021212334637443764,0.011160163642374932,0.0002138286251071042,0.0810575356994054,0.778744154258052
2684,2021-11-04,0.7745762461123749,0.7717437169097021,0.7708991647550049,0.7737382788072114,0.1901530536430729,-0.01059328525565817,-0.007000437348349875,-0.012213059269875814,-0.0034217673063681175,-0.004344241039820812,0.7717437169097021
2685,2021-11-05,0.7635592428291939,0.7488331336613342,0.7631079193261305,0.7495722459205354,0.2181269357512681,-0.011017003283181004,-0.02291058324836792,-0.007791245428874327,-0.02416603288667596,0.027973882108195208,0.7488331336613342
2686,2021-11-08,0.7379236328850932,0.7286804313416338,0.7428931456551086,0.7346021668023579,0.2642353290813576,-0.025635609944100635,-0.020152702319700344,-0.02021477367102198,-0.014970079118177493,0.04610839333008951,0.7286804313416338
2687,2021-11-09,0.7286016972937747,0.7254984916538237,0.7296272679586111,0.7288280725540316,0.1863361819045315,-0.009321935591318553,-0.003181939687810109,-0.013265877696497452,-0.005774094248326311,-0.07789914717682611,0.7254984916538237
2688,2021-11-10,0.7258474336421682,0.711709802948034,0.7245735720072723,0.7174936239436144,0.1639856299149507,-0.00275426365160647,-0.013788688705789753,-0.005053695951338755,-0.011334448610417214,-0.022350551989580802,0.711709802948034
2689,2021-11-11,0.7148304230020448,0.7225286037186334,0.7228889961972431,0.7207014576937982,0.0957568623566123,-0.011017010640123392,0.01081880077059938,-0.0016845758100292318,0.0032078337501838528,-0.0682287675583384,0.7225286037186334
2690,2021-11-12,0.7343220245540211,0.7344081107132985,0.733206931615038,0.7373824071736261,0.1490765209942514,0.019491601551976268,0.011879506994665112,0.01031793541779491,0.0166809494798279,0.0533196586376391,0.7344081107132985
2691,2021-11-15,0.7341101363430905,0.7297411375656996,0.7313117979241226,0.7337467710236878,0.1104474480861738,-0.00021188821093054422,-0.004666973147598896,-0.0018951336909154293,-0.003635636149938337,-0.0386290729080776,0.7297411375656996
2692,2021-11-16,0.7324152356995419,0.7386507566251742,0.7363654818320008,0.7358853657449933,0.1495834947976912,-0.0016949006435486025,0.008909619059474627,0.0050536839078781925,0.002138594721305509,0.03913604671151741,0.7386507566251742
2693,2021-11-17,0.735593160116175,0.7361051064335132,0.7336280736156525,0.7371684721423575,0.099142514997975,0.0031779244166331155,-0.0025456501916609753,-0.0027374082163482694,0.0012831063973641754,-0.05044097979971621,0.7361051064335132
2694,2021-11-18,0.7281779238829361,0.7341959694684853,0.732154122792468,0.7320359497431418,0.0873335217488848,-0.00741523623323892,-0.0019091369650279244,-0.0014739508231844667,-0.005132522399215689,-0.011808993249090197,0.7341959694684853
2695,2021-11-19,0.7336865119355132,0.7407722138194024,0.7378395923563843,0.7399487844224845,0.1322181852086022,0.005508588052577035,0.006576244350917082,0.005685469563916246,0.007912834679342673,0.04488466345971741,0.7407722138194024
2696,2021-11-22,0.7415253883780448,0.7518031558348149,0.7485786401169772,0.7474337332991997,0.1414719139426536,0.007838876442531673,0.011030942015412548,0.010739047760592868,0.007484948876715247,0.009253728734051392,0.7518031558348149
2697,2021-11-24,0.7586864492307264,0.749681832878877,0.7567909392535035,0.753635633216189,0.1636447337367757,0.017161060852681542,-0.002121322955937921,0.008212299136526324,0.006201899916989273,0.02217281979412211,0.749681832878877
2698,2021-11-25,0.7500000034203674,0.7588035931831648,0.7536323486579476,0.7564157827077654,0.0754254646531454,-0.008686445810358934,0.009121760304287796,-0.003158590595555899,0.0027801494915764557,-0.08821926908363031,0.7588035931831648
2699,2021-11-26,0.754237184949242,0.7456511492274274,0.7513160167851242,0.7465782081810878,0.1143255063182338,0.004237181528874534,-0.013152443955737447,-0.0023163318728234294,-0.009837574526677662,0.0389000416650884,0.7456511492274274
2700,2021-11-29,0.7283898485001679,0.7280441418454847,0.7323647536793775,0.7279726558832245,0.1568588602413078,-0.02584733644907411,-0.017607007381942652,-0.018951263105746685,-0.018605552297863315,0.042533353923074,0.7280441418454847
2701,2021-11-30,0.7379237401909049,0.7193466640308233,0.7353127102786321,0.724978663053667,0.2379484460087467,0.00953389169073704,-0.008697477814661458,0.0029479565992546197,-0.002993992829557479,0.08108958576743891,0.7193466640308233
2702,2021-12-01,0.7192794362126989,0.7276196803714714,0.7311011094965651,0.7254061411525504,0.1244358459615457,-0.018644303978206045,0.008273016340648143,-0.004211600782066949,0.00042747809888343813,-0.11351260004720101,0.7276196803714714
2703,2021-12-02,0.7184322060961276,0.7254984916538237,0.7243629762515998,0.7234815963855687,0.1203684009638329,-0.0008472301165712848,-0.0021211887176476596,-0.006738133244965305,-0.0019245447669816729,-0.004067444997712791,0.7254984916538237
2704,2021-12-03,0.736016969890971,0.7426813955305271,0.7397347033694249,0.7371685791827528,0.1271542744593007,0.017584763794843417,0.017182903876703404,0.015371727117825085,0.013686982797184055,0.00678587349546779,0.7426813955305271
2705,2021-12-06,0.7540255008532808,0.7403479760758729,0.7508949521562978,0.7455090714617166,0.0956985895056422,0.01800853096230981,-0.002333419454654262,0.011160248786872828,0.00834049227896383,-0.0314556849536585,0.7403479760758729
2706,2021-12-07,0.7457626867899207,0.7609248266469092,0.7567908532342894,0.7512831357185724,0.1425033434048244,-0.008262814063360047,0.02057685057103631,0.00589590107799165,0.005774064256855782,0.046804753899182205,0.7609248266469092
2707,2021-12-08,0.762288269090897,0.7590157791740747,0.7597389755517753,0.7628316272522713,0.1016220248067526,0.016525582300976227,-0.0019090474728344908,0.0029481223174858684,0.011548491533698857,-0.0408813185980718,0.7590157791740747
2708,2021-12-09,0.7557203895552566,0.7541366647816627,0.7574226675511644,0.759409816103165,0.0928169970251709,-0.00656787953564042,-0.004879114392411954,-0.0023163080006108894,-0.003421811149106224,-0.008805027781581695,0.7541366647816627
2709,2021-12-10,0.759110223458559,0.7513788733451887,0.7551063934101178,0.7572712654380598,0.0952498885531725,0.003389833903302497,-0.002757791436474033,-0.002316274141046626,-0.0021385506651052655,0.0024328915280015934,0.7513788733451887
2710,2021-12-13,0.7584745800417322,0.7551972367674381,0.7557380553822415,0.7602652012834282,0.0787003988776648,-0.0006356434168268699,0.0038183634222493934,0.0006316619721237204,0.002993935845368445,-0.016549489675507692,0.7551972367674381
2711,2021-12-14,0.7538135865357896,0.7547730437700054,0.7546851999962648,0.757485070545741,0.0917972221331942,-0.004660993505942623,-0.0004241929974326819,-0.0010528553859766587,-0.0027801307376872364,0.013096823255529397,0.7547730437700054
2712,2021-12-15,0.7536016429163865,0.7645311830626359,0.7591071300082872,0.7596236230538144,0.0804573253344133,-0.0002119436194030211,0.009758139292630474,0.0044219300120224014,0.002138552508073377,-0.011339896798780905,0.7645311830626359
2713,2021-12-16,0.7705508769049724,0.7725922818889547,0.7700568592611645,0.7743798556507896,0.1001506353197577,0.016949233988585832,0.00806109882631878,0.010949729252877294,0.014756232596975227,0.019693309985344395,0.7725922818889547
2714,2021-12-17,0.7745762715401691,0.7753500733254288,0.7753211737964532,0.7773738643846806,0.1571764472790949,0.0040253946351966885,0.002757791436474144,0.005264314535288639,0.002994008733890996,0.057025811959337216,0.7753500733254288
2715,2021-12-20,0.7669490538678829,0.7624097706145044,0.7654242030750865,0.7662532010503141,0.0943029547249084,-0.007627217672286135,-0.01294030271092439,-0.009896970721366638,-0.011120663334366454,-0.0628734925541865,0.7624097706145044
2716,2021-12-21,0.7699153308309628,0.7679253534874526,0.7673194621247443,0.7720274909207613,0.0963221090110223,0.002966276963079828,0.005515582872948177,0.0018952590496578159,0.005774289870447147,0.0020191542861138917,0.7679253534874526
2717,2021-12-22,0.7716101398624607,0.7636826180833832,0.7696357105358672,0.7690333461770789,0.0691436513185689,0.0016948090314979902,-0.0042427354040693865,0.0023162484111228787,-0.0029941447436824253,-0.027178457692453403,0.7636826180833832
2718,2021-12-23,0.7675847004202503,0.7732286608772974,0.7675299884370675,0.773096684371574,0.0736394017709119,-0.0040254394422104545,0.009546042793914133,-0.002105722098799667,0.004063338194495114,0.004495750452343003,0.7732286608772974
2719,2021-12-24,0.773304949848577,0.769834400960287,0.7704778626316121,0.7735242848389015,0.0487976854023594,0.005720249428326718,-0.003394259917010367,0.002947874194544564,0.00042760046732748247,-0.024841716368552494,0.769834400960287
2720,2021-12-27,0.7697034666138306,0.7681375394783625,0.7681617964859876,0.7713859429732185,0.0764685486855101,-0.0036014832347464054,-0.0016968614819244943,-0.002316066145624518,-0.002138341865682958,0.0276708632831507,0.7681375394783625
2721,2021-12-28,0.7754236797929238,0.7755620803319516,0.7736364820635327,0.7790847051084852,0.0975196160984578,0.005720213179093214,0.007424540853589123,0.0054746855775451575,0.007698762135266657,0.021051067412947697,0.7755620803319516
2722,2021-12-29,0.7760593188767356,0.7776834927800831,0.7736365278238791,0.7814371631792402,0.074609644739564,0.000635639083811812,0.0021214124481314656,4.5760346401024776e-08,0.0023524580707550147,-0.022909971358893805,0.7776834927800831
2723,2021-12-30,0.774576205299096,0.7747136048448926,0.772162547951533,0.7786569458944728,0.0541675286192539,-0.0014831135776396387,-0.002969887935190485,-0.0014739798723460984,-0.0027802172847674056,-0.0204421161203101,0.7747136048448926
2724,2022-01-04,0.7807203455119717,0.7870173495830872,0.7812170549135088,0.782078721019418,0.1105028072945954,0.006144140212875682,0.012303744738194622,0.009054506961975739,0.0034217751249452366,0.0563352786753415,0.7870173495830872
2725,2022-01-05,0.7921610091678326,0.8039881122149775,0.7989049746679472,0.7959794510861193,0.1520280408958868,0.011440663655860939,0.016970762631890235,0.017687919754438397,0.013900730066701339,0.041525233601291414,0.8039881122149775
2726,2022-01-06,0.8031777498993603,0.7965632133926142,0.8029056863178807,0.801111887267231,0.1214056577111006,0.011016740731527697,-0.007424898822363302,0.0040007116499335416,0.005132436181111699,-0.030622383184786217,0.7965632133926142
2727,2022-01-07,0.8004238338561204,0.7999576522940116,0.7993262803723065,0.8030368786409587,0.1202926462575718,-0.0027539160432399346,0.0033944389013974563,-0.0035794059455742655,0.0019249913737277025,-0.001113011453528795,0.7999576522940116
2728,2022-01-11,0.8002117905795094,0.8001696593005344,0.7991155312232281,0.7961932955505575,0.1179267685081858,-0.00021204327661095146,0.00021200700652279636,-0.00021074914907837083,-0.0068435830904012285,-0.002365877749386,0.8001696593005344
2729,2022-01-12,0.8019068019558778,0.8090794125982993,0.8031165211745644,0.8060309119502131,0.1410552630582175,0.001695011376368405,0.008909753297764889,0.004000989951336353,0.009837616399655635,0.0231284945500317,0.8090794125982993
2730,2022-01-13,0.8129236563128102,0.8311412071369308,0.8252263172702372,0.8188622710791207,0.1584205726473065,0.011016854356932337,0.02206179453863155,0.022109796095672762,0.012831359128907538,0.017365309589088995,0.8311412071369308
2731,2022-01-14,0.8262711357925373,0.8305048281485882,0.82606857141119,0.825491839589197,0.1613924880467814,0.013347479479727142,-0.0006363789883426785,0.0008422541409527362,0.006629568510076345,0.002971915399474917,0.8305048281485882
2732,2022-01-17,0.8358048828663727,0.8411113534360841,0.8427035253100058,0.8400340841394892,0.1056865561619169,0.009533747073835364,0.01060652528749595,0.016634953898815863,0.014542244550292183,-0.055705931884864515,0.8411113534360841
2733,2022-01-18,0.8436440794483341,0.8334747160837787,0.8412296944530666,0.8387511248557665,0.101266560415835,0.007839196581961416,-0.007636637352305464,-0.0014738308569391956,-0.0012829592837226844,-0.004419995746081901,0.8334747160837787
2734,2022-01-19,0.8175847513577054,0.8213830678443004,0.827332025419268,0.8239949159089123,0.1281478265683409,-0.02605932809062872,-0.012091648239478281,-0.013897669033798632,-0.014756208946854255,0.026881266152505898,0.8213830678443004
2735,2022-01-20,0.8156780367720334,0.8254137067496534,0.826489860151459,0.8233534075365864,0.1131309128733468,-0.0019067145856719314,0.004030638905353046,-0.000842165267809003,-0.0006415083723259052,-0.015016913694994097,0.8254137067496534
2736,2022-01-21,0.8158897834532728,0.8109885495633273,0.8123815346017375,0.8098802866778336,0.1370927091922509,0.00021174668123935536,-0.014425157186326087,-0.014108325549721523,-0.01347312085875274,0.02396179631890409,0.8109885495633273
2737,2022-01-24,0.8118645099444467,0.8205346818494349,0.8155401930592299,0.8180069638534715,0.0950226244343891,-0.004025273508826088,0.009546132286107567,0.0031586584574924137,0.008126677175637864,-0.042070084757861795,0.8205346818494349
2738,2022-01-25,0.8120762418435511,0.8086550406164795,0.8075384530683152,0.8064585500019649,0.1236491624734494,0.00021173189910439483,-0.011879641232955374,-0.008001739990914691,-0.011548413851506623,0.028626538039060304,0.8086550406164795
2739,2022-01-26,0.8127117978584653,0.805685152681289,0.8125921113748046,0.8107356469537373,0.0752185960322015,0.0006355560149141626,-0.002969887935190485,0.005053658306489406,0.004277096951772474,-0.048430566441247894,0.805685152681289
2740,2022-01-27,0.8158896557340382,0.8046244017111266,0.8176456983475582,0.8070999801787971,0.1578961169885756,0.003177857875572898,-0.0010607509701624496,0.005053586972753599,-0.003635666774940205,0.08267752095637411,0.8046244017111266
2741,2022-01-28,0.8114406115050007,0.8262621822367124,0.8216465973528322,0.8175791551472131,0.1384970849006302,-0.004449044229037469,0.021637780525585848,0.004000899005274006,0.010479174968415994,-0.01939903208794541,0.8262621822367124
2742,2022-01-31,0.8177965037472127,0.8224437293222694,0.8191197100092568,0.8214285593046285,0.0991192058575869,0.006355892242212002,-0.003818452914443049,-0.0025268873435754236,0.0038494041574154148,-0.039377879043043296,0.8224437293222694
2743,2022-02-01,0.8201270467743372,0.8179888974194837,0.8220677332014938,0.8229254960111662,0.0966426096913578,0.002330543027124543,-0.0044548319027857275,0.0029480231922370814,0.0014969367065376105,-0.0024765961662291114,0.8179888974194837
2744,2022-02-02,0.8188559926712814,0.8330505230863459,0.828174389219584,0.8222840547989352,0.107522150967475,-0.0012710541030558353,0.0150616256668622,0.006106656018090129,-0.0006414412122309754,0.010879541276117205,0.8330505230863459
2745,2022-02-03,0.8358050869656589,0.8103521705749847,0.8422826155034308,0.8071001296302877,0.2853504966303724,0.01694909429437752,-0.02269835251136121,0.014108226283846781,-0.015183925168647527,0.17782834566289737,0.8103521705749847
2746,2022-02-04,0.8279659271229531,0.8381415549930872,0.8344913237453342,0.8231393303491402,0.1817792449586699,-0.007839159842705778,0.027789384418102525,-0.0077912917580965635,0.016039200718852564,-0.10357125167170247,0.8381415549930872
2747,2022-02-07,0.8317795257573571,0.8385658374827135,0.8338596520154665,0.830838257256916,0.1145032385136926,0.003813598634404003,0.0004242824896263375,-0.0006316717298676666,0.007698926907775738,-0.0672760064449773,0.8385658374827135
2748,2022-02-08,0.8419491868688824,0.8504455682078624,0.8464940610134807,0.8479470417945116,0.1520280408958868,0.010169661111525286,0.011879730725148918,0.012634408998014157,0.017108784537595678,0.03752480238219422,0.8504455682078624
2749,2022-02-09,0.8491525437715908,0.8585065775419877,0.8570225085514868,0.8562874449540517,0.1490765209942514,0.007203356902708347,0.008061009334125235,0.01052844753800608,0.0083404031595401,-0.0029515199016354188,0.8585065775419877
2750,2022-02-10,0.8616526480798747,0.8589309495238076,0.856812118732,0.8601370190507625,0.1020852939719649,0.012500104308283966,0.0004243719818198821,-0.00021038981948673374,0.0038495740967107173,-0.04699122702228649,0.8589309495238076
2751,2022-02-14,0.8533897768964535,0.8608399969966419,0.8566013636963599,0.8552181517931693,0.1262015133459396,-0.008262871183421283,0.0019090474728343798,-0.0002107550356401644,-0.0049188672575931625,0.024116219373974693,0.8608399969966419
2752,2022-02-15,0.8610168839743244,0.8408994359217549,0.8629184715544781,0.8464499886717756,0.1408920990755012,0.007627107077870954,-0.019940561074887064,0.006317107858118232,-0.008768163121393724,0.014690585729561612,0.8408994359217549
2753,2022-02-16,0.845550851377194,0.8453542678245405,0.8481785179594363,0.8505132552181449,0.0981314810336438,-0.015466032597130419,0.0044548319027856165,-0.014739953595041766,0.0040632665463693485,-0.04276061804185741,0.8453542678245405
2754,2022-02-17,0.853813592185188,0.8739923962062828,0.8679722135994363,0.8607784687989594,0.2080836098865719,0.008262740807994051,0.02863812838174229,0.019793695639999997,0.010265213580814447,0.1099521288529281,0.8739923962062828
2755,2022-02-18,0.863559445321123,0.8676285168306626,0.8679723563942983,0.8693329583696331,0.1325532541016802,0.009745853135935012,-0.006363879375620218,1.4279486193480295e-07,0.008554489570673729,-0.0755303557848917,0.8676285168306626
2756,2022-02-21,0.8627118389859367,0.8614763759849846,0.8589175919041769,0.8633447065330687,0.0745775946715305,-0.0008476063351863239,-0.006152140845677945,-0.009054764490121325,-0.005988251836564373,-0.057975659430149706,0.8614763759849846
2757,2022-02-22,0.8499999140687363,0.8385658374827135,0.8454410617756584,0.8432420462766295,0.1244096231786092,-0.012711924917200412,-0.022910538502271094,-0.013476530128518571,-0.020102660256439253,0.0498320285070787,0.8385658374827135
2758,2022-02-24,0.8252119029032405,0.8027153542382921,0.823962979601844,0.8045338436913192,0.2592588276085113,-0.024788011165495782,-0.035850483244421416,-0.021478082173814417,-0.03870820258531027,0.13484920442990211,0.8027153542382921
2759,2022-02-25,0.8080509067796197,0.8364446935111627,0.8323857759209208,0.8147990495642011,0.205158312767873,-0.017160996123620875,0.033729339272870584,0.00842279631907683,0.010265205872881933,-0.054100514840638325,0.8364446935111627
2760,2022-02-28,0.8260593514085538,0.8211710608377776,0.827332101250373,0.820145547007489,0.1939378753135807,0.01800844462893414,-0.015273632673385107,-0.0050536746705477364,0.0053464974432878565,-0.011220437454292298,0.8211710608377776
2761,2022-03-01,0.8300846873806598,0.8218073503339267,0.8372288588564379,0.8259196003306923,0.1581000719669709,0.00402533597210597,0.0006362894961491339,0.009896757606064899,0.005774053323203354,-0.0358378033466098,0.8218073503339267
2762,2022-03-02,0.8175847443451072,0.8298684491602455,0.832806906368389,0.8218563027129472,0.1603872813675472,-0.012499943035552574,0.00806109882631878,-0.004421952488048886,-0.004063297617745154,0.0022872094005763066,0.8298684491602455
2763,2022-03-03,0.855508476561354,0.855112407117171,0.8551273733019982,0.8537211494116904,0.1572376337726135,0.037923732216246786,0.025243957956925467,0.022320466933609118,0.03186484669874323,-0.003149647594933719,0.855112407117171
2764,2022-03-04,0.8595336362827304,0.8565970826081856,0.8629182219388597,0.8526515979097556,0.1512063936972084,0.004025159721376403,0.0014846754910146087,0.007790848636861525,-0.0010695515019347734,-0.006031240075405092,0.8565970826081856
2765,2022-03-07,0.8692795153095322,0.8839625425054359,0.8810274394206133,0.8768176915619412,0.2758403673520525,0.009745879026801796,0.027365459897250366,0.018109217481753648,0.024166093652185583,0.12463397365484408,0.8839625425054359
2766,2022-03-08,0.8875000552620886,0.8415359044022911,0.8860812857634354,0.8460222871179724,0.2751410931404113,0.018220539952556458,-0.04242663810314484,0.0050538463428220215,-0.030795404443968777,-0.0006992742116411765,0.8415359044022911
2767,2022-03-09,0.8474576211139999,0.852991084161233,0.8603916308411295,0.8522241615301274,0.158135035677553,-0.040042434148088724,0.011455179758941947,-0.025689654922305905,0.006201874412154917,-0.1170060574628583,0.852991084161233
2768,2022-03-10,0.8434323490631602,0.8676285168306626,0.8620763515586123,0.850941192490164,0.1455976317913365,-0.00402527205083969,0.014637432669429518,0.0016847207174828238,-0.0012829690399633886,-0.012537403886216492,0.8676285168306626
2769,2022-03-11,0.8667372365452152,0.8822655915313179,0.880185303579403,0.8740376845907322,0.1456966956379857,0.023304887482054948,0.01463707470065534,0.01810895202079066,0.02309649210056819,9.906384664920553e-05,0.8822655915313179
2770,2022-03-14,0.8838983924113903,0.8888418358822351,0.8879765059439423,0.8892217169680398,0.1198759953731356,0.01716115586617517,0.006576244350917193,0.00779120236453934,0.015184032377307588,-0.025820700264850102,0.8888418358822351
2771,2022-03-15,0.8881357279785492,0.8767501876427568,0.8831334013411698,0.8778872623439871,0.1206218878655528,0.004237335567158884,-0.012091648239478281,-0.0048431046027724856,-0.011334454624052692,0.0007458924924171884,0.8767501876427568
2772,2022-03-16,0.8779660691932902,0.8871446164315364,0.8843966581485393,0.8828058041295592,0.1352046688208197,-0.010169658785258995,0.010394428788779608,0.001263256807369495,0.004918541785572161,0.014582780955266897,0.8871446164315364
2773,2022-03-17,0.8919493257258535,0.9019942350918758,0.8972417002999996,0.9003423943994094,0.1415622368616573,0.01398325653256327,0.014849618660339403,0.012845042151460317,0.017536590269850216,0.006357568040837619,0.9019942350918758
2774,2022-03-18,0.8978813725954147,0.9113280024026864,0.911560373562304,0.9039778485604636,0.2495010387135685,0.0059320468695611694,0.009333767310810592,0.014318673262304404,0.0036354541610541524,0.10793880185191118,0.9113280024026864
2775,2022-03-22,0.9366525601328912,0.974119663054732,0.9700989897000518,0.9439693235733416,0.2458881219534225,0.03877118753747655,0.06279166065204556,0.0585386161377478,0.03999147501287803,-0.0036129167601459955,0.974119663054732
2776,2022-03-23,0.9639828044019544,0.977513565002968,0.9705199151436286,0.9595806425093768,0.2191496242857933,0.027330244269063164,0.0033939019482360777,0.0004209254435767473,0.015611318936035179,-0.026738497667629202,0.977513565002968
2777,2022-03-24,0.9745762399769364,0.9843019953447952,0.9776794305544736,0.9721984799187872,0.1730295763855098,0.010593435574982046,0.00678843034182719,0.00715951541084503,0.01261783740941036,-0.046120047900283484,0.9843019953447952
2778,2022-03-25,0.9851693811164478,0.9940601346374256,0.9930510594432026,0.9912317624941552,0.1549824744400707,0.010593141139511375,0.009758139292630363,0.015371628888729005,0.01903328257536807,-0.018047101945439098,0.9940601346374256
2779,2022-03-28,0.9955508712463762,0.9959694505868406,1.0,0.9950813156791738,0.143499809156413,0.010381490129928395,0.0019093159494150136,0.0069489405567974005,0.0038495531850185616,-0.011482665283657711,0.9959694505868406
2780,2022-03-29,1.0,1.0,0.9938934533230483,1.0,0.1510461433570406,0.004449128753623799,0.00403054941315939,-0.006106546676951652,0.0049186843208262054,0.0075463342006276135,1.0
2781,2022-03-30,0.9881703635962918,0.9991368477931986,0.9947715258342512,0.9885512558738928,0.1652414098533563,-0.011829636403708155,-0.000863152206801443,0.0008780725112028653,-0.011448744126107191,0.014195266496315695,0.9991368477931986
2782,2022-03-31,0.9916180546362106,0.9926644143868008,0.9990547504226158,0.9939889158469928,0.1414369502320716,0.00344769103991871,-0.006472433406397804,0.004283224588364609,0.005437659973099973,-0.023804459621284718,0.9926644143868008
2783,2022-04-01,0.9827834977611212,0.9857603601309056,0.9911307271763112,0.9868112257581084,0.1189756798256476,-0.008834556875089383,-0.006904054255895131,-0.00792402324630459,-0.007177690088884359,-0.022461270406423983,0.9857603601309056
2784,2022-04-04,0.9793359382890108,0.9734627008618724,0.9765679723152064,0.9768061339570192,0.0887495520274581,-0.0034475594721103953,-0.012297659269033256,-0.01456275486110481,-0.010005091801089216,-0.030226127798189506,0.9734627008618724
2785,2022-04-05,0.9702859617131404,0.9512404468202036,0.9673590740349324,0.95375077822612,0.1655823060315314,-0.009049976575870367,-0.022222254041668776,-0.009208898280274047,-0.02305535573089923,0.0768327540040733,0.9512404468202036
2786,2022-04-06,0.9502467695700584,0.949514500375375,0.9506546469378307,0.9522283350612654,0.1257469851083729,-0.02003919214308203,-0.0017259464448285966,-0.016704427097101626,-0.0015224431648546144,-0.0398353209231585,0.949514500375375
2787,2022-04-07,0.9347325340268622,0.9329017960098832,0.933307712963261,0.9278679654944458,0.1433890907395698,-0.015514235543196198,-0.01661270436549178,-0.017346933974569767,-0.02436036956681953,0.01764210563119689,0.9329017960098832
2788,2022-04-08,0.927621859948228,0.8992448559215955,0.9236705448203092,0.8987226002992449,0.3144228219793539,-0.007110674078634194,-0.03365694008828768,-0.00963716814295179,-0.029145365195200945,0.1710337312397841,0.8992448559215955
2789,2022-04-11,0.9144778556468912,0.918230803767872,0.9204581753605342,0.9176453902564928,0.1573396112618111,-0.013144004301336776,0.018985947846276496,-0.0032123694597749886,0.018922789957247943,-0.1570832107175428,0.918230803767872
2790,2022-04-12,0.9019802046259928,0.9035597220336672,0.9123200065831534,0.9082926051723156,0.1190718300297482,-0.012497651020898393,-0.014671081734204838,-0.008138168777380828,-0.00935278508417725,-0.0382677812320629,0.9035597220336672
2791,2022-04-13,0.9084445440469924,0.925997741753988,0.9223855603497196,0.9117727566161308,0.1554020389670554,0.006464339420999554,0.02243801972032078,0.01006555376656626,0.0034801514438151937,0.03633020893730721,0.925997741753988
2792,2022-04-14,0.9362408889378692,0.9467097255372864,0.9416599395823916,0.9400481095504742,0.1307438820790587,0.02779634489087679,0.020711983783298415,0.019274379232671945,0.028275352934343467,-0.02465815688799669,0.9467097255372864
2793,2022-04-15,0.9319314237174804,0.9439051296835852,0.9438016599546531,0.9404832661513576,0.0885281151937718,-0.004309465220388775,-0.002804595853701186,0.0021417203722615685,0.0004351566008833352,-0.042215766885286915,0.9439051296835852
2794,2022-04-18,0.942705115857532,0.9529664827572258,0.9525820443650986,0.9511407274244136,0.1158289458732623,0.010773692140051638,0.009061353073640643,0.008780384410445485,0.010657461273056001,0.027300830679490504,0.9529664827572258
2795,2022-04-19,0.9696396278225148,0.9749730606124364,0.9690724958633502,0.9718036758350916,0.121921372442186,0.026934511964982755,0.02200657785521054,0.016490451498251568,0.02066294841067806,0.006092426568923698,0.9749730606124364
2796,2022-04-20,0.9823525078194344,0.9771303594301816,0.9780670557011396,0.9805035986075576,0.1039296297051685,0.012712879996919613,0.002157298817745179,0.008994559837789406,0.008699922772466007,-0.017991742737017494,0.9771303594301816
2797,2022-04-21,0.9715787926003082,0.9697949528013696,0.9699289679420852,0.9722385408386344,0.0930530020715998,-0.010773715219126179,-0.007335406628811936,-0.008138087759054446,-0.008265057768923278,-0.010876627633568697,0.9697949528013696
2798,2022-04-22,0.960589606399002,0.9549082843729,0.959221073786869,0.9596234001474996,0.0854629632327446,-0.010989186201306178,-0.01488666842846964,-0.010707894155216113,-0.012615140691134785,-0.007590038838855201,0.9549082843729
2799,2022-04-25,0.9265445794711482,0.93700107542769,0.9405892549164292,0.935263182714986,0.104844513465399,-0.03404502692785383,-0.01790720894521003,-0.018631818870439854,-0.024360217432513598,0.019381550232654393,0.93700107542769
2800,2022-04-26,0.9308539776851142,0.9285867509134244,0.9311661706754768,0.9289554560269676,0.1150801397382966,0.004309398213966031,-0.008414324514265603,-0.009423084240952395,-0.006307726688018378,0.010235626272897605,0.9285867509134244
2801,2022-04-27,0.9123230520025024,0.915641705116242,0.9200297797522748,0.9185152470809828,0.2359205507949873,-0.018530925682611832,-0.012945045797182364,-0.011136390923201955,-0.010440208945984852,0.1208404110566907,0.915641705116242
2802,2022-04-28,0.9278373297507686,0.9456309866362202,0.9397324862077726,0.9309129654968716,0.1155463225460574,0.015514277748266192,0.02998928151997826,0.019702706455497765,0.012397718415888881,-0.1203742282489299,0.9456309866362202
2803,2022-05-02,0.9595121121051926,0.9486513481685735,0.954081099699668,0.9487481328539404,0.1217203311063392,0.031674782354424,0.0030203615323532995,0.014348613491895423,0.017835167357068804,0.006174008560281802,0.9486513481685735
2804,2022-05-06,0.9625289147083383,0.9654799971971044,0.9613627255550756,0.9626685250159648,0.1403559888465763,0.0030168026031457407,0.016828649028530873,0.007281625855407592,0.013920392162024342,0.018635657740237094,0.9654799971971044
